solid OpenSCAD_Model
  facet normal -0.0984337 0 0.995144
    outer loop
      vertex -1.39326 -0.137223 14.9129
      vertex -2.04433 -0.201349 14.8485
      vertex -1.39326 -0.137224 14.9129
    endloop
  endfacet
  facet normal -0.097963 -0.00481394 0.995178
    outer loop
      vertex -1.39842 -0.0322177 14.9129
      vertex -2.04433 -0.201349 14.8485
      vertex -1.39326 -0.137223 14.9129
    endloop
  endfacet
  facet normal -0.0979623 -0.00481665 0.995178
    outer loop
      vertex -2.04433 -0.201349 14.8485
      vertex -1.39842 -0.0322177 14.9129
      vertex -2.05423 0 14.8485
    endloop
  endfacet
  facet normal -0.29024 -0.0142579 0.956848
    outer loop
      vertex -3.40172 0 14.5804
      vertex -4.71646 0 14.1816
      vertex -4.69375 -0.462294 14.1816
    endloop
  endfacet
  facet normal 0.822753 0.122036 0.555143
    outer loop
      vertex 11.7775 2.34268 8.19744
      vertex 11.0288 2.19377 9.33979
      vertex 11.9504 1.17701 8.19744
    endloop
  endfacet
  facet normal -0.262693 0.124243 0.956847
    outer loop
      vertex -3.00005 1.60356 14.5804
      vertex -4.15954 2.22332 14.1816
      vertex -3.14278 1.30178 14.5804
    endloop
  endfacet
  facet normal 0.7687 -0.570107 0.289962
    outer loop
      vertex 10.9601 -7.32331 5.71646
      vertex 10.4978 -8.61534 4.40172
      vertex 11.2917 -7.54489 4.40172
    endloop
  endfacet
  facet normal 0.0923473 0.0330441 0.995178
    outer loop
      vertex 1.96577 0.59631 14.8485
      vertex 1.3043 0.505385 14.9129
      vertex 1.33972 0.406398 14.9129
    endloop
  endfacet
  facet normal 0.0923478 0.0330404 0.995178
    outer loop
      vertex 1.3043 0.505385 14.9129
      vertex 1.96577 0.59631 14.8485
      vertex 1.89786 0.786118 14.8485
    endloop
  endfacet
  facet normal 0.550018 0.0815882 0.831158
    outer loop
      vertex 8.17954 1.62701 12.2449
      vertex 7.05914 1.40415 13.0082
      vertex 7.16278 0.705472 13.0082
    endloop
  endfacet
  facet normal 0.158947 -0.44423 0.8817
    outer loop
      vertex 2.29066 -5.53013 13.6558
      vertex 2.08931 -6.88752 13.0082
      vertex 2.75434 -6.64957 13.0082
    endloop
  endfacet
  facet normal 0.173106 0.233405 0.956847
    outer loop
      vertex 2.99209 3.64587 14.1816
      vertex 1.8899 2.82843 14.5804
      vertex 2.15803 2.62957 14.5804
    endloop
  endfacet
  facet normal -0.457672 0.114641 0.881699
    outer loop
      vertex -5.72803 1.73758 13.6558
      vertex -6.88752 2.08931 13.0082
      vertex -5.87076 1.16777 13.6558
    endloop
  endfacet
  facet normal 0.706689 -0.0346825 0.706674
    outer loop
      vertex 10.3733 0 10.4018
      vertex 9.40182 0 11.3733
      vertex 10.3234 -1.01676 10.4018
    endloop
  endfacet
  facet normal -0.881106 -0.0432689 0.470936
    outer loop
      vertex -12.0082 0 8.19744
      vertex -12.5949 -1.24049 6.98577
      vertex -11.9504 -1.17701 8.19744
    endloop
  endfacet
  facet normal -0.281057 -0.378961 0.8817
    outer loop
      vertex -3.79733 -4.62706 13.6558
      vertex -4.56601 -5.56369 13.0082
      vertex -3.99868 -5.98445 13.0082
    endloop
  endfacet
  facet normal -0.728181 0.260545 0.633931
    outer loop
      vertex -9.58369 3.9697 10.4018
      vertex -10.3889 4.30324 9.33979
      vertex -9.92664 3.01121 10.4018
    endloop
  endfacet
  facet normal -0.97964 -0.0481316 0.194905
    outer loop
      vertex -13.5804 0 4.40172
      vertex -13.7818 -1.35739 3.05423
      vertex -13.515 -1.33111 4.40172
    endloop
  endfacet
  facet normal -0.994 0.0488083 0.097888
    outer loop
      vertex -13.9158 1.37059 1.68695
      vertex -13.9831 0 1.68695
      vertex -13.7818 1.35739 3.05423
    endloop
  endfacet
  facet normal 0.713435 0.427629 0.555107
    outer loop
      vertex 9.98445 6.6714 8.19744
      vertex 9.3498 6.24733 9.33979
      vertex 10.5903 5.66063 8.19744
    endloop
  endfacet
  facet normal -0.853635 -0.511596 0.0978604
    outer loop
      vertex -12.2133 -6.52812 3.05423
      vertex -12.332 -6.5916 1.68695
      vertex -11.6266 -7.76861 1.68695
    endloop
  endfacet
  facet normal 0.984424 0.146019 0.0979158
    outer loop
      vertex 13.7145 2.72797 1.68695
      vertex 13.5824 2.7017 3.05423
      vertex 13.7818 1.35739 3.05423
    endloop
  endfacet
  facet normal -0.260564 -0.728162 0.633945
    outer loop
      vertex -3.01121 -9.92664 10.4018
      vertex -4.30324 -10.3889 9.33979
      vertex -3.26422 -10.7607 9.33979
    endloop
  endfacet
  facet normal -0.360704 0.129061 0.923708
    outer loop
      vertex -4.35744 1.80491 14.1816
      vertex -5.53013 2.29066 13.6558
      vertex -4.51337 1.36911 14.1816
    endloop
  endfacet
  facet normal 0.737397 0.668327 0.0978974
    outer loop
      vertex 9.88757 9.88757 1.68695
      vertex 9.79235 9.79235 3.05423
      vertex 10.705 8.78538 3.05423
    endloop
  endfacet
  facet normal 0.446611 0.33123 0.831159
    outer loop
      vertex 6.44674 5.29071 12.2449
      vertex 5.98445 3.99868 13.0082
      vertex 6.93428 4.63334 12.2449
    endloop
  endfacet
  facet normal 0.742192 0.55048 0.382261
    outer loop
      vertex 10.9601 7.32331 5.71646
      vertex 9.7831 8.02879 6.98577
      vertex 10.523 7.03121 6.98577
    endloop
  endfacet
  facet normal -0.0488083 0.994 0.097888
    outer loop
      vertex 0 13.9831 1.68695
      vertex -1.37059 13.9158 1.68695
      vertex -1.35739 13.7818 3.05423
    endloop
  endfacet
  facet normal 0.224542 -0.896361 0.382253
    outer loop
      vertex 3.6738 -12.1109 6.98577
      vertex 2.46903 -12.4127 6.98577
      vertex 2.57161 -12.9283 5.71646
    endloop
  endfacet
  facet normal 0.709127 -0.642697 0.289964
    outer loop
      vertex 10.1895 -8.36233 5.71646
      vertex 9.32081 -9.32081 5.71646
      vertex 9.60282 -9.60282 4.40172
    endloop
  endfacet
  facet normal -0.404687 -0.24256 0.881699
    outer loop
      vertex -4.97699 -3.32552 13.6558
      vertex -6.34757 -3.39285 13.0082
      vertex -5.98445 -3.99868 13.0082
    endloop
  endfacet
  facet normal -0.841269 0.504267 0.194888
    outer loop
      vertex -11.5146 7.6938 3.05423
      vertex -11.9769 6.40177 4.40172
      vertex -11.2917 7.54489 4.40172
    endloop
  endfacet
  facet normal 0.597739 0.213882 0.772634
    outer loop
      vertex 8.68615 3.59792 11.3733
      vertex 7.98068 2.42091 12.2449
      vertex 8.99699 2.72921 11.3733
    endloop
  endfacet
  facet normal -0.901082 0.322426 0.289987
    outer loop
      vertex -12.5467 5.19701 4.40172
      vertex -12.9957 3.94219 4.40172
      vertex -12.1782 5.04439 5.71646
    endloop
  endfacet
  facet normal -0.970019 0.243029 0
    outer loop
      vertex -13.7145 2.72797 1
      vertex -13.381 4.05909 1.68695
      vertex -13.381 4.05909 1
    endloop
  endfacet
  facet normal -0.970019 0.243029 0
    outer loop
      vertex -13.381 4.05909 1.68695
      vertex -13.7145 2.72797 1
      vertex -13.7145 2.72797 1.68695
    endloop
  endfacet
  facet normal -0.453514 -0.756648 0.470966
    outer loop
      vertex -5.66063 -10.5903 8.19744
      vertex -7.03121 -10.523 6.98577
      vertex -5.96593 -11.1615 6.98577
    endloop
  endfacet
  facet normal 0.0407977 -0.830784 0.555098
    outer loop
      vertex 1.10219 -11.1908 9.33979
      vertex 0 -12.0082 8.19744
      vertex 1.17701 -11.9504 8.19744
    endloop
  endfacet
  facet normal 0.922937 0.0453604 0.382269
    outer loop
      vertex 13.1181 1.29202 5.71646
      vertex 12.5949 1.24049 6.98577
      vertex 13.1816 0 5.71646
    endloop
  endfacet
  facet normal -0.154255 0.615827 0.772634
    outer loop
      vertex -1.62701 8.17954 12.2449
      vertex -2.72921 8.99699 11.3733
      vertex -2.42091 7.98068 12.2449
    endloop
  endfacet
  facet normal 0.285861 0.476926 0.831159
    outer loop
      vertex 4.63334 6.93428 12.2449
      vertex 3.93135 7.35504 12.2449
      vertex 3.99868 5.98445 13.0082
    endloop
  endfacet
  facet normal -0.492037 0.820866 0.289962
    outer loop
      vertex -6.40177 11.9769 4.40172
      vertex -7.54489 11.2917 4.40172
      vertex -7.32331 10.9601 5.71646
    endloop
  endfacet
  facet normal -0.232529 0.928349 0.289997
    outer loop
      vertex -2.57161 12.9283 5.71646
      vertex -3.94219 12.9957 4.40172
      vertex -3.82642 12.614 5.71646
    endloop
  endfacet
  facet normal 0.475057 0.79259 0.382259
    outer loop
      vertex 7.32331 10.9601 5.71646
      vertex 5.96593 11.1615 6.98577
      vertex 7.03121 10.523 6.98577
    endloop
  endfacet
  facet normal 0.737394 0.66833 0.0979011
    outer loop
      vertex 10.8091 8.87081 1.68695
      vertex 9.88757 9.88757 1.68695
      vertex 10.705 8.78538 3.05423
    endloop
  endfacet
  facet normal 0.870032 -0.311305 0.382274
    outer loop
      vertex 12.614 -3.82642 5.71646
      vertex 12.1109 -3.6738 6.98577
      vertex 12.1782 -5.04439 5.71646
    endloop
  endfacet
  facet normal 0.658679 0.726752 0.194867
    outer loop
      vertex 9.79235 9.79235 3.05423
      vertex 8.78538 10.705 3.05423
      vertex 9.60282 9.60282 4.40172
    endloop
  endfacet
  facet normal 0.768695 0.570111 0.289968
    outer loop
      vertex 10.4978 8.61534 4.40172
      vertex 10.1895 8.36233 5.71646
      vertex 10.9601 7.32331 5.71646
    endloop
  endfacet
  facet normal 0.0490439 0.998797 -0
    outer loop
      vertex 1.37059 13.9158 1
      vertex 0 13.9831 1.68695
      vertex 1.37059 13.9158 1.68695
    endloop
  endfacet
  facet normal 0.0490439 0.998797 0
    outer loop
      vertex 0 13.9831 1.68695
      vertex 1.37059 13.9158 1
      vertex 0 13.9831 1
    endloop
  endfacet
  facet normal -0.0481379 0.979639 0.194911
    outer loop
      vertex 0 13.8485 3.05423
      vertex -1.35739 13.7818 3.05423
      vertex 0 13.5804 4.40172
    endloop
  endfacet
  facet normal -0.0979617 0.00480418 0.995179
    outer loop
      vertex -1.39842 0.0322177 14.9129
      vertex -2.05423 0 14.8485
      vertex -1.4 0 14.9129
    endloop
  endfacet
  facet normal 0.0835282 0.176607 0.980731
    outer loop
      vertex 1.30178 3.14278 14.5804
      vertex 0.968355 1.81167 14.8485
      vertex 1.60356 3.00005 14.5804
    endloop
  endfacet
  facet normal 0.502646 0.23774 0.83116
    outer loop
      vertex 7.35504 3.93135 12.2449
      vertex 6.34757 3.39285 13.0082
      vertex 6.64957 2.75434 13.0082
    endloop
  endfacet
  facet normal -0.446611 0.33123 0.831159
    outer loop
      vertex -6.44674 5.29071 12.2449
      vertex -6.93428 4.63334 12.2449
      vertex -5.98445 3.99868 13.0082
    endloop
  endfacet
  facet normal -0.466705 0.0692272 0.8817
    outer loop
      vertex -5.87076 1.16777 13.6558
      vertex -7.16278 0.705472 13.0082
      vertex -5.95695 0.586708 13.6558
    endloop
  endfacet
  facet normal -0.998797 0.0490439 0
    outer loop
      vertex -13.9831 0 1
      vertex -13.9158 1.37059 1.68695
      vertex -13.9158 1.37059 1
    endloop
  endfacet
  facet normal -0.998797 0.0490439 0
    outer loop
      vertex -13.9158 1.37059 1.68695
      vertex -13.9831 0 1
      vertex -13.9831 0 1.68695
    endloop
  endfacet
  facet normal -0.984431 0.145992 0.0978884
    outer loop
      vertex -13.7145 2.72797 1.68695
      vertex -13.9158 1.37059 1.68695
      vertex -13.7818 1.35739 3.05423
    endloop
  endfacet
  facet normal -0.706671 0.0347147 0.706691
    outer loop
      vertex -9.35655 0.921539 11.3733
      vertex -10.3234 1.01676 10.4018
      vertex -9.40182 0 11.3733
    endloop
  endfacet
  facet normal -0.965379 -0.241802 0.0978533
    outer loop
      vertex -13.2522 -4.02 3.05423
      vertex -13.5824 -2.7017 3.05423
      vertex -13.381 -4.05909 1.68695
    endloop
  endfacet
  facet normal -0.922937 0.0453604 0.382269
    outer loop
      vertex -13.1181 1.29202 5.71646
      vertex -13.1816 0 5.71646
      vertex -12.5949 1.24049 6.98577
    endloop
  endfacet
  facet normal -0.411998 -0.373408 0.831158
    outer loop
      vertex -5.56369 -4.56601 13.0082
      vertex -6.44674 -5.29071 12.2449
      vertex -5.08936 -5.08936 13.0082
    endloop
  endfacet
  facet normal -0.642697 -0.709127 0.289964
    outer loop
      vertex -9.32081 -9.32081 5.71646
      vertex -9.60282 -9.60282 4.40172
      vertex -8.36233 -10.1895 5.71646
    endloop
  endfacet
  facet normal -0.140389 -0.946676 0.289991
    outer loop
      vertex -2.57161 -12.9283 5.71646
      vertex -2.64941 -13.3195 4.40172
      vertex -1.33111 -13.515 4.40172
    endloop
  endfacet
  facet normal -0.427616 -0.713437 0.555115
    outer loop
      vertex -5.30081 -9.91712 9.33979
      vertex -6.24733 -9.3498 9.33979
      vertex -5.66063 -10.5903 8.19744
    endloop
  endfacet
  facet normal 0.421476 -0.568297 0.706681
    outer loop
      vertex 5.96445 -7.26771 11.3733
      vertex 5.22337 -7.81733 11.3733
      vertex 5.76311 -8.6251 10.4018
    endloop
  endfacet
  facet normal 0.742198 -0.550459 0.382278
    outer loop
      vertex 10.9601 -7.32331 5.71646
      vertex 9.7831 -8.02879 6.98577
      vertex 10.1895 -8.36233 5.71646
    endloop
  endfacet
  facet normal 0.955889 -0.0469647 0.28995
    outer loop
      vertex 13.5804 0 4.40172
      vertex 13.1816 0 5.71646
      vertex 13.515 -1.33111 4.40172
    endloop
  endfacet
  facet normal 0.989182 -0.146696 0
    outer loop
      vertex 13.7145 -2.72797 1.68695
      vertex 13.9158 -1.37059 1
      vertex 13.9158 -1.37059 1.68695
    endloop
  endfacet
  facet normal 0.989182 -0.146696 0
    outer loop
      vertex 13.9158 -1.37059 1
      vertex 13.7145 -2.72797 1.68695
      vertex 13.7145 -2.72797 1
    endloop
  endfacet
  facet normal 0.373413 -0.411996 0.831157
    outer loop
      vertex 5.89712 -5.89712 12.2449
      vertex 5.08936 -5.08936 13.0082
      vertex 5.29071 -6.44674 12.2449
    endloop
  endfacet
  facet normal -0.287446 -0.0426422 0.956847
    outer loop
      vertex -3.33636 -0.663643 14.5804
      vertex -4.69375 -0.462294 14.1816
      vertex -4.62583 -0.920135 14.1816
    endloop
  endfacet
  facet normal 0.787807 -0.584277 0.194886
    outer loop
      vertex 11.2917 -7.54489 4.40172
      vertex 10.4978 -8.61534 4.40172
      vertex 11.5146 -7.6938 3.05423
    endloop
  endfacet
  facet normal 0.806848 -0.20215 0.555096
    outer loop
      vertex 11.7775 -2.34268 8.19744
      vertex 10.7607 -3.26422 9.33979
      vertex 11.4911 -3.4858 8.19744
    endloop
  endfacet
  facet normal 0.446611 -0.33123 0.831159
    outer loop
      vertex 6.93428 -4.63334 12.2449
      vertex 5.98445 -3.99868 13.0082
      vertex 6.44674 -5.29071 12.2449
    endloop
  endfacet
  facet normal 0.686331 -0.171911 0.70668
    outer loop
      vertex 9.22117 -1.8342 11.3733
      vertex 8.99699 -2.72921 11.3733
      vertex 10.174 -2.02373 10.4018
    endloop
  endfacet
  facet normal -0.427629 0.713435 0.555107
    outer loop
      vertex -5.66063 10.5903 8.19744
      vertex -6.6714 9.98445 8.19744
      vertex -6.24733 9.3498 9.33979
    endloop
  endfacet
  facet normal 0.397595 0.663351 0.633943
    outer loop
      vertex 6.24733 9.3498 9.33979
      vertex 5.30081 9.91712 9.33979
      vertex 5.76311 8.6251 10.4018
    endloop
  endfacet
  facet normal 0.427616 0.713437 0.555115
    outer loop
      vertex 5.66063 10.5903 8.19744
      vertex 5.30081 9.91712 9.33979
      vertex 6.24733 9.3498 9.33979
    endloop
  endfacet
  facet normal 0.726752 0.658679 0.194867
    outer loop
      vertex 9.79235 9.79235 3.05423
      vertex 9.60282 9.60282 4.40172
      vertex 10.705 8.78538 3.05423
    endloop
  endfacet
  facet normal 0.287446 0.0426422 0.956847
    outer loop
      vertex 4.62583 0.920135 14.1816
      vertex 3.33636 0.663643 14.5804
      vertex 4.69375 0.462294 14.1816
    endloop
  endfacet
  facet normal 0.34959 0.316845 0.881701
    outer loop
      vertex 5.08936 5.08936 13.0082
      vertex 4.62706 3.79733 13.6558
      vertex 5.56369 4.56601 13.0082
    endloop
  endfacet
  facet normal 0.573034 0.519368 0.633947
    outer loop
      vertex 7.95135 7.95135 9.33979
      vertex 7.33504 7.33504 10.4018
      vertex 8.01868 6.58076 10.4018
    endloop
  endfacet
  facet normal 0.803189 0.595724 0
    outer loop
      vertex 11.6266 7.76861 1.68695
      vertex 10.8091 8.87081 1
      vertex 10.8091 8.87081 1.68695
    endloop
  endfacet
  facet normal 0.803189 0.595724 0
    outer loop
      vertex 10.8091 8.87081 1
      vertex 11.6266 7.76861 1.68695
      vertex 11.6266 7.76861 1
    endloop
  endfacet
  facet normal 0.886661 0.419353 0.194875
    outer loop
      vertex 12.2133 6.52812 3.05423
      vertex 11.9769 6.40177 4.40172
      vertex 12.5467 5.19701 4.40172
    endloop
  endfacet
  facet normal 0.970217 0.14388 0.194876
    outer loop
      vertex 13.5824 2.7017 3.05423
      vertex 13.3195 2.64941 4.40172
      vertex 13.515 1.33111 4.40172
    endloop
  endfacet
  facet normal 0.901083 0.322415 0.289996
    outer loop
      vertex 12.9957 3.94219 4.40172
      vertex 12.1782 5.04439 5.71646
      vertex 12.614 3.82642 5.71646
    endloop
  endfacet
  facet normal 0.799339 0.592851 0.0979013
    outer loop
      vertex 10.8091 8.87081 1.68695
      vertex 10.705 8.78538 3.05423
      vertex 11.5146 7.6938 3.05423
    endloop
  endfacet
  facet normal 0.903992 0.42755 0
    outer loop
      vertex 12.9187 5.35111 1.68695
      vertex 12.332 6.5916 1
      vertex 12.332 6.5916 1.68695
    endloop
  endfacet
  facet normal 0.903992 0.42755 0
    outer loop
      vertex 12.332 6.5916 1
      vertex 12.9187 5.35111 1.68695
      vertex 12.9187 5.35111 1
    endloop
  endfacet
  facet normal 0.514064 0.857752 -0
    outer loop
      vertex 7.76861 11.6266 1
      vertex 6.5916 12.332 1.68695
      vertex 7.76861 11.6266 1.68695
    endloop
  endfacet
  facet normal 0.514064 0.857752 0
    outer loop
      vertex 6.5916 12.332 1.68695
      vertex 7.76861 11.6266 1
      vertex 6.5916 12.332 1
    endloop
  endfacet
  facet normal -0.195127 -0.0095859 0.980731
    outer loop
      vertex -2.04433 -0.201349 14.8485
      vertex -3.40172 0 14.5804
      vertex -3.38534 -0.333426 14.5804
    endloop
  endfacet
  facet normal -0.29024 -0.0142584 0.956848
    outer loop
      vertex -3.40172 0 14.5804
      vertex -4.69375 -0.462294 14.1816
      vertex -3.38534 -0.333426 14.5804
    endloop
  endfacet
  facet normal 0.378181 -0.509921 0.772632
    outer loop
      vertex 5.29071 -6.44674 12.2449
      vertex 5.22337 -7.81733 11.3733
      vertex 5.96445 -7.26771 11.3733
    endloop
  endfacet
  facet normal -0.330642 -0.699137 0.633943
    outer loop
      vertex -4.88995 -9.14845 10.4018
      vertex -5.30081 -9.91712 9.33979
      vertex -4.30324 -10.3889 9.33979
    endloop
  endfacet
  facet normal -0.806848 0.20215 0.555096
    outer loop
      vertex -11.4911 3.4858 8.19744
      vertex -11.7775 2.34268 8.19744
      vertex -10.7607 3.26422 9.33979
    endloop
  endfacet
  facet normal -0.855698 0.214389 0.470975
    outer loop
      vertex -11.4911 3.4858 8.19744
      vertex -12.1109 3.6738 6.98577
      vertex -11.7775 2.34268 8.19744
    endloop
  endfacet
  facet normal -0.475057 0.79259 0.382259
    outer loop
      vertex -5.96593 11.1615 6.98577
      vertex -7.32331 10.9601 5.71646
      vertex -7.03121 10.523 6.98577
    endloop
  endfacet
  facet normal -0.835336 0.395102 0.382242
    outer loop
      vertex -11.6251 6.21377 5.71646
      vertex -12.1782 5.04439 5.71646
      vertex -11.1615 5.96593 6.98577
    endloop
  endfacet
  facet normal -0.955889 -0.0469647 0.28995
    outer loop
      vertex -13.1816 0 5.71646
      vertex -13.5804 0 4.40172
      vertex -13.515 -1.33111 4.40172
    endloop
  endfacet
  facet normal -0.955889 0.0469647 0.28995
    outer loop
      vertex -13.515 1.33111 4.40172
      vertex -13.5804 0 4.40172
      vertex -13.1816 0 5.71646
    endloop
  endfacet
  facet normal -0.881111 -0.0432568 0.470927
    outer loop
      vertex -12.0082 0 8.19744
      vertex -12.6558 0 6.98577
      vertex -12.5949 -1.24049 6.98577
    endloop
  endfacet
  facet normal -0.979639 0.0481379 0.194911
    outer loop
      vertex -13.7818 1.35739 3.05423
      vertex -13.8485 0 3.05423
      vertex -13.5804 0 4.40172
    endloop
  endfacet
  facet normal -0.903992 0.42755 0
    outer loop
      vertex -12.9187 5.35111 1
      vertex -12.332 6.5916 1.68695
      vertex -12.332 6.5916 1
    endloop
  endfacet
  facet normal -0.903992 0.42755 0
    outer loop
      vertex -12.332 6.5916 1.68695
      vertex -12.9187 5.35111 1
      vertex -12.9187 5.35111 1.68695
    endloop
  endfacet
  facet normal -0.93702 0.335277 0.0978893
    outer loop
      vertex -12.9187 5.35111 1.68695
      vertex -13.381 4.05909 1.68695
      vertex -12.7943 5.29958 3.05423
    endloop
  endfacet
  facet normal -0.955884 0.0469796 0.289964
    outer loop
      vertex -13.1181 1.29202 5.71646
      vertex -13.515 1.33111 4.40172
      vertex -13.1816 0 5.71646
    endloop
  endfacet
  facet normal -0.491992 -0.820879 0.290004
    outer loop
      vertex -6.21377 -11.6251 5.71646
      vertex -7.32331 -10.9601 5.71646
      vertex -6.40177 -11.9769 4.40172
    endloop
  endfacet
  facet normal -0.870032 -0.311305 0.382274
    outer loop
      vertex -12.1109 -3.6738 6.98577
      vertex -12.614 -3.82642 5.71646
      vertex -12.1782 -5.04439 5.71646
    endloop
  endfacet
  facet normal -0.7687 -0.570107 0.289962
    outer loop
      vertex -10.9601 -7.32331 5.71646
      vertex -11.2917 -7.54489 4.40172
      vertex -10.4978 -8.61534 4.40172
    endloop
  endfacet
  facet normal -0.841269 -0.504267 0.194888
    outer loop
      vertex -11.2917 -7.54489 4.40172
      vertex -11.9769 -6.40177 4.40172
      vertex -11.5146 -7.6938 3.05423
    endloop
  endfacet
  facet normal -0.280242 -0.783156 0.555095
    outer loop
      vertex -3.26422 -10.7607 9.33979
      vertex -4.30324 -10.3889 9.33979
      vertex -3.4858 -11.4911 8.19744
    endloop
  endfacet
  facet normal 0.470396 -0.426344 0.772631
    outer loop
      vertex 6.44674 -5.29071 12.2449
      vertex 5.89712 -5.89712 12.2449
      vertex 6.64809 -6.64809 11.3733
    endloop
  endfacet
  facet normal 0.0970199 0.0143826 0.995179
    outer loop
      vertex 2.01476 0.40076 14.8485
      vertex 1.3731 0.273126 14.9129
      vertex 1.37783 0.241219 14.9129
    endloop
  endfacet
  facet normal -0.44423 -0.158947 0.8817
    outer loop
      vertex -5.53013 -2.29066 13.6558
      vertex -6.88752 -2.08931 13.0082
      vertex -6.64957 -2.75434 13.0082
    endloop
  endfacet
  facet normal 0.653637 -0.592418 0.470956
    outer loop
      vertex 9.7831 -8.02879 6.98577
      vertex 8.49108 -8.49108 8.19744
      vertex 8.94904 -8.94904 6.98577
    endloop
  endfacet
  facet normal -0.592418 -0.653637 0.470956
    outer loop
      vertex -7.61792 -9.28246 8.19744
      vertex -8.49108 -8.49108 8.19744
      vertex -8.02879 -9.7831 6.98577
    endloop
  endfacet
  facet normal -0.122107 -0.822774 0.555097
    outer loop
      vertex -1.10219 -11.1908 9.33979
      vertex -2.19377 -11.0288 9.33979
      vertex -1.17701 -11.9504 8.19744
    endloop
  endfacet
  facet normal -0.409176 -0.865143 0.290006
    outer loop
      vertex -6.21377 -11.6251 5.71646
      vertex -6.40177 -11.9769 4.40172
      vertex -5.19701 -12.5467 4.40172
    endloop
  endfacet
  facet normal 0.865139 -0.409198 0.289985
    outer loop
      vertex 12.1782 -5.04439 5.71646
      vertex 11.6251 -6.21377 5.71646
      vertex 12.5467 -5.19701 4.40172
    endloop
  endfacet
  facet normal 0.835336 0.395102 0.382242
    outer loop
      vertex 11.6251 6.21377 5.71646
      vertex 11.1615 5.96593 6.98577
      vertex 12.1782 5.04439 5.71646
    endloop
  endfacet
  facet normal 0.994 -0.0488083 0.097888
    outer loop
      vertex 13.9831 0 1.68695
      vertex 13.7818 -1.35739 3.05423
      vertex 13.9158 -1.37059 1.68695
    endloop
  endfacet
  facet normal 0.642697 -0.709127 0.289964
    outer loop
      vertex 9.32081 -9.32081 5.71646
      vertex 8.36233 -10.1895 5.71646
      vertex 9.60282 -9.60282 4.40172
    endloop
  endfacet
  facet normal 0.83058 -0.297179 0.47098
    outer loop
      vertex 12.1109 -3.6738 6.98577
      vertex 11.0941 -4.59534 8.19744
      vertex 11.6925 -4.84318 6.98577
    endloop
  endfacet
  facet normal 0.620547 -0.684673 0.382288
    outer loop
      vertex 8.94904 -8.94904 6.98577
      vertex 8.02879 -9.7831 6.98577
      vertex 9.32081 -9.32081 5.71646
    endloop
  endfacet
  facet normal 0.606869 -0.363747 0.70668
    outer loop
      vertex 8.29167 -4.43199 11.3733
      vertex 7.81733 -5.22337 11.3733
      vertex 8.6251 -5.76311 10.4018
    endloop
  endfacet
  facet normal 0.421483 -0.568295 0.706677
    outer loop
      vertex 5.96445 -7.26771 11.3733
      vertex 5.76311 -8.6251 10.4018
      vertex 6.58076 -8.01868 10.4018
    endloop
  endfacet
  facet normal 0.19325 0.0286641 0.980731
    outer loop
      vertex 3.33636 0.663643 14.5804
      vertex 2.01476 0.40076 14.8485
      vertex 3.38534 0.333426 14.5804
    endloop
  endfacet
  facet normal 0.158947 0.44423 0.8817
    outer loop
      vertex 2.75434 6.64957 13.0082
      vertex 2.08931 6.88752 13.0082
      vertex 2.29066 5.53013 13.6558
    endloop
  endfacet
  facet normal 0.764998 -0.113532 0.633947
    outer loop
      vertex 11.1908 -1.10219 9.33979
      vertex 10.3234 -1.01676 10.4018
      vertex 11.0288 -2.19377 9.33979
    endloop
  endfacet
  facet normal 0.708554 -0.525502 0.470956
    outer loop
      vertex 9.98445 -6.6714 8.19744
      vertex 9.28246 -7.61792 8.19744
      vertex 9.7831 -8.02879 6.98577
    endloop
  endfacet
  facet normal 0.446612 -0.33123 0.831158
    outer loop
      vertex 5.98445 -3.99868 13.0082
      vertex 5.56369 -4.56601 13.0082
      vertex 6.44674 -5.29071 12.2449
    endloop
  endfacet
  facet normal 0.544532 -0.326383 0.772631
    outer loop
      vertex 8.29167 -4.43199 11.3733
      vertex 6.93428 -4.63334 12.2449
      vertex 7.81733 -5.22337 11.3733
    endloop
  endfacet
  facet normal 0.471243 0.0231482 0.881699
    outer loop
      vertex 7.16278 0.705472 13.0082
      vertex 5.95695 0.586708 13.6558
      vertex 5.98577 0 13.6558
    endloop
  endfacet
  facet normal 0.378952 -0.0562106 0.923708
    outer loop
      vertex 5.95695 -0.586708 13.6558
      vertex 4.69375 -0.462294 14.1816
      vertex 5.87076 -1.16777 13.6558
    endloop
  endfacet
  facet normal 0.373413 0.411996 0.831157
    outer loop
      vertex 5.29071 6.44674 12.2449
      vertex 5.08936 5.08936 13.0082
      vertex 5.89712 5.89712 12.2449
    endloop
  endfacet
  facet normal 0.75022 0.187897 0.633928
    outer loop
      vertex 10.7607 3.26422 9.33979
      vertex 10.174 2.02373 10.4018
      vertex 11.0288 2.19377 9.33979
    endloop
  endfacet
  facet normal -0.0379148 0.772446 0.633948
    outer loop
      vertex 0 11.2449 9.33979
      vertex -1.10219 11.1908 9.33979
      vertex -1.01676 10.3234 10.4018
    endloop
  endfacet
  facet normal -0.502646 0.23774 0.83116
    outer loop
      vertex -6.34757 3.39285 13.0082
      vertex -7.35504 3.93135 12.2449
      vertex -6.64957 2.75434 13.0082
    endloop
  endfacet
  facet normal 0.224542 0.896361 0.382253
    outer loop
      vertex 2.57161 12.9283 5.71646
      vertex 2.46903 12.4127 6.98577
      vertex 3.6738 12.1109 6.98577
    endloop
  endfacet
  facet normal 0.363745 0.606874 0.706678
    outer loop
      vertex 4.88995 9.14845 10.4018
      vertex 4.43199 8.29167 11.3733
      vertex 5.76311 8.6251 10.4018
    endloop
  endfacet
  facet normal 0.14391 0.970207 0.194905
    outer loop
      vertex 1.35739 13.7818 3.05423
      vertex 1.33111 13.515 4.40172
      vertex 2.7017 13.5824 3.05423
    endloop
  endfacet
  facet normal -0.764998 0.113532 0.633947
    outer loop
      vertex -11.0288 2.19377 9.33979
      vertex -11.1908 1.10219 9.33979
      vertex -10.3234 1.01676 10.4018
    endloop
  endfacet
  facet normal 0.336895 0.941542 -0
    outer loop
      vertex 5.35111 12.9187 1
      vertex 4.05909 13.381 1.68695
      vertex 5.35111 12.9187 1.68695
    endloop
  endfacet
  facet normal 0.336895 0.941542 0
    outer loop
      vertex 4.05909 13.381 1.68695
      vertex 5.35111 12.9187 1
      vertex 4.05909 13.381 1
    endloop
  endfacet
  facet normal 0.620547 0.684673 0.382288
    outer loop
      vertex 9.32081 9.32081 5.71646
      vertex 8.02879 9.7831 6.98577
      vertex 8.94904 8.94904 6.98577
    endloop
  endfacet
  facet normal 0.881106 0.0432689 0.470936
    outer loop
      vertex 12.5949 1.24049 6.98577
      vertex 11.9504 1.17701 8.19744
      vertex 12.0082 0 8.19744
    endloop
  endfacet
  facet normal 0.830784 -0.0407977 0.555098
    outer loop
      vertex 12.0082 0 8.19744
      vertex 11.1908 -1.10219 9.33979
      vertex 11.9504 -1.17701 8.19744
    endloop
  endfacet
  facet normal -0.0453604 0.922937 0.382269
    outer loop
      vertex 0 13.1816 5.71646
      vertex -1.29202 13.1181 5.71646
      vertex -1.24049 12.5949 6.98577
    endloop
  endfacet
  facet normal 0.684673 0.620547 0.382288
    outer loop
      vertex 9.32081 9.32081 5.71646
      vertex 8.94904 8.94904 6.98577
      vertex 9.7831 8.02879 6.98577
    endloop
  endfacet
  facet normal 0.865139 0.409198 0.289985
    outer loop
      vertex 12.5467 5.19701 4.40172
      vertex 11.6251 6.21377 5.71646
      vertex 12.1782 5.04439 5.71646
    endloop
  endfacet
  facet normal 0.797468 0.377141 0.470966
    outer loop
      vertex 11.1615 5.96593 6.98577
      vertex 10.5903 5.66063 8.19744
      vertex 11.0941 4.59534 8.19744
    endloop
  endfacet
  facet normal 0.937012 0.335311 0.0978544
    outer loop
      vertex 13.381 4.05909 1.68695
      vertex 12.7943 5.29958 3.05423
      vertex 13.2522 4.02 3.05423
    endloop
  endfacet
  facet normal 0.686331 0.171911 0.70668
    outer loop
      vertex 10.174 2.02373 10.4018
      vertex 8.99699 2.72921 11.3733
      vertex 9.22117 1.8342 11.3733
    endloop
  endfacet
  facet normal 0.642697 0.709127 0.289964
    outer loop
      vertex 9.60282 9.60282 4.40172
      vertex 8.36233 10.1895 5.71646
      vertex 9.32081 9.32081 5.71646
    endloop
  endfacet
  facet normal 0.806834 0.202076 0.555143
    outer loop
      vertex 11.7775 2.34268 8.19744
      vertex 10.7607 3.26422 9.33979
      vertex 11.0288 2.19377 9.33979
    endloop
  endfacet
  facet normal 0.855719 0.214361 0.470951
    outer loop
      vertex 12.1109 3.6738 6.98577
      vertex 11.7775 2.34268 8.19744
      vertex 12.4127 2.46903 6.98577
    endloop
  endfacet
  facet normal 0.419353 0.886661 0.194875
    outer loop
      vertex 6.52812 12.2133 3.05423
      vertex 5.19701 12.5467 4.40172
      vertex 6.40177 11.9769 4.40172
    endloop
  endfacet
  facet normal 0.740954 0.671556 0
    outer loop
      vertex 10.8091 8.87081 1.68695
      vertex 9.88757 9.88757 1
      vertex 9.88757 9.88757 1.68695
    endloop
  endfacet
  facet normal 0.740954 0.671556 0
    outer loop
      vertex 9.88757 9.88757 1
      vertex 10.8091 8.87081 1.68695
      vertex 10.8091 8.87081 1
    endloop
  endfacet
  facet normal -0.371616 -0.0930829 0.923709
    outer loop
      vertex -4.62583 -0.920135 14.1816
      vertex -5.87076 -1.16777 13.6558
      vertex -4.51337 -1.36911 14.1816
    endloop
  endfacet
  facet normal -0.872615 -0.129414 0.470951
    outer loop
      vertex -11.7775 -2.34268 8.19744
      vertex -12.5949 -1.24049 6.98577
      vertex -12.4127 -2.46903 6.98577
    endloop
  endfacet
  facet normal -0.634092 0.0311522 0.77263
    outer loop
      vertex -8.29963 0.817442 12.2449
      vertex -9.40182 0 11.3733
      vertex -8.33979 0 12.2449
    endloop
  endfacet
  facet normal -0.592862 -0.79933 0.0979148
    outer loop
      vertex -7.6938 -11.5146 3.05423
      vertex -8.87081 -10.8091 1.68695
      vertex -7.76861 -11.6266 1.68695
    endloop
  endfacet
  facet normal -0.33123 -0.446611 0.831159
    outer loop
      vertex -3.99868 -5.98445 13.0082
      vertex -5.29071 -6.44674 12.2449
      vertex -4.63334 -6.93428 12.2449
    endloop
  endfacet
  facet normal -0.627984 0.0931541 0.772631
    outer loop
      vertex -8.17954 1.62701 12.2449
      vertex -9.35655 0.921539 11.3733
      vertex -8.29963 0.817442 12.2449
    endloop
  endfacet
  facet normal -0.699137 -0.330663 0.633932
    outer loop
      vertex -9.58369 -3.9697 10.4018
      vertex -10.3889 -4.30324 9.33979
      vertex -9.14845 -4.88995 10.4018
    endloop
  endfacet
  facet normal -0.0346825 0.706689 0.706674
    outer loop
      vertex 0 10.3733 10.4018
      vertex -1.01676 10.3234 10.4018
      vertex 0 9.40182 11.3733
    endloop
  endfacet
  facet normal -0.606874 0.363745 0.706678
    outer loop
      vertex -8.6251 5.76311 10.4018
      vertex -9.14845 4.88995 10.4018
      vertex -8.29167 4.43199 11.3733
    endloop
  endfacet
  facet normal -0.382637 -0.0187969 0.923707
    outer loop
      vertex -4.71646 0 14.1816
      vertex -5.98577 0 13.6558
      vertex -4.69375 -0.462294 14.1816
    endloop
  endfacet
  facet normal -0.772446 0.0379148 0.633948
    outer loop
      vertex -11.1908 1.10219 9.33979
      vertex -11.2449 0 9.33979
      vertex -10.3234 1.01676 10.4018
    endloop
  endfacet
  facet normal -0.928353 -0.232523 0.28999
    outer loop
      vertex -12.9283 -2.57161 5.71646
      vertex -13.3195 -2.64941 4.40172
      vertex -12.9957 -3.94219 4.40172
    endloop
  endfacet
  facet normal -0.914051 -0.13558 0.382269
    outer loop
      vertex -12.5949 -1.24049 6.98577
      vertex -13.1181 -1.29202 5.71646
      vertex -12.9283 -2.57161 5.71646
    endloop
  endfacet
  facet normal -0.94668 -0.14042 0.289963
    outer loop
      vertex -13.1181 -1.29202 5.71646
      vertex -13.515 -1.33111 4.40172
      vertex -12.9283 -2.57161 5.71646
    endloop
  endfacet
  facet normal -0.994 -0.0488083 0.097888
    outer loop
      vertex -13.7818 -1.35739 3.05423
      vertex -13.9831 0 1.68695
      vertex -13.9158 -1.37059 1.68695
    endloop
  endfacet
  facet normal -0.979639 -0.0481379 0.194911
    outer loop
      vertex -13.5804 0 4.40172
      vertex -13.8485 0 3.05423
      vertex -13.7818 -1.35739 3.05423
    endloop
  endfacet
  facet normal -0.914051 0.13558 0.382269
    outer loop
      vertex -12.9283 2.57161 5.71646
      vertex -13.1181 1.29202 5.71646
      vertex -12.5949 1.24049 6.98577
    endloop
  endfacet
  facet normal -0.881106 0.0432689 0.470936
    outer loop
      vertex -11.9504 1.17701 8.19744
      vertex -12.5949 1.24049 6.98577
      vertex -12.0082 0 8.19744
    endloop
  endfacet
  facet normal -0.855719 0.214361 0.470951
    outer loop
      vertex -12.1109 3.6738 6.98577
      vertex -12.4127 2.46903 6.98577
      vertex -11.7775 2.34268 8.19744
    endloop
  endfacet
  facet normal -0.881111 0.0432568 0.470927
    outer loop
      vertex -12.5949 1.24049 6.98577
      vertex -12.6558 0 6.98577
      vertex -12.0082 0 8.19744
    endloop
  endfacet
  facet normal -0.751929 0.355604 0.555112
    outer loop
      vertex -10.5903 5.66063 8.19744
      vertex -11.0941 4.59534 8.19744
      vertex -10.3889 4.30324 9.33979
    endloop
  endfacet
  facet normal -0.872615 0.129414 0.470951
    outer loop
      vertex -12.4127 2.46903 6.98577
      vertex -12.5949 1.24049 6.98577
      vertex -11.7775 2.34268 8.19744
    endloop
  endfacet
  facet normal -0.923489 0.330443 0.194871
    outer loop
      vertex -12.5467 5.19701 4.40172
      vertex -13.2522 4.02 3.05423
      vertex -12.9957 3.94219 4.40172
    endloop
  endfacet
  facet normal -0.570107 0.7687 0.289962
    outer loop
      vertex -7.54489 11.2917 4.40172
      vertex -8.61534 10.4978 4.40172
      vertex -7.32331 10.9601 5.71646
    endloop
  endfacet
  facet normal -0.923485 -0.330471 0.194845
    outer loop
      vertex -12.5467 -5.19701 4.40172
      vertex -13.2522 -4.02 3.05423
      vertex -12.7943 -5.29958 3.05423
    endloop
  endfacet
  facet normal -0.998797 -0.0490439 0
    outer loop
      vertex -13.9158 -1.37059 1
      vertex -13.9831 0 1.68695
      vertex -13.9831 0 1
    endloop
  endfacet
  facet normal -0.998797 -0.0490439 0
    outer loop
      vertex -13.9831 0 1.68695
      vertex -13.9158 -1.37059 1
      vertex -13.9158 -1.37059 1.68695
    endloop
  endfacet
  facet normal -0.989182 -0.146696 0
    outer loop
      vertex -13.7145 -2.72797 1
      vertex -13.9158 -1.37059 1.68695
      vertex -13.9158 -1.37059 1
    endloop
  endfacet
  facet normal -0.989182 -0.146696 0
    outer loop
      vertex -13.9158 -1.37059 1.68695
      vertex -13.7145 -2.72797 1
      vertex -13.7145 -2.72797 1.68695
    endloop
  endfacet
  facet normal -0.523534 -0.187322 0.831157
    outer loop
      vertex -6.88752 -2.08931 13.0082
      vertex -7.98068 -2.42091 12.2449
      vertex -6.64957 -2.75434 13.0082
    endloop
  endfacet
  facet normal -0.886661 -0.419353 0.194875
    outer loop
      vertex -11.9769 -6.40177 4.40172
      vertex -12.5467 -5.19701 4.40172
      vertex -12.2133 -6.52812 3.05423
    endloop
  endfacet
  facet normal -0.699865 -0.103815 0.706691
    outer loop
      vertex -9.35655 -0.921539 11.3733
      vertex -10.3234 -1.01676 10.4018
      vertex -9.22117 -1.8342 11.3733
    endloop
  endfacet
  facet normal -0.103837 -0.699872 0.70668
    outer loop
      vertex -1.8342 -9.22117 11.3733
      vertex -2.02373 -10.174 10.4018
      vertex -1.01676 -10.3234 10.4018
    endloop
  endfacet
  facet normal 0.524248 -0.475154 0.706677
    outer loop
      vertex 7.26771 -5.96445 11.3733
      vertex 6.64809 -6.64809 11.3733
      vertex 8.01868 -6.58076 10.4018
    endloop
  endfacet
  facet normal -0.371616 -0.0930849 0.923708
    outer loop
      vertex -4.51337 -1.36911 14.1816
      vertex -5.87076 -1.16777 13.6558
      vertex -5.72803 -1.73758 13.6558
    endloop
  endfacet
  facet normal -0.156916 -0.116379 0.980731
    outer loop
      vertex -1.70803 -1.14127 14.8485
      vertex -2.82843 -1.8899 14.5804
      vertex -1.58794 -1.30319 14.8485
    endloop
  endfacet
  facet normal -0.129061 -0.360704 0.923708
    outer loop
      vertex -1.80491 -4.35744 14.1816
      vertex -2.29066 -5.53013 13.6558
      vertex -1.36911 -4.51337 14.1816
    endloop
  endfacet
  facet normal -0.544532 0.326383 0.772631
    outer loop
      vertex -6.93428 4.63334 12.2449
      vertex -8.29167 4.43199 11.3733
      vertex -7.35504 3.93135 12.2449
    endloop
  endfacet
  facet normal -0.457673 -0.114639 0.881699
    outer loop
      vertex -5.87076 -1.16777 13.6558
      vertex -7.05914 -1.40415 13.0082
      vertex -6.88752 -2.08931 13.0082
    endloop
  endfacet
  facet normal -0.50992 0.378184 0.772631
    outer loop
      vertex -6.44674 5.29071 12.2449
      vertex -7.81733 5.22337 11.3733
      vertex -6.93428 4.63334 12.2449
    endloop
  endfacet
  facet normal -0.706689 0.0346825 0.706674
    outer loop
      vertex -10.3234 1.01676 10.4018
      vertex -10.3733 0 10.4018
      vertex -9.40182 0 11.3733
    endloop
  endfacet
  facet normal 0.409176 -0.865143 0.290006
    outer loop
      vertex 6.21377 -11.6251 5.71646
      vertex 5.19701 -12.5467 4.40172
      vertex 6.40177 -11.9769 4.40172
    endloop
  endfacet
  facet normal 0.642699 -0.709124 0.289968
    outer loop
      vertex 9.60282 -9.60282 4.40172
      vertex 8.36233 -10.1895 5.71646
      vertex 8.61534 -10.4978 4.40172
    endloop
  endfacet
  facet normal 0.570111 -0.768695 0.289968
    outer loop
      vertex 8.36233 -10.1895 5.71646
      vertex 7.32331 -10.9601 5.71646
      vertex 8.61534 -10.4978 4.40172
    endloop
  endfacet
  facet normal -0.0469796 -0.955884 0.289964
    outer loop
      vertex -1.29202 -13.1181 5.71646
      vertex -1.33111 -13.515 4.40172
      vertex 0 -13.1816 5.71646
    endloop
  endfacet
  facet normal -0.135561 -0.914061 0.382251
    outer loop
      vertex -2.46903 -12.4127 6.98577
      vertex -2.57161 -12.9283 5.71646
      vertex -1.24049 -12.5949 6.98577
    endloop
  endfacet
  facet normal -0.330443 -0.923489 0.194871
    outer loop
      vertex -3.94219 -12.9957 4.40172
      vertex -5.19701 -12.5467 4.40172
      vertex -4.02 -13.2522 3.05423
    endloop
  endfacet
  facet normal 0.355607 -0.751925 0.555115
    outer loop
      vertex 5.30081 -9.91712 9.33979
      vertex 4.30324 -10.3889 9.33979
      vertex 5.66063 -10.5903 8.19744
    endloop
  endfacet
  facet normal 0.699865 -0.103815 0.706691
    outer loop
      vertex 9.35655 -0.921539 11.3733
      vertex 9.22117 -1.8342 11.3733
      vertex 10.3234 -1.01676 10.4018
    endloop
  endfacet
  facet normal 0.914051 -0.13558 0.382269
    outer loop
      vertex 13.1181 -1.29202 5.71646
      vertex 12.5949 -1.24049 6.98577
      vertex 12.9283 -2.57161 5.71646
    endloop
  endfacet
  facet normal 0.955884 -0.0469796 0.289964
    outer loop
      vertex 13.1816 0 5.71646
      vertex 13.1181 -1.29202 5.71646
      vertex 13.515 -1.33111 4.40172
    endloop
  endfacet
  facet normal 0.946676 0.140389 0.289991
    outer loop
      vertex 13.3195 2.64941 4.40172
      vertex 12.9283 2.57161 5.71646
      vertex 13.515 1.33111 4.40172
    endloop
  endfacet
  facet normal 0.951438 -0.23831 0.194871
    outer loop
      vertex 13.5824 -2.7017 3.05423
      vertex 12.9957 -3.94219 4.40172
      vertex 13.2522 -4.02 3.05423
    endloop
  endfacet
  facet normal 0.941542 -0.336895 0
    outer loop
      vertex 12.9187 -5.35111 1.68695
      vertex 13.381 -4.05909 1
      vertex 13.381 -4.05909 1.68695
    endloop
  endfacet
  facet normal 0.941542 -0.336895 0
    outer loop
      vertex 13.381 -4.05909 1
      vertex 12.9187 -5.35111 1.68695
      vertex 12.9187 -5.35111 1
    endloop
  endfacet
  facet normal 0.855698 -0.214389 0.470975
    outer loop
      vertex 11.7775 -2.34268 8.19744
      vertex 11.4911 -3.4858 8.19744
      vertex 12.1109 -3.6738 6.98577
    endloop
  endfacet
  facet normal 0.79259 -0.475057 0.382259
    outer loop
      vertex 11.1615 -5.96593 6.98577
      vertex 10.523 -7.03121 6.98577
      vertex 10.9601 -7.32331 5.71646
    endloop
  endfacet
  facet normal 0.14391 -0.970207 0.194905
    outer loop
      vertex 2.7017 -13.5824 3.05423
      vertex 1.33111 -13.515 4.40172
      vertex 1.35739 -13.7818 3.05423
    endloop
  endfacet
  facet normal 0.460705 -0.621179 0.633946
    outer loop
      vertex 6.58076 -8.01868 10.4018
      vertex 5.76311 -8.6251 10.4018
      vertex 7.13369 -8.69243 9.33979
    endloop
  endfacet
  facet normal 0.768695 -0.570111 0.289968
    outer loop
      vertex 10.9601 -7.32331 5.71646
      vertex 10.1895 -8.36233 5.71646
      vertex 10.4978 -8.61534 4.40172
    endloop
  endfacet
  facet normal 0.787799 -0.584293 0.19487
    outer loop
      vertex 11.5146 -7.6938 3.05423
      vertex 10.4978 -8.61534 4.40172
      vertex 10.705 -8.78538 3.05423
    endloop
  endfacet
  facet normal 0.558587 -0.616309 0.555106
    outer loop
      vertex 7.95135 -7.95135 9.33979
      vertex 7.13369 -8.69243 9.33979
      vertex 7.61792 -9.28246 8.19744
    endloop
  endfacet
  facet normal 0.470395 -0.426344 0.772631
    outer loop
      vertex 7.26771 -5.96445 11.3733
      vertex 6.44674 -5.29071 12.2449
      vertex 6.64809 -6.64809 11.3733
    endloop
  endfacet
  facet normal 0.621184 -0.460702 0.633943
    outer loop
      vertex 9.3498 -6.24733 9.33979
      vertex 8.6251 -5.76311 10.4018
      vertex 8.69243 -7.13369 9.33979
    endloop
  endfacet
  facet normal 0.653637 -0.592418 0.470956
    outer loop
      vertex 9.28246 -7.61792 8.19744
      vertex 8.49108 -8.49108 8.19744
      vertex 9.7831 -8.02879 6.98577
    endloop
  endfacet
  facet normal 0.426509 -0.201729 0.8817
    outer loop
      vertex 6.64957 -2.75434 13.0082
      vertex 5.53013 -2.29066 13.6558
      vertex 6.34757 -3.39285 13.0082
    endloop
  endfacet
  facet normal 0.262693 -0.124243 0.956847
    outer loop
      vertex 3.14278 -1.30178 14.5804
      vertex 3.00005 -1.60356 14.5804
      vertex 4.15954 -2.22332 14.1816
    endloop
  endfacet
  facet normal 0.0419317 0.0886647 0.995179
    outer loop
      vertex 0.968355 1.81167 14.8485
      vertex 0.630796 1.24848 14.9129
      vertex 0.659955 1.23469 14.9129
    endloop
  endfacet
  facet normal 0.195149 -0.215315 0.956847
    outer loop
      vertex 3.33504 -3.33504 14.1816
      vertex 2.15803 -2.62957 14.5804
      vertex 2.99209 -3.64587 14.1816
    endloop
  endfacet
  facet normal 0.728162 -0.260564 0.633945
    outer loop
      vertex 10.7607 -3.26422 9.33979
      vertex 9.92664 -3.01121 10.4018
      vertex 10.3889 -4.30324 9.33979
    endloop
  endfacet
  facet normal 0.822753 -0.122036 0.555143
    outer loop
      vertex 11.9504 -1.17701 8.19744
      vertex 11.0288 -2.19377 9.33979
      vertex 11.7775 -2.34268 8.19744
    endloop
  endfacet
  facet normal 0.558586 -0.61631 0.555107
    outer loop
      vertex 7.95135 -7.95135 9.33979
      vertex 7.61792 -9.28246 8.19744
      vertex 8.49108 -8.49108 8.19744
    endloop
  endfacet
  facet normal 0.50992 -0.378184 0.772631
    outer loop
      vertex 6.93428 -4.63334 12.2449
      vertex 6.44674 -5.29071 12.2449
      vertex 7.81733 -5.22337 11.3733
    endloop
  endfacet
  facet normal 0.783156 -0.280242 0.555095
    outer loop
      vertex 10.7607 -3.26422 9.33979
      vertex 10.3889 -4.30324 9.33979
      vertex 11.4911 -3.4858 8.19744
    endloop
  endfacet
  facet normal 0.699137 -0.330642 0.633943
    outer loop
      vertex 10.3889 -4.30324 9.33979
      vertex 9.14845 -4.88995 10.4018
      vertex 9.91712 -5.30081 9.33979
    endloop
  endfacet
  facet normal 0.666181 0.238361 0.706673
    outer loop
      vertex 9.58369 3.9697 10.4018
      vertex 8.99699 2.72921 11.3733
      vertex 9.92664 3.01121 10.4018
    endloop
  endfacet
  facet normal 0.728181 0.260545 0.633931
    outer loop
      vertex 10.3889 4.30324 9.33979
      vertex 9.58369 3.9697 10.4018
      vertex 9.92664 3.01121 10.4018
    endloop
  endfacet
  facet normal 0.615827 -0.154255 0.772634
    outer loop
      vertex 8.17954 -1.62701 12.2449
      vertex 7.98068 -2.42091 12.2449
      vertex 8.99699 -2.72921 11.3733
    endloop
  endfacet
  facet normal 0.666181 -0.238361 0.706673
    outer loop
      vertex 9.92664 -3.01121 10.4018
      vertex 8.99699 -2.72921 11.3733
      vertex 9.58369 -3.9697 10.4018
    endloop
  endfacet
  facet normal 0.639606 -0.302507 0.706678
    outer loop
      vertex 8.68615 -3.59792 11.3733
      vertex 8.29167 -4.43199 11.3733
      vertex 9.58369 -3.9697 10.4018
    endloop
  endfacet
  facet normal 0.87262 -0.129433 0.470937
    outer loop
      vertex 11.9504 -1.17701 8.19744
      vertex 11.7775 -2.34268 8.19744
      vertex 12.5949 -1.24049 6.98577
    endloop
  endfacet
  facet normal 0.684683 0.620542 0.382279
    outer loop
      vertex 10.1895 8.36233 5.71646
      vertex 9.32081 9.32081 5.71646
      vertex 9.7831 8.02879 6.98577
    endloop
  endfacet
  facet normal 0.377141 0.797468 0.470966
    outer loop
      vertex 5.96593 11.1615 6.98577
      vertex 4.59534 11.0941 8.19744
      vertex 5.66063 10.5903 8.19744
    endloop
  endfacet
  facet normal 0.524249 0.475152 0.706678
    outer loop
      vertex 7.33504 7.33504 10.4018
      vertex 6.64809 6.64809 11.3733
      vertex 8.01868 6.58076 10.4018
    endloop
  endfacet
  facet normal -0.100434 0.16757 0.980731
    outer loop
      vertex -1.60356 3.00005 14.5804
      vertex -1.8899 2.82843 14.5804
      vertex -1.14127 1.70803 14.8485
    endloop
  endfacet
  facet normal -0.273604 0.0979034 0.956847
    outer loop
      vertex -3.14278 1.30178 14.5804
      vertex -4.51337 1.36911 14.1816
      vertex -3.25525 0.987468 14.5804
    endloop
  endfacet
  facet normal 0.149393 0.24925 0.956847
    outer loop
      vertex 2.22332 4.15954 14.1816
      vertex 1.8899 2.82843 14.5804
      vertex 2.62032 3.92159 14.1816
    endloop
  endfacet
  facet normal 0.395102 0.835336 0.382242
    outer loop
      vertex 6.21377 11.6251 5.71646
      vertex 5.04439 12.1782 5.71646
      vertex 5.96593 11.1615 6.98577
    endloop
  endfacet
  facet normal -0.145992 0.984431 0.0978884
    outer loop
      vertex -1.37059 13.9158 1.68695
      vertex -2.72797 13.7145 1.68695
      vertex -1.35739 13.7818 3.05423
    endloop
  endfacet
  facet normal 0.129433 0.87262 0.470937
    outer loop
      vertex 1.24049 12.5949 6.98577
      vertex 1.17701 11.9504 8.19744
      vertex 2.34268 11.7775 8.19744
    endloop
  endfacet
  facet normal -0.297187 0.83058 0.470974
    outer loop
      vertex -3.6738 12.1109 6.98577
      vertex -4.59534 11.0941 8.19744
      vertex -3.4858 11.4911 8.19744
    endloop
  endfacet
  facet normal 0.214361 0.855719 0.470951
    outer loop
      vertex 2.46903 12.4127 6.98577
      vertex 2.34268 11.7775 8.19744
      vertex 3.6738 12.1109 6.98577
    endloop
  endfacet
  facet normal -0.0835274 0.176607 0.980731
    outer loop
      vertex -0.786118 1.89786 14.8485
      vertex -1.30178 3.14278 14.5804
      vertex -0.968355 1.81167 14.8485
    endloop
  endfacet
  facet normal 0.238305 0.951438 0.194876
    outer loop
      vertex 2.7017 13.5824 3.05423
      vertex 2.64941 13.3195 4.40172
      vertex 3.94219 12.9957 4.40172
    endloop
  endfacet
  facet normal 0.241862 0.965358 0.0979152
    outer loop
      vertex 2.72797 13.7145 1.68695
      vertex 2.7017 13.5824 3.05423
      vertex 4.05909 13.381 1.68695
    endloop
  endfacet
  facet normal 0.872615 0.129414 0.470951
    outer loop
      vertex 12.4127 2.46903 6.98577
      vertex 11.7775 2.34268 8.19744
      vertex 12.5949 1.24049 6.98577
    endloop
  endfacet
  facet normal 0.772444 -0.0379096 0.633951
    outer loop
      vertex 10.3733 0 10.4018
      vertex 10.3234 -1.01676 10.4018
      vertex 11.2449 0 9.33979
    endloop
  endfacet
  facet normal 0.772446 -0.0379148 0.633948
    outer loop
      vertex 11.2449 0 9.33979
      vertex 10.3234 -1.01676 10.4018
      vertex 11.1908 -1.10219 9.33979
    endloop
  endfacet
  facet normal 0.97964 -0.0481316 0.194905
    outer loop
      vertex 13.5804 0 4.40172
      vertex 13.515 -1.33111 4.40172
      vertex 13.7818 -1.35739 3.05423
    endloop
  endfacet
  facet normal 0.772444 0.0379096 0.633951
    outer loop
      vertex 11.2449 0 9.33979
      vertex 10.3234 1.01676 10.4018
      vertex 10.3733 0 10.4018
    endloop
  endfacet
  facet normal 0.822774 0.122107 0.555097
    outer loop
      vertex 11.9504 1.17701 8.19744
      vertex 11.0288 2.19377 9.33979
      vertex 11.1908 1.10219 9.33979
    endloop
  endfacet
  facet normal 0.214389 0.855698 0.470975
    outer loop
      vertex 3.6738 12.1109 6.98577
      vertex 2.34268 11.7775 8.19744
      vertex 3.4858 11.4911 8.19744
    endloop
  endfacet
  facet normal 0.495491 0.66809 0.555107
    outer loop
      vertex 6.6714 9.98445 8.19744
      vertex 6.24733 9.3498 9.33979
      vertex 7.61792 9.28246 8.19744
    endloop
  endfacet
  facet normal 0.397596 0.663351 0.633943
    outer loop
      vertex 5.30081 9.91712 9.33979
      vertex 4.88995 9.14845 10.4018
      vertex 5.76311 8.6251 10.4018
    endloop
  endfacet
  facet normal 0.491992 0.820879 0.290004
    outer loop
      vertex 6.40177 11.9769 4.40172
      vertex 6.21377 11.6251 5.71646
      vertex 7.32331 10.9601 5.71646
    endloop
  endfacet
  facet normal 0.899653 0.425498 0.0978581
    outer loop
      vertex 12.332 6.5916 1.68695
      vertex 12.2133 6.52812 3.05423
      vertex 12.9187 5.35111 1.68695
    endloop
  endfacet
  facet normal 0.941542 0.336895 0
    outer loop
      vertex 13.381 4.05909 1.68695
      vertex 12.9187 5.35111 1
      vertex 12.9187 5.35111 1.68695
    endloop
  endfacet
  facet normal 0.941542 0.336895 0
    outer loop
      vertex 12.9187 5.35111 1
      vertex 13.381 4.05909 1.68695
      vertex 13.381 4.05909 1
    endloop
  endfacet
  facet normal 0.994002 0.0488437 0.0978531
    outer loop
      vertex 13.9831 0 1.68695
      vertex 13.7818 1.35739 3.05423
      vertex 13.8485 0 3.05423
    endloop
  endfacet
  facet normal 0.979639 -0.0481379 0.194911
    outer loop
      vertex 13.8485 0 3.05423
      vertex 13.5804 0 4.40172
      vertex 13.7818 -1.35739 3.05423
    endloop
  endfacet
  facet normal 0.792604 0.475045 0.382244
    outer loop
      vertex 11.6251 6.21377 5.71646
      vertex 10.9601 7.32331 5.71646
      vertex 11.1615 5.96593 6.98577
    endloop
  endfacet
  facet normal 0.901082 0.322426 0.289987
    outer loop
      vertex 12.5467 5.19701 4.40172
      vertex 12.1782 5.04439 5.71646
      vertex 12.9957 3.94219 4.40172
    endloop
  endfacet
  facet normal 0.923485 0.330471 0.194845
    outer loop
      vertex 12.7943 5.29958 3.05423
      vertex 12.5467 5.19701 4.40172
      vertex 13.2522 4.02 3.05423
    endloop
  endfacet
  facet normal 0.928349 0.232529 0.289997
    outer loop
      vertex 12.9957 3.94219 4.40172
      vertex 12.614 3.82642 5.71646
      vertex 12.9283 2.57161 5.71646
    endloop
  endfacet
  facet normal 0.592418 0.653637 0.470956
    outer loop
      vertex 8.94904 8.94904 6.98577
      vertex 8.02879 9.7831 6.98577
      vertex 8.49108 8.49108 8.19744
    endloop
  endfacet
  facet normal 0.620542 0.684683 0.382279
    outer loop
      vertex 8.36233 10.1895 5.71646
      vertex 8.02879 9.7831 6.98577
      vertex 9.32081 9.32081 5.71646
    endloop
  endfacet
  facet normal 0.709124 0.642699 0.289968
    outer loop
      vertex 10.4978 8.61534 4.40172
      vertex 9.60282 9.60282 4.40172
      vertex 10.1895 8.36233 5.71646
    endloop
  endfacet
  facet normal 0.820866 0.492037 0.289962
    outer loop
      vertex 11.2917 7.54489 4.40172
      vertex 10.9601 7.32331 5.71646
      vertex 11.9769 6.40177 4.40172
    endloop
  endfacet
  facet normal 0.742198 0.550459 0.382278
    outer loop
      vertex 10.1895 8.36233 5.71646
      vertex 9.7831 8.02879 6.98577
      vertex 10.9601 7.32331 5.71646
    endloop
  endfacet
  facet normal 0.550459 0.742198 0.382278
    outer loop
      vertex 8.36233 10.1895 5.71646
      vertex 7.32331 10.9601 5.71646
      vertex 8.02879 9.7831 6.98577
    endloop
  endfacet
  facet normal 0.592862 0.79933 0.0979148
    outer loop
      vertex 7.76861 11.6266 1.68695
      vertex 7.6938 11.5146 3.05423
      vertex 8.87081 10.8091 1.68695
    endloop
  endfacet
  facet normal 0.570107 0.7687 0.289962
    outer loop
      vertex 7.54489 11.2917 4.40172
      vertex 7.32331 10.9601 5.71646
      vertex 8.61534 10.4978 4.40172
    endloop
  endfacet
  facet normal 0.857752 0.514064 0
    outer loop
      vertex 12.332 6.5916 1.68695
      vertex 11.6266 7.76861 1
      vertex 11.6266 7.76861 1.68695
    endloop
  endfacet
  facet normal 0.857752 0.514064 0
    outer loop
      vertex 11.6266 7.76861 1
      vertex 12.332 6.5916 1.68695
      vertex 12.332 6.5916 1
    endloop
  endfacet
  facet normal 0.853635 0.511596 0.0978604
    outer loop
      vertex 12.332 6.5916 1.68695
      vertex 11.6266 7.76861 1.68695
      vertex 12.2133 6.52812 3.05423
    endloop
  endfacet
  facet normal -0.233407 -0.173105 0.956847
    outer loop
      vertex -2.82843 -1.8899 14.5804
      vertex -3.92159 -2.62032 14.1816
      vertex -3.64587 -2.99209 14.1816
    endloop
  endfacet
  facet normal -0.378949 -0.0562165 0.923709
    outer loop
      vertex -4.69375 -0.462294 14.1816
      vertex -5.87076 -1.16777 13.6558
      vertex -4.62583 -0.920135 14.1816
    endloop
  endfacet
  facet normal -0.281884 -0.0706067 0.956847
    outer loop
      vertex -3.33636 -0.663643 14.5804
      vertex -4.62583 -0.920135 14.1816
      vertex -4.51337 -1.36911 14.1816
    endloop
  endfacet
  facet normal -0.378959 -0.281065 0.881699
    outer loop
      vertex -4.97699 -3.32552 13.6558
      vertex -5.98445 -3.99868 13.0082
      vertex -4.62706 -3.79733 13.6558
    endloop
  endfacet
  facet normal -0.830784 0.0407977 0.555098
    outer loop
      vertex -11.9504 1.17701 8.19744
      vertex -12.0082 0 8.19744
      vertex -11.1908 1.10219 9.33979
    endloop
  endfacet
  facet normal -0.466706 0.0692299 0.881699
    outer loop
      vertex -7.05914 1.40415 13.0082
      vertex -7.16278 0.705472 13.0082
      vertex -5.87076 1.16777 13.6558
    endloop
  endfacet
  facet normal -0.75022 -0.187897 0.633928
    outer loop
      vertex -10.174 -2.02373 10.4018
      vertex -11.0288 -2.19377 9.33979
      vertex -10.7607 -3.26422 9.33979
    endloop
  endfacet
  facet normal -0.896359 -0.224517 0.382274
    outer loop
      vertex -12.1109 -3.6738 6.98577
      vertex -12.9283 -2.57161 5.71646
      vertex -12.614 -3.82642 5.71646
    endloop
  endfacet
  facet normal -0.233407 0.173105 0.956847
    outer loop
      vertex -3.64587 2.99209 14.1816
      vertex -3.92159 2.62032 14.1816
      vertex -2.82843 1.8899 14.5804
    endloop
  endfacet
  facet normal -0.189509 0.0474673 0.980731
    outer loop
      vertex -3.25525 0.987468 14.5804
      vertex -3.33636 0.663643 14.5804
      vertex -2.01476 0.40076 14.8485
    endloop
  endfacet
  facet normal 0.0923431 -0.0330503 0.995179
    outer loop
      vertex 1.29343 -0.535756 14.9129
      vertex 1.89786 -0.786118 14.8485
      vertex 1.3043 -0.505385 14.9129
    endloop
  endfacet
  facet normal 0.187322 0.523534 0.831157
    outer loop
      vertex 2.42091 7.98068 12.2449
      vertex 2.08931 6.88752 13.0082
      vertex 2.75434 6.64957 13.0082
    endloop
  endfacet
  facet normal -0.156917 0.116378 0.980731
    outer loop
      vertex -2.62957 2.15803 14.5804
      vertex -2.82843 1.8899 14.5804
      vertex -1.58794 1.30319 14.8485
    endloop
  endfacet
  facet normal -0.378184 0.50992 0.772631
    outer loop
      vertex -5.22337 7.81733 11.3733
      vertex -5.29071 6.44674 12.2449
      vertex -4.63334 6.93428 12.2449
    endloop
  endfacet
  facet normal -0.835339 0.39507 0.382268
    outer loop
      vertex -11.1615 5.96593 6.98577
      vertex -12.1782 5.04439 5.71646
      vertex -11.6925 4.84318 6.98577
    endloop
  endfacet
  facet normal -0.783154 0.280217 0.555111
    outer loop
      vertex -11.0941 4.59534 8.19744
      vertex -11.4911 3.4858 8.19744
      vertex -10.3889 4.30324 9.33979
    endloop
  endfacet
  facet normal -0.322415 0.901083 0.289996
    outer loop
      vertex -3.94219 12.9957 4.40172
      vertex -5.04439 12.1782 5.71646
      vertex -3.82642 12.614 5.71646
    endloop
  endfacet
  facet normal -0.335311 0.937012 0.0978544
    outer loop
      vertex -4.05909 13.381 1.68695
      vertex -5.29958 12.7943 3.05423
      vertex -4.02 13.2522 3.05423
    endloop
  endfacet
  facet normal -0.470395 0.426344 0.772631
    outer loop
      vertex -6.64809 6.64809 11.3733
      vertex -7.26771 5.96445 11.3733
      vertex -6.44674 5.29071 12.2449
    endloop
  endfacet
  facet normal -0.79259 0.475057 0.382259
    outer loop
      vertex -10.9601 7.32331 5.71646
      vertex -11.1615 5.96593 6.98577
      vertex -10.523 7.03121 6.98577
    endloop
  endfacet
  facet normal -0.946676 -0.140389 0.289991
    outer loop
      vertex -12.9283 -2.57161 5.71646
      vertex -13.515 -1.33111 4.40172
      vertex -13.3195 -2.64941 4.40172
    endloop
  endfacet
  facet normal -0.94668 0.14042 0.289963
    outer loop
      vertex -12.9283 2.57161 5.71646
      vertex -13.515 1.33111 4.40172
      vertex -13.1181 1.29202 5.71646
    endloop
  endfacet
  facet normal -0.928349 -0.232529 0.289997
    outer loop
      vertex -12.9283 -2.57161 5.71646
      vertex -12.9957 -3.94219 4.40172
      vertex -12.614 -3.82642 5.71646
    endloop
  endfacet
  facet normal -0.709127 -0.642697 0.289964
    outer loop
      vertex -9.32081 -9.32081 5.71646
      vertex -10.1895 -8.36233 5.71646
      vertex -9.60282 -9.60282 4.40172
    endloop
  endfacet
  facet normal -0.994002 0.0488437 0.0978531
    outer loop
      vertex -13.7818 1.35739 3.05423
      vertex -13.9831 0 1.68695
      vertex -13.8485 0 3.05423
    endloop
  endfacet
  facet normal -0.994002 -0.0488437 0.0978531
    outer loop
      vertex -13.8485 0 3.05423
      vertex -13.9831 0 1.68695
      vertex -13.7818 -1.35739 3.05423
    endloop
  endfacet
  facet normal -0.928353 0.232523 0.28999
    outer loop
      vertex -12.9957 3.94219 4.40172
      vertex -13.3195 2.64941 4.40172
      vertex -12.9283 2.57161 5.71646
    endloop
  endfacet
  facet normal -0.946676 0.140389 0.289991
    outer loop
      vertex -13.3195 2.64941 4.40172
      vertex -13.515 1.33111 4.40172
      vertex -12.9283 2.57161 5.71646
    endloop
  endfacet
  facet normal -0.955884 -0.0469796 0.289964
    outer loop
      vertex -13.1816 0 5.71646
      vertex -13.515 -1.33111 4.40172
      vertex -13.1181 -1.29202 5.71646
    endloop
  endfacet
  facet normal -0.922937 -0.0453604 0.382269
    outer loop
      vertex -12.5949 -1.24049 6.98577
      vertex -13.1816 0 5.71646
      vertex -13.1181 -1.29202 5.71646
    endloop
  endfacet
  facet normal -0.984424 0.146019 0.0979158
    outer loop
      vertex -13.7145 2.72797 1.68695
      vertex -13.7818 1.35739 3.05423
      vertex -13.5824 2.7017 3.05423
    endloop
  endfacet
  facet normal -0.965358 0.241862 0.0979152
    outer loop
      vertex -13.381 4.05909 1.68695
      vertex -13.7145 2.72797 1.68695
      vertex -13.5824 2.7017 3.05423
    endloop
  endfacet
  facet normal -0.941542 0.336895 0
    outer loop
      vertex -13.381 4.05909 1
      vertex -12.9187 5.35111 1.68695
      vertex -12.9187 5.35111 1
    endloop
  endfacet
  facet normal -0.941542 0.336895 0
    outer loop
      vertex -12.9187 5.35111 1.68695
      vertex -13.381 4.05909 1
      vertex -13.381 4.05909 1.68695
    endloop
  endfacet
  facet normal -0.899664 0.425468 0.0978896
    outer loop
      vertex -12.2133 6.52812 3.05423
      vertex -12.9187 5.35111 1.68695
      vertex -12.7943 5.29958 3.05423
    endloop
  endfacet
  facet normal -0.584277 0.787807 0.194886
    outer loop
      vertex -7.6938 11.5146 3.05423
      vertex -8.61534 10.4978 4.40172
      vertex -7.54489 11.2917 4.40172
    endloop
  endfacet
  facet normal -0.642699 0.709124 0.289968
    outer loop
      vertex -8.61534 10.4978 4.40172
      vertex -9.60282 9.60282 4.40172
      vertex -8.36233 10.1895 5.71646
    endloop
  endfacet
  facet normal -0.886679 0.419327 0.194845
    outer loop
      vertex -12.2133 6.52812 3.05423
      vertex -12.7943 5.29958 3.05423
      vertex -12.5467 5.19701 4.40172
    endloop
  endfacet
  facet normal -0.841279 0.504256 0.194874
    outer loop
      vertex -11.5146 7.6938 3.05423
      vertex -12.2133 6.52812 3.05423
      vertex -11.9769 6.40177 4.40172
    endloop
  endfacet
  facet normal -0.740954 -0.671556 0
    outer loop
      vertex -9.88757 -9.88757 1
      vertex -10.8091 -8.87081 1.68695
      vertex -10.8091 -8.87081 1
    endloop
  endfacet
  facet normal -0.740954 -0.671556 0
    outer loop
      vertex -10.8091 -8.87081 1.68695
      vertex -9.88757 -9.88757 1
      vertex -9.88757 -9.88757 1.68695
    endloop
  endfacet
  facet normal -0.965358 -0.241862 0.0979152
    outer loop
      vertex -13.5824 -2.7017 3.05423
      vertex -13.7145 -2.72797 1.68695
      vertex -13.381 -4.05909 1.68695
    endloop
  endfacet
  facet normal -0.923489 -0.330443 0.194871
    outer loop
      vertex -12.9957 -3.94219 4.40172
      vertex -13.2522 -4.02 3.05423
      vertex -12.5467 -5.19701 4.40172
    endloop
  endfacet
  facet normal -0.335277 -0.93702 0.0978893
    outer loop
      vertex -5.29958 -12.7943 3.05423
      vertex -5.35111 -12.9187 1.68695
      vertex -4.05909 -13.381 1.68695
    endloop
  endfacet
  facet normal -0.886679 -0.419327 0.194845
    outer loop
      vertex -12.5467 -5.19701 4.40172
      vertex -12.7943 -5.29958 3.05423
      vertex -12.2133 -6.52812 3.05423
    endloop
  endfacet
  facet normal -0.93702 -0.335277 0.0978893
    outer loop
      vertex -12.7943 -5.29958 3.05423
      vertex -13.381 -4.05909 1.68695
      vertex -12.9187 -5.35111 1.68695
    endloop
  endfacet
  facet normal -0.787807 -0.584277 0.194886
    outer loop
      vertex -11.2917 -7.54489 4.40172
      vertex -11.5146 -7.6938 3.05423
      vertex -10.4978 -8.61534 4.40172
    endloop
  endfacet
  facet normal -0.511596 -0.853635 0.0978604
    outer loop
      vertex -6.52812 -12.2133 3.05423
      vertex -7.76861 -11.6266 1.68695
      vertex -6.5916 -12.332 1.68695
    endloop
  endfacet
  facet normal -0.79933 -0.592862 0.0979148
    outer loop
      vertex -11.5146 -7.6938 3.05423
      vertex -11.6266 -7.76861 1.68695
      vertex -10.8091 -8.87081 1.68695
    endloop
  endfacet
  facet normal -0.544532 -0.326383 0.772631
    outer loop
      vertex -7.35504 -3.93135 12.2449
      vertex -8.29167 -4.43199 11.3733
      vertex -6.93428 -4.63334 12.2449
    endloop
  endfacet
  facet normal 0.238369 -0.666173 0.706678
    outer loop
      vertex 3.59792 -8.68615 11.3733
      vertex 2.72921 -8.99699 11.3733
      vertex 3.9697 -9.58369 10.4018
    endloop
  endfacet
  facet normal -0.0815882 -0.550018 0.831158
    outer loop
      vertex -1.40415 -7.05914 13.0082
      vertex -1.62701 -8.17954 12.2449
      vertex -0.705472 -7.16278 13.0082
    endloop
  endfacet
  facet normal -0.768695 -0.570111 0.289968
    outer loop
      vertex -10.1895 -8.36233 5.71646
      vertex -10.9601 -7.32331 5.71646
      vertex -10.4978 -8.61534 4.40172
    endloop
  endfacet
  facet normal -0.914061 -0.135561 0.382251
    outer loop
      vertex -12.5949 -1.24049 6.98577
      vertex -12.9283 -2.57161 5.71646
      vertex -12.4127 -2.46903 6.98577
    endloop
  endfacet
  facet normal -0.260545 -0.728181 0.633931
    outer loop
      vertex -3.9697 -9.58369 10.4018
      vertex -4.30324 -10.3889 9.33979
      vertex -3.01121 -9.92664 10.4018
    endloop
  endfacet
  facet normal -0.326383 -0.544532 0.772631
    outer loop
      vertex -4.63334 -6.93428 12.2449
      vertex -5.22337 -7.81733 11.3733
      vertex -4.43199 -8.29167 11.3733
    endloop
  endfacet
  facet normal 0.0142584 -0.29024 0.956848
    outer loop
      vertex 0.333426 -3.38534 14.5804
      vertex 0 -3.40172 14.5804
      vertex 0.462294 -4.69375 14.1816
    endloop
  endfacet
  facet normal 0.371616 -0.0930829 0.923709
    outer loop
      vertex 4.62583 -0.920135 14.1816
      vertex 4.51337 -1.36911 14.1816
      vertex 5.87076 -1.16777 13.6558
    endloop
  endfacet
  facet normal -0.196948 -0.328595 0.923708
    outer loop
      vertex -2.22332 -4.15954 14.1816
      vertex -3.32552 -4.97699 13.6558
      vertex -2.82167 -5.27898 13.6558
    endloop
  endfacet
  facet normal -0.360704 -0.129061 0.923708
    outer loop
      vertex -4.51337 -1.36911 14.1816
      vertex -5.53013 -2.29066 13.6558
      vertex -4.35744 -1.80491 14.1816
    endloop
  endfacet
  facet normal -0.621179 -0.460705 0.633946
    outer loop
      vertex -8.6251 -5.76311 10.4018
      vertex -8.69243 -7.13369 9.33979
      vertex -8.01868 -6.58076 10.4018
    endloop
  endfacet
  facet normal 0.103837 -0.699872 0.70668
    outer loop
      vertex 1.8342 -9.22117 11.3733
      vertex 1.01676 -10.3234 10.4018
      vertex 2.02373 -10.174 10.4018
    endloop
  endfacet
  facet normal -0.0432568 -0.881111 0.470927
    outer loop
      vertex 0 -12.0082 8.19744
      vertex -1.24049 -12.5949 6.98577
      vertex 0 -12.6558 6.98577
    endloop
  endfacet
  facet normal -0.202076 -0.806834 0.555143
    outer loop
      vertex -2.19377 -11.0288 9.33979
      vertex -3.26422 -10.7607 9.33979
      vertex -2.34268 -11.7775 8.19744
    endloop
  endfacet
  facet normal -0.457672 -0.114641 0.881699
    outer loop
      vertex -5.87076 -1.16777 13.6558
      vertex -6.88752 -2.08931 13.0082
      vertex -5.72803 -1.73758 13.6558
    endloop
  endfacet
  facet normal -0.404688 -0.242556 0.8817
    outer loop
      vertex -5.27898 -2.82167 13.6558
      vertex -6.34757 -3.39285 13.0082
      vertex -4.97699 -3.32552 13.6558
    endloop
  endfacet
  facet normal -0.466706 -0.0692299 0.881699
    outer loop
      vertex -5.87076 -1.16777 13.6558
      vertex -7.16278 -0.705472 13.0082
      vertex -7.05914 -1.40415 13.0082
    endloop
  endfacet
  facet normal -0.63409 -0.0311493 0.772631
    outer loop
      vertex -8.29963 -0.817442 12.2449
      vertex -9.40182 0 11.3733
      vertex -9.35655 -0.921539 11.3733
    endloop
  endfacet
  facet normal -0.330471 -0.923485 0.194845
    outer loop
      vertex -5.19701 -12.5467 4.40172
      vertex -5.29958 -12.7943 3.05423
      vertex -4.02 -13.2522 3.05423
    endloop
  endfacet
  facet normal 0.0481316 -0.97964 0.194905
    outer loop
      vertex 1.33111 -13.515 4.40172
      vertex 0 -13.5804 4.40172
      vertex 1.35739 -13.7818 3.05423
    endloop
  endfacet
  facet normal 0.243029 -0.970019 0
    outer loop
      vertex 2.72797 -13.7145 1
      vertex 4.05909 -13.381 1.68695
      vertex 2.72797 -13.7145 1.68695
    endloop
  endfacet
  facet normal 0.243029 -0.970019 0
    outer loop
      vertex 4.05909 -13.381 1.68695
      vertex 2.72797 -13.7145 1
      vertex 4.05909 -13.381 1
    endloop
  endfacet
  facet normal 0.330443 -0.923489 0.194871
    outer loop
      vertex 5.19701 -12.5467 4.40172
      vertex 3.94219 -12.9957 4.40172
      vertex 4.02 -13.2522 3.05423
    endloop
  endfacet
  facet normal 0.592418 -0.653637 0.470956
    outer loop
      vertex 8.49108 -8.49108 8.19744
      vertex 8.02879 -9.7831 6.98577
      vertex 8.94904 -8.94904 6.98577
    endloop
  endfacet
  facet normal 0.377153 -0.797455 0.470979
    outer loop
      vertex 5.96593 -11.1615 6.98577
      vertex 4.59534 -11.0941 8.19744
      vertex 4.84318 -11.6925 6.98577
    endloop
  endfacet
  facet normal 0.0562106 -0.378952 0.923708
    outer loop
      vertex 1.16777 -5.87076 13.6558
      vertex 0.462294 -4.69375 14.1816
      vertex 0.586708 -5.95695 13.6558
    endloop
  endfacet
  facet normal 0.103815 -0.699865 0.706691
    outer loop
      vertex 1.8342 -9.22117 11.3733
      vertex 0.921539 -9.35655 11.3733
      vertex 1.01676 -10.3234 10.4018
    endloop
  endfacet
  facet normal 0.335311 -0.937012 0.0978544
    outer loop
      vertex 5.29958 -12.7943 3.05423
      vertex 4.02 -13.2522 3.05423
      vertex 4.05909 -13.381 1.68695
    endloop
  endfacet
  facet normal 0.425498 -0.899653 0.0978581
    outer loop
      vertex 6.52812 -12.2133 3.05423
      vertex 5.35111 -12.9187 1.68695
      vertex 6.5916 -12.332 1.68695
    endloop
  endfacet
  facet normal 0.14042 -0.94668 0.289963
    outer loop
      vertex 2.57161 -12.9283 5.71646
      vertex 1.29202 -13.1181 5.71646
      vertex 1.33111 -13.515 4.40172
    endloop
  endfacet
  facet normal 0.146019 -0.984424 0.0979158
    outer loop
      vertex 2.7017 -13.5824 3.05423
      vertex 1.35739 -13.7818 3.05423
      vertex 2.72797 -13.7145 1.68695
    endloop
  endfacet
  facet normal -0.335311 -0.937012 0.0978544
    outer loop
      vertex -4.02 -13.2522 3.05423
      vertex -5.29958 -12.7943 3.05423
      vertex -4.05909 -13.381 1.68695
    endloop
  endfacet
  facet normal -0.0469647 -0.955889 0.28995
    outer loop
      vertex 0 -13.1816 5.71646
      vertex -1.33111 -13.515 4.40172
      vertex 0 -13.5804 4.40172
    endloop
  endfacet
  facet normal -0.411996 -0.373413 0.831157
    outer loop
      vertex -5.08936 -5.08936 13.0082
      vertex -6.44674 -5.29071 12.2449
      vertex -5.89712 -5.89712 12.2449
    endloop
  endfacet
  facet normal -0.322415 -0.901083 0.289996
    outer loop
      vertex -3.82642 -12.614 5.71646
      vertex -5.04439 -12.1782 5.71646
      vertex -3.94219 -12.9957 4.40172
    endloop
  endfacet
  facet normal -0.42755 -0.903992 0
    outer loop
      vertex -6.5916 -12.332 1
      vertex -5.35111 -12.9187 1.68695
      vertex -6.5916 -12.332 1.68695
    endloop
  endfacet
  facet normal -0.42755 -0.903992 -0
    outer loop
      vertex -5.35111 -12.9187 1.68695
      vertex -6.5916 -12.332 1
      vertex -5.35111 -12.9187 1
    endloop
  endfacet
  facet normal 0.514064 -0.857752 0
    outer loop
      vertex 6.5916 -12.332 1
      vertex 7.76861 -11.6266 1.68695
      vertex 6.5916 -12.332 1.68695
    endloop
  endfacet
  facet normal 0.514064 -0.857752 0
    outer loop
      vertex 7.76861 -11.6266 1.68695
      vertex 6.5916 -12.332 1
      vertex 7.76861 -11.6266 1
    endloop
  endfacet
  facet normal 0.737397 -0.668327 0.0978974
    outer loop
      vertex 10.705 -8.78538 3.05423
      vertex 9.79235 -9.79235 3.05423
      vertex 9.88757 -9.88757 1.68695
    endloop
  endfacet
  facet normal 0.830784 0.0407977 0.555098
    outer loop
      vertex 11.9504 1.17701 8.19744
      vertex 11.1908 1.10219 9.33979
      vertex 12.0082 0 8.19744
    endloop
  endfacet
  facet normal 0.922922 -0.0453095 0.382312
    outer loop
      vertex 12.6558 0 6.98577
      vertex 12.5949 -1.24049 6.98577
      vertex 13.1816 0 5.71646
    endloop
  endfacet
  facet normal 0.922937 -0.0453604 0.382269
    outer loop
      vertex 13.1816 0 5.71646
      vertex 12.5949 -1.24049 6.98577
      vertex 13.1181 -1.29202 5.71646
    endloop
  endfacet
  facet normal 0.896359 -0.224517 0.382274
    outer loop
      vertex 12.9283 -2.57161 5.71646
      vertex 12.1109 -3.6738 6.98577
      vertex 12.614 -3.82642 5.71646
    endloop
  endfacet
  facet normal 0.970207 -0.14391 0.194905
    outer loop
      vertex 13.7818 -1.35739 3.05423
      vertex 13.515 -1.33111 4.40172
      vertex 13.5824 -2.7017 3.05423
    endloop
  endfacet
  facet normal 0.899653 -0.425498 0.0978581
    outer loop
      vertex 12.9187 -5.35111 1.68695
      vertex 12.2133 -6.52812 3.05423
      vertex 12.332 -6.5916 1.68695
    endloop
  endfacet
  facet normal 0.923485 -0.330471 0.194845
    outer loop
      vertex 13.2522 -4.02 3.05423
      vertex 12.5467 -5.19701 4.40172
      vertex 12.7943 -5.29958 3.05423
    endloop
  endfacet
  facet normal 0.923489 -0.330443 0.194871
    outer loop
      vertex 12.9957 -3.94219 4.40172
      vertex 12.5467 -5.19701 4.40172
      vertex 13.2522 -4.02 3.05423
    endloop
  endfacet
  facet normal 0.970217 -0.14388 0.194876
    outer loop
      vertex 13.515 -1.33111 4.40172
      vertex 13.3195 -2.64941 4.40172
      vertex 13.5824 -2.7017 3.05423
    endloop
  endfacet
  facet normal 0.713437 -0.427616 0.555115
    outer loop
      vertex 9.91712 -5.30081 9.33979
      vertex 9.3498 -6.24733 9.33979
      vertex 10.5903 -5.66063 8.19744
    endloop
  endfacet
  facet normal 0.797455 -0.377153 0.470979
    outer loop
      vertex 11.6925 -4.84318 6.98577
      vertex 11.0941 -4.59534 8.19744
      vertex 11.1615 -5.96593 6.98577
    endloop
  endfacet
  facet normal 0.671556 -0.740954 0
    outer loop
      vertex 8.87081 -10.8091 1
      vertex 9.88757 -9.88757 1.68695
      vertex 8.87081 -10.8091 1.68695
    endloop
  endfacet
  facet normal 0.671556 -0.740954 0
    outer loop
      vertex 9.88757 -9.88757 1.68695
      vertex 8.87081 -10.8091 1
      vertex 9.88757 -9.88757 1
    endloop
  endfacet
  facet normal 0.901082 -0.322426 0.289987
    outer loop
      vertex 12.9957 -3.94219 4.40172
      vertex 12.1782 -5.04439 5.71646
      vertex 12.5467 -5.19701 4.40172
    endloop
  endfacet
  facet normal 0.853601 -0.511642 0.0979165
    outer loop
      vertex 12.2133 -6.52812 3.05423
      vertex 11.5146 -7.6938 3.05423
      vertex 11.6266 -7.76861 1.68695
    endloop
  endfacet
  facet normal 0.737394 -0.66833 0.0979011
    outer loop
      vertex 10.705 -8.78538 3.05423
      vertex 9.88757 -9.88757 1.68695
      vertex 10.8091 -8.87081 1.68695
    endloop
  endfacet
  facet normal 0.820866 -0.492037 0.289962
    outer loop
      vertex 11.9769 -6.40177 4.40172
      vertex 10.9601 -7.32331 5.71646
      vertex 11.2917 -7.54489 4.40172
    endloop
  endfacet
  facet normal 0.797468 -0.377141 0.470966
    outer loop
      vertex 11.0941 -4.59534 8.19744
      vertex 10.5903 -5.66063 8.19744
      vertex 11.1615 -5.96593 6.98577
    endloop
  endfacet
  facet normal 0.509921 -0.378181 0.772632
    outer loop
      vertex 7.81733 -5.22337 11.3733
      vertex 6.44674 -5.29071 12.2449
      vertex 7.26771 -5.96445 11.3733
    endloop
  endfacet
  facet normal 0.756648 -0.453514 0.470966
    outer loop
      vertex 10.5903 -5.66063 8.19744
      vertex 10.523 -7.03121 6.98577
      vertex 11.1615 -5.96593 6.98577
    endloop
  endfacet
  facet normal 0.708532 -0.525515 0.470974
    outer loop
      vertex 9.98445 -6.6714 8.19744
      vertex 9.7831 -8.02879 6.98577
      vertex 10.523 -7.03121 6.98577
    endloop
  endfacet
  facet normal 0.404687 -0.24256 0.881699
    outer loop
      vertex 6.34757 -3.39285 13.0082
      vertex 4.97699 -3.32552 13.6558
      vertex 5.98445 -3.99868 13.0082
    endloop
  endfacet
  facet normal 0.699137 -0.330663 0.633932
    outer loop
      vertex 9.58369 -3.9697 10.4018
      vertex 9.14845 -4.88995 10.4018
      vertex 10.3889 -4.30324 9.33979
    endloop
  endfacet
  facet normal 0.0970189 0.0143866 0.995179
    outer loop
      vertex 1.37783 0.241219 14.9129
      vertex 2.04433 0.201349 14.8485
      vertex 2.01476 0.40076 14.8485
    endloop
  endfacet
  facet normal 0.0970194 0.014395 0.995178
    outer loop
      vertex 2.04433 0.201349 14.8485
      vertex 1.37783 0.241219 14.9129
      vertex 1.39326 0.137224 14.9129
    endloop
  endfacet
  facet normal 0.195127 0.0095859 0.980731
    outer loop
      vertex 3.38534 0.333426 14.5804
      vertex 2.04433 0.201349 14.8485
      vertex 3.40172 0 14.5804
    endloop
  endfacet
  facet normal 0.573904 -0.271434 0.772631
    outer loop
      vertex 7.70496 -3.1915 12.2449
      vertex 7.35504 -3.93135 12.2449
      vertex 8.68615 -3.59792 11.3733
    endloop
  endfacet
  facet normal 0.573904 -0.271432 0.772631
    outer loop
      vertex 8.68615 -3.59792 11.3733
      vertex 7.35504 -3.93135 12.2449
      vertex 8.29167 -4.43199 11.3733
    endloop
  endfacet
  facet normal 0.728181 -0.260545 0.633931
    outer loop
      vertex 9.92664 -3.01121 10.4018
      vertex 9.58369 -3.9697 10.4018
      vertex 10.3889 -4.30324 9.33979
    endloop
  endfacet
  facet normal 0.639606 -0.302507 0.706678
    outer loop
      vertex 9.58369 -3.9697 10.4018
      vertex 8.29167 -4.43199 11.3733
      vertex 9.14845 -4.88995 10.4018
    endloop
  endfacet
  facet normal 0.606874 0.363745 0.706678
    outer loop
      vertex 8.6251 5.76311 10.4018
      vertex 8.29167 4.43199 11.3733
      vertex 9.14845 4.88995 10.4018
    endloop
  endfacet
  facet normal 0.639606 0.302507 0.706678
    outer loop
      vertex 9.14845 4.88995 10.4018
      vertex 8.29167 4.43199 11.3733
      vertex 9.58369 3.9697 10.4018
    endloop
  endfacet
  facet normal 0.257273 0.283858 0.923707
    outer loop
      vertex 3.79733 4.62706 13.6558
      vertex 2.99209 3.64587 14.1816
      vertex 3.33504 3.33504 14.1816
    endloop
  endfacet
  facet normal 0.378961 0.281057 0.8817
    outer loop
      vertex 5.56369 4.56601 13.0082
      vertex 4.62706 3.79733 13.6558
      vertex 5.98445 3.99868 13.0082
    endloop
  endfacet
  facet normal 0.550018 -0.0815882 0.831158
    outer loop
      vertex 7.16278 -0.705472 13.0082
      vertex 7.05914 -1.40415 13.0082
      vertex 8.17954 -1.62701 12.2449
    endloop
  endfacet
  facet normal 0.750199 -0.187922 0.633946
    outer loop
      vertex 10.174 -2.02373 10.4018
      vertex 9.92664 -3.01121 10.4018
      vertex 10.7607 -3.26422 9.33979
    endloop
  endfacet
  facet normal 0.316845 -0.34959 0.881701
    outer loop
      vertex 5.08936 -5.08936 13.0082
      vertex 3.79733 -4.62706 13.6558
      vertex 4.56601 -5.56369 13.0082
    endloop
  endfacet
  facet normal 0.539373 -0.135103 0.831158
    outer loop
      vertex 7.05914 -1.40415 13.0082
      vertex 6.88752 -2.08931 13.0082
      vertex 8.17954 -1.62701 12.2449
    endloop
  endfacet
  facet normal 0.555366 -0.0272853 0.831158
    outer loop
      vertex 7.19744 0 13.0082
      vertex 7.16278 -0.705472 13.0082
      vertex 8.33979 0 12.2449
    endloop
  endfacet
  facet normal 0.378952 0.0562106 0.923708
    outer loop
      vertex 5.87076 1.16777 13.6558
      vertex 4.69375 0.462294 14.1816
      vertex 5.95695 0.586708 13.6558
    endloop
  endfacet
  facet normal 0.460705 0.621179 0.633946
    outer loop
      vertex 7.13369 8.69243 9.33979
      vertex 5.76311 8.6251 10.4018
      vertex 6.58076 8.01868 10.4018
    endloop
  endfacet
  facet normal 0.426344 0.470395 0.772631
    outer loop
      vertex 5.96445 7.26771 11.3733
      vertex 5.29071 6.44674 12.2449
      vertex 6.64809 6.64809 11.3733
    endloop
  endfacet
  facet normal 0.355607 0.751925 0.555115
    outer loop
      vertex 5.66063 10.5903 8.19744
      vertex 4.30324 10.3889 9.33979
      vertex 5.30081 9.91712 9.33979
    endloop
  endfacet
  facet normal 0.708532 0.525515 0.470974
    outer loop
      vertex 10.523 7.03121 6.98577
      vertex 9.7831 8.02879 6.98577
      vertex 9.98445 6.6714 8.19744
    endloop
  endfacet
  facet normal 0.360701 0.129064 0.923708
    outer loop
      vertex 5.53013 2.29066 13.6558
      vertex 4.51337 1.36911 14.1816
      vertex 5.72803 1.73758 13.6558
    endloop
  endfacet
  facet normal 0.307704 0.228217 0.923707
    outer loop
      vertex 4.62706 3.79733 13.6558
      vertex 3.64587 2.99209 14.1816
      vertex 4.97699 3.32552 13.6558
    endloop
  endfacet
  facet normal 0.233407 0.173105 0.956847
    outer loop
      vertex 3.64587 2.99209 14.1816
      vertex 2.82843 1.8899 14.5804
      vertex 3.92159 2.62032 14.1816
    endloop
  endfacet
  facet normal 0.193249 0.0286563 0.980731
    outer loop
      vertex 3.38534 0.333426 14.5804
      vertex 2.01476 0.40076 14.8485
      vertex 2.04433 0.201349 14.8485
    endloop
  endfacet
  facet normal 0.302507 0.639606 0.706678
    outer loop
      vertex 3.9697 9.58369 10.4018
      vertex 3.59792 8.68615 11.3733
      vertex 4.43199 8.29167 11.3733
    endloop
  endfacet
  facet normal 0.201729 0.426509 0.8817
    outer loop
      vertex 2.75434 6.64957 13.0082
      vertex 2.29066 5.53013 13.6558
      vertex 3.39285 6.34757 13.0082
    endloop
  endfacet
  facet normal -0.311297 0.870039 0.382266
    outer loop
      vertex -3.6738 12.1109 6.98577
      vertex -5.04439 12.1782 5.71646
      vertex -4.84318 11.6925 6.98577
    endloop
  endfacet
  facet normal -0.0432568 0.881111 0.470927
    outer loop
      vertex 0 12.6558 6.98577
      vertex -1.24049 12.5949 6.98577
      vertex 0 12.0082 8.19744
    endloop
  endfacet
  facet normal 0.146696 0.989182 -0
    outer loop
      vertex 2.72797 13.7145 1
      vertex 1.37059 13.9158 1.68695
      vertex 2.72797 13.7145 1.68695
    endloop
  endfacet
  facet normal 0.146696 0.989182 0
    outer loop
      vertex 1.37059 13.9158 1.68695
      vertex 2.72797 13.7145 1
      vertex 1.37059 13.9158 1
    endloop
  endfacet
  facet normal -0.491992 0.820879 0.290004
    outer loop
      vertex -6.40177 11.9769 4.40172
      vertex -7.32331 10.9601 5.71646
      vertex -6.21377 11.6251 5.71646
    endloop
  endfacet
  facet normal 0.335277 0.93702 0.0978893
    outer loop
      vertex 5.35111 12.9187 1.68695
      vertex 4.05909 13.381 1.68695
      vertex 5.29958 12.7943 3.05423
    endloop
  endfacet
  facet normal -0.241862 0.965358 0.0979152
    outer loop
      vertex -2.72797 13.7145 1.68695
      vertex -4.05909 13.381 1.68695
      vertex -2.7017 13.5824 3.05423
    endloop
  endfacet
  facet normal -0.504267 0.841269 0.194888
    outer loop
      vertex -6.40177 11.9769 4.40172
      vertex -7.6938 11.5146 3.05423
      vertex -7.54489 11.2917 4.40172
    endloop
  endfacet
  facet normal -0.335277 0.93702 0.0978893
    outer loop
      vertex -4.05909 13.381 1.68695
      vertex -5.35111 12.9187 1.68695
      vertex -5.29958 12.7943 3.05423
    endloop
  endfacet
  facet normal -0.232523 0.928353 0.28999
    outer loop
      vertex -2.64941 13.3195 4.40172
      vertex -3.94219 12.9957 4.40172
      vertex -2.57161 12.9283 5.71646
    endloop
  endfacet
  facet normal 0.135561 0.914061 0.382251
    outer loop
      vertex 2.57161 12.9283 5.71646
      vertex 1.24049 12.5949 6.98577
      vertex 2.46903 12.4127 6.98577
    endloop
  endfacet
  facet normal -0.322426 0.901082 0.289987
    outer loop
      vertex -3.94219 12.9957 4.40172
      vertex -5.19701 12.5467 4.40172
      vertex -5.04439 12.1782 5.71646
    endloop
  endfacet
  facet normal -0.783156 0.280242 0.555095
    outer loop
      vertex -10.3889 4.30324 9.33979
      vertex -11.4911 3.4858 8.19744
      vertex -10.7607 3.26422 9.33979
    endloop
  endfacet
  facet normal 0.135105 0.539374 0.831157
    outer loop
      vertex 2.42091 7.98068 12.2449
      vertex 1.62701 8.17954 12.2449
      vertex 2.08931 6.88752 13.0082
    endloop
  endfacet
  facet normal 0.0432689 0.881106 0.470936
    outer loop
      vertex 1.24049 12.5949 6.98577
      vertex 0 12.0082 8.19744
      vertex 1.17701 11.9504 8.19744
    endloop
  endfacet
  facet normal 0.558586 0.61631 0.555107
    outer loop
      vertex 8.49108 8.49108 8.19744
      vertex 7.61792 9.28246 8.19744
      vertex 7.95135 7.95135 9.33979
    endloop
  endfacet
  facet normal 0.519368 0.573034 0.633947
    outer loop
      vertex 7.95135 7.95135 9.33979
      vertex 6.58076 8.01868 10.4018
      vertex 7.33504 7.33504 10.4018
    endloop
  endfacet
  facet normal 0.23831 0.951438 0.194871
    outer loop
      vertex 4.02 13.2522 3.05423
      vertex 2.7017 13.5824 3.05423
      vertex 3.94219 12.9957 4.40172
    endloop
  endfacet
  facet normal 0.419327 0.886679 0.194845
    outer loop
      vertex 5.29958 12.7943 3.05423
      vertex 5.19701 12.5467 4.40172
      vertex 6.52812 12.2133 3.05423
    endloop
  endfacet
  facet normal 0.504256 0.841279 0.194874
    outer loop
      vertex 6.52812 12.2133 3.05423
      vertex 6.40177 11.9769 4.40172
      vertex 7.6938 11.5146 3.05423
    endloop
  endfacet
  facet normal 0.243029 0.970019 -0
    outer loop
      vertex 4.05909 13.381 1
      vertex 2.72797 13.7145 1.68695
      vertex 4.05909 13.381 1.68695
    endloop
  endfacet
  facet normal 0.243029 0.970019 0
    outer loop
      vertex 2.72797 13.7145 1.68695
      vertex 4.05909 13.381 1
      vertex 2.72797 13.7145 1
    endloop
  endfacet
  facet normal 0.822774 -0.122107 0.555097
    outer loop
      vertex 11.1908 -1.10219 9.33979
      vertex 11.0288 -2.19377 9.33979
      vertex 11.9504 -1.17701 8.19744
    endloop
  endfacet
  facet normal 0.830776 -0.0407779 0.555111
    outer loop
      vertex 11.2449 0 9.33979
      vertex 11.1908 -1.10219 9.33979
      vertex 12.0082 0 8.19744
    endloop
  endfacet
  facet normal 0.881106 -0.0432689 0.470936
    outer loop
      vertex 12.0082 0 8.19744
      vertex 11.9504 -1.17701 8.19744
      vertex 12.5949 -1.24049 6.98577
    endloop
  endfacet
  facet normal 0.765018 -0.113503 0.633928
    outer loop
      vertex 10.3234 -1.01676 10.4018
      vertex 10.174 -2.02373 10.4018
      vertex 11.0288 -2.19377 9.33979
    endloop
  endfacet
  facet normal 0.772446 0.0379148 0.633948
    outer loop
      vertex 11.1908 1.10219 9.33979
      vertex 10.3234 1.01676 10.4018
      vertex 11.2449 0 9.33979
    endloop
  endfacet
  facet normal 0.728162 0.260564 0.633945
    outer loop
      vertex 10.3889 4.30324 9.33979
      vertex 9.92664 3.01121 10.4018
      vertex 10.7607 3.26422 9.33979
    endloop
  endfacet
  facet normal 0.896361 0.224542 0.382253
    outer loop
      vertex 12.9283 2.57161 5.71646
      vertex 12.1109 3.6738 6.98577
      vertex 12.4127 2.46903 6.98577
    endloop
  endfacet
  facet normal 0.896359 0.224517 0.382274
    outer loop
      vertex 12.614 3.82642 5.71646
      vertex 12.1109 3.6738 6.98577
      vertex 12.9283 2.57161 5.71646
    endloop
  endfacet
  facet normal 0.699872 0.103837 0.70668
    outer loop
      vertex 10.174 2.02373 10.4018
      vertex 9.22117 1.8342 11.3733
      vertex 10.3234 1.01676 10.4018
    endloop
  endfacet
  facet normal 0.764998 0.113532 0.633947
    outer loop
      vertex 11.0288 2.19377 9.33979
      vertex 10.3234 1.01676 10.4018
      vertex 11.1908 1.10219 9.33979
    endloop
  endfacet
  facet normal 0.584277 0.787807 0.194886
    outer loop
      vertex 7.6938 11.5146 3.05423
      vertex 7.54489 11.2917 4.40172
      vertex 8.61534 10.4978 4.40172
    endloop
  endfacet
  facet normal 0.511596 0.853635 0.0978604
    outer loop
      vertex 6.5916 12.332 1.68695
      vertex 6.52812 12.2133 3.05423
      vertex 7.76861 11.6266 1.68695
    endloop
  endfacet
  facet normal 0.213882 0.597739 0.772634
    outer loop
      vertex 2.72921 8.99699 11.3733
      vertex 2.42091 7.98068 12.2449
      vertex 3.59792 8.68615 11.3733
    endloop
  endfacet
  facet normal 0.377153 0.797455 0.470979
    outer loop
      vertex 4.84318 11.6925 6.98577
      vertex 4.59534 11.0941 8.19744
      vertex 5.96593 11.1615 6.98577
    endloop
  endfacet
  facet normal 0.0346825 0.706689 0.706674
    outer loop
      vertex 0 10.3733 10.4018
      vertex 0 9.40182 11.3733
      vertex 1.01676 10.3234 10.4018
    endloop
  endfacet
  facet normal 0.302507 0.639606 0.706678
    outer loop
      vertex 4.88995 9.14845 10.4018
      vertex 3.9697 9.58369 10.4018
      vertex 4.43199 8.29167 11.3733
    endloop
  endfacet
  facet normal 0.409176 0.865143 0.290006
    outer loop
      vertex 6.40177 11.9769 4.40172
      vertex 5.19701 12.5467 4.40172
      vertex 6.21377 11.6251 5.71646
    endloop
  endfacet
  facet normal 0.330471 0.923485 0.194845
    outer loop
      vertex 5.29958 12.7943 3.05423
      vertex 4.02 13.2522 3.05423
      vertex 5.19701 12.5467 4.40172
    endloop
  endfacet
  facet normal 0.928353 0.232523 0.28999
    outer loop
      vertex 12.9957 3.94219 4.40172
      vertex 12.9283 2.57161 5.71646
      vertex 13.3195 2.64941 4.40172
    endloop
  endfacet
  facet normal 0.994 0.0488083 0.097888
    outer loop
      vertex 13.9158 1.37059 1.68695
      vertex 13.7818 1.35739 3.05423
      vertex 13.9831 0 1.68695
    endloop
  endfacet
  facet normal 0.93702 0.335277 0.0978893
    outer loop
      vertex 12.9187 5.35111 1.68695
      vertex 12.7943 5.29958 3.05423
      vertex 13.381 4.05909 1.68695
    endloop
  endfacet
  facet normal 0.899664 0.425468 0.0978896
    outer loop
      vertex 12.9187 5.35111 1.68695
      vertex 12.2133 6.52812 3.05423
      vertex 12.7943 5.29958 3.05423
    endloop
  endfacet
  facet normal 0.984431 0.145992 0.0978884
    outer loop
      vertex 13.9158 1.37059 1.68695
      vertex 13.7145 2.72797 1.68695
      vertex 13.7818 1.35739 3.05423
    endloop
  endfacet
  facet normal 0.979639 0.0481379 0.194911
    outer loop
      vertex 13.7818 1.35739 3.05423
      vertex 13.5804 0 4.40172
      vertex 13.8485 0 3.05423
    endloop
  endfacet
  facet normal 0.994002 -0.0488437 0.0978531
    outer loop
      vertex 13.8485 0 3.05423
      vertex 13.7818 -1.35739 3.05423
      vertex 13.9831 0 1.68695
    endloop
  endfacet
  facet normal 0.797455 0.377153 0.470979
    outer loop
      vertex 11.1615 5.96593 6.98577
      vertex 11.0941 4.59534 8.19744
      vertex 11.6925 4.84318 6.98577
    endloop
  endfacet
  facet normal 0.870032 0.311305 0.382274
    outer loop
      vertex 12.1782 5.04439 5.71646
      vertex 12.1109 3.6738 6.98577
      vertex 12.614 3.82642 5.71646
    endloop
  endfacet
  facet normal 0.841269 0.504267 0.194888
    outer loop
      vertex 11.5146 7.6938 3.05423
      vertex 11.2917 7.54489 4.40172
      vertex 11.9769 6.40177 4.40172
    endloop
  endfacet
  facet normal 0.841279 0.504256 0.194874
    outer loop
      vertex 12.2133 6.52812 3.05423
      vertex 11.5146 7.6938 3.05423
      vertex 11.9769 6.40177 4.40172
    endloop
  endfacet
  facet normal 0.914051 0.13558 0.382269
    outer loop
      vertex 12.9283 2.57161 5.71646
      vertex 12.5949 1.24049 6.98577
      vertex 13.1181 1.29202 5.71646
    endloop
  endfacet
  facet normal 0.914061 0.135561 0.382251
    outer loop
      vertex 12.9283 2.57161 5.71646
      vertex 12.4127 2.46903 6.98577
      vertex 12.5949 1.24049 6.98577
    endloop
  endfacet
  facet normal 0.570111 0.768695 0.289968
    outer loop
      vertex 8.61534 10.4978 4.40172
      vertex 7.32331 10.9601 5.71646
      vertex 8.36233 10.1895 5.71646
    endloop
  endfacet
  facet normal 0.642699 0.709124 0.289968
    outer loop
      vertex 8.61534 10.4978 4.40172
      vertex 8.36233 10.1895 5.71646
      vertex 9.60282 9.60282 4.40172
    endloop
  endfacet
  facet normal 0.525515 0.708532 0.470974
    outer loop
      vertex 7.03121 10.523 6.98577
      vertex 6.6714 9.98445 8.19744
      vertex 8.02879 9.7831 6.98577
    endloop
  endfacet
  facet normal 0.55048 0.742192 0.382261
    outer loop
      vertex 7.32331 10.9601 5.71646
      vertex 7.03121 10.523 6.98577
      vertex 8.02879 9.7831 6.98577
    endloop
  endfacet
  facet normal 0.756636 0.453523 0.470977
    outer loop
      vertex 10.523 7.03121 6.98577
      vertex 9.98445 6.6714 8.19744
      vertex 10.5903 5.66063 8.19744
    endloop
  endfacet
  facet normal 0.709127 0.642697 0.289964
    outer loop
      vertex 9.60282 9.60282 4.40172
      vertex 9.32081 9.32081 5.71646
      vertex 10.1895 8.36233 5.71646
    endloop
  endfacet
  facet normal 0.653637 0.592418 0.470956
    outer loop
      vertex 8.94904 8.94904 6.98577
      vertex 8.49108 8.49108 8.19744
      vertex 9.7831 8.02879 6.98577
    endloop
  endfacet
  facet normal 0.66809 0.495491 0.555107
    outer loop
      vertex 9.98445 6.6714 8.19744
      vertex 9.28246 7.61792 8.19744
      vertex 9.3498 6.24733 9.33979
    endloop
  endfacet
  facet normal 0.668327 0.737397 0.0978974
    outer loop
      vertex 9.88757 9.88757 1.68695
      vertex 8.78538 10.705 3.05423
      vertex 9.79235 9.79235 3.05423
    endloop
  endfacet
  facet normal 0.592851 0.799339 0.0979013
    outer loop
      vertex 8.87081 10.8091 1.68695
      vertex 7.6938 11.5146 3.05423
      vertex 8.78538 10.705 3.05423
    endloop
  endfacet
  facet normal 0.79933 0.592862 0.0979148
    outer loop
      vertex 11.6266 7.76861 1.68695
      vertex 10.8091 8.87081 1.68695
      vertex 11.5146 7.6938 3.05423
    endloop
  endfacet
  facet normal 0.853601 0.511642 0.0979165
    outer loop
      vertex 11.6266 7.76861 1.68695
      vertex 11.5146 7.6938 3.05423
      vertex 12.2133 6.52812 3.05423
    endloop
  endfacet
  facet normal -0.61583 -0.154252 0.772632
    outer loop
      vertex -8.17954 -1.62701 12.2449
      vertex -9.22117 -1.8342 11.3733
      vertex -8.99699 -2.72921 11.3733
    endloop
  endfacet
  facet normal -0.302507 -0.639606 0.706678
    outer loop
      vertex -4.43199 -8.29167 11.3733
      vertex -4.88995 -9.14845 10.4018
      vertex -3.9697 -9.58369 10.4018
    endloop
  endfacet
  facet normal -0.281885 -0.070605 0.956847
    outer loop
      vertex -3.33636 -0.663643 14.5804
      vertex -4.51337 -1.36911 14.1816
      vertex -3.25525 -0.987468 14.5804
    endloop
  endfacet
  facet normal -0.193249 -0.0286563 0.980731
    outer loop
      vertex -2.04433 -0.201349 14.8485
      vertex -3.38534 -0.333426 14.5804
      vertex -2.01476 -0.40076 14.8485
    endloop
  endfacet
  facet normal -0.0562106 -0.378952 0.923708
    outer loop
      vertex -0.462294 -4.69375 14.1816
      vertex -1.16777 -5.87076 13.6558
      vertex -0.586708 -5.95695 13.6558
    endloop
  endfacet
  facet normal -0.233405 -0.173106 0.956847
    outer loop
      vertex -2.82843 -1.8899 14.5804
      vertex -3.64587 -2.99209 14.1816
      vertex -2.62957 -2.15803 14.5804
    endloop
  endfacet
  facet normal -0.75022 0.187897 0.633928
    outer loop
      vertex -10.7607 3.26422 9.33979
      vertex -11.0288 2.19377 9.33979
      vertex -10.174 2.02373 10.4018
    endloop
  endfacet
  facet normal -0.87262 0.129433 0.470937
    outer loop
      vertex -11.7775 2.34268 8.19744
      vertex -12.5949 1.24049 6.98577
      vertex -11.9504 1.17701 8.19744
    endloop
  endfacet
  facet normal -0.772444 -0.0379096 0.633951
    outer loop
      vertex -10.3733 0 10.4018
      vertex -11.2449 0 9.33979
      vertex -10.3234 -1.01676 10.4018
    endloop
  endfacet
  facet normal -0.597745 0.213875 0.772631
    outer loop
      vertex -7.70496 3.1915 12.2449
      vertex -8.68615 3.59792 11.3733
      vertex -7.98068 2.42091 12.2449
    endloop
  endfacet
  facet normal -0.44423 0.158947 0.8817
    outer loop
      vertex -6.64957 2.75434 13.0082
      vertex -6.88752 2.08931 13.0082
      vertex -5.53013 2.29066 13.6558
    endloop
  endfacet
  facet normal -0.29024 0.0142579 0.956848
    outer loop
      vertex -4.69375 0.462294 14.1816
      vertex -4.71646 0 14.1816
      vertex -3.40172 0 14.5804
    endloop
  endfacet
  facet normal -0.63409 0.0311493 0.772631
    outer loop
      vertex -9.35655 0.921539 11.3733
      vertex -9.40182 0 11.3733
      vertex -8.29963 0.817442 12.2449
    endloop
  endfacet
  facet normal -0.24925 0.149393 0.956847
    outer loop
      vertex -3.92159 2.62032 14.1816
      vertex -4.15954 2.22332 14.1816
      vertex -2.82843 1.8899 14.5804
    endloop
  endfacet
  facet normal -0.346315 -0.163795 0.923708
    outer loop
      vertex -4.15954 -2.22332 14.1816
      vertex -5.53013 -2.29066 13.6558
      vertex -5.27898 -2.82167 13.6558
    endloop
  endfacet
  facet normal 0.328595 0.196948 0.923708
    outer loop
      vertex 4.97699 3.32552 13.6558
      vertex 4.15954 2.22332 14.1816
      vertex 5.27898 2.82167 13.6558
    endloop
  endfacet
  facet normal -0.0286641 0.19325 0.980731
    outer loop
      vertex -0.333426 3.38534 14.5804
      vertex -0.663643 3.33636 14.5804
      vertex -0.40076 2.01476 14.8485
    endloop
  endfacet
  facet normal -0.0330441 0.0923473 0.995178
    outer loop
      vertex -0.59631 1.96577 14.8485
      vertex -0.505385 1.3043 14.9129
      vertex -0.406398 1.33972 14.9129
    endloop
  endfacet
  facet normal -0.0330404 0.0923478 0.995178
    outer loop
      vertex -0.505385 1.3043 14.9129
      vertex -0.59631 1.96577 14.8485
      vertex -0.786118 1.89786 14.8485
    endloop
  endfacet
  facet normal 0.0286563 -0.193249 0.980731
    outer loop
      vertex 0.40076 -2.01476 14.8485
      vertex 0.201349 -2.04433 14.8485
      vertex 0.333426 -3.38534 14.5804
    endloop
  endfacet
  facet normal -0.257273 0.283858 0.923707
    outer loop
      vertex -2.99209 3.64587 14.1816
      vertex -3.79733 4.62706 13.6558
      vertex -3.33504 3.33504 14.1816
    endloop
  endfacet
  facet normal 0.0272853 0.555366 0.831158
    outer loop
      vertex 0 8.33979 12.2449
      vertex 0 7.19744 13.0082
      vertex 0.705472 7.16278 13.0082
    endloop
  endfacet
  facet normal -0.173105 0.233407 0.956847
    outer loop
      vertex -2.62032 3.92159 14.1816
      vertex -2.99209 3.64587 14.1816
      vertex -1.8899 2.82843 14.5804
    endloop
  endfacet
  facet normal -0.44423 0.158952 0.881699
    outer loop
      vertex -5.53013 2.29066 13.6558
      vertex -6.88752 2.08931 13.0082
      vertex -5.72803 1.73758 13.6558
    endloop
  endfacet
  facet normal -0.684673 0.620547 0.382288
    outer loop
      vertex -9.32081 9.32081 5.71646
      vertex -9.7831 8.02879 6.98577
      vertex -8.94904 8.94904 6.98577
    endloop
  endfacet
  facet normal -0.772444 0.0379096 0.633951
    outer loop
      vertex -10.3234 1.01676 10.4018
      vertex -11.2449 0 9.33979
      vertex -10.3733 0 10.4018
    endloop
  endfacet
  facet normal -0.699137 0.330642 0.633943
    outer loop
      vertex -9.91712 5.30081 9.33979
      vertex -10.3889 4.30324 9.33979
      vertex -9.14845 4.88995 10.4018
    endloop
  endfacet
  facet normal -0.509921 0.378181 0.772632
    outer loop
      vertex -7.26771 5.96445 11.3733
      vertex -7.81733 5.22337 11.3733
      vertex -6.44674 5.29071 12.2449
    endloop
  endfacet
  facet normal -0.620542 0.684683 0.382279
    outer loop
      vertex -8.36233 10.1895 5.71646
      vertex -9.32081 9.32081 5.71646
      vertex -8.02879 9.7831 6.98577
    endloop
  endfacet
  facet normal -0.453523 0.756636 0.470977
    outer loop
      vertex -5.66063 10.5903 8.19744
      vertex -7.03121 10.523 6.98577
      vertex -6.6714 9.98445 8.19744
    endloop
  endfacet
  facet normal -0.756648 0.453514 0.470966
    outer loop
      vertex -10.523 7.03121 6.98577
      vertex -11.1615 5.96593 6.98577
      vertex -10.5903 5.66063 8.19744
    endloop
  endfacet
  facet normal -0.820879 0.491992 0.290004
    outer loop
      vertex -10.9601 7.32331 5.71646
      vertex -11.9769 6.40177 4.40172
      vertex -11.6251 6.21377 5.71646
    endloop
  endfacet
  facet normal -0.970207 0.14391 0.194905
    outer loop
      vertex -13.5824 2.7017 3.05423
      vertex -13.7818 1.35739 3.05423
      vertex -13.515 1.33111 4.40172
    endloop
  endfacet
  facet normal -0.97964 0.0481316 0.194905
    outer loop
      vertex -13.515 1.33111 4.40172
      vertex -13.7818 1.35739 3.05423
      vertex -13.5804 0 4.40172
    endloop
  endfacet
  facet normal -0.928349 0.232529 0.289997
    outer loop
      vertex -12.614 3.82642 5.71646
      vertex -12.9957 3.94219 4.40172
      vertex -12.9283 2.57161 5.71646
    endloop
  endfacet
  facet normal -0.896359 0.224517 0.382274
    outer loop
      vertex -12.614 3.82642 5.71646
      vertex -12.9283 2.57161 5.71646
      vertex -12.1109 3.6738 6.98577
    endloop
  endfacet
  facet normal -0.922922 0.0453095 0.382312
    outer loop
      vertex -12.5949 1.24049 6.98577
      vertex -13.1816 0 5.71646
      vertex -12.6558 0 6.98577
    endloop
  endfacet
  facet normal -0.922922 -0.0453095 0.382312
    outer loop
      vertex -12.6558 0 6.98577
      vertex -13.1816 0 5.71646
      vertex -12.5949 -1.24049 6.98577
    endloop
  endfacet
  facet normal -0.970217 0.14388 0.194876
    outer loop
      vertex -13.3195 2.64941 4.40172
      vertex -13.5824 2.7017 3.05423
      vertex -13.515 1.33111 4.40172
    endloop
  endfacet
  facet normal -0.951438 0.238305 0.194876
    outer loop
      vertex -12.9957 3.94219 4.40172
      vertex -13.5824 2.7017 3.05423
      vertex -13.3195 2.64941 4.40172
    endloop
  endfacet
  facet normal -0.886661 0.419353 0.194875
    outer loop
      vertex -12.2133 6.52812 3.05423
      vertex -12.5467 5.19701 4.40172
      vertex -11.9769 6.40177 4.40172
    endloop
  endfacet
  facet normal -0.792604 0.475045 0.382244
    outer loop
      vertex -10.9601 7.32331 5.71646
      vertex -11.6251 6.21377 5.71646
      vertex -11.1615 5.96593 6.98577
    endloop
  endfacet
  facet normal -0.803189 0.595724 0
    outer loop
      vertex -11.6266 7.76861 1
      vertex -10.8091 8.87081 1.68695
      vertex -10.8091 8.87081 1
    endloop
  endfacet
  facet normal -0.803189 0.595724 0
    outer loop
      vertex -10.8091 8.87081 1.68695
      vertex -11.6266 7.76861 1
      vertex -11.6266 7.76861 1.68695
    endloop
  endfacet
  facet normal -0.684683 0.620542 0.382279
    outer loop
      vertex -9.32081 9.32081 5.71646
      vertex -10.1895 8.36233 5.71646
      vertex -9.7831 8.02879 6.98577
    endloop
  endfacet
  facet normal -0.620547 0.684673 0.382288
    outer loop
      vertex -8.02879 9.7831 6.98577
      vertex -9.32081 9.32081 5.71646
      vertex -8.94904 8.94904 6.98577
    endloop
  endfacet
  facet normal -0.899653 0.425498 0.0978581
    outer loop
      vertex -12.332 6.5916 1.68695
      vertex -12.9187 5.35111 1.68695
      vertex -12.2133 6.52812 3.05423
    endloop
  endfacet
  facet normal -0.937012 0.335311 0.0978544
    outer loop
      vertex -12.7943 5.29958 3.05423
      vertex -13.381 4.05909 1.68695
      vertex -13.2522 4.02 3.05423
    endloop
  endfacet
  facet normal -0.923485 0.330471 0.194845
    outer loop
      vertex -12.7943 5.29958 3.05423
      vertex -13.2522 4.02 3.05423
      vertex -12.5467 5.19701 4.40172
    endloop
  endfacet
  facet normal -0.989182 0.146696 0
    outer loop
      vertex -13.9158 1.37059 1
      vertex -13.7145 2.72797 1.68695
      vertex -13.7145 2.72797 1
    endloop
  endfacet
  facet normal -0.989182 0.146696 0
    outer loop
      vertex -13.7145 2.72797 1.68695
      vertex -13.9158 1.37059 1
      vertex -13.9158 1.37059 1.68695
    endloop
  endfacet
  facet normal -0.671556 -0.740954 0
    outer loop
      vertex -9.88757 -9.88757 1
      vertex -8.87081 -10.8091 1.68695
      vertex -9.88757 -9.88757 1.68695
    endloop
  endfacet
  facet normal -0.671556 -0.740954 -0
    outer loop
      vertex -8.87081 -10.8091 1.68695
      vertex -9.88757 -9.88757 1
      vertex -8.87081 -10.8091 1
    endloop
  endfacet
  facet normal -0.514064 -0.857752 0
    outer loop
      vertex -7.76861 -11.6266 1
      vertex -6.5916 -12.332 1.68695
      vertex -7.76861 -11.6266 1.68695
    endloop
  endfacet
  facet normal -0.514064 -0.857752 -0
    outer loop
      vertex -6.5916 -12.332 1.68695
      vertex -7.76861 -11.6266 1
      vertex -6.5916 -12.332 1
    endloop
  endfacet
  facet normal -0.970019 -0.243029 0
    outer loop
      vertex -13.381 -4.05909 1
      vertex -13.7145 -2.72797 1.68695
      vertex -13.7145 -2.72797 1
    endloop
  endfacet
  facet normal -0.970019 -0.243029 0
    outer loop
      vertex -13.7145 -2.72797 1.68695
      vertex -13.381 -4.05909 1
      vertex -13.381 -4.05909 1.68695
    endloop
  endfacet
  facet normal -0.899653 -0.425498 0.0978581
    outer loop
      vertex -12.2133 -6.52812 3.05423
      vertex -12.9187 -5.35111 1.68695
      vertex -12.332 -6.5916 1.68695
    endloop
  endfacet
  facet normal -0.984424 -0.146019 0.0979158
    outer loop
      vertex -13.5824 -2.7017 3.05423
      vertex -13.7818 -1.35739 3.05423
      vertex -13.7145 -2.72797 1.68695
    endloop
  endfacet
  facet normal -0.941542 -0.336895 0
    outer loop
      vertex -12.9187 -5.35111 1
      vertex -13.381 -4.05909 1.68695
      vertex -13.381 -4.05909 1
    endloop
  endfacet
  facet normal -0.941542 -0.336895 0
    outer loop
      vertex -13.381 -4.05909 1.68695
      vertex -12.9187 -5.35111 1
      vertex -12.9187 -5.35111 1.68695
    endloop
  endfacet
  facet normal -0.699872 -0.103837 0.70668
    outer loop
      vertex -9.22117 -1.8342 11.3733
      vertex -10.3234 -1.01676 10.4018
      vertex -10.174 -2.02373 10.4018
    endloop
  endfacet
  facet normal -0.841279 -0.504256 0.194874
    outer loop
      vertex -11.9769 -6.40177 4.40172
      vertex -12.2133 -6.52812 3.05423
      vertex -11.5146 -7.6938 3.05423
    endloop
  endfacet
  facet normal -0.297187 -0.83058 0.470974
    outer loop
      vertex -3.4858 -11.4911 8.19744
      vertex -4.59534 -11.0941 8.19744
      vertex -3.6738 -12.1109 6.98577
    endloop
  endfacet
  facet normal -0.550459 -0.742198 0.382278
    outer loop
      vertex -8.02879 -9.7831 6.98577
      vertex -8.36233 -10.1895 5.71646
      vertex -7.32331 -10.9601 5.71646
    endloop
  endfacet
  facet normal -0.737397 -0.668327 0.0978974
    outer loop
      vertex -9.79235 -9.79235 3.05423
      vertex -10.705 -8.78538 3.05423
      vertex -9.88757 -9.88757 1.68695
    endloop
  endfacet
  facet normal -0.709124 -0.642699 0.289968
    outer loop
      vertex -10.1895 -8.36233 5.71646
      vertex -10.4978 -8.61534 4.40172
      vertex -9.60282 -9.60282 4.40172
    endloop
  endfacet
  facet normal -0.597739 -0.213882 0.772634
    outer loop
      vertex -7.98068 -2.42091 12.2449
      vertex -8.99699 -2.72921 11.3733
      vertex -8.68615 -3.59792 11.3733
    endloop
  endfacet
  facet normal -0.684683 -0.620542 0.382279
    outer loop
      vertex -9.7831 -8.02879 6.98577
      vertex -10.1895 -8.36233 5.71646
      vertex -9.32081 -9.32081 5.71646
    endloop
  endfacet
  facet normal -0.0231482 -0.471243 0.881699
    outer loop
      vertex -0.586708 -5.95695 13.6558
      vertex -0.705472 -7.16278 13.0082
      vertex 0 -5.98577 13.6558
    endloop
  endfacet
  facet normal -0.0347147 -0.706671 0.706691
    outer loop
      vertex -0.921539 -9.35655 11.3733
      vertex -1.01676 -10.3234 10.4018
      vertex 0 -9.40182 11.3733
    endloop
  endfacet
  facet normal -0.806834 -0.202076 0.555143
    outer loop
      vertex -11.0288 -2.19377 9.33979
      vertex -11.7775 -2.34268 8.19744
      vertex -10.7607 -3.26422 9.33979
    endloop
  endfacet
  facet normal -0.524249 -0.475152 0.706678
    outer loop
      vertex -6.64809 -6.64809 11.3733
      vertex -8.01868 -6.58076 10.4018
      vertex -7.33504 -7.33504 10.4018
    endloop
  endfacet
  facet normal -0.280217 -0.783154 0.555111
    outer loop
      vertex -4.30324 -10.3889 9.33979
      vertex -4.59534 -11.0941 8.19744
      vertex -3.4858 -11.4911 8.19744
    endloop
  endfacet
  facet normal -0.495491 -0.66809 0.555107
    outer loop
      vertex -6.24733 -9.3498 9.33979
      vertex -7.61792 -9.28246 8.19744
      vertex -6.6714 -9.98445 8.19744
    endloop
  endfacet
  facet normal -0.330663 -0.699137 0.633932
    outer loop
      vertex -3.9697 -9.58369 10.4018
      vertex -4.88995 -9.14845 10.4018
      vertex -4.30324 -10.3889 9.33979
    endloop
  endfacet
  facet normal -0.213875 -0.597745 0.772631
    outer loop
      vertex -3.1915 -7.70496 12.2449
      vertex -3.59792 -8.68615 11.3733
      vertex -2.42091 -7.98068 12.2449
    endloop
  endfacet
  facet normal -0.427629 -0.713435 0.555107
    outer loop
      vertex -6.24733 -9.3498 9.33979
      vertex -6.6714 -9.98445 8.19744
      vertex -5.66063 -10.5903 8.19744
    endloop
  endfacet
  facet normal 0.0432689 -0.881106 0.470936
    outer loop
      vertex 1.17701 -11.9504 8.19744
      vertex 0 -12.0082 8.19744
      vertex 1.24049 -12.5949 6.98577
    endloop
  endfacet
  facet normal 0.00959416 -0.195129 0.980731
    outer loop
      vertex 0 -2.05423 14.8485
      vertex 0 -3.40172 14.5804
      vertex 0.201349 -2.04433 14.8485
    endloop
  endfacet
  facet normal -0.149393 -0.24925 0.956847
    outer loop
      vertex -1.8899 -2.82843 14.5804
      vertex -2.62032 -3.92159 14.1816
      vertex -2.22332 -4.15954 14.1816
    endloop
  endfacet
  facet normal -0.116378 -0.156917 0.980731
    outer loop
      vertex -1.30319 -1.58794 14.8485
      vertex -2.15803 -2.62957 14.5804
      vertex -1.8899 -2.82843 14.5804
    endloop
  endfacet
  facet normal 0 -0.0984337 0.995144
    outer loop
      vertex 0.137223 -1.39326 14.9129
      vertex 0.201349 -2.04433 14.8485
      vertex 0.137224 -1.39326 14.9129
    endloop
  endfacet
  facet normal 0.00481394 -0.097963 0.995178
    outer loop
      vertex 0.0322177 -1.39842 14.9129
      vertex 0.201349 -2.04433 14.8485
      vertex 0.137223 -1.39326 14.9129
    endloop
  endfacet
  facet normal 0.00481665 -0.0979623 0.995178
    outer loop
      vertex 0.201349 -2.04433 14.8485
      vertex 0.0322177 -1.39842 14.9129
      vertex 0 -2.05423 14.8485
    endloop
  endfacet
  facet normal -0.00481665 0.0979623 0.995178
    outer loop
      vertex -0.201349 2.04433 14.8485
      vertex -0.0322177 1.39842 14.9129
      vertex 0 2.05423 14.8485
    endloop
  endfacet
  facet normal -0.00481394 0.097963 0.995178
    outer loop
      vertex -0.0322177 1.39842 14.9129
      vertex -0.201349 2.04433 14.8485
      vertex -0.137223 1.39326 14.9129
    endloop
  endfacet
  facet normal 0 0.0984337 0.995144
    outer loop
      vertex -0.137223 1.39326 14.9129
      vertex -0.201349 2.04433 14.8485
      vertex -0.137224 1.39326 14.9129
    endloop
  endfacet
  facet normal -0.302507 -0.639606 0.706678
    outer loop
      vertex -3.59792 -8.68615 11.3733
      vertex -4.43199 -8.29167 11.3733
      vertex -3.9697 -9.58369 10.4018
    endloop
  endfacet
  facet normal 0.281065 -0.378959 0.881699
    outer loop
      vertex 3.79733 -4.62706 13.6558
      vertex 3.32552 -4.97699 13.6558
      vertex 3.99868 -5.98445 13.0082
    endloop
  endfacet
  facet normal 0.426344 -0.470395 0.772631
    outer loop
      vertex 6.64809 -6.64809 11.3733
      vertex 5.29071 -6.44674 12.2449
      vertex 5.96445 -7.26771 11.3733
    endloop
  endfacet
  facet normal 0.307707 0.228208 0.923709
    outer loop
      vertex 4.97699 3.32552 13.6558
      vertex 3.64587 2.99209 14.1816
      vertex 3.92159 2.62032 14.1816
    endloop
  endfacet
  facet normal -0.144754 0.1312 0.980731
    outer loop
      vertex -2.40538 2.40538 14.5804
      vertex -2.62957 2.15803 14.5804
      vertex -1.45256 1.45256 14.8485
    endloop
  endfacet
  facet normal 0.196949 -0.328593 0.923709
    outer loop
      vertex 2.62032 -3.92159 14.1816
      vertex 2.22332 -4.15954 14.1816
      vertex 3.32552 -4.97699 13.6558
    endloop
  endfacet
  facet normal -0.0187969 -0.382637 0.923707
    outer loop
      vertex 0 -4.71646 14.1816
      vertex -0.462294 -4.69375 14.1816
      vertex 0 -5.98577 13.6558
    endloop
  endfacet
  facet normal -0.187922 -0.750199 0.633946
    outer loop
      vertex -3.01121 -9.92664 10.4018
      vertex -3.26422 -10.7607 9.33979
      vertex -2.02373 -10.174 10.4018
    endloop
  endfacet
  facet normal 0.213875 -0.597745 0.772631
    outer loop
      vertex 3.1915 -7.70496 12.2449
      vertex 2.42091 -7.98068 12.2449
      vertex 3.59792 -8.68615 11.3733
    endloop
  endfacet
  facet normal -0.0407779 -0.830776 0.555111
    outer loop
      vertex 0 -11.2449 9.33979
      vertex -1.10219 -11.1908 9.33979
      vertex 0 -12.0082 8.19744
    endloop
  endfacet
  facet normal 0.122036 -0.822753 0.555143
    outer loop
      vertex 2.19377 -11.0288 9.33979
      vertex 1.17701 -11.9504 8.19744
      vertex 2.34268 -11.7775 8.19744
    endloop
  endfacet
  facet normal 0.0311493 -0.63409 0.772631
    outer loop
      vertex 0.817442 -8.29963 12.2449
      vertex 0 -9.40182 11.3733
      vertex 0.921539 -9.35655 11.3733
    endloop
  endfacet
  facet normal 0.0407779 -0.830776 0.555111
    outer loop
      vertex 0 -11.2449 9.33979
      vertex 0 -12.0082 8.19744
      vertex 1.10219 -11.1908 9.33979
    endloop
  endfacet
  facet normal -0.257273 -0.283858 0.923707
    outer loop
      vertex -3.33504 -3.33504 14.1816
      vertex -3.79733 -4.62706 13.6558
      vertex -2.99209 -3.64587 14.1816
    endloop
  endfacet
  facet normal -0.328593 -0.196949 0.923709
    outer loop
      vertex -4.15954 -2.22332 14.1816
      vertex -4.97699 -3.32552 13.6558
      vertex -3.92159 -2.62032 14.1816
    endloop
  endfacet
  facet normal -0.426509 -0.201729 0.8817
    outer loop
      vertex -5.53013 -2.29066 13.6558
      vertex -6.64957 -2.75434 13.0082
      vertex -6.34757 -3.39285 13.0082
    endloop
  endfacet
  facet normal -0.215311 -0.195151 0.956847
    outer loop
      vertex -2.62957 -2.15803 14.5804
      vertex -3.33504 -3.33504 14.1816
      vertex -2.40538 -2.40538 14.5804
    endloop
  endfacet
  facet normal -0.706689 -0.0346825 0.706674
    outer loop
      vertex -9.40182 0 11.3733
      vertex -10.3733 0 10.4018
      vertex -10.3234 -1.01676 10.4018
    endloop
  endfacet
  facet normal -0.706671 -0.0347147 0.706691
    outer loop
      vertex -9.40182 0 11.3733
      vertex -10.3234 -1.01676 10.4018
      vertex -9.35655 -0.921539 11.3733
    endloop
  endfacet
  facet normal -0.419327 -0.886679 0.194845
    outer loop
      vertex -5.19701 -12.5467 4.40172
      vertex -6.52812 -12.2133 3.05423
      vertex -5.29958 -12.7943 3.05423
    endloop
  endfacet
  facet normal -0.425468 -0.899664 0.0978896
    outer loop
      vertex -5.29958 -12.7943 3.05423
      vertex -6.52812 -12.2133 3.05423
      vertex -5.35111 -12.9187 1.68695
    endloop
  endfacet
  facet normal -0.425498 -0.899653 0.0978581
    outer loop
      vertex -6.52812 -12.2133 3.05423
      vertex -6.5916 -12.332 1.68695
      vertex -5.35111 -12.9187 1.68695
    endloop
  endfacet
  facet normal 0.335277 -0.93702 0.0978893
    outer loop
      vertex 5.29958 -12.7943 3.05423
      vertex 4.05909 -13.381 1.68695
      vertex 5.35111 -12.9187 1.68695
    endloop
  endfacet
  facet normal 0.238305 -0.951438 0.194876
    outer loop
      vertex 3.94219 -12.9957 4.40172
      vertex 2.64941 -13.3195 4.40172
      vertex 2.7017 -13.5824 3.05423
    endloop
  endfacet
  facet normal 0.146696 -0.989182 0
    outer loop
      vertex 1.37059 -13.9158 1
      vertex 2.72797 -13.7145 1.68695
      vertex 1.37059 -13.9158 1.68695
    endloop
  endfacet
  facet normal 0.146696 -0.989182 0
    outer loop
      vertex 2.72797 -13.7145 1.68695
      vertex 1.37059 -13.9158 1
      vertex 2.72797 -13.7145 1
    endloop
  endfacet
  facet normal 0.668091 -0.495491 0.555106
    outer loop
      vertex 9.3498 -6.24733 9.33979
      vertex 8.69243 -7.13369 9.33979
      vertex 9.28246 -7.61792 8.19744
    endloop
  endfacet
  facet normal 0.525502 -0.708554 0.470956
    outer loop
      vertex 7.61792 -9.28246 8.19744
      vertex 6.6714 -9.98445 8.19744
      vertex 8.02879 -9.7831 6.98577
    endloop
  endfacet
  facet normal 0.377141 -0.797468 0.470966
    outer loop
      vertex 5.66063 -10.5903 8.19744
      vertex 4.59534 -11.0941 8.19744
      vertex 5.96593 -11.1615 6.98577
    endloop
  endfacet
  facet normal 0.592418 -0.653637 0.470956
    outer loop
      vertex 8.49108 -8.49108 8.19744
      vertex 7.61792 -9.28246 8.19744
      vertex 8.02879 -9.7831 6.98577
    endloop
  endfacet
  facet normal 0.113503 -0.765018 0.633928
    outer loop
      vertex 2.02373 -10.174 10.4018
      vertex 1.01676 -10.3234 10.4018
      vertex 2.19377 -11.0288 9.33979
    endloop
  endfacet
  facet normal 0.427629 -0.713435 0.555107
    outer loop
      vertex 6.24733 -9.3498 9.33979
      vertex 5.66063 -10.5903 8.19744
      vertex 6.6714 -9.98445 8.19744
    endloop
  endfacet
  facet normal 0.363745 -0.606874 0.706678
    outer loop
      vertex 5.76311 -8.6251 10.4018
      vertex 4.43199 -8.29167 11.3733
      vertex 4.88995 -9.14845 10.4018
    endloop
  endfacet
  facet normal 0.33123 -0.446611 0.831159
    outer loop
      vertex 5.29071 -6.44674 12.2449
      vertex 3.99868 -5.98445 13.0082
      vertex 4.63334 -6.93428 12.2449
    endloop
  endfacet
  facet normal 0.726752 -0.658679 0.194867
    outer loop
      vertex 10.705 -8.78538 3.05423
      vertex 9.60282 -9.60282 4.40172
      vertex 9.79235 -9.79235 3.05423
    endloop
  endfacet
  facet normal 0.427616 -0.713437 0.555115
    outer loop
      vertex 6.24733 -9.3498 9.33979
      vertex 5.30081 -9.91712 9.33979
      vertex 5.66063 -10.5903 8.19744
    endloop
  endfacet
  facet normal 0.620542 -0.684683 0.382279
    outer loop
      vertex 9.32081 -9.32081 5.71646
      vertex 8.02879 -9.7831 6.98577
      vertex 8.36233 -10.1895 5.71646
    endloop
  endfacet
  facet normal 0.419353 -0.886661 0.194875
    outer loop
      vertex 6.40177 -11.9769 4.40172
      vertex 5.19701 -12.5467 4.40172
      vertex 6.52812 -12.2133 3.05423
    endloop
  endfacet
  facet normal 0.0453604 -0.922937 0.382269
    outer loop
      vertex 1.24049 -12.5949 6.98577
      vertex 0 -13.1816 5.71646
      vertex 1.29202 -13.1181 5.71646
    endloop
  endfacet
  facet normal -0.0453604 -0.922937 0.382269
    outer loop
      vertex -1.24049 -12.5949 6.98577
      vertex -1.29202 -13.1181 5.71646
      vertex 0 -13.1816 5.71646
    endloop
  endfacet
  facet normal 0.311297 -0.870039 0.382266
    outer loop
      vertex 4.84318 -11.6925 6.98577
      vertex 3.6738 -12.1109 6.98577
      vertex 5.04439 -12.1782 5.71646
    endloop
  endfacet
  facet normal 0.224517 -0.896359 0.382274
    outer loop
      vertex 3.6738 -12.1109 6.98577
      vertex 2.57161 -12.9283 5.71646
      vertex 3.82642 -12.614 5.71646
    endloop
  endfacet
  facet normal -0.146696 -0.989182 0
    outer loop
      vertex -2.72797 -13.7145 1
      vertex -1.37059 -13.9158 1.68695
      vertex -2.72797 -13.7145 1.68695
    endloop
  endfacet
  facet normal -0.146696 -0.989182 -0
    outer loop
      vertex -1.37059 -13.9158 1.68695
      vertex -2.72797 -13.7145 1
      vertex -1.37059 -13.9158 1
    endloop
  endfacet
  facet normal -0.0488083 -0.994 0.097888
    outer loop
      vertex -1.35739 -13.7818 3.05423
      vertex -1.37059 -13.9158 1.68695
      vertex 0 -13.9831 1.68695
    endloop
  endfacet
  facet normal -0.377141 -0.797468 0.470966
    outer loop
      vertex -5.66063 -10.5903 8.19744
      vertex -5.96593 -11.1615 6.98577
      vertex -4.59534 -11.0941 8.19744
    endloop
  endfacet
  facet normal -0.584293 -0.787799 0.19487
    outer loop
      vertex -8.61534 -10.4978 4.40172
      vertex -8.78538 -10.705 3.05423
      vertex -7.6938 -11.5146 3.05423
    endloop
  endfacet
  facet normal -0.0488437 -0.994002 0.0978531
    outer loop
      vertex 0 -13.8485 3.05423
      vertex -1.35739 -13.7818 3.05423
      vertex 0 -13.9831 1.68695
    endloop
  endfacet
  facet normal -0.238305 -0.951438 0.194876
    outer loop
      vertex -2.64941 -13.3195 4.40172
      vertex -3.94219 -12.9957 4.40172
      vertex -2.7017 -13.5824 3.05423
    endloop
  endfacet
  facet normal 0.965358 0.241862 0.0979152
    outer loop
      vertex 13.7145 2.72797 1.68695
      vertex 13.381 4.05909 1.68695
      vertex 13.5824 2.7017 3.05423
    endloop
  endfacet
  facet normal 0.145992 -0.984431 0.0978884
    outer loop
      vertex 2.72797 -13.7145 1.68695
      vertex 1.35739 -13.7818 3.05423
      vertex 1.37059 -13.9158 1.68695
    endloop
  endfacet
  facet normal 0.872615 -0.129414 0.470951
    outer loop
      vertex 12.5949 -1.24049 6.98577
      vertex 11.7775 -2.34268 8.19744
      vertex 12.4127 -2.46903 6.98577
    endloop
  endfacet
  facet normal 0.855719 -0.214361 0.470951
    outer loop
      vertex 12.4127 -2.46903 6.98577
      vertex 11.7775 -2.34268 8.19744
      vertex 12.1109 -3.6738 6.98577
    endloop
  endfacet
  facet normal 0.853635 -0.511596 0.0978604
    outer loop
      vertex 12.2133 -6.52812 3.05423
      vertex 11.6266 -7.76861 1.68695
      vertex 12.332 -6.5916 1.68695
    endloop
  endfacet
  facet normal 0.970019 -0.243029 0
    outer loop
      vertex 13.381 -4.05909 1.68695
      vertex 13.7145 -2.72797 1
      vertex 13.7145 -2.72797 1.68695
    endloop
  endfacet
  facet normal 0.970019 -0.243029 0
    outer loop
      vertex 13.7145 -2.72797 1
      vertex 13.381 -4.05909 1.68695
      vertex 13.381 -4.05909 1
    endloop
  endfacet
  facet normal 0.835339 -0.39507 0.382268
    outer loop
      vertex 11.6925 -4.84318 6.98577
      vertex 11.1615 -5.96593 6.98577
      vertex 12.1782 -5.04439 5.71646
    endloop
  endfacet
  facet normal 0.870039 -0.311297 0.382266
    outer loop
      vertex 12.1109 -3.6738 6.98577
      vertex 11.6925 -4.84318 6.98577
      vertex 12.1782 -5.04439 5.71646
    endloop
  endfacet
  facet normal 0.835336 -0.395102 0.382242
    outer loop
      vertex 12.1782 -5.04439 5.71646
      vertex 11.1615 -5.96593 6.98577
      vertex 11.6251 -6.21377 5.71646
    endloop
  endfacet
  facet normal 0.792604 -0.475045 0.382244
    outer loop
      vertex 11.1615 -5.96593 6.98577
      vertex 10.9601 -7.32331 5.71646
      vertex 11.6251 -6.21377 5.71646
    endloop
  endfacet
  facet normal 0.928349 -0.232529 0.289997
    outer loop
      vertex 12.9283 -2.57161 5.71646
      vertex 12.614 -3.82642 5.71646
      vertex 12.9957 -3.94219 4.40172
    endloop
  endfacet
  facet normal 0.901083 -0.322415 0.289996
    outer loop
      vertex 12.614 -3.82642 5.71646
      vertex 12.1782 -5.04439 5.71646
      vertex 12.9957 -3.94219 4.40172
    endloop
  endfacet
  facet normal 0.783154 -0.280217 0.555111
    outer loop
      vertex 11.4911 -3.4858 8.19744
      vertex 10.3889 -4.30324 9.33979
      vertex 11.0941 -4.59534 8.19744
    endloop
  endfacet
  facet normal 0.83058 -0.297187 0.470974
    outer loop
      vertex 11.4911 -3.4858 8.19744
      vertex 11.0941 -4.59534 8.19744
      vertex 12.1109 -3.6738 6.98577
    endloop
  endfacet
  facet normal 0.751929 -0.355604 0.555112
    outer loop
      vertex 11.0941 -4.59534 8.19744
      vertex 10.3889 -4.30324 9.33979
      vertex 10.5903 -5.66063 8.19744
    endloop
  endfacet
  facet normal 0.751925 -0.355607 0.555115
    outer loop
      vertex 10.3889 -4.30324 9.33979
      vertex 9.91712 -5.30081 9.33979
      vertex 10.5903 -5.66063 8.19744
    endloop
  endfacet
  facet normal 0.504256 -0.841279 0.194874
    outer loop
      vertex 7.6938 -11.5146 3.05423
      vertex 6.40177 -11.9769 4.40172
      vertex 6.52812 -12.2133 3.05423
    endloop
  endfacet
  facet normal 0.841269 -0.504267 0.194888
    outer loop
      vertex 11.9769 -6.40177 4.40172
      vertex 11.2917 -7.54489 4.40172
      vertex 11.5146 -7.6938 3.05423
    endloop
  endfacet
  facet normal 0.886679 -0.419327 0.194845
    outer loop
      vertex 12.5467 -5.19701 4.40172
      vertex 12.2133 -6.52812 3.05423
      vertex 12.7943 -5.29958 3.05423
    endloop
  endfacet
  facet normal 0.79933 -0.592862 0.0979148
    outer loop
      vertex 11.5146 -7.6938 3.05423
      vertex 10.8091 -8.87081 1.68695
      vertex 11.6266 -7.76861 1.68695
    endloop
  endfacet
  facet normal 0.756636 -0.453523 0.470977
    outer loop
      vertex 10.5903 -5.66063 8.19744
      vertex 9.98445 -6.6714 8.19744
      vertex 10.523 -7.03121 6.98577
    endloop
  endfacet
  facet normal 0.742192 -0.55048 0.382261
    outer loop
      vertex 10.523 -7.03121 6.98577
      vertex 9.7831 -8.02879 6.98577
      vertex 10.9601 -7.32331 5.71646
    endloop
  endfacet
  facet normal 0.519368 -0.573034 0.633947
    outer loop
      vertex 7.33504 -7.33504 10.4018
      vertex 6.58076 -8.01868 10.4018
      vertex 7.95135 -7.95135 9.33979
    endloop
  endfacet
  facet normal 0.61631 -0.558586 0.555107
    outer loop
      vertex 9.28246 -7.61792 8.19744
      vertex 7.95135 -7.95135 9.33979
      vertex 8.49108 -8.49108 8.19744
    endloop
  endfacet
  facet normal 0.544532 -0.326383 0.772631
    outer loop
      vertex 7.35504 -3.93135 12.2449
      vertex 6.93428 -4.63334 12.2449
      vertex 8.29167 -4.43199 11.3733
    endloop
  endfacet
  facet normal 0.597745 -0.213875 0.772631
    outer loop
      vertex 7.98068 -2.42091 12.2449
      vertex 7.70496 -3.1915 12.2449
      vertex 8.68615 -3.59792 11.3733
    endloop
  endfacet
  facet normal 0.471243 -0.0231482 0.881699
    outer loop
      vertex 5.98577 0 13.6558
      vertex 5.95695 -0.586708 13.6558
      vertex 7.16278 -0.705472 13.0082
    endloop
  endfacet
  facet normal 0.0979623 -0.00481665 0.995178
    outer loop
      vertex 1.39842 -0.0322177 14.9129
      vertex 2.04433 -0.201349 14.8485
      vertex 2.05423 0 14.8485
    endloop
  endfacet
  facet normal 0.097963 -0.00481394 0.995178
    outer loop
      vertex 1.39326 -0.137223 14.9129
      vertex 2.04433 -0.201349 14.8485
      vertex 1.39842 -0.0322177 14.9129
    endloop
  endfacet
  facet normal 0.0984337 0 0.995144
    outer loop
      vertex 2.04433 -0.201349 14.8485
      vertex 1.39326 -0.137223 14.9129
      vertex 1.39326 -0.137224 14.9129
    endloop
  endfacet
  facet normal -0.285861 0.476926 0.831159
    outer loop
      vertex -3.93135 7.35504 12.2449
      vertex -4.63334 6.93428 12.2449
      vertex -3.99868 5.98445 13.0082
    endloop
  endfacet
  facet normal 0.0142584 0.29024 0.956848
    outer loop
      vertex 0.462294 4.69375 14.1816
      vertex 0 3.40172 14.5804
      vertex 0.333426 3.38534 14.5804
    endloop
  endfacet
  facet normal 0.621179 -0.460705 0.633946
    outer loop
      vertex 8.6251 -5.76311 10.4018
      vertex 8.01868 -6.58076 10.4018
      vertex 8.69243 -7.13369 9.33979
    endloop
  endfacet
  facet normal 0.663351 -0.397595 0.633943
    outer loop
      vertex 9.91712 -5.30081 9.33979
      vertex 8.6251 -5.76311 10.4018
      vertex 9.3498 -6.24733 9.33979
    endloop
  endfacet
  facet normal 0.666173 -0.238369 0.706678
    outer loop
      vertex 8.99699 -2.72921 11.3733
      vertex 8.68615 -3.59792 11.3733
      vertex 9.58369 -3.9697 10.4018
    endloop
  endfacet
  facet normal 0.627983 -0.0931521 0.772632
    outer loop
      vertex 9.35655 -0.921539 11.3733
      vertex 8.17954 -1.62701 12.2449
      vertex 9.22117 -1.8342 11.3733
    endloop
  endfacet
  facet normal 0.686334 0.171924 0.706673
    outer loop
      vertex 9.92664 3.01121 10.4018
      vertex 8.99699 2.72921 11.3733
      vertex 10.174 2.02373 10.4018
    endloop
  endfacet
  facet normal 0.568297 0.421476 0.706681
    outer loop
      vertex 8.6251 5.76311 10.4018
      vertex 7.26771 5.96445 11.3733
      vertex 7.81733 5.22337 11.3733
    endloop
  endfacet
  facet normal 0.83058 0.297179 0.47098
    outer loop
      vertex 11.6925 4.84318 6.98577
      vertex 11.0941 4.59534 8.19744
      vertex 12.1109 3.6738 6.98577
    endloop
  endfacet
  facet normal 0.699137 0.330642 0.633943
    outer loop
      vertex 9.91712 5.30081 9.33979
      vertex 9.14845 4.88995 10.4018
      vertex 10.3889 4.30324 9.33979
    endloop
  endfacet
  facet normal 0.349591 0.316845 0.8817
    outer loop
      vertex 5.08936 5.08936 13.0082
      vertex 4.23258 4.23258 13.6558
      vertex 4.62706 3.79733 13.6558
    endloop
  endfacet
  facet normal 0.699865 0.103815 0.706691
    outer loop
      vertex 10.3234 1.01676 10.4018
      vertex 9.22117 1.8342 11.3733
      vertex 9.35655 0.921539 11.3733
    endloop
  endfacet
  facet normal 0.502652 0.237735 0.831157
    outer loop
      vertex 7.35504 3.93135 12.2449
      vertex 6.64957 2.75434 13.0082
      vertex 7.70496 3.1915 12.2449
    endloop
  endfacet
  facet normal 0.373408 0.411998 0.831158
    outer loop
      vertex 5.29071 6.44674 12.2449
      vertex 4.56601 5.56369 13.0082
      vertex 5.08936 5.08936 13.0082
    endloop
  endfacet
  facet normal 0.706671 -0.0347147 0.706691
    outer loop
      vertex 9.40182 0 11.3733
      vertex 9.35655 -0.921539 11.3733
      vertex 10.3234 -1.01676 10.4018
    endloop
  endfacet
  facet normal 0.466706 -0.0692299 0.881699
    outer loop
      vertex 7.16278 -0.705472 13.0082
      vertex 5.87076 -1.16777 13.6558
      vertex 7.05914 -1.40415 13.0082
    endloop
  endfacet
  facet normal 0.627984 -0.0931541 0.772631
    outer loop
      vertex 8.29963 -0.817442 12.2449
      vertex 8.17954 -1.62701 12.2449
      vertex 9.35655 -0.921539 11.3733
    endloop
  endfacet
  facet normal 0.457673 -0.114639 0.881699
    outer loop
      vertex 7.05914 -1.40415 13.0082
      vertex 5.87076 -1.16777 13.6558
      vertex 6.88752 -2.08931 13.0082
    endloop
  endfacet
  facet normal 0.371616 -0.0930849 0.923708
    outer loop
      vertex 5.87076 -1.16777 13.6558
      vertex 4.51337 -1.36911 14.1816
      vertex 5.72803 -1.73758 13.6558
    endloop
  endfacet
  facet normal 0.457672 -0.114641 0.881699
    outer loop
      vertex 5.87076 -1.16777 13.6558
      vertex 5.72803 -1.73758 13.6558
      vertex 6.88752 -2.08931 13.0082
    endloop
  endfacet
  facet normal 0.471241 -0.0231522 0.8817
    outer loop
      vertex 7.19744 0 13.0082
      vertex 5.98577 0 13.6558
      vertex 7.16278 -0.705472 13.0082
    endloop
  endfacet
  facet normal 0.281885 0.070605 0.956847
    outer loop
      vertex 4.51337 1.36911 14.1816
      vertex 3.25525 0.987468 14.5804
      vertex 3.33636 0.663643 14.5804
    endloop
  endfacet
  facet normal 0.706671 0.0347147 0.706691
    outer loop
      vertex 10.3234 1.01676 10.4018
      vertex 9.35655 0.921539 11.3733
      vertex 9.40182 0 11.3733
    endloop
  endfacet
  facet normal 0.627984 0.0931541 0.772631
    outer loop
      vertex 9.35655 0.921539 11.3733
      vertex 8.17954 1.62701 12.2449
      vertex 8.29963 0.817442 12.2449
    endloop
  endfacet
  facet normal -0.0347147 0.706671 0.706691
    outer loop
      vertex 0 9.40182 11.3733
      vertex -1.01676 10.3234 10.4018
      vertex -0.921539 9.35655 11.3733
    endloop
  endfacet
  facet normal 0.326383 0.544532 0.772631
    outer loop
      vertex 4.43199 8.29167 11.3733
      vertex 3.93135 7.35504 12.2449
      vertex 4.63334 6.93428 12.2449
    endloop
  endfacet
  facet normal 0.621184 0.460702 0.633943
    outer loop
      vertex 8.69243 7.13369 9.33979
      vertex 8.6251 5.76311 10.4018
      vertex 9.3498 6.24733 9.33979
    endloop
  endfacet
  facet normal 0.573036 0.519367 0.633946
    outer loop
      vertex 8.69243 7.13369 9.33979
      vertex 7.95135 7.95135 9.33979
      vertex 8.01868 6.58076 10.4018
    endloop
  endfacet
  facet normal 0.0841266 0.0504229 0.995179
    outer loop
      vertex 1.70803 1.14127 14.8485
      vertex 1.21811 0.687623 14.9129
      vertex 1.81167 0.968355 14.8485
    endloop
  endfacet
  facet normal 0.0841256 0.050424 0.995179
    outer loop
      vertex 1.21811 0.687623 14.9129
      vertex 1.70803 1.14127 14.8485
      vertex 1.16406 0.777798 14.9129
    endloop
  endfacet
  facet normal 0.404688 0.242556 0.8817
    outer loop
      vertex 6.34757 3.39285 13.0082
      vertex 4.97699 3.32552 13.6558
      vertex 5.27898 2.82167 13.6558
    endloop
  endfacet
  facet normal 0.281065 0.378959 0.881699
    outer loop
      vertex 3.99868 5.98445 13.0082
      vertex 3.32552 4.97699 13.6558
      vertex 3.79733 4.62706 13.6558
    endloop
  endfacet
  facet normal 0.24256 0.404687 0.881699
    outer loop
      vertex 3.39285 6.34757 13.0082
      vertex 3.32552 4.97699 13.6558
      vertex 3.99868 5.98445 13.0082
    endloop
  endfacet
  facet normal 0.238369 0.666173 0.706678
    outer loop
      vertex 3.9697 9.58369 10.4018
      vertex 2.72921 8.99699 11.3733
      vertex 3.59792 8.68615 11.3733
    endloop
  endfacet
  facet normal 0.285858 0.476927 0.831159
    outer loop
      vertex 3.93135 7.35504 12.2449
      vertex 3.39285 6.34757 13.0082
      vertex 3.99868 5.98445 13.0082
    endloop
  endfacet
  facet normal 0.0481316 0.97964 0.194905
    outer loop
      vertex 1.35739 13.7818 3.05423
      vertex 0 13.5804 4.40172
      vertex 1.33111 13.515 4.40172
    endloop
  endfacet
  facet normal 0.14042 0.94668 0.289963
    outer loop
      vertex 1.33111 13.515 4.40172
      vertex 1.29202 13.1181 5.71646
      vertex 2.57161 12.9283 5.71646
    endloop
  endfacet
  facet normal 0.0488083 0.994 0.097888
    outer loop
      vertex 1.37059 13.9158 1.68695
      vertex 0 13.9831 1.68695
      vertex 1.35739 13.7818 3.05423
    endloop
  endfacet
  facet normal 0.145992 0.984431 0.0978884
    outer loop
      vertex 1.37059 13.9158 1.68695
      vertex 1.35739 13.7818 3.05423
      vertex 2.72797 13.7145 1.68695
    endloop
  endfacet
  facet normal 0.146019 0.984424 0.0979158
    outer loop
      vertex 2.72797 13.7145 1.68695
      vertex 1.35739 13.7818 3.05423
      vertex 2.7017 13.5824 3.05423
    endloop
  endfacet
  facet normal -0.363747 0.606869 0.70668
    outer loop
      vertex -4.43199 8.29167 11.3733
      vertex -5.76311 8.6251 10.4018
      vertex -5.22337 7.81733 11.3733
    endloop
  endfacet
  facet normal -0.570111 0.768695 0.289968
    outer loop
      vertex -7.32331 10.9601 5.71646
      vertex -8.61534 10.4978 4.40172
      vertex -8.36233 10.1895 5.71646
    endloop
  endfacet
  facet normal -0.658677 0.726754 0.19487
    outer loop
      vertex -8.78538 10.705 3.05423
      vertex -9.60282 9.60282 4.40172
      vertex -8.61534 10.4978 4.40172
    endloop
  endfacet
  facet normal -0.592862 0.79933 0.0979148
    outer loop
      vertex -7.76861 11.6266 1.68695
      vertex -8.87081 10.8091 1.68695
      vertex -7.6938 11.5146 3.05423
    endloop
  endfacet
  facet normal -0.243029 0.970019 0
    outer loop
      vertex -2.72797 13.7145 1
      vertex -4.05909 13.381 1.68695
      vertex -2.72797 13.7145 1.68695
    endloop
  endfacet
  facet normal -0.243029 0.970019 0
    outer loop
      vertex -4.05909 13.381 1.68695
      vertex -2.72797 13.7145 1
      vertex -4.05909 13.381 1
    endloop
  endfacet
  facet normal -0.595724 0.803189 0
    outer loop
      vertex -7.76861 11.6266 1
      vertex -8.87081 10.8091 1.68695
      vertex -7.76861 11.6266 1.68695
    endloop
  endfacet
  facet normal -0.595724 0.803189 0
    outer loop
      vertex -8.87081 10.8091 1.68695
      vertex -7.76861 11.6266 1
      vertex -8.87081 10.8091 1
    endloop
  endfacet
  facet normal -0.14391 0.970207 0.194905
    outer loop
      vertex -1.35739 13.7818 3.05423
      vertex -2.7017 13.5824 3.05423
      vertex -1.33111 13.515 4.40172
    endloop
  endfacet
  facet normal -0.0453095 0.922922 0.382312
    outer loop
      vertex 0 13.1816 5.71646
      vertex -1.24049 12.5949 6.98577
      vertex 0 12.6558 6.98577
    endloop
  endfacet
  facet normal 0.13558 0.914051 0.382269
    outer loop
      vertex 1.29202 13.1181 5.71646
      vertex 1.24049 12.5949 6.98577
      vertex 2.57161 12.9283 5.71646
    endloop
  endfacet
  facet normal -0.238305 0.951438 0.194876
    outer loop
      vertex -2.7017 13.5824 3.05423
      vertex -3.94219 12.9957 4.40172
      vertex -2.64941 13.3195 4.40172
    endloop
  endfacet
  facet normal -0.241802 0.965379 0.0978533
    outer loop
      vertex -2.7017 13.5824 3.05423
      vertex -4.05909 13.381 1.68695
      vertex -4.02 13.2522 3.05423
    endloop
  endfacet
  facet normal -0.0379096 0.772444 0.633951
    outer loop
      vertex 0 11.2449 9.33979
      vertex -1.01676 10.3234 10.4018
      vertex 0 10.3733 10.4018
    endloop
  endfacet
  facet normal 0.0453604 0.922937 0.382269
    outer loop
      vertex 1.29202 13.1181 5.71646
      vertex 0 13.1816 5.71646
      vertex 1.24049 12.5949 6.98577
    endloop
  endfacet
  facet normal -0.378181 0.509921 0.772632
    outer loop
      vertex -5.22337 7.81733 11.3733
      vertex -5.96445 7.26771 11.3733
      vertex -5.29071 6.44674 12.2449
    endloop
  endfacet
  facet normal -0.122036 0.822753 0.555143
    outer loop
      vertex -1.17701 11.9504 8.19744
      vertex -2.34268 11.7775 8.19744
      vertex -2.19377 11.0288 9.33979
    endloop
  endfacet
  facet normal -0.355604 0.751929 0.555112
    outer loop
      vertex -4.59534 11.0941 8.19744
      vertex -5.66063 10.5903 8.19744
      vertex -4.30324 10.3889 9.33979
    endloop
  endfacet
  facet normal -0.214361 0.855719 0.470951
    outer loop
      vertex -2.46903 12.4127 6.98577
      vertex -3.6738 12.1109 6.98577
      vertex -2.34268 11.7775 8.19744
    endloop
  endfacet
  facet normal 0.187322 0.523534 0.831157
    outer loop
      vertex 3.1915 7.70496 12.2449
      vertex 2.42091 7.98068 12.2449
      vertex 2.75434 6.64957 13.0082
    endloop
  endfacet
  facet normal -0.0931521 0.627983 0.772632
    outer loop
      vertex -0.921539 9.35655 11.3733
      vertex -1.8342 9.22117 11.3733
      vertex -1.62701 8.17954 12.2449
    endloop
  endfacet
  facet normal 0.330642 0.699137 0.633943
    outer loop
      vertex 5.30081 9.91712 9.33979
      vertex 4.30324 10.3889 9.33979
      vertex 4.88995 9.14845 10.4018
    endloop
  endfacet
  facet normal 0.427629 0.713435 0.555107
    outer loop
      vertex 6.6714 9.98445 8.19744
      vertex 5.66063 10.5903 8.19744
      vertex 6.24733 9.3498 9.33979
    endloop
  endfacet
  facet normal 0.421476 0.568297 0.706681
    outer loop
      vertex 5.76311 8.6251 10.4018
      vertex 5.22337 7.81733 11.3733
      vertex 5.96445 7.26771 11.3733
    endloop
  endfacet
  facet normal 0.519367 0.573036 0.633946
    outer loop
      vertex 7.13369 8.69243 9.33979
      vertex 6.58076 8.01868 10.4018
      vertex 7.95135 7.95135 9.33979
    endloop
  endfacet
  facet normal 0.61631 0.558586 0.555107
    outer loop
      vertex 8.49108 8.49108 8.19744
      vertex 7.95135 7.95135 9.33979
      vertex 9.28246 7.61792 8.19744
    endloop
  endfacet
  facet normal 0.460702 0.621184 0.633943
    outer loop
      vertex 6.24733 9.3498 9.33979
      vertex 5.76311 8.6251 10.4018
      vertex 7.13369 8.69243 9.33979
    endloop
  endfacet
  facet normal 0.511642 0.853601 0.0979165
    outer loop
      vertex 7.76861 11.6266 1.68695
      vertex 6.52812 12.2133 3.05423
      vertex 7.6938 11.5146 3.05423
    endloop
  endfacet
  facet normal 0.425498 0.899653 0.0978581
    outer loop
      vertex 6.5916 12.332 1.68695
      vertex 5.35111 12.9187 1.68695
      vertex 6.52812 12.2133 3.05423
    endloop
  endfacet
  facet normal 0.425468 0.899664 0.0978896
    outer loop
      vertex 5.35111 12.9187 1.68695
      vertex 5.29958 12.7943 3.05423
      vertex 6.52812 12.2133 3.05423
    endloop
  endfacet
  facet normal 0.699872 -0.103837 0.70668
    outer loop
      vertex 10.3234 -1.01676 10.4018
      vertex 9.22117 -1.8342 11.3733
      vertex 10.174 -2.02373 10.4018
    endloop
  endfacet
  facet normal 0.686334 -0.171924 0.706673
    outer loop
      vertex 10.174 -2.02373 10.4018
      vertex 8.99699 -2.72921 11.3733
      vertex 9.92664 -3.01121 10.4018
    endloop
  endfacet
  facet normal 0.881111 -0.0432568 0.470927
    outer loop
      vertex 12.6558 0 6.98577
      vertex 12.0082 0 8.19744
      vertex 12.5949 -1.24049 6.98577
    endloop
  endfacet
  facet normal 0.87262 0.129433 0.470937
    outer loop
      vertex 12.5949 1.24049 6.98577
      vertex 11.7775 2.34268 8.19744
      vertex 11.9504 1.17701 8.19744
    endloop
  endfacet
  facet normal 0.830776 0.0407779 0.555111
    outer loop
      vertex 12.0082 0 8.19744
      vertex 11.1908 1.10219 9.33979
      vertex 11.2449 0 9.33979
    endloop
  endfacet
  facet normal 0.765018 0.113503 0.633928
    outer loop
      vertex 11.0288 2.19377 9.33979
      vertex 10.174 2.02373 10.4018
      vertex 10.3234 1.01676 10.4018
    endloop
  endfacet
  facet normal 0.751929 0.355604 0.555112
    outer loop
      vertex 10.5903 5.66063 8.19744
      vertex 10.3889 4.30324 9.33979
      vertex 11.0941 4.59534 8.19744
    endloop
  endfacet
  facet normal 0.83058 0.297187 0.470974
    outer loop
      vertex 12.1109 3.6738 6.98577
      vertex 11.0941 4.59534 8.19744
      vertex 11.4911 3.4858 8.19744
    endloop
  endfacet
  facet normal 0.806848 0.20215 0.555096
    outer loop
      vertex 11.4911 3.4858 8.19744
      vertex 10.7607 3.26422 9.33979
      vertex 11.7775 2.34268 8.19744
    endloop
  endfacet
  facet normal 0.855698 0.214389 0.470975
    outer loop
      vertex 12.1109 3.6738 6.98577
      vertex 11.4911 3.4858 8.19744
      vertex 11.7775 2.34268 8.19744
    endloop
  endfacet
  facet normal 0.634092 0.0311522 0.77263
    outer loop
      vertex 9.40182 0 11.3733
      vertex 8.29963 0.817442 12.2449
      vertex 8.33979 0 12.2449
    endloop
  endfacet
  facet normal 0.706689 0.0346825 0.706674
    outer loop
      vertex 10.3234 1.01676 10.4018
      vertex 9.40182 0 11.3733
      vertex 10.3733 0 10.4018
    endloop
  endfacet
  facet normal 0.666173 0.238369 0.706678
    outer loop
      vertex 9.58369 3.9697 10.4018
      vertex 8.68615 3.59792 11.3733
      vertex 8.99699 2.72921 11.3733
    endloop
  endfacet
  facet normal 0.750199 0.187922 0.633946
    outer loop
      vertex 10.7607 3.26422 9.33979
      vertex 9.92664 3.01121 10.4018
      vertex 10.174 2.02373 10.4018
    endloop
  endfacet
  facet normal 0.330443 0.923489 0.194871
    outer loop
      vertex 4.02 13.2522 3.05423
      vertex 3.94219 12.9957 4.40172
      vertex 5.19701 12.5467 4.40172
    endloop
  endfacet
  facet normal 0.224517 0.896359 0.382274
    outer loop
      vertex 3.82642 12.614 5.71646
      vertex 2.57161 12.9283 5.71646
      vertex 3.6738 12.1109 6.98577
    endloop
  endfacet
  facet normal 0.297187 0.83058 0.470974
    outer loop
      vertex 3.6738 12.1109 6.98577
      vertex 3.4858 11.4911 8.19744
      vertex 4.59534 11.0941 8.19744
    endloop
  endfacet
  facet normal 0.122036 0.822753 0.555143
    outer loop
      vertex 2.34268 11.7775 8.19744
      vertex 1.17701 11.9504 8.19744
      vertex 2.19377 11.0288 9.33979
    endloop
  endfacet
  facet normal 0.271432 0.573904 0.772631
    outer loop
      vertex 4.43199 8.29167 11.3733
      vertex 3.59792 8.68615 11.3733
      vertex 3.93135 7.35504 12.2449
    endloop
  endfacet
  facet normal 0.171911 0.686331 0.70668
    outer loop
      vertex 2.02373 10.174 10.4018
      vertex 1.8342 9.22117 11.3733
      vertex 2.72921 8.99699 11.3733
    endloop
  endfacet
  facet normal 0.39507 0.835339 0.382268
    outer loop
      vertex 5.04439 12.1782 5.71646
      vertex 4.84318 11.6925 6.98577
      vertex 5.96593 11.1615 6.98577
    endloop
  endfacet
  facet normal 0.232523 0.928353 0.28999
    outer loop
      vertex 2.64941 13.3195 4.40172
      vertex 2.57161 12.9283 5.71646
      vertex 3.94219 12.9957 4.40172
    endloop
  endfacet
  facet normal 0.232529 0.928349 0.289997
    outer loop
      vertex 3.94219 12.9957 4.40172
      vertex 2.57161 12.9283 5.71646
      vertex 3.82642 12.614 5.71646
    endloop
  endfacet
  facet normal 0.475045 0.792604 0.382244
    outer loop
      vertex 6.21377 11.6251 5.71646
      vertex 5.96593 11.1615 6.98577
      vertex 7.32331 10.9601 5.71646
    endloop
  endfacet
  facet normal 0.923489 0.330443 0.194871
    outer loop
      vertex 13.2522 4.02 3.05423
      vertex 12.5467 5.19701 4.40172
      vertex 12.9957 3.94219 4.40172
    endloop
  endfacet
  facet normal 0.886679 0.419327 0.194845
    outer loop
      vertex 12.7943 5.29958 3.05423
      vertex 12.2133 6.52812 3.05423
      vertex 12.5467 5.19701 4.40172
    endloop
  endfacet
  facet normal 0.951438 0.23831 0.194871
    outer loop
      vertex 13.2522 4.02 3.05423
      vertex 12.9957 3.94219 4.40172
      vertex 13.5824 2.7017 3.05423
    endloop
  endfacet
  facet normal 0.965379 0.241802 0.0978533
    outer loop
      vertex 13.381 4.05909 1.68695
      vertex 13.2522 4.02 3.05423
      vertex 13.5824 2.7017 3.05423
    endloop
  endfacet
  facet normal 0.970207 0.14391 0.194905
    outer loop
      vertex 13.5824 2.7017 3.05423
      vertex 13.515 1.33111 4.40172
      vertex 13.7818 1.35739 3.05423
    endloop
  endfacet
  facet normal 0.951438 0.238305 0.194876
    outer loop
      vertex 13.5824 2.7017 3.05423
      vertex 12.9957 3.94219 4.40172
      vertex 13.3195 2.64941 4.40172
    endloop
  endfacet
  facet normal 0.865143 0.409176 0.290006
    outer loop
      vertex 11.9769 6.40177 4.40172
      vertex 11.6251 6.21377 5.71646
      vertex 12.5467 5.19701 4.40172
    endloop
  endfacet
  facet normal 0.820879 0.491992 0.290004
    outer loop
      vertex 11.9769 6.40177 4.40172
      vertex 10.9601 7.32331 5.71646
      vertex 11.6251 6.21377 5.71646
    endloop
  endfacet
  facet normal 0.870039 0.311297 0.382266
    outer loop
      vertex 12.1782 5.04439 5.71646
      vertex 11.6925 4.84318 6.98577
      vertex 12.1109 3.6738 6.98577
    endloop
  endfacet
  facet normal 0.835339 0.39507 0.382268
    outer loop
      vertex 12.1782 5.04439 5.71646
      vertex 11.1615 5.96593 6.98577
      vertex 11.6925 4.84318 6.98577
    endloop
  endfacet
  facet normal 0.787799 0.584293 0.19487
    outer loop
      vertex 10.705 8.78538 3.05423
      vertex 10.4978 8.61534 4.40172
      vertex 11.5146 7.6938 3.05423
    endloop
  endfacet
  facet normal 0.726754 0.658677 0.19487
    outer loop
      vertex 10.705 8.78538 3.05423
      vertex 9.60282 9.60282 4.40172
      vertex 10.4978 8.61534 4.40172
    endloop
  endfacet
  facet normal 0.94668 0.14042 0.289963
    outer loop
      vertex 13.515 1.33111 4.40172
      vertex 12.9283 2.57161 5.71646
      vertex 13.1181 1.29202 5.71646
    endloop
  endfacet
  facet normal 0.955884 0.0469796 0.289964
    outer loop
      vertex 13.515 1.33111 4.40172
      vertex 13.1181 1.29202 5.71646
      vertex 13.1816 0 5.71646
    endloop
  endfacet
  facet normal 0.881111 0.0432568 0.470927
    outer loop
      vertex 12.5949 1.24049 6.98577
      vertex 12.0082 0 8.19744
      vertex 12.6558 0 6.98577
    endloop
  endfacet
  facet normal 0.922922 0.0453095 0.382312
    outer loop
      vertex 13.1816 0 5.71646
      vertex 12.5949 1.24049 6.98577
      vertex 12.6558 0 6.98577
    endloop
  endfacet
  facet normal 0.504267 0.841269 0.194888
    outer loop
      vertex 7.6938 11.5146 3.05423
      vertex 6.40177 11.9769 4.40172
      vertex 7.54489 11.2917 4.40172
    endloop
  endfacet
  facet normal 0.492037 0.820866 0.289962
    outer loop
      vertex 7.54489 11.2917 4.40172
      vertex 6.40177 11.9769 4.40172
      vertex 7.32331 10.9601 5.71646
    endloop
  endfacet
  facet normal 0.592418 0.653637 0.470956
    outer loop
      vertex 8.02879 9.7831 6.98577
      vertex 7.61792 9.28246 8.19744
      vertex 8.49108 8.49108 8.19744
    endloop
  endfacet
  facet normal 0.525502 0.708554 0.470956
    outer loop
      vertex 8.02879 9.7831 6.98577
      vertex 6.6714 9.98445 8.19744
      vertex 7.61792 9.28246 8.19744
    endloop
  endfacet
  facet normal 0.453514 0.756648 0.470966
    outer loop
      vertex 5.96593 11.1615 6.98577
      vertex 5.66063 10.5903 8.19744
      vertex 7.03121 10.523 6.98577
    endloop
  endfacet
  facet normal 0.453523 0.756636 0.470977
    outer loop
      vertex 7.03121 10.523 6.98577
      vertex 5.66063 10.5903 8.19744
      vertex 6.6714 9.98445 8.19744
    endloop
  endfacet
  facet normal 0.708554 0.525502 0.470956
    outer loop
      vertex 9.7831 8.02879 6.98577
      vertex 9.28246 7.61792 8.19744
      vertex 9.98445 6.6714 8.19744
    endloop
  endfacet
  facet normal 0.653637 0.592418 0.470956
    outer loop
      vertex 9.7831 8.02879 6.98577
      vertex 8.49108 8.49108 8.19744
      vertex 9.28246 7.61792 8.19744
    endloop
  endfacet
  facet normal 0.671556 0.740954 -0
    outer loop
      vertex 9.88757 9.88757 1
      vertex 8.87081 10.8091 1.68695
      vertex 9.88757 9.88757 1.68695
    endloop
  endfacet
  facet normal 0.671556 0.740954 0
    outer loop
      vertex 8.87081 10.8091 1.68695
      vertex 9.88757 9.88757 1
      vertex 8.87081 10.8091 1
    endloop
  endfacet
  facet normal 0.595724 0.803189 -0
    outer loop
      vertex 8.87081 10.8091 1
      vertex 7.76861 11.6266 1.68695
      vertex 8.87081 10.8091 1.68695
    endloop
  endfacet
  facet normal 0.595724 0.803189 0
    outer loop
      vertex 7.76861 11.6266 1.68695
      vertex 8.87081 10.8091 1
      vertex 7.76861 11.6266 1
    endloop
  endfacet
  facet normal 0.584293 0.787799 0.19487
    outer loop
      vertex 8.78538 10.705 3.05423
      vertex 7.6938 11.5146 3.05423
      vertex 8.61534 10.4978 4.40172
    endloop
  endfacet
  facet normal 0.658677 0.726754 0.19487
    outer loop
      vertex 8.78538 10.705 3.05423
      vertex 8.61534 10.4978 4.40172
      vertex 9.60282 9.60282 4.40172
    endloop
  endfacet
  facet normal -0.0490439 0.998797 0
    outer loop
      vertex 0 13.9831 1
      vertex -1.37059 13.9158 1.68695
      vertex 0 13.9831 1.68695
    endloop
  endfacet
  facet normal -0.0490439 0.998797 0
    outer loop
      vertex -1.37059 13.9158 1.68695
      vertex 0 13.9831 1
      vertex -1.37059 13.9158 1
    endloop
  endfacet
  facet normal -0.373408 -0.411998 0.831158
    outer loop
      vertex -5.08936 -5.08936 13.0082
      vertex -5.29071 -6.44674 12.2449
      vertex -4.56601 -5.56369 13.0082
    endloop
  endfacet
  facet normal -0.446612 -0.33123 0.831158
    outer loop
      vertex -5.98445 -3.99868 13.0082
      vertex -6.44674 -5.29071 12.2449
      vertex -5.56369 -4.56601 13.0082
    endloop
  endfacet
  facet normal -0.135103 -0.539373 0.831158
    outer loop
      vertex -1.40415 -7.05914 13.0082
      vertex -2.08931 -6.88752 13.0082
      vertex -1.62701 -8.17954 12.2449
    endloop
  endfacet
  facet normal -0.281065 -0.378959 0.881699
    outer loop
      vertex -3.79733 -4.62706 13.6558
      vertex -3.99868 -5.98445 13.0082
      vertex -3.32552 -4.97699 13.6558
    endloop
  endfacet
  facet normal -0.830776 0.0407779 0.555111
    outer loop
      vertex -11.1908 1.10219 9.33979
      vertex -12.0082 0 8.19744
      vertex -11.2449 0 9.33979
    endloop
  endfacet
  facet normal -0.573904 -0.271432 0.772631
    outer loop
      vertex -7.35504 -3.93135 12.2449
      vertex -8.68615 -3.59792 11.3733
      vertex -8.29167 -4.43199 11.3733
    endloop
  endfacet
  facet normal -0.539374 0.135105 0.831157
    outer loop
      vertex -7.98068 2.42091 12.2449
      vertex -8.17954 1.62701 12.2449
      vertex -6.88752 2.08931 13.0082
    endloop
  endfacet
  facet normal -0.371616 0.0930849 0.923708
    outer loop
      vertex -5.72803 1.73758 13.6558
      vertex -5.87076 1.16777 13.6558
      vertex -4.51337 1.36911 14.1816
    endloop
  endfacet
  facet normal -0.699137 0.330663 0.633932
    outer loop
      vertex -9.14845 4.88995 10.4018
      vertex -10.3889 4.30324 9.33979
      vertex -9.58369 3.9697 10.4018
    endloop
  endfacet
  facet normal -0.307704 0.228217 0.923707
    outer loop
      vertex -4.62706 3.79733 13.6558
      vertex -4.97699 3.32552 13.6558
      vertex -3.64587 2.99209 14.1816
    endloop
  endfacet
  facet normal -0.634092 -0.0311522 0.77263
    outer loop
      vertex -8.33979 0 12.2449
      vertex -9.40182 0 11.3733
      vertex -8.29963 -0.817442 12.2449
    endloop
  endfacet
  facet normal -0.382637 0.0187969 0.923707
    outer loop
      vertex -4.69375 0.462294 14.1816
      vertex -5.98577 0 13.6558
      vertex -4.71646 0 14.1816
    endloop
  endfacet
  facet normal -0.471241 0.0231522 0.8817
    outer loop
      vertex -7.16278 0.705472 13.0082
      vertex -7.19744 0 13.0082
      vertex -5.98577 0 13.6558
    endloop
  endfacet
  facet normal -0.457673 0.114639 0.881699
    outer loop
      vertex -6.88752 2.08931 13.0082
      vertex -7.05914 1.40415 13.0082
      vertex -5.87076 1.16777 13.6558
    endloop
  endfacet
  facet normal 0.0474673 0.189509 0.980731
    outer loop
      vertex 0.663643 3.33636 14.5804
      vertex 0.40076 2.01476 14.8485
      vertex 0.987468 3.25525 14.5804
    endloop
  endfacet
  facet normal -0.0562165 0.378949 0.923709
    outer loop
      vertex -0.462294 4.69375 14.1816
      vertex -1.16777 5.87076 13.6558
      vertex -0.920135 4.62583 14.1816
    endloop
  endfacet
  facet normal -0.281884 0.0706067 0.956847
    outer loop
      vertex -4.51337 1.36911 14.1816
      vertex -4.62583 0.920135 14.1816
      vertex -3.33636 0.663643 14.5804
    endloop
  endfacet
  facet normal -0.287446 0.0426422 0.956847
    outer loop
      vertex -4.62583 0.920135 14.1816
      vertex -4.69375 0.462294 14.1816
      vertex -3.33636 0.663643 14.5804
    endloop
  endfacet
  facet normal -0.281885 0.070605 0.956847
    outer loop
      vertex -3.25525 0.987468 14.5804
      vertex -4.51337 1.36911 14.1816
      vertex -3.33636 0.663643 14.5804
    endloop
  endfacet
  facet normal -0.0970199 -0.0143826 0.995179
    outer loop
      vertex -2.01476 -0.40076 14.8485
      vertex -1.3731 -0.273126 14.9129
      vertex -1.37783 -0.241219 14.9129
    endloop
  endfacet
  facet normal -0.19325 0.0286641 0.980731
    outer loop
      vertex -3.33636 0.663643 14.5804
      vertex -3.38534 0.333426 14.5804
      vertex -2.01476 0.40076 14.8485
    endloop
  endfacet
  facet normal -0.193249 0.0286563 0.980731
    outer loop
      vertex -2.01476 0.40076 14.8485
      vertex -3.38534 0.333426 14.5804
      vertex -2.04433 0.201349 14.8485
    endloop
  endfacet
  facet normal -0.183943 0.0658117 0.980731
    outer loop
      vertex -1.89786 0.786118 14.8485
      vertex -3.25525 0.987468 14.5804
      vertex -1.96577 0.59631 14.8485
    endloop
  endfacet
  facet normal -0.34959 0.316845 0.881701
    outer loop
      vertex -5.08936 5.08936 13.0082
      vertex -5.56369 4.56601 13.0082
      vertex -4.62706 3.79733 13.6558
    endloop
  endfacet
  facet normal -0.446612 0.33123 0.831158
    outer loop
      vertex -5.56369 4.56601 13.0082
      vertex -6.44674 5.29071 12.2449
      vertex -5.98445 3.99868 13.0082
    endloop
  endfacet
  facet normal -0.33123 0.446612 0.831158
    outer loop
      vertex -3.99868 5.98445 13.0082
      vertex -5.29071 6.44674 12.2449
      vertex -4.56601 5.56369 13.0082
    endloop
  endfacet
  facet normal -0.0426358 0.287445 0.956848
    outer loop
      vertex -0.462294 4.69375 14.1816
      vertex -0.663643 3.33636 14.5804
      vertex -0.333426 3.38534 14.5804
    endloop
  endfacet
  facet normal -0.653637 0.592418 0.470956
    outer loop
      vertex -8.94904 8.94904 6.98577
      vertex -9.7831 8.02879 6.98577
      vertex -8.49108 8.49108 8.19744
    endloop
  endfacet
  facet normal -0.639606 0.302507 0.706678
    outer loop
      vertex -9.14845 4.88995 10.4018
      vertex -9.58369 3.9697 10.4018
      vertex -8.29167 4.43199 11.3733
    endloop
  endfacet
  facet normal -0.806834 0.202076 0.555143
    outer loop
      vertex -10.7607 3.26422 9.33979
      vertex -11.7775 2.34268 8.19744
      vertex -11.0288 2.19377 9.33979
    endloop
  endfacet
  facet normal -0.750199 0.187922 0.633946
    outer loop
      vertex -9.92664 3.01121 10.4018
      vertex -10.7607 3.26422 9.33979
      vertex -10.174 2.02373 10.4018
    endloop
  endfacet
  facet normal -0.728162 0.260564 0.633945
    outer loop
      vertex -10.3889 4.30324 9.33979
      vertex -10.7607 3.26422 9.33979
      vertex -9.92664 3.01121 10.4018
    endloop
  endfacet
  facet normal -0.666181 0.238361 0.706673
    outer loop
      vertex -9.58369 3.9697 10.4018
      vertex -9.92664 3.01121 10.4018
      vertex -8.99699 2.72921 11.3733
    endloop
  endfacet
  facet normal -0.426344 0.470396 0.772631
    outer loop
      vertex -5.29071 6.44674 12.2449
      vertex -6.64809 6.64809 11.3733
      vertex -5.89712 5.89712 12.2449
    endloop
  endfacet
  facet normal -0.568297 0.421476 0.706681
    outer loop
      vertex -7.26771 5.96445 11.3733
      vertex -8.6251 5.76311 10.4018
      vertex -7.81733 5.22337 11.3733
    endloop
  endfacet
  facet normal -0.411996 0.373413 0.831157
    outer loop
      vertex -5.89712 5.89712 12.2449
      vertex -6.44674 5.29071 12.2449
      vertex -5.08936 5.08936 13.0082
    endloop
  endfacet
  facet normal -0.302507 0.639606 0.706678
    outer loop
      vertex -3.9697 9.58369 10.4018
      vertex -4.43199 8.29167 11.3733
      vertex -3.59792 8.68615 11.3733
    endloop
  endfacet
  facet normal -0.55048 0.742192 0.382261
    outer loop
      vertex -7.32331 10.9601 5.71646
      vertex -8.02879 9.7831 6.98577
      vertex -7.03121 10.523 6.98577
    endloop
  endfacet
  facet normal -0.550459 0.742198 0.382278
    outer loop
      vertex -7.32331 10.9601 5.71646
      vertex -8.36233 10.1895 5.71646
      vertex -8.02879 9.7831 6.98577
    endloop
  endfacet
  facet normal -0.870039 0.311297 0.382266
    outer loop
      vertex -11.6925 4.84318 6.98577
      vertex -12.1782 5.04439 5.71646
      vertex -12.1109 3.6738 6.98577
    endloop
  endfacet
  facet normal -0.797468 0.377141 0.470966
    outer loop
      vertex -10.5903 5.66063 8.19744
      vertex -11.1615 5.96593 6.98577
      vertex -11.0941 4.59534 8.19744
    endloop
  endfacet
  facet normal -0.592418 0.653637 0.470956
    outer loop
      vertex -8.02879 9.7831 6.98577
      vertex -8.94904 8.94904 6.98577
      vertex -8.49108 8.49108 8.19744
    endloop
  endfacet
  facet normal -0.742192 0.55048 0.382261
    outer loop
      vertex -9.7831 8.02879 6.98577
      vertex -10.9601 7.32331 5.71646
      vertex -10.523 7.03121 6.98577
    endloop
  endfacet
  facet normal -0.896361 0.224542 0.382253
    outer loop
      vertex -12.1109 3.6738 6.98577
      vertex -12.9283 2.57161 5.71646
      vertex -12.4127 2.46903 6.98577
    endloop
  endfacet
  facet normal -0.914061 0.135561 0.382251
    outer loop
      vertex -12.4127 2.46903 6.98577
      vertex -12.9283 2.57161 5.71646
      vertex -12.5949 1.24049 6.98577
    endloop
  endfacet
  facet normal -0.870032 0.311305 0.382274
    outer loop
      vertex -12.1782 5.04439 5.71646
      vertex -12.614 3.82642 5.71646
      vertex -12.1109 3.6738 6.98577
    endloop
  endfacet
  facet normal -0.901083 0.322415 0.289996
    outer loop
      vertex -12.1782 5.04439 5.71646
      vertex -12.9957 3.94219 4.40172
      vertex -12.614 3.82642 5.71646
    endloop
  endfacet
  facet normal -0.865143 0.409176 0.290006
    outer loop
      vertex -11.9769 6.40177 4.40172
      vertex -12.5467 5.19701 4.40172
      vertex -11.6251 6.21377 5.71646
    endloop
  endfacet
  facet normal -0.865139 0.409198 0.289985
    outer loop
      vertex -11.6251 6.21377 5.71646
      vertex -12.5467 5.19701 4.40172
      vertex -12.1782 5.04439 5.71646
    endloop
  endfacet
  facet normal -0.787807 0.584277 0.194886
    outer loop
      vertex -10.4978 8.61534 4.40172
      vertex -11.5146 7.6938 3.05423
      vertex -11.2917 7.54489 4.40172
    endloop
  endfacet
  facet normal -0.820866 0.492037 0.289962
    outer loop
      vertex -11.2917 7.54489 4.40172
      vertex -11.9769 6.40177 4.40172
      vertex -10.9601 7.32331 5.71646
    endloop
  endfacet
  facet normal -0.857752 0.514064 0
    outer loop
      vertex -12.332 6.5916 1
      vertex -11.6266 7.76861 1.68695
      vertex -11.6266 7.76861 1
    endloop
  endfacet
  facet normal -0.857752 0.514064 0
    outer loop
      vertex -11.6266 7.76861 1.68695
      vertex -12.332 6.5916 1
      vertex -12.332 6.5916 1.68695
    endloop
  endfacet
  facet normal -0.965379 0.241802 0.0978533
    outer loop
      vertex -13.381 4.05909 1.68695
      vertex -13.5824 2.7017 3.05423
      vertex -13.2522 4.02 3.05423
    endloop
  endfacet
  facet normal -0.951438 0.23831 0.194871
    outer loop
      vertex -13.2522 4.02 3.05423
      vertex -13.5824 2.7017 3.05423
      vertex -12.9957 3.94219 4.40172
    endloop
  endfacet
  facet normal -0.145992 -0.984431 0.0978884
    outer loop
      vertex -1.35739 -13.7818 3.05423
      vertex -2.72797 -13.7145 1.68695
      vertex -1.37059 -13.9158 1.68695
    endloop
  endfacet
  facet normal -0.853601 -0.511642 0.0979165
    outer loop
      vertex -11.5146 -7.6938 3.05423
      vertex -12.2133 -6.52812 3.05423
      vertex -11.6266 -7.76861 1.68695
    endloop
  endfacet
  facet normal -0.803189 -0.595724 0
    outer loop
      vertex -10.8091 -8.87081 1
      vertex -11.6266 -7.76861 1.68695
      vertex -11.6266 -7.76861 1
    endloop
  endfacet
  facet normal -0.803189 -0.595724 0
    outer loop
      vertex -11.6266 -7.76861 1.68695
      vertex -10.8091 -8.87081 1
      vertex -10.8091 -8.87081 1.68695
    endloop
  endfacet
  facet normal -0.511642 -0.853601 0.0979165
    outer loop
      vertex -7.6938 -11.5146 3.05423
      vertex -7.76861 -11.6266 1.68695
      vertex -6.52812 -12.2133 3.05423
    endloop
  endfacet
  facet normal -0.595724 -0.803189 0
    outer loop
      vertex -8.87081 -10.8091 1
      vertex -7.76861 -11.6266 1.68695
      vertex -8.87081 -10.8091 1.68695
    endloop
  endfacet
  facet normal -0.595724 -0.803189 -0
    outer loop
      vertex -7.76861 -11.6266 1.68695
      vertex -8.87081 -10.8091 1
      vertex -7.76861 -11.6266 1
    endloop
  endfacet
  facet normal -0.970217 -0.14388 0.194876
    outer loop
      vertex -13.515 -1.33111 4.40172
      vertex -13.5824 -2.7017 3.05423
      vertex -13.3195 -2.64941 4.40172
    endloop
  endfacet
  facet normal -0.984431 -0.145992 0.0978884
    outer loop
      vertex -13.7818 -1.35739 3.05423
      vertex -13.9158 -1.37059 1.68695
      vertex -13.7145 -2.72797 1.68695
    endloop
  endfacet
  facet normal -0.937012 -0.335311 0.0978544
    outer loop
      vertex -13.2522 -4.02 3.05423
      vertex -13.381 -4.05909 1.68695
      vertex -12.7943 -5.29958 3.05423
    endloop
  endfacet
  facet normal -0.970207 -0.14391 0.194905
    outer loop
      vertex -13.515 -1.33111 4.40172
      vertex -13.7818 -1.35739 3.05423
      vertex -13.5824 -2.7017 3.05423
    endloop
  endfacet
  facet normal -0.492037 -0.820866 0.289962
    outer loop
      vertex -7.32331 -10.9601 5.71646
      vertex -7.54489 -11.2917 4.40172
      vertex -6.40177 -11.9769 4.40172
    endloop
  endfacet
  facet normal -0.504267 -0.841269 0.194888
    outer loop
      vertex -7.54489 -11.2917 4.40172
      vertex -7.6938 -11.5146 3.05423
      vertex -6.40177 -11.9769 4.40172
    endloop
  endfacet
  facet normal -0.658679 -0.726752 0.194867
    outer loop
      vertex -9.60282 -9.60282 4.40172
      vertex -9.79235 -9.79235 3.05423
      vertex -8.78538 -10.705 3.05423
    endloop
  endfacet
  facet normal -0.787799 -0.584293 0.19487
    outer loop
      vertex -10.4978 -8.61534 4.40172
      vertex -11.5146 -7.6938 3.05423
      vertex -10.705 -8.78538 3.05423
    endloop
  endfacet
  facet normal -0.584277 -0.787807 0.194886
    outer loop
      vertex -7.54489 -11.2917 4.40172
      vertex -8.61534 -10.4978 4.40172
      vertex -7.6938 -11.5146 3.05423
    endloop
  endfacet
  facet normal -0.726754 -0.658677 0.19487
    outer loop
      vertex -10.4978 -8.61534 4.40172
      vertex -10.705 -8.78538 3.05423
      vertex -9.60282 -9.60282 4.40172
    endloop
  endfacet
  facet normal 0.196948 -0.328595 0.923708
    outer loop
      vertex 3.32552 -4.97699 13.6558
      vertex 2.22332 -4.15954 14.1816
      vertex 2.82167 -5.27898 13.6558
    endloop
  endfacet
  facet normal 0.0311522 -0.634092 0.77263
    outer loop
      vertex 0 -8.33979 12.2449
      vertex 0 -9.40182 11.3733
      vertex 0.817442 -8.29963 12.2449
    endloop
  endfacet
  facet normal -0.865143 -0.409176 0.290006
    outer loop
      vertex -11.6251 -6.21377 5.71646
      vertex -12.5467 -5.19701 4.40172
      vertex -11.9769 -6.40177 4.40172
    endloop
  endfacet
  facet normal -0.539373 -0.135103 0.831158
    outer loop
      vertex -7.05914 -1.40415 13.0082
      vertex -8.17954 -1.62701 12.2449
      vertex -6.88752 -2.08931 13.0082
    endloop
  endfacet
  facet normal -0.772446 -0.0379148 0.633948
    outer loop
      vertex -10.3234 -1.01676 10.4018
      vertex -11.2449 0 9.33979
      vertex -11.1908 -1.10219 9.33979
    endloop
  endfacet
  facet normal -0.896361 -0.224542 0.382253
    outer loop
      vertex -12.4127 -2.46903 6.98577
      vertex -12.9283 -2.57161 5.71646
      vertex -12.1109 -3.6738 6.98577
    endloop
  endfacet
  facet normal -0.555366 -0.0272845 0.831158
    outer loop
      vertex -7.16278 -0.705472 13.0082
      vertex -8.33979 0 12.2449
      vertex -8.29963 -0.817442 12.2449
    endloop
  endfacet
  facet normal -0.627984 -0.0931541 0.772631
    outer loop
      vertex -8.29963 -0.817442 12.2449
      vertex -9.35655 -0.921539 11.3733
      vertex -8.17954 -1.62701 12.2449
    endloop
  endfacet
  facet normal -0.495491 -0.668091 0.555106
    outer loop
      vertex -7.13369 -8.69243 9.33979
      vertex -7.61792 -9.28246 8.19744
      vertex -6.24733 -9.3498 9.33979
    endloop
  endfacet
  facet normal -0.397595 -0.663351 0.633943
    outer loop
      vertex -5.76311 -8.6251 10.4018
      vertex -6.24733 -9.3498 9.33979
      vertex -5.30081 -9.91712 9.33979
    endloop
  endfacet
  facet normal -0.355604 -0.751929 0.555112
    outer loop
      vertex -4.30324 -10.3889 9.33979
      vertex -5.66063 -10.5903 8.19744
      vertex -4.59534 -11.0941 8.19744
    endloop
  endfacet
  facet normal -0.355607 -0.751925 0.555115
    outer loop
      vertex -5.30081 -9.91712 9.33979
      vertex -5.66063 -10.5903 8.19744
      vertex -4.30324 -10.3889 9.33979
    endloop
  endfacet
  facet normal 0.070605 -0.281885 0.956847
    outer loop
      vertex 0.987468 -3.25525 14.5804
      vertex 0.663643 -3.33636 14.5804
      vertex 1.36911 -4.51337 14.1816
    endloop
  endfacet
  facet normal 0.0419339 -0.0886634 0.995179
    outer loop
      vertex 0.630796 -1.24848 14.9129
      vertex 0.786118 -1.89786 14.8485
      vertex 0.968355 -1.81167 14.8485
    endloop
  endfacet
  facet normal 0.0419341 -0.0886634 0.995179
    outer loop
      vertex 0.786118 -1.89786 14.8485
      vertex 0.630796 -1.24848 14.9129
      vertex 0.535756 -1.29343 14.9129
    endloop
  endfacet
  facet normal -0.0584274 0.0787768 0.995179
    outer loop
      vertex -1.30319 1.58794 14.8485
      vertex -0.88815 1.08221 14.9129
      vertex -0.803707 1.14484 14.9129
    endloop
  endfacet
  facet normal -0.0584265 0.0787778 0.995179
    outer loop
      vertex -1.30319 1.58794 14.8485
      vertex -0.803707 1.14484 14.9129
      vertex -1.14127 1.70803 14.8485
    endloop
  endfacet
  facet normal 0.0841303 -0.050415 0.995179
    outer loop
      vertex 1.23469 -0.659955 14.9129
      vertex 1.21811 -0.687623 14.9129
      vertex 1.81167 -0.968355 14.8485
    endloop
  endfacet
  facet normal -0.189509 -0.0474673 0.980731
    outer loop
      vertex -2.01476 -0.40076 14.8485
      vertex -3.33636 -0.663643 14.5804
      vertex -3.25525 -0.987468 14.5804
    endloop
  endfacet
  facet normal -0.183942 -0.0658198 0.980731
    outer loop
      vertex -1.89786 -0.786118 14.8485
      vertex -3.25525 -0.987468 14.5804
      vertex -3.14278 -1.30178 14.5804
    endloop
  endfacet
  facet normal -0.156917 -0.116378 0.980731
    outer loop
      vertex -1.58794 -1.30319 14.8485
      vertex -2.82843 -1.8899 14.5804
      vertex -2.62957 -2.15803 14.5804
    endloop
  endfacet
  facet normal -0.307704 -0.228217 0.923707
    outer loop
      vertex -3.64587 -2.99209 14.1816
      vertex -4.97699 -3.32552 13.6558
      vertex -4.62706 -3.79733 13.6558
    endloop
  endfacet
  facet normal -0.0978961 -0.273604 0.956847
    outer loop
      vertex -1.30178 -3.14278 14.5804
      vertex -1.80491 -4.35744 14.1816
      vertex -1.36911 -4.51337 14.1816
    endloop
  endfacet
  facet normal -0.196949 -0.328593 0.923709
    outer loop
      vertex -2.62032 -3.92159 14.1816
      vertex -3.32552 -4.97699 13.6558
      vertex -2.22332 -4.15954 14.1816
    endloop
  endfacet
  facet normal 0.411998 -0.373408 0.831158
    outer loop
      vertex 5.56369 -4.56601 13.0082
      vertex 5.08936 -5.08936 13.0082
      vertex 6.44674 -5.29071 12.2449
    endloop
  endfacet
  facet normal 0.411996 -0.373413 0.831157
    outer loop
      vertex 6.44674 -5.29071 12.2449
      vertex 5.08936 -5.08936 13.0082
      vertex 5.89712 -5.89712 12.2449
    endloop
  endfacet
  facet normal 0.281057 -0.378961 0.8817
    outer loop
      vertex 4.56601 -5.56369 13.0082
      vertex 3.79733 -4.62706 13.6558
      vertex 3.99868 -5.98445 13.0082
    endloop
  endfacet
  facet normal 0.378959 -0.281065 0.881699
    outer loop
      vertex 4.97699 -3.32552 13.6558
      vertex 4.62706 -3.79733 13.6558
      vertex 5.98445 -3.99868 13.0082
    endloop
  endfacet
  facet normal 0.0979034 -0.273604 0.956847
    outer loop
      vertex 1.30178 -3.14278 14.5804
      vertex 0.987468 -3.25525 14.5804
      vertex 1.36911 -4.51337 14.1816
    endloop
  endfacet
  facet normal -0.173106 -0.233405 0.956847
    outer loop
      vertex -2.15803 -2.62957 14.5804
      vertex -2.99209 -3.64587 14.1816
      vertex -1.8899 -2.82843 14.5804
    endloop
  endfacet
  facet normal -0.285858 -0.476927 0.831159
    outer loop
      vertex -3.39285 -6.34757 13.0082
      vertex -3.99868 -5.98445 13.0082
      vertex -3.93135 -7.35504 12.2449
    endloop
  endfacet
  facet normal -0.20215 -0.806848 0.555096
    outer loop
      vertex -3.26422 -10.7607 9.33979
      vertex -3.4858 -11.4911 8.19744
      vertex -2.34268 -11.7775 8.19744
    endloop
  endfacet
  facet normal -0.113503 -0.765018 0.633928
    outer loop
      vertex -2.02373 -10.174 10.4018
      vertex -2.19377 -11.0288 9.33979
      vertex -1.01676 -10.3234 10.4018
    endloop
  endfacet
  facet normal -0.0379148 -0.772446 0.633948
    outer loop
      vertex -1.01676 -10.3234 10.4018
      vertex -1.10219 -11.1908 9.33979
      vertex 0 -11.2449 9.33979
    endloop
  endfacet
  facet normal -0.113532 -0.764998 0.633947
    outer loop
      vertex -1.01676 -10.3234 10.4018
      vertex -2.19377 -11.0288 9.33979
      vertex -1.10219 -11.1908 9.33979
    endloop
  endfacet
  facet normal 0.0347147 -0.706671 0.706691
    outer loop
      vertex 0.921539 -9.35655 11.3733
      vertex 0 -9.40182 11.3733
      vertex 1.01676 -10.3234 10.4018
    endloop
  endfacet
  facet normal 0.330642 -0.699137 0.633943
    outer loop
      vertex 4.88995 -9.14845 10.4018
      vertex 4.30324 -10.3889 9.33979
      vertex 5.30081 -9.91712 9.33979
    endloop
  endfacet
  facet normal -0.232523 -0.928353 0.28999
    outer loop
      vertex -2.57161 -12.9283 5.71646
      vertex -3.94219 -12.9957 4.40172
      vertex -2.64941 -13.3195 4.40172
    endloop
  endfacet
  facet normal 0.0432568 -0.881111 0.470927
    outer loop
      vertex 0 -12.0082 8.19744
      vertex 0 -12.6558 6.98577
      vertex 1.24049 -12.5949 6.98577
    endloop
  endfacet
  facet normal 0.0346825 -0.706689 0.706674
    outer loop
      vertex 0 -9.40182 11.3733
      vertex 0 -10.3733 10.4018
      vertex 1.01676 -10.3234 10.4018
    endloop
  endfacet
  facet normal 0.0379096 -0.772444 0.633951
    outer loop
      vertex 0 -10.3733 10.4018
      vertex 0 -11.2449 9.33979
      vertex 1.01676 -10.3234 10.4018
    endloop
  endfacet
  facet normal -0.238369 -0.666173 0.706678
    outer loop
      vertex -3.59792 -8.68615 11.3733
      vertex -3.9697 -9.58369 10.4018
      vertex -2.72921 -8.99699 11.3733
    endloop
  endfacet
  facet normal -0.238361 -0.666181 0.706673
    outer loop
      vertex -2.72921 -8.99699 11.3733
      vertex -3.9697 -9.58369 10.4018
      vertex -3.01121 -9.92664 10.4018
    endloop
  endfacet
  facet normal -0.349591 -0.316845 0.8817
    outer loop
      vertex -4.62706 -3.79733 13.6558
      vertex -5.08936 -5.08936 13.0082
      vertex -4.23258 -4.23258 13.6558
    endloop
  endfacet
  facet normal -0.316845 -0.349591 0.8817
    outer loop
      vertex -4.23258 -4.23258 13.6558
      vertex -5.08936 -5.08936 13.0082
      vertex -3.79733 -4.62706 13.6558
    endloop
  endfacet
  facet normal -0.44423 -0.158952 0.881699
    outer loop
      vertex -5.72803 -1.73758 13.6558
      vertex -6.88752 -2.08931 13.0082
      vertex -5.53013 -2.29066 13.6558
    endloop
  endfacet
  facet normal -0.360701 -0.129064 0.923708
    outer loop
      vertex -4.51337 -1.36911 14.1816
      vertex -5.72803 -1.73758 13.6558
      vertex -5.53013 -2.29066 13.6558
    endloop
  endfacet
  facet normal -0.504256 -0.841279 0.194874
    outer loop
      vertex -6.40177 -11.9769 4.40172
      vertex -7.6938 -11.5146 3.05423
      vertex -6.52812 -12.2133 3.05423
    endloop
  endfacet
  facet normal -0.419353 -0.886661 0.194875
    outer loop
      vertex -6.40177 -11.9769 4.40172
      vertex -6.52812 -12.2133 3.05423
      vertex -5.19701 -12.5467 4.40172
    endloop
  endfacet
  facet normal 0.42755 -0.903992 0
    outer loop
      vertex 5.35111 -12.9187 1
      vertex 6.5916 -12.332 1.68695
      vertex 5.35111 -12.9187 1.68695
    endloop
  endfacet
  facet normal 0.42755 -0.903992 0
    outer loop
      vertex 6.5916 -12.332 1.68695
      vertex 5.35111 -12.9187 1
      vertex 6.5916 -12.332 1
    endloop
  endfacet
  facet normal 0.425468 -0.899664 0.0978896
    outer loop
      vertex 6.52812 -12.2133 3.05423
      vertex 5.29958 -12.7943 3.05423
      vertex 5.35111 -12.9187 1.68695
    endloop
  endfacet
  facet normal 0.0488083 -0.994 0.097888
    outer loop
      vertex 1.35739 -13.7818 3.05423
      vertex 0 -13.9831 1.68695
      vertex 1.37059 -13.9158 1.68695
    endloop
  endfacet
  facet normal -0.0481379 -0.979639 0.194911
    outer loop
      vertex 0 -13.5804 4.40172
      vertex -1.35739 -13.7818 3.05423
      vertex 0 -13.8485 3.05423
    endloop
  endfacet
  facet normal 0.241862 -0.965358 0.0979152
    outer loop
      vertex 4.05909 -13.381 1.68695
      vertex 2.7017 -13.5824 3.05423
      vertex 2.72797 -13.7145 1.68695
    endloop
  endfacet
  facet normal 0.241802 -0.965379 0.0978533
    outer loop
      vertex 4.02 -13.2522 3.05423
      vertex 2.7017 -13.5824 3.05423
      vertex 4.05909 -13.381 1.68695
    endloop
  endfacet
  facet normal 0.592851 -0.799339 0.0979013
    outer loop
      vertex 8.78538 -10.705 3.05423
      vertex 7.6938 -11.5146 3.05423
      vertex 8.87081 -10.8091 1.68695
    endloop
  endfacet
  facet normal 0.726754 -0.658677 0.19487
    outer loop
      vertex 10.4978 -8.61534 4.40172
      vertex 9.60282 -9.60282 4.40172
      vertex 10.705 -8.78538 3.05423
    endloop
  endfacet
  facet normal 0.495491 -0.66809 0.555107
    outer loop
      vertex 7.61792 -9.28246 8.19744
      vertex 6.24733 -9.3498 9.33979
      vertex 6.6714 -9.98445 8.19744
    endloop
  endfacet
  facet normal 0.495491 -0.668091 0.555106
    outer loop
      vertex 7.13369 -8.69243 9.33979
      vertex 6.24733 -9.3498 9.33979
      vertex 7.61792 -9.28246 8.19744
    endloop
  endfacet
  facet normal 0.397596 -0.663351 0.633943
    outer loop
      vertex 5.76311 -8.6251 10.4018
      vertex 4.88995 -9.14845 10.4018
      vertex 5.30081 -9.91712 9.33979
    endloop
  endfacet
  facet normal 0.426344 -0.470396 0.772631
    outer loop
      vertex 5.89712 -5.89712 12.2449
      vertex 5.29071 -6.44674 12.2449
      vertex 6.64809 -6.64809 11.3733
    endloop
  endfacet
  facet normal 0.316845 -0.349591 0.8817
    outer loop
      vertex 4.23258 -4.23258 13.6558
      vertex 3.79733 -4.62706 13.6558
      vertex 5.08936 -5.08936 13.0082
    endloop
  endfacet
  facet normal 0.33123 -0.446612 0.831158
    outer loop
      vertex 4.56601 -5.56369 13.0082
      vertex 3.99868 -5.98445 13.0082
      vertex 5.29071 -6.44674 12.2449
    endloop
  endfacet
  facet normal 0.201729 -0.426509 0.8817
    outer loop
      vertex 3.39285 -6.34757 13.0082
      vertex 2.29066 -5.53013 13.6558
      vertex 2.75434 -6.64957 13.0082
    endloop
  endfacet
  facet normal 0.114641 -0.457672 0.881699
    outer loop
      vertex 1.73758 -5.72803 13.6558
      vertex 1.16777 -5.87076 13.6558
      vertex 2.08931 -6.88752 13.0082
    endloop
  endfacet
  facet normal 0.378184 -0.50992 0.772631
    outer loop
      vertex 5.29071 -6.44674 12.2449
      vertex 4.63334 -6.93428 12.2449
      vertex 5.22337 -7.81733 11.3733
    endloop
  endfacet
  facet normal 0.475154 -0.524248 0.706677
    outer loop
      vertex 6.64809 -6.64809 11.3733
      vertex 5.96445 -7.26771 11.3733
      vertex 6.58076 -8.01868 10.4018
    endloop
  endfacet
  facet normal 0.232529 -0.928349 0.289997
    outer loop
      vertex 3.82642 -12.614 5.71646
      vertex 2.57161 -12.9283 5.71646
      vertex 3.94219 -12.9957 4.40172
    endloop
  endfacet
  facet normal 0.322415 -0.901083 0.289996
    outer loop
      vertex 5.04439 -12.1782 5.71646
      vertex 3.82642 -12.614 5.71646
      vertex 3.94219 -12.9957 4.40172
    endloop
  endfacet
  facet normal 0.511596 -0.853635 0.0978604
    outer loop
      vertex 7.76861 -11.6266 1.68695
      vertex 6.52812 -12.2133 3.05423
      vertex 6.5916 -12.332 1.68695
    endloop
  endfacet
  facet normal 0.322426 -0.901082 0.289987
    outer loop
      vertex 5.04439 -12.1782 5.71646
      vertex 3.94219 -12.9957 4.40172
      vertex 5.19701 -12.5467 4.40172
    endloop
  endfacet
  facet normal 0.311305 -0.870032 0.382274
    outer loop
      vertex 5.04439 -12.1782 5.71646
      vertex 3.6738 -12.1109 6.98577
      vertex 3.82642 -12.614 5.71646
    endloop
  endfacet
  facet normal -0.14391 -0.970207 0.194905
    outer loop
      vertex -1.33111 -13.515 4.40172
      vertex -2.7017 -13.5824 3.05423
      vertex -1.35739 -13.7818 3.05423
    endloop
  endfacet
  facet normal -0.243029 -0.970019 0
    outer loop
      vertex -4.05909 -13.381 1
      vertex -2.72797 -13.7145 1.68695
      vertex -4.05909 -13.381 1.68695
    endloop
  endfacet
  facet normal -0.243029 -0.970019 -0
    outer loop
      vertex -2.72797 -13.7145 1.68695
      vertex -4.05909 -13.381 1
      vertex -2.72797 -13.7145 1
    endloop
  endfacet
  facet normal -0.224542 -0.896361 0.382253
    outer loop
      vertex -2.46903 -12.4127 6.98577
      vertex -3.6738 -12.1109 6.98577
      vertex -2.57161 -12.9283 5.71646
    endloop
  endfacet
  facet normal -0.311297 -0.870039 0.382266
    outer loop
      vertex -4.84318 -11.6925 6.98577
      vertex -5.04439 -12.1782 5.71646
      vertex -3.6738 -12.1109 6.98577
    endloop
  endfacet
  facet normal -0.311305 -0.870032 0.382274
    outer loop
      vertex -3.6738 -12.1109 6.98577
      vertex -5.04439 -12.1782 5.71646
      vertex -3.82642 -12.614 5.71646
    endloop
  endfacet
  facet normal -0.129414 -0.872615 0.470951
    outer loop
      vertex -2.34268 -11.7775 8.19744
      vertex -2.46903 -12.4127 6.98577
      vertex -1.24049 -12.5949 6.98577
    endloop
  endfacet
  facet normal 0.970019 0.243029 0
    outer loop
      vertex 13.7145 2.72797 1.68695
      vertex 13.381 4.05909 1
      vertex 13.381 4.05909 1.68695
    endloop
  endfacet
  facet normal 0.970019 0.243029 0
    outer loop
      vertex 13.381 4.05909 1
      vertex 13.7145 2.72797 1.68695
      vertex 13.7145 2.72797 1
    endloop
  endfacet
  facet normal 0.984431 -0.145992 0.0978884
    outer loop
      vertex 13.7818 -1.35739 3.05423
      vertex 13.7145 -2.72797 1.68695
      vertex 13.9158 -1.37059 1.68695
    endloop
  endfacet
  facet normal 0.984424 -0.146019 0.0979158
    outer loop
      vertex 13.7818 -1.35739 3.05423
      vertex 13.5824 -2.7017 3.05423
      vertex 13.7145 -2.72797 1.68695
    endloop
  endfacet
  facet normal 0.93702 -0.335277 0.0978893
    outer loop
      vertex 13.381 -4.05909 1.68695
      vertex 12.7943 -5.29958 3.05423
      vertex 12.9187 -5.35111 1.68695
    endloop
  endfacet
  facet normal 0.841279 -0.504256 0.194874
    outer loop
      vertex 11.9769 -6.40177 4.40172
      vertex 11.5146 -7.6938 3.05423
      vertex 12.2133 -6.52812 3.05423
    endloop
  endfacet
  facet normal 0.886661 -0.419353 0.194875
    outer loop
      vertex 12.5467 -5.19701 4.40172
      vertex 11.9769 -6.40177 4.40172
      vertex 12.2133 -6.52812 3.05423
    endloop
  endfacet
  facet normal 0.946676 -0.140389 0.289991
    outer loop
      vertex 13.515 -1.33111 4.40172
      vertex 12.9283 -2.57161 5.71646
      vertex 13.3195 -2.64941 4.40172
    endloop
  endfacet
  facet normal 0.94668 -0.14042 0.289963
    outer loop
      vertex 13.1181 -1.29202 5.71646
      vertex 12.9283 -2.57161 5.71646
      vertex 13.515 -1.33111 4.40172
    endloop
  endfacet
  facet normal 0.928353 -0.232523 0.28999
    outer loop
      vertex 13.3195 -2.64941 4.40172
      vertex 12.9283 -2.57161 5.71646
      vertex 12.9957 -3.94219 4.40172
    endloop
  endfacet
  facet normal 0.951438 -0.238305 0.194876
    outer loop
      vertex 13.3195 -2.64941 4.40172
      vertex 12.9957 -3.94219 4.40172
      vertex 13.5824 -2.7017 3.05423
    endloop
  endfacet
  facet normal 0.713435 -0.427629 0.555107
    outer loop
      vertex 10.5903 -5.66063 8.19744
      vertex 9.3498 -6.24733 9.33979
      vertex 9.98445 -6.6714 8.19744
    endloop
  endfacet
  facet normal 0.66809 -0.495491 0.555107
    outer loop
      vertex 9.3498 -6.24733 9.33979
      vertex 9.28246 -7.61792 8.19744
      vertex 9.98445 -6.6714 8.19744
    endloop
  endfacet
  facet normal 0.595724 -0.803189 0
    outer loop
      vertex 7.76861 -11.6266 1
      vertex 8.87081 -10.8091 1.68695
      vertex 7.76861 -11.6266 1.68695
    endloop
  endfacet
  facet normal 0.595724 -0.803189 0
    outer loop
      vertex 8.87081 -10.8091 1.68695
      vertex 7.76861 -11.6266 1
      vertex 8.87081 -10.8091 1
    endloop
  endfacet
  facet normal 0.740954 -0.671556 0
    outer loop
      vertex 9.88757 -9.88757 1.68695
      vertex 10.8091 -8.87081 1
      vertex 10.8091 -8.87081 1.68695
    endloop
  endfacet
  facet normal 0.740954 -0.671556 0
    outer loop
      vertex 10.8091 -8.87081 1
      vertex 9.88757 -9.88757 1.68695
      vertex 9.88757 -9.88757 1
    endloop
  endfacet
  facet normal 0.799339 -0.592851 0.0979013
    outer loop
      vertex 11.5146 -7.6938 3.05423
      vertex 10.705 -8.78538 3.05423
      vertex 10.8091 -8.87081 1.68695
    endloop
  endfacet
  facet normal 0.475152 -0.524249 0.706678
    outer loop
      vertex 6.64809 -6.64809 11.3733
      vertex 6.58076 -8.01868 10.4018
      vertex 7.33504 -7.33504 10.4018
    endloop
  endfacet
  facet normal 0.519367 -0.573036 0.633946
    outer loop
      vertex 7.95135 -7.95135 9.33979
      vertex 6.58076 -8.01868 10.4018
      vertex 7.13369 -8.69243 9.33979
    endloop
  endfacet
  facet normal 0.568295 -0.421483 0.706677
    outer loop
      vertex 8.6251 -5.76311 10.4018
      vertex 7.26771 -5.96445 11.3733
      vertex 8.01868 -6.58076 10.4018
    endloop
  endfacet
  facet normal 0.568297 -0.421476 0.706681
    outer loop
      vertex 7.81733 -5.22337 11.3733
      vertex 7.26771 -5.96445 11.3733
      vertex 8.6251 -5.76311 10.4018
    endloop
  endfacet
  facet normal 0.346314 -0.1638 0.923708
    outer loop
      vertex 4.35744 -1.80491 14.1816
      vertex 4.15954 -2.22332 14.1816
      vertex 5.53013 -2.29066 13.6558
    endloop
  endfacet
  facet normal 0.176607 -0.0835274 0.980731
    outer loop
      vertex 1.89786 -0.786118 14.8485
      vertex 1.81167 -0.968355 14.8485
      vertex 3.14278 -1.30178 14.5804
    endloop
  endfacet
  facet normal 0.0726734 -0.0658652 0.995179
    outer loop
      vertex 1.01161 -0.966049 14.9129
      vertex 0.989949 -0.989949 14.9129
      vertex 1.45256 -1.45256 14.8485
    endloop
  endfacet
  facet normal 0.606874 -0.363745 0.706678
    outer loop
      vertex 9.14845 -4.88995 10.4018
      vertex 8.29167 -4.43199 11.3733
      vertex 8.6251 -5.76311 10.4018
    endloop
  endfacet
  facet normal 0.663351 -0.397596 0.633943
    outer loop
      vertex 9.14845 -4.88995 10.4018
      vertex 8.6251 -5.76311 10.4018
      vertex 9.91712 -5.30081 9.33979
    endloop
  endfacet
  facet normal 0.61583 -0.154252 0.772632
    outer loop
      vertex 9.22117 -1.8342 11.3733
      vertex 8.17954 -1.62701 12.2449
      vertex 8.99699 -2.72921 11.3733
    endloop
  endfacet
  facet normal 0.597739 -0.213882 0.772634
    outer loop
      vertex 8.99699 -2.72921 11.3733
      vertex 7.98068 -2.42091 12.2449
      vertex 8.68615 -3.59792 11.3733
    endloop
  endfacet
  facet normal 0.421483 0.568295 0.706677
    outer loop
      vertex 6.58076 8.01868 10.4018
      vertex 5.76311 8.6251 10.4018
      vertex 5.96445 7.26771 11.3733
    endloop
  endfacet
  facet normal 0.426344 0.470396 0.772631
    outer loop
      vertex 6.64809 6.64809 11.3733
      vertex 5.29071 6.44674 12.2449
      vertex 5.89712 5.89712 12.2449
    endloop
  endfacet
  facet normal 0.699137 0.330663 0.633932
    outer loop
      vertex 10.3889 4.30324 9.33979
      vertex 9.14845 4.88995 10.4018
      vertex 9.58369 3.9697 10.4018
    endloop
  endfacet
  facet normal 0.606869 0.363747 0.70668
    outer loop
      vertex 8.6251 5.76311 10.4018
      vertex 7.81733 5.22337 11.3733
      vertex 8.29167 4.43199 11.3733
    endloop
  endfacet
  facet normal 0.573904 0.271434 0.772631
    outer loop
      vertex 8.68615 3.59792 11.3733
      vertex 7.35504 3.93135 12.2449
      vertex 7.70496 3.1915 12.2449
    endloop
  endfacet
  facet normal 0.457672 0.114641 0.881699
    outer loop
      vertex 6.88752 2.08931 13.0082
      vertex 5.72803 1.73758 13.6558
      vertex 5.87076 1.16777 13.6558
    endloop
  endfacet
  facet normal 0.476926 0.285861 0.831159
    outer loop
      vertex 6.93428 4.63334 12.2449
      vertex 5.98445 3.99868 13.0082
      vertex 7.35504 3.93135 12.2449
    endloop
  endfacet
  facet normal 0.446612 0.33123 0.831158
    outer loop
      vertex 6.44674 5.29071 12.2449
      vertex 5.56369 4.56601 13.0082
      vertex 5.98445 3.99868 13.0082
    endloop
  endfacet
  facet normal 0.63409 -0.0311493 0.772631
    outer loop
      vertex 9.40182 0 11.3733
      vertex 8.29963 -0.817442 12.2449
      vertex 9.35655 -0.921539 11.3733
    endloop
  endfacet
  facet normal 0.634092 -0.0311522 0.77263
    outer loop
      vertex 8.33979 0 12.2449
      vertex 8.29963 -0.817442 12.2449
      vertex 9.40182 0 11.3733
    endloop
  endfacet
  facet normal 0.523534 -0.187322 0.831157
    outer loop
      vertex 7.98068 -2.42091 12.2449
      vertex 6.64957 -2.75434 13.0082
      vertex 7.70496 -3.1915 12.2449
    endloop
  endfacet
  facet normal 0.346315 -0.163795 0.923708
    outer loop
      vertex 5.53013 -2.29066 13.6558
      vertex 4.15954 -2.22332 14.1816
      vertex 5.27898 -2.82167 13.6558
    endloop
  endfacet
  facet normal 0.466705 -0.0692272 0.8817
    outer loop
      vertex 5.95695 -0.586708 13.6558
      vertex 5.87076 -1.16777 13.6558
      vertex 7.16278 -0.705472 13.0082
    endloop
  endfacet
  facet normal 0.287445 0.0426358 0.956848
    outer loop
      vertex 4.69375 0.462294 14.1816
      vertex 3.33636 0.663643 14.5804
      vertex 3.38534 0.333426 14.5804
    endloop
  endfacet
  facet normal 0.29024 0.0142579 0.956848
    outer loop
      vertex 4.69375 0.462294 14.1816
      vertex 3.40172 0 14.5804
      vertex 4.71646 0 14.1816
    endloop
  endfacet
  facet normal 0.281884 0.0706067 0.956847
    outer loop
      vertex 4.51337 1.36911 14.1816
      vertex 3.33636 0.663643 14.5804
      vertex 4.62583 0.920135 14.1816
    endloop
  endfacet
  facet normal 0.281884 -0.0706067 0.956847
    outer loop
      vertex 4.62583 -0.920135 14.1816
      vertex 3.33636 -0.663643 14.5804
      vertex 4.51337 -1.36911 14.1816
    endloop
  endfacet
  facet normal 0.378949 -0.0562165 0.923709
    outer loop
      vertex 4.69375 -0.462294 14.1816
      vertex 4.62583 -0.920135 14.1816
      vertex 5.87076 -1.16777 13.6558
    endloop
  endfacet
  facet normal 0.523534 0.187322 0.831157
    outer loop
      vertex 7.98068 2.42091 12.2449
      vertex 6.64957 2.75434 13.0082
      vertex 6.88752 2.08931 13.0082
    endloop
  endfacet
  facet normal 0.615827 0.154255 0.772634
    outer loop
      vertex 8.99699 2.72921 11.3733
      vertex 7.98068 2.42091 12.2449
      vertex 8.17954 1.62701 12.2449
    endloop
  endfacet
  facet normal 0.550018 -0.0815887 0.831158
    outer loop
      vertex 8.29963 -0.817442 12.2449
      vertex 7.16278 -0.705472 13.0082
      vertex 8.17954 -1.62701 12.2449
    endloop
  endfacet
  facet normal 0.555366 -0.0272845 0.831158
    outer loop
      vertex 8.33979 0 12.2449
      vertex 7.16278 -0.705472 13.0082
      vertex 8.29963 -0.817442 12.2449
    endloop
  endfacet
  facet normal 0.466706 0.0692299 0.881699
    outer loop
      vertex 7.05914 1.40415 13.0082
      vertex 5.87076 1.16777 13.6558
      vertex 7.16278 0.705472 13.0082
    endloop
  endfacet
  facet normal 0.466705 0.0692272 0.8817
    outer loop
      vertex 7.16278 0.705472 13.0082
      vertex 5.87076 1.16777 13.6558
      vertex 5.95695 0.586708 13.6558
    endloop
  endfacet
  facet normal 0.363747 0.606869 0.70668
    outer loop
      vertex 5.76311 8.6251 10.4018
      vertex 4.43199 8.29167 11.3733
      vertex 5.22337 7.81733 11.3733
    endloop
  endfacet
  facet normal 0.326383 0.544532 0.772631
    outer loop
      vertex 5.22337 7.81733 11.3733
      vertex 4.43199 8.29167 11.3733
      vertex 4.63334 6.93428 12.2449
    endloop
  endfacet
  facet normal 0.237735 0.502652 0.831157
    outer loop
      vertex 3.1915 7.70496 12.2449
      vertex 2.75434 6.64957 13.0082
      vertex 3.93135 7.35504 12.2449
    endloop
  endfacet
  facet normal 0.316845 0.34959 0.881701
    outer loop
      vertex 4.56601 5.56369 13.0082
      vertex 3.79733 4.62706 13.6558
      vertex 5.08936 5.08936 13.0082
    endloop
  endfacet
  facet normal 0.568295 0.421483 0.706677
    outer loop
      vertex 8.01868 6.58076 10.4018
      vertex 7.26771 5.96445 11.3733
      vertex 8.6251 5.76311 10.4018
    endloop
  endfacet
  facet normal 0.621179 0.460705 0.633946
    outer loop
      vertex 8.69243 7.13369 9.33979
      vertex 8.01868 6.58076 10.4018
      vertex 8.6251 5.76311 10.4018
    endloop
  endfacet
  facet normal 0.176607 0.0835274 0.980731
    outer loop
      vertex 3.14278 1.30178 14.5804
      vertex 1.81167 0.968355 14.8485
      vertex 1.89786 0.786118 14.8485
    endloop
  endfacet
  facet normal 0.215311 0.195151 0.956847
    outer loop
      vertex 3.33504 3.33504 14.1816
      vertex 2.40538 2.40538 14.5804
      vertex 2.62957 2.15803 14.5804
    endloop
  endfacet
  facet normal 0.476927 0.285858 0.831159
    outer loop
      vertex 7.35504 3.93135 12.2449
      vertex 5.98445 3.99868 13.0082
      vertex 6.34757 3.39285 13.0082
    endloop
  endfacet
  facet normal 0.50992 0.378184 0.772631
    outer loop
      vertex 7.81733 5.22337 11.3733
      vertex 6.44674 5.29071 12.2449
      vertex 6.93428 4.63334 12.2449
    endloop
  endfacet
  facet normal 0.346315 0.163795 0.923708
    outer loop
      vertex 5.27898 2.82167 13.6558
      vertex 4.15954 2.22332 14.1816
      vertex 5.53013 2.29066 13.6558
    endloop
  endfacet
  facet normal 0.215315 0.195149 0.956847
    outer loop
      vertex 3.33504 3.33504 14.1816
      vertex 2.62957 2.15803 14.5804
      vertex 3.64587 2.99209 14.1816
    endloop
  endfacet
  facet normal 0.316845 0.349591 0.8817
    outer loop
      vertex 5.08936 5.08936 13.0082
      vertex 3.79733 4.62706 13.6558
      vertex 4.23258 4.23258 13.6558
    endloop
  endfacet
  facet normal 0.33123 0.446611 0.831159
    outer loop
      vertex 4.63334 6.93428 12.2449
      vertex 3.99868 5.98445 13.0082
      vertex 5.29071 6.44674 12.2449
    endloop
  endfacet
  facet normal 0.228217 0.307704 0.923707
    outer loop
      vertex 3.32552 4.97699 13.6558
      vertex 2.99209 3.64587 14.1816
      vertex 3.79733 4.62706 13.6558
    endloop
  endfacet
  facet normal 0.173105 0.233407 0.956847
    outer loop
      vertex 2.62032 3.92159 14.1816
      vertex 1.8899 2.82843 14.5804
      vertex 2.99209 3.64587 14.1816
    endloop
  endfacet
  facet normal 0.114639 0.457673 0.881699
    outer loop
      vertex 1.40415 7.05914 13.0082
      vertex 1.16777 5.87076 13.6558
      vertex 2.08931 6.88752 13.0082
    endloop
  endfacet
  facet normal 0.158952 0.44423 0.881699
    outer loop
      vertex 2.08931 6.88752 13.0082
      vertex 1.73758 5.72803 13.6558
      vertex 2.29066 5.53013 13.6558
    endloop
  endfacet
  facet normal 0.0469647 0.955889 0.28995
    outer loop
      vertex 0 13.5804 4.40172
      vertex 0 13.1816 5.71646
      vertex 1.33111 13.515 4.40172
    endloop
  endfacet
  facet normal 0.0481379 0.979639 0.194911
    outer loop
      vertex 0 13.8485 3.05423
      vertex 0 13.5804 4.40172
      vertex 1.35739 13.7818 3.05423
    endloop
  endfacet
  facet normal 0.0488437 0.994002 0.0978531
    outer loop
      vertex 0 13.9831 1.68695
      vertex 0 13.8485 3.05423
      vertex 1.35739 13.7818 3.05423
    endloop
  endfacet
  facet normal -0.0488437 0.994002 0.0978531
    outer loop
      vertex 0 13.9831 1.68695
      vertex -1.35739 13.7818 3.05423
      vertex 0 13.8485 3.05423
    endloop
  endfacet
  facet normal 0.241802 0.965379 0.0978533
    outer loop
      vertex 4.05909 13.381 1.68695
      vertex 2.7017 13.5824 3.05423
      vertex 4.02 13.2522 3.05423
    endloop
  endfacet
  facet normal 0.335311 0.937012 0.0978544
    outer loop
      vertex 4.05909 13.381 1.68695
      vertex 4.02 13.2522 3.05423
      vertex 5.29958 12.7943 3.05423
    endloop
  endfacet
  facet normal -0.787799 0.584293 0.19487
    outer loop
      vertex -10.705 8.78538 3.05423
      vertex -11.5146 7.6938 3.05423
      vertex -10.4978 8.61534 4.40172
    endloop
  endfacet
  facet normal -0.7687 0.570107 0.289962
    outer loop
      vertex -10.4978 8.61534 4.40172
      vertex -11.2917 7.54489 4.40172
      vertex -10.9601 7.32331 5.71646
    endloop
  endfacet
  facet normal -0.504256 0.841279 0.194874
    outer loop
      vertex -6.52812 12.2133 3.05423
      vertex -7.6938 11.5146 3.05423
      vertex -6.40177 11.9769 4.40172
    endloop
  endfacet
  facet normal -0.514064 0.857752 0
    outer loop
      vertex -6.5916 12.332 1
      vertex -7.76861 11.6266 1.68695
      vertex -6.5916 12.332 1.68695
    endloop
  endfacet
  facet normal -0.514064 0.857752 0
    outer loop
      vertex -7.76861 11.6266 1.68695
      vertex -6.5916 12.332 1
      vertex -7.76861 11.6266 1
    endloop
  endfacet
  facet normal -0.42755 0.903992 0
    outer loop
      vertex -5.35111 12.9187 1
      vertex -6.5916 12.332 1.68695
      vertex -5.35111 12.9187 1.68695
    endloop
  endfacet
  facet normal -0.42755 0.903992 0
    outer loop
      vertex -6.5916 12.332 1.68695
      vertex -5.35111 12.9187 1
      vertex -6.5916 12.332 1
    endloop
  endfacet
  facet normal -0.146019 0.984424 0.0979158
    outer loop
      vertex -1.35739 13.7818 3.05423
      vertex -2.72797 13.7145 1.68695
      vertex -2.7017 13.5824 3.05423
    endloop
  endfacet
  facet normal -0.146696 0.989182 0
    outer loop
      vertex -1.37059 13.9158 1
      vertex -2.72797 13.7145 1.68695
      vertex -1.37059 13.9158 1.68695
    endloop
  endfacet
  facet normal -0.146696 0.989182 0
    outer loop
      vertex -2.72797 13.7145 1.68695
      vertex -1.37059 13.9158 1
      vertex -2.72797 13.7145 1
    endloop
  endfacet
  facet normal -0.395102 0.835336 0.382242
    outer loop
      vertex -5.04439 12.1782 5.71646
      vertex -6.21377 11.6251 5.71646
      vertex -5.96593 11.1615 6.98577
    endloop
  endfacet
  facet normal -0.475045 0.792604 0.382244
    outer loop
      vertex -6.21377 11.6251 5.71646
      vertex -7.32331 10.9601 5.71646
      vertex -5.96593 11.1615 6.98577
    endloop
  endfacet
  facet normal -0.511596 0.853635 0.0978604
    outer loop
      vertex -6.5916 12.332 1.68695
      vertex -7.76861 11.6266 1.68695
      vertex -6.52812 12.2133 3.05423
    endloop
  endfacet
  facet normal -0.419353 0.886661 0.194875
    outer loop
      vertex -5.19701 12.5467 4.40172
      vertex -6.52812 12.2133 3.05423
      vertex -6.40177 11.9769 4.40172
    endloop
  endfacet
  facet normal -0.336895 0.941542 0
    outer loop
      vertex -4.05909 13.381 1
      vertex -5.35111 12.9187 1.68695
      vertex -4.05909 13.381 1.68695
    endloop
  endfacet
  facet normal -0.336895 0.941542 0
    outer loop
      vertex -5.35111 12.9187 1.68695
      vertex -4.05909 13.381 1
      vertex -5.35111 12.9187 1
    endloop
  endfacet
  facet normal 0.0469796 0.955884 0.289964
    outer loop
      vertex 1.33111 13.515 4.40172
      vertex 0 13.1816 5.71646
      vertex 1.29202 13.1181 5.71646
    endloop
  endfacet
  facet normal -0.13558 0.914051 0.382269
    outer loop
      vertex -1.29202 13.1181 5.71646
      vertex -2.57161 12.9283 5.71646
      vertex -1.24049 12.5949 6.98577
    endloop
  endfacet
  facet normal -0.0432689 0.881106 0.470936
    outer loop
      vertex 0 12.0082 8.19744
      vertex -1.24049 12.5949 6.98577
      vertex -1.17701 11.9504 8.19744
    endloop
  endfacet
  facet normal -0.224517 0.896359 0.382274
    outer loop
      vertex -2.57161 12.9283 5.71646
      vertex -3.82642 12.614 5.71646
      vertex -3.6738 12.1109 6.98577
    endloop
  endfacet
  facet normal -0.0469796 0.955884 0.289964
    outer loop
      vertex 0 13.1816 5.71646
      vertex -1.33111 13.515 4.40172
      vertex -1.29202 13.1181 5.71646
    endloop
  endfacet
  facet normal -0.14042 0.94668 0.289963
    outer loop
      vertex -1.33111 13.515 4.40172
      vertex -2.57161 12.9283 5.71646
      vertex -1.29202 13.1181 5.71646
    endloop
  endfacet
  facet normal 0.187897 0.75022 0.633928
    outer loop
      vertex 2.19377 11.0288 9.33979
      vertex 2.02373 10.174 10.4018
      vertex 3.26422 10.7607 9.33979
    endloop
  endfacet
  facet normal 0.129414 0.872615 0.470951
    outer loop
      vertex 2.46903 12.4127 6.98577
      vertex 1.24049 12.5949 6.98577
      vertex 2.34268 11.7775 8.19744
    endloop
  endfacet
  facet normal -0.202076 0.806834 0.555143
    outer loop
      vertex -2.34268 11.7775 8.19744
      vertex -3.26422 10.7607 9.33979
      vertex -2.19377 11.0288 9.33979
    endloop
  endfacet
  facet normal 0.113532 0.764998 0.633947
    outer loop
      vertex 1.10219 11.1908 9.33979
      vertex 1.01676 10.3234 10.4018
      vertex 2.19377 11.0288 9.33979
    endloop
  endfacet
  facet normal -0.330663 0.699137 0.633932
    outer loop
      vertex -4.30324 10.3889 9.33979
      vertex -4.88995 9.14845 10.4018
      vertex -3.9697 9.58369 10.4018
    endloop
  endfacet
  facet normal -0.187922 0.750199 0.633946
    outer loop
      vertex -2.02373 10.174 10.4018
      vertex -3.26422 10.7607 9.33979
      vertex -3.01121 9.92664 10.4018
    endloop
  endfacet
  facet normal -0.280217 0.783154 0.555111
    outer loop
      vertex -3.4858 11.4911 8.19744
      vertex -4.59534 11.0941 8.19744
      vertex -4.30324 10.3889 9.33979
    endloop
  endfacet
  facet normal -0.377141 0.797468 0.470966
    outer loop
      vertex -4.59534 11.0941 8.19744
      vertex -5.96593 11.1615 6.98577
      vertex -5.66063 10.5903 8.19744
    endloop
  endfacet
  facet normal -0.297179 0.83058 0.47098
    outer loop
      vertex -3.6738 12.1109 6.98577
      vertex -4.84318 11.6925 6.98577
      vertex -4.59534 11.0941 8.19744
    endloop
  endfacet
  facet normal -0.311305 0.870032 0.382274
    outer loop
      vertex -3.82642 12.614 5.71646
      vertex -5.04439 12.1782 5.71646
      vertex -3.6738 12.1109 6.98577
    endloop
  endfacet
  facet normal -0.453514 0.756648 0.470966
    outer loop
      vertex -5.96593 11.1615 6.98577
      vertex -7.03121 10.523 6.98577
      vertex -5.66063 10.5903 8.19744
    endloop
  endfacet
  facet normal -0.525515 0.708532 0.470974
    outer loop
      vertex -7.03121 10.523 6.98577
      vertex -8.02879 9.7831 6.98577
      vertex -6.6714 9.98445 8.19744
    endloop
  endfacet
  facet normal -0.0272845 0.555366 0.831158
    outer loop
      vertex 0 8.33979 12.2449
      vertex -0.817442 8.29963 12.2449
      vertex -0.705472 7.16278 13.0082
    endloop
  endfacet
  facet normal -0.0311522 0.634092 0.77263
    outer loop
      vertex 0 9.40182 11.3733
      vertex -0.817442 8.29963 12.2449
      vertex 0 8.33979 12.2449
    endloop
  endfacet
  facet normal 0.0815887 0.550018 0.831158
    outer loop
      vertex 0.817442 8.29963 12.2449
      vertex 0.705472 7.16278 13.0082
      vertex 1.62701 8.17954 12.2449
    endloop
  endfacet
  facet normal 0.0311493 0.63409 0.772631
    outer loop
      vertex 0.921539 9.35655 11.3733
      vertex 0 9.40182 11.3733
      vertex 0.817442 8.29963 12.2449
    endloop
  endfacet
  facet normal -0.103815 0.699865 0.706691
    outer loop
      vertex -1.01676 10.3234 10.4018
      vertex -1.8342 9.22117 11.3733
      vertex -0.921539 9.35655 11.3733
    endloop
  endfacet
  facet normal -0.0311493 0.63409 0.772631
    outer loop
      vertex 0 9.40182 11.3733
      vertex -0.921539 9.35655 11.3733
      vertex -0.817442 8.29963 12.2449
    endloop
  endfacet
  facet normal 0.355604 0.751929 0.555112
    outer loop
      vertex 4.59534 11.0941 8.19744
      vertex 4.30324 10.3889 9.33979
      vertex 5.66063 10.5903 8.19744
    endloop
  endfacet
  facet normal 0.280242 0.783156 0.555095
    outer loop
      vertex 3.4858 11.4911 8.19744
      vertex 3.26422 10.7607 9.33979
      vertex 4.30324 10.3889 9.33979
    endloop
  endfacet
  facet normal 0.475154 0.524248 0.706677
    outer loop
      vertex 6.58076 8.01868 10.4018
      vertex 5.96445 7.26771 11.3733
      vertex 6.64809 6.64809 11.3733
    endloop
  endfacet
  facet normal 0.475152 0.524249 0.706678
    outer loop
      vertex 7.33504 7.33504 10.4018
      vertex 6.58076 8.01868 10.4018
      vertex 6.64809 6.64809 11.3733
    endloop
  endfacet
  facet normal 0.42755 0.903992 -0
    outer loop
      vertex 6.5916 12.332 1
      vertex 5.35111 12.9187 1.68695
      vertex 6.5916 12.332 1.68695
    endloop
  endfacet
  facet normal 0.42755 0.903992 0
    outer loop
      vertex 5.35111 12.9187 1.68695
      vertex 6.5916 12.332 1
      vertex 5.35111 12.9187 1
    endloop
  endfacet
  facet normal 0.75022 -0.187897 0.633928
    outer loop
      vertex 11.0288 -2.19377 9.33979
      vertex 10.174 -2.02373 10.4018
      vertex 10.7607 -3.26422 9.33979
    endloop
  endfacet
  facet normal 0.806834 -0.202076 0.555143
    outer loop
      vertex 11.0288 -2.19377 9.33979
      vertex 10.7607 -3.26422 9.33979
      vertex 11.7775 -2.34268 8.19744
    endloop
  endfacet
  facet normal 0.783154 0.280217 0.555111
    outer loop
      vertex 11.0941 4.59534 8.19744
      vertex 10.3889 4.30324 9.33979
      vertex 11.4911 3.4858 8.19744
    endloop
  endfacet
  facet normal 0.783156 0.280242 0.555095
    outer loop
      vertex 11.4911 3.4858 8.19744
      vertex 10.3889 4.30324 9.33979
      vertex 10.7607 3.26422 9.33979
    endloop
  endfacet
  facet normal 0.627983 0.0931521 0.772632
    outer loop
      vertex 9.22117 1.8342 11.3733
      vertex 8.17954 1.62701 12.2449
      vertex 9.35655 0.921539 11.3733
    endloop
  endfacet
  facet normal 0.63409 0.0311493 0.772631
    outer loop
      vertex 9.35655 0.921539 11.3733
      vertex 8.29963 0.817442 12.2449
      vertex 9.40182 0 11.3733
    endloop
  endfacet
  facet normal 0.260564 0.728162 0.633945
    outer loop
      vertex 3.26422 10.7607 9.33979
      vertex 3.01121 9.92664 10.4018
      vertex 4.30324 10.3889 9.33979
    endloop
  endfacet
  facet normal 0.187922 0.750199 0.633946
    outer loop
      vertex 3.26422 10.7607 9.33979
      vertex 2.02373 10.174 10.4018
      vertex 3.01121 9.92664 10.4018
    endloop
  endfacet
  facet normal 0.20215 0.806848 0.555096
    outer loop
      vertex 3.4858 11.4911 8.19744
      vertex 2.34268 11.7775 8.19744
      vertex 3.26422 10.7607 9.33979
    endloop
  endfacet
  facet normal 0.280217 0.783154 0.555111
    outer loop
      vertex 4.59534 11.0941 8.19744
      vertex 3.4858 11.4911 8.19744
      vertex 4.30324 10.3889 9.33979
    endloop
  endfacet
  facet normal 0.0931521 0.627983 0.772632
    outer loop
      vertex 1.8342 9.22117 11.3733
      vertex 0.921539 9.35655 11.3733
      vertex 1.62701 8.17954 12.2449
    endloop
  endfacet
  facet normal 0.103815 0.699865 0.706691
    outer loop
      vertex 1.01676 10.3234 10.4018
      vertex 0.921539 9.35655 11.3733
      vertex 1.8342 9.22117 11.3733
    endloop
  endfacet
  facet normal 0.154252 0.61583 0.772632
    outer loop
      vertex 1.8342 9.22117 11.3733
      vertex 1.62701 8.17954 12.2449
      vertex 2.72921 8.99699 11.3733
    endloop
  endfacet
  facet normal 0.154255 0.615827 0.772634
    outer loop
      vertex 2.72921 8.99699 11.3733
      vertex 1.62701 8.17954 12.2449
      vertex 2.42091 7.98068 12.2449
    endloop
  endfacet
  facet normal 0.311297 0.870039 0.382266
    outer loop
      vertex 5.04439 12.1782 5.71646
      vertex 3.6738 12.1109 6.98577
      vertex 4.84318 11.6925 6.98577
    endloop
  endfacet
  facet normal 0.297179 0.83058 0.47098
    outer loop
      vertex 4.84318 11.6925 6.98577
      vertex 3.6738 12.1109 6.98577
      vertex 4.59534 11.0941 8.19744
    endloop
  endfacet
  facet normal 0.787807 0.584277 0.194886
    outer loop
      vertex 11.5146 7.6938 3.05423
      vertex 10.4978 8.61534 4.40172
      vertex 11.2917 7.54489 4.40172
    endloop
  endfacet
  facet normal 0.7687 0.570107 0.289962
    outer loop
      vertex 11.2917 7.54489 4.40172
      vertex 10.4978 8.61534 4.40172
      vertex 10.9601 7.32331 5.71646
    endloop
  endfacet
  facet normal 0.97964 0.0481316 0.194905
    outer loop
      vertex 13.7818 1.35739 3.05423
      vertex 13.515 1.33111 4.40172
      vertex 13.5804 0 4.40172
    endloop
  endfacet
  facet normal 0.955889 0.0469647 0.28995
    outer loop
      vertex 13.515 1.33111 4.40172
      vertex 13.1816 0 5.71646
      vertex 13.5804 0 4.40172
    endloop
  endfacet
  facet normal 0.558587 0.616309 0.555106
    outer loop
      vertex 7.61792 9.28246 8.19744
      vertex 7.13369 8.69243 9.33979
      vertex 7.95135 7.95135 9.33979
    endloop
  endfacet
  facet normal 0.495491 0.668091 0.555106
    outer loop
      vertex 7.61792 9.28246 8.19744
      vertex 6.24733 9.3498 9.33979
      vertex 7.13369 8.69243 9.33979
    endloop
  endfacet
  facet normal 0.756648 0.453514 0.470966
    outer loop
      vertex 11.1615 5.96593 6.98577
      vertex 10.523 7.03121 6.98577
      vertex 10.5903 5.66063 8.19744
    endloop
  endfacet
  facet normal 0.79259 0.475057 0.382259
    outer loop
      vertex 10.9601 7.32331 5.71646
      vertex 10.523 7.03121 6.98577
      vertex 11.1615 5.96593 6.98577
    endloop
  endfacet
  facet normal 0.616309 0.558587 0.555106
    outer loop
      vertex 9.28246 7.61792 8.19744
      vertex 7.95135 7.95135 9.33979
      vertex 8.69243 7.13369 9.33979
    endloop
  endfacet
  facet normal 0.668091 0.495491 0.555106
    outer loop
      vertex 9.28246 7.61792 8.19744
      vertex 8.69243 7.13369 9.33979
      vertex 9.3498 6.24733 9.33979
    endloop
  endfacet
  facet normal 0.66833 0.737394 0.0979011
    outer loop
      vertex 8.87081 10.8091 1.68695
      vertex 8.78538 10.705 3.05423
      vertex 9.88757 9.88757 1.68695
    endloop
  endfacet
  facet normal -0.476926 -0.285861 0.831159
    outer loop
      vertex -5.98445 -3.99868 13.0082
      vertex -7.35504 -3.93135 12.2449
      vertex -6.93428 -4.63334 12.2449
    endloop
  endfacet
  facet normal -0.639606 -0.302507 0.706678
    outer loop
      vertex -8.29167 -4.43199 11.3733
      vertex -9.58369 -3.9697 10.4018
      vertex -9.14845 -4.88995 10.4018
    endloop
  endfacet
  facet normal -0.34959 -0.316845 0.881701
    outer loop
      vertex -4.62706 -3.79733 13.6558
      vertex -5.56369 -4.56601 13.0082
      vertex -5.08936 -5.08936 13.0082
    endloop
  endfacet
  facet normal -0.378961 -0.281057 0.8817
    outer loop
      vertex -4.62706 -3.79733 13.6558
      vertex -5.98445 -3.99868 13.0082
      vertex -5.56369 -4.56601 13.0082
    endloop
  endfacet
  facet normal -0.0930849 -0.371616 0.923708
    outer loop
      vertex -1.36911 -4.51337 14.1816
      vertex -1.73758 -5.72803 13.6558
      vertex -1.16777 -5.87076 13.6558
    endloop
  endfacet
  facet normal -0.114641 -0.457672 0.881699
    outer loop
      vertex -1.73758 -5.72803 13.6558
      vertex -2.08931 -6.88752 13.0082
      vertex -1.16777 -5.87076 13.6558
    endloop
  endfacet
  facet normal -0.316845 -0.34959 0.881701
    outer loop
      vertex -3.79733 -4.62706 13.6558
      vertex -5.08936 -5.08936 13.0082
      vertex -4.56601 -5.56369 13.0082
    endloop
  endfacet
  facet normal -0.373413 -0.411996 0.831157
    outer loop
      vertex -5.08936 -5.08936 13.0082
      vertex -5.89712 -5.89712 12.2449
      vertex -5.29071 -6.44674 12.2449
    endloop
  endfacet
  facet normal -0.24256 -0.404687 0.881699
    outer loop
      vertex -3.32552 -4.97699 13.6558
      vertex -3.99868 -5.98445 13.0082
      vertex -3.39285 -6.34757 13.0082
    endloop
  endfacet
  facet normal -0.363745 -0.606874 0.706678
    outer loop
      vertex -4.43199 -8.29167 11.3733
      vertex -5.76311 -8.6251 10.4018
      vertex -4.88995 -9.14845 10.4018
    endloop
  endfacet
  facet normal -0.830776 -0.0407779 0.555111
    outer loop
      vertex -11.2449 0 9.33979
      vertex -12.0082 0 8.19744
      vertex -11.1908 -1.10219 9.33979
    endloop
  endfacet
  facet normal -0.830784 -0.0407977 0.555098
    outer loop
      vertex -11.1908 -1.10219 9.33979
      vertex -12.0082 0 8.19744
      vertex -11.9504 -1.17701 8.19744
    endloop
  endfacet
  facet normal -0.476927 0.285858 0.831159
    outer loop
      vertex -5.98445 3.99868 13.0082
      vertex -7.35504 3.93135 12.2449
      vertex -6.34757 3.39285 13.0082
    endloop
  endfacet
  facet normal -0.476926 0.285861 0.831159
    outer loop
      vertex -6.93428 4.63334 12.2449
      vertex -7.35504 3.93135 12.2449
      vertex -5.98445 3.99868 13.0082
    endloop
  endfacet
  facet normal -0.686331 0.171911 0.70668
    outer loop
      vertex -8.99699 2.72921 11.3733
      vertex -10.174 2.02373 10.4018
      vertex -9.22117 1.8342 11.3733
    endloop
  endfacet
  facet normal -0.686334 0.171924 0.706673
    outer loop
      vertex -9.92664 3.01121 10.4018
      vertex -10.174 2.02373 10.4018
      vertex -8.99699 2.72921 11.3733
    endloop
  endfacet
  facet normal -0.555366 0.0272853 0.831158
    outer loop
      vertex -7.16278 0.705472 13.0082
      vertex -8.33979 0 12.2449
      vertex -7.19744 0 13.0082
    endloop
  endfacet
  facet normal -0.371616 0.0930829 0.923709
    outer loop
      vertex -4.51337 1.36911 14.1816
      vertex -5.87076 1.16777 13.6558
      vertex -4.62583 0.920135 14.1816
    endloop
  endfacet
  facet normal -0.360701 0.129064 0.923708
    outer loop
      vertex -5.53013 2.29066 13.6558
      vertex -5.72803 1.73758 13.6558
      vertex -4.51337 1.36911 14.1816
    endloop
  endfacet
  facet normal -0.346314 0.1638 0.923708
    outer loop
      vertex -4.15954 2.22332 14.1816
      vertex -5.53013 2.29066 13.6558
      vertex -4.35744 1.80491 14.1816
    endloop
  endfacet
  facet normal 0.0979034 0.273604 0.956847
    outer loop
      vertex 1.36911 4.51337 14.1816
      vertex 0.987468 3.25525 14.5804
      vertex 1.30178 3.14278 14.5804
    endloop
  endfacet
  facet normal 0.0584265 0.0787778 0.995179
    outer loop
      vertex 0.803707 1.14484 14.9129
      vertex 1.30319 1.58794 14.8485
      vertex 1.14127 1.70803 14.8485
    endloop
  endfacet
  facet normal 0.0584274 0.0787768 0.995179
    outer loop
      vertex 1.30319 1.58794 14.8485
      vertex 0.803707 1.14484 14.9129
      vertex 0.88815 1.08221 14.9129
    endloop
  endfacet
  facet normal -0.195127 0.0095859 0.980731
    outer loop
      vertex -3.38534 0.333426 14.5804
      vertex -3.40172 0 14.5804
      vertex -2.04433 0.201349 14.8485
    endloop
  endfacet
  facet normal -0.0979617 -0.00480418 0.995179
    outer loop
      vertex -1.4 0 14.9129
      vertex -2.05423 0 14.8485
      vertex -1.39842 -0.0322177 14.9129
    endloop
  endfacet
  facet normal -0.16757 0.100436 0.980731
    outer loop
      vertex -1.70803 1.14127 14.8485
      vertex -3.00005 1.60356 14.5804
      vertex -1.81167 0.968355 14.8485
    endloop
  endfacet
  facet normal -0.176607 0.0835282 0.980731
    outer loop
      vertex -3.00005 1.60356 14.5804
      vertex -3.14278 1.30178 14.5804
      vertex -1.81167 0.968355 14.8485
    endloop
  endfacet
  facet normal 0.0238273 -0.0951432 0.995178
    outer loop
      vertex 0.304416 -1.36526 14.9129
      vertex 0.59631 -1.96577 14.8485
      vertex 0.406398 -1.33972 14.9129
    endloop
  endfacet
  facet normal 0.0238348 -0.0951396 0.995179
    outer loop
      vertex 0.59631 -1.96577 14.8485
      vertex 0.304416 -1.36526 14.9129
      vertex 0.40076 -2.01476 14.8485
    endloop
  endfacet
  facet normal -0.411998 0.373408 0.831158
    outer loop
      vertex -5.08936 5.08936 13.0082
      vertex -6.44674 5.29071 12.2449
      vertex -5.56369 4.56601 13.0082
    endloop
  endfacet
  facet normal -0.378961 0.281057 0.8817
    outer loop
      vertex -5.56369 4.56601 13.0082
      vertex -5.98445 3.99868 13.0082
      vertex -4.62706 3.79733 13.6558
    endloop
  endfacet
  facet normal -0.326383 0.544532 0.772631
    outer loop
      vertex -4.43199 8.29167 11.3733
      vertex -4.63334 6.93428 12.2449
      vertex -3.93135 7.35504 12.2449
    endloop
  endfacet
  facet normal -0.228217 0.307704 0.923707
    outer loop
      vertex -3.32552 4.97699 13.6558
      vertex -3.79733 4.62706 13.6558
      vertex -2.99209 3.64587 14.1816
    endloop
  endfacet
  facet normal -0.378959 0.281065 0.881699
    outer loop
      vertex -4.62706 3.79733 13.6558
      vertex -5.98445 3.99868 13.0082
      vertex -4.97699 3.32552 13.6558
    endloop
  endfacet
  facet normal -0.116379 0.156916 0.980731
    outer loop
      vertex -1.14127 1.70803 14.8485
      vertex -1.8899 2.82843 14.5804
      vertex -1.30319 1.58794 14.8485
    endloop
  endfacet
  facet normal -0.195151 0.215311 0.956847
    outer loop
      vertex -2.15803 2.62957 14.5804
      vertex -3.33504 3.33504 14.1816
      vertex -2.40538 2.40538 14.5804
    endloop
  endfacet
  facet normal -0.129064 0.360701 0.923708
    outer loop
      vertex -1.73758 5.72803 13.6558
      vertex -2.29066 5.53013 13.6558
      vertex -1.36911 4.51337 14.1816
    endloop
  endfacet
  facet normal -0.00959416 0.195129 0.980731
    outer loop
      vertex 0 3.40172 14.5804
      vertex -0.201349 2.04433 14.8485
      vertex 0 2.05423 14.8485
    endloop
  endfacet
  facet normal -0.822753 0.122036 0.555143
    outer loop
      vertex -11.7775 2.34268 8.19744
      vertex -11.9504 1.17701 8.19744
      vertex -11.0288 2.19377 9.33979
    endloop
  endfacet
  facet normal -0.822774 0.122107 0.555097
    outer loop
      vertex -11.0288 2.19377 9.33979
      vertex -11.9504 1.17701 8.19744
      vertex -11.1908 1.10219 9.33979
    endloop
  endfacet
  facet normal -0.66809 0.495491 0.555107
    outer loop
      vertex -9.28246 7.61792 8.19744
      vertex -9.98445 6.6714 8.19744
      vertex -9.3498 6.24733 9.33979
    endloop
  endfacet
  facet normal -0.573034 0.519368 0.633947
    outer loop
      vertex -7.95135 7.95135 9.33979
      vertex -8.01868 6.58076 10.4018
      vertex -7.33504 7.33504 10.4018
    endloop
  endfacet
  facet normal -0.663351 0.397596 0.633943
    outer loop
      vertex -8.6251 5.76311 10.4018
      vertex -9.91712 5.30081 9.33979
      vertex -9.14845 4.88995 10.4018
    endloop
  endfacet
  facet normal -0.797455 0.377153 0.470979
    outer loop
      vertex -11.1615 5.96593 6.98577
      vertex -11.6925 4.84318 6.98577
      vertex -11.0941 4.59534 8.19744
    endloop
  endfacet
  facet normal -0.621179 0.460705 0.633946
    outer loop
      vertex -8.01868 6.58076 10.4018
      vertex -8.69243 7.13369 9.33979
      vertex -8.6251 5.76311 10.4018
    endloop
  endfacet
  facet normal -0.470396 0.426344 0.772631
    outer loop
      vertex -5.89712 5.89712 12.2449
      vertex -6.64809 6.64809 11.3733
      vertex -6.44674 5.29071 12.2449
    endloop
  endfacet
  facet normal -0.708532 0.525515 0.470974
    outer loop
      vertex -9.7831 8.02879 6.98577
      vertex -10.523 7.03121 6.98577
      vertex -9.98445 6.6714 8.19744
    endloop
  endfacet
  facet normal -0.756636 0.453523 0.470977
    outer loop
      vertex -10.523 7.03121 6.98577
      vertex -10.5903 5.66063 8.19744
      vertex -9.98445 6.6714 8.19744
    endloop
  endfacet
  facet normal -0.495491 0.66809 0.555107
    outer loop
      vertex -6.6714 9.98445 8.19744
      vertex -7.61792 9.28246 8.19744
      vertex -6.24733 9.3498 9.33979
    endloop
  endfacet
  facet normal -0.525502 0.708554 0.470956
    outer loop
      vertex -6.6714 9.98445 8.19744
      vertex -8.02879 9.7831 6.98577
      vertex -7.61792 9.28246 8.19744
    endloop
  endfacet
  facet normal -0.83058 0.297179 0.47098
    outer loop
      vertex -11.6925 4.84318 6.98577
      vertex -12.1109 3.6738 6.98577
      vertex -11.0941 4.59534 8.19744
    endloop
  endfacet
  facet normal -0.83058 0.297187 0.470974
    outer loop
      vertex -11.0941 4.59534 8.19744
      vertex -12.1109 3.6738 6.98577
      vertex -11.4911 3.4858 8.19744
    endloop
  endfacet
  facet normal -0.751925 0.355607 0.555115
    outer loop
      vertex -9.91712 5.30081 9.33979
      vertex -10.5903 5.66063 8.19744
      vertex -10.3889 4.30324 9.33979
    endloop
  endfacet
  facet normal -0.708554 0.525502 0.470956
    outer loop
      vertex -9.7831 8.02879 6.98577
      vertex -9.98445 6.6714 8.19744
      vertex -9.28246 7.61792 8.19744
    endloop
  endfacet
  facet normal -0.742198 0.550459 0.382278
    outer loop
      vertex -10.1895 8.36233 5.71646
      vertex -10.9601 7.32331 5.71646
      vertex -9.7831 8.02879 6.98577
    endloop
  endfacet
  facet normal -0.425498 0.899653 0.0978581
    outer loop
      vertex -5.35111 12.9187 1.68695
      vertex -6.5916 12.332 1.68695
      vertex -6.52812 12.2133 3.05423
    endloop
  endfacet
  facet normal -0.853635 0.511596 0.0978604
    outer loop
      vertex -11.6266 7.76861 1.68695
      vertex -12.332 6.5916 1.68695
      vertex -12.2133 6.52812 3.05423
    endloop
  endfacet
  facet normal -0.584293 0.787799 0.19487
    outer loop
      vertex -7.6938 11.5146 3.05423
      vertex -8.78538 10.705 3.05423
      vertex -8.61534 10.4978 4.40172
    endloop
  endfacet
  facet normal -0.853601 0.511642 0.0979165
    outer loop
      vertex -11.6266 7.76861 1.68695
      vertex -12.2133 6.52812 3.05423
      vertex -11.5146 7.6938 3.05423
    endloop
  endfacet
  facet normal -0.79933 0.592862 0.0979148
    outer loop
      vertex -10.8091 8.87081 1.68695
      vertex -11.6266 7.76861 1.68695
      vertex -11.5146 7.6938 3.05423
    endloop
  endfacet
  facet normal -0.799339 0.592851 0.0979013
    outer loop
      vertex -10.8091 8.87081 1.68695
      vertex -11.5146 7.6938 3.05423
      vertex -10.705 8.78538 3.05423
    endloop
  endfacet
  facet normal -0.336895 -0.941542 0
    outer loop
      vertex -5.35111 -12.9187 1
      vertex -4.05909 -13.381 1.68695
      vertex -5.35111 -12.9187 1.68695
    endloop
  endfacet
  facet normal -0.336895 -0.941542 -0
    outer loop
      vertex -4.05909 -13.381 1.68695
      vertex -5.35111 -12.9187 1
      vertex -4.05909 -13.381 1
    endloop
  endfacet
  facet normal -0.857752 -0.514064 0
    outer loop
      vertex -11.6266 -7.76861 1
      vertex -12.332 -6.5916 1.68695
      vertex -12.332 -6.5916 1
    endloop
  endfacet
  facet normal -0.857752 -0.514064 0
    outer loop
      vertex -12.332 -6.5916 1.68695
      vertex -11.6266 -7.76861 1
      vertex -11.6266 -7.76861 1.68695
    endloop
  endfacet
  facet normal -0.66833 -0.737394 0.0979011
    outer loop
      vertex -8.78538 -10.705 3.05423
      vertex -9.88757 -9.88757 1.68695
      vertex -8.87081 -10.8091 1.68695
    endloop
  endfacet
  facet normal -0.592851 -0.799339 0.0979013
    outer loop
      vertex -8.78538 -10.705 3.05423
      vertex -8.87081 -10.8091 1.68695
      vertex -7.6938 -11.5146 3.05423
    endloop
  endfacet
  facet normal -0.903992 -0.42755 0
    outer loop
      vertex -12.332 -6.5916 1
      vertex -12.9187 -5.35111 1.68695
      vertex -12.9187 -5.35111 1
    endloop
  endfacet
  facet normal -0.903992 -0.42755 0
    outer loop
      vertex -12.9187 -5.35111 1.68695
      vertex -12.332 -6.5916 1
      vertex -12.332 -6.5916 1.68695
    endloop
  endfacet
  facet normal -0.899664 -0.425468 0.0978896
    outer loop
      vertex -12.7943 -5.29958 3.05423
      vertex -12.9187 -5.35111 1.68695
      vertex -12.2133 -6.52812 3.05423
    endloop
  endfacet
  facet normal -0.951438 -0.23831 0.194871
    outer loop
      vertex -12.9957 -3.94219 4.40172
      vertex -13.5824 -2.7017 3.05423
      vertex -13.2522 -4.02 3.05423
    endloop
  endfacet
  facet normal -0.951438 -0.238305 0.194876
    outer loop
      vertex -13.3195 -2.64941 4.40172
      vertex -13.5824 -2.7017 3.05423
      vertex -12.9957 -3.94219 4.40172
    endloop
  endfacet
  facet normal -0.475045 -0.792604 0.382244
    outer loop
      vertex -5.96593 -11.1615 6.98577
      vertex -7.32331 -10.9601 5.71646
      vertex -6.21377 -11.6251 5.71646
    endloop
  endfacet
  facet normal -0.573036 -0.519367 0.633946
    outer loop
      vertex -8.01868 -6.58076 10.4018
      vertex -8.69243 -7.13369 9.33979
      vertex -7.95135 -7.95135 9.33979
    endloop
  endfacet
  facet normal -0.570107 -0.7687 0.289962
    outer loop
      vertex -7.32331 -10.9601 5.71646
      vertex -8.61534 -10.4978 4.40172
      vertex -7.54489 -11.2917 4.40172
    endloop
  endfacet
  facet normal -0.570111 -0.768695 0.289968
    outer loop
      vertex -8.36233 -10.1895 5.71646
      vertex -8.61534 -10.4978 4.40172
      vertex -7.32331 -10.9601 5.71646
    endloop
  endfacet
  facet normal -0.799339 -0.592851 0.0979013
    outer loop
      vertex -10.705 -8.78538 3.05423
      vertex -11.5146 -7.6938 3.05423
      vertex -10.8091 -8.87081 1.68695
    endloop
  endfacet
  facet normal -0.737394 -0.66833 0.0979011
    outer loop
      vertex -10.705 -8.78538 3.05423
      vertex -10.8091 -8.87081 1.68695
      vertex -9.88757 -9.88757 1.68695
    endloop
  endfacet
  facet normal -0.728162 -0.260564 0.633945
    outer loop
      vertex -9.92664 -3.01121 10.4018
      vertex -10.7607 -3.26422 9.33979
      vertex -10.3889 -4.30324 9.33979
    endloop
  endfacet
  facet normal -0.453523 -0.756636 0.470977
    outer loop
      vertex -6.6714 -9.98445 8.19744
      vertex -7.03121 -10.523 6.98577
      vertex -5.66063 -10.5903 8.19744
    endloop
  endfacet
  facet normal 0.0187957 -0.382637 0.923708
    outer loop
      vertex 0.462294 -4.69375 14.1816
      vertex 0 -5.98577 13.6558
      vertex 0.586708 -5.95695 13.6558
    endloop
  endfacet
  facet normal 0.135103 -0.539373 0.831158
    outer loop
      vertex 2.08931 -6.88752 13.0082
      vertex 1.40415 -7.05914 13.0082
      vertex 1.62701 -8.17954 12.2449
    endloop
  endfacet
  facet normal -0.539374 -0.135105 0.831157
    outer loop
      vertex -6.88752 -2.08931 13.0082
      vertex -8.17954 -1.62701 12.2449
      vertex -7.98068 -2.42091 12.2449
    endloop
  endfacet
  facet normal -0.627983 -0.0931521 0.772632
    outer loop
      vertex -8.17954 -1.62701 12.2449
      vertex -9.35655 -0.921539 11.3733
      vertex -9.22117 -1.8342 11.3733
    endloop
  endfacet
  facet normal -0.750199 -0.187922 0.633946
    outer loop
      vertex -10.174 -2.02373 10.4018
      vertex -10.7607 -3.26422 9.33979
      vertex -9.92664 -3.01121 10.4018
    endloop
  endfacet
  facet normal -0.83058 -0.297179 0.47098
    outer loop
      vertex -11.0941 -4.59534 8.19744
      vertex -12.1109 -3.6738 6.98577
      vertex -11.6925 -4.84318 6.98577
    endloop
  endfacet
  facet normal -0.865139 -0.409198 0.289985
    outer loop
      vertex -12.1782 -5.04439 5.71646
      vertex -12.5467 -5.19701 4.40172
      vertex -11.6251 -6.21377 5.71646
    endloop
  endfacet
  facet normal -0.870039 -0.311297 0.382266
    outer loop
      vertex -12.1109 -3.6738 6.98577
      vertex -12.1782 -5.04439 5.71646
      vertex -11.6925 -4.84318 6.98577
    endloop
  endfacet
  facet normal -0.855719 -0.214361 0.470951
    outer loop
      vertex -11.7775 -2.34268 8.19744
      vertex -12.4127 -2.46903 6.98577
      vertex -12.1109 -3.6738 6.98577
    endloop
  endfacet
  facet normal -0.822753 -0.122036 0.555143
    outer loop
      vertex -11.0288 -2.19377 9.33979
      vertex -11.9504 -1.17701 8.19744
      vertex -11.7775 -2.34268 8.19744
    endloop
  endfacet
  facet normal -0.509921 -0.378181 0.772632
    outer loop
      vertex -6.44674 -5.29071 12.2449
      vertex -7.81733 -5.22337 11.3733
      vertex -7.26771 -5.96445 11.3733
    endloop
  endfacet
  facet normal -0.397596 -0.663351 0.633943
    outer loop
      vertex -4.88995 -9.14845 10.4018
      vertex -5.76311 -8.6251 10.4018
      vertex -5.30081 -9.91712 9.33979
    endloop
  endfacet
  facet normal -0.363747 -0.606869 0.70668
    outer loop
      vertex -5.22337 -7.81733 11.3733
      vertex -5.76311 -8.6251 10.4018
      vertex -4.43199 -8.29167 11.3733
    endloop
  endfacet
  facet normal -0.271434 -0.573904 0.772631
    outer loop
      vertex -3.1915 -7.70496 12.2449
      vertex -3.93135 -7.35504 12.2449
      vertex -3.59792 -8.68615 11.3733
    endloop
  endfacet
  facet normal -0.224517 -0.896359 0.382274
    outer loop
      vertex -3.6738 -12.1109 6.98577
      vertex -3.82642 -12.614 5.71646
      vertex -2.57161 -12.9283 5.71646
    endloop
  endfacet
  facet normal -0.322426 -0.901082 0.289987
    outer loop
      vertex -5.04439 -12.1782 5.71646
      vertex -5.19701 -12.5467 4.40172
      vertex -3.94219 -12.9957 4.40172
    endloop
  endfacet
  facet normal -0.124247 -0.262689 0.956847
    outer loop
      vertex -1.30178 -3.14278 14.5804
      vertex -2.22332 -4.15954 14.1816
      vertex -1.80491 -4.35744 14.1816
    endloop
  endfacet
  facet normal -0.0930829 -0.371616 0.923709
    outer loop
      vertex -0.920135 -4.62583 14.1816
      vertex -1.36911 -4.51337 14.1816
      vertex -1.16777 -5.87076 13.6558
    endloop
  endfacet
  facet normal -0.0658642 0.0726736 0.995179
    outer loop
      vertex -1.30319 1.58794 14.8485
      vertex -0.966049 1.01161 14.9129
      vertex -0.88815 1.08221 14.9129
    endloop
  endfacet
  facet normal -0.065866 0.0726725 0.995179
    outer loop
      vertex -0.966049 1.01161 14.9129
      vertex -1.30319 1.58794 14.8485
      vertex -1.45256 1.45256 14.8485
    endloop
  endfacet
  facet normal 0.0286641 -0.19325 0.980731
    outer loop
      vertex 0.40076 -2.01476 14.8485
      vertex 0.333426 -3.38534 14.5804
      vertex 0.663643 -3.33636 14.5804
    endloop
  endfacet
  facet normal 0.0841266 -0.0504229 0.995179
    outer loop
      vertex 1.21811 -0.687623 14.9129
      vertex 1.70803 -1.14127 14.8485
      vertex 1.81167 -0.968355 14.8485
    endloop
  endfacet
  facet normal 0.0841256 -0.050424 0.995179
    outer loop
      vertex 1.70803 -1.14127 14.8485
      vertex 1.21811 -0.687623 14.9129
      vertex 1.16406 -0.777798 14.9129
    endloop
  endfacet
  facet normal 0.281885 -0.070605 0.956847
    outer loop
      vertex 3.33636 -0.663643 14.5804
      vertex 3.25525 -0.987468 14.5804
      vertex 4.51337 -1.36911 14.1816
    endloop
  endfacet
  facet normal -0.273604 -0.0979034 0.956847
    outer loop
      vertex -3.25525 -0.987468 14.5804
      vertex -4.51337 -1.36911 14.1816
      vertex -3.14278 -1.30178 14.5804
    endloop
  endfacet
  facet normal -0.249251 -0.149391 0.956847
    outer loop
      vertex -3.00005 -1.60356 14.5804
      vertex -4.15954 -2.22332 14.1816
      vertex -2.82843 -1.8899 14.5804
    endloop
  endfacet
  facet normal -0.131197 -0.144755 0.980731
    outer loop
      vertex -1.45256 -1.45256 14.8485
      vertex -2.15803 -2.62957 14.5804
      vertex -1.30319 -1.58794 14.8485
    endloop
  endfacet
  facet normal -0.0970189 0.0143866 0.995179
    outer loop
      vertex -2.04433 0.201349 14.8485
      vertex -1.37783 0.241219 14.9129
      vertex -2.01476 0.40076 14.8485
    endloop
  endfacet
  facet normal -0.0970194 0.014395 0.995178
    outer loop
      vertex -1.37783 0.241219 14.9129
      vertex -2.04433 0.201349 14.8485
      vertex -1.39326 0.137224 14.9129
    endloop
  endfacet
  facet normal -0.176607 -0.0835282 0.980731
    outer loop
      vertex -1.81167 -0.968355 14.8485
      vertex -3.14278 -1.30178 14.5804
      vertex -3.00005 -1.60356 14.5804
    endloop
  endfacet
  facet normal -0.346314 -0.1638 0.923708
    outer loop
      vertex -4.35744 -1.80491 14.1816
      vertex -5.53013 -2.29066 13.6558
      vertex -4.15954 -2.22332 14.1816
    endloop
  endfacet
  facet normal -0.328595 -0.196948 0.923708
    outer loop
      vertex -4.15954 -2.22332 14.1816
      vertex -5.27898 -2.82167 13.6558
      vertex -4.97699 -3.32552 13.6558
    endloop
  endfacet
  facet normal -0.426512 -0.201726 0.881699
    outer loop
      vertex -5.53013 -2.29066 13.6558
      vertex -6.34757 -3.39285 13.0082
      vertex -5.27898 -2.82167 13.6558
    endloop
  endfacet
  facet normal -0.283859 -0.25727 0.923708
    outer loop
      vertex -3.33504 -3.33504 14.1816
      vertex -4.62706 -3.79733 13.6558
      vertex -4.23258 -4.23258 13.6558
    endloop
  endfacet
  facet normal -0.25727 -0.283859 0.923708
    outer loop
      vertex -3.33504 -3.33504 14.1816
      vertex -4.23258 -4.23258 13.6558
      vertex -3.79733 -4.62706 13.6558
    endloop
  endfacet
  facet normal 0.476926 -0.285861 0.831159
    outer loop
      vertex 7.35504 -3.93135 12.2449
      vertex 5.98445 -3.99868 13.0082
      vertex 6.93428 -4.63334 12.2449
    endloop
  endfacet
  facet normal 0.476927 -0.285858 0.831159
    outer loop
      vertex 6.34757 -3.39285 13.0082
      vertex 5.98445 -3.99868 13.0082
      vertex 7.35504 -3.93135 12.2449
    endloop
  endfacet
  facet normal 0.114639 -0.457673 0.881699
    outer loop
      vertex 2.08931 -6.88752 13.0082
      vertex 1.16777 -5.87076 13.6558
      vertex 1.40415 -7.05914 13.0082
    endloop
  endfacet
  facet normal 0.0815887 -0.550018 0.831158
    outer loop
      vertex 1.62701 -8.17954 12.2449
      vertex 0.705472 -7.16278 13.0082
      vertex 0.817442 -8.29963 12.2449
    endloop
  endfacet
  facet normal 0.523534 -0.187322 0.831157
    outer loop
      vertex 6.88752 -2.08931 13.0082
      vertex 6.64957 -2.75434 13.0082
      vertex 7.98068 -2.42091 12.2449
    endloop
  endfacet
  facet normal 0.307704 -0.228217 0.923707
    outer loop
      vertex 4.97699 -3.32552 13.6558
      vertex 3.64587 -2.99209 14.1816
      vertex 4.62706 -3.79733 13.6558
    endloop
  endfacet
  facet normal 0.0658198 -0.183942 0.980731
    outer loop
      vertex 1.30178 -3.14278 14.5804
      vertex 0.786118 -1.89786 14.8485
      vertex 0.987468 -3.25525 14.5804
    endloop
  endfacet
  facet normal 0.0426358 -0.287445 0.956848
    outer loop
      vertex 0.663643 -3.33636 14.5804
      vertex 0.333426 -3.38534 14.5804
      vertex 0.462294 -4.69375 14.1816
    endloop
  endfacet
  facet normal -0.154252 -0.61583 0.772632
    outer loop
      vertex -1.62701 -8.17954 12.2449
      vertex -2.72921 -8.99699 11.3733
      vertex -1.8342 -9.22117 11.3733
    endloop
  endfacet
  facet normal -0.187897 -0.75022 0.633928
    outer loop
      vertex -2.02373 -10.174 10.4018
      vertex -3.26422 -10.7607 9.33979
      vertex -2.19377 -11.0288 9.33979
    endloop
  endfacet
  facet normal -0.0432689 -0.881106 0.470936
    outer loop
      vertex -1.17701 -11.9504 8.19744
      vertex -1.24049 -12.5949 6.98577
      vertex 0 -12.0082 8.19744
    endloop
  endfacet
  facet normal -0.0407977 -0.830784 0.555098
    outer loop
      vertex -1.10219 -11.1908 9.33979
      vertex -1.17701 -11.9504 8.19744
      vertex 0 -12.0082 8.19744
    endloop
  endfacet
  facet normal 0.214361 -0.855719 0.470951
    outer loop
      vertex 3.6738 -12.1109 6.98577
      vertex 2.34268 -11.7775 8.19744
      vertex 2.46903 -12.4127 6.98577
    endloop
  endfacet
  facet normal 0.214389 -0.855698 0.470975
    outer loop
      vertex 3.4858 -11.4911 8.19744
      vertex 2.34268 -11.7775 8.19744
      vertex 3.6738 -12.1109 6.98577
    endloop
  endfacet
  facet normal 0.187322 -0.523534 0.831157
    outer loop
      vertex 2.75434 -6.64957 13.0082
      vertex 2.42091 -7.98068 12.2449
      vertex 3.1915 -7.70496 12.2449
    endloop
  endfacet
  facet normal 0.297187 -0.83058 0.470974
    outer loop
      vertex 4.59534 -11.0941 8.19744
      vertex 3.4858 -11.4911 8.19744
      vertex 3.6738 -12.1109 6.98577
    endloop
  endfacet
  facet normal 0.20215 -0.806848 0.555096
    outer loop
      vertex 3.26422 -10.7607 9.33979
      vertex 2.34268 -11.7775 8.19744
      vertex 3.4858 -11.4911 8.19744
    endloop
  endfacet
  facet normal 0.238361 -0.666181 0.706673
    outer loop
      vertex 3.9697 -9.58369 10.4018
      vertex 2.72921 -8.99699 11.3733
      vertex 3.01121 -9.92664 10.4018
    endloop
  endfacet
  facet normal 0.13558 -0.914051 0.382269
    outer loop
      vertex 2.57161 -12.9283 5.71646
      vertex 1.24049 -12.5949 6.98577
      vertex 1.29202 -13.1181 5.71646
    endloop
  endfacet
  facet normal 0.135561 -0.914061 0.382251
    outer loop
      vertex 2.46903 -12.4127 6.98577
      vertex 1.24049 -12.5949 6.98577
      vertex 2.57161 -12.9283 5.71646
    endloop
  endfacet
  facet normal 0.0453095 -0.922922 0.382312
    outer loop
      vertex 0 -12.6558 6.98577
      vertex 0 -13.1816 5.71646
      vertex 1.24049 -12.5949 6.98577
    endloop
  endfacet
  facet normal -0.0453095 -0.922922 0.382312
    outer loop
      vertex 0 -12.6558 6.98577
      vertex -1.24049 -12.5949 6.98577
      vertex 0 -13.1816 5.71646
    endloop
  endfacet
  facet normal 0.0692272 -0.466705 0.8817
    outer loop
      vertex 1.16777 -5.87076 13.6558
      vertex 0.586708 -5.95695 13.6558
      vertex 0.705472 -7.16278 13.0082
    endloop
  endfacet
  facet normal 0.0931521 -0.627983 0.772632
    outer loop
      vertex 1.62701 -8.17954 12.2449
      vertex 0.921539 -9.35655 11.3733
      vertex 1.8342 -9.22117 11.3733
    endloop
  endfacet
  facet normal 0.232523 -0.928353 0.28999
    outer loop
      vertex 3.94219 -12.9957 4.40172
      vertex 2.57161 -12.9283 5.71646
      vertex 2.64941 -13.3195 4.40172
    endloop
  endfacet
  facet normal 0.23831 -0.951438 0.194871
    outer loop
      vertex 3.94219 -12.9957 4.40172
      vertex 2.7017 -13.5824 3.05423
      vertex 4.02 -13.2522 3.05423
    endloop
  endfacet
  facet normal 0.525515 -0.708532 0.470974
    outer loop
      vertex 8.02879 -9.7831 6.98577
      vertex 6.6714 -9.98445 8.19744
      vertex 7.03121 -10.523 6.98577
    endloop
  endfacet
  facet normal 0.453523 -0.756636 0.470977
    outer loop
      vertex 6.6714 -9.98445 8.19744
      vertex 5.66063 -10.5903 8.19744
      vertex 7.03121 -10.523 6.98577
    endloop
  endfacet
  facet normal 0.66833 -0.737394 0.0979011
    outer loop
      vertex 9.88757 -9.88757 1.68695
      vertex 8.78538 -10.705 3.05423
      vertex 8.87081 -10.8091 1.68695
    endloop
  endfacet
  facet normal 0.668327 -0.737397 0.0978974
    outer loop
      vertex 9.79235 -9.79235 3.05423
      vertex 8.78538 -10.705 3.05423
      vertex 9.88757 -9.88757 1.68695
    endloop
  endfacet
  facet normal 0.397595 -0.663351 0.633943
    outer loop
      vertex 5.76311 -8.6251 10.4018
      vertex 5.30081 -9.91712 9.33979
      vertex 6.24733 -9.3498 9.33979
    endloop
  endfacet
  facet normal 0.460702 -0.621184 0.633943
    outer loop
      vertex 7.13369 -8.69243 9.33979
      vertex 5.76311 -8.6251 10.4018
      vertex 6.24733 -9.3498 9.33979
    endloop
  endfacet
  facet normal 0.285861 -0.476926 0.831159
    outer loop
      vertex 3.99868 -5.98445 13.0082
      vertex 3.93135 -7.35504 12.2449
      vertex 4.63334 -6.93428 12.2449
    endloop
  endfacet
  facet normal 0.24256 -0.404687 0.881699
    outer loop
      vertex 3.99868 -5.98445 13.0082
      vertex 3.32552 -4.97699 13.6558
      vertex 3.39285 -6.34757 13.0082
    endloop
  endfacet
  facet normal 0.373408 -0.411998 0.831158
    outer loop
      vertex 5.08936 -5.08936 13.0082
      vertex 4.56601 -5.56369 13.0082
      vertex 5.29071 -6.44674 12.2449
    endloop
  endfacet
  facet normal 0.25727 -0.283859 0.923708
    outer loop
      vertex 4.23258 -4.23258 13.6558
      vertex 3.33504 -3.33504 14.1816
      vertex 3.79733 -4.62706 13.6558
    endloop
  endfacet
  facet normal 0.280242 -0.783156 0.555095
    outer loop
      vertex 4.30324 -10.3889 9.33979
      vertex 3.26422 -10.7607 9.33979
      vertex 3.4858 -11.4911 8.19744
    endloop
  endfacet
  facet normal 0.171911 -0.686331 0.70668
    outer loop
      vertex 2.72921 -8.99699 11.3733
      vertex 1.8342 -9.22117 11.3733
      vertex 2.02373 -10.174 10.4018
    endloop
  endfacet
  facet normal 0.326383 -0.544532 0.772631
    outer loop
      vertex 4.63334 -6.93428 12.2449
      vertex 4.43199 -8.29167 11.3733
      vertex 5.22337 -7.81733 11.3733
    endloop
  endfacet
  facet normal 0.363747 -0.606869 0.70668
    outer loop
      vertex 5.22337 -7.81733 11.3733
      vertex 4.43199 -8.29167 11.3733
      vertex 5.76311 -8.6251 10.4018
    endloop
  endfacet
  facet normal 0.419327 -0.886679 0.194845
    outer loop
      vertex 6.52812 -12.2133 3.05423
      vertex 5.19701 -12.5467 4.40172
      vertex 5.29958 -12.7943 3.05423
    endloop
  endfacet
  facet normal 0.330471 -0.923485 0.194845
    outer loop
      vertex 5.19701 -12.5467 4.40172
      vertex 4.02 -13.2522 3.05423
      vertex 5.29958 -12.7943 3.05423
    endloop
  endfacet
  facet normal 0.0469796 -0.955884 0.289964
    outer loop
      vertex 1.29202 -13.1181 5.71646
      vertex 0 -13.1816 5.71646
      vertex 1.33111 -13.515 4.40172
    endloop
  endfacet
  facet normal 0.0469647 -0.955889 0.28995
    outer loop
      vertex 0 -13.1816 5.71646
      vertex 0 -13.5804 4.40172
      vertex 1.33111 -13.515 4.40172
    endloop
  endfacet
  facet normal -0.241862 -0.965358 0.0979152
    outer loop
      vertex -2.7017 -13.5824 3.05423
      vertex -4.05909 -13.381 1.68695
      vertex -2.72797 -13.7145 1.68695
    endloop
  endfacet
  facet normal -0.146019 -0.984424 0.0979158
    outer loop
      vertex -2.7017 -13.5824 3.05423
      vertex -2.72797 -13.7145 1.68695
      vertex -1.35739 -13.7818 3.05423
    endloop
  endfacet
  facet normal -0.0490439 -0.998797 0
    outer loop
      vertex -1.37059 -13.9158 1
      vertex 0 -13.9831 1.68695
      vertex -1.37059 -13.9158 1.68695
    endloop
  endfacet
  facet normal -0.0490439 -0.998797 -0
    outer loop
      vertex 0 -13.9831 1.68695
      vertex -1.37059 -13.9158 1
      vertex 0 -13.9831 1
    endloop
  endfacet
  facet normal -0.14388 -0.970217 0.194876
    outer loop
      vertex -2.64941 -13.3195 4.40172
      vertex -2.7017 -13.5824 3.05423
      vertex -1.33111 -13.515 4.40172
    endloop
  endfacet
  facet normal -0.0481316 -0.97964 0.194905
    outer loop
      vertex -1.33111 -13.515 4.40172
      vertex -1.35739 -13.7818 3.05423
      vertex 0 -13.5804 4.40172
    endloop
  endfacet
  facet normal -0.232529 -0.928349 0.289997
    outer loop
      vertex -3.82642 -12.614 5.71646
      vertex -3.94219 -12.9957 4.40172
      vertex -2.57161 -12.9283 5.71646
    endloop
  endfacet
  facet normal -0.39507 -0.835339 0.382268
    outer loop
      vertex -4.84318 -11.6925 6.98577
      vertex -5.96593 -11.1615 6.98577
      vertex -5.04439 -12.1782 5.71646
    endloop
  endfacet
  facet normal -0.14042 -0.94668 0.289963
    outer loop
      vertex -1.29202 -13.1181 5.71646
      vertex -2.57161 -12.9283 5.71646
      vertex -1.33111 -13.515 4.40172
    endloop
  endfacet
  facet normal -0.13558 -0.914051 0.382269
    outer loop
      vertex -1.24049 -12.5949 6.98577
      vertex -2.57161 -12.9283 5.71646
      vertex -1.29202 -13.1181 5.71646
    endloop
  endfacet
  facet normal -0.214361 -0.855719 0.470951
    outer loop
      vertex -2.34268 -11.7775 8.19744
      vertex -3.6738 -12.1109 6.98577
      vertex -2.46903 -12.4127 6.98577
    endloop
  endfacet
  facet normal -0.214389 -0.855698 0.470975
    outer loop
      vertex -3.4858 -11.4911 8.19744
      vertex -3.6738 -12.1109 6.98577
      vertex -2.34268 -11.7775 8.19744
    endloop
  endfacet
  facet normal 0.336895 -0.941542 0
    outer loop
      vertex 4.05909 -13.381 1
      vertex 5.35111 -12.9187 1.68695
      vertex 4.05909 -13.381 1.68695
    endloop
  endfacet
  facet normal 0.336895 -0.941542 0
    outer loop
      vertex 5.35111 -12.9187 1.68695
      vertex 4.05909 -13.381 1
      vertex 5.35111 -12.9187 1
    endloop
  endfacet
  facet normal 0.965358 -0.241862 0.0979152
    outer loop
      vertex 13.5824 -2.7017 3.05423
      vertex 13.381 -4.05909 1.68695
      vertex 13.7145 -2.72797 1.68695
    endloop
  endfacet
  facet normal 0.998797 -0.0490439 0
    outer loop
      vertex 13.9158 -1.37059 1.68695
      vertex 13.9831 0 1
      vertex 13.9831 0 1.68695
    endloop
  endfacet
  facet normal 0.998797 -0.0490439 0
    outer loop
      vertex 13.9831 0 1
      vertex 13.9158 -1.37059 1.68695
      vertex 13.9158 -1.37059 1
    endloop
  endfacet
  facet normal 0.865143 -0.409176 0.290006
    outer loop
      vertex 12.5467 -5.19701 4.40172
      vertex 11.6251 -6.21377 5.71646
      vertex 11.9769 -6.40177 4.40172
    endloop
  endfacet
  facet normal 0.820879 -0.491992 0.290004
    outer loop
      vertex 11.6251 -6.21377 5.71646
      vertex 10.9601 -7.32331 5.71646
      vertex 11.9769 -6.40177 4.40172
    endloop
  endfacet
  facet normal 0.914061 -0.135561 0.382251
    outer loop
      vertex 12.5949 -1.24049 6.98577
      vertex 12.4127 -2.46903 6.98577
      vertex 12.9283 -2.57161 5.71646
    endloop
  endfacet
  facet normal 0.896361 -0.224542 0.382253
    outer loop
      vertex 12.4127 -2.46903 6.98577
      vertex 12.1109 -3.6738 6.98577
      vertex 12.9283 -2.57161 5.71646
    endloop
  endfacet
  facet normal 0.803189 -0.595724 0
    outer loop
      vertex 10.8091 -8.87081 1.68695
      vertex 11.6266 -7.76861 1
      vertex 11.6266 -7.76861 1.68695
    endloop
  endfacet
  facet normal 0.803189 -0.595724 0
    outer loop
      vertex 11.6266 -7.76861 1
      vertex 10.8091 -8.87081 1.68695
      vertex 10.8091 -8.87081 1
    endloop
  endfacet
  facet normal 0.573036 -0.519367 0.633946
    outer loop
      vertex 8.01868 -6.58076 10.4018
      vertex 7.95135 -7.95135 9.33979
      vertex 8.69243 -7.13369 9.33979
    endloop
  endfacet
  facet normal 0.616309 -0.558587 0.555106
    outer loop
      vertex 8.69243 -7.13369 9.33979
      vertex 7.95135 -7.95135 9.33979
      vertex 9.28246 -7.61792 8.19744
    endloop
  endfacet
  facet normal 0.573034 -0.519368 0.633947
    outer loop
      vertex 8.01868 -6.58076 10.4018
      vertex 7.33504 -7.33504 10.4018
      vertex 7.95135 -7.95135 9.33979
    endloop
  endfacet
  facet normal 0.524249 -0.475152 0.706678
    outer loop
      vertex 8.01868 -6.58076 10.4018
      vertex 6.64809 -6.64809 11.3733
      vertex 7.33504 -7.33504 10.4018
    endloop
  endfacet
  facet normal 0.0979623 0.00481665 0.995178
    outer loop
      vertex 2.04433 0.201349 14.8485
      vertex 1.39842 0.0322177 14.9129
      vertex 2.05423 0 14.8485
    endloop
  endfacet
  facet normal 0.097963 0.00481394 0.995178
    outer loop
      vertex 2.04433 0.201349 14.8485
      vertex 1.39326 0.137223 14.9129
      vertex 1.39842 0.0322177 14.9129
    endloop
  endfacet
  facet normal 0.0984337 -0 0.995144
    outer loop
      vertex 1.39326 0.137223 14.9129
      vertex 2.04433 0.201349 14.8485
      vertex 1.39326 0.137224 14.9129
    endloop
  endfacet
  facet normal 0.0979617 0.00480418 0.995179
    outer loop
      vertex 2.05423 0 14.8485
      vertex 1.39842 0.0322177 14.9129
      vertex 1.4 0 14.9129
    endloop
  endfacet
  facet normal 0.233407 -0.173105 0.956847
    outer loop
      vertex 3.92159 -2.62032 14.1816
      vertex 2.82843 -1.8899 14.5804
      vertex 3.64587 -2.99209 14.1816
    endloop
  endfacet
  facet normal 0.156916 -0.116379 0.980731
    outer loop
      vertex 1.70803 -1.14127 14.8485
      vertex 1.58794 -1.30319 14.8485
      vertex 2.82843 -1.8899 14.5804
    endloop
  endfacet
  facet normal 0.346314 0.1638 0.923708
    outer loop
      vertex 5.53013 2.29066 13.6558
      vertex 4.15954 2.22332 14.1816
      vertex 4.35744 1.80491 14.1816
    endloop
  endfacet
  facet normal -0.0951391 0.023838 0.995179
    outer loop
      vertex -1.36526 0.304416 14.9129
      vertex -2.01476 0.40076 14.8485
      vertex -1.3731 0.273126 14.9129
    endloop
  endfacet
  facet normal -0.0951391 -0.023838 0.995179
    outer loop
      vertex -1.3731 -0.273126 14.9129
      vertex -2.01476 -0.40076 14.8485
      vertex -1.36526 -0.304416 14.9129
    endloop
  endfacet
  facet normal -0.0923431 -0.0330503 0.995179
    outer loop
      vertex -1.89786 -0.786118 14.8485
      vertex -1.29343 -0.535756 14.9129
      vertex -1.3043 -0.505385 14.9129
    endloop
  endfacet
  facet normal 0.539374 -0.135105 0.831157
    outer loop
      vertex 8.17954 -1.62701 12.2449
      vertex 6.88752 -2.08931 13.0082
      vertex 7.98068 -2.42091 12.2449
    endloop
  endfacet
  facet normal 0.426512 -0.201726 0.881699
    outer loop
      vertex 5.53013 -2.29066 13.6558
      vertex 5.27898 -2.82167 13.6558
      vertex 6.34757 -3.39285 13.0082
    endloop
  endfacet
  facet normal 0.524248 0.475154 0.706677
    outer loop
      vertex 8.01868 6.58076 10.4018
      vertex 6.64809 6.64809 11.3733
      vertex 7.26771 5.96445 11.3733
    endloop
  endfacet
  facet normal 0.470396 0.426344 0.772631
    outer loop
      vertex 6.64809 6.64809 11.3733
      vertex 5.89712 5.89712 12.2449
      vertex 6.44674 5.29071 12.2449
    endloop
  endfacet
  facet normal 0.751925 0.355607 0.555115
    outer loop
      vertex 10.5903 5.66063 8.19744
      vertex 9.91712 5.30081 9.33979
      vertex 10.3889 4.30324 9.33979
    endloop
  endfacet
  facet normal 0.713437 0.427616 0.555115
    outer loop
      vertex 10.5903 5.66063 8.19744
      vertex 9.3498 6.24733 9.33979
      vertex 9.91712 5.30081 9.33979
    endloop
  endfacet
  facet normal 0.539374 0.135105 0.831157
    outer loop
      vertex 7.98068 2.42091 12.2449
      vertex 6.88752 2.08931 13.0082
      vertex 8.17954 1.62701 12.2449
    endloop
  endfacet
  facet normal 0.61583 0.154252 0.772632
    outer loop
      vertex 8.99699 2.72921 11.3733
      vertex 8.17954 1.62701 12.2449
      vertex 9.22117 1.8342 11.3733
    endloop
  endfacet
  facet normal 0.573904 0.271432 0.772631
    outer loop
      vertex 8.29167 4.43199 11.3733
      vertex 7.35504 3.93135 12.2449
      vertex 8.68615 3.59792 11.3733
    endloop
  endfacet
  facet normal 0.639606 0.302507 0.706678
    outer loop
      vertex 9.58369 3.9697 10.4018
      vertex 8.29167 4.43199 11.3733
      vertex 8.68615 3.59792 11.3733
    endloop
  endfacet
  facet normal 0.287446 -0.0426422 0.956847
    outer loop
      vertex 4.69375 -0.462294 14.1816
      vertex 3.33636 -0.663643 14.5804
      vertex 4.62583 -0.920135 14.1816
    endloop
  endfacet
  facet normal 0.287445 -0.0426358 0.956848
    outer loop
      vertex 3.38534 -0.333426 14.5804
      vertex 3.33636 -0.663643 14.5804
      vertex 4.69375 -0.462294 14.1816
    endloop
  endfacet
  facet normal 0.378949 0.0562165 0.923709
    outer loop
      vertex 5.87076 1.16777 13.6558
      vertex 4.62583 0.920135 14.1816
      vertex 4.69375 0.462294 14.1816
    endloop
  endfacet
  facet normal 0.382637 -0.0187957 0.923708
    outer loop
      vertex 5.98577 0 13.6558
      vertex 4.69375 -0.462294 14.1816
      vertex 5.95695 -0.586708 13.6558
    endloop
  endfacet
  facet normal 0.189509 -0.0474673 0.980731
    outer loop
      vertex 3.33636 -0.663643 14.5804
      vertex 2.01476 -0.40076 14.8485
      vertex 3.25525 -0.987468 14.5804
    endloop
  endfacet
  facet normal 0.471241 0.0231522 0.8817
    outer loop
      vertex 7.16278 0.705472 13.0082
      vertex 5.98577 0 13.6558
      vertex 7.19744 0 13.0082
    endloop
  endfacet
  facet normal 0.555366 0.0272853 0.831158
    outer loop
      vertex 8.33979 0 12.2449
      vertex 7.16278 0.705472 13.0082
      vertex 7.19744 0 13.0082
    endloop
  endfacet
  facet normal 0.44423 0.158947 0.8817
    outer loop
      vertex 6.64957 2.75434 13.0082
      vertex 5.53013 2.29066 13.6558
      vertex 6.88752 2.08931 13.0082
    endloop
  endfacet
  facet normal 0.44423 0.158952 0.881699
    outer loop
      vertex 6.88752 2.08931 13.0082
      vertex 5.53013 2.29066 13.6558
      vertex 5.72803 1.73758 13.6558
    endloop
  endfacet
  facet normal 0.663351 0.397596 0.633943
    outer loop
      vertex 9.91712 5.30081 9.33979
      vertex 8.6251 5.76311 10.4018
      vertex 9.14845 4.88995 10.4018
    endloop
  endfacet
  facet normal 0.663351 0.397595 0.633943
    outer loop
      vertex 9.3498 6.24733 9.33979
      vertex 8.6251 5.76311 10.4018
      vertex 9.91712 5.30081 9.33979
    endloop
  endfacet
  facet normal 0.470395 0.426344 0.772631
    outer loop
      vertex 6.64809 6.64809 11.3733
      vertex 6.44674 5.29071 12.2449
      vertex 7.26771 5.96445 11.3733
    endloop
  endfacet
  facet normal 0.509921 0.378181 0.772632
    outer loop
      vertex 7.26771 5.96445 11.3733
      vertex 6.44674 5.29071 12.2449
      vertex 7.81733 5.22337 11.3733
    endloop
  endfacet
  facet normal 0.404687 0.24256 0.881699
    outer loop
      vertex 5.98445 3.99868 13.0082
      vertex 4.97699 3.32552 13.6558
      vertex 6.34757 3.39285 13.0082
    endloop
  endfacet
  facet normal 0.378959 0.281065 0.881699
    outer loop
      vertex 5.98445 3.99868 13.0082
      vertex 4.62706 3.79733 13.6558
      vertex 4.97699 3.32552 13.6558
    endloop
  endfacet
  facet normal 0.426512 0.201726 0.881699
    outer loop
      vertex 6.34757 3.39285 13.0082
      vertex 5.27898 2.82167 13.6558
      vertex 5.53013 2.29066 13.6558
    endloop
  endfacet
  facet normal 0.426509 0.201729 0.8817
    outer loop
      vertex 6.34757 3.39285 13.0082
      vertex 5.53013 2.29066 13.6558
      vertex 6.64957 2.75434 13.0082
    endloop
  endfacet
  facet normal 0.273604 0.0979034 0.956847
    outer loop
      vertex 4.51337 1.36911 14.1816
      vertex 3.14278 1.30178 14.5804
      vertex 3.25525 0.987468 14.5804
    endloop
  endfacet
  facet normal 0.360704 0.129061 0.923708
    outer loop
      vertex 5.53013 2.29066 13.6558
      vertex 4.35744 1.80491 14.1816
      vertex 4.51337 1.36911 14.1816
    endloop
  endfacet
  facet normal 0.281057 0.378961 0.8817
    outer loop
      vertex 3.99868 5.98445 13.0082
      vertex 3.79733 4.62706 13.6558
      vertex 4.56601 5.56369 13.0082
    endloop
  endfacet
  facet normal 0.33123 0.446612 0.831158
    outer loop
      vertex 5.29071 6.44674 12.2449
      vertex 3.99868 5.98445 13.0082
      vertex 4.56601 5.56369 13.0082
    endloop
  endfacet
  facet normal 0.411998 0.373408 0.831158
    outer loop
      vertex 6.44674 5.29071 12.2449
      vertex 5.08936 5.08936 13.0082
      vertex 5.56369 4.56601 13.0082
    endloop
  endfacet
  facet normal 0.411996 0.373413 0.831157
    outer loop
      vertex 5.89712 5.89712 12.2449
      vertex 5.08936 5.08936 13.0082
      vertex 6.44674 5.29071 12.2449
    endloop
  endfacet
  facet normal 0.378181 0.509921 0.772632
    outer loop
      vertex 5.96445 7.26771 11.3733
      vertex 5.22337 7.81733 11.3733
      vertex 5.29071 6.44674 12.2449
    endloop
  endfacet
  facet normal 0.378184 0.50992 0.772631
    outer loop
      vertex 5.22337 7.81733 11.3733
      vertex 4.63334 6.93428 12.2449
      vertex 5.29071 6.44674 12.2449
    endloop
  endfacet
  facet normal 0.228208 0.307707 0.923709
    outer loop
      vertex 3.32552 4.97699 13.6558
      vertex 2.62032 3.92159 14.1816
      vertex 2.99209 3.64587 14.1816
    endloop
  endfacet
  facet normal 0.196949 0.328593 0.923709
    outer loop
      vertex 3.32552 4.97699 13.6558
      vertex 2.22332 4.15954 14.1816
      vertex 2.62032 3.92159 14.1816
    endloop
  endfacet
  facet normal 0.233405 0.173106 0.956847
    outer loop
      vertex 3.64587 2.99209 14.1816
      vertex 2.62957 2.15803 14.5804
      vertex 2.82843 1.8899 14.5804
    endloop
  endfacet
  facet normal 0.283858 0.257273 0.923707
    outer loop
      vertex 4.62706 3.79733 13.6558
      vertex 3.33504 3.33504 14.1816
      vertex 3.64587 2.99209 14.1816
    endloop
  endfacet
  facet normal 0.0231482 0.471243 0.881699
    outer loop
      vertex 0.705472 7.16278 13.0082
      vertex 0 5.98577 13.6558
      vertex 0.586708 5.95695 13.6558
    endloop
  endfacet
  facet normal 0.129064 0.360701 0.923708
    outer loop
      vertex 1.73758 5.72803 13.6558
      vertex 1.36911 4.51337 14.1816
      vertex 2.29066 5.53013 13.6558
    endloop
  endfacet
  facet normal 0.140389 0.946676 0.289991
    outer loop
      vertex 2.64941 13.3195 4.40172
      vertex 1.33111 13.515 4.40172
      vertex 2.57161 12.9283 5.71646
    endloop
  endfacet
  facet normal 0.14388 0.970217 0.194876
    outer loop
      vertex 2.7017 13.5824 3.05423
      vertex 1.33111 13.515 4.40172
      vertex 2.64941 13.3195 4.40172
    endloop
  endfacet
  facet normal -0.726754 0.658677 0.19487
    outer loop
      vertex -9.60282 9.60282 4.40172
      vertex -10.705 8.78538 3.05423
      vertex -10.4978 8.61534 4.40172
    endloop
  endfacet
  facet normal -0.740954 0.671556 0
    outer loop
      vertex -10.8091 8.87081 1
      vertex -9.88757 9.88757 1.68695
      vertex -9.88757 9.88757 1
    endloop
  endfacet
  facet normal -0.740954 0.671556 0
    outer loop
      vertex -9.88757 9.88757 1.68695
      vertex -10.8091 8.87081 1
      vertex -10.8091 8.87081 1.68695
    endloop
  endfacet
  facet normal -0.592851 0.799339 0.0979013
    outer loop
      vertex -7.6938 11.5146 3.05423
      vertex -8.87081 10.8091 1.68695
      vertex -8.78538 10.705 3.05423
    endloop
  endfacet
  facet normal -0.140389 0.946676 0.289991
    outer loop
      vertex -1.33111 13.515 4.40172
      vertex -2.64941 13.3195 4.40172
      vertex -2.57161 12.9283 5.71646
    endloop
  endfacet
  facet normal -0.14388 0.970217 0.194876
    outer loop
      vertex -1.33111 13.515 4.40172
      vertex -2.7017 13.5824 3.05423
      vertex -2.64941 13.3195 4.40172
    endloop
  endfacet
  facet normal -0.330443 0.923489 0.194871
    outer loop
      vertex -4.02 13.2522 3.05423
      vertex -5.19701 12.5467 4.40172
      vertex -3.94219 12.9957 4.40172
    endloop
  endfacet
  facet normal -0.23831 0.951438 0.194871
    outer loop
      vertex -2.7017 13.5824 3.05423
      vertex -4.02 13.2522 3.05423
      vertex -3.94219 12.9957 4.40172
    endloop
  endfacet
  facet normal -0.330471 0.923485 0.194845
    outer loop
      vertex -4.02 13.2522 3.05423
      vertex -5.29958 12.7943 3.05423
      vertex -5.19701 12.5467 4.40172
    endloop
  endfacet
  facet normal -0.511642 0.853601 0.0979165
    outer loop
      vertex -6.52812 12.2133 3.05423
      vertex -7.76861 11.6266 1.68695
      vertex -7.6938 11.5146 3.05423
    endloop
  endfacet
  facet normal -0.280242 0.783156 0.555095
    outer loop
      vertex -3.4858 11.4911 8.19744
      vertex -4.30324 10.3889 9.33979
      vertex -3.26422 10.7607 9.33979
    endloop
  endfacet
  facet normal -0.187897 0.75022 0.633928
    outer loop
      vertex -2.19377 11.0288 9.33979
      vertex -3.26422 10.7607 9.33979
      vertex -2.02373 10.174 10.4018
    endloop
  endfacet
  facet normal -0.224542 0.896361 0.382253
    outer loop
      vertex -2.57161 12.9283 5.71646
      vertex -3.6738 12.1109 6.98577
      vertex -2.46903 12.4127 6.98577
    endloop
  endfacet
  facet normal -0.135561 0.914061 0.382251
    outer loop
      vertex -1.24049 12.5949 6.98577
      vertex -2.57161 12.9283 5.71646
      vertex -2.46903 12.4127 6.98577
    endloop
  endfacet
  facet normal 0.0407779 0.830776 0.555111
    outer loop
      vertex 0 12.0082 8.19744
      vertex 0 11.2449 9.33979
      vertex 1.10219 11.1908 9.33979
    endloop
  endfacet
  facet normal 0.202076 0.806834 0.555143
    outer loop
      vertex 2.34268 11.7775 8.19744
      vertex 2.19377 11.0288 9.33979
      vertex 3.26422 10.7607 9.33979
    endloop
  endfacet
  facet normal -0.0407779 0.830776 0.555111
    outer loop
      vertex 0 12.0082 8.19744
      vertex -1.10219 11.1908 9.33979
      vertex 0 11.2449 9.33979
    endloop
  endfacet
  facet normal -0.0407977 0.830784 0.555098
    outer loop
      vertex 0 12.0082 8.19744
      vertex -1.17701 11.9504 8.19744
      vertex -1.10219 11.1908 9.33979
    endloop
  endfacet
  facet normal -0.271432 0.573904 0.772631
    outer loop
      vertex -3.59792 8.68615 11.3733
      vertex -4.43199 8.29167 11.3733
      vertex -3.93135 7.35504 12.2449
    endloop
  endfacet
  facet normal -0.330642 0.699137 0.633943
    outer loop
      vertex -4.30324 10.3889 9.33979
      vertex -5.30081 9.91712 9.33979
      vertex -4.88995 9.14845 10.4018
    endloop
  endfacet
  facet normal -0.409198 0.865139 0.289985
    outer loop
      vertex -5.19701 12.5467 4.40172
      vertex -6.21377 11.6251 5.71646
      vertex -5.04439 12.1782 5.71646
    endloop
  endfacet
  facet normal -0.409176 0.865143 0.290006
    outer loop
      vertex -5.19701 12.5467 4.40172
      vertex -6.40177 11.9769 4.40172
      vertex -6.21377 11.6251 5.71646
    endloop
  endfacet
  facet normal -0.39507 0.835339 0.382268
    outer loop
      vertex -5.04439 12.1782 5.71646
      vertex -5.96593 11.1615 6.98577
      vertex -4.84318 11.6925 6.98577
    endloop
  endfacet
  facet normal -0.377153 0.797455 0.470979
    outer loop
      vertex -4.84318 11.6925 6.98577
      vertex -5.96593 11.1615 6.98577
      vertex -4.59534 11.0941 8.19744
    endloop
  endfacet
  facet normal -0.355607 0.751925 0.555115
    outer loop
      vertex -4.30324 10.3889 9.33979
      vertex -5.66063 10.5903 8.19744
      vertex -5.30081 9.91712 9.33979
    endloop
  endfacet
  facet normal -0.427616 0.713437 0.555115
    outer loop
      vertex -5.66063 10.5903 8.19744
      vertex -6.24733 9.3498 9.33979
      vertex -5.30081 9.91712 9.33979
    endloop
  endfacet
  facet normal 0.0562106 0.378952 0.923708
    outer loop
      vertex 0.586708 5.95695 13.6558
      vertex 0.462294 4.69375 14.1816
      vertex 1.16777 5.87076 13.6558
    endloop
  endfacet
  facet normal -0.0931541 0.627984 0.772631
    outer loop
      vertex -0.921539 9.35655 11.3733
      vertex -1.62701 8.17954 12.2449
      vertex -0.817442 8.29963 12.2449
    endloop
  endfacet
  facet normal 0.135103 0.539373 0.831158
    outer loop
      vertex 1.62701 8.17954 12.2449
      vertex 1.40415 7.05914 13.0082
      vertex 2.08931 6.88752 13.0082
    endloop
  endfacet
  facet normal 0.0815882 0.550018 0.831158
    outer loop
      vertex 1.62701 8.17954 12.2449
      vertex 0.705472 7.16278 13.0082
      vertex 1.40415 7.05914 13.0082
    endloop
  endfacet
  facet normal -0.113503 0.765018 0.633928
    outer loop
      vertex -1.01676 10.3234 10.4018
      vertex -2.19377 11.0288 9.33979
      vertex -2.02373 10.174 10.4018
    endloop
  endfacet
  facet normal -0.103837 0.699872 0.70668
    outer loop
      vertex -1.01676 10.3234 10.4018
      vertex -2.02373 10.174 10.4018
      vertex -1.8342 9.22117 11.3733
    endloop
  endfacet
  facet normal 0.260545 0.728181 0.633931
    outer loop
      vertex 4.30324 10.3889 9.33979
      vertex 3.01121 9.92664 10.4018
      vertex 3.9697 9.58369 10.4018
    endloop
  endfacet
  facet normal 0.330663 0.699137 0.633932
    outer loop
      vertex 4.30324 10.3889 9.33979
      vertex 3.9697 9.58369 10.4018
      vertex 4.88995 9.14845 10.4018
    endloop
  endfacet
  facet normal 0.550018 0.0815887 0.831158
    outer loop
      vertex 8.17954 1.62701 12.2449
      vertex 7.16278 0.705472 13.0082
      vertex 8.29963 0.817442 12.2449
    endloop
  endfacet
  facet normal 0.555366 0.0272845 0.831158
    outer loop
      vertex 8.29963 0.817442 12.2449
      vertex 7.16278 0.705472 13.0082
      vertex 8.33979 0 12.2449
    endloop
  endfacet
  facet normal 0.0931541 0.627984 0.772631
    outer loop
      vertex 0.921539 9.35655 11.3733
      vertex 0.817442 8.29963 12.2449
      vertex 1.62701 8.17954 12.2449
    endloop
  endfacet
  facet normal 0.0347147 0.706671 0.706691
    outer loop
      vertex 1.01676 10.3234 10.4018
      vertex 0 9.40182 11.3733
      vertex 0.921539 9.35655 11.3733
    endloop
  endfacet
  facet normal 0.0311522 0.634092 0.77263
    outer loop
      vertex 0 9.40182 11.3733
      vertex 0 8.33979 12.2449
      vertex 0.817442 8.29963 12.2449
    endloop
  endfacet
  facet normal 0.0272845 0.555366 0.831158
    outer loop
      vertex 0.817442 8.29963 12.2449
      vertex 0 8.33979 12.2449
      vertex 0.705472 7.16278 13.0082
    endloop
  endfacet
  facet normal 0.271434 0.573904 0.772631
    outer loop
      vertex 3.59792 8.68615 11.3733
      vertex 3.1915 7.70496 12.2449
      vertex 3.93135 7.35504 12.2449
    endloop
  endfacet
  facet normal 0.213875 0.597745 0.772631
    outer loop
      vertex 3.59792 8.68615 11.3733
      vertex 2.42091 7.98068 12.2449
      vertex 3.1915 7.70496 12.2449
    endloop
  endfacet
  facet normal 0.238361 0.666181 0.706673
    outer loop
      vertex 3.01121 9.92664 10.4018
      vertex 2.72921 8.99699 11.3733
      vertex 3.9697 9.58369 10.4018
    endloop
  endfacet
  facet normal 0.171924 0.686334 0.706673
    outer loop
      vertex 3.01121 9.92664 10.4018
      vertex 2.02373 10.174 10.4018
      vertex 2.72921 8.99699 11.3733
    endloop
  endfacet
  facet normal 0.409198 0.865139 0.289985
    outer loop
      vertex 5.19701 12.5467 4.40172
      vertex 5.04439 12.1782 5.71646
      vertex 6.21377 11.6251 5.71646
    endloop
  endfacet
  facet normal 0.322426 0.901082 0.289987
    outer loop
      vertex 5.19701 12.5467 4.40172
      vertex 3.94219 12.9957 4.40172
      vertex 5.04439 12.1782 5.71646
    endloop
  endfacet
  facet normal -0.502646 -0.23774 0.83116
    outer loop
      vertex -6.64957 -2.75434 13.0082
      vertex -7.35504 -3.93135 12.2449
      vertex -6.34757 -3.39285 13.0082
    endloop
  endfacet
  facet normal -0.476927 -0.285858 0.831159
    outer loop
      vertex -6.34757 -3.39285 13.0082
      vertex -7.35504 -3.93135 12.2449
      vertex -5.98445 -3.99868 13.0082
    endloop
  endfacet
  facet normal -0.615827 -0.154255 0.772634
    outer loop
      vertex -8.17954 -1.62701 12.2449
      vertex -8.99699 -2.72921 11.3733
      vertex -7.98068 -2.42091 12.2449
    endloop
  endfacet
  facet normal -0.502652 -0.237735 0.831157
    outer loop
      vertex -6.64957 -2.75434 13.0082
      vertex -7.70496 -3.1915 12.2449
      vertex -7.35504 -3.93135 12.2449
    endloop
  endfacet
  facet normal -0.686331 -0.171911 0.70668
    outer loop
      vertex -9.22117 -1.8342 11.3733
      vertex -10.174 -2.02373 10.4018
      vertex -8.99699 -2.72921 11.3733
    endloop
  endfacet
  facet normal -0.573904 -0.271434 0.772631
    outer loop
      vertex -7.70496 -3.1915 12.2449
      vertex -8.68615 -3.59792 11.3733
      vertex -7.35504 -3.93135 12.2449
    endloop
  endfacet
  facet normal -0.158947 -0.44423 0.8817
    outer loop
      vertex -2.29066 -5.53013 13.6558
      vertex -2.75434 -6.64957 13.0082
      vertex -2.08931 -6.88752 13.0082
    endloop
  endfacet
  facet normal -0.0692272 -0.466705 0.8817
    outer loop
      vertex -0.586708 -5.95695 13.6558
      vertex -1.16777 -5.87076 13.6558
      vertex -0.705472 -7.16278 13.0082
    endloop
  endfacet
  facet normal -0.173105 -0.233407 0.956847
    outer loop
      vertex -1.8899 -2.82843 14.5804
      vertex -2.99209 -3.64587 14.1816
      vertex -2.62032 -3.92159 14.1816
    endloop
  endfacet
  facet normal -0.201729 -0.426509 0.8817
    outer loop
      vertex -2.29066 -5.53013 13.6558
      vertex -3.39285 -6.34757 13.0082
      vertex -2.75434 -6.64957 13.0082
    endloop
  endfacet
  facet normal -0.23774 -0.502646 0.83116
    outer loop
      vertex -3.39285 -6.34757 13.0082
      vertex -3.93135 -7.35504 12.2449
      vertex -2.75434 -6.64957 13.0082
    endloop
  endfacet
  facet normal -0.285861 -0.476926 0.831159
    outer loop
      vertex -3.99868 -5.98445 13.0082
      vertex -4.63334 -6.93428 12.2449
      vertex -3.93135 -7.35504 12.2449
    endloop
  endfacet
  facet normal -0.213882 -0.597739 0.772634
    outer loop
      vertex -2.42091 -7.98068 12.2449
      vertex -3.59792 -8.68615 11.3733
      vertex -2.72921 -8.99699 11.3733
    endloop
  endfacet
  facet normal -0.154255 -0.615827 0.772634
    outer loop
      vertex -2.42091 -7.98068 12.2449
      vertex -2.72921 -8.99699 11.3733
      vertex -1.62701 -8.17954 12.2449
    endloop
  endfacet
  facet normal -0.765018 -0.113503 0.633928
    outer loop
      vertex -10.3234 -1.01676 10.4018
      vertex -11.0288 -2.19377 9.33979
      vertex -10.174 -2.02373 10.4018
    endloop
  endfacet
  facet normal -0.87262 -0.129433 0.470937
    outer loop
      vertex -11.9504 -1.17701 8.19744
      vertex -12.5949 -1.24049 6.98577
      vertex -11.7775 -2.34268 8.19744
    endloop
  endfacet
  facet normal -0.502652 0.237735 0.831157
    outer loop
      vertex -7.35504 3.93135 12.2449
      vertex -7.70496 3.1915 12.2449
      vertex -6.64957 2.75434 13.0082
    endloop
  endfacet
  facet normal -0.523534 0.187322 0.831157
    outer loop
      vertex -7.70496 3.1915 12.2449
      vertex -7.98068 2.42091 12.2449
      vertex -6.64957 2.75434 13.0082
    endloop
  endfacet
  facet normal -0.573904 0.271434 0.772631
    outer loop
      vertex -7.35504 3.93135 12.2449
      vertex -8.68615 3.59792 11.3733
      vertex -7.70496 3.1915 12.2449
    endloop
  endfacet
  facet normal -0.573904 0.271432 0.772631
    outer loop
      vertex -8.29167 4.43199 11.3733
      vertex -8.68615 3.59792 11.3733
      vertex -7.35504 3.93135 12.2449
    endloop
  endfacet
  facet normal -0.765018 0.113503 0.633928
    outer loop
      vertex -10.174 2.02373 10.4018
      vertex -11.0288 2.19377 9.33979
      vertex -10.3234 1.01676 10.4018
    endloop
  endfacet
  facet normal -0.699872 0.103837 0.70668
    outer loop
      vertex -10.174 2.02373 10.4018
      vertex -10.3234 1.01676 10.4018
      vertex -9.22117 1.8342 11.3733
    endloop
  endfacet
  facet normal -0.550018 -0.0815887 0.831158
    outer loop
      vertex -7.16278 -0.705472 13.0082
      vertex -8.29963 -0.817442 12.2449
      vertex -8.17954 -1.62701 12.2449
    endloop
  endfacet
  facet normal -0.550018 -0.0815882 0.831158
    outer loop
      vertex -7.16278 -0.705472 13.0082
      vertex -8.17954 -1.62701 12.2449
      vertex -7.05914 -1.40415 13.0082
    endloop
  endfacet
  facet normal -0.471243 0.0231482 0.881699
    outer loop
      vertex -5.95695 0.586708 13.6558
      vertex -7.16278 0.705472 13.0082
      vertex -5.98577 0 13.6558
    endloop
  endfacet
  facet normal -0.382637 0.0187957 0.923708
    outer loop
      vertex -5.95695 0.586708 13.6558
      vertex -5.98577 0 13.6558
      vertex -4.69375 0.462294 14.1816
    endloop
  endfacet
  facet normal -0.539373 0.135103 0.831158
    outer loop
      vertex -6.88752 2.08931 13.0082
      vertex -8.17954 1.62701 12.2449
      vertex -7.05914 1.40415 13.0082
    endloop
  endfacet
  facet normal -0.550018 0.0815882 0.831158
    outer loop
      vertex -7.05914 1.40415 13.0082
      vertex -8.17954 1.62701 12.2449
      vertex -7.16278 0.705472 13.0082
    endloop
  endfacet
  facet normal -0.426509 0.201729 0.8817
    outer loop
      vertex -6.34757 3.39285 13.0082
      vertex -6.64957 2.75434 13.0082
      vertex -5.53013 2.29066 13.6558
    endloop
  endfacet
  facet normal -0.346315 0.163795 0.923708
    outer loop
      vertex -5.27898 2.82167 13.6558
      vertex -5.53013 2.29066 13.6558
      vertex -4.15954 2.22332 14.1816
    endloop
  endfacet
  facet normal -0.273604 0.0978961 0.956847
    outer loop
      vertex -4.35744 1.80491 14.1816
      vertex -4.51337 1.36911 14.1816
      vertex -3.14278 1.30178 14.5804
    endloop
  endfacet
  facet normal -0.262689 0.124247 0.956847
    outer loop
      vertex -4.15954 2.22332 14.1816
      vertex -4.35744 1.80491 14.1816
      vertex -3.14278 1.30178 14.5804
    endloop
  endfacet
  facet normal 0.0426358 0.287445 0.956848
    outer loop
      vertex 0.462294 4.69375 14.1816
      vertex 0.333426 3.38534 14.5804
      vertex 0.663643 3.33636 14.5804
    endloop
  endfacet
  facet normal -0.0426422 0.287446 0.956847
    outer loop
      vertex -0.462294 4.69375 14.1816
      vertex -0.920135 4.62583 14.1816
      vertex -0.663643 3.33636 14.5804
    endloop
  endfacet
  facet normal 0.124243 0.262693 0.956847
    outer loop
      vertex 2.22332 4.15954 14.1816
      vertex 1.30178 3.14278 14.5804
      vertex 1.60356 3.00005 14.5804
    endloop
  endfacet
  facet normal 0.0419339 0.0886634 0.995179
    outer loop
      vertex 0.786118 1.89786 14.8485
      vertex 0.630796 1.24848 14.9129
      vertex 0.968355 1.81167 14.8485
    endloop
  endfacet
  facet normal 0.0419341 0.0886634 0.995179
    outer loop
      vertex 0.630796 1.24848 14.9129
      vertex 0.786118 1.89786 14.8485
      vertex 0.535756 1.29343 14.9129
    endloop
  endfacet
  facet normal -0.195129 0.00959416 0.980731
    outer loop
      vertex -2.04433 0.201349 14.8485
      vertex -3.40172 0 14.5804
      vertex -2.05423 0 14.8485
    endloop
  endfacet
  facet normal -0.195129 -0.00959416 0.980731
    outer loop
      vertex -2.05423 0 14.8485
      vertex -3.40172 0 14.5804
      vertex -2.04433 -0.201349 14.8485
    endloop
  endfacet
  facet normal -0.189505 0.0474757 0.980731
    outer loop
      vertex -1.96577 0.59631 14.8485
      vertex -3.25525 0.987468 14.5804
      vertex -2.01476 0.40076 14.8485
    endloop
  endfacet
  facet normal -0.287445 0.0426358 0.956848
    outer loop
      vertex -3.33636 0.663643 14.5804
      vertex -4.69375 0.462294 14.1816
      vertex -3.38534 0.333426 14.5804
    endloop
  endfacet
  facet normal -0.29024 0.0142584 0.956848
    outer loop
      vertex -3.38534 0.333426 14.5804
      vertex -4.69375 0.462294 14.1816
      vertex -3.40172 0 14.5804
    endloop
  endfacet
  facet normal 0.0330503 -0.0923431 0.995179
    outer loop
      vertex 0.786118 -1.89786 14.8485
      vertex 0.535756 -1.29343 14.9129
      vertex 0.505385 -1.3043 14.9129
    endloop
  endfacet
  facet normal -0.307707 0.228208 0.923709
    outer loop
      vertex -3.64587 2.99209 14.1816
      vertex -4.97699 3.32552 13.6558
      vertex -3.92159 2.62032 14.1816
    endloop
  endfacet
  facet normal -0.328593 0.196949 0.923709
    outer loop
      vertex -3.92159 2.62032 14.1816
      vertex -4.97699 3.32552 13.6558
      vertex -4.15954 2.22332 14.1816
    endloop
  endfacet
  facet normal -0.215311 0.195151 0.956847
    outer loop
      vertex -2.40538 2.40538 14.5804
      vertex -3.33504 3.33504 14.1816
      vertex -2.62957 2.15803 14.5804
    endloop
  endfacet
  facet normal -0.1312 0.144754 0.980731
    outer loop
      vertex -2.15803 2.62957 14.5804
      vertex -2.40538 2.40538 14.5804
      vertex -1.45256 1.45256 14.8485
    endloop
  endfacet
  facet normal 0.0787724 -0.0584355 0.995178
    outer loop
      vertex 1.70803 -1.14127 14.8485
      vertex 1.16406 -0.777798 14.9129
      vertex 1.14484 -0.803707 14.9129
    endloop
  endfacet
  facet normal -0.144755 0.131197 0.980731
    outer loop
      vertex -1.45256 1.45256 14.8485
      vertex -2.62957 2.15803 14.5804
      vertex -1.58794 1.30319 14.8485
    endloop
  endfacet
  facet normal -0.0979034 0.273604 0.956847
    outer loop
      vertex -0.987468 3.25525 14.5804
      vertex -1.36911 4.51337 14.1816
      vertex -1.30178 3.14278 14.5804
    endloop
  endfacet
  facet normal -0.0474673 0.189509 0.980731
    outer loop
      vertex -0.663643 3.33636 14.5804
      vertex -0.987468 3.25525 14.5804
      vertex -0.40076 2.01476 14.8485
    endloop
  endfacet
  facet normal -0.0142579 0.29024 0.956848
    outer loop
      vertex 0 4.71646 14.1816
      vertex -0.462294 4.69375 14.1816
      vertex 0 3.40172 14.5804
    endloop
  endfacet
  facet normal -0.0815887 0.550018 0.831158
    outer loop
      vertex -0.817442 8.29963 12.2449
      vertex -1.62701 8.17954 12.2449
      vertex -0.705472 7.16278 13.0082
    endloop
  endfacet
  facet normal -0.606869 0.363747 0.70668
    outer loop
      vertex -7.81733 5.22337 11.3733
      vertex -8.6251 5.76311 10.4018
      vertex -8.29167 4.43199 11.3733
    endloop
  endfacet
  facet normal -0.544532 0.326383 0.772631
    outer loop
      vertex -7.81733 5.22337 11.3733
      vertex -8.29167 4.43199 11.3733
      vertex -6.93428 4.63334 12.2449
    endloop
  endfacet
  facet normal -0.426344 0.470395 0.772631
    outer loop
      vertex -5.96445 7.26771 11.3733
      vertex -6.64809 6.64809 11.3733
      vertex -5.29071 6.44674 12.2449
    endloop
  endfacet
  facet normal -0.713435 0.427629 0.555107
    outer loop
      vertex -9.98445 6.6714 8.19744
      vertex -10.5903 5.66063 8.19744
      vertex -9.3498 6.24733 9.33979
    endloop
  endfacet
  facet normal -0.666173 0.238369 0.706678
    outer loop
      vertex -8.68615 3.59792 11.3733
      vertex -9.58369 3.9697 10.4018
      vertex -8.99699 2.72921 11.3733
    endloop
  endfacet
  facet normal -0.639606 0.302507 0.706678
    outer loop
      vertex -8.29167 4.43199 11.3733
      vertex -9.58369 3.9697 10.4018
      vertex -8.68615 3.59792 11.3733
    endloop
  endfacet
  facet normal -0.326383 0.544532 0.772631
    outer loop
      vertex -4.43199 8.29167 11.3733
      vertex -5.22337 7.81733 11.3733
      vertex -4.63334 6.93428 12.2449
    endloop
  endfacet
  facet normal -0.373413 0.411996 0.831157
    outer loop
      vertex -5.29071 6.44674 12.2449
      vertex -5.89712 5.89712 12.2449
      vertex -5.08936 5.08936 13.0082
    endloop
  endfacet
  facet normal -0.421476 0.568297 0.706681
    outer loop
      vertex -5.76311 8.6251 10.4018
      vertex -5.96445 7.26771 11.3733
      vertex -5.22337 7.81733 11.3733
    endloop
  endfacet
  facet normal -0.495491 0.668091 0.555106
    outer loop
      vertex -6.24733 9.3498 9.33979
      vertex -7.61792 9.28246 8.19744
      vertex -7.13369 8.69243 9.33979
    endloop
  endfacet
  facet normal -0.460702 0.621184 0.633943
    outer loop
      vertex -6.24733 9.3498 9.33979
      vertex -7.13369 8.69243 9.33979
      vertex -5.76311 8.6251 10.4018
    endloop
  endfacet
  facet normal -0.363745 0.606874 0.706678
    outer loop
      vertex -4.88995 9.14845 10.4018
      vertex -5.76311 8.6251 10.4018
      vertex -4.43199 8.29167 11.3733
    endloop
  endfacet
  facet normal -0.713437 0.427616 0.555115
    outer loop
      vertex -9.3498 6.24733 9.33979
      vertex -10.5903 5.66063 8.19744
      vertex -9.91712 5.30081 9.33979
    endloop
  endfacet
  facet normal -0.663351 0.397595 0.633943
    outer loop
      vertex -9.3498 6.24733 9.33979
      vertex -9.91712 5.30081 9.33979
      vertex -8.6251 5.76311 10.4018
    endloop
  endfacet
  facet normal -0.709124 0.642699 0.289968
    outer loop
      vertex -9.60282 9.60282 4.40172
      vertex -10.4978 8.61534 4.40172
      vertex -10.1895 8.36233 5.71646
    endloop
  endfacet
  facet normal -0.768695 0.570111 0.289968
    outer loop
      vertex -10.4978 8.61534 4.40172
      vertex -10.9601 7.32331 5.71646
      vertex -10.1895 8.36233 5.71646
    endloop
  endfacet
  facet normal -0.726752 -0.658679 0.194867
    outer loop
      vertex -9.60282 -9.60282 4.40172
      vertex -10.705 -8.78538 3.05423
      vertex -9.79235 -9.79235 3.05423
    endloop
  endfacet
  facet normal -0.668327 -0.737397 0.0978974
    outer loop
      vertex -9.79235 -9.79235 3.05423
      vertex -9.88757 -9.88757 1.68695
      vertex -8.78538 -10.705 3.05423
    endloop
  endfacet
  facet normal -0.658677 -0.726754 0.19487
    outer loop
      vertex -8.61534 -10.4978 4.40172
      vertex -9.60282 -9.60282 4.40172
      vertex -8.78538 -10.705 3.05423
    endloop
  endfacet
  facet normal -0.642699 -0.709124 0.289968
    outer loop
      vertex -8.36233 -10.1895 5.71646
      vertex -9.60282 -9.60282 4.40172
      vertex -8.61534 -10.4978 4.40172
    endloop
  endfacet
  facet normal -0.756648 -0.453514 0.470966
    outer loop
      vertex -10.5903 -5.66063 8.19744
      vertex -11.1615 -5.96593 6.98577
      vertex -10.523 -7.03121 6.98577
    endloop
  endfacet
  facet normal -0.620542 -0.684683 0.382279
    outer loop
      vertex -8.02879 -9.7831 6.98577
      vertex -9.32081 -9.32081 5.71646
      vertex -8.36233 -10.1895 5.71646
    endloop
  endfacet
  facet normal -0.460702 -0.621184 0.633943
    outer loop
      vertex -5.76311 -8.6251 10.4018
      vertex -7.13369 -8.69243 9.33979
      vertex -6.24733 -9.3498 9.33979
    endloop
  endfacet
  facet normal -0.616309 -0.558587 0.555106
    outer loop
      vertex -8.69243 -7.13369 9.33979
      vertex -9.28246 -7.61792 8.19744
      vertex -7.95135 -7.95135 9.33979
    endloop
  endfacet
  facet normal -0.0142579 -0.29024 0.956848
    outer loop
      vertex 0 -3.40172 14.5804
      vertex -0.462294 -4.69375 14.1816
      vertex 0 -4.71646 14.1816
    endloop
  endfacet
  facet normal -0.0187957 -0.382637 0.923708
    outer loop
      vertex -0.462294 -4.69375 14.1816
      vertex -0.586708 -5.95695 13.6558
      vertex 0 -5.98577 13.6558
    endloop
  endfacet
  facet normal 0.0272845 -0.555366 0.831158
    outer loop
      vertex 0.705472 -7.16278 13.0082
      vertex 0 -8.33979 12.2449
      vertex 0.817442 -8.29963 12.2449
    endloop
  endfacet
  facet normal -0.0231522 -0.471241 0.8817
    outer loop
      vertex 0 -5.98577 13.6558
      vertex -0.705472 -7.16278 13.0082
      vertex 0 -7.19744 13.0082
    endloop
  endfacet
  facet normal 0.326383 -0.544532 0.772631
    outer loop
      vertex 4.63334 -6.93428 12.2449
      vertex 3.93135 -7.35504 12.2449
      vertex 4.43199 -8.29167 11.3733
    endloop
  endfacet
  facet normal 0.149393 -0.24925 0.956847
    outer loop
      vertex 2.62032 -3.92159 14.1816
      vertex 1.8899 -2.82843 14.5804
      vertex 2.22332 -4.15954 14.1816
    endloop
  endfacet
  facet normal -0.820879 -0.491992 0.290004
    outer loop
      vertex -11.6251 -6.21377 5.71646
      vertex -11.9769 -6.40177 4.40172
      vertex -10.9601 -7.32331 5.71646
    endloop
  endfacet
  facet normal -0.820866 -0.492037 0.289962
    outer loop
      vertex -10.9601 -7.32331 5.71646
      vertex -11.9769 -6.40177 4.40172
      vertex -11.2917 -7.54489 4.40172
    endloop
  endfacet
  facet normal -0.806848 -0.20215 0.555096
    outer loop
      vertex -10.7607 -3.26422 9.33979
      vertex -11.7775 -2.34268 8.19744
      vertex -11.4911 -3.4858 8.19744
    endloop
  endfacet
  facet normal -0.728181 -0.260545 0.633931
    outer loop
      vertex -9.92664 -3.01121 10.4018
      vertex -10.3889 -4.30324 9.33979
      vertex -9.58369 -3.9697 10.4018
    endloop
  endfacet
  facet normal -0.901083 -0.322415 0.289996
    outer loop
      vertex -12.614 -3.82642 5.71646
      vertex -12.9957 -3.94219 4.40172
      vertex -12.1782 -5.04439 5.71646
    endloop
  endfacet
  facet normal -0.901082 -0.322426 0.289987
    outer loop
      vertex -12.1782 -5.04439 5.71646
      vertex -12.9957 -3.94219 4.40172
      vertex -12.5467 -5.19701 4.40172
    endloop
  endfacet
  facet normal -0.686334 -0.171924 0.706673
    outer loop
      vertex -8.99699 -2.72921 11.3733
      vertex -10.174 -2.02373 10.4018
      vertex -9.92664 -3.01121 10.4018
    endloop
  endfacet
  facet normal -0.666181 -0.238361 0.706673
    outer loop
      vertex -8.99699 -2.72921 11.3733
      vertex -9.92664 -3.01121 10.4018
      vertex -9.58369 -3.9697 10.4018
    endloop
  endfacet
  facet normal -0.271432 -0.573904 0.772631
    outer loop
      vertex -3.93135 -7.35504 12.2449
      vertex -4.43199 -8.29167 11.3733
      vertex -3.59792 -8.68615 11.3733
    endloop
  endfacet
  facet normal -0.326383 -0.544532 0.772631
    outer loop
      vertex -3.93135 -7.35504 12.2449
      vertex -4.63334 -6.93428 12.2449
      vertex -4.43199 -8.29167 11.3733
    endloop
  endfacet
  facet normal -0.421476 -0.568297 0.706681
    outer loop
      vertex -5.22337 -7.81733 11.3733
      vertex -5.96445 -7.26771 11.3733
      vertex -5.76311 -8.6251 10.4018
    endloop
  endfacet
  facet normal -0.33123 -0.446612 0.831158
    outer loop
      vertex -4.56601 -5.56369 13.0082
      vertex -5.29071 -6.44674 12.2449
      vertex -3.99868 -5.98445 13.0082
    endloop
  endfacet
  facet normal -0.124243 -0.262693 0.956847
    outer loop
      vertex -1.60356 -3.00005 14.5804
      vertex -2.22332 -4.15954 14.1816
      vertex -1.30178 -3.14278 14.5804
    endloop
  endfacet
  facet normal -0.100436 -0.16757 0.980731
    outer loop
      vertex -1.14127 -1.70803 14.8485
      vertex -1.60356 -3.00005 14.5804
      vertex -0.968355 -1.81167 14.8485
    endloop
  endfacet
  facet normal -0.195151 -0.215311 0.956847
    outer loop
      vertex -2.40538 -2.40538 14.5804
      vertex -3.33504 -3.33504 14.1816
      vertex -2.15803 -2.62957 14.5804
    endloop
  endfacet
  facet normal -0.195149 -0.215315 0.956847
    outer loop
      vertex -2.15803 -2.62957 14.5804
      vertex -3.33504 -3.33504 14.1816
      vertex -2.99209 -3.64587 14.1816
    endloop
  endfacet
  facet normal -0.163795 -0.346315 0.923708
    outer loop
      vertex -2.22332 -4.15954 14.1816
      vertex -2.82167 -5.27898 13.6558
      vertex -2.29066 -5.53013 13.6558
    endloop
  endfacet
  facet normal -0.1638 -0.346314 0.923708
    outer loop
      vertex -2.22332 -4.15954 14.1816
      vertex -2.29066 -5.53013 13.6558
      vertex -1.80491 -4.35744 14.1816
    endloop
  endfacet
  facet normal -0.070605 -0.281885 0.956847
    outer loop
      vertex -0.987468 -3.25525 14.5804
      vertex -1.36911 -4.51337 14.1816
      vertex -0.663643 -3.33636 14.5804
    endloop
  endfacet
  facet normal -0.0706067 -0.281884 0.956847
    outer loop
      vertex -0.663643 -3.33636 14.5804
      vertex -1.36911 -4.51337 14.1816
      vertex -0.920135 -4.62583 14.1816
    endloop
  endfacet
  facet normal 0.065866 0.0726725 0.995179
    outer loop
      vertex 1.30319 1.58794 14.8485
      vertex 0.966049 1.01161 14.9129
      vertex 1.45256 1.45256 14.8485
    endloop
  endfacet
  facet normal 0.0658642 0.0726736 0.995179
    outer loop
      vertex 0.966049 1.01161 14.9129
      vertex 1.30319 1.58794 14.8485
      vertex 0.88815 1.08221 14.9129
    endloop
  endfacet
  facet normal 0.0474673 -0.189509 0.980731
    outer loop
      vertex 0.987468 -3.25525 14.5804
      vertex 0.40076 -2.01476 14.8485
      vertex 0.663643 -3.33636 14.5804
    endloop
  endfacet
  facet normal 0.215315 -0.195149 0.956847
    outer loop
      vertex 3.64587 -2.99209 14.1816
      vertex 2.62957 -2.15803 14.5804
      vertex 3.33504 -3.33504 14.1816
    endloop
  endfacet
  facet normal 0.0726736 -0.0658642 0.995179
    outer loop
      vertex 1.01161 -0.966049 14.9129
      vertex 1.58794 -1.30319 14.8485
      vertex 1.08221 -0.88815 14.9129
    endloop
  endfacet
  facet normal 0.0726725 -0.065866 0.995179
    outer loop
      vertex 1.58794 -1.30319 14.8485
      vertex 1.01161 -0.966049 14.9129
      vertex 1.45256 -1.45256 14.8485
    endloop
  endfacet
  facet normal 0.0886647 0.0419317 0.995179
    outer loop
      vertex 1.81167 0.968355 14.8485
      vertex 1.23469 0.659955 14.9129
      vertex 1.24848 0.630796 14.9129
    endloop
  endfacet
  facet normal -0.0951432 0.0238273 0.995178
    outer loop
      vertex -1.96577 0.59631 14.8485
      vertex -1.36526 0.304416 14.9129
      vertex -1.33972 0.406398 14.9129
    endloop
  endfacet
  facet normal -0.0951396 0.0238348 0.995179
    outer loop
      vertex -1.36526 0.304416 14.9129
      vertex -1.96577 0.59631 14.8485
      vertex -2.01476 0.40076 14.8485
    endloop
  endfacet
  facet normal -0.19325 -0.0286641 0.980731
    outer loop
      vertex -2.01476 -0.40076 14.8485
      vertex -3.38534 -0.333426 14.5804
      vertex -3.33636 -0.663643 14.5804
    endloop
  endfacet
  facet normal -0.287445 -0.0426358 0.956848
    outer loop
      vertex -3.38534 -0.333426 14.5804
      vertex -4.69375 -0.462294 14.1816
      vertex -3.33636 -0.663643 14.5804
    endloop
  endfacet
  facet normal -0.176607 -0.0835274 0.980731
    outer loop
      vertex -1.89786 -0.786118 14.8485
      vertex -3.14278 -1.30178 14.5804
      vertex -1.81167 -0.968355 14.8485
    endloop
  endfacet
  facet normal -0.189505 -0.0474757 0.980731
    outer loop
      vertex -2.01476 -0.40076 14.8485
      vertex -3.25525 -0.987468 14.5804
      vertex -1.96577 -0.59631 14.8485
    endloop
  endfacet
  facet normal 0.16757 -0.100436 0.980731
    outer loop
      vertex 1.81167 -0.968355 14.8485
      vertex 1.70803 -1.14127 14.8485
      vertex 3.00005 -1.60356 14.5804
    endloop
  endfacet
  facet normal -0.262689 -0.124247 0.956847
    outer loop
      vertex -3.14278 -1.30178 14.5804
      vertex -4.35744 -1.80491 14.1816
      vertex -4.15954 -2.22332 14.1816
    endloop
  endfacet
  facet normal -0.273604 -0.0978961 0.956847
    outer loop
      vertex -3.14278 -1.30178 14.5804
      vertex -4.51337 -1.36911 14.1816
      vertex -4.35744 -1.80491 14.1816
    endloop
  endfacet
  facet normal -0.24925 -0.149393 0.956847
    outer loop
      vertex -2.82843 -1.8899 14.5804
      vertex -4.15954 -2.22332 14.1816
      vertex -3.92159 -2.62032 14.1816
    endloop
  endfacet
  facet normal -0.307707 -0.228208 0.923709
    outer loop
      vertex -3.92159 -2.62032 14.1816
      vertex -4.97699 -3.32552 13.6558
      vertex -3.64587 -2.99209 14.1816
    endloop
  endfacet
  facet normal -0.283858 -0.257273 0.923707
    outer loop
      vertex -3.64587 -2.99209 14.1816
      vertex -4.62706 -3.79733 13.6558
      vertex -3.33504 -3.33504 14.1816
    endloop
  endfacet
  facet normal -0.215315 -0.195149 0.956847
    outer loop
      vertex -2.62957 -2.15803 14.5804
      vertex -3.64587 -2.99209 14.1816
      vertex -3.33504 -3.33504 14.1816
    endloop
  endfacet
  facet normal 0.378961 -0.281057 0.8817
    outer loop
      vertex 5.98445 -3.99868 13.0082
      vertex 4.62706 -3.79733 13.6558
      vertex 5.56369 -4.56601 13.0082
    endloop
  endfacet
  facet normal 0.34959 -0.316845 0.881701
    outer loop
      vertex 5.56369 -4.56601 13.0082
      vertex 4.62706 -3.79733 13.6558
      vertex 5.08936 -5.08936 13.0082
    endloop
  endfacet
  facet normal 0.173106 -0.233405 0.956847
    outer loop
      vertex 2.15803 -2.62957 14.5804
      vertex 1.8899 -2.82843 14.5804
      vertex 2.99209 -3.64587 14.1816
    endloop
  endfacet
  facet normal 0.228208 -0.307707 0.923709
    outer loop
      vertex 2.99209 -3.64587 14.1816
      vertex 2.62032 -3.92159 14.1816
      vertex 3.32552 -4.97699 13.6558
    endloop
  endfacet
  facet normal 0.149391 -0.249251 0.956847
    outer loop
      vertex 1.8899 -2.82843 14.5804
      vertex 1.60356 -3.00005 14.5804
      vertex 2.22332 -4.15954 14.1816
    endloop
  endfacet
  facet normal 0.100436 -0.16757 0.980731
    outer loop
      vertex 1.14127 -1.70803 14.8485
      vertex 0.968355 -1.81167 14.8485
      vertex 1.60356 -3.00005 14.5804
    endloop
  endfacet
  facet normal 0.124247 -0.262689 0.956847
    outer loop
      vertex 2.22332 -4.15954 14.1816
      vertex 1.30178 -3.14278 14.5804
      vertex 1.80491 -4.35744 14.1816
    endloop
  endfacet
  facet normal 0.129061 -0.360704 0.923708
    outer loop
      vertex 1.80491 -4.35744 14.1816
      vertex 1.36911 -4.51337 14.1816
      vertex 2.29066 -5.53013 13.6558
    endloop
  endfacet
  facet normal 0.502646 -0.23774 0.83116
    outer loop
      vertex 6.64957 -2.75434 13.0082
      vertex 6.34757 -3.39285 13.0082
      vertex 7.35504 -3.93135 12.2449
    endloop
  endfacet
  facet normal 0.502652 -0.237735 0.831157
    outer loop
      vertex 7.70496 -3.1915 12.2449
      vertex 6.64957 -2.75434 13.0082
      vertex 7.35504 -3.93135 12.2449
    endloop
  endfacet
  facet normal 0.0474757 -0.189505 0.980731
    outer loop
      vertex 0.59631 -1.96577 14.8485
      vertex 0.40076 -2.01476 14.8485
      vertex 0.987468 -3.25525 14.5804
    endloop
  endfacet
  facet normal 0.0095859 -0.195127 0.980731
    outer loop
      vertex 0.201349 -2.04433 14.8485
      vertex 0 -3.40172 14.5804
      vertex 0.333426 -3.38534 14.5804
    endloop
  endfacet
  facet normal -0.171911 -0.686331 0.70668
    outer loop
      vertex -1.8342 -9.22117 11.3733
      vertex -2.72921 -8.99699 11.3733
      vertex -2.02373 -10.174 10.4018
    endloop
  endfacet
  facet normal -0.171924 -0.686334 0.706673
    outer loop
      vertex -2.72921 -8.99699 11.3733
      vertex -3.01121 -9.92664 10.4018
      vertex -2.02373 -10.174 10.4018
    endloop
  endfacet
  facet normal -0.0931521 -0.627983 0.772632
    outer loop
      vertex -1.62701 -8.17954 12.2449
      vertex -1.8342 -9.22117 11.3733
      vertex -0.921539 -9.35655 11.3733
    endloop
  endfacet
  facet normal -0.103815 -0.699865 0.706691
    outer loop
      vertex -0.921539 -9.35655 11.3733
      vertex -1.8342 -9.22117 11.3733
      vertex -1.01676 -10.3234 10.4018
    endloop
  endfacet
  facet normal -0.122036 -0.822753 0.555143
    outer loop
      vertex -2.19377 -11.0288 9.33979
      vertex -2.34268 -11.7775 8.19744
      vertex -1.17701 -11.9504 8.19744
    endloop
  endfacet
  facet normal -0.129433 -0.87262 0.470937
    outer loop
      vertex -1.17701 -11.9504 8.19744
      vertex -2.34268 -11.7775 8.19744
      vertex -1.24049 -12.5949 6.98577
    endloop
  endfacet
  facet normal 0.330663 -0.699137 0.633932
    outer loop
      vertex 4.88995 -9.14845 10.4018
      vertex 3.9697 -9.58369 10.4018
      vertex 4.30324 -10.3889 9.33979
    endloop
  endfacet
  facet normal 0.202076 -0.806834 0.555143
    outer loop
      vertex 3.26422 -10.7607 9.33979
      vertex 2.19377 -11.0288 9.33979
      vertex 2.34268 -11.7775 8.19744
    endloop
  endfacet
  facet normal 0.297179 -0.83058 0.47098
    outer loop
      vertex 4.59534 -11.0941 8.19744
      vertex 3.6738 -12.1109 6.98577
      vertex 4.84318 -11.6925 6.98577
    endloop
  endfacet
  facet normal 0.39507 -0.835339 0.382268
    outer loop
      vertex 5.96593 -11.1615 6.98577
      vertex 4.84318 -11.6925 6.98577
      vertex 5.04439 -12.1782 5.71646
    endloop
  endfacet
  facet normal 0.129433 -0.87262 0.470937
    outer loop
      vertex 2.34268 -11.7775 8.19744
      vertex 1.17701 -11.9504 8.19744
      vertex 1.24049 -12.5949 6.98577
    endloop
  endfacet
  facet normal 0.129414 -0.872615 0.470951
    outer loop
      vertex 2.34268 -11.7775 8.19744
      vertex 1.24049 -12.5949 6.98577
      vertex 2.46903 -12.4127 6.98577
    endloop
  endfacet
  facet normal 0.260545 -0.728181 0.633931
    outer loop
      vertex 3.9697 -9.58369 10.4018
      vertex 3.01121 -9.92664 10.4018
      vertex 4.30324 -10.3889 9.33979
    endloop
  endfacet
  facet normal 0.260564 -0.728162 0.633945
    outer loop
      vertex 4.30324 -10.3889 9.33979
      vertex 3.01121 -9.92664 10.4018
      vertex 3.26422 -10.7607 9.33979
    endloop
  endfacet
  facet normal -0.0346825 -0.706689 0.706674
    outer loop
      vertex 0 -9.40182 11.3733
      vertex -1.01676 -10.3234 10.4018
      vertex 0 -10.3733 10.4018
    endloop
  endfacet
  facet normal -0.0379096 -0.772444 0.633951
    outer loop
      vertex 0 -10.3733 10.4018
      vertex -1.01676 -10.3234 10.4018
      vertex 0 -11.2449 9.33979
    endloop
  endfacet
  facet normal 0.187897 -0.75022 0.633928
    outer loop
      vertex 3.26422 -10.7607 9.33979
      vertex 2.02373 -10.174 10.4018
      vertex 2.19377 -11.0288 9.33979
    endloop
  endfacet
  facet normal 0.0379148 -0.772446 0.633948
    outer loop
      vertex 1.01676 -10.3234 10.4018
      vertex 0 -11.2449 9.33979
      vertex 1.10219 -11.1908 9.33979
    endloop
  endfacet
  facet normal 0.135105 -0.539374 0.831157
    outer loop
      vertex 2.08931 -6.88752 13.0082
      vertex 1.62701 -8.17954 12.2449
      vertex 2.42091 -7.98068 12.2449
    endloop
  endfacet
  facet normal 0.213882 -0.597739 0.772634
    outer loop
      vertex 3.59792 -8.68615 11.3733
      vertex 2.42091 -7.98068 12.2449
      vertex 2.72921 -8.99699 11.3733
    endloop
  endfacet
  facet normal 0.0931541 -0.627984 0.772631
    outer loop
      vertex 1.62701 -8.17954 12.2449
      vertex 0.817442 -8.29963 12.2449
      vertex 0.921539 -9.35655 11.3733
    endloop
  endfacet
  facet normal -0.0272845 -0.555366 0.831158
    outer loop
      vertex -0.705472 -7.16278 13.0082
      vertex -0.817442 -8.29963 12.2449
      vertex 0 -8.33979 12.2449
    endloop
  endfacet
  facet normal 0.409198 -0.865139 0.289985
    outer loop
      vertex 6.21377 -11.6251 5.71646
      vertex 5.04439 -12.1782 5.71646
      vertex 5.19701 -12.5467 4.40172
    endloop
  endfacet
  facet normal 0.453514 -0.756648 0.470966
    outer loop
      vertex 7.03121 -10.523 6.98577
      vertex 5.66063 -10.5903 8.19744
      vertex 5.96593 -11.1615 6.98577
    endloop
  endfacet
  facet normal 0.491992 -0.820879 0.290004
    outer loop
      vertex 7.32331 -10.9601 5.71646
      vertex 6.21377 -11.6251 5.71646
      vertex 6.40177 -11.9769 4.40172
    endloop
  endfacet
  facet normal 0.658679 -0.726752 0.194867
    outer loop
      vertex 9.60282 -9.60282 4.40172
      vertex 8.78538 -10.705 3.05423
      vertex 9.79235 -9.79235 3.05423
    endloop
  endfacet
  facet normal 0.709124 -0.642699 0.289968
    outer loop
      vertex 10.1895 -8.36233 5.71646
      vertex 9.60282 -9.60282 4.40172
      vertex 10.4978 -8.61534 4.40172
    endloop
  endfacet
  facet normal 0.584293 -0.787799 0.19487
    outer loop
      vertex 8.61534 -10.4978 4.40172
      vertex 7.6938 -11.5146 3.05423
      vertex 8.78538 -10.705 3.05423
    endloop
  endfacet
  facet normal 0.187922 -0.750199 0.633946
    outer loop
      vertex 3.01121 -9.92664 10.4018
      vertex 2.02373 -10.174 10.4018
      vertex 3.26422 -10.7607 9.33979
    endloop
  endfacet
  facet normal 0.171924 -0.686334 0.706673
    outer loop
      vertex 2.72921 -8.99699 11.3733
      vertex 2.02373 -10.174 10.4018
      vertex 3.01121 -9.92664 10.4018
    endloop
  endfacet
  facet normal 0.154255 -0.615827 0.772634
    outer loop
      vertex 2.42091 -7.98068 12.2449
      vertex 1.62701 -8.17954 12.2449
      vertex 2.72921 -8.99699 11.3733
    endloop
  endfacet
  facet normal 0.154252 -0.61583 0.772632
    outer loop
      vertex 2.72921 -8.99699 11.3733
      vertex 1.62701 -8.17954 12.2449
      vertex 1.8342 -9.22117 11.3733
    endloop
  endfacet
  facet normal 0.302507 -0.639606 0.706678
    outer loop
      vertex 4.43199 -8.29167 11.3733
      vertex 3.59792 -8.68615 11.3733
      vertex 3.9697 -9.58369 10.4018
    endloop
  endfacet
  facet normal 0.302507 -0.639606 0.706678
    outer loop
      vertex 4.43199 -8.29167 11.3733
      vertex 3.9697 -9.58369 10.4018
      vertex 4.88995 -9.14845 10.4018
    endloop
  endfacet
  facet normal 0.140389 -0.946676 0.289991
    outer loop
      vertex 2.57161 -12.9283 5.71646
      vertex 1.33111 -13.515 4.40172
      vertex 2.64941 -13.3195 4.40172
    endloop
  endfacet
  facet normal 0.14388 -0.970217 0.194876
    outer loop
      vertex 2.64941 -13.3195 4.40172
      vertex 1.33111 -13.515 4.40172
      vertex 2.7017 -13.5824 3.05423
    endloop
  endfacet
  facet normal -0.23831 -0.951438 0.194871
    outer loop
      vertex -3.94219 -12.9957 4.40172
      vertex -4.02 -13.2522 3.05423
      vertex -2.7017 -13.5824 3.05423
    endloop
  endfacet
  facet normal -0.241802 -0.965379 0.0978533
    outer loop
      vertex -4.02 -13.2522 3.05423
      vertex -4.05909 -13.381 1.68695
      vertex -2.7017 -13.5824 3.05423
    endloop
  endfacet
  facet normal 0.0488437 -0.994002 0.0978531
    outer loop
      vertex 0 -13.8485 3.05423
      vertex 0 -13.9831 1.68695
      vertex 1.35739 -13.7818 3.05423
    endloop
  endfacet
  facet normal 0.0481379 -0.979639 0.194911
    outer loop
      vertex 0 -13.5804 4.40172
      vertex 0 -13.8485 3.05423
      vertex 1.35739 -13.7818 3.05423
    endloop
  endfacet
  facet normal -0.297179 -0.83058 0.47098
    outer loop
      vertex -4.59534 -11.0941 8.19744
      vertex -4.84318 -11.6925 6.98577
      vertex -3.6738 -12.1109 6.98577
    endloop
  endfacet
  facet normal -0.377153 -0.797455 0.470979
    outer loop
      vertex -4.59534 -11.0941 8.19744
      vertex -5.96593 -11.1615 6.98577
      vertex -4.84318 -11.6925 6.98577
    endloop
  endfacet
  facet normal 0.0490439 -0.998797 0
    outer loop
      vertex 0 -13.9831 1
      vertex 1.37059 -13.9158 1.68695
      vertex 0 -13.9831 1.68695
    endloop
  endfacet
  facet normal 0.0490439 -0.998797 0
    outer loop
      vertex 1.37059 -13.9158 1.68695
      vertex 0 -13.9831 1
      vertex 1.37059 -13.9158 1
    endloop
  endfacet
  facet normal 0.937012 -0.335311 0.0978544
    outer loop
      vertex 13.2522 -4.02 3.05423
      vertex 12.7943 -5.29958 3.05423
      vertex 13.381 -4.05909 1.68695
    endloop
  endfacet
  facet normal 0.965379 -0.241802 0.0978533
    outer loop
      vertex 13.5824 -2.7017 3.05423
      vertex 13.2522 -4.02 3.05423
      vertex 13.381 -4.05909 1.68695
    endloop
  endfacet
  facet normal 0.989182 0.146696 0
    outer loop
      vertex 13.9158 1.37059 1.68695
      vertex 13.7145 2.72797 1
      vertex 13.7145 2.72797 1.68695
    endloop
  endfacet
  facet normal 0.989182 0.146696 0
    outer loop
      vertex 13.7145 2.72797 1
      vertex 13.9158 1.37059 1.68695
      vertex 13.9158 1.37059 1
    endloop
  endfacet
  facet normal 0.899664 -0.425468 0.0978896
    outer loop
      vertex 12.7943 -5.29958 3.05423
      vertex 12.2133 -6.52812 3.05423
      vertex 12.9187 -5.35111 1.68695
    endloop
  endfacet
  facet normal 0.857752 -0.514064 0
    outer loop
      vertex 11.6266 -7.76861 1.68695
      vertex 12.332 -6.5916 1
      vertex 12.332 -6.5916 1.68695
    endloop
  endfacet
  facet normal 0.857752 -0.514064 0
    outer loop
      vertex 12.332 -6.5916 1
      vertex 11.6266 -7.76861 1.68695
      vertex 11.6266 -7.76861 1
    endloop
  endfacet
  facet normal 0.29024 0.0142584 0.956848
    outer loop
      vertex 4.69375 0.462294 14.1816
      vertex 3.38534 0.333426 14.5804
      vertex 3.40172 0 14.5804
    endloop
  endfacet
  facet normal 0.0979617 -0.00480418 0.995179
    outer loop
      vertex 1.4 0 14.9129
      vertex 1.39842 -0.0322177 14.9129
      vertex 2.05423 0 14.8485
    endloop
  endfacet
  facet normal 0.44423 -0.158947 0.8817
    outer loop
      vertex 6.88752 -2.08931 13.0082
      vertex 5.53013 -2.29066 13.6558
      vertex 6.64957 -2.75434 13.0082
    endloop
  endfacet
  facet normal 0.44423 -0.158952 0.881699
    outer loop
      vertex 5.72803 -1.73758 13.6558
      vertex 5.53013 -2.29066 13.6558
      vertex 6.88752 -2.08931 13.0082
    endloop
  endfacet
  facet normal 0.283858 -0.257273 0.923707
    outer loop
      vertex 3.64587 -2.99209 14.1816
      vertex 3.33504 -3.33504 14.1816
      vertex 4.62706 -3.79733 13.6558
    endloop
  endfacet
  facet normal 0.023838 -0.0951391 0.995179
    outer loop
      vertex 0.304416 -1.36526 14.9129
      vertex 0.273126 -1.3731 14.9129
      vertex 0.40076 -2.01476 14.8485
    endloop
  endfacet
  facet normal 0.183943 0.0658117 0.980731
    outer loop
      vertex 3.25525 0.987468 14.5804
      vertex 1.89786 0.786118 14.8485
      vertex 1.96577 0.59631 14.8485
    endloop
  endfacet
  facet normal 0.183942 0.0658198 0.980731
    outer loop
      vertex 3.14278 1.30178 14.5804
      vertex 1.89786 0.786118 14.8485
      vertex 3.25525 0.987468 14.5804
    endloop
  endfacet
  facet normal 0.195149 0.215315 0.956847
    outer loop
      vertex 2.99209 3.64587 14.1816
      vertex 2.15803 2.62957 14.5804
      vertex 3.33504 3.33504 14.1816
    endloop
  endfacet
  facet normal 0.273604 0.0978961 0.956847
    outer loop
      vertex 4.35744 1.80491 14.1816
      vertex 3.14278 1.30178 14.5804
      vertex 4.51337 1.36911 14.1816
    endloop
  endfacet
  facet normal -0.023838 -0.0951391 0.995179
    outer loop
      vertex -0.304416 -1.36526 14.9129
      vertex -0.40076 -2.01476 14.8485
      vertex -0.273126 -1.3731 14.9129
    endloop
  endfacet
  facet normal 0.544532 0.326383 0.772631
    outer loop
      vertex 8.29167 4.43199 11.3733
      vertex 6.93428 4.63334 12.2449
      vertex 7.35504 3.93135 12.2449
    endloop
  endfacet
  facet normal 0.544532 0.326383 0.772631
    outer loop
      vertex 7.81733 5.22337 11.3733
      vertex 6.93428 4.63334 12.2449
      vertex 8.29167 4.43199 11.3733
    endloop
  endfacet
  facet normal 0.597745 0.213875 0.772631
    outer loop
      vertex 8.68615 3.59792 11.3733
      vertex 7.70496 3.1915 12.2449
      vertex 7.98068 2.42091 12.2449
    endloop
  endfacet
  facet normal 0.523534 0.187322 0.831157
    outer loop
      vertex 7.70496 3.1915 12.2449
      vertex 6.64957 2.75434 13.0082
      vertex 7.98068 2.42091 12.2449
    endloop
  endfacet
  facet normal 0.29024 -0.0142579 0.956848
    outer loop
      vertex 4.71646 0 14.1816
      vertex 3.40172 0 14.5804
      vertex 4.69375 -0.462294 14.1816
    endloop
  endfacet
  facet normal 0.382637 0.0187957 0.923708
    outer loop
      vertex 5.95695 0.586708 13.6558
      vertex 4.69375 0.462294 14.1816
      vertex 5.98577 0 13.6558
    endloop
  endfacet
  facet normal 0.195129 0.00959416 0.980731
    outer loop
      vertex 3.40172 0 14.5804
      vertex 2.04433 0.201349 14.8485
      vertex 2.05423 0 14.8485
    endloop
  endfacet
  facet normal 0.195129 -0.00959416 0.980731
    outer loop
      vertex 2.05423 0 14.8485
      vertex 2.04433 -0.201349 14.8485
      vertex 3.40172 0 14.5804
    endloop
  endfacet
  facet normal 0.539373 0.135103 0.831158
    outer loop
      vertex 8.17954 1.62701 12.2449
      vertex 6.88752 2.08931 13.0082
      vertex 7.05914 1.40415 13.0082
    endloop
  endfacet
  facet normal 0.457673 0.114639 0.881699
    outer loop
      vertex 6.88752 2.08931 13.0082
      vertex 5.87076 1.16777 13.6558
      vertex 7.05914 1.40415 13.0082
    endloop
  endfacet
  facet normal 0.371616 0.0930829 0.923709
    outer loop
      vertex 5.87076 1.16777 13.6558
      vertex 4.51337 1.36911 14.1816
      vertex 4.62583 0.920135 14.1816
    endloop
  endfacet
  facet normal 0.371616 0.0930849 0.923708
    outer loop
      vertex 5.72803 1.73758 13.6558
      vertex 4.51337 1.36911 14.1816
      vertex 5.87076 1.16777 13.6558
    endloop
  endfacet
  facet normal 0.328593 0.196949 0.923709
    outer loop
      vertex 4.97699 3.32552 13.6558
      vertex 3.92159 2.62032 14.1816
      vertex 4.15954 2.22332 14.1816
    endloop
  endfacet
  facet normal 0.24925 0.149393 0.956847
    outer loop
      vertex 3.92159 2.62032 14.1816
      vertex 2.82843 1.8899 14.5804
      vertex 4.15954 2.22332 14.1816
    endloop
  endfacet
  facet normal 0.23774 0.502646 0.83116
    outer loop
      vertex 3.93135 7.35504 12.2449
      vertex 2.75434 6.64957 13.0082
      vertex 3.39285 6.34757 13.0082
    endloop
  endfacet
  facet normal 0.0930849 0.371616 0.923708
    outer loop
      vertex 1.73758 5.72803 13.6558
      vertex 1.16777 5.87076 13.6558
      vertex 1.36911 4.51337 14.1816
    endloop
  endfacet
  facet normal 0.25727 0.283859 0.923708
    outer loop
      vertex 3.79733 4.62706 13.6558
      vertex 3.33504 3.33504 14.1816
      vertex 4.23258 4.23258 13.6558
    endloop
  endfacet
  facet normal 0.283859 0.25727 0.923708
    outer loop
      vertex 4.23258 4.23258 13.6558
      vertex 3.33504 3.33504 14.1816
      vertex 4.62706 3.79733 13.6558
    endloop
  endfacet
  facet normal 0.201726 0.426512 0.881699
    outer loop
      vertex 3.39285 6.34757 13.0082
      vertex 2.29066 5.53013 13.6558
      vertex 2.82167 5.27898 13.6558
    endloop
  endfacet
  facet normal 0.163795 0.346315 0.923708
    outer loop
      vertex 2.29066 5.53013 13.6558
      vertex 2.22332 4.15954 14.1816
      vertex 2.82167 5.27898 13.6558
    endloop
  endfacet
  facet normal 0.0930829 0.371616 0.923709
    outer loop
      vertex 1.16777 5.87076 13.6558
      vertex 0.920135 4.62583 14.1816
      vertex 1.36911 4.51337 14.1816
    endloop
  endfacet
  facet normal 0.114641 0.457672 0.881699
    outer loop
      vertex 2.08931 6.88752 13.0082
      vertex 1.16777 5.87076 13.6558
      vertex 1.73758 5.72803 13.6558
    endloop
  endfacet
  facet normal 0.129061 0.360704 0.923708
    outer loop
      vertex 2.29066 5.53013 13.6558
      vertex 1.36911 4.51337 14.1816
      vertex 1.80491 4.35744 14.1816
    endloop
  endfacet
  facet normal 0.0978961 0.273604 0.956847
    outer loop
      vertex 1.36911 4.51337 14.1816
      vertex 1.30178 3.14278 14.5804
      vertex 1.80491 4.35744 14.1816
    endloop
  endfacet
  facet normal -0.709127 0.642697 0.289964
    outer loop
      vertex -9.60282 9.60282 4.40172
      vertex -10.1895 8.36233 5.71646
      vertex -9.32081 9.32081 5.71646
    endloop
  endfacet
  facet normal -0.642697 0.709127 0.289964
    outer loop
      vertex -8.36233 10.1895 5.71646
      vertex -9.60282 9.60282 4.40172
      vertex -9.32081 9.32081 5.71646
    endloop
  endfacet
  facet normal -0.419327 0.886679 0.194845
    outer loop
      vertex -5.29958 12.7943 3.05423
      vertex -6.52812 12.2133 3.05423
      vertex -5.19701 12.5467 4.40172
    endloop
  endfacet
  facet normal -0.425468 0.899664 0.0978896
    outer loop
      vertex -5.35111 12.9187 1.68695
      vertex -6.52812 12.2133 3.05423
      vertex -5.29958 12.7943 3.05423
    endloop
  endfacet
  facet normal -0.737394 0.66833 0.0979011
    outer loop
      vertex -9.88757 9.88757 1.68695
      vertex -10.8091 8.87081 1.68695
      vertex -10.705 8.78538 3.05423
    endloop
  endfacet
  facet normal -0.66833 0.737394 0.0979011
    outer loop
      vertex -8.87081 10.8091 1.68695
      vertex -9.88757 9.88757 1.68695
      vertex -8.78538 10.705 3.05423
    endloop
  endfacet
  facet normal -0.0469647 0.955889 0.28995
    outer loop
      vertex 0 13.5804 4.40172
      vertex -1.33111 13.515 4.40172
      vertex 0 13.1816 5.71646
    endloop
  endfacet
  facet normal -0.0481316 0.97964 0.194905
    outer loop
      vertex 0 13.5804 4.40172
      vertex -1.35739 13.7818 3.05423
      vertex -1.33111 13.515 4.40172
    endloop
  endfacet
  facet normal -0.20215 0.806848 0.555096
    outer loop
      vertex -2.34268 11.7775 8.19744
      vertex -3.4858 11.4911 8.19744
      vertex -3.26422 10.7607 9.33979
    endloop
  endfacet
  facet normal -0.214389 0.855698 0.470975
    outer loop
      vertex -2.34268 11.7775 8.19744
      vertex -3.6738 12.1109 6.98577
      vertex -3.4858 11.4911 8.19744
    endloop
  endfacet
  facet normal 0.0432568 0.881111 0.470927
    outer loop
      vertex 0 12.6558 6.98577
      vertex 0 12.0082 8.19744
      vertex 1.24049 12.5949 6.98577
    endloop
  endfacet
  facet normal 0.0453095 0.922922 0.382312
    outer loop
      vertex 0 13.1816 5.71646
      vertex 0 12.6558 6.98577
      vertex 1.24049 12.5949 6.98577
    endloop
  endfacet
  facet normal 0.122107 0.822774 0.555097
    outer loop
      vertex 1.17701 11.9504 8.19744
      vertex 1.10219 11.1908 9.33979
      vertex 2.19377 11.0288 9.33979
    endloop
  endfacet
  facet normal 0.0407977 0.830784 0.555098
    outer loop
      vertex 1.17701 11.9504 8.19744
      vertex 0 12.0082 8.19744
      vertex 1.10219 11.1908 9.33979
    endloop
  endfacet
  facet normal -0.113532 0.764998 0.633947
    outer loop
      vertex -1.10219 11.1908 9.33979
      vertex -2.19377 11.0288 9.33979
      vertex -1.01676 10.3234 10.4018
    endloop
  endfacet
  facet normal -0.122107 0.822774 0.555097
    outer loop
      vertex -1.17701 11.9504 8.19744
      vertex -2.19377 11.0288 9.33979
      vertex -1.10219 11.1908 9.33979
    endloop
  endfacet
  facet normal -0.302507 0.639606 0.706678
    outer loop
      vertex -3.9697 9.58369 10.4018
      vertex -4.88995 9.14845 10.4018
      vertex -4.43199 8.29167 11.3733
    endloop
  endfacet
  facet normal -0.271434 0.573904 0.772631
    outer loop
      vertex -3.59792 8.68615 11.3733
      vertex -3.93135 7.35504 12.2449
      vertex -3.1915 7.70496 12.2449
    endloop
  endfacet
  facet normal -0.0978961 0.273604 0.956847
    outer loop
      vertex -1.36911 4.51337 14.1816
      vertex -1.80491 4.35744 14.1816
      vertex -1.30178 3.14278 14.5804
    endloop
  endfacet
  facet normal -0.0930829 0.371616 0.923709
    outer loop
      vertex -1.16777 5.87076 13.6558
      vertex -1.36911 4.51337 14.1816
      vertex -0.920135 4.62583 14.1816
    endloop
  endfacet
  facet normal 0.311305 0.870032 0.382274
    outer loop
      vertex 3.82642 12.614 5.71646
      vertex 3.6738 12.1109 6.98577
      vertex 5.04439 12.1782 5.71646
    endloop
  endfacet
  facet normal 0.322415 0.901083 0.289996
    outer loop
      vertex 3.94219 12.9957 4.40172
      vertex 3.82642 12.614 5.71646
      vertex 5.04439 12.1782 5.71646
    endloop
  endfacet
  facet normal -0.50992 -0.378184 0.772631
    outer loop
      vertex -6.93428 -4.63334 12.2449
      vertex -7.81733 -5.22337 11.3733
      vertex -6.44674 -5.29071 12.2449
    endloop
  endfacet
  facet normal -0.446611 -0.33123 0.831159
    outer loop
      vertex -5.98445 -3.99868 13.0082
      vertex -6.93428 -4.63334 12.2449
      vertex -6.44674 -5.29071 12.2449
    endloop
  endfacet
  facet normal -0.228208 -0.307707 0.923709
    outer loop
      vertex -2.99209 -3.64587 14.1816
      vertex -3.32552 -4.97699 13.6558
      vertex -2.62032 -3.92159 14.1816
    endloop
  endfacet
  facet normal -0.228217 -0.307704 0.923707
    outer loop
      vertex -2.99209 -3.64587 14.1816
      vertex -3.79733 -4.62706 13.6558
      vertex -3.32552 -4.97699 13.6558
    endloop
  endfacet
  facet normal -0.237735 -0.502652 0.831157
    outer loop
      vertex -2.75434 -6.64957 13.0082
      vertex -3.93135 -7.35504 12.2449
      vertex -3.1915 -7.70496 12.2449
    endloop
  endfacet
  facet normal -0.135105 -0.539374 0.831157
    outer loop
      vertex -2.08931 -6.88752 13.0082
      vertex -2.42091 -7.98068 12.2449
      vertex -1.62701 -8.17954 12.2449
    endloop
  endfacet
  facet normal -0.426512 0.201726 0.881699
    outer loop
      vertex -5.27898 2.82167 13.6558
      vertex -6.34757 3.39285 13.0082
      vertex -5.53013 2.29066 13.6558
    endloop
  endfacet
  facet normal -0.404687 0.24256 0.881699
    outer loop
      vertex -5.98445 3.99868 13.0082
      vertex -6.34757 3.39285 13.0082
      vertex -4.97699 3.32552 13.6558
    endloop
  endfacet
  facet normal -0.471243 -0.0231482 0.881699
    outer loop
      vertex -5.98577 0 13.6558
      vertex -7.16278 -0.705472 13.0082
      vertex -5.95695 -0.586708 13.6558
    endloop
  endfacet
  facet normal -0.466705 -0.0692272 0.8817
    outer loop
      vertex -5.95695 -0.586708 13.6558
      vertex -7.16278 -0.705472 13.0082
      vertex -5.87076 -1.16777 13.6558
    endloop
  endfacet
  facet normal -0.378952 0.0562106 0.923708
    outer loop
      vertex -5.87076 1.16777 13.6558
      vertex -5.95695 0.586708 13.6558
      vertex -4.69375 0.462294 14.1816
    endloop
  endfacet
  facet normal -0.378949 0.0562165 0.923709
    outer loop
      vertex -4.62583 0.920135 14.1816
      vertex -5.87076 1.16777 13.6558
      vertex -4.69375 0.462294 14.1816
    endloop
  endfacet
  facet normal -0.523534 0.187322 0.831157
    outer loop
      vertex -6.64957 2.75434 13.0082
      vertex -7.98068 2.42091 12.2449
      vertex -6.88752 2.08931 13.0082
    endloop
  endfacet
  facet normal -0.61583 0.154252 0.772632
    outer loop
      vertex -8.99699 2.72921 11.3733
      vertex -9.22117 1.8342 11.3733
      vertex -8.17954 1.62701 12.2449
    endloop
  endfacet
  facet normal 0.0562165 0.378949 0.923709
    outer loop
      vertex 1.16777 5.87076 13.6558
      vertex 0.462294 4.69375 14.1816
      vertex 0.920135 4.62583 14.1816
    endloop
  endfacet
  facet normal 0.0286563 0.193249 0.980731
    outer loop
      vertex 0.333426 3.38534 14.5804
      vertex 0.201349 2.04433 14.8485
      vertex 0.40076 2.01476 14.8485
    endloop
  endfacet
  facet normal 0.0658198 0.183942 0.980731
    outer loop
      vertex 0.987468 3.25525 14.5804
      vertex 0.786118 1.89786 14.8485
      vertex 1.30178 3.14278 14.5804
    endloop
  endfacet
  facet normal 0.149391 0.249251 0.956847
    outer loop
      vertex 2.22332 4.15954 14.1816
      vertex 1.60356 3.00005 14.5804
      vertex 1.8899 2.82843 14.5804
    endloop
  endfacet
  facet normal -0.0787768 0.0584274 0.995179
    outer loop
      vertex -1.08221 0.88815 14.9129
      vertex -1.58794 1.30319 14.8485
      vertex -1.14484 0.803707 14.9129
    endloop
  endfacet
  facet normal -0.0787778 0.0584265 0.995179
    outer loop
      vertex -1.14484 0.803707 14.9129
      vertex -1.58794 1.30319 14.8485
      vertex -1.70803 1.14127 14.8485
    endloop
  endfacet
  facet normal -0.249251 0.149391 0.956847
    outer loop
      vertex -2.82843 1.8899 14.5804
      vertex -4.15954 2.22332 14.1816
      vertex -3.00005 1.60356 14.5804
    endloop
  endfacet
  facet normal -0.176607 0.0835274 0.980731
    outer loop
      vertex -1.81167 0.968355 14.8485
      vertex -3.14278 1.30178 14.5804
      vertex -1.89786 0.786118 14.8485
    endloop
  endfacet
  facet normal -0.183942 0.0658198 0.980731
    outer loop
      vertex -3.14278 1.30178 14.5804
      vertex -3.25525 0.987468 14.5804
      vertex -1.89786 0.786118 14.8485
    endloop
  endfacet
  facet normal 0.0658117 0.183943 0.980731
    outer loop
      vertex 0.987468 3.25525 14.5804
      vertex 0.59631 1.96577 14.8485
      vertex 0.786118 1.89786 14.8485
    endloop
  endfacet
  facet normal 0.0330404 -0.0923478 0.995178
    outer loop
      vertex 0.505385 -1.3043 14.9129
      vertex 0.59631 -1.96577 14.8485
      vertex 0.786118 -1.89786 14.8485
    endloop
  endfacet
  facet normal 0.0330441 -0.0923473 0.995178
    outer loop
      vertex 0.406398 -1.33972 14.9129
      vertex 0.59631 -1.96577 14.8485
      vertex 0.505385 -1.3043 14.9129
    endloop
  endfacet
  facet normal -0.116378 0.156917 0.980731
    outer loop
      vertex -1.8899 2.82843 14.5804
      vertex -2.15803 2.62957 14.5804
      vertex -1.30319 1.58794 14.8485
    endloop
  endfacet
  facet normal -0.233405 0.173106 0.956847
    outer loop
      vertex -2.62957 2.15803 14.5804
      vertex -3.64587 2.99209 14.1816
      vertex -2.82843 1.8899 14.5804
    endloop
  endfacet
  facet normal -0.283858 0.257273 0.923707
    outer loop
      vertex -3.33504 3.33504 14.1816
      vertex -4.62706 3.79733 13.6558
      vertex -3.64587 2.99209 14.1816
    endloop
  endfacet
  facet normal -0.215315 0.195149 0.956847
    outer loop
      vertex -3.33504 3.33504 14.1816
      vertex -3.64587 2.99209 14.1816
      vertex -2.62957 2.15803 14.5804
    endloop
  endfacet
  facet normal -0.173106 0.233405 0.956847
    outer loop
      vertex -1.8899 2.82843 14.5804
      vertex -2.99209 3.64587 14.1816
      vertex -2.15803 2.62957 14.5804
    endloop
  endfacet
  facet normal -0.195149 0.215315 0.956847
    outer loop
      vertex -2.99209 3.64587 14.1816
      vertex -3.33504 3.33504 14.1816
      vertex -2.15803 2.62957 14.5804
    endloop
  endfacet
  facet normal -0.196948 0.328595 0.923708
    outer loop
      vertex -2.82167 5.27898 13.6558
      vertex -3.32552 4.97699 13.6558
      vertex -2.22332 4.15954 14.1816
    endloop
  endfacet
  facet normal -0.228208 0.307707 0.923709
    outer loop
      vertex -2.62032 3.92159 14.1816
      vertex -3.32552 4.97699 13.6558
      vertex -2.99209 3.64587 14.1816
    endloop
  endfacet
  facet normal -0.070605 0.281885 0.956847
    outer loop
      vertex -0.663643 3.33636 14.5804
      vertex -1.36911 4.51337 14.1816
      vertex -0.987468 3.25525 14.5804
    endloop
  endfacet
  facet normal -0.0658198 0.183942 0.980731
    outer loop
      vertex -0.987468 3.25525 14.5804
      vertex -1.30178 3.14278 14.5804
      vertex -0.786118 1.89786 14.8485
    endloop
  endfacet
  facet normal 0.0142579 0.29024 0.956848
    outer loop
      vertex 0 4.71646 14.1816
      vertex 0 3.40172 14.5804
      vertex 0.462294 4.69375 14.1816
    endloop
  endfacet
  facet normal -0.0187969 0.382637 0.923707
    outer loop
      vertex 0 5.98577 13.6558
      vertex -0.462294 4.69375 14.1816
      vertex 0 4.71646 14.1816
    endloop
  endfacet
  facet normal 0.0231522 0.471241 0.8817
    outer loop
      vertex 0 7.19744 13.0082
      vertex 0 5.98577 13.6558
      vertex 0.705472 7.16278 13.0082
    endloop
  endfacet
  facet normal -0.281065 0.378959 0.881699
    outer loop
      vertex -3.32552 4.97699 13.6558
      vertex -3.99868 5.98445 13.0082
      vertex -3.79733 4.62706 13.6558
    endloop
  endfacet
  facet normal -0.397596 0.663351 0.633943
    outer loop
      vertex -5.30081 9.91712 9.33979
      vertex -5.76311 8.6251 10.4018
      vertex -4.88995 9.14845 10.4018
    endloop
  endfacet
  facet normal -0.397595 0.663351 0.633943
    outer loop
      vertex -5.30081 9.91712 9.33979
      vertex -6.24733 9.3498 9.33979
      vertex -5.76311 8.6251 10.4018
    endloop
  endfacet
  facet normal -0.592418 0.653637 0.470956
    outer loop
      vertex -8.02879 9.7831 6.98577
      vertex -8.49108 8.49108 8.19744
      vertex -7.61792 9.28246 8.19744
    endloop
  endfacet
  facet normal -0.568295 0.421483 0.706677
    outer loop
      vertex -8.01868 6.58076 10.4018
      vertex -8.6251 5.76311 10.4018
      vertex -7.26771 5.96445 11.3733
    endloop
  endfacet
  facet normal -0.558586 0.61631 0.555107
    outer loop
      vertex -7.61792 9.28246 8.19744
      vertex -8.49108 8.49108 8.19744
      vertex -7.95135 7.95135 9.33979
    endloop
  endfacet
  facet normal -0.653637 0.592418 0.470956
    outer loop
      vertex -8.49108 8.49108 8.19744
      vertex -9.7831 8.02879 6.98577
      vertex -9.28246 7.61792 8.19744
    endloop
  endfacet
  facet normal -0.475152 0.524249 0.706678
    outer loop
      vertex -6.58076 8.01868 10.4018
      vertex -7.33504 7.33504 10.4018
      vertex -6.64809 6.64809 11.3733
    endloop
  endfacet
  facet normal -0.519368 0.573034 0.633947
    outer loop
      vertex -6.58076 8.01868 10.4018
      vertex -7.95135 7.95135 9.33979
      vertex -7.33504 7.33504 10.4018
    endloop
  endfacet
  facet normal -0.55048 -0.742192 0.382261
    outer loop
      vertex -7.03121 -10.523 6.98577
      vertex -8.02879 -9.7831 6.98577
      vertex -7.32331 -10.9601 5.71646
    endloop
  endfacet
  facet normal -0.475057 -0.79259 0.382259
    outer loop
      vertex -7.03121 -10.523 6.98577
      vertex -7.32331 -10.9601 5.71646
      vertex -5.96593 -11.1615 6.98577
    endloop
  endfacet
  facet normal 0.0187969 -0.382637 0.923707
    outer loop
      vertex 0 -4.71646 14.1816
      vertex 0 -5.98577 13.6558
      vertex 0.462294 -4.69375 14.1816
    endloop
  endfacet
  facet normal 0.0142579 -0.29024 0.956848
    outer loop
      vertex 0 -3.40172 14.5804
      vertex 0 -4.71646 14.1816
      vertex 0.462294 -4.69375 14.1816
    endloop
  endfacet
  facet normal 0.201726 -0.426512 0.881699
    outer loop
      vertex 2.82167 -5.27898 13.6558
      vertex 2.29066 -5.53013 13.6558
      vertex 3.39285 -6.34757 13.0082
    endloop
  endfacet
  facet normal 0.242556 -0.404688 0.8817
    outer loop
      vertex 3.32552 -4.97699 13.6558
      vertex 2.82167 -5.27898 13.6558
      vertex 3.39285 -6.34757 13.0082
    endloop
  endfacet
  facet normal 0.158952 -0.44423 0.881699
    outer loop
      vertex 2.29066 -5.53013 13.6558
      vertex 1.73758 -5.72803 13.6558
      vertex 2.08931 -6.88752 13.0082
    endloop
  endfacet
  facet normal 0.0978961 -0.273604 0.956847
    outer loop
      vertex 1.80491 -4.35744 14.1816
      vertex 1.30178 -3.14278 14.5804
      vertex 1.36911 -4.51337 14.1816
    endloop
  endfacet
  facet normal 0.187322 -0.523534 0.831157
    outer loop
      vertex 2.75434 -6.64957 13.0082
      vertex 2.08931 -6.88752 13.0082
      vertex 2.42091 -7.98068 12.2449
    endloop
  endfacet
  facet normal 0.271432 -0.573904 0.772631
    outer loop
      vertex 3.93135 -7.35504 12.2449
      vertex 3.59792 -8.68615 11.3733
      vertex 4.43199 -8.29167 11.3733
    endloop
  endfacet
  facet normal -0.573034 -0.519368 0.633947
    outer loop
      vertex -7.33504 -7.33504 10.4018
      vertex -8.01868 -6.58076 10.4018
      vertex -7.95135 -7.95135 9.33979
    endloop
  endfacet
  facet normal -0.653637 -0.592418 0.470956
    outer loop
      vertex -9.28246 -7.61792 8.19744
      vertex -9.7831 -8.02879 6.98577
      vertex -8.49108 -8.49108 8.19744
    endloop
  endfacet
  facet normal -0.797455 -0.377153 0.470979
    outer loop
      vertex -11.0941 -4.59534 8.19744
      vertex -11.6925 -4.84318 6.98577
      vertex -11.1615 -5.96593 6.98577
    endloop
  endfacet
  facet normal -0.620547 -0.684673 0.382288
    outer loop
      vertex -8.94904 -8.94904 6.98577
      vertex -9.32081 -9.32081 5.71646
      vertex -8.02879 -9.7831 6.98577
    endloop
  endfacet
  facet normal -0.764998 -0.113532 0.633947
    outer loop
      vertex -10.3234 -1.01676 10.4018
      vertex -11.1908 -1.10219 9.33979
      vertex -11.0288 -2.19377 9.33979
    endloop
  endfacet
  facet normal -0.822774 -0.122107 0.555097
    outer loop
      vertex -11.1908 -1.10219 9.33979
      vertex -11.9504 -1.17701 8.19744
      vertex -11.0288 -2.19377 9.33979
    endloop
  endfacet
  facet normal -0.663351 -0.397595 0.633943
    outer loop
      vertex -8.6251 -5.76311 10.4018
      vertex -9.91712 -5.30081 9.33979
      vertex -9.3498 -6.24733 9.33979
    endloop
  endfacet
  facet normal -0.544532 -0.326383 0.772631
    outer loop
      vertex -6.93428 -4.63334 12.2449
      vertex -8.29167 -4.43199 11.3733
      vertex -7.81733 -5.22337 11.3733
    endloop
  endfacet
  facet normal -0.378181 -0.509921 0.772632
    outer loop
      vertex -5.29071 -6.44674 12.2449
      vertex -5.96445 -7.26771 11.3733
      vertex -5.22337 -7.81733 11.3733
    endloop
  endfacet
  facet normal -0.378184 -0.50992 0.772631
    outer loop
      vertex -4.63334 -6.93428 12.2449
      vertex -5.29071 -6.44674 12.2449
      vertex -5.22337 -7.81733 11.3733
    endloop
  endfacet
  facet normal -0.558587 -0.616309 0.555106
    outer loop
      vertex -7.13369 -8.69243 9.33979
      vertex -7.95135 -7.95135 9.33979
      vertex -7.61792 -9.28246 8.19744
    endloop
  endfacet
  facet normal -0.426344 -0.470396 0.772631
    outer loop
      vertex -5.89712 -5.89712 12.2449
      vertex -6.64809 -6.64809 11.3733
      vertex -5.29071 -6.44674 12.2449
    endloop
  endfacet
  facet normal -0.460705 -0.621179 0.633946
    outer loop
      vertex -6.58076 -8.01868 10.4018
      vertex -7.13369 -8.69243 9.33979
      vertex -5.76311 -8.6251 10.4018
    endloop
  endfacet
  facet normal -0.524248 -0.475154 0.706677
    outer loop
      vertex -7.26771 -5.96445 11.3733
      vertex -8.01868 -6.58076 10.4018
      vertex -6.64809 -6.64809 11.3733
    endloop
  endfacet
  facet normal -0.014395 0.0970194 0.995178
    outer loop
      vertex -0.201349 2.04433 14.8485
      vertex -0.241219 1.37783 14.9129
      vertex -0.137224 1.39326 14.9129
    endloop
  endfacet
  facet normal -0.0143866 0.0970189 0.995179
    outer loop
      vertex -0.241219 1.37783 14.9129
      vertex -0.201349 2.04433 14.8485
      vertex -0.40076 2.01476 14.8485
    endloop
  endfacet
  facet normal -0.116379 -0.156916 0.980731
    outer loop
      vertex -1.30319 -1.58794 14.8485
      vertex -1.8899 -2.82843 14.5804
      vertex -1.14127 -1.70803 14.8485
    endloop
  endfacet
  facet normal -0.0474757 -0.189505 0.980731
    outer loop
      vertex -0.59631 -1.96577 14.8485
      vertex -0.987468 -3.25525 14.5804
      vertex -0.40076 -2.01476 14.8485
    endloop
  endfacet
  facet normal -0.00481394 -0.097963 0.995178
    outer loop
      vertex -0.201349 -2.04433 14.8485
      vertex -0.0322177 -1.39842 14.9129
      vertex -0.137223 -1.39326 14.9129
    endloop
  endfacet
  facet normal 0 -0.0984337 0.995144
    outer loop
      vertex -0.201349 -2.04433 14.8485
      vertex -0.137223 -1.39326 14.9129
      vertex -0.137224 -1.39326 14.9129
    endloop
  endfacet
  facet normal -0.00481665 -0.0979623 0.995178
    outer loop
      vertex -0.0322177 -1.39842 14.9129
      vertex -0.201349 -2.04433 14.8485
      vertex 0 -2.05423 14.8485
    endloop
  endfacet
  facet normal -0.0426422 -0.287446 0.956847
    outer loop
      vertex -0.663643 -3.33636 14.5804
      vertex -0.920135 -4.62583 14.1816
      vertex -0.462294 -4.69375 14.1816
    endloop
  endfacet
  facet normal -0.0658117 -0.183943 0.980731
    outer loop
      vertex -0.786118 -1.89786 14.8485
      vertex -0.987468 -3.25525 14.5804
      vertex -0.59631 -1.96577 14.8485
    endloop
  endfacet
  facet normal -0.149391 -0.249251 0.956847
    outer loop
      vertex -1.8899 -2.82843 14.5804
      vertex -2.22332 -4.15954 14.1816
      vertex -1.60356 -3.00005 14.5804
    endloop
  endfacet
  facet normal -0.129064 -0.360701 0.923708
    outer loop
      vertex -1.36911 -4.51337 14.1816
      vertex -2.29066 -5.53013 13.6558
      vertex -1.73758 -5.72803 13.6558
    endloop
  endfacet
  facet normal -0.158952 -0.44423 0.881699
    outer loop
      vertex -1.73758 -5.72803 13.6558
      vertex -2.29066 -5.53013 13.6558
      vertex -2.08931 -6.88752 13.0082
    endloop
  endfacet
  facet normal -0.0562165 -0.378949 0.923709
    outer loop
      vertex -0.920135 -4.62583 14.1816
      vertex -1.16777 -5.87076 13.6558
      vertex -0.462294 -4.69375 14.1816
    endloop
  endfacet
  facet normal -0.0142584 -0.29024 0.956848
    outer loop
      vertex -0.333426 -3.38534 14.5804
      vertex -0.462294 -4.69375 14.1816
      vertex 0 -3.40172 14.5804
    endloop
  endfacet
  facet normal -0.0787768 -0.0584274 0.995179
    outer loop
      vertex -1.58794 -1.30319 14.8485
      vertex -1.08221 -0.88815 14.9129
      vertex -1.14484 -0.803707 14.9129
    endloop
  endfacet
  facet normal -0.0787778 -0.0584265 0.995179
    outer loop
      vertex -1.58794 -1.30319 14.8485
      vertex -1.14484 -0.803707 14.9129
      vertex -1.70803 -1.14127 14.8485
    endloop
  endfacet
  facet normal 0.0143866 -0.0970189 0.995179
    outer loop
      vertex 0.241219 -1.37783 14.9129
      vertex 0.201349 -2.04433 14.8485
      vertex 0.40076 -2.01476 14.8485
    endloop
  endfacet
  facet normal 0.014395 -0.0970194 0.995178
    outer loop
      vertex 0.201349 -2.04433 14.8485
      vertex 0.241219 -1.37783 14.9129
      vertex 0.137224 -1.39326 14.9129
    endloop
  endfacet
  facet normal -0.0584274 -0.0787768 0.995179
    outer loop
      vertex -0.88815 -1.08221 14.9129
      vertex -1.30319 -1.58794 14.8485
      vertex -0.803707 -1.14484 14.9129
    endloop
  endfacet
  facet normal -0.0584265 -0.0787778 0.995179
    outer loop
      vertex -0.803707 -1.14484 14.9129
      vertex -1.30319 -1.58794 14.8485
      vertex -1.14127 -1.70803 14.8485
    endloop
  endfacet
  facet normal 0.0658117 -0.183943 0.980731
    outer loop
      vertex 0.786118 -1.89786 14.8485
      vertex 0.59631 -1.96577 14.8485
      vertex 0.987468 -3.25525 14.5804
    endloop
  endfacet
  facet normal 0.0787778 -0.0584265 0.995179
    outer loop
      vertex 1.14484 -0.803707 14.9129
      vertex 1.58794 -1.30319 14.8485
      vertex 1.70803 -1.14127 14.8485
    endloop
  endfacet
  facet normal 0.0787768 -0.0584274 0.995179
    outer loop
      vertex 1.08221 -0.88815 14.9129
      vertex 1.58794 -1.30319 14.8485
      vertex 1.14484 -0.803707 14.9129
    endloop
  endfacet
  facet normal 0.24925 -0.149393 0.956847
    outer loop
      vertex 4.15954 -2.22332 14.1816
      vertex 2.82843 -1.8899 14.5804
      vertex 3.92159 -2.62032 14.1816
    endloop
  endfacet
  facet normal -0.0143826 -0.0970199 0.995179
    outer loop
      vertex -0.273126 -1.3731 14.9129
      vertex -0.40076 -2.01476 14.8485
      vertex -0.241219 -1.37783 14.9129
    endloop
  endfacet
  facet normal 0.124243 -0.262693 0.956847
    outer loop
      vertex 1.60356 -3.00005 14.5804
      vertex 1.30178 -3.14278 14.5804
      vertex 2.22332 -4.15954 14.1816
    endloop
  endfacet
  facet normal 0.233405 -0.173106 0.956847
    outer loop
      vertex 2.82843 -1.8899 14.5804
      vertex 2.62957 -2.15803 14.5804
      vertex 3.64587 -2.99209 14.1816
    endloop
  endfacet
  facet normal 0.065866 -0.0726725 0.995179
    outer loop
      vertex 0.966049 -1.01161 14.9129
      vertex 1.30319 -1.58794 14.8485
      vertex 1.45256 -1.45256 14.8485
    endloop
  endfacet
  facet normal 0.0658642 -0.0726736 0.995179
    outer loop
      vertex 1.30319 -1.58794 14.8485
      vertex 0.966049 -1.01161 14.9129
      vertex 0.88815 -1.08221 14.9129
    endloop
  endfacet
  facet normal 0.0419317 -0.0886647 0.995179
    outer loop
      vertex 0.659955 -1.23469 14.9129
      vertex 0.630796 -1.24848 14.9129
      vertex 0.968355 -1.81167 14.8485
    endloop
  endfacet
  facet normal -0.183943 -0.0658117 0.980731
    outer loop
      vertex -1.96577 -0.59631 14.8485
      vertex -3.25525 -0.987468 14.5804
      vertex -1.89786 -0.786118 14.8485
    endloop
  endfacet
  facet normal -0.0970194 -0.014395 0.995178
    outer loop
      vertex -2.04433 -0.201349 14.8485
      vertex -1.37783 -0.241219 14.9129
      vertex -1.39326 -0.137224 14.9129
    endloop
  endfacet
  facet normal -0.0970189 -0.0143866 0.995179
    outer loop
      vertex -1.37783 -0.241219 14.9129
      vertex -2.04433 -0.201349 14.8485
      vertex -2.01476 -0.40076 14.8485
    endloop
  endfacet
  facet normal -0.262693 -0.124243 0.956847
    outer loop
      vertex -3.14278 -1.30178 14.5804
      vertex -4.15954 -2.22332 14.1816
      vertex -3.00005 -1.60356 14.5804
    endloop
  endfacet
  facet normal -0.0951432 -0.0238273 0.995178
    outer loop
      vertex -1.36526 -0.304416 14.9129
      vertex -1.96577 -0.59631 14.8485
      vertex -1.33972 -0.406398 14.9129
    endloop
  endfacet
  facet normal -0.0951396 -0.0238348 0.995179
    outer loop
      vertex -1.96577 -0.59631 14.8485
      vertex -1.36526 -0.304416 14.9129
      vertex -2.01476 -0.40076 14.8485
    endloop
  endfacet
  facet normal 0 0.0984337 0.995144
    outer loop
      vertex 0.201349 2.04433 14.8485
      vertex 0.137223 1.39326 14.9129
      vertex 0.137224 1.39326 14.9129
    endloop
  endfacet
  facet normal 0.00481394 0.097963 0.995178
    outer loop
      vertex 0.201349 2.04433 14.8485
      vertex 0.0322177 1.39842 14.9129
      vertex 0.137223 1.39326 14.9129
    endloop
  endfacet
  facet normal 0.00481665 0.0979623 0.995178
    outer loop
      vertex 0.0322177 1.39842 14.9129
      vertex 0.201349 2.04433 14.8485
      vertex 0 2.05423 14.8485
    endloop
  endfacet
  facet normal -0.0923478 0.0330404 0.995178
    outer loop
      vertex -1.96577 0.59631 14.8485
      vertex -1.3043 0.505385 14.9129
      vertex -1.89786 0.786118 14.8485
    endloop
  endfacet
  facet normal -0.0923473 0.0330441 0.995178
    outer loop
      vertex -1.3043 0.505385 14.9129
      vertex -1.96577 0.59631 14.8485
      vertex -1.33972 0.406398 14.9129
    endloop
  endfacet
  facet normal -0.1312 -0.144754 0.980731
    outer loop
      vertex -1.45256 -1.45256 14.8485
      vertex -2.40538 -2.40538 14.5804
      vertex -2.15803 -2.62957 14.5804
    endloop
  endfacet
  facet normal -0.144754 -0.1312 0.980731
    outer loop
      vertex -1.45256 -1.45256 14.8485
      vertex -2.62957 -2.15803 14.5804
      vertex -2.40538 -2.40538 14.5804
    endloop
  endfacet
  facet normal 0.349591 -0.316845 0.8817
    outer loop
      vertex 4.62706 -3.79733 13.6558
      vertex 4.23258 -4.23258 13.6558
      vertex 5.08936 -5.08936 13.0082
    endloop
  endfacet
  facet normal 0.283859 -0.25727 0.923708
    outer loop
      vertex 4.62706 -3.79733 13.6558
      vertex 3.33504 -3.33504 14.1816
      vertex 4.23258 -4.23258 13.6558
    endloop
  endfacet
  facet normal 0.173105 -0.233407 0.956847
    outer loop
      vertex 2.99209 -3.64587 14.1816
      vertex 1.8899 -2.82843 14.5804
      vertex 2.62032 -3.92159 14.1816
    endloop
  endfacet
  facet normal 0.100434 -0.16757 0.980731
    outer loop
      vertex 1.8899 -2.82843 14.5804
      vertex 1.14127 -1.70803 14.8485
      vertex 1.60356 -3.00005 14.5804
    endloop
  endfacet
  facet normal 0.360701 -0.129064 0.923708
    outer loop
      vertex 5.72803 -1.73758 13.6558
      vertex 4.51337 -1.36911 14.1816
      vertex 5.53013 -2.29066 13.6558
    endloop
  endfacet
  facet normal 0.360704 -0.129061 0.923708
    outer loop
      vertex 4.51337 -1.36911 14.1816
      vertex 4.35744 -1.80491 14.1816
      vertex 5.53013 -2.29066 13.6558
    endloop
  endfacet
  facet normal -0.0311493 -0.63409 0.772631
    outer loop
      vertex -0.817442 -8.29963 12.2449
      vertex -0.921539 -9.35655 11.3733
      vertex 0 -9.40182 11.3733
    endloop
  endfacet
  facet normal -0.0311522 -0.634092 0.77263
    outer loop
      vertex 0 -8.33979 12.2449
      vertex -0.817442 -8.29963 12.2449
      vertex 0 -9.40182 11.3733
    endloop
  endfacet
  facet normal 0.280217 -0.783154 0.555111
    outer loop
      vertex 4.30324 -10.3889 9.33979
      vertex 3.4858 -11.4911 8.19744
      vertex 4.59534 -11.0941 8.19744
    endloop
  endfacet
  facet normal 0.355604 -0.751929 0.555112
    outer loop
      vertex 5.66063 -10.5903 8.19744
      vertex 4.30324 -10.3889 9.33979
      vertex 4.59534 -11.0941 8.19744
    endloop
  endfacet
  facet normal 0.113532 -0.764998 0.633947
    outer loop
      vertex 2.19377 -11.0288 9.33979
      vertex 1.01676 -10.3234 10.4018
      vertex 1.10219 -11.1908 9.33979
    endloop
  endfacet
  facet normal 0.122107 -0.822774 0.555097
    outer loop
      vertex 2.19377 -11.0288 9.33979
      vertex 1.10219 -11.1908 9.33979
      vertex 1.17701 -11.9504 8.19744
    endloop
  endfacet
  facet normal 0.0231522 -0.471241 0.8817
    outer loop
      vertex 0 -5.98577 13.6558
      vertex 0 -7.19744 13.0082
      vertex 0.705472 -7.16278 13.0082
    endloop
  endfacet
  facet normal 0.0231482 -0.471243 0.881699
    outer loop
      vertex 0.586708 -5.95695 13.6558
      vertex 0 -5.98577 13.6558
      vertex 0.705472 -7.16278 13.0082
    endloop
  endfacet
  facet normal 0.55048 -0.742192 0.382261
    outer loop
      vertex 8.02879 -9.7831 6.98577
      vertex 7.03121 -10.523 6.98577
      vertex 7.32331 -10.9601 5.71646
    endloop
  endfacet
  facet normal 0.395102 -0.835336 0.382242
    outer loop
      vertex 5.96593 -11.1615 6.98577
      vertex 5.04439 -12.1782 5.71646
      vertex 6.21377 -11.6251 5.71646
    endloop
  endfacet
  facet normal 0.511642 -0.853601 0.0979165
    outer loop
      vertex 7.6938 -11.5146 3.05423
      vertex 6.52812 -12.2133 3.05423
      vertex 7.76861 -11.6266 1.68695
    endloop
  endfacet
  facet normal 0.592862 -0.79933 0.0979148
    outer loop
      vertex 8.87081 -10.8091 1.68695
      vertex 7.6938 -11.5146 3.05423
      vertex 7.76861 -11.6266 1.68695
    endloop
  endfacet
  facet normal 0.684683 -0.620542 0.382279
    outer loop
      vertex 9.7831 -8.02879 6.98577
      vertex 9.32081 -9.32081 5.71646
      vertex 10.1895 -8.36233 5.71646
    endloop
  endfacet
  facet normal 0.684673 -0.620547 0.382288
    outer loop
      vertex 9.7831 -8.02879 6.98577
      vertex 8.94904 -8.94904 6.98577
      vertex 9.32081 -9.32081 5.71646
    endloop
  endfacet
  facet normal 0.285858 -0.476927 0.831159
    outer loop
      vertex 3.99868 -5.98445 13.0082
      vertex 3.39285 -6.34757 13.0082
      vertex 3.93135 -7.35504 12.2449
    endloop
  endfacet
  facet normal 0.23774 -0.502646 0.83116
    outer loop
      vertex 3.39285 -6.34757 13.0082
      vertex 2.75434 -6.64957 13.0082
      vertex 3.93135 -7.35504 12.2449
    endloop
  endfacet
  facet normal -0.395102 -0.835336 0.382242
    outer loop
      vertex -5.96593 -11.1615 6.98577
      vertex -6.21377 -11.6251 5.71646
      vertex -5.04439 -12.1782 5.71646
    endloop
  endfacet
  facet normal -0.409198 -0.865139 0.289985
    outer loop
      vertex -5.04439 -12.1782 5.71646
      vertex -6.21377 -11.6251 5.71646
      vertex -5.19701 -12.5467 4.40172
    endloop
  endfacet
  facet normal 0.903992 -0.42755 0
    outer loop
      vertex 12.332 -6.5916 1.68695
      vertex 12.9187 -5.35111 1
      vertex 12.9187 -5.35111 1.68695
    endloop
  endfacet
  facet normal 0.903992 -0.42755 0
    outer loop
      vertex 12.9187 -5.35111 1
      vertex 12.332 -6.5916 1.68695
      vertex 12.332 -6.5916 1
    endloop
  endfacet
  facet normal 0.0143826 -0.0970199 0.995179
    outer loop
      vertex 0.40076 -2.01476 14.8485
      vertex 0.273126 -1.3731 14.9129
      vertex 0.241219 -1.37783 14.9129
    endloop
  endfacet
  facet normal 0.0970194 -0.014395 0.995178
    outer loop
      vertex 1.37783 -0.241219 14.9129
      vertex 2.04433 -0.201349 14.8485
      vertex 1.39326 -0.137224 14.9129
    endloop
  endfacet
  facet normal 0.0970189 -0.0143866 0.995179
    outer loop
      vertex 2.04433 -0.201349 14.8485
      vertex 1.37783 -0.241219 14.9129
      vertex 2.01476 -0.40076 14.8485
    endloop
  endfacet
  facet normal 0.273604 -0.0979034 0.956847
    outer loop
      vertex 3.25525 -0.987468 14.5804
      vertex 3.14278 -1.30178 14.5804
      vertex 4.51337 -1.36911 14.1816
    endloop
  endfacet
  facet normal 0.183942 -0.0658198 0.980731
    outer loop
      vertex 3.25525 -0.987468 14.5804
      vertex 1.89786 -0.786118 14.8485
      vertex 3.14278 -1.30178 14.5804
    endloop
  endfacet
  facet normal 0.273604 -0.0978961 0.956847
    outer loop
      vertex 4.51337 -1.36911 14.1816
      vertex 3.14278 -1.30178 14.5804
      vertex 4.35744 -1.80491 14.1816
    endloop
  endfacet
  facet normal 0.262689 -0.124247 0.956847
    outer loop
      vertex 4.35744 -1.80491 14.1816
      vertex 3.14278 -1.30178 14.5804
      vertex 4.15954 -2.22332 14.1816
    endloop
  endfacet
  facet normal 0.404688 -0.242556 0.8817
    outer loop
      vertex 5.27898 -2.82167 13.6558
      vertex 4.97699 -3.32552 13.6558
      vertex 6.34757 -3.39285 13.0082
    endloop
  endfacet
  facet normal 0.328595 -0.196948 0.923708
    outer loop
      vertex 5.27898 -2.82167 13.6558
      vertex 4.15954 -2.22332 14.1816
      vertex 4.97699 -3.32552 13.6558
    endloop
  endfacet
  facet normal 0.228217 -0.307704 0.923707
    outer loop
      vertex 3.79733 -4.62706 13.6558
      vertex 2.99209 -3.64587 14.1816
      vertex 3.32552 -4.97699 13.6558
    endloop
  endfacet
  facet normal 0.257273 -0.283858 0.923707
    outer loop
      vertex 3.33504 -3.33504 14.1816
      vertex 2.99209 -3.64587 14.1816
      vertex 3.79733 -4.62706 13.6558
    endloop
  endfacet
  facet normal 0.189509 0.0474673 0.980731
    outer loop
      vertex 3.25525 0.987468 14.5804
      vertex 2.01476 0.40076 14.8485
      vertex 3.33636 0.663643 14.5804
    endloop
  endfacet
  facet normal 0.189505 0.0474757 0.980731
    outer loop
      vertex 3.25525 0.987468 14.5804
      vertex 1.96577 0.59631 14.8485
      vertex 2.01476 0.40076 14.8485
    endloop
  endfacet
  facet normal 0.0886634 0.0419339 0.995179
    outer loop
      vertex 1.24848 0.630796 14.9129
      vertex 1.89786 0.786118 14.8485
      vertex 1.81167 0.968355 14.8485
    endloop
  endfacet
  facet normal 0.0886634 0.0419341 0.995179
    outer loop
      vertex 1.89786 0.786118 14.8485
      vertex 1.24848 0.630796 14.9129
      vertex 1.29343 0.535756 14.9129
    endloop
  endfacet
  facet normal 0.131197 0.144755 0.980731
    outer loop
      vertex 2.15803 2.62957 14.5804
      vertex 1.30319 1.58794 14.8485
      vertex 1.45256 1.45256 14.8485
    endloop
  endfacet
  facet normal 0.156917 0.116378 0.980731
    outer loop
      vertex 2.62957 2.15803 14.5804
      vertex 1.58794 1.30319 14.8485
      vertex 2.82843 1.8899 14.5804
    endloop
  endfacet
  facet normal 0.195151 0.215311 0.956847
    outer loop
      vertex 3.33504 3.33504 14.1816
      vertex 2.15803 2.62957 14.5804
      vertex 2.40538 2.40538 14.5804
    endloop
  endfacet
  facet normal 0.176607 -0.0835282 0.980731
    outer loop
      vertex 3.14278 -1.30178 14.5804
      vertex 1.81167 -0.968355 14.8485
      vertex 3.00005 -1.60356 14.5804
    endloop
  endfacet
  facet normal -0.0984337 0 0.995144
    outer loop
      vertex -2.04433 0.201349 14.8485
      vertex -1.39326 0.137223 14.9129
      vertex -1.39326 0.137224 14.9129
    endloop
  endfacet
  facet normal -0.097963 0.00481394 0.995178
    outer loop
      vertex -2.04433 0.201349 14.8485
      vertex -1.39842 0.0322177 14.9129
      vertex -1.39326 0.137223 14.9129
    endloop
  endfacet
  facet normal -0.0979623 0.00481665 0.995178
    outer loop
      vertex -1.39842 0.0322177 14.9129
      vertex -2.04433 0.201349 14.8485
      vertex -2.05423 0 14.8485
    endloop
  endfacet
  facet normal 0.29024 -0.0142584 0.956848
    outer loop
      vertex 3.40172 0 14.5804
      vertex 3.38534 -0.333426 14.5804
      vertex 4.69375 -0.462294 14.1816
    endloop
  endfacet
  facet normal 0.195127 -0.0095859 0.980731
    outer loop
      vertex 3.40172 0 14.5804
      vertex 2.04433 -0.201349 14.8485
      vertex 3.38534 -0.333426 14.5804
    endloop
  endfacet
  facet normal 0.382637 -0.0187969 0.923707
    outer loop
      vertex 4.71646 0 14.1816
      vertex 4.69375 -0.462294 14.1816
      vertex 5.98577 0 13.6558
    endloop
  endfacet
  facet normal 0.382637 0.0187969 0.923707
    outer loop
      vertex 5.98577 0 13.6558
      vertex 4.69375 0.462294 14.1816
      vertex 4.71646 0 14.1816
    endloop
  endfacet
  facet normal 0.262689 0.124247 0.956847
    outer loop
      vertex 4.15954 2.22332 14.1816
      vertex 3.14278 1.30178 14.5804
      vertex 4.35744 1.80491 14.1816
    endloop
  endfacet
  facet normal 0.176607 0.0835282 0.980731
    outer loop
      vertex 3.00005 1.60356 14.5804
      vertex 1.81167 0.968355 14.8485
      vertex 3.14278 1.30178 14.5804
    endloop
  endfacet
  facet normal 0.196948 0.328595 0.923708
    outer loop
      vertex 2.82167 5.27898 13.6558
      vertex 2.22332 4.15954 14.1816
      vertex 3.32552 4.97699 13.6558
    endloop
  endfacet
  facet normal 0.242556 0.404688 0.8817
    outer loop
      vertex 3.39285 6.34757 13.0082
      vertex 2.82167 5.27898 13.6558
      vertex 3.32552 4.97699 13.6558
    endloop
  endfacet
  facet normal -0.0231522 0.471241 0.8817
    outer loop
      vertex 0 7.19744 13.0082
      vertex -0.705472 7.16278 13.0082
      vertex 0 5.98577 13.6558
    endloop
  endfacet
  facet normal -0.285858 0.476927 0.831159
    outer loop
      vertex -3.93135 7.35504 12.2449
      vertex -3.99868 5.98445 13.0082
      vertex -3.39285 6.34757 13.0082
    endloop
  endfacet
  facet normal 0.0692299 0.466706 0.881699
    outer loop
      vertex 1.40415 7.05914 13.0082
      vertex 0.705472 7.16278 13.0082
      vertex 1.16777 5.87076 13.6558
    endloop
  endfacet
  facet normal 0.0692272 0.466705 0.8817
    outer loop
      vertex 0.705472 7.16278 13.0082
      vertex 0.586708 5.95695 13.6558
      vertex 1.16777 5.87076 13.6558
    endloop
  endfacet
  facet normal 0.124247 0.262689 0.956847
    outer loop
      vertex 1.80491 4.35744 14.1816
      vertex 1.30178 3.14278 14.5804
      vertex 2.22332 4.15954 14.1816
    endloop
  endfacet
  facet normal 0.1638 0.346314 0.923708
    outer loop
      vertex 2.29066 5.53013 13.6558
      vertex 1.80491 4.35744 14.1816
      vertex 2.22332 4.15954 14.1816
    endloop
  endfacet
  facet normal -0.658679 0.726752 0.194867
    outer loop
      vertex -8.78538 10.705 3.05423
      vertex -9.79235 9.79235 3.05423
      vertex -9.60282 9.60282 4.40172
    endloop
  endfacet
  facet normal -0.668327 0.737397 0.0978974
    outer loop
      vertex -8.78538 10.705 3.05423
      vertex -9.88757 9.88757 1.68695
      vertex -9.79235 9.79235 3.05423
    endloop
  endfacet
  facet normal -0.129433 0.87262 0.470937
    outer loop
      vertex -1.24049 12.5949 6.98577
      vertex -2.34268 11.7775 8.19744
      vertex -1.17701 11.9504 8.19744
    endloop
  endfacet
  facet normal -0.129414 0.872615 0.470951
    outer loop
      vertex -1.24049 12.5949 6.98577
      vertex -2.46903 12.4127 6.98577
      vertex -2.34268 11.7775 8.19744
    endloop
  endfacet
  facet normal 0.0379148 0.772446 0.633948
    outer loop
      vertex 1.10219 11.1908 9.33979
      vertex 0 11.2449 9.33979
      vertex 1.01676 10.3234 10.4018
    endloop
  endfacet
  facet normal 0.0379096 0.772444 0.633951
    outer loop
      vertex 0 11.2449 9.33979
      vertex 0 10.3733 10.4018
      vertex 1.01676 10.3234 10.4018
    endloop
  endfacet
  facet normal -0.260564 0.728162 0.633945
    outer loop
      vertex -3.26422 10.7607 9.33979
      vertex -4.30324 10.3889 9.33979
      vertex -3.01121 9.92664 10.4018
    endloop
  endfacet
  facet normal -0.260545 0.728181 0.633931
    outer loop
      vertex -3.01121 9.92664 10.4018
      vertex -4.30324 10.3889 9.33979
      vertex -3.9697 9.58369 10.4018
    endloop
  endfacet
  facet normal -0.33123 0.446611 0.831159
    outer loop
      vertex -4.63334 6.93428 12.2449
      vertex -5.29071 6.44674 12.2449
      vertex -3.99868 5.98445 13.0082
    endloop
  endfacet
  facet normal -0.281057 0.378961 0.8817
    outer loop
      vertex -3.99868 5.98445 13.0082
      vertex -4.56601 5.56369 13.0082
      vertex -3.79733 4.62706 13.6558
    endloop
  endfacet
  facet normal -0.0692299 -0.466706 0.881699
    outer loop
      vertex -1.16777 -5.87076 13.6558
      vertex -1.40415 -7.05914 13.0082
      vertex -0.705472 -7.16278 13.0082
    endloop
  endfacet
  facet normal -0.114639 -0.457673 0.881699
    outer loop
      vertex -1.16777 -5.87076 13.6558
      vertex -2.08931 -6.88752 13.0082
      vertex -1.40415 -7.05914 13.0082
    endloop
  endfacet
  facet normal -0.187322 -0.523534 0.831157
    outer loop
      vertex -2.75434 -6.64957 13.0082
      vertex -3.1915 -7.70496 12.2449
      vertex -2.42091 -7.98068 12.2449
    endloop
  endfacet
  facet normal -0.187322 -0.523534 0.831157
    outer loop
      vertex -2.08931 -6.88752 13.0082
      vertex -2.75434 -6.64957 13.0082
      vertex -2.42091 -7.98068 12.2449
    endloop
  endfacet
  facet normal -0.328595 0.196948 0.923708
    outer loop
      vertex -4.97699 3.32552 13.6558
      vertex -5.27898 2.82167 13.6558
      vertex -4.15954 2.22332 14.1816
    endloop
  endfacet
  facet normal -0.404688 0.242556 0.8817
    outer loop
      vertex -4.97699 3.32552 13.6558
      vertex -6.34757 3.39285 13.0082
      vertex -5.27898 2.82167 13.6558
    endloop
  endfacet
  facet normal -0.555366 -0.0272853 0.831158
    outer loop
      vertex -7.19744 0 13.0082
      vertex -8.33979 0 12.2449
      vertex -7.16278 -0.705472 13.0082
    endloop
  endfacet
  facet normal -0.471241 -0.0231522 0.8817
    outer loop
      vertex -5.98577 0 13.6558
      vertex -7.19744 0 13.0082
      vertex -7.16278 -0.705472 13.0082
    endloop
  endfacet
  facet normal -0.378952 -0.0562106 0.923708
    outer loop
      vertex -4.69375 -0.462294 14.1816
      vertex -5.95695 -0.586708 13.6558
      vertex -5.87076 -1.16777 13.6558
    endloop
  endfacet
  facet normal -0.382637 -0.0187957 0.923708
    outer loop
      vertex -4.69375 -0.462294 14.1816
      vertex -5.98577 0 13.6558
      vertex -5.95695 -0.586708 13.6558
    endloop
  endfacet
  facet normal -0.555366 0.0272845 0.831158
    outer loop
      vertex -8.29963 0.817442 12.2449
      vertex -8.33979 0 12.2449
      vertex -7.16278 0.705472 13.0082
    endloop
  endfacet
  facet normal -0.550018 0.0815887 0.831158
    outer loop
      vertex -8.17954 1.62701 12.2449
      vertex -8.29963 0.817442 12.2449
      vertex -7.16278 0.705472 13.0082
    endloop
  endfacet
  facet normal -0.597739 0.213882 0.772634
    outer loop
      vertex -8.68615 3.59792 11.3733
      vertex -8.99699 2.72921 11.3733
      vertex -7.98068 2.42091 12.2449
    endloop
  endfacet
  facet normal -0.615827 0.154255 0.772634
    outer loop
      vertex -7.98068 2.42091 12.2449
      vertex -8.99699 2.72921 11.3733
      vertex -8.17954 1.62701 12.2449
    endloop
  endfacet
  facet normal -0.699865 0.103815 0.706691
    outer loop
      vertex -9.22117 1.8342 11.3733
      vertex -10.3234 1.01676 10.4018
      vertex -9.35655 0.921539 11.3733
    endloop
  endfacet
  facet normal -0.627983 0.0931521 0.772632
    outer loop
      vertex -9.22117 1.8342 11.3733
      vertex -9.35655 0.921539 11.3733
      vertex -8.17954 1.62701 12.2449
    endloop
  endfacet
  facet normal 0.0658652 -0.0726734 0.995179
    outer loop
      vertex 0.989949 -0.989949 14.9129
      vertex 0.966049 -1.01161 14.9129
      vertex 1.45256 -1.45256 14.8485
    endloop
  endfacet
  facet normal 0.0584355 0.0787724 0.995178
    outer loop
      vertex 1.14127 1.70803 14.8485
      vertex 0.777798 1.16406 14.9129
      vertex 0.803707 1.14484 14.9129
    endloop
  endfacet
  facet normal 0.070605 0.281885 0.956847
    outer loop
      vertex 1.36911 4.51337 14.1816
      vertex 0.663643 3.33636 14.5804
      vertex 0.987468 3.25525 14.5804
    endloop
  endfacet
  facet normal -0.0142584 0.29024 0.956848
    outer loop
      vertex 0 3.40172 14.5804
      vertex -0.462294 4.69375 14.1816
      vertex -0.333426 3.38534 14.5804
    endloop
  endfacet
  facet normal -0.0286563 0.193249 0.980731
    outer loop
      vertex -0.333426 3.38534 14.5804
      vertex -0.40076 2.01476 14.8485
      vertex -0.201349 2.04433 14.8485
    endloop
  endfacet
  facet normal -0.0658642 -0.0726736 0.995179
    outer loop
      vertex -0.966049 -1.01161 14.9129
      vertex -1.30319 -1.58794 14.8485
      vertex -0.88815 -1.08221 14.9129
    endloop
  endfacet
  facet normal -0.065866 -0.0726725 0.995179
    outer loop
      vertex -1.30319 -1.58794 14.8485
      vertex -0.966049 -1.01161 14.9129
      vertex -1.45256 -1.45256 14.8485
    endloop
  endfacet
  facet normal -0.0726725 0.065866 0.995179
    outer loop
      vertex -1.58794 1.30319 14.8485
      vertex -1.01161 0.966049 14.9129
      vertex -1.45256 1.45256 14.8485
    endloop
  endfacet
  facet normal -0.0726736 0.0658642 0.995179
    outer loop
      vertex -1.01161 0.966049 14.9129
      vertex -1.58794 1.30319 14.8485
      vertex -1.08221 0.88815 14.9129
    endloop
  endfacet
  facet normal -0.0726734 0.0658652 0.995179
    outer loop
      vertex -0.989949 0.989949 14.9129
      vertex -1.45256 1.45256 14.8485
      vertex -1.01161 0.966049 14.9129
    endloop
  endfacet
  facet normal -0.100436 0.16757 0.980731
    outer loop
      vertex -0.968355 1.81167 14.8485
      vertex -1.60356 3.00005 14.5804
      vertex -1.14127 1.70803 14.8485
    endloop
  endfacet
  facet normal -0.0835282 0.176607 0.980731
    outer loop
      vertex -1.30178 3.14278 14.5804
      vertex -1.60356 3.00005 14.5804
      vertex -0.968355 1.81167 14.8485
    endloop
  endfacet
  facet normal -0.0095859 0.195127 0.980731
    outer loop
      vertex 0 3.40172 14.5804
      vertex -0.333426 3.38534 14.5804
      vertex -0.201349 2.04433 14.8485
    endloop
  endfacet
  facet normal -0.25727 0.283859 0.923708
    outer loop
      vertex -3.79733 4.62706 13.6558
      vertex -4.23258 4.23258 13.6558
      vertex -3.33504 3.33504 14.1816
    endloop
  endfacet
  facet normal -0.316845 0.349591 0.8817
    outer loop
      vertex -3.79733 4.62706 13.6558
      vertex -5.08936 5.08936 13.0082
      vertex -4.23258 4.23258 13.6558
    endloop
  endfacet
  facet normal -0.149391 0.249251 0.956847
    outer loop
      vertex -1.60356 3.00005 14.5804
      vertex -2.22332 4.15954 14.1816
      vertex -1.8899 2.82843 14.5804
    endloop
  endfacet
  facet normal -0.124243 0.262693 0.956847
    outer loop
      vertex -1.30178 3.14278 14.5804
      vertex -2.22332 4.15954 14.1816
      vertex -1.60356 3.00005 14.5804
    endloop
  endfacet
  facet normal -0.154252 0.61583 0.772632
    outer loop
      vertex -1.8342 9.22117 11.3733
      vertex -2.72921 8.99699 11.3733
      vertex -1.62701 8.17954 12.2449
    endloop
  endfacet
  facet normal -0.213875 0.597745 0.772631
    outer loop
      vertex -2.42091 7.98068 12.2449
      vertex -3.59792 8.68615 11.3733
      vertex -3.1915 7.70496 12.2449
    endloop
  endfacet
  facet normal -0.668091 0.495491 0.555106
    outer loop
      vertex -9.28246 7.61792 8.19744
      vertex -9.3498 6.24733 9.33979
      vertex -8.69243 7.13369 9.33979
    endloop
  endfacet
  facet normal -0.621184 0.460702 0.633943
    outer loop
      vertex -8.69243 7.13369 9.33979
      vertex -9.3498 6.24733 9.33979
      vertex -8.6251 5.76311 10.4018
    endloop
  endfacet
  facet normal -0.573036 0.519367 0.633946
    outer loop
      vertex -7.95135 7.95135 9.33979
      vertex -8.69243 7.13369 9.33979
      vertex -8.01868 6.58076 10.4018
    endloop
  endfacet
  facet normal -0.460705 0.621179 0.633946
    outer loop
      vertex -5.76311 8.6251 10.4018
      vertex -7.13369 8.69243 9.33979
      vertex -6.58076 8.01868 10.4018
    endloop
  endfacet
  facet normal -0.525502 -0.708554 0.470956
    outer loop
      vertex -7.61792 -9.28246 8.19744
      vertex -8.02879 -9.7831 6.98577
      vertex -6.6714 -9.98445 8.19744
    endloop
  endfacet
  facet normal -0.525515 -0.708532 0.470974
    outer loop
      vertex -6.6714 -9.98445 8.19744
      vertex -8.02879 -9.7831 6.98577
      vertex -7.03121 -10.523 6.98577
    endloop
  endfacet
  facet normal 0.1638 -0.346314 0.923708
    outer loop
      vertex 2.22332 -4.15954 14.1816
      vertex 1.80491 -4.35744 14.1816
      vertex 2.29066 -5.53013 13.6558
    endloop
  endfacet
  facet normal 0.163795 -0.346315 0.923708
    outer loop
      vertex 2.82167 -5.27898 13.6558
      vertex 2.22332 -4.15954 14.1816
      vertex 2.29066 -5.53013 13.6558
    endloop
  endfacet
  facet normal 0.0930849 -0.371616 0.923708
    outer loop
      vertex 1.36911 -4.51337 14.1816
      vertex 1.16777 -5.87076 13.6558
      vertex 1.73758 -5.72803 13.6558
    endloop
  endfacet
  facet normal 0.129064 -0.360701 0.923708
    outer loop
      vertex 2.29066 -5.53013 13.6558
      vertex 1.36911 -4.51337 14.1816
      vertex 1.73758 -5.72803 13.6558
    endloop
  endfacet
  facet normal 0.0426422 -0.287446 0.956847
    outer loop
      vertex 0.663643 -3.33636 14.5804
      vertex 0.462294 -4.69375 14.1816
      vertex 0.920135 -4.62583 14.1816
    endloop
  endfacet
  facet normal 0.0562165 -0.378949 0.923709
    outer loop
      vertex 0.920135 -4.62583 14.1816
      vertex 0.462294 -4.69375 14.1816
      vertex 1.16777 -5.87076 13.6558
    endloop
  endfacet
  facet normal -0.835339 -0.39507 0.382268
    outer loop
      vertex -11.6925 -4.84318 6.98577
      vertex -12.1782 -5.04439 5.71646
      vertex -11.1615 -5.96593 6.98577
    endloop
  endfacet
  facet normal -0.684673 -0.620547 0.382288
    outer loop
      vertex -8.94904 -8.94904 6.98577
      vertex -9.7831 -8.02879 6.98577
      vertex -9.32081 -9.32081 5.71646
    endloop
  endfacet
  facet normal -0.855698 -0.214389 0.470975
    outer loop
      vertex -11.7775 -2.34268 8.19744
      vertex -12.1109 -3.6738 6.98577
      vertex -11.4911 -3.4858 8.19744
    endloop
  endfacet
  facet normal -0.83058 -0.297187 0.470974
    outer loop
      vertex -11.4911 -3.4858 8.19744
      vertex -12.1109 -3.6738 6.98577
      vertex -11.0941 -4.59534 8.19744
    endloop
  endfacet
  facet normal -0.797468 -0.377141 0.470966
    outer loop
      vertex -11.0941 -4.59534 8.19744
      vertex -11.1615 -5.96593 6.98577
      vertex -10.5903 -5.66063 8.19744
    endloop
  endfacet
  facet normal -0.792604 -0.475045 0.382244
    outer loop
      vertex -11.1615 -5.96593 6.98577
      vertex -11.6251 -6.21377 5.71646
      vertex -10.9601 -7.32331 5.71646
    endloop
  endfacet
  facet normal -0.666173 -0.238369 0.706678
    outer loop
      vertex -8.99699 -2.72921 11.3733
      vertex -9.58369 -3.9697 10.4018
      vertex -8.68615 -3.59792 11.3733
    endloop
  endfacet
  facet normal -0.639606 -0.302507 0.706678
    outer loop
      vertex -8.68615 -3.59792 11.3733
      vertex -9.58369 -3.9697 10.4018
      vertex -8.29167 -4.43199 11.3733
    endloop
  endfacet
  facet normal -0.470396 -0.426344 0.772631
    outer loop
      vertex -6.44674 -5.29071 12.2449
      vertex -6.64809 -6.64809 11.3733
      vertex -5.89712 -5.89712 12.2449
    endloop
  endfacet
  facet normal -0.470395 -0.426344 0.772631
    outer loop
      vertex -6.44674 -5.29071 12.2449
      vertex -7.26771 -5.96445 11.3733
      vertex -6.64809 -6.64809 11.3733
    endloop
  endfacet
  facet normal -0.421483 -0.568295 0.706677
    outer loop
      vertex -5.96445 -7.26771 11.3733
      vertex -6.58076 -8.01868 10.4018
      vertex -5.76311 -8.6251 10.4018
    endloop
  endfacet
  facet normal -0.475152 -0.524249 0.706678
    outer loop
      vertex -6.64809 -6.64809 11.3733
      vertex -7.33504 -7.33504 10.4018
      vertex -6.58076 -8.01868 10.4018
    endloop
  endfacet
  facet normal -0.0095859 -0.195127 0.980731
    outer loop
      vertex -0.201349 -2.04433 14.8485
      vertex -0.333426 -3.38534 14.5804
      vertex 0 -3.40172 14.5804
    endloop
  endfacet
  facet normal -0.00959416 -0.195129 0.980731
    outer loop
      vertex 0 -2.05423 14.8485
      vertex -0.201349 -2.04433 14.8485
      vertex 0 -3.40172 14.5804
    endloop
  endfacet
  facet normal -0.0979034 -0.273604 0.956847
    outer loop
      vertex -1.30178 -3.14278 14.5804
      vertex -1.36911 -4.51337 14.1816
      vertex -0.987468 -3.25525 14.5804
    endloop
  endfacet
  facet normal -0.0658198 -0.183942 0.980731
    outer loop
      vertex -0.786118 -1.89786 14.8485
      vertex -1.30178 -3.14278 14.5804
      vertex -0.987468 -3.25525 14.5804
    endloop
  endfacet
  facet normal -0.0286563 -0.193249 0.980731
    outer loop
      vertex -0.201349 -2.04433 14.8485
      vertex -0.40076 -2.01476 14.8485
      vertex -0.333426 -3.38534 14.5804
    endloop
  endfacet
  facet normal -0.0426358 -0.287445 0.956848
    outer loop
      vertex -0.333426 -3.38534 14.5804
      vertex -0.663643 -3.33636 14.5804
      vertex -0.462294 -4.69375 14.1816
    endloop
  endfacet
  facet normal -0.0238273 -0.0951432 0.995178
    outer loop
      vertex -0.59631 -1.96577 14.8485
      vertex -0.304416 -1.36526 14.9129
      vertex -0.406398 -1.33972 14.9129
    endloop
  endfacet
  facet normal -0.0238348 -0.0951396 0.995179
    outer loop
      vertex -0.304416 -1.36526 14.9129
      vertex -0.59631 -1.96577 14.8485
      vertex -0.40076 -2.01476 14.8485
    endloop
  endfacet
  facet normal -0.0330441 -0.0923473 0.995178
    outer loop
      vertex -0.505385 -1.3043 14.9129
      vertex -0.59631 -1.96577 14.8485
      vertex -0.406398 -1.33972 14.9129
    endloop
  endfacet
  facet normal -0.0330404 -0.0923478 0.995178
    outer loop
      vertex -0.59631 -1.96577 14.8485
      vertex -0.505385 -1.3043 14.9129
      vertex -0.786118 -1.89786 14.8485
    endloop
  endfacet
  facet normal -0.100434 -0.16757 0.980731
    outer loop
      vertex -1.14127 -1.70803 14.8485
      vertex -1.8899 -2.82843 14.5804
      vertex -1.60356 -3.00005 14.5804
    endloop
  endfacet
  facet normal -0.050424 -0.0841256 0.995179
    outer loop
      vertex -1.14127 -1.70803 14.8485
      vertex -0.687623 -1.21811 14.9129
      vertex -0.777798 -1.16406 14.9129
    endloop
  endfacet
  facet normal -0.0504229 -0.0841266 0.995179
    outer loop
      vertex -0.687623 -1.21811 14.9129
      vertex -1.14127 -1.70803 14.8485
      vertex -0.968355 -1.81167 14.8485
    endloop
  endfacet
  facet normal -0.0286641 -0.19325 0.980731
    outer loop
      vertex -0.40076 -2.01476 14.8485
      vertex -0.663643 -3.33636 14.5804
      vertex -0.333426 -3.38534 14.5804
    endloop
  endfacet
  facet normal -0.0474673 -0.189509 0.980731
    outer loop
      vertex -0.40076 -2.01476 14.8485
      vertex -0.987468 -3.25525 14.5804
      vertex -0.663643 -3.33636 14.5804
    endloop
  endfacet
  facet normal 0.0835282 -0.176607 0.980731
    outer loop
      vertex 1.60356 -3.00005 14.5804
      vertex 0.968355 -1.81167 14.8485
      vertex 1.30178 -3.14278 14.5804
    endloop
  endfacet
  facet normal 0.0835274 -0.176607 0.980731
    outer loop
      vertex 0.968355 -1.81167 14.8485
      vertex 0.786118 -1.89786 14.8485
      vertex 1.30178 -3.14278 14.5804
    endloop
  endfacet
  facet normal 0.16757 -0.100434 0.980731
    outer loop
      vertex 3.00005 -1.60356 14.5804
      vertex 1.70803 -1.14127 14.8485
      vertex 2.82843 -1.8899 14.5804
    endloop
  endfacet
  facet normal 0.249251 -0.149391 0.956847
    outer loop
      vertex 3.00005 -1.60356 14.5804
      vertex 2.82843 -1.8899 14.5804
      vertex 4.15954 -2.22332 14.1816
    endloop
  endfacet
  facet normal 0.307707 -0.228208 0.923709
    outer loop
      vertex 3.92159 -2.62032 14.1816
      vertex 3.64587 -2.99209 14.1816
      vertex 4.97699 -3.32552 13.6558
    endloop
  endfacet
  facet normal 0.328593 -0.196949 0.923709
    outer loop
      vertex 4.15954 -2.22332 14.1816
      vertex 3.92159 -2.62032 14.1816
      vertex 4.97699 -3.32552 13.6558
    endloop
  endfacet
  facet normal -0.0886634 -0.0419341 0.995179
    outer loop
      vertex -1.89786 -0.786118 14.8485
      vertex -1.24848 -0.630796 14.9129
      vertex -1.29343 -0.535756 14.9129
    endloop
  endfacet
  facet normal -0.0886634 -0.0419339 0.995179
    outer loop
      vertex -1.24848 -0.630796 14.9129
      vertex -1.89786 -0.786118 14.8485
      vertex -1.81167 -0.968355 14.8485
    endloop
  endfacet
  facet normal 0.215311 -0.195151 0.956847
    outer loop
      vertex 2.62957 -2.15803 14.5804
      vertex 2.40538 -2.40538 14.5804
      vertex 3.33504 -3.33504 14.1816
    endloop
  endfacet
  facet normal 0.144754 -0.1312 0.980731
    outer loop
      vertex 2.62957 -2.15803 14.5804
      vertex 1.45256 -1.45256 14.8485
      vertex 2.40538 -2.40538 14.5804
    endloop
  endfacet
  facet normal -0.0787724 0.0584355 0.995178
    outer loop
      vertex -1.70803 1.14127 14.8485
      vertex -1.16406 0.777798 14.9129
      vertex -1.14484 0.803707 14.9129
    endloop
  endfacet
  facet normal 0.00480418 -0.0979617 0.995179
    outer loop
      vertex 0 -1.4 14.9129
      vertex 0 -2.05423 14.8485
      vertex 0.0322177 -1.39842 14.9129
    endloop
  endfacet
  facet normal -0.0841303 -0.050415 0.995179
    outer loop
      vertex -1.23469 -0.659955 14.9129
      vertex -1.81167 -0.968355 14.8485
      vertex -1.21811 -0.687623 14.9129
    endloop
  endfacet
  facet normal -0.0143826 0.0970199 0.995179
    outer loop
      vertex -0.40076 2.01476 14.8485
      vertex -0.273126 1.3731 14.9129
      vertex -0.241219 1.37783 14.9129
    endloop
  endfacet
  facet normal -0.0419341 0.0886634 0.995179
    outer loop
      vertex -0.786118 1.89786 14.8485
      vertex -0.630796 1.24848 14.9129
      vertex -0.535756 1.29343 14.9129
    endloop
  endfacet
  facet normal -0.0419339 0.0886634 0.995179
    outer loop
      vertex -0.630796 1.24848 14.9129
      vertex -0.786118 1.89786 14.8485
      vertex -0.968355 1.81167 14.8485
    endloop
  endfacet
  facet normal 0.0970199 -0.0143826 0.995179
    outer loop
      vertex 1.3731 -0.273126 14.9129
      vertex 2.01476 -0.40076 14.8485
      vertex 1.37783 -0.241219 14.9129
    endloop
  endfacet
  facet normal -0.16757 -0.100434 0.980731
    outer loop
      vertex -1.70803 -1.14127 14.8485
      vertex -3.00005 -1.60356 14.5804
      vertex -2.82843 -1.8899 14.5804
    endloop
  endfacet
  facet normal -0.16757 -0.100436 0.980731
    outer loop
      vertex -1.81167 -0.968355 14.8485
      vertex -3.00005 -1.60356 14.5804
      vertex -1.70803 -1.14127 14.8485
    endloop
  endfacet
  facet normal -0.0726734 -0.0658652 0.995179
    outer loop
      vertex -1.01161 -0.966049 14.9129
      vertex -1.45256 -1.45256 14.8485
      vertex -0.989949 -0.989949 14.9129
    endloop
  endfacet
  facet normal 0.00480418 0.0979617 0.995179
    outer loop
      vertex 0 2.05423 14.8485
      vertex 0 1.4 14.9129
      vertex 0.0322177 1.39842 14.9129
    endloop
  endfacet
  facet normal -0.144755 -0.131197 0.980731
    outer loop
      vertex -1.58794 -1.30319 14.8485
      vertex -2.62957 -2.15803 14.5804
      vertex -1.45256 -1.45256 14.8485
    endloop
  endfacet
  facet normal -0.0726736 -0.0658642 0.995179
    outer loop
      vertex -1.58794 -1.30319 14.8485
      vertex -1.01161 -0.966049 14.9129
      vertex -1.08221 -0.88815 14.9129
    endloop
  endfacet
  facet normal -0.0726725 -0.065866 0.995179
    outer loop
      vertex -1.01161 -0.966049 14.9129
      vertex -1.58794 -1.30319 14.8485
      vertex -1.45256 -1.45256 14.8485
    endloop
  endfacet
  facet normal -0.0923483 -0.0330406 0.995178
    outer loop
      vertex -1.33972 -0.406398 14.9129
      vertex -1.96577 -0.59631 14.8485
      vertex -1.89786 -0.786118 14.8485
    endloop
  endfacet
  facet normal -0.0923462 -0.0330438 0.995179
    outer loop
      vertex -1.3043 -0.505385 14.9129
      vertex -1.33972 -0.406398 14.9129
      vertex -1.89786 -0.786118 14.8485
    endloop
  endfacet
  facet normal -0.0658652 -0.0726734 0.995179
    outer loop
      vertex -0.989949 -0.989949 14.9129
      vertex -1.45256 -1.45256 14.8485
      vertex -0.966049 -1.01161 14.9129
    endloop
  endfacet
  facet normal -0.0815887 -0.550018 0.831158
    outer loop
      vertex -0.705472 -7.16278 13.0082
      vertex -1.62701 -8.17954 12.2449
      vertex -0.817442 -8.29963 12.2449
    endloop
  endfacet
  facet normal -0.0931541 -0.627984 0.772631
    outer loop
      vertex -0.817442 -8.29963 12.2449
      vertex -1.62701 -8.17954 12.2449
      vertex -0.921539 -9.35655 11.3733
    endloop
  endfacet
  facet normal 0.0815882 -0.550018 0.831158
    outer loop
      vertex 1.40415 -7.05914 13.0082
      vertex 0.705472 -7.16278 13.0082
      vertex 1.62701 -8.17954 12.2449
    endloop
  endfacet
  facet normal 0.0692299 -0.466706 0.881699
    outer loop
      vertex 1.16777 -5.87076 13.6558
      vertex 0.705472 -7.16278 13.0082
      vertex 1.40415 -7.05914 13.0082
    endloop
  endfacet
  facet normal 0.504267 -0.841269 0.194888
    outer loop
      vertex 7.54489 -11.2917 4.40172
      vertex 6.40177 -11.9769 4.40172
      vertex 7.6938 -11.5146 3.05423
    endloop
  endfacet
  facet normal 0.658677 -0.726754 0.19487
    outer loop
      vertex 9.60282 -9.60282 4.40172
      vertex 8.61534 -10.4978 4.40172
      vertex 8.78538 -10.705 3.05423
    endloop
  endfacet
  facet normal 0.550459 -0.742198 0.382278
    outer loop
      vertex 8.02879 -9.7831 6.98577
      vertex 7.32331 -10.9601 5.71646
      vertex 8.36233 -10.1895 5.71646
    endloop
  endfacet
  facet normal 0.492037 -0.820866 0.289962
    outer loop
      vertex 7.32331 -10.9601 5.71646
      vertex 6.40177 -11.9769 4.40172
      vertex 7.54489 -11.2917 4.40172
    endloop
  endfacet
  facet normal 0.271434 -0.573904 0.772631
    outer loop
      vertex 3.93135 -7.35504 12.2449
      vertex 3.1915 -7.70496 12.2449
      vertex 3.59792 -8.68615 11.3733
    endloop
  endfacet
  facet normal 0.237735 -0.502652 0.831157
    outer loop
      vertex 3.93135 -7.35504 12.2449
      vertex 2.75434 -6.64957 13.0082
      vertex 3.1915 -7.70496 12.2449
    endloop
  endfacet
  facet normal 0.998797 0.0490439 0
    outer loop
      vertex 13.9831 0 1.68695
      vertex 13.9158 1.37059 1
      vertex 13.9158 1.37059 1.68695
    endloop
  endfacet
  facet normal 0.998797 0.0490439 0
    outer loop
      vertex 13.9158 1.37059 1
      vertex 13.9831 0 1.68695
      vertex 13.9831 0 1
    endloop
  endfacet
  facet normal 0.19325 -0.0286641 0.980731
    outer loop
      vertex 3.38534 -0.333426 14.5804
      vertex 2.01476 -0.40076 14.8485
      vertex 3.33636 -0.663643 14.5804
    endloop
  endfacet
  facet normal 0.193249 -0.0286563 0.980731
    outer loop
      vertex 2.04433 -0.201349 14.8485
      vertex 2.01476 -0.40076 14.8485
      vertex 3.38534 -0.333426 14.5804
    endloop
  endfacet
  facet normal 0.1312 0.144754 0.980731
    outer loop
      vertex 2.15803 2.62957 14.5804
      vertex 1.45256 1.45256 14.8485
      vertex 2.40538 2.40538 14.5804
    endloop
  endfacet
  facet normal 0.0886634 -0.0419341 0.995179
    outer loop
      vertex 1.24848 -0.630796 14.9129
      vertex 1.89786 -0.786118 14.8485
      vertex 1.29343 -0.535756 14.9129
    endloop
  endfacet
  facet normal 0.0886634 -0.0419339 0.995179
    outer loop
      vertex 1.89786 -0.786118 14.8485
      vertex 1.24848 -0.630796 14.9129
      vertex 1.81167 -0.968355 14.8485
    endloop
  endfacet
  facet normal 0.0886647 -0.0419317 0.995179
    outer loop
      vertex 1.24848 -0.630796 14.9129
      vertex 1.23469 -0.659955 14.9129
      vertex 1.81167 -0.968355 14.8485
    endloop
  endfacet
  facet normal -0.0504229 0.0841266 0.995179
    outer loop
      vertex -1.14127 1.70803 14.8485
      vertex -0.687623 1.21811 14.9129
      vertex -0.968355 1.81167 14.8485
    endloop
  endfacet
  facet normal -0.050424 0.0841256 0.995179
    outer loop
      vertex -0.687623 1.21811 14.9129
      vertex -1.14127 1.70803 14.8485
      vertex -0.777798 1.16406 14.9129
    endloop
  endfacet
  facet normal 0.0923431 0.0330503 0.995179
    outer loop
      vertex 1.89786 0.786118 14.8485
      vertex 1.29343 0.535756 14.9129
      vertex 1.3043 0.505385 14.9129
    endloop
  endfacet
  facet normal 0.116378 0.156917 0.980731
    outer loop
      vertex 1.8899 2.82843 14.5804
      vertex 1.30319 1.58794 14.8485
      vertex 2.15803 2.62957 14.5804
    endloop
  endfacet
  facet normal 0.0726725 0.065866 0.995179
    outer loop
      vertex 1.01161 0.966049 14.9129
      vertex 1.58794 1.30319 14.8485
      vertex 1.45256 1.45256 14.8485
    endloop
  endfacet
  facet normal 0.0726736 0.0658642 0.995179
    outer loop
      vertex 1.58794 1.30319 14.8485
      vertex 1.01161 0.966049 14.9129
      vertex 1.08221 0.88815 14.9129
    endloop
  endfacet
  facet normal 0.0835274 0.176607 0.980731
    outer loop
      vertex 1.30178 3.14278 14.5804
      vertex 0.786118 1.89786 14.8485
      vertex 0.968355 1.81167 14.8485
    endloop
  endfacet
  facet normal 0.0787724 0.0584355 0.995178
    outer loop
      vertex 1.70803 1.14127 14.8485
      vertex 1.14484 0.803707 14.9129
      vertex 1.16406 0.777798 14.9129
    endloop
  endfacet
  facet normal -0.0419317 -0.0886647 0.995179
    outer loop
      vertex -0.659955 -1.23469 14.9129
      vertex -0.968355 -1.81167 14.8485
      vertex -0.630796 -1.24848 14.9129
    endloop
  endfacet
  facet normal 0.0474757 0.189505 0.980731
    outer loop
      vertex 0.987468 3.25525 14.5804
      vertex 0.40076 2.01476 14.8485
      vertex 0.59631 1.96577 14.8485
    endloop
  endfacet
  facet normal 0.262693 0.124243 0.956847
    outer loop
      vertex 4.15954 2.22332 14.1816
      vertex 3.00005 1.60356 14.5804
      vertex 3.14278 1.30178 14.5804
    endloop
  endfacet
  facet normal 0.249251 0.149391 0.956847
    outer loop
      vertex 4.15954 2.22332 14.1816
      vertex 2.82843 1.8899 14.5804
      vertex 3.00005 1.60356 14.5804
    endloop
  endfacet
  facet normal -0.0272853 0.555366 0.831158
    outer loop
      vertex 0 8.33979 12.2449
      vertex -0.705472 7.16278 13.0082
      vertex 0 7.19744 13.0082
    endloop
  endfacet
  facet normal -0.129061 0.360704 0.923708
    outer loop
      vertex -1.36911 4.51337 14.1816
      vertex -2.29066 5.53013 13.6558
      vertex -1.80491 4.35744 14.1816
    endloop
  endfacet
  facet normal -0.171911 0.686331 0.70668
    outer loop
      vertex -2.02373 10.174 10.4018
      vertex -2.72921 8.99699 11.3733
      vertex -1.8342 9.22117 11.3733
    endloop
  endfacet
  facet normal -0.0692299 0.466706 0.881699
    outer loop
      vertex -0.705472 7.16278 13.0082
      vertex -1.40415 7.05914 13.0082
      vertex -1.16777 5.87076 13.6558
    endloop
  endfacet
  facet normal -0.0187957 0.382637 0.923708
    outer loop
      vertex 0 5.98577 13.6558
      vertex -0.586708 5.95695 13.6558
      vertex -0.462294 4.69375 14.1816
    endloop
  endfacet
  facet normal -0.0231482 0.471243 0.881699
    outer loop
      vertex 0 5.98577 13.6558
      vertex -0.705472 7.16278 13.0082
      vertex -0.586708 5.95695 13.6558
    endloop
  endfacet
  facet normal 0.0426422 0.287446 0.956847
    outer loop
      vertex 0.920135 4.62583 14.1816
      vertex 0.462294 4.69375 14.1816
      vertex 0.663643 3.33636 14.5804
    endloop
  endfacet
  facet normal 0.0706067 0.281884 0.956847
    outer loop
      vertex 0.920135 4.62583 14.1816
      vertex 0.663643 3.33636 14.5804
      vertex 1.36911 4.51337 14.1816
    endloop
  endfacet
  facet normal -0.671556 0.740954 0
    outer loop
      vertex -8.87081 10.8091 1
      vertex -9.88757 9.88757 1.68695
      vertex -8.87081 10.8091 1.68695
    endloop
  endfacet
  facet normal -0.671556 0.740954 0
    outer loop
      vertex -9.88757 9.88757 1.68695
      vertex -8.87081 10.8091 1
      vertex -9.88757 9.88757 1
    endloop
  endfacet
  facet normal -0.737397 0.668327 0.0978974
    outer loop
      vertex -9.88757 9.88757 1.68695
      vertex -10.705 8.78538 3.05423
      vertex -9.79235 9.79235 3.05423
    endloop
  endfacet
  facet normal -0.726752 0.658679 0.194867
    outer loop
      vertex -9.79235 9.79235 3.05423
      vertex -10.705 8.78538 3.05423
      vertex -9.60282 9.60282 4.40172
    endloop
  endfacet
  facet normal 0.103837 0.699872 0.70668
    outer loop
      vertex 2.02373 10.174 10.4018
      vertex 1.01676 10.3234 10.4018
      vertex 1.8342 9.22117 11.3733
    endloop
  endfacet
  facet normal 0.113503 0.765018 0.633928
    outer loop
      vertex 2.19377 11.0288 9.33979
      vertex 1.01676 10.3234 10.4018
      vertex 2.02373 10.174 10.4018
    endloop
  endfacet
  facet normal -0.171924 0.686334 0.706673
    outer loop
      vertex -2.02373 10.174 10.4018
      vertex -3.01121 9.92664 10.4018
      vertex -2.72921 8.99699 11.3733
    endloop
  endfacet
  facet normal -0.238361 0.666181 0.706673
    outer loop
      vertex -3.01121 9.92664 10.4018
      vertex -3.9697 9.58369 10.4018
      vertex -2.72921 8.99699 11.3733
    endloop
  endfacet
  facet normal -0.0815882 0.550018 0.831158
    outer loop
      vertex -0.705472 7.16278 13.0082
      vertex -1.62701 8.17954 12.2449
      vertex -1.40415 7.05914 13.0082
    endloop
  endfacet
  facet normal -0.23774 0.502646 0.83116
    outer loop
      vertex -2.75434 6.64957 13.0082
      vertex -3.93135 7.35504 12.2449
      vertex -3.39285 6.34757 13.0082
    endloop
  endfacet
  facet normal -0.201726 -0.426512 0.881699
    outer loop
      vertex -2.82167 -5.27898 13.6558
      vertex -3.39285 -6.34757 13.0082
      vertex -2.29066 -5.53013 13.6558
    endloop
  endfacet
  facet normal -0.242556 -0.404688 0.8817
    outer loop
      vertex -3.32552 -4.97699 13.6558
      vertex -3.39285 -6.34757 13.0082
      vertex -2.82167 -5.27898 13.6558
    endloop
  endfacet
  facet normal -0.0841303 0.050415 0.995179
    outer loop
      vertex -1.21811 0.687623 14.9129
      vertex -1.81167 0.968355 14.8485
      vertex -1.23469 0.659955 14.9129
    endloop
  endfacet
  facet normal -0.014395 -0.0970194 0.995178
    outer loop
      vertex -0.241219 -1.37783 14.9129
      vertex -0.201349 -2.04433 14.8485
      vertex -0.137224 -1.39326 14.9129
    endloop
  endfacet
  facet normal -0.0143866 -0.0970189 0.995179
    outer loop
      vertex -0.201349 -2.04433 14.8485
      vertex -0.241219 -1.37783 14.9129
      vertex -0.40076 -2.01476 14.8485
    endloop
  endfacet
  facet normal 0.050415 0.0841303 0.995179
    outer loop
      vertex 0.968355 1.81167 14.8485
      vertex 0.659955 1.23469 14.9129
      vertex 0.687623 1.21811 14.9129
    endloop
  endfacet
  facet normal -0.156916 0.116379 0.980731
    outer loop
      vertex -1.58794 1.30319 14.8485
      vertex -2.82843 1.8899 14.5804
      vertex -1.70803 1.14127 14.8485
    endloop
  endfacet
  facet normal -0.16757 0.100434 0.980731
    outer loop
      vertex -2.82843 1.8899 14.5804
      vertex -3.00005 1.60356 14.5804
      vertex -1.70803 1.14127 14.8485
    endloop
  endfacet
  facet normal 0.0584355 -0.0787724 0.995178
    outer loop
      vertex 0.777798 -1.16406 14.9129
      vertex 1.14127 -1.70803 14.8485
      vertex 0.803707 -1.14484 14.9129
    endloop
  endfacet
  facet normal -0.0923431 0.0330503 0.995179
    outer loop
      vertex -1.29343 0.535756 14.9129
      vertex -1.89786 0.786118 14.8485
      vertex -1.3043 0.505385 14.9129
    endloop
  endfacet
  facet normal -0.131197 0.144755 0.980731
    outer loop
      vertex -1.30319 1.58794 14.8485
      vertex -2.15803 2.62957 14.5804
      vertex -1.45256 1.45256 14.8485
    endloop
  endfacet
  facet normal -0.023838 0.0951391 0.995179
    outer loop
      vertex -0.273126 1.3731 14.9129
      vertex -0.40076 2.01476 14.8485
      vertex -0.304416 1.36526 14.9129
    endloop
  endfacet
  facet normal -0.0419341 -0.0886634 0.995179
    outer loop
      vertex -0.630796 -1.24848 14.9129
      vertex -0.786118 -1.89786 14.8485
      vertex -0.535756 -1.29343 14.9129
    endloop
  endfacet
  facet normal -0.0419339 -0.0886634 0.995179
    outer loop
      vertex -0.786118 -1.89786 14.8485
      vertex -0.630796 -1.24848 14.9129
      vertex -0.968355 -1.81167 14.8485
    endloop
  endfacet
  facet normal -0.00480418 -0.0979617 0.995179
    outer loop
      vertex 0 -1.4 14.9129
      vertex -0.0322177 -1.39842 14.9129
      vertex 0 -2.05423 14.8485
    endloop
  endfacet
  facet normal -0.0474757 0.189505 0.980731
    outer loop
      vertex -0.40076 2.01476 14.8485
      vertex -0.987468 3.25525 14.5804
      vertex -0.59631 1.96577 14.8485
    endloop
  endfacet
  facet normal -0.0658117 0.183943 0.980731
    outer loop
      vertex -0.59631 1.96577 14.8485
      vertex -0.987468 3.25525 14.5804
      vertex -0.786118 1.89786 14.8485
    endloop
  endfacet
  facet normal -0.349591 0.316845 0.8817
    outer loop
      vertex -4.23258 4.23258 13.6558
      vertex -5.08936 5.08936 13.0082
      vertex -4.62706 3.79733 13.6558
    endloop
  endfacet
  facet normal -0.283859 0.25727 0.923708
    outer loop
      vertex -4.23258 4.23258 13.6558
      vertex -4.62706 3.79733 13.6558
      vertex -3.33504 3.33504 14.1816
    endloop
  endfacet
  facet normal -0.1638 0.346314 0.923708
    outer loop
      vertex -1.80491 4.35744 14.1816
      vertex -2.29066 5.53013 13.6558
      vertex -2.22332 4.15954 14.1816
    endloop
  endfacet
  facet normal -0.124247 0.262689 0.956847
    outer loop
      vertex -1.80491 4.35744 14.1816
      vertex -2.22332 4.15954 14.1816
      vertex -1.30178 3.14278 14.5804
    endloop
  endfacet
  facet normal -0.149393 0.24925 0.956847
    outer loop
      vertex -2.22332 4.15954 14.1816
      vertex -2.62032 3.92159 14.1816
      vertex -1.8899 2.82843 14.5804
    endloop
  endfacet
  facet normal -0.196949 0.328593 0.923709
    outer loop
      vertex -2.22332 4.15954 14.1816
      vertex -3.32552 4.97699 13.6558
      vertex -2.62032 3.92159 14.1816
    endloop
  endfacet
  facet normal -0.61631 0.558586 0.555107
    outer loop
      vertex -8.49108 8.49108 8.19744
      vertex -9.28246 7.61792 8.19744
      vertex -7.95135 7.95135 9.33979
    endloop
  endfacet
  facet normal -0.616309 0.558587 0.555106
    outer loop
      vertex -7.95135 7.95135 9.33979
      vertex -9.28246 7.61792 8.19744
      vertex -8.69243 7.13369 9.33979
    endloop
  endfacet
  facet normal -0.519367 0.573036 0.633946
    outer loop
      vertex -7.13369 8.69243 9.33979
      vertex -7.95135 7.95135 9.33979
      vertex -6.58076 8.01868 10.4018
    endloop
  endfacet
  facet normal -0.558587 0.616309 0.555106
    outer loop
      vertex -7.61792 9.28246 8.19744
      vertex -7.95135 7.95135 9.33979
      vertex -7.13369 8.69243 9.33979
    endloop
  endfacet
  facet normal -0.475154 0.524248 0.706677
    outer loop
      vertex -6.58076 8.01868 10.4018
      vertex -6.64809 6.64809 11.3733
      vertex -5.96445 7.26771 11.3733
    endloop
  endfacet
  facet normal -0.421483 0.568295 0.706677
    outer loop
      vertex -5.76311 8.6251 10.4018
      vertex -6.58076 8.01868 10.4018
      vertex -5.96445 7.26771 11.3733
    endloop
  endfacet
  facet normal 0.0706067 -0.281884 0.956847
    outer loop
      vertex 1.36911 -4.51337 14.1816
      vertex 0.663643 -3.33636 14.5804
      vertex 0.920135 -4.62583 14.1816
    endloop
  endfacet
  facet normal 0.0930829 -0.371616 0.923709
    outer loop
      vertex 1.36911 -4.51337 14.1816
      vertex 0.920135 -4.62583 14.1816
      vertex 1.16777 -5.87076 13.6558
    endloop
  endfacet
  facet normal -0.835336 -0.395102 0.382242
    outer loop
      vertex -11.1615 -5.96593 6.98577
      vertex -12.1782 -5.04439 5.71646
      vertex -11.6251 -6.21377 5.71646
    endloop
  endfacet
  facet normal -0.742198 -0.550459 0.382278
    outer loop
      vertex -9.7831 -8.02879 6.98577
      vertex -10.9601 -7.32331 5.71646
      vertex -10.1895 -8.36233 5.71646
    endloop
  endfacet
  facet normal -0.519367 -0.573036 0.633946
    outer loop
      vertex -6.58076 -8.01868 10.4018
      vertex -7.95135 -7.95135 9.33979
      vertex -7.13369 -8.69243 9.33979
    endloop
  endfacet
  facet normal -0.519368 -0.573034 0.633947
    outer loop
      vertex -7.33504 -7.33504 10.4018
      vertex -7.95135 -7.95135 9.33979
      vertex -6.58076 -8.01868 10.4018
    endloop
  endfacet
  facet normal -0.568295 -0.421483 0.706677
    outer loop
      vertex -7.26771 -5.96445 11.3733
      vertex -8.6251 -5.76311 10.4018
      vertex -8.01868 -6.58076 10.4018
    endloop
  endfacet
  facet normal -0.708554 -0.525502 0.470956
    outer loop
      vertex -9.28246 -7.61792 8.19744
      vertex -9.98445 -6.6714 8.19744
      vertex -9.7831 -8.02879 6.98577
    endloop
  endfacet
  facet normal -0.79259 -0.475057 0.382259
    outer loop
      vertex -10.523 -7.03121 6.98577
      vertex -11.1615 -5.96593 6.98577
      vertex -10.9601 -7.32331 5.71646
    endloop
  endfacet
  facet normal -0.66809 -0.495491 0.555107
    outer loop
      vertex -9.3498 -6.24733 9.33979
      vertex -9.98445 -6.6714 8.19744
      vertex -9.28246 -7.61792 8.19744
    endloop
  endfacet
  facet normal -0.523534 -0.187322 0.831157
    outer loop
      vertex -6.64957 -2.75434 13.0082
      vertex -7.98068 -2.42091 12.2449
      vertex -7.70496 -3.1915 12.2449
    endloop
  endfacet
  facet normal -0.597745 -0.213875 0.772631
    outer loop
      vertex -7.98068 -2.42091 12.2449
      vertex -8.68615 -3.59792 11.3733
      vertex -7.70496 -3.1915 12.2449
    endloop
  endfacet
  facet normal -0.475154 -0.524248 0.706677
    outer loop
      vertex -5.96445 -7.26771 11.3733
      vertex -6.64809 -6.64809 11.3733
      vertex -6.58076 -8.01868 10.4018
    endloop
  endfacet
  facet normal -0.426344 -0.470395 0.772631
    outer loop
      vertex -5.29071 -6.44674 12.2449
      vertex -6.64809 -6.64809 11.3733
      vertex -5.96445 -7.26771 11.3733
    endloop
  endfacet
  facet normal 0.0951391 -0.023838 0.995179
    outer loop
      vertex 1.3731 -0.273126 14.9129
      vertex 1.36526 -0.304416 14.9129
      vertex 2.01476 -0.40076 14.8485
    endloop
  endfacet
  facet normal -0.0330503 -0.0923431 0.995179
    outer loop
      vertex -0.535756 -1.29343 14.9129
      vertex -0.786118 -1.89786 14.8485
      vertex -0.505385 -1.3043 14.9129
    endloop
  endfacet
  facet normal 0.050415 -0.0841303 0.995179
    outer loop
      vertex 0.659955 -1.23469 14.9129
      vertex 0.968355 -1.81167 14.8485
      vertex 0.687623 -1.21811 14.9129
    endloop
  endfacet
  facet normal 0.144755 -0.131197 0.980731
    outer loop
      vertex 1.58794 -1.30319 14.8485
      vertex 1.45256 -1.45256 14.8485
      vertex 2.62957 -2.15803 14.5804
    endloop
  endfacet
  facet normal 0.156917 -0.116378 0.980731
    outer loop
      vertex 2.82843 -1.8899 14.5804
      vertex 1.58794 -1.30319 14.8485
      vertex 2.62957 -2.15803 14.5804
    endloop
  endfacet
  facet normal 0.1312 -0.144754 0.980731
    outer loop
      vertex 2.40538 -2.40538 14.5804
      vertex 1.45256 -1.45256 14.8485
      vertex 2.15803 -2.62957 14.5804
    endloop
  endfacet
  facet normal 0.195151 -0.215311 0.956847
    outer loop
      vertex 2.40538 -2.40538 14.5804
      vertex 2.15803 -2.62957 14.5804
      vertex 3.33504 -3.33504 14.1816
    endloop
  endfacet
  facet normal 0.116379 -0.156916 0.980731
    outer loop
      vertex 1.30319 -1.58794 14.8485
      vertex 1.14127 -1.70803 14.8485
      vertex 1.8899 -2.82843 14.5804
    endloop
  endfacet
  facet normal 0.0584274 -0.0787768 0.995179
    outer loop
      vertex 0.803707 -1.14484 14.9129
      vertex 1.30319 -1.58794 14.8485
      vertex 0.88815 -1.08221 14.9129
    endloop
  endfacet
  facet normal 0.0584265 -0.0787778 0.995179
    outer loop
      vertex 1.30319 -1.58794 14.8485
      vertex 0.803707 -1.14484 14.9129
      vertex 1.14127 -1.70803 14.8485
    endloop
  endfacet
  facet normal -0.0787724 -0.0584355 0.995178
    outer loop
      vertex -1.14484 -0.803707 14.9129
      vertex -1.16406 -0.777798 14.9129
      vertex -1.70803 -1.14127 14.8485
    endloop
  endfacet
  facet normal -0.0841256 -0.050424 0.995179
    outer loop
      vertex -1.21811 -0.687623 14.9129
      vertex -1.70803 -1.14127 14.8485
      vertex -1.16406 -0.777798 14.9129
    endloop
  endfacet
  facet normal -0.0841266 -0.0504229 0.995179
    outer loop
      vertex -1.70803 -1.14127 14.8485
      vertex -1.21811 -0.687623 14.9129
      vertex -1.81167 -0.968355 14.8485
    endloop
  endfacet
  facet normal -0.0970199 0.0143826 0.995179
    outer loop
      vertex -1.3731 0.273126 14.9129
      vertex -2.01476 0.40076 14.8485
      vertex -1.37783 0.241219 14.9129
    endloop
  endfacet
  facet normal -0.0886647 -0.0419317 0.995179
    outer loop
      vertex -1.24848 -0.630796 14.9129
      vertex -1.81167 -0.968355 14.8485
      vertex -1.23469 -0.659955 14.9129
    endloop
  endfacet
  facet normal -0.0841256 0.050424 0.995179
    outer loop
      vertex -1.70803 1.14127 14.8485
      vertex -1.21811 0.687623 14.9129
      vertex -1.16406 0.777798 14.9129
    endloop
  endfacet
  facet normal -0.0841266 0.0504229 0.995179
    outer loop
      vertex -1.21811 0.687623 14.9129
      vertex -1.70803 1.14127 14.8485
      vertex -1.81167 0.968355 14.8485
    endloop
  endfacet
  facet normal -0.0238348 0.0951396 0.995179
    outer loop
      vertex -0.59631 1.96577 14.8485
      vertex -0.304416 1.36526 14.9129
      vertex -0.40076 2.01476 14.8485
    endloop
  endfacet
  facet normal -0.0238273 0.0951432 0.995178
    outer loop
      vertex -0.304416 1.36526 14.9129
      vertex -0.59631 1.96577 14.8485
      vertex -0.406398 1.33972 14.9129
    endloop
  endfacet
  facet normal 0.050424 -0.0841256 0.995179
    outer loop
      vertex 0.687623 -1.21811 14.9129
      vertex 1.14127 -1.70803 14.8485
      vertex 0.777798 -1.16406 14.9129
    endloop
  endfacet
  facet normal 0.0504229 -0.0841266 0.995179
    outer loop
      vertex 1.14127 -1.70803 14.8485
      vertex 0.687623 -1.21811 14.9129
      vertex 0.968355 -1.81167 14.8485
    endloop
  endfacet
  facet normal -0.0272853 -0.555366 0.831158
    outer loop
      vertex 0 -7.19744 13.0082
      vertex -0.705472 -7.16278 13.0082
      vertex 0 -8.33979 12.2449
    endloop
  endfacet
  facet normal 0.0272853 -0.555366 0.831158
    outer loop
      vertex 0 -7.19744 13.0082
      vertex 0 -8.33979 12.2449
      vertex 0.705472 -7.16278 13.0082
    endloop
  endfacet
  facet normal 0.475057 -0.79259 0.382259
    outer loop
      vertex 7.03121 -10.523 6.98577
      vertex 5.96593 -11.1615 6.98577
      vertex 7.32331 -10.9601 5.71646
    endloop
  endfacet
  facet normal 0.475045 -0.792604 0.382244
    outer loop
      vertex 7.32331 -10.9601 5.71646
      vertex 5.96593 -11.1615 6.98577
      vertex 6.21377 -11.6251 5.71646
    endloop
  endfacet
  facet normal 0.570107 -0.7687 0.289962
    outer loop
      vertex 8.61534 -10.4978 4.40172
      vertex 7.32331 -10.9601 5.71646
      vertex 7.54489 -11.2917 4.40172
    endloop
  endfacet
  facet normal 0.584277 -0.787807 0.194886
    outer loop
      vertex 8.61534 -10.4978 4.40172
      vertex 7.54489 -11.2917 4.40172
      vertex 7.6938 -11.5146 3.05423
    endloop
  endfacet
  facet normal -0.050415 -0.0841303 0.995179
    outer loop
      vertex -0.687623 -1.21811 14.9129
      vertex -0.968355 -1.81167 14.8485
      vertex -0.659955 -1.23469 14.9129
    endloop
  endfacet
  facet normal -0.0658652 0.0726734 0.995179
    outer loop
      vertex -0.966049 1.01161 14.9129
      vertex -1.45256 1.45256 14.8485
      vertex -0.989949 0.989949 14.9129
    endloop
  endfacet
  facet normal 0.0951396 -0.0238348 0.995179
    outer loop
      vertex 1.36526 -0.304416 14.9129
      vertex 1.96577 -0.59631 14.8485
      vertex 2.01476 -0.40076 14.8485
    endloop
  endfacet
  facet normal 0.0951432 -0.0238273 0.995178
    outer loop
      vertex 1.96577 -0.59631 14.8485
      vertex 1.36526 -0.304416 14.9129
      vertex 1.33972 -0.406398 14.9129
    endloop
  endfacet
  facet normal 0.0923473 -0.0330441 0.995178
    outer loop
      vertex 1.3043 -0.505385 14.9129
      vertex 1.96577 -0.59631 14.8485
      vertex 1.33972 -0.406398 14.9129
    endloop
  endfacet
  facet normal 0.0923478 -0.0330404 0.995178
    outer loop
      vertex 1.96577 -0.59631 14.8485
      vertex 1.3043 -0.505385 14.9129
      vertex 1.89786 -0.786118 14.8485
    endloop
  endfacet
  facet normal 0.0951391 0.023838 0.995179
    outer loop
      vertex 2.01476 0.40076 14.8485
      vertex 1.36526 0.304416 14.9129
      vertex 1.3731 0.273126 14.9129
    endloop
  endfacet
  facet normal 0.0951396 0.0238348 0.995179
    outer loop
      vertex 1.96577 0.59631 14.8485
      vertex 1.36526 0.304416 14.9129
      vertex 2.01476 0.40076 14.8485
    endloop
  endfacet
  facet normal 0.0951432 0.0238273 0.995178
    outer loop
      vertex 1.36526 0.304416 14.9129
      vertex 1.96577 0.59631 14.8485
      vertex 1.33972 0.406398 14.9129
    endloop
  endfacet
  facet normal 0.156916 0.116379 0.980731
    outer loop
      vertex 2.82843 1.8899 14.5804
      vertex 1.58794 1.30319 14.8485
      vertex 1.70803 1.14127 14.8485
    endloop
  endfacet
  facet normal 0.0787778 0.0584265 0.995179
    outer loop
      vertex 1.58794 1.30319 14.8485
      vertex 1.14484 0.803707 14.9129
      vertex 1.70803 1.14127 14.8485
    endloop
  endfacet
  facet normal 0.0787768 0.0584274 0.995179
    outer loop
      vertex 1.58794 1.30319 14.8485
      vertex 1.08221 0.88815 14.9129
      vertex 1.14484 0.803707 14.9129
    endloop
  endfacet
  facet normal 0.144755 0.131197 0.980731
    outer loop
      vertex 2.62957 2.15803 14.5804
      vertex 1.45256 1.45256 14.8485
      vertex 1.58794 1.30319 14.8485
    endloop
  endfacet
  facet normal 0.144754 0.1312 0.980731
    outer loop
      vertex 2.40538 2.40538 14.5804
      vertex 1.45256 1.45256 14.8485
      vertex 2.62957 2.15803 14.5804
    endloop
  endfacet
  facet normal -0.0584355 -0.0787724 0.995178
    outer loop
      vertex -1.14127 -1.70803 14.8485
      vertex -0.777798 -1.16406 14.9129
      vertex -0.803707 -1.14484 14.9129
    endloop
  endfacet
  facet normal 0.0286641 0.19325 0.980731
    outer loop
      vertex 0.663643 3.33636 14.5804
      vertex 0.333426 3.38534 14.5804
      vertex 0.40076 2.01476 14.8485
    endloop
  endfacet
  facet normal 0.0143866 0.0970189 0.995179
    outer loop
      vertex 0.201349 2.04433 14.8485
      vertex 0.241219 1.37783 14.9129
      vertex 0.40076 2.01476 14.8485
    endloop
  endfacet
  facet normal 0.014395 0.0970194 0.995178
    outer loop
      vertex 0.241219 1.37783 14.9129
      vertex 0.201349 2.04433 14.8485
      vertex 0.137224 1.39326 14.9129
    endloop
  endfacet
  facet normal 0.0187969 0.382637 0.923707
    outer loop
      vertex 0 5.98577 13.6558
      vertex 0 4.71646 14.1816
      vertex 0.462294 4.69375 14.1816
    endloop
  endfacet
  facet normal 0.0187957 0.382637 0.923708
    outer loop
      vertex 0.586708 5.95695 13.6558
      vertex 0 5.98577 13.6558
      vertex 0.462294 4.69375 14.1816
    endloop
  endfacet
  facet normal -0.24256 0.404687 0.881699
    outer loop
      vertex -3.39285 6.34757 13.0082
      vertex -3.99868 5.98445 13.0082
      vertex -3.32552 4.97699 13.6558
    endloop
  endfacet
  facet normal -0.201729 0.426509 0.8817
    outer loop
      vertex -2.75434 6.64957 13.0082
      vertex -3.39285 6.34757 13.0082
      vertex -2.29066 5.53013 13.6558
    endloop
  endfacet
  facet normal -0.0930849 0.371616 0.923708
    outer loop
      vertex -1.16777 5.87076 13.6558
      vertex -1.73758 5.72803 13.6558
      vertex -1.36911 4.51337 14.1816
    endloop
  endfacet
  facet normal -0.0706067 0.281884 0.956847
    outer loop
      vertex -0.920135 4.62583 14.1816
      vertex -1.36911 4.51337 14.1816
      vertex -0.663643 3.33636 14.5804
    endloop
  endfacet
  facet normal -0.213882 0.597739 0.772634
    outer loop
      vertex -2.72921 8.99699 11.3733
      vertex -3.59792 8.68615 11.3733
      vertex -2.42091 7.98068 12.2449
    endloop
  endfacet
  facet normal -0.238369 0.666173 0.706678
    outer loop
      vertex -2.72921 8.99699 11.3733
      vertex -3.9697 9.58369 10.4018
      vertex -3.59792 8.68615 11.3733
    endloop
  endfacet
  facet normal -0.373408 0.411998 0.831158
    outer loop
      vertex -4.56601 5.56369 13.0082
      vertex -5.29071 6.44674 12.2449
      vertex -5.08936 5.08936 13.0082
    endloop
  endfacet
  facet normal -0.316845 0.34959 0.881701
    outer loop
      vertex -4.56601 5.56369 13.0082
      vertex -5.08936 5.08936 13.0082
      vertex -3.79733 4.62706 13.6558
    endloop
  endfacet
  facet normal -0.0330503 0.0923431 0.995179
    outer loop
      vertex -0.786118 1.89786 14.8485
      vertex -0.535756 1.29343 14.9129
      vertex -0.505385 1.3043 14.9129
    endloop
  endfacet
  facet normal -0.0886634 0.0419339 0.995179
    outer loop
      vertex -1.89786 0.786118 14.8485
      vertex -1.24848 0.630796 14.9129
      vertex -1.81167 0.968355 14.8485
    endloop
  endfacet
  facet normal -0.0886634 0.0419341 0.995179
    outer loop
      vertex -1.24848 0.630796 14.9129
      vertex -1.89786 0.786118 14.8485
      vertex -1.29343 0.535756 14.9129
    endloop
  endfacet
  facet normal -0.0886647 0.0419317 0.995179
    outer loop
      vertex -1.23469 0.659955 14.9129
      vertex -1.81167 0.968355 14.8485
      vertex -1.24848 0.630796 14.9129
    endloop
  endfacet
  facet normal 0.0143826 0.0970199 0.995179
    outer loop
      vertex 0.273126 1.3731 14.9129
      vertex 0.40076 2.01476 14.8485
      vertex 0.241219 1.37783 14.9129
    endloop
  endfacet
  facet normal -0.242556 0.404688 0.8817
    outer loop
      vertex -2.82167 5.27898 13.6558
      vertex -3.39285 6.34757 13.0082
      vertex -3.32552 4.97699 13.6558
    endloop
  endfacet
  facet normal -0.135105 0.539374 0.831157
    outer loop
      vertex -1.62701 8.17954 12.2449
      vertex -2.42091 7.98068 12.2449
      vertex -2.08931 6.88752 13.0082
    endloop
  endfacet
  facet normal -0.524248 0.475154 0.706677
    outer loop
      vertex -6.64809 6.64809 11.3733
      vertex -8.01868 6.58076 10.4018
      vertex -7.26771 5.96445 11.3733
    endloop
  endfacet
  facet normal -0.524249 0.475152 0.706678
    outer loop
      vertex -7.33504 7.33504 10.4018
      vertex -8.01868 6.58076 10.4018
      vertex -6.64809 6.64809 11.3733
    endloop
  endfacet
  facet normal -0.592418 -0.653637 0.470956
    outer loop
      vertex -8.49108 -8.49108 8.19744
      vertex -8.94904 -8.94904 6.98577
      vertex -8.02879 -9.7831 6.98577
    endloop
  endfacet
  facet normal -0.653637 -0.592418 0.470956
    outer loop
      vertex -8.49108 -8.49108 8.19744
      vertex -9.7831 -8.02879 6.98577
      vertex -8.94904 -8.94904 6.98577
    endloop
  endfacet
  facet normal -0.621184 -0.460702 0.633943
    outer loop
      vertex -8.6251 -5.76311 10.4018
      vertex -9.3498 -6.24733 9.33979
      vertex -8.69243 -7.13369 9.33979
    endloop
  endfacet
  facet normal -0.668091 -0.495491 0.555106
    outer loop
      vertex -8.69243 -7.13369 9.33979
      vertex -9.3498 -6.24733 9.33979
      vertex -9.28246 -7.61792 8.19744
    endloop
  endfacet
  facet normal -0.568297 -0.421476 0.706681
    outer loop
      vertex -7.81733 -5.22337 11.3733
      vertex -8.6251 -5.76311 10.4018
      vertex -7.26771 -5.96445 11.3733
    endloop
  endfacet
  facet normal -0.606869 -0.363747 0.70668
    outer loop
      vertex -8.29167 -4.43199 11.3733
      vertex -8.6251 -5.76311 10.4018
      vertex -7.81733 -5.22337 11.3733
    endloop
  endfacet
  facet normal -0.783156 -0.280242 0.555095
    outer loop
      vertex -10.7607 -3.26422 9.33979
      vertex -11.4911 -3.4858 8.19744
      vertex -10.3889 -4.30324 9.33979
    endloop
  endfacet
  facet normal -0.783154 -0.280217 0.555111
    outer loop
      vertex -10.3889 -4.30324 9.33979
      vertex -11.4911 -3.4858 8.19744
      vertex -11.0941 -4.59534 8.19744
    endloop
  endfacet
  facet normal -0.742192 -0.55048 0.382261
    outer loop
      vertex -10.523 -7.03121 6.98577
      vertex -10.9601 -7.32331 5.71646
      vertex -9.7831 -8.02879 6.98577
    endloop
  endfacet
  facet normal -0.708532 -0.525515 0.470974
    outer loop
      vertex -9.98445 -6.6714 8.19744
      vertex -10.523 -7.03121 6.98577
      vertex -9.7831 -8.02879 6.98577
    endloop
  endfacet
  facet normal -0.699137 -0.330642 0.633943
    outer loop
      vertex -9.14845 -4.88995 10.4018
      vertex -10.3889 -4.30324 9.33979
      vertex -9.91712 -5.30081 9.33979
    endloop
  endfacet
  facet normal -0.713437 -0.427616 0.555115
    outer loop
      vertex -9.91712 -5.30081 9.33979
      vertex -10.5903 -5.66063 8.19744
      vertex -9.3498 -6.24733 9.33979
    endloop
  endfacet
  facet normal -0.0835282 -0.176607 0.980731
    outer loop
      vertex -0.968355 -1.81167 14.8485
      vertex -1.60356 -3.00005 14.5804
      vertex -1.30178 -3.14278 14.5804
    endloop
  endfacet
  facet normal -0.0835274 -0.176607 0.980731
    outer loop
      vertex -0.968355 -1.81167 14.8485
      vertex -1.30178 -3.14278 14.5804
      vertex -0.786118 -1.89786 14.8485
    endloop
  endfacet
  facet normal -0.00480418 0.0979617 0.995179
    outer loop
      vertex 0 2.05423 14.8485
      vertex -0.0322177 1.39842 14.9129
      vertex 0 1.4 14.9129
    endloop
  endfacet
  facet normal 0.116378 -0.156917 0.980731
    outer loop
      vertex 2.15803 -2.62957 14.5804
      vertex 1.30319 -1.58794 14.8485
      vertex 1.8899 -2.82843 14.5804
    endloop
  endfacet
  facet normal 0.131197 -0.144755 0.980731
    outer loop
      vertex 1.45256 -1.45256 14.8485
      vertex 1.30319 -1.58794 14.8485
      vertex 2.15803 -2.62957 14.5804
    endloop
  endfacet
  facet normal -0.0419317 0.0886647 0.995179
    outer loop
      vertex -0.630796 1.24848 14.9129
      vertex -0.968355 1.81167 14.8485
      vertex -0.659955 1.23469 14.9129
    endloop
  endfacet
  facet normal -0.050415 0.0841303 0.995179
    outer loop
      vertex -0.659955 1.23469 14.9129
      vertex -0.968355 1.81167 14.8485
      vertex -0.687623 1.21811 14.9129
    endloop
  endfacet
  facet normal 0.0330503 0.0923431 0.995179
    outer loop
      vertex 0.535756 1.29343 14.9129
      vertex 0.786118 1.89786 14.8485
      vertex 0.505385 1.3043 14.9129
    endloop
  endfacet
  facet normal 0.189505 -0.0474757 0.980731
    outer loop
      vertex 2.01476 -0.40076 14.8485
      vertex 1.96577 -0.59631 14.8485
      vertex 3.25525 -0.987468 14.5804
    endloop
  endfacet
  facet normal 0.183943 -0.0658117 0.980731
    outer loop
      vertex 1.96577 -0.59631 14.8485
      vertex 1.89786 -0.786118 14.8485
      vertex 3.25525 -0.987468 14.5804
    endloop
  endfacet
  facet normal 0.0841303 0.050415 0.995179
    outer loop
      vertex 1.81167 0.968355 14.8485
      vertex 1.21811 0.687623 14.9129
      vertex 1.23469 0.659955 14.9129
    endloop
  endfacet
  facet normal 0.023838 0.0951391 0.995179
    outer loop
      vertex 0.40076 2.01476 14.8485
      vertex 0.273126 1.3731 14.9129
      vertex 0.304416 1.36526 14.9129
    endloop
  endfacet
  facet normal 0.16757 0.100436 0.980731
    outer loop
      vertex 3.00005 1.60356 14.5804
      vertex 1.70803 1.14127 14.8485
      vertex 1.81167 0.968355 14.8485
    endloop
  endfacet
  facet normal 0.16757 0.100434 0.980731
    outer loop
      vertex 2.82843 1.8899 14.5804
      vertex 1.70803 1.14127 14.8485
      vertex 3.00005 1.60356 14.5804
    endloop
  endfacet
  facet normal 0.0658652 0.0726734 0.995179
    outer loop
      vertex 1.45256 1.45256 14.8485
      vertex 0.966049 1.01161 14.9129
      vertex 0.989949 0.989949 14.9129
    endloop
  endfacet
  facet normal 0.0726734 0.0658652 0.995179
    outer loop
      vertex 1.45256 1.45256 14.8485
      vertex 0.989949 0.989949 14.9129
      vertex 1.01161 0.966049 14.9129
    endloop
  endfacet
  facet normal 0.116379 0.156916 0.980731
    outer loop
      vertex 1.8899 2.82843 14.5804
      vertex 1.14127 1.70803 14.8485
      vertex 1.30319 1.58794 14.8485
    endloop
  endfacet
  facet normal 0.100434 0.16757 0.980731
    outer loop
      vertex 1.60356 3.00005 14.5804
      vertex 1.14127 1.70803 14.8485
      vertex 1.8899 2.82843 14.5804
    endloop
  endfacet
  facet normal 0.0095859 0.195127 0.980731
    outer loop
      vertex 0.333426 3.38534 14.5804
      vertex 0 3.40172 14.5804
      vertex 0.201349 2.04433 14.8485
    endloop
  endfacet
  facet normal 0.00959416 0.195129 0.980731
    outer loop
      vertex 0 3.40172 14.5804
      vertex 0 2.05423 14.8485
      vertex 0.201349 2.04433 14.8485
    endloop
  endfacet
  facet normal -0.0584355 0.0787724 0.995178
    outer loop
      vertex -0.777798 1.16406 14.9129
      vertex -1.14127 1.70803 14.8485
      vertex -0.803707 1.14484 14.9129
    endloop
  endfacet
  facet normal 0.0238348 0.0951396 0.995179
    outer loop
      vertex 0.304416 1.36526 14.9129
      vertex 0.59631 1.96577 14.8485
      vertex 0.40076 2.01476 14.8485
    endloop
  endfacet
  facet normal 0.0238273 0.0951432 0.995178
    outer loop
      vertex 0.59631 1.96577 14.8485
      vertex 0.304416 1.36526 14.9129
      vertex 0.406398 1.33972 14.9129
    endloop
  endfacet
  facet normal 0.0330404 0.0923478 0.995178
    outer loop
      vertex 0.59631 1.96577 14.8485
      vertex 0.505385 1.3043 14.9129
      vertex 0.786118 1.89786 14.8485
    endloop
  endfacet
  facet normal 0.0330441 0.0923473 0.995178
    outer loop
      vertex 0.59631 1.96577 14.8485
      vertex 0.406398 1.33972 14.9129
      vertex 0.505385 1.3043 14.9129
    endloop
  endfacet
  facet normal -0.187322 0.523534 0.831157
    outer loop
      vertex -2.42091 7.98068 12.2449
      vertex -2.75434 6.64957 13.0082
      vertex -2.08931 6.88752 13.0082
    endloop
  endfacet
  facet normal -0.158947 0.44423 0.8817
    outer loop
      vertex -2.08931 6.88752 13.0082
      vertex -2.75434 6.64957 13.0082
      vertex -2.29066 5.53013 13.6558
    endloop
  endfacet
  facet normal -0.201726 0.426512 0.881699
    outer loop
      vertex -2.29066 5.53013 13.6558
      vertex -3.39285 6.34757 13.0082
      vertex -2.82167 5.27898 13.6558
    endloop
  endfacet
  facet normal -0.163795 0.346315 0.923708
    outer loop
      vertex -2.29066 5.53013 13.6558
      vertex -2.82167 5.27898 13.6558
      vertex -2.22332 4.15954 14.1816
    endloop
  endfacet
  facet normal -0.558586 -0.61631 0.555107
    outer loop
      vertex -7.95135 -7.95135 9.33979
      vertex -8.49108 -8.49108 8.19744
      vertex -7.61792 -9.28246 8.19744
    endloop
  endfacet
  facet normal -0.61631 -0.558586 0.555107
    outer loop
      vertex -7.95135 -7.95135 9.33979
      vertex -9.28246 -7.61792 8.19744
      vertex -8.49108 -8.49108 8.19744
    endloop
  endfacet
  facet normal -0.663351 -0.397596 0.633943
    outer loop
      vertex -9.14845 -4.88995 10.4018
      vertex -9.91712 -5.30081 9.33979
      vertex -8.6251 -5.76311 10.4018
    endloop
  endfacet
  facet normal -0.606874 -0.363745 0.706678
    outer loop
      vertex -8.29167 -4.43199 11.3733
      vertex -9.14845 -4.88995 10.4018
      vertex -8.6251 -5.76311 10.4018
    endloop
  endfacet
  facet normal -0.713435 -0.427629 0.555107
    outer loop
      vertex -9.3498 -6.24733 9.33979
      vertex -10.5903 -5.66063 8.19744
      vertex -9.98445 -6.6714 8.19744
    endloop
  endfacet
  facet normal -0.756636 -0.453523 0.470977
    outer loop
      vertex -9.98445 -6.6714 8.19744
      vertex -10.5903 -5.66063 8.19744
      vertex -10.523 -7.03121 6.98577
    endloop
  endfacet
  facet normal 0.0504229 0.0841266 0.995179
    outer loop
      vertex 0.687623 1.21811 14.9129
      vertex 1.14127 1.70803 14.8485
      vertex 0.968355 1.81167 14.8485
    endloop
  endfacet
  facet normal 0.050424 0.0841256 0.995179
    outer loop
      vertex 1.14127 1.70803 14.8485
      vertex 0.687623 1.21811 14.9129
      vertex 0.777798 1.16406 14.9129
    endloop
  endfacet
  facet normal 0.100436 0.16757 0.980731
    outer loop
      vertex 1.60356 3.00005 14.5804
      vertex 0.968355 1.81167 14.8485
      vertex 1.14127 1.70803 14.8485
    endloop
  endfacet
  facet normal -0.0562106 0.378952 0.923708
    outer loop
      vertex -0.586708 5.95695 13.6558
      vertex -1.16777 5.87076 13.6558
      vertex -0.462294 4.69375 14.1816
    endloop
  endfacet
  facet normal -0.0692272 0.466705 0.8817
    outer loop
      vertex -0.705472 7.16278 13.0082
      vertex -1.16777 5.87076 13.6558
      vertex -0.586708 5.95695 13.6558
    endloop
  endfacet
  facet normal -0.187322 0.523534 0.831157
    outer loop
      vertex -2.42091 7.98068 12.2449
      vertex -3.1915 7.70496 12.2449
      vertex -2.75434 6.64957 13.0082
    endloop
  endfacet
  facet normal -0.237735 0.502652 0.831157
    outer loop
      vertex -3.1915 7.70496 12.2449
      vertex -3.93135 7.35504 12.2449
      vertex -2.75434 6.64957 13.0082
    endloop
  endfacet
  facet normal -0.751925 -0.355607 0.555115
    outer loop
      vertex -10.3889 -4.30324 9.33979
      vertex -10.5903 -5.66063 8.19744
      vertex -9.91712 -5.30081 9.33979
    endloop
  endfacet
  facet normal -0.751929 -0.355604 0.555112
    outer loop
      vertex -10.3889 -4.30324 9.33979
      vertex -11.0941 -4.59534 8.19744
      vertex -10.5903 -5.66063 8.19744
    endloop
  endfacet
  facet normal -0.114639 0.457673 0.881699
    outer loop
      vertex -1.40415 7.05914 13.0082
      vertex -2.08931 6.88752 13.0082
      vertex -1.16777 5.87076 13.6558
    endloop
  endfacet
  facet normal -0.135103 0.539373 0.831158
    outer loop
      vertex -1.62701 8.17954 12.2449
      vertex -2.08931 6.88752 13.0082
      vertex -1.40415 7.05914 13.0082
    endloop
  endfacet
  facet normal -0.114641 0.457672 0.881699
    outer loop
      vertex -1.16777 5.87076 13.6558
      vertex -2.08931 6.88752 13.0082
      vertex -1.73758 5.72803 13.6558
    endloop
  endfacet
  facet normal -0.158952 0.44423 0.881699
    outer loop
      vertex -2.08931 6.88752 13.0082
      vertex -2.29066 5.53013 13.6558
      vertex -1.73758 5.72803 13.6558
    endloop
  endfacet
  facet normal 0 0 1
    outer loop
      vertex 13.9326 1.37224 1
      vertex 13.9831 0 1
      vertex 14 0 1
    endloop
  endfacet
  facet normal 0 0 1
    outer loop
      vertex 13.9326 1.37224 1
      vertex 13.9158 1.37059 1
      vertex 13.9831 0 1
    endloop
  endfacet
  facet normal 0 0 1
    outer loop
      vertex 13.731 2.73126 1
      vertex 13.9158 1.37059 1
      vertex 13.9326 1.37224 1
    endloop
  endfacet
  facet normal 0 0 1
    outer loop
      vertex 13.731 2.73126 1
      vertex 13.7145 2.72797 1
      vertex 13.9158 1.37059 1
    endloop
  endfacet
  facet normal 0 0 1
    outer loop
      vertex 13.3972 4.06398 1
      vertex 13.7145 2.72797 1
      vertex 13.731 2.73126 1
    endloop
  endfacet
  facet normal 0 0 1
    outer loop
      vertex 13.3972 4.06398 1
      vertex 13.381 4.05909 1
      vertex 13.7145 2.72797 1
    endloop
  endfacet
  facet normal 0 0 1
    outer loop
      vertex 12.9343 5.35757 1
      vertex 13.381 4.05909 1
      vertex 13.3972 4.06398 1
    endloop
  endfacet
  facet normal 0 0 1
    outer loop
      vertex 12.9343 5.35757 1
      vertex 12.9187 5.35111 1
      vertex 13.381 4.05909 1
    endloop
  endfacet
  facet normal 0 0 1
    outer loop
      vertex 12.3469 6.59955 1
      vertex 12.9187 5.35111 1
      vertex 12.9343 5.35757 1
    endloop
  endfacet
  facet normal 0 0 1
    outer loop
      vertex 12.3469 6.59955 1
      vertex 12.332 6.5916 1
      vertex 12.9187 5.35111 1
    endloop
  endfacet
  facet normal 0 0 1
    outer loop
      vertex 11.6406 7.77798 1
      vertex 12.332 6.5916 1
      vertex 12.3469 6.59955 1
    endloop
  endfacet
  facet normal 0 0 1
    outer loop
      vertex 11.6406 7.77798 1
      vertex 11.6266 7.76861 1
      vertex 12.332 6.5916 1
    endloop
  endfacet
  facet normal 0 0 1
    outer loop
      vertex 10.8221 8.88151 1
      vertex 11.6266 7.76861 1
      vertex 11.6406 7.77798 1
    endloop
  endfacet
  facet normal 0 0 1
    outer loop
      vertex 10.8221 8.88151 1
      vertex 10.8091 8.87081 1
      vertex 11.6266 7.76861 1
    endloop
  endfacet
  facet normal 0 0 1
    outer loop
      vertex 9.89949 9.89949 1
      vertex 10.8091 8.87081 1
      vertex 10.8221 8.88151 1
    endloop
  endfacet
  facet normal 0 0 1
    outer loop
      vertex 9.89949 9.89949 1
      vertex 9.88757 9.88757 1
      vertex 10.8091 8.87081 1
    endloop
  endfacet
  facet normal 0 0 1
    outer loop
      vertex 8.88151 10.8221 1
      vertex 9.88757 9.88757 1
      vertex 9.89949 9.89949 1
    endloop
  endfacet
  facet normal 0 0 1
    outer loop
      vertex 8.88151 10.8221 1
      vertex 8.87081 10.8091 1
      vertex 9.88757 9.88757 1
    endloop
  endfacet
  facet normal 0 0 1
    outer loop
      vertex 7.77798 11.6406 1
      vertex 8.87081 10.8091 1
      vertex 8.88151 10.8221 1
    endloop
  endfacet
  facet normal 0 0 1
    outer loop
      vertex 7.77798 11.6406 1
      vertex 7.76861 11.6266 1
      vertex 8.87081 10.8091 1
    endloop
  endfacet
  facet normal 0 0 1
    outer loop
      vertex 6.59955 12.3469 1
      vertex 7.76861 11.6266 1
      vertex 7.77798 11.6406 1
    endloop
  endfacet
  facet normal 0 0 1
    outer loop
      vertex 6.59955 12.3469 1
      vertex 6.5916 12.332 1
      vertex 7.76861 11.6266 1
    endloop
  endfacet
  facet normal 0 0 1
    outer loop
      vertex 5.35757 12.9343 1
      vertex 6.5916 12.332 1
      vertex 6.59955 12.3469 1
    endloop
  endfacet
  facet normal 0 0 1
    outer loop
      vertex 5.35757 12.9343 1
      vertex 5.35111 12.9187 1
      vertex 6.5916 12.332 1
    endloop
  endfacet
  facet normal 0 0 1
    outer loop
      vertex 4.06398 13.3972 1
      vertex 5.35111 12.9187 1
      vertex 5.35757 12.9343 1
    endloop
  endfacet
  facet normal 0 0 1
    outer loop
      vertex 4.06398 13.3972 1
      vertex 4.05909 13.381 1
      vertex 5.35111 12.9187 1
    endloop
  endfacet
  facet normal 0 0 1
    outer loop
      vertex 2.73126 13.731 1
      vertex 4.05909 13.381 1
      vertex 4.06398 13.3972 1
    endloop
  endfacet
  facet normal 0 0 1
    outer loop
      vertex 2.73126 13.731 1
      vertex 2.72797 13.7145 1
      vertex 4.05909 13.381 1
    endloop
  endfacet
  facet normal 0 0 1
    outer loop
      vertex 1.37224 13.9326 1
      vertex 2.72797 13.7145 1
      vertex 2.73126 13.731 1
    endloop
  endfacet
  facet normal 0 0 1
    outer loop
      vertex 1.37224 13.9326 1
      vertex 1.37059 13.9158 1
      vertex 2.72797 13.7145 1
    endloop
  endfacet
  facet normal 0 0 1
    outer loop
      vertex 0 14 1
      vertex 1.37059 13.9158 1
      vertex 1.37224 13.9326 1
    endloop
  endfacet
  facet normal 0 0 1
    outer loop
      vertex 0 14 1
      vertex 0 13.9831 1
      vertex 1.37059 13.9158 1
    endloop
  endfacet
  facet normal 0 0 1
    outer loop
      vertex 0 14 1
      vertex -1.37059 13.9158 1
      vertex 0 13.9831 1
    endloop
  endfacet
  facet normal -0 0 1
    outer loop
      vertex -1.37224 13.9326 1
      vertex -1.37059 13.9158 1
      vertex 0 14 1
    endloop
  endfacet
  facet normal 0 0 1
    outer loop
      vertex -1.37224 13.9326 1
      vertex -2.72797 13.7145 1
      vertex -1.37059 13.9158 1
    endloop
  endfacet
  facet normal -0 0 1
    outer loop
      vertex -2.73126 13.731 1
      vertex -2.72797 13.7145 1
      vertex -1.37224 13.9326 1
    endloop
  endfacet
  facet normal 0 0 1
    outer loop
      vertex -2.73126 13.731 1
      vertex -4.05909 13.381 1
      vertex -2.72797 13.7145 1
    endloop
  endfacet
  facet normal -0 0 1
    outer loop
      vertex -4.06398 13.3972 1
      vertex -4.05909 13.381 1
      vertex -2.73126 13.731 1
    endloop
  endfacet
  facet normal 0 0 1
    outer loop
      vertex -4.06398 13.3972 1
      vertex -5.35111 12.9187 1
      vertex -4.05909 13.381 1
    endloop
  endfacet
  facet normal -0 0 1
    outer loop
      vertex -5.35757 12.9343 1
      vertex -5.35111 12.9187 1
      vertex -4.06398 13.3972 1
    endloop
  endfacet
  facet normal 0 0 1
    outer loop
      vertex -5.35757 12.9343 1
      vertex -6.5916 12.332 1
      vertex -5.35111 12.9187 1
    endloop
  endfacet
  facet normal -0 0 1
    outer loop
      vertex -6.59955 12.3469 1
      vertex -6.5916 12.332 1
      vertex -5.35757 12.9343 1
    endloop
  endfacet
  facet normal 0 0 1
    outer loop
      vertex -6.59955 12.3469 1
      vertex -7.76861 11.6266 1
      vertex -6.5916 12.332 1
    endloop
  endfacet
  facet normal -0 0 1
    outer loop
      vertex -7.77798 11.6406 1
      vertex -7.76861 11.6266 1
      vertex -6.59955 12.3469 1
    endloop
  endfacet
  facet normal 0 0 1
    outer loop
      vertex -7.77798 11.6406 1
      vertex -8.87081 10.8091 1
      vertex -7.76861 11.6266 1
    endloop
  endfacet
  facet normal -0 0 1
    outer loop
      vertex -8.88151 10.8221 1
      vertex -8.87081 10.8091 1
      vertex -7.77798 11.6406 1
    endloop
  endfacet
  facet normal 0 0 1
    outer loop
      vertex -8.88151 10.8221 1
      vertex -9.88757 9.88757 1
      vertex -8.87081 10.8091 1
    endloop
  endfacet
  facet normal -0 0 1
    outer loop
      vertex -9.89949 9.89949 1
      vertex -9.88757 9.88757 1
      vertex -8.88151 10.8221 1
    endloop
  endfacet
  facet normal 0 0 1
    outer loop
      vertex -9.89949 9.89949 1
      vertex -10.8091 8.87081 1
      vertex -9.88757 9.88757 1
    endloop
  endfacet
  facet normal -0 0 1
    outer loop
      vertex -10.8221 8.88151 1
      vertex -10.8091 8.87081 1
      vertex -9.89949 9.89949 1
    endloop
  endfacet
  facet normal 0 0 1
    outer loop
      vertex -10.8221 8.88151 1
      vertex -11.6266 7.76861 1
      vertex -10.8091 8.87081 1
    endloop
  endfacet
  facet normal -0 0 1
    outer loop
      vertex -11.6406 7.77798 1
      vertex -11.6266 7.76861 1
      vertex -10.8221 8.88151 1
    endloop
  endfacet
  facet normal 0 0 1
    outer loop
      vertex -11.6406 7.77798 1
      vertex -12.332 6.5916 1
      vertex -11.6266 7.76861 1
    endloop
  endfacet
  facet normal -0 0 1
    outer loop
      vertex -12.3469 6.59955 1
      vertex -12.332 6.5916 1
      vertex -11.6406 7.77798 1
    endloop
  endfacet
  facet normal 0 0 1
    outer loop
      vertex -12.3469 6.59955 1
      vertex -12.9187 5.35111 1
      vertex -12.332 6.5916 1
    endloop
  endfacet
  facet normal -0 0 1
    outer loop
      vertex -12.9343 5.35757 1
      vertex -12.9187 5.35111 1
      vertex -12.3469 6.59955 1
    endloop
  endfacet
  facet normal 0 0 1
    outer loop
      vertex -12.9343 5.35757 1
      vertex -13.381 4.05909 1
      vertex -12.9187 5.35111 1
    endloop
  endfacet
  facet normal -0 0 1
    outer loop
      vertex -13.3972 4.06398 1
      vertex -13.381 4.05909 1
      vertex -12.9343 5.35757 1
    endloop
  endfacet
  facet normal 0 0 1
    outer loop
      vertex -13.3972 4.06398 1
      vertex -13.7145 2.72797 1
      vertex -13.381 4.05909 1
    endloop
  endfacet
  facet normal -0 0 1
    outer loop
      vertex -13.731 2.73126 1
      vertex -13.7145 2.72797 1
      vertex -13.3972 4.06398 1
    endloop
  endfacet
  facet normal 0 0 1
    outer loop
      vertex -13.731 2.73126 1
      vertex -13.9158 1.37059 1
      vertex -13.7145 2.72797 1
    endloop
  endfacet
  facet normal -0 0 1
    outer loop
      vertex -13.9326 1.37224 1
      vertex -13.9158 1.37059 1
      vertex -13.731 2.73126 1
    endloop
  endfacet
  facet normal 0 0 1
    outer loop
      vertex -13.9326 1.37224 1
      vertex -13.9831 0 1
      vertex -13.9158 1.37059 1
    endloop
  endfacet
  facet normal 0 -0 1
    outer loop
      vertex -13.9831 0 1
      vertex -13.9326 1.37224 1
      vertex -14 0 1
    endloop
  endfacet
  facet normal -0 0 1
    outer loop
      vertex 13.9831 0 1
      vertex 13.9326 -1.37224 1
      vertex 14 0 1
    endloop
  endfacet
  facet normal -0 0 1
    outer loop
      vertex 13.9158 -1.37059 1
      vertex 13.9326 -1.37224 1
      vertex 13.9831 0 1
    endloop
  endfacet
  facet normal 0 0 1
    outer loop
      vertex 13.9158 -1.37059 1
      vertex 13.731 -2.73126 1
      vertex 13.9326 -1.37224 1
    endloop
  endfacet
  facet normal -0 0 1
    outer loop
      vertex 13.7145 -2.72797 1
      vertex 13.731 -2.73126 1
      vertex 13.9158 -1.37059 1
    endloop
  endfacet
  facet normal 0 0 1
    outer loop
      vertex 13.7145 -2.72797 1
      vertex 13.3972 -4.06398 1
      vertex 13.731 -2.73126 1
    endloop
  endfacet
  facet normal -0 0 1
    outer loop
      vertex 13.381 -4.05909 1
      vertex 13.3972 -4.06398 1
      vertex 13.7145 -2.72797 1
    endloop
  endfacet
  facet normal 0 0 1
    outer loop
      vertex 13.381 -4.05909 1
      vertex 12.9343 -5.35757 1
      vertex 13.3972 -4.06398 1
    endloop
  endfacet
  facet normal -0 0 1
    outer loop
      vertex 12.9187 -5.35111 1
      vertex 12.9343 -5.35757 1
      vertex 13.381 -4.05909 1
    endloop
  endfacet
  facet normal 0 0 1
    outer loop
      vertex 12.9187 -5.35111 1
      vertex 12.3469 -6.59955 1
      vertex 12.9343 -5.35757 1
    endloop
  endfacet
  facet normal -0 0 1
    outer loop
      vertex 12.332 -6.5916 1
      vertex 12.3469 -6.59955 1
      vertex 12.9187 -5.35111 1
    endloop
  endfacet
  facet normal 0 0 1
    outer loop
      vertex 12.332 -6.5916 1
      vertex 11.6406 -7.77798 1
      vertex 12.3469 -6.59955 1
    endloop
  endfacet
  facet normal -0 0 1
    outer loop
      vertex 11.6266 -7.76861 1
      vertex 11.6406 -7.77798 1
      vertex 12.332 -6.5916 1
    endloop
  endfacet
  facet normal 0 0 1
    outer loop
      vertex 11.6266 -7.76861 1
      vertex 10.8221 -8.88151 1
      vertex 11.6406 -7.77798 1
    endloop
  endfacet
  facet normal -0 0 1
    outer loop
      vertex 10.8091 -8.87081 1
      vertex 10.8221 -8.88151 1
      vertex 11.6266 -7.76861 1
    endloop
  endfacet
  facet normal 0 0 1
    outer loop
      vertex 10.8091 -8.87081 1
      vertex 9.89949 -9.89949 1
      vertex 10.8221 -8.88151 1
    endloop
  endfacet
  facet normal -0 0 1
    outer loop
      vertex 9.88757 -9.88757 1
      vertex 9.89949 -9.89949 1
      vertex 10.8091 -8.87081 1
    endloop
  endfacet
  facet normal 0 0 1
    outer loop
      vertex 9.88757 -9.88757 1
      vertex 8.88151 -10.8221 1
      vertex 9.89949 -9.89949 1
    endloop
  endfacet
  facet normal -0 0 1
    outer loop
      vertex 8.87081 -10.8091 1
      vertex 8.88151 -10.8221 1
      vertex 9.88757 -9.88757 1
    endloop
  endfacet
  facet normal 0 0 1
    outer loop
      vertex 8.87081 -10.8091 1
      vertex 7.77798 -11.6406 1
      vertex 8.88151 -10.8221 1
    endloop
  endfacet
  facet normal -0 0 1
    outer loop
      vertex 7.76861 -11.6266 1
      vertex 7.77798 -11.6406 1
      vertex 8.87081 -10.8091 1
    endloop
  endfacet
  facet normal 0 0 1
    outer loop
      vertex 7.76861 -11.6266 1
      vertex 6.59955 -12.3469 1
      vertex 7.77798 -11.6406 1
    endloop
  endfacet
  facet normal -0 0 1
    outer loop
      vertex 6.5916 -12.332 1
      vertex 6.59955 -12.3469 1
      vertex 7.76861 -11.6266 1
    endloop
  endfacet
  facet normal 0 0 1
    outer loop
      vertex 6.5916 -12.332 1
      vertex 5.35757 -12.9343 1
      vertex 6.59955 -12.3469 1
    endloop
  endfacet
  facet normal -0 0 1
    outer loop
      vertex 5.35111 -12.9187 1
      vertex 5.35757 -12.9343 1
      vertex 6.5916 -12.332 1
    endloop
  endfacet
  facet normal 0 0 1
    outer loop
      vertex 5.35111 -12.9187 1
      vertex 4.06398 -13.3972 1
      vertex 5.35757 -12.9343 1
    endloop
  endfacet
  facet normal -0 0 1
    outer loop
      vertex 4.05909 -13.381 1
      vertex 4.06398 -13.3972 1
      vertex 5.35111 -12.9187 1
    endloop
  endfacet
  facet normal 0 0 1
    outer loop
      vertex 4.05909 -13.381 1
      vertex 2.73126 -13.731 1
      vertex 4.06398 -13.3972 1
    endloop
  endfacet
  facet normal -0 0 1
    outer loop
      vertex 2.72797 -13.7145 1
      vertex 2.73126 -13.731 1
      vertex 4.05909 -13.381 1
    endloop
  endfacet
  facet normal 0 0 1
    outer loop
      vertex 2.72797 -13.7145 1
      vertex 1.37224 -13.9326 1
      vertex 2.73126 -13.731 1
    endloop
  endfacet
  facet normal -0 0 1
    outer loop
      vertex 1.37059 -13.9158 1
      vertex 1.37224 -13.9326 1
      vertex 2.72797 -13.7145 1
    endloop
  endfacet
  facet normal 0 0 1
    outer loop
      vertex 0 -13.9831 1
      vertex 1.37224 -13.9326 1
      vertex 1.37059 -13.9158 1
    endloop
  endfacet
  facet normal -0 0 1
    outer loop
      vertex 0 -13.9831 1
      vertex 0 -14 1
      vertex 1.37224 -13.9326 1
    endloop
  endfacet
  facet normal 0 0 1
    outer loop
      vertex -1.37059 -13.9158 1
      vertex 0 -14 1
      vertex 0 -13.9831 1
    endloop
  endfacet
  facet normal 0 0 1
    outer loop
      vertex -1.37059 -13.9158 1
      vertex -1.37224 -13.9326 1
      vertex 0 -14 1
    endloop
  endfacet
  facet normal 0 0 1
    outer loop
      vertex -2.72797 -13.7145 1
      vertex -1.37224 -13.9326 1
      vertex -1.37059 -13.9158 1
    endloop
  endfacet
  facet normal 0 0 1
    outer loop
      vertex -2.72797 -13.7145 1
      vertex -2.73126 -13.731 1
      vertex -1.37224 -13.9326 1
    endloop
  endfacet
  facet normal 0 0 1
    outer loop
      vertex -4.05909 -13.381 1
      vertex -2.73126 -13.731 1
      vertex -2.72797 -13.7145 1
    endloop
  endfacet
  facet normal 0 0 1
    outer loop
      vertex -4.05909 -13.381 1
      vertex -4.06398 -13.3972 1
      vertex -2.73126 -13.731 1
    endloop
  endfacet
  facet normal 0 0 1
    outer loop
      vertex -5.35111 -12.9187 1
      vertex -4.06398 -13.3972 1
      vertex -4.05909 -13.381 1
    endloop
  endfacet
  facet normal 0 0 1
    outer loop
      vertex -5.35111 -12.9187 1
      vertex -5.35757 -12.9343 1
      vertex -4.06398 -13.3972 1
    endloop
  endfacet
  facet normal 0 0 1
    outer loop
      vertex -6.5916 -12.332 1
      vertex -5.35757 -12.9343 1
      vertex -5.35111 -12.9187 1
    endloop
  endfacet
  facet normal 0 0 1
    outer loop
      vertex -6.5916 -12.332 1
      vertex -6.59955 -12.3469 1
      vertex -5.35757 -12.9343 1
    endloop
  endfacet
  facet normal 0 0 1
    outer loop
      vertex -7.76861 -11.6266 1
      vertex -6.59955 -12.3469 1
      vertex -6.5916 -12.332 1
    endloop
  endfacet
  facet normal 0 0 1
    outer loop
      vertex -7.76861 -11.6266 1
      vertex -7.77798 -11.6406 1
      vertex -6.59955 -12.3469 1
    endloop
  endfacet
  facet normal 0 0 1
    outer loop
      vertex -8.87081 -10.8091 1
      vertex -7.77798 -11.6406 1
      vertex -7.76861 -11.6266 1
    endloop
  endfacet
  facet normal 0 0 1
    outer loop
      vertex -8.87081 -10.8091 1
      vertex -8.88151 -10.8221 1
      vertex -7.77798 -11.6406 1
    endloop
  endfacet
  facet normal 0 0 1
    outer loop
      vertex -9.88757 -9.88757 1
      vertex -8.88151 -10.8221 1
      vertex -8.87081 -10.8091 1
    endloop
  endfacet
  facet normal 0 0 1
    outer loop
      vertex -9.88757 -9.88757 1
      vertex -9.89949 -9.89949 1
      vertex -8.88151 -10.8221 1
    endloop
  endfacet
  facet normal 0 0 1
    outer loop
      vertex -10.8091 -8.87081 1
      vertex -9.89949 -9.89949 1
      vertex -9.88757 -9.88757 1
    endloop
  endfacet
  facet normal 0 0 1
    outer loop
      vertex -10.8091 -8.87081 1
      vertex -10.8221 -8.88151 1
      vertex -9.89949 -9.89949 1
    endloop
  endfacet
  facet normal 0 0 1
    outer loop
      vertex -11.6266 -7.76861 1
      vertex -10.8221 -8.88151 1
      vertex -10.8091 -8.87081 1
    endloop
  endfacet
  facet normal 0 0 1
    outer loop
      vertex -11.6266 -7.76861 1
      vertex -11.6406 -7.77798 1
      vertex -10.8221 -8.88151 1
    endloop
  endfacet
  facet normal 0 0 1
    outer loop
      vertex -12.332 -6.5916 1
      vertex -11.6406 -7.77798 1
      vertex -11.6266 -7.76861 1
    endloop
  endfacet
  facet normal 0 0 1
    outer loop
      vertex -12.332 -6.5916 1
      vertex -12.3469 -6.59955 1
      vertex -11.6406 -7.77798 1
    endloop
  endfacet
  facet normal 0 0 1
    outer loop
      vertex -12.9187 -5.35111 1
      vertex -12.3469 -6.59955 1
      vertex -12.332 -6.5916 1
    endloop
  endfacet
  facet normal 0 0 1
    outer loop
      vertex -12.9187 -5.35111 1
      vertex -12.9343 -5.35757 1
      vertex -12.3469 -6.59955 1
    endloop
  endfacet
  facet normal 0 0 1
    outer loop
      vertex -13.381 -4.05909 1
      vertex -12.9343 -5.35757 1
      vertex -12.9187 -5.35111 1
    endloop
  endfacet
  facet normal 0 0 1
    outer loop
      vertex -13.381 -4.05909 1
      vertex -13.3972 -4.06398 1
      vertex -12.9343 -5.35757 1
    endloop
  endfacet
  facet normal 0 0 1
    outer loop
      vertex -13.7145 -2.72797 1
      vertex -13.3972 -4.06398 1
      vertex -13.381 -4.05909 1
    endloop
  endfacet
  facet normal 0 0 1
    outer loop
      vertex -13.7145 -2.72797 1
      vertex -13.731 -2.73126 1
      vertex -13.3972 -4.06398 1
    endloop
  endfacet
  facet normal 0 0 1
    outer loop
      vertex -13.9158 -1.37059 1
      vertex -13.731 -2.73126 1
      vertex -13.7145 -2.72797 1
    endloop
  endfacet
  facet normal 0 0 1
    outer loop
      vertex -13.9158 -1.37059 1
      vertex -13.9326 -1.37224 1
      vertex -13.731 -2.73126 1
    endloop
  endfacet
  facet normal 0 0 1
    outer loop
      vertex -13.9831 0 1
      vertex -13.9326 -1.37224 1
      vertex -13.9158 -1.37059 1
    endloop
  endfacet
  facet normal 0 0 1
    outer loop
      vertex -13.9326 -1.37224 1
      vertex -13.9831 0 1
      vertex -14 0 1
    endloop
  endfacet
  facet normal 0.989176 0.146736 0
    outer loop
      vertex 13.9326 1.37224 1
      vertex 13.731 2.73126 0
      vertex 13.731 2.73126 1
    endloop
  endfacet
  facet normal 0.989176 0.146736 0
    outer loop
      vertex 13.731 2.73126 0
      vertex 13.9326 1.37224 1
      vertex 13.9326 1.37224 0
    endloop
  endfacet
  facet normal 0.998796 0.0490576 0
    outer loop
      vertex 14 0 1
      vertex 13.9326 1.37224 0
      vertex 13.9326 1.37224 1
    endloop
  endfacet
  facet normal 0.998796 0.0490576 0
    outer loop
      vertex 13.9326 1.37224 0
      vertex 14 0 1
      vertex 14 0 0
    endloop
  endfacet
  facet normal 0.970036 0.24296 0
    outer loop
      vertex 13.731 2.73126 1
      vertex 13.3972 4.06398 0
      vertex 13.3972 4.06398 1
    endloop
  endfacet
  facet normal 0.970036 0.24296 0
    outer loop
      vertex 13.3972 4.06398 0
      vertex 13.731 2.73126 1
      vertex 13.731 2.73126 0
    endloop
  endfacet
  facet normal 0.33692 -0.941533 0
    outer loop
      vertex 4.06398 -13.3972 0
      vertex 5.35757 -12.9343 1
      vertex 4.06398 -13.3972 1
    endloop
  endfacet
  facet normal 0.33692 -0.941533 0
    outer loop
      vertex 5.35757 -12.9343 1
      vertex 4.06398 -13.3972 0
      vertex 5.35757 -12.9343 0
    endloop
  endfacet
  facet normal 0.671546 0.740963 -0
    outer loop
      vertex 9.89949 9.89949 0
      vertex 8.88151 10.8221 1
      vertex 9.89949 9.89949 1
    endloop
  endfacet
  facet normal 0.671546 0.740963 0
    outer loop
      vertex 8.88151 10.8221 1
      vertex 9.89949 9.89949 0
      vertex 8.88151 10.8221 0
    endloop
  endfacet
  facet normal 0.740963 0.671546 0
    outer loop
      vertex 10.8221 8.88151 1
      vertex 9.89949 9.89949 0
      vertex 9.89949 9.89949 1
    endloop
  endfacet
  facet normal 0.740963 0.671546 0
    outer loop
      vertex 9.89949 9.89949 0
      vertex 10.8221 8.88151 1
      vertex 10.8221 8.88151 0
    endloop
  endfacet
  facet normal 0.51409 -0.857736 0
    outer loop
      vertex 6.59955 -12.3469 0
      vertex 7.77798 -11.6406 1
      vertex 6.59955 -12.3469 1
    endloop
  endfacet
  facet normal 0.51409 -0.857736 0
    outer loop
      vertex 7.77798 -11.6406 1
      vertex 6.59955 -12.3469 0
      vertex 7.77798 -11.6406 0
    endloop
  endfacet
  facet normal -0.427547 0.903993 0
    outer loop
      vertex -5.35757 12.9343 0
      vertex -6.59955 12.3469 1
      vertex -5.35757 12.9343 1
    endloop
  endfacet
  facet normal -0.427547 0.903993 0
    outer loop
      vertex -6.59955 12.3469 1
      vertex -5.35757 12.9343 0
      vertex -6.59955 12.3469 0
    endloop
  endfacet
  facet normal 0.989176 -0.146736 0
    outer loop
      vertex 13.731 -2.73126 1
      vertex 13.9326 -1.37224 0
      vertex 13.9326 -1.37224 1
    endloop
  endfacet
  facet normal 0.989176 -0.146736 0
    outer loop
      vertex 13.9326 -1.37224 0
      vertex 13.731 -2.73126 1
      vertex 13.731 -2.73126 0
    endloop
  endfacet
  facet normal 0.24296 -0.970036 0
    outer loop
      vertex 2.73126 -13.731 0
      vertex 4.06398 -13.3972 1
      vertex 2.73126 -13.731 1
    endloop
  endfacet
  facet normal 0.24296 -0.970036 0
    outer loop
      vertex 4.06398 -13.3972 1
      vertex 2.73126 -13.731 0
      vertex 4.06398 -13.3972 0
    endloop
  endfacet
  facet normal -0.24296 0.970036 0
    outer loop
      vertex -2.73126 13.731 0
      vertex -4.06398 13.3972 1
      vertex -2.73126 13.731 1
    endloop
  endfacet
  facet normal -0.24296 0.970036 0
    outer loop
      vertex -4.06398 13.3972 1
      vertex -2.73126 13.731 0
      vertex -4.06398 13.3972 0
    endloop
  endfacet
  facet normal -0.941533 -0.33692 0
    outer loop
      vertex -12.9343 -5.35757 0
      vertex -13.3972 -4.06398 1
      vertex -13.3972 -4.06398 0
    endloop
  endfacet
  facet normal -0.941533 -0.33692 0
    outer loop
      vertex -13.3972 -4.06398 1
      vertex -12.9343 -5.35757 0
      vertex -12.9343 -5.35757 1
    endloop
  endfacet
  facet normal 0.803184 -0.59573 0
    outer loop
      vertex 10.8221 -8.88151 1
      vertex 11.6406 -7.77798 0
      vertex 11.6406 -7.77798 1
    endloop
  endfacet
  facet normal 0.803184 -0.59573 0
    outer loop
      vertex 11.6406 -7.77798 0
      vertex 10.8221 -8.88151 1
      vertex 10.8221 -8.88151 0
    endloop
  endfacet
  facet normal -0.51409 0.857736 0
    outer loop
      vertex -6.59955 12.3469 0
      vertex -7.77798 11.6406 1
      vertex -6.59955 12.3469 1
    endloop
  endfacet
  facet normal -0.51409 0.857736 0
    outer loop
      vertex -7.77798 11.6406 1
      vertex -6.59955 12.3469 0
      vertex -7.77798 11.6406 0
    endloop
  endfacet
  facet normal -0.146736 -0.989176 0
    outer loop
      vertex -2.73126 -13.731 0
      vertex -1.37224 -13.9326 1
      vertex -2.73126 -13.731 1
    endloop
  endfacet
  facet normal -0.146736 -0.989176 -0
    outer loop
      vertex -1.37224 -13.9326 1
      vertex -2.73126 -13.731 0
      vertex -1.37224 -13.9326 0
    endloop
  endfacet
  facet normal 0.59573 -0.803184 0
    outer loop
      vertex 7.77798 -11.6406 0
      vertex 8.88151 -10.8221 1
      vertex 7.77798 -11.6406 1
    endloop
  endfacet
  facet normal 0.59573 -0.803184 0
    outer loop
      vertex 8.88151 -10.8221 1
      vertex 7.77798 -11.6406 0
      vertex 8.88151 -10.8221 0
    endloop
  endfacet
  facet normal -0.24296 -0.970036 0
    outer loop
      vertex -4.06398 -13.3972 0
      vertex -2.73126 -13.731 1
      vertex -4.06398 -13.3972 1
    endloop
  endfacet
  facet normal -0.24296 -0.970036 -0
    outer loop
      vertex -2.73126 -13.731 1
      vertex -4.06398 -13.3972 0
      vertex -2.73126 -13.731 0
    endloop
  endfacet
  facet normal 0.903993 -0.427547 0
    outer loop
      vertex 12.3469 -6.59955 1
      vertex 12.9343 -5.35757 0
      vertex 12.9343 -5.35757 1
    endloop
  endfacet
  facet normal 0.903993 -0.427547 0
    outer loop
      vertex 12.9343 -5.35757 0
      vertex 12.3469 -6.59955 1
      vertex 12.3469 -6.59955 0
    endloop
  endfacet
  facet normal 0.51409 0.857736 -0
    outer loop
      vertex 7.77798 11.6406 0
      vertex 6.59955 12.3469 1
      vertex 7.77798 11.6406 1
    endloop
  endfacet
  facet normal 0.51409 0.857736 0
    outer loop
      vertex 6.59955 12.3469 1
      vertex 7.77798 11.6406 0
      vertex 6.59955 12.3469 0
    endloop
  endfacet
  facet normal -0.857736 -0.51409 0
    outer loop
      vertex -11.6406 -7.77798 0
      vertex -12.3469 -6.59955 1
      vertex -12.3469 -6.59955 0
    endloop
  endfacet
  facet normal -0.857736 -0.51409 0
    outer loop
      vertex -12.3469 -6.59955 1
      vertex -11.6406 -7.77798 0
      vertex -11.6406 -7.77798 1
    endloop
  endfacet
  facet normal 0.970036 -0.24296 0
    outer loop
      vertex 13.3972 -4.06398 1
      vertex 13.731 -2.73126 0
      vertex 13.731 -2.73126 1
    endloop
  endfacet
  facet normal 0.970036 -0.24296 0
    outer loop
      vertex 13.731 -2.73126 0
      vertex 13.3972 -4.06398 1
      vertex 13.3972 -4.06398 0
    endloop
  endfacet
  facet normal -0.857736 0.51409 0
    outer loop
      vertex -12.3469 6.59955 0
      vertex -11.6406 7.77798 1
      vertex -11.6406 7.77798 0
    endloop
  endfacet
  facet normal -0.857736 0.51409 0
    outer loop
      vertex -11.6406 7.77798 1
      vertex -12.3469 6.59955 0
      vertex -12.3469 6.59955 1
    endloop
  endfacet
  facet normal 0 0 -1
    outer loop
      vertex 1.62331 -0.0343057 0
      vertex 14 0 0
      vertex 13.9326 -1.37224 0
    endloop
  endfacet
  facet normal 0 0 -1
    outer loop
      vertex 1.61214 -0.193253 0
      vertex 13.9326 -1.37224 0
      vertex 13.731 -2.73126 0
    endloop
  endfacet
  facet normal 0 0 -1
    outer loop
      vertex 1.62331 0.0343057 0
      vertex 14 0 0
      vertex 1.625 0 0
    endloop
  endfacet
  facet normal 0 0 -1
    outer loop
      vertex 1.59378 -0.317021 0
      vertex 13.731 -2.73126 0
      vertex 13.3972 -4.06398 0
    endloop
  endfacet
  facet normal 0 0 -1
    outer loop
      vertex 14 0 0
      vertex 1.62331 0.0343057 0
      vertex 13.9326 1.37224 0
    endloop
  endfacet
  facet normal 0 0 -1
    outer loop
      vertex 1.54346 -0.504052 0
      vertex 13.3972 -4.06398 0
      vertex 12.9343 -5.35757 0
    endloop
  endfacet
  facet normal 0 0 -1
    outer loop
      vertex 1.61717 0.159277 0
      vertex 13.9326 1.37224 0
      vertex 1.62331 0.0343057 0
    endloop
  endfacet
  facet normal 0 0 -1
    outer loop
      vertex 1.48662 -0.65291 0
      vertex 12.9343 -5.35757 0
      vertex 12.3469 -6.59955 0
    endloop
  endfacet
  facet normal 0 0 -1
    outer loop
      vertex 1.61214 0.193253 0
      vertex 13.9326 1.37224 0
      vertex 1.61717 0.159277 0
    endloop
  endfacet
  facet normal 0 0 -1
    outer loop
      vertex 1.43312 -0.76602 0
      vertex 12.3469 -6.59955 0
      vertex 11.6406 -7.77798 0
    endloop
  endfacet
  facet normal -0 0 -1
    outer loop
      vertex 13.9326 1.37224 0
      vertex 1.61214 0.193253 0
      vertex 13.731 2.73126 0
    endloop
  endfacet
  facet normal 0 0 -1
    outer loop
      vertex 1.33068 -0.930389 0
      vertex 11.6406 -7.77798 0
      vertex 10.8221 -8.88151 0
    endloop
  endfacet
  facet normal 0 0 -1
    outer loop
      vertex 1.59378 0.317021 0
      vertex 13.731 2.73126 0
      vertex 1.61214 0.193253 0
    endloop
  endfacet
  facet normal 0 0 -1
    outer loop
      vertex 1.23308 -1.05634 0
      vertex 10.8221 -8.88151 0
      vertex 9.89949 -9.89949 0
    endloop
  endfacet
  facet normal -0 0 -1
    outer loop
      vertex 13.731 2.73126 0
      vertex 1.59378 0.317021 0
      vertex 13.3972 4.06398 0
    endloop
  endfacet
  facet normal 0 0 -1
    outer loop
      vertex 1.14905 -1.14905 0
      vertex 9.89949 -9.89949 0
      vertex 8.88151 -10.8221 0
    endloop
  endfacet
  facet normal 0 0 -1
    outer loop
      vertex 1.56337 0.438394 0
      vertex 13.3972 4.06398 0
      vertex 1.59378 0.317021 0
    endloop
  endfacet
  facet normal 0 0 -1
    outer loop
      vertex 1.03089 -1.25614 0
      vertex 8.88151 -10.8221 0
      vertex 7.77798 -11.6406 0
    endloop
  endfacet
  facet normal 0 0 -1
    outer loop
      vertex 1.55503 0.471712 0
      vertex 13.3972 4.06398 0
      vertex 1.56337 0.438394 0
    endloop
  endfacet
  facet normal 0 0 -1
    outer loop
      vertex 0.87334 -1.3688 0
      vertex 7.77798 -11.6406 0
      vertex 6.59955 -12.3469 0
    endloop
  endfacet
  facet normal 0 0 -1
    outer loop
      vertex 1.54346 0.504052 0
      vertex 13.3972 4.06398 0
      vertex 1.55503 0.471712 0
    endloop
  endfacet
  facet normal 0 0 -1
    outer loop
      vertex 0.76602 -1.43312 0
      vertex 6.59955 -12.3469 0
      vertex 5.35757 -12.9343 0
    endloop
  endfacet
  facet normal -0 0 -1
    outer loop
      vertex 13.3972 4.06398 0
      vertex 1.54346 0.504052 0
      vertex 12.9343 5.35757 0
    endloop
  endfacet
  facet normal 0 0 -1
    outer loop
      vertex 0.62186 -1.5013 0
      vertex 5.35757 -12.9343 0
      vertex 4.06398 -13.3972 0
    endloop
  endfacet
  facet normal 0 0 -1
    outer loop
      vertex 1.5013 0.62186 0
      vertex 12.9343 5.35757 0
      vertex 1.54346 0.504052 0
    endloop
  endfacet
  facet normal 0 0 -1
    outer loop
      vertex 0.438394 -1.56337 0
      vertex 4.06398 -13.3972 0
      vertex 2.73126 -13.731 0
    endloop
  endfacet
  facet normal 0 0 -1
    outer loop
      vertex 1.48662 0.65291 0
      vertex 12.9343 5.35757 0
      vertex 1.5013 0.62186 0
    endloop
  endfacet
  facet normal -0 0 -1
    outer loop
      vertex 12.9343 5.35757 0
      vertex 1.48662 0.65291 0
      vertex 12.3469 6.59955 0
    endloop
  endfacet
  facet normal -0 0 -1
    outer loop
      vertex 14 0 0
      vertex 1.62331 -0.0343057 0
      vertex 1.625 0 0
    endloop
  endfacet
  facet normal 0 0 -1
    outer loop
      vertex 13.9326 -1.37224 0
      vertex 1.61717 -0.159277 0
      vertex 1.62331 -0.0343057 0
    endloop
  endfacet
  facet normal 0 0 -1
    outer loop
      vertex 13.9326 -1.37224 0
      vertex 1.61214 -0.193253 0
      vertex 1.61717 -0.159277 0
    endloop
  endfacet
  facet normal 0 0 -1
    outer loop
      vertex 13.731 -2.73126 0
      vertex 1.59378 -0.317021 0
      vertex 1.61214 -0.193253 0
    endloop
  endfacet
  facet normal 0 0 -1
    outer loop
      vertex 13.3972 -4.06398 0
      vertex 1.56337 -0.438394 0
      vertex 1.59378 -0.317021 0
    endloop
  endfacet
  facet normal 0 0 -1
    outer loop
      vertex 13.3972 -4.06398 0
      vertex 1.55503 -0.471712 0
      vertex 1.56337 -0.438394 0
    endloop
  endfacet
  facet normal 0 0 -1
    outer loop
      vertex 13.3972 -4.06398 0
      vertex 1.54346 -0.504052 0
      vertex 1.55503 -0.471712 0
    endloop
  endfacet
  facet normal 0 0 -1
    outer loop
      vertex 12.9343 -5.35757 0
      vertex 1.5013 -0.62186 0
      vertex 1.54346 -0.504052 0
    endloop
  endfacet
  facet normal 0 0 -1
    outer loop
      vertex 12.9343 -5.35757 0
      vertex 1.48662 -0.65291 0
      vertex 1.5013 -0.62186 0
    endloop
  endfacet
  facet normal 0 0 -1
    outer loop
      vertex 12.3469 -6.59955 0
      vertex 1.43312 -0.76602 0
      vertex 1.48662 -0.65291 0
    endloop
  endfacet
  facet normal 0 0 -1
    outer loop
      vertex 0.317021 -1.59378 0
      vertex 2.73126 -13.731 0
      vertex 1.37224 -13.9326 0
    endloop
  endfacet
  facet normal 0 0 -1
    outer loop
      vertex 11.6406 -7.77798 0
      vertex 1.3688 -0.87334 0
      vertex 1.43312 -0.76602 0
    endloop
  endfacet
  facet normal 0 0 -1
    outer loop
      vertex 11.6406 -7.77798 0
      vertex 1.35114 -0.902801 0
      vertex 1.3688 -0.87334 0
    endloop
  endfacet
  facet normal 0 0 -1
    outer loop
      vertex 11.6406 -7.77798 0
      vertex 1.33068 -0.930389 0
      vertex 1.35114 -0.902801 0
    endloop
  endfacet
  facet normal 0 0 -1
    outer loop
      vertex 10.8221 -8.88151 0
      vertex 1.25614 -1.03089 0
      vertex 1.33068 -0.930389 0
    endloop
  endfacet
  facet normal 0 0 -1
    outer loop
      vertex 10.8221 -8.88151 0
      vertex 1.23308 -1.05634 0
      vertex 1.25614 -1.03089 0
    endloop
  endfacet
  facet normal 0 0 -1
    outer loop
      vertex 9.89949 -9.89949 0
      vertex 1.14905 -1.14905 0
      vertex 1.23308 -1.05634 0
    endloop
  endfacet
  facet normal 0 0 -1
    outer loop
      vertex 8.88151 -10.8221 0
      vertex 1.05634 -1.23308 0
      vertex 1.14905 -1.14905 0
    endloop
  endfacet
  facet normal 0 0 -1
    outer loop
      vertex 8.88151 -10.8221 0
      vertex 1.03089 -1.25614 0
      vertex 1.05634 -1.23308 0
    endloop
  endfacet
  facet normal 0 0 -1
    outer loop
      vertex 7.77798 -11.6406 0
      vertex 0.930389 -1.33068 0
      vertex 1.03089 -1.25614 0
    endloop
  endfacet
  facet normal 0 0 -1
    outer loop
      vertex 7.77798 -11.6406 0
      vertex 0.902801 -1.35114 0
      vertex 0.930389 -1.33068 0
    endloop
  endfacet
  facet normal 0 0 -1
    outer loop
      vertex 7.77798 -11.6406 0
      vertex 0.87334 -1.3688 0
      vertex 0.902801 -1.35114 0
    endloop
  endfacet
  facet normal 0 0 -1
    outer loop
      vertex 6.59955 -12.3469 0
      vertex 0.76602 -1.43312 0
      vertex 0.87334 -1.3688 0
    endloop
  endfacet
  facet normal 0 0 -1
    outer loop
      vertex 5.35757 -12.9343 0
      vertex 0.65291 -1.48662 0
      vertex 0.76602 -1.43312 0
    endloop
  endfacet
  facet normal 0 0 -1
    outer loop
      vertex 5.35757 -12.9343 0
      vertex 0.62186 -1.5013 0
      vertex 0.65291 -1.48662 0
    endloop
  endfacet
  facet normal 0 0 -1
    outer loop
      vertex 4.06398 -13.3972 0
      vertex 0.504052 -1.54346 0
      vertex 0.62186 -1.5013 0
    endloop
  endfacet
  facet normal 0 0 -1
    outer loop
      vertex 4.06398 -13.3972 0
      vertex 0.471712 -1.55503 0
      vertex 0.504052 -1.54346 0
    endloop
  endfacet
  facet normal 0 0 -1
    outer loop
      vertex 4.06398 -13.3972 0
      vertex 0.438394 -1.56337 0
      vertex 0.471712 -1.55503 0
    endloop
  endfacet
  facet normal 0 0 -1
    outer loop
      vertex 2.73126 -13.731 0
      vertex 0.317021 -1.59378 0
      vertex 0.438394 -1.56337 0
    endloop
  endfacet
  facet normal 0 0 -1
    outer loop
      vertex 1.37224 -13.9326 0
      vertex 0.193253 -1.61214 0
      vertex 0.317021 -1.59378 0
    endloop
  endfacet
  facet normal 0 0 -1
    outer loop
      vertex 1.37224 -13.9326 0
      vertex 0.159277 -1.61717 0
      vertex 0.193253 -1.61214 0
    endloop
  endfacet
  facet normal 0 0 -1
    outer loop
      vertex 1.37224 -13.9326 0
      vertex 0.0343057 -1.62331 0
      vertex 0.159277 -1.61717 0
    endloop
  endfacet
  facet normal 0 0 -1
    outer loop
      vertex 0 -14 0
      vertex 0.0343057 -1.62331 0
      vertex 1.37224 -13.9326 0
    endloop
  endfacet
  facet normal 0 0 -1
    outer loop
      vertex 0 -14 0
      vertex 0 -1.625 0
      vertex 0.0343057 -1.62331 0
    endloop
  endfacet
  facet normal 0 0 -1
    outer loop
      vertex 0 -14 0
      vertex -0.0343057 -1.62331 0
      vertex 0 -1.625 0
    endloop
  endfacet
  facet normal 0 0 -1
    outer loop
      vertex 0 -14 0
      vertex -0.159277 -1.61717 0
      vertex -0.0343057 -1.62331 0
    endloop
  endfacet
  facet normal 0 0 -1
    outer loop
      vertex -1.37224 -13.9326 0
      vertex -0.159277 -1.61717 0
      vertex 0 -14 0
    endloop
  endfacet
  facet normal -0 0 -1
    outer loop
      vertex -0.159277 -1.61717 0
      vertex -1.37224 -13.9326 0
      vertex -0.193253 -1.61214 0
    endloop
  endfacet
  facet normal -0 0 -1
    outer loop
      vertex -0.193253 -1.61214 0
      vertex -1.37224 -13.9326 0
      vertex -0.317021 -1.59378 0
    endloop
  endfacet
  facet normal 0 0 -1
    outer loop
      vertex -2.73126 -13.731 0
      vertex -0.317021 -1.59378 0
      vertex -1.37224 -13.9326 0
    endloop
  endfacet
  facet normal -0 0 -1
    outer loop
      vertex -0.317021 -1.59378 0
      vertex -2.73126 -13.731 0
      vertex -0.438394 -1.56337 0
    endloop
  endfacet
  facet normal 0 0 -1
    outer loop
      vertex -4.06398 -13.3972 0
      vertex -0.438394 -1.56337 0
      vertex -2.73126 -13.731 0
    endloop
  endfacet
  facet normal -0 0 -1
    outer loop
      vertex -0.438394 -1.56337 0
      vertex -4.06398 -13.3972 0
      vertex -0.471712 -1.55503 0
    endloop
  endfacet
  facet normal -0 0 -1
    outer loop
      vertex -0.471712 -1.55503 0
      vertex -4.06398 -13.3972 0
      vertex -0.504052 -1.54346 0
    endloop
  endfacet
  facet normal -0 0 -1
    outer loop
      vertex -0.504052 -1.54346 0
      vertex -4.06398 -13.3972 0
      vertex -0.62186 -1.5013 0
    endloop
  endfacet
  facet normal 0 0 -1
    outer loop
      vertex -5.35757 -12.9343 0
      vertex -0.62186 -1.5013 0
      vertex -4.06398 -13.3972 0
    endloop
  endfacet
  facet normal -0 0 -1
    outer loop
      vertex -0.62186 -1.5013 0
      vertex -5.35757 -12.9343 0
      vertex -0.65291 -1.48662 0
    endloop
  endfacet
  facet normal -0 0 -1
    outer loop
      vertex -0.65291 -1.48662 0
      vertex -5.35757 -12.9343 0
      vertex -0.76602 -1.43312 0
    endloop
  endfacet
  facet normal 0 0 -1
    outer loop
      vertex -6.59955 -12.3469 0
      vertex -0.76602 -1.43312 0
      vertex -5.35757 -12.9343 0
    endloop
  endfacet
  facet normal -0 0 -1
    outer loop
      vertex -0.76602 -1.43312 0
      vertex -6.59955 -12.3469 0
      vertex -0.87334 -1.3688 0
    endloop
  endfacet
  facet normal 0 0 -1
    outer loop
      vertex -7.77798 -11.6406 0
      vertex -0.87334 -1.3688 0
      vertex -6.59955 -12.3469 0
    endloop
  endfacet
  facet normal -0 0 -1
    outer loop
      vertex -0.87334 -1.3688 0
      vertex -7.77798 -11.6406 0
      vertex -0.902801 -1.35114 0
    endloop
  endfacet
  facet normal -0 0 -1
    outer loop
      vertex -0.902801 -1.35114 0
      vertex -7.77798 -11.6406 0
      vertex -0.930389 -1.33068 0
    endloop
  endfacet
  facet normal -0 0 -1
    outer loop
      vertex -0.930389 -1.33068 0
      vertex -7.77798 -11.6406 0
      vertex -1.03089 -1.25614 0
    endloop
  endfacet
  facet normal 0 0 -1
    outer loop
      vertex -8.88151 -10.8221 0
      vertex -1.03089 -1.25614 0
      vertex -7.77798 -11.6406 0
    endloop
  endfacet
  facet normal -0 0 -1
    outer loop
      vertex -1.03089 -1.25614 0
      vertex -8.88151 -10.8221 0
      vertex -1.05634 -1.23308 0
    endloop
  endfacet
  facet normal -0 0 -1
    outer loop
      vertex -1.05634 -1.23308 0
      vertex -8.88151 -10.8221 0
      vertex -1.14905 -1.14905 0
    endloop
  endfacet
  facet normal 0 0 -1
    outer loop
      vertex -9.89949 -9.89949 0
      vertex -1.14905 -1.14905 0
      vertex -8.88151 -10.8221 0
    endloop
  endfacet
  facet normal -0 0 -1
    outer loop
      vertex -1.14905 -1.14905 0
      vertex -9.89949 -9.89949 0
      vertex -1.23308 -1.05634 0
    endloop
  endfacet
  facet normal 0 0 -1
    outer loop
      vertex -10.8221 -8.88151 0
      vertex -1.23308 -1.05634 0
      vertex -9.89949 -9.89949 0
    endloop
  endfacet
  facet normal -0 0 -1
    outer loop
      vertex -1.23308 -1.05634 0
      vertex -10.8221 -8.88151 0
      vertex -1.25614 -1.03089 0
    endloop
  endfacet
  facet normal -0 0 -1
    outer loop
      vertex -1.25614 -1.03089 0
      vertex -10.8221 -8.88151 0
      vertex -1.33068 -0.930389 0
    endloop
  endfacet
  facet normal 0 0 -1
    outer loop
      vertex -11.6406 -7.77798 0
      vertex -1.33068 -0.930389 0
      vertex -10.8221 -8.88151 0
    endloop
  endfacet
  facet normal -0 0 -1
    outer loop
      vertex -1.33068 -0.930389 0
      vertex -11.6406 -7.77798 0
      vertex -1.35114 -0.902801 0
    endloop
  endfacet
  facet normal -0 0 -1
    outer loop
      vertex -1.35114 -0.902801 0
      vertex -11.6406 -7.77798 0
      vertex -1.3688 -0.87334 0
    endloop
  endfacet
  facet normal -0 0 -1
    outer loop
      vertex -1.3688 -0.87334 0
      vertex -11.6406 -7.77798 0
      vertex -1.43312 -0.76602 0
    endloop
  endfacet
  facet normal 0 0 -1
    outer loop
      vertex -12.3469 -6.59955 0
      vertex -1.43312 -0.76602 0
      vertex -11.6406 -7.77798 0
    endloop
  endfacet
  facet normal -0 0 -1
    outer loop
      vertex -1.43312 -0.76602 0
      vertex -12.3469 -6.59955 0
      vertex -1.48662 -0.65291 0
    endloop
  endfacet
  facet normal 0 0 -1
    outer loop
      vertex 1.43312 0.76602 0
      vertex 12.3469 6.59955 0
      vertex 1.48662 0.65291 0
    endloop
  endfacet
  facet normal -0 0 -1
    outer loop
      vertex 12.3469 6.59955 0
      vertex 1.43312 0.76602 0
      vertex 11.6406 7.77798 0
    endloop
  endfacet
  facet normal 0 0 -1
    outer loop
      vertex 1.3688 0.87334 0
      vertex 11.6406 7.77798 0
      vertex 1.43312 0.76602 0
    endloop
  endfacet
  facet normal 0 0 -1
    outer loop
      vertex 1.35114 0.902801 0
      vertex 11.6406 7.77798 0
      vertex 1.3688 0.87334 0
    endloop
  endfacet
  facet normal 0 0 -1
    outer loop
      vertex 1.33068 0.930389 0
      vertex 11.6406 7.77798 0
      vertex 1.35114 0.902801 0
    endloop
  endfacet
  facet normal -0 0 -1
    outer loop
      vertex 11.6406 7.77798 0
      vertex 1.33068 0.930389 0
      vertex 10.8221 8.88151 0
    endloop
  endfacet
  facet normal 0 0 -1
    outer loop
      vertex 1.25614 1.03089 0
      vertex 10.8221 8.88151 0
      vertex 1.33068 0.930389 0
    endloop
  endfacet
  facet normal 0 0 -1
    outer loop
      vertex 1.23308 1.05634 0
      vertex 10.8221 8.88151 0
      vertex 1.25614 1.03089 0
    endloop
  endfacet
  facet normal -0 0 -1
    outer loop
      vertex 10.8221 8.88151 0
      vertex 1.23308 1.05634 0
      vertex 9.89949 9.89949 0
    endloop
  endfacet
  facet normal 0 0 -1
    outer loop
      vertex 1.14905 1.14905 0
      vertex 9.89949 9.89949 0
      vertex 1.23308 1.05634 0
    endloop
  endfacet
  facet normal -0 0 -1
    outer loop
      vertex 9.89949 9.89949 0
      vertex 1.14905 1.14905 0
      vertex 8.88151 10.8221 0
    endloop
  endfacet
  facet normal 0 0 -1
    outer loop
      vertex 1.05634 1.23308 0
      vertex 8.88151 10.8221 0
      vertex 1.14905 1.14905 0
    endloop
  endfacet
  facet normal 0 0 -1
    outer loop
      vertex 1.03089 1.25614 0
      vertex 8.88151 10.8221 0
      vertex 1.05634 1.23308 0
    endloop
  endfacet
  facet normal -0 0 -1
    outer loop
      vertex 8.88151 10.8221 0
      vertex 1.03089 1.25614 0
      vertex 7.77798 11.6406 0
    endloop
  endfacet
  facet normal 0 0 -1
    outer loop
      vertex 0.930389 1.33068 0
      vertex 7.77798 11.6406 0
      vertex 1.03089 1.25614 0
    endloop
  endfacet
  facet normal 0 0 -1
    outer loop
      vertex 0.902801 1.35114 0
      vertex 7.77798 11.6406 0
      vertex 0.930389 1.33068 0
    endloop
  endfacet
  facet normal 0 0 -1
    outer loop
      vertex 0.87334 1.3688 0
      vertex 7.77798 11.6406 0
      vertex 0.902801 1.35114 0
    endloop
  endfacet
  facet normal -0 0 -1
    outer loop
      vertex 7.77798 11.6406 0
      vertex 0.87334 1.3688 0
      vertex 6.59955 12.3469 0
    endloop
  endfacet
  facet normal 0 0 -1
    outer loop
      vertex 0.76602 1.43312 0
      vertex 6.59955 12.3469 0
      vertex 0.87334 1.3688 0
    endloop
  endfacet
  facet normal -0 0 -1
    outer loop
      vertex 6.59955 12.3469 0
      vertex 0.76602 1.43312 0
      vertex 5.35757 12.9343 0
    endloop
  endfacet
  facet normal 0 0 -1
    outer loop
      vertex 0.65291 1.48662 0
      vertex 5.35757 12.9343 0
      vertex 0.76602 1.43312 0
    endloop
  endfacet
  facet normal 0 0 -1
    outer loop
      vertex 0.62186 1.5013 0
      vertex 5.35757 12.9343 0
      vertex 0.65291 1.48662 0
    endloop
  endfacet
  facet normal -0 0 -1
    outer loop
      vertex 5.35757 12.9343 0
      vertex 0.62186 1.5013 0
      vertex 4.06398 13.3972 0
    endloop
  endfacet
  facet normal 0 0 -1
    outer loop
      vertex 0.504052 1.54346 0
      vertex 4.06398 13.3972 0
      vertex 0.62186 1.5013 0
    endloop
  endfacet
  facet normal 0 0 -1
    outer loop
      vertex 0.471712 1.55503 0
      vertex 4.06398 13.3972 0
      vertex 0.504052 1.54346 0
    endloop
  endfacet
  facet normal 0 0 -1
    outer loop
      vertex 0.438394 1.56337 0
      vertex 4.06398 13.3972 0
      vertex 0.471712 1.55503 0
    endloop
  endfacet
  facet normal -0 0 -1
    outer loop
      vertex 4.06398 13.3972 0
      vertex 0.438394 1.56337 0
      vertex 2.73126 13.731 0
    endloop
  endfacet
  facet normal 0 0 -1
    outer loop
      vertex 0.317021 1.59378 0
      vertex 2.73126 13.731 0
      vertex 0.438394 1.56337 0
    endloop
  endfacet
  facet normal -0 0 -1
    outer loop
      vertex 2.73126 13.731 0
      vertex 0.317021 1.59378 0
      vertex 1.37224 13.9326 0
    endloop
  endfacet
  facet normal 0 0 -1
    outer loop
      vertex 0.193253 1.61214 0
      vertex 1.37224 13.9326 0
      vertex 0.317021 1.59378 0
    endloop
  endfacet
  facet normal 0 0 -1
    outer loop
      vertex 0.159277 1.61717 0
      vertex 1.37224 13.9326 0
      vertex 0.193253 1.61214 0
    endloop
  endfacet
  facet normal 0 0 -1
    outer loop
      vertex 0.0343057 1.62331 0
      vertex 1.37224 13.9326 0
      vertex 0.159277 1.61717 0
    endloop
  endfacet
  facet normal 0 0 -1
    outer loop
      vertex 0 14 0
      vertex 0.0343057 1.62331 0
      vertex 0 1.625 0
    endloop
  endfacet
  facet normal 0 0 -1
    outer loop
      vertex 0.0343057 1.62331 0
      vertex 0 14 0
      vertex 1.37224 13.9326 0
    endloop
  endfacet
  facet normal 0 0 -1
    outer loop
      vertex -0.0343057 1.62331 0
      vertex 0 14 0
      vertex 0 1.625 0
    endloop
  endfacet
  facet normal 0 0 -1
    outer loop
      vertex -0.159277 1.61717 0
      vertex 0 14 0
      vertex -0.0343057 1.62331 0
    endloop
  endfacet
  facet normal 0 0 -1
    outer loop
      vertex -1.37224 13.9326 0
      vertex -0.159277 1.61717 0
      vertex -0.193253 1.61214 0
    endloop
  endfacet
  facet normal 0 0 -1
    outer loop
      vertex -1.37224 13.9326 0
      vertex -0.193253 1.61214 0
      vertex -0.317021 1.59378 0
    endloop
  endfacet
  facet normal 0 0 -1
    outer loop
      vertex -2.73126 13.731 0
      vertex -0.317021 1.59378 0
      vertex -0.438394 1.56337 0
    endloop
  endfacet
  facet normal 0 0 -1
    outer loop
      vertex -4.06398 13.3972 0
      vertex -0.438394 1.56337 0
      vertex -0.471712 1.55503 0
    endloop
  endfacet
  facet normal 0 0 -1
    outer loop
      vertex -4.06398 13.3972 0
      vertex -0.471712 1.55503 0
      vertex -0.504052 1.54346 0
    endloop
  endfacet
  facet normal 0 0 -1
    outer loop
      vertex -4.06398 13.3972 0
      vertex -0.504052 1.54346 0
      vertex -0.62186 1.5013 0
    endloop
  endfacet
  facet normal 0 0 -1
    outer loop
      vertex -5.35757 12.9343 0
      vertex -0.62186 1.5013 0
      vertex -0.65291 1.48662 0
    endloop
  endfacet
  facet normal 0 0 -1
    outer loop
      vertex -5.35757 12.9343 0
      vertex -0.65291 1.48662 0
      vertex -0.76602 1.43312 0
    endloop
  endfacet
  facet normal 0 0 -1
    outer loop
      vertex -6.59955 12.3469 0
      vertex -0.76602 1.43312 0
      vertex -0.87334 1.3688 0
    endloop
  endfacet
  facet normal 0 0 -1
    outer loop
      vertex -7.77798 11.6406 0
      vertex -0.87334 1.3688 0
      vertex -0.902801 1.35114 0
    endloop
  endfacet
  facet normal 0 0 -1
    outer loop
      vertex -7.77798 11.6406 0
      vertex -0.902801 1.35114 0
      vertex -0.930389 1.33068 0
    endloop
  endfacet
  facet normal 0 0 -1
    outer loop
      vertex -7.77798 11.6406 0
      vertex -0.930389 1.33068 0
      vertex -1.03089 1.25614 0
    endloop
  endfacet
  facet normal 0 0 -1
    outer loop
      vertex -8.88151 10.8221 0
      vertex -1.03089 1.25614 0
      vertex -1.05634 1.23308 0
    endloop
  endfacet
  facet normal 0 0 -1
    outer loop
      vertex -8.88151 10.8221 0
      vertex -1.05634 1.23308 0
      vertex -1.14905 1.14905 0
    endloop
  endfacet
  facet normal 0 0 -1
    outer loop
      vertex -9.89949 9.89949 0
      vertex -1.14905 1.14905 0
      vertex -1.23308 1.05634 0
    endloop
  endfacet
  facet normal 0 0 -1
    outer loop
      vertex -10.8221 8.88151 0
      vertex -1.23308 1.05634 0
      vertex -1.25614 1.03089 0
    endloop
  endfacet
  facet normal 0 0 -1
    outer loop
      vertex -10.8221 8.88151 0
      vertex -1.25614 1.03089 0
      vertex -1.33068 0.930389 0
    endloop
  endfacet
  facet normal 0 0 -1
    outer loop
      vertex -11.6406 7.77798 0
      vertex -1.33068 0.930389 0
      vertex -1.35114 0.902801 0
    endloop
  endfacet
  facet normal 0 0 -1
    outer loop
      vertex -11.6406 7.77798 0
      vertex -1.35114 0.902801 0
      vertex -1.3688 0.87334 0
    endloop
  endfacet
  facet normal 0 0 -1
    outer loop
      vertex -0.159277 1.61717 0
      vertex -1.37224 13.9326 0
      vertex 0 14 0
    endloop
  endfacet
  facet normal 0 0 -1
    outer loop
      vertex -11.6406 7.77798 0
      vertex -1.3688 0.87334 0
      vertex -1.43312 0.76602 0
    endloop
  endfacet
  facet normal 0 0 -1
    outer loop
      vertex -12.3469 6.59955 0
      vertex -1.43312 0.76602 0
      vertex -1.48662 0.65291 0
    endloop
  endfacet
  facet normal 0 0 -1
    outer loop
      vertex -12.9343 5.35757 0
      vertex -1.48662 0.65291 0
      vertex -1.5013 0.62186 0
    endloop
  endfacet
  facet normal 0 0 -1
    outer loop
      vertex -12.9343 5.35757 0
      vertex -1.5013 0.62186 0
      vertex -1.54346 0.504052 0
    endloop
  endfacet
  facet normal 0 0 -1
    outer loop
      vertex -13.3972 4.06398 0
      vertex -1.54346 0.504052 0
      vertex -1.55503 0.471712 0
    endloop
  endfacet
  facet normal 0 0 -1
    outer loop
      vertex -13.3972 4.06398 0
      vertex -1.55503 0.471712 0
      vertex -1.56337 0.438394 0
    endloop
  endfacet
  facet normal 0 0 -1
    outer loop
      vertex -13.3972 4.06398 0
      vertex -1.56337 0.438394 0
      vertex -1.59378 0.317021 0
    endloop
  endfacet
  facet normal 0 0 -1
    outer loop
      vertex -13.731 2.73126 0
      vertex -1.59378 0.317021 0
      vertex -1.61214 0.193253 0
    endloop
  endfacet
  facet normal 0 0 -1
    outer loop
      vertex -13.9326 1.37224 0
      vertex -1.61214 0.193253 0
      vertex -1.61717 0.159277 0
    endloop
  endfacet
  facet normal 0 0 -1
    outer loop
      vertex -13.9326 1.37224 0
      vertex -1.61717 0.159277 0
      vertex -1.62331 0.0343057 0
    endloop
  endfacet
  facet normal 0 0 -1
    outer loop
      vertex -14 0 0
      vertex -1.62331 0.0343057 0
      vertex -1.625 0 0
    endloop
  endfacet
  facet normal 0 0 -1
    outer loop
      vertex -12.9343 -5.35757 0
      vertex -1.48662 -0.65291 0
      vertex -12.3469 -6.59955 0
    endloop
  endfacet
  facet normal 0 0 -1
    outer loop
      vertex -0.317021 1.59378 0
      vertex -2.73126 13.731 0
      vertex -1.37224 13.9326 0
    endloop
  endfacet
  facet normal -0 0 -1
    outer loop
      vertex -1.48662 -0.65291 0
      vertex -12.9343 -5.35757 0
      vertex -1.5013 -0.62186 0
    endloop
  endfacet
  facet normal 0 0 -1
    outer loop
      vertex -0.438394 1.56337 0
      vertex -4.06398 13.3972 0
      vertex -2.73126 13.731 0
    endloop
  endfacet
  facet normal -0 0 -1
    outer loop
      vertex -1.5013 -0.62186 0
      vertex -12.9343 -5.35757 0
      vertex -1.54346 -0.504052 0
    endloop
  endfacet
  facet normal 0 0 -1
    outer loop
      vertex -0.62186 1.5013 0
      vertex -5.35757 12.9343 0
      vertex -4.06398 13.3972 0
    endloop
  endfacet
  facet normal 0 0 -1
    outer loop
      vertex -13.3972 -4.06398 0
      vertex -1.54346 -0.504052 0
      vertex -12.9343 -5.35757 0
    endloop
  endfacet
  facet normal 0 0 -1
    outer loop
      vertex -0.76602 1.43312 0
      vertex -6.59955 12.3469 0
      vertex -5.35757 12.9343 0
    endloop
  endfacet
  facet normal -0 0 -1
    outer loop
      vertex -1.54346 -0.504052 0
      vertex -13.3972 -4.06398 0
      vertex -1.55503 -0.471712 0
    endloop
  endfacet
  facet normal 0 0 -1
    outer loop
      vertex -0.87334 1.3688 0
      vertex -7.77798 11.6406 0
      vertex -6.59955 12.3469 0
    endloop
  endfacet
  facet normal -0 0 -1
    outer loop
      vertex -1.55503 -0.471712 0
      vertex -13.3972 -4.06398 0
      vertex -1.56337 -0.438394 0
    endloop
  endfacet
  facet normal 0 0 -1
    outer loop
      vertex -1.03089 1.25614 0
      vertex -8.88151 10.8221 0
      vertex -7.77798 11.6406 0
    endloop
  endfacet
  facet normal -0 0 -1
    outer loop
      vertex -1.56337 -0.438394 0
      vertex -13.3972 -4.06398 0
      vertex -1.59378 -0.317021 0
    endloop
  endfacet
  facet normal 0 0 -1
    outer loop
      vertex -1.14905 1.14905 0
      vertex -9.89949 9.89949 0
      vertex -8.88151 10.8221 0
    endloop
  endfacet
  facet normal 0 0 -1
    outer loop
      vertex -13.731 -2.73126 0
      vertex -1.59378 -0.317021 0
      vertex -13.3972 -4.06398 0
    endloop
  endfacet
  facet normal 0 0 -1
    outer loop
      vertex -1.23308 1.05634 0
      vertex -10.8221 8.88151 0
      vertex -9.89949 9.89949 0
    endloop
  endfacet
  facet normal -0 0 -1
    outer loop
      vertex -1.59378 -0.317021 0
      vertex -13.731 -2.73126 0
      vertex -1.61214 -0.193253 0
    endloop
  endfacet
  facet normal 0 0 -1
    outer loop
      vertex -1.33068 0.930389 0
      vertex -11.6406 7.77798 0
      vertex -10.8221 8.88151 0
    endloop
  endfacet
  facet normal 0 0 -1
    outer loop
      vertex -13.9326 -1.37224 0
      vertex -1.61214 -0.193253 0
      vertex -13.731 -2.73126 0
    endloop
  endfacet
  facet normal 0 0 -1
    outer loop
      vertex -1.43312 0.76602 0
      vertex -12.3469 6.59955 0
      vertex -11.6406 7.77798 0
    endloop
  endfacet
  facet normal -0 0 -1
    outer loop
      vertex -1.61214 -0.193253 0
      vertex -13.9326 -1.37224 0
      vertex -1.61717 -0.159277 0
    endloop
  endfacet
  facet normal 0 0 -1
    outer loop
      vertex -1.48662 0.65291 0
      vertex -12.9343 5.35757 0
      vertex -12.3469 6.59955 0
    endloop
  endfacet
  facet normal -0 0 -1
    outer loop
      vertex -1.61717 -0.159277 0
      vertex -13.9326 -1.37224 0
      vertex -1.62331 -0.0343057 0
    endloop
  endfacet
  facet normal 0 0 -1
    outer loop
      vertex -1.54346 0.504052 0
      vertex -13.3972 4.06398 0
      vertex -12.9343 5.35757 0
    endloop
  endfacet
  facet normal 0 0 -1
    outer loop
      vertex -14 0 0
      vertex -1.62331 -0.0343057 0
      vertex -13.9326 -1.37224 0
    endloop
  endfacet
  facet normal 0 0 -1
    outer loop
      vertex -1.59378 0.317021 0
      vertex -13.731 2.73126 0
      vertex -13.3972 4.06398 0
    endloop
  endfacet
  facet normal 0 0 -1
    outer loop
      vertex -1.62331 -0.0343057 0
      vertex -14 0 0
      vertex -1.625 0 0
    endloop
  endfacet
  facet normal 0 0 -1
    outer loop
      vertex -1.61214 0.193253 0
      vertex -13.9326 1.37224 0
      vertex -13.731 2.73126 0
    endloop
  endfacet
  facet normal -0 0 -1
    outer loop
      vertex -1.62331 0.0343057 0
      vertex -14 0 0
      vertex -13.9326 1.37224 0
    endloop
  endfacet
  facet normal -0.59573 0.803184 0
    outer loop
      vertex -7.77798 11.6406 0
      vertex -8.88151 10.8221 1
      vertex -7.77798 11.6406 1
    endloop
  endfacet
  facet normal -0.59573 0.803184 0
    outer loop
      vertex -8.88151 10.8221 1
      vertex -7.77798 11.6406 0
      vertex -8.88151 10.8221 0
    endloop
  endfacet
  facet normal -0.803184 -0.59573 0
    outer loop
      vertex -10.8221 -8.88151 0
      vertex -11.6406 -7.77798 1
      vertex -11.6406 -7.77798 0
    endloop
  endfacet
  facet normal -0.803184 -0.59573 0
    outer loop
      vertex -11.6406 -7.77798 1
      vertex -10.8221 -8.88151 0
      vertex -10.8221 -8.88151 1
    endloop
  endfacet
  facet normal 0.427547 0.903993 -0
    outer loop
      vertex 6.59955 12.3469 0
      vertex 5.35757 12.9343 1
      vertex 6.59955 12.3469 1
    endloop
  endfacet
  facet normal 0.427547 0.903993 0
    outer loop
      vertex 5.35757 12.9343 1
      vertex 6.59955 12.3469 0
      vertex 5.35757 12.9343 0
    endloop
  endfacet
  facet normal 0.146736 -0.989176 0
    outer loop
      vertex 1.37224 -13.9326 0
      vertex 2.73126 -13.731 1
      vertex 1.37224 -13.9326 1
    endloop
  endfacet
  facet normal 0.146736 -0.989176 0
    outer loop
      vertex 2.73126 -13.731 1
      vertex 1.37224 -13.9326 0
      vertex 2.73126 -13.731 0
    endloop
  endfacet
  facet normal -0.146736 0.989176 0
    outer loop
      vertex -1.37224 13.9326 0
      vertex -2.73126 13.731 1
      vertex -1.37224 13.9326 1
    endloop
  endfacet
  facet normal -0.146736 0.989176 0
    outer loop
      vertex -2.73126 13.731 1
      vertex -1.37224 13.9326 0
      vertex -2.73126 13.731 0
    endloop
  endfacet
  facet normal -0.903993 -0.427547 0
    outer loop
      vertex -12.3469 -6.59955 0
      vertex -12.9343 -5.35757 1
      vertex -12.9343 -5.35757 0
    endloop
  endfacet
  facet normal -0.903993 -0.427547 0
    outer loop
      vertex -12.9343 -5.35757 1
      vertex -12.3469 -6.59955 0
      vertex -12.3469 -6.59955 1
    endloop
  endfacet
  facet normal 0.998796 -0.0490576 0
    outer loop
      vertex 13.9326 -1.37224 1
      vertex 14 0 0
      vertex 14 0 1
    endloop
  endfacet
  facet normal 0.998796 -0.0490576 0
    outer loop
      vertex 14 0 0
      vertex 13.9326 -1.37224 1
      vertex 13.9326 -1.37224 0
    endloop
  endfacet
  facet normal 0.24296 0.970036 -0
    outer loop
      vertex 4.06398 13.3972 0
      vertex 2.73126 13.731 1
      vertex 4.06398 13.3972 1
    endloop
  endfacet
  facet normal 0.24296 0.970036 0
    outer loop
      vertex 2.73126 13.731 1
      vertex 4.06398 13.3972 0
      vertex 2.73126 13.731 0
    endloop
  endfacet
  facet normal -0.970036 0.24296 0
    outer loop
      vertex -13.731 2.73126 0
      vertex -13.3972 4.06398 1
      vertex -13.3972 4.06398 0
    endloop
  endfacet
  facet normal -0.970036 0.24296 0
    outer loop
      vertex -13.3972 4.06398 1
      vertex -13.731 2.73126 0
      vertex -13.731 2.73126 1
    endloop
  endfacet
  facet normal -0.59573 -0.803184 0
    outer loop
      vertex -8.88151 -10.8221 0
      vertex -7.77798 -11.6406 1
      vertex -8.88151 -10.8221 1
    endloop
  endfacet
  facet normal -0.59573 -0.803184 -0
    outer loop
      vertex -7.77798 -11.6406 1
      vertex -8.88151 -10.8221 0
      vertex -7.77798 -11.6406 0
    endloop
  endfacet
  facet normal -0.740963 0.671546 0
    outer loop
      vertex -10.8221 8.88151 0
      vertex -9.89949 9.89949 1
      vertex -9.89949 9.89949 0
    endloop
  endfacet
  facet normal -0.740963 0.671546 0
    outer loop
      vertex -9.89949 9.89949 1
      vertex -10.8221 8.88151 0
      vertex -10.8221 8.88151 1
    endloop
  endfacet
  facet normal 0.941533 0.33692 0
    outer loop
      vertex 13.3972 4.06398 1
      vertex 12.9343 5.35757 0
      vertex 12.9343 5.35757 1
    endloop
  endfacet
  facet normal 0.941533 0.33692 0
    outer loop
      vertex 12.9343 5.35757 0
      vertex 13.3972 4.06398 1
      vertex 13.3972 4.06398 0
    endloop
  endfacet
  facet normal 0.857736 -0.51409 0
    outer loop
      vertex 11.6406 -7.77798 1
      vertex 12.3469 -6.59955 0
      vertex 12.3469 -6.59955 1
    endloop
  endfacet
  facet normal 0.857736 -0.51409 0
    outer loop
      vertex 12.3469 -6.59955 0
      vertex 11.6406 -7.77798 1
      vertex 11.6406 -7.77798 0
    endloop
  endfacet
  facet normal 0.59573 0.803184 -0
    outer loop
      vertex 8.88151 10.8221 0
      vertex 7.77798 11.6406 1
      vertex 8.88151 10.8221 1
    endloop
  endfacet
  facet normal 0.59573 0.803184 0
    outer loop
      vertex 7.77798 11.6406 1
      vertex 8.88151 10.8221 0
      vertex 7.77798 11.6406 0
    endloop
  endfacet
  facet normal 0.941533 -0.33692 0
    outer loop
      vertex 12.9343 -5.35757 1
      vertex 13.3972 -4.06398 0
      vertex 13.3972 -4.06398 1
    endloop
  endfacet
  facet normal 0.941533 -0.33692 0
    outer loop
      vertex 13.3972 -4.06398 0
      vertex 12.9343 -5.35757 1
      vertex 12.9343 -5.35757 0
    endloop
  endfacet
  facet normal 0.33692 0.941533 -0
    outer loop
      vertex 5.35757 12.9343 0
      vertex 4.06398 13.3972 1
      vertex 5.35757 12.9343 1
    endloop
  endfacet
  facet normal 0.33692 0.941533 0
    outer loop
      vertex 4.06398 13.3972 1
      vertex 5.35757 12.9343 0
      vertex 4.06398 13.3972 0
    endloop
  endfacet
  facet normal 0.803184 0.59573 0
    outer loop
      vertex 11.6406 7.77798 1
      vertex 10.8221 8.88151 0
      vertex 10.8221 8.88151 1
    endloop
  endfacet
  facet normal 0.803184 0.59573 0
    outer loop
      vertex 10.8221 8.88151 0
      vertex 11.6406 7.77798 1
      vertex 11.6406 7.77798 0
    endloop
  endfacet
  facet normal 0.857736 0.51409 0
    outer loop
      vertex 12.3469 6.59955 1
      vertex 11.6406 7.77798 0
      vertex 11.6406 7.77798 1
    endloop
  endfacet
  facet normal 0.857736 0.51409 0
    outer loop
      vertex 11.6406 7.77798 0
      vertex 12.3469 6.59955 1
      vertex 12.3469 6.59955 0
    endloop
  endfacet
  facet normal -0.427547 -0.903993 0
    outer loop
      vertex -6.59955 -12.3469 0
      vertex -5.35757 -12.9343 1
      vertex -6.59955 -12.3469 1
    endloop
  endfacet
  facet normal -0.427547 -0.903993 -0
    outer loop
      vertex -5.35757 -12.9343 1
      vertex -6.59955 -12.3469 0
      vertex -5.35757 -12.9343 0
    endloop
  endfacet
  facet normal -0.970036 -0.24296 0
    outer loop
      vertex -13.3972 -4.06398 0
      vertex -13.731 -2.73126 1
      vertex -13.731 -2.73126 0
    endloop
  endfacet
  facet normal -0.970036 -0.24296 0
    outer loop
      vertex -13.731 -2.73126 1
      vertex -13.3972 -4.06398 0
      vertex -13.3972 -4.06398 1
    endloop
  endfacet
  facet normal 0.903993 0.427547 0
    outer loop
      vertex 12.9343 5.35757 1
      vertex 12.3469 6.59955 0
      vertex 12.3469 6.59955 1
    endloop
  endfacet
  facet normal 0.903993 0.427547 0
    outer loop
      vertex 12.3469 6.59955 0
      vertex 12.9343 5.35757 1
      vertex 12.9343 5.35757 0
    endloop
  endfacet
  facet normal -0.51409 -0.857736 0
    outer loop
      vertex -7.77798 -11.6406 0
      vertex -6.59955 -12.3469 1
      vertex -7.77798 -11.6406 1
    endloop
  endfacet
  facet normal -0.51409 -0.857736 -0
    outer loop
      vertex -6.59955 -12.3469 1
      vertex -7.77798 -11.6406 0
      vertex -6.59955 -12.3469 0
    endloop
  endfacet
  facet normal 0.427547 -0.903993 0
    outer loop
      vertex 5.35757 -12.9343 0
      vertex 6.59955 -12.3469 1
      vertex 5.35757 -12.9343 1
    endloop
  endfacet
  facet normal 0.427547 -0.903993 0
    outer loop
      vertex 6.59955 -12.3469 1
      vertex 5.35757 -12.9343 0
      vertex 6.59955 -12.3469 0
    endloop
  endfacet
  facet normal 0.146736 0.989176 -0
    outer loop
      vertex 2.73126 13.731 0
      vertex 1.37224 13.9326 1
      vertex 2.73126 13.731 1
    endloop
  endfacet
  facet normal 0.146736 0.989176 0
    outer loop
      vertex 1.37224 13.9326 1
      vertex 2.73126 13.731 0
      vertex 1.37224 13.9326 0
    endloop
  endfacet
  facet normal -0.671546 0.740963 0
    outer loop
      vertex -8.88151 10.8221 0
      vertex -9.89949 9.89949 1
      vertex -8.88151 10.8221 1
    endloop
  endfacet
  facet normal -0.671546 0.740963 0
    outer loop
      vertex -9.89949 9.89949 1
      vertex -8.88151 10.8221 0
      vertex -9.89949 9.89949 0
    endloop
  endfacet
  facet normal -0.989176 0.146736 0
    outer loop
      vertex -13.9326 1.37224 0
      vertex -13.731 2.73126 1
      vertex -13.731 2.73126 0
    endloop
  endfacet
  facet normal -0.989176 0.146736 0
    outer loop
      vertex -13.731 2.73126 1
      vertex -13.9326 1.37224 0
      vertex -13.9326 1.37224 1
    endloop
  endfacet
  facet normal -0.941533 0.33692 0
    outer loop
      vertex -13.3972 4.06398 0
      vertex -12.9343 5.35757 1
      vertex -12.9343 5.35757 0
    endloop
  endfacet
  facet normal -0.941533 0.33692 0
    outer loop
      vertex -12.9343 5.35757 1
      vertex -13.3972 4.06398 0
      vertex -13.3972 4.06398 1
    endloop
  endfacet
  facet normal -0.33692 0.941533 0
    outer loop
      vertex -4.06398 13.3972 0
      vertex -5.35757 12.9343 1
      vertex -4.06398 13.3972 1
    endloop
  endfacet
  facet normal -0.33692 0.941533 0
    outer loop
      vertex -5.35757 12.9343 1
      vertex -4.06398 13.3972 0
      vertex -5.35757 12.9343 0
    endloop
  endfacet
  facet normal -0.998796 -0.0490576 0
    outer loop
      vertex -13.9326 -1.37224 0
      vertex -14 0 1
      vertex -14 0 0
    endloop
  endfacet
  facet normal -0.998796 -0.0490576 0
    outer loop
      vertex -14 0 1
      vertex -13.9326 -1.37224 0
      vertex -13.9326 -1.37224 1
    endloop
  endfacet
  facet normal 0.671546 -0.740963 0
    outer loop
      vertex 8.88151 -10.8221 0
      vertex 9.89949 -9.89949 1
      vertex 8.88151 -10.8221 1
    endloop
  endfacet
  facet normal 0.671546 -0.740963 0
    outer loop
      vertex 9.89949 -9.89949 1
      vertex 8.88151 -10.8221 0
      vertex 9.89949 -9.89949 0
    endloop
  endfacet
  facet normal -0.0490576 0.998796 0
    outer loop
      vertex 0 14 0
      vertex -1.37224 13.9326 1
      vertex 0 14 1
    endloop
  endfacet
  facet normal -0.0490576 0.998796 0
    outer loop
      vertex -1.37224 13.9326 1
      vertex 0 14 0
      vertex -1.37224 13.9326 0
    endloop
  endfacet
  facet normal -0.803184 0.59573 0
    outer loop
      vertex -11.6406 7.77798 0
      vertex -10.8221 8.88151 1
      vertex -10.8221 8.88151 0
    endloop
  endfacet
  facet normal -0.803184 0.59573 0
    outer loop
      vertex -10.8221 8.88151 1
      vertex -11.6406 7.77798 0
      vertex -11.6406 7.77798 1
    endloop
  endfacet
  facet normal -0.740963 -0.671546 0
    outer loop
      vertex -9.89949 -9.89949 0
      vertex -10.8221 -8.88151 1
      vertex -10.8221 -8.88151 0
    endloop
  endfacet
  facet normal -0.740963 -0.671546 0
    outer loop
      vertex -10.8221 -8.88151 1
      vertex -9.89949 -9.89949 0
      vertex -9.89949 -9.89949 1
    endloop
  endfacet
  facet normal 0.0490576 -0.998796 0
    outer loop
      vertex 0 -14 0
      vertex 1.37224 -13.9326 1
      vertex 0 -14 1
    endloop
  endfacet
  facet normal 0.0490576 -0.998796 0
    outer loop
      vertex 1.37224 -13.9326 1
      vertex 0 -14 0
      vertex 1.37224 -13.9326 0
    endloop
  endfacet
  facet normal -0.989176 -0.146736 0
    outer loop
      vertex -13.731 -2.73126 0
      vertex -13.9326 -1.37224 1
      vertex -13.9326 -1.37224 0
    endloop
  endfacet
  facet normal -0.989176 -0.146736 0
    outer loop
      vertex -13.9326 -1.37224 1
      vertex -13.731 -2.73126 0
      vertex -13.731 -2.73126 1
    endloop
  endfacet
  facet normal 0.0490576 0.998796 -0
    outer loop
      vertex 1.37224 13.9326 0
      vertex 0 14 1
      vertex 1.37224 13.9326 1
    endloop
  endfacet
  facet normal 0.0490576 0.998796 0
    outer loop
      vertex 0 14 1
      vertex 1.37224 13.9326 0
      vertex 0 14 0
    endloop
  endfacet
  facet normal -0.903993 0.427547 0
    outer loop
      vertex -12.9343 5.35757 0
      vertex -12.3469 6.59955 1
      vertex -12.3469 6.59955 0
    endloop
  endfacet
  facet normal -0.903993 0.427547 0
    outer loop
      vertex -12.3469 6.59955 1
      vertex -12.9343 5.35757 0
      vertex -12.9343 5.35757 1
    endloop
  endfacet
  facet normal -0.671546 -0.740963 0
    outer loop
      vertex -9.89949 -9.89949 0
      vertex -8.88151 -10.8221 1
      vertex -9.89949 -9.89949 1
    endloop
  endfacet
  facet normal -0.671546 -0.740963 -0
    outer loop
      vertex -8.88151 -10.8221 1
      vertex -9.89949 -9.89949 0
      vertex -8.88151 -10.8221 0
    endloop
  endfacet
  facet normal -0.0490576 -0.998796 0
    outer loop
      vertex -1.37224 -13.9326 0
      vertex 0 -14 1
      vertex -1.37224 -13.9326 1
    endloop
  endfacet
  facet normal -0.0490576 -0.998796 -0
    outer loop
      vertex 0 -14 1
      vertex -1.37224 -13.9326 0
      vertex 0 -14 0
    endloop
  endfacet
  facet normal -0.998796 0.0490576 0
    outer loop
      vertex -14 0 0
      vertex -13.9326 1.37224 1
      vertex -13.9326 1.37224 0
    endloop
  endfacet
  facet normal -0.998796 0.0490576 0
    outer loop
      vertex -13.9326 1.37224 1
      vertex -14 0 0
      vertex -14 0 1
    endloop
  endfacet
  facet normal -0.33692 -0.941533 0
    outer loop
      vertex -5.35757 -12.9343 0
      vertex -4.06398 -13.3972 1
      vertex -5.35757 -12.9343 1
    endloop
  endfacet
  facet normal -0.33692 -0.941533 -0
    outer loop
      vertex -4.06398 -13.3972 1
      vertex -5.35757 -12.9343 0
      vertex -4.06398 -13.3972 0
    endloop
  endfacet
  facet normal 0.740963 -0.671546 0
    outer loop
      vertex 9.89949 -9.89949 1
      vertex 10.8221 -8.88151 0
      vertex 10.8221 -8.88151 1
    endloop
  endfacet
  facet normal 0.740963 -0.671546 0
    outer loop
      vertex 10.8221 -8.88151 0
      vertex 9.89949 -9.89949 1
      vertex 9.89949 -9.89949 0
    endloop
  endfacet
  facet normal 0 0 1
    outer loop
      vertex 0 1.4 14.9129
      vertex 0.137223 1.39326 14.9129
      vertex 0.0322177 1.39842 14.9129
    endloop
  endfacet
  facet normal -0.049058 -0.998796 0
    outer loop
      vertex 0 1.4 0.299999
      vertex 0.137223 1.39326 14.9129
      vertex 0 1.4 14.9129
    endloop
  endfacet
  facet normal -0.049058 -0.998796 -0
    outer loop
      vertex 0.137223 1.39326 14.9129
      vertex 0 1.4 0.299999
      vertex 0.137223 1.39326 0.299999
    endloop
  endfacet
  facet normal 0 0 1
    outer loop
      vertex -0.659955 -1.23469 14.9129
      vertex -0.777798 -1.16406 14.9129
      vertex -0.687623 -1.21811 14.9129
    endloop
  endfacet
  facet normal 0.51409 0.857736 -0
    outer loop
      vertex -0.659955 -1.23469 0.299999
      vertex -0.777798 -1.16406 14.9129
      vertex -0.659955 -1.23469 14.9129
    endloop
  endfacet
  facet normal 0.51409 0.857736 0
    outer loop
      vertex -0.777798 -1.16406 14.9129
      vertex -0.659955 -1.23469 0.299999
      vertex -0.777798 -1.16406 0.299999
    endloop
  endfacet
  facet normal -0.98919 -0.146641 0
    outer loop
      vertex 1.3731 0.273126 0.299999
      vertex 1.37783 0.241219 14.9129
      vertex 1.3731 0.273126 14.9129
    endloop
  endfacet
  facet normal -0.989171 -0.146766 -2.7902e-07
    outer loop
      vertex 1.3731 0.273126 0.299999
      vertex 1.39326 0.137224 14.9129
      vertex 1.37783 0.241219 14.9129
    endloop
  endfacet
  facet normal -0.989176 -0.146735 1.00415e-08
    outer loop
      vertex 1.39326 0.137223 0.299999
      vertex 1.39326 0.137224 14.9129
      vertex 1.3731 0.273126 0.299999
    endloop
  endfacet
  facet normal -1 -0 0
    outer loop
      vertex 1.39326 0.137224 14.9129
      vertex 1.39326 0.137223 0.299999
      vertex 1.39326 0.137223 14.9129
    endloop
  endfacet
  facet normal -0.857724 -0.514111 0
    outer loop
      vertex 1.16406 0.777798 0.299999
      vertex 1.21811 0.687623 14.9129
      vertex 1.16406 0.777798 14.9129
    endloop
  endfacet
  facet normal -0.857736 -0.51409 1.76276e-07
    outer loop
      vertex 1.23469 0.659955 0.299999
      vertex 1.21811 0.687623 14.9129
      vertex 1.16406 0.777798 0.299999
    endloop
  endfacet
  facet normal -0.857777 -0.514022 0
    outer loop
      vertex 1.21811 0.687623 14.9129
      vertex 1.23469 0.659955 0.299999
      vertex 1.23469 0.659955 14.9129
    endloop
  endfacet
  facet normal 0 0 -1
    outer loop
      vertex 0.273126 -1.3731 14.9129
      vertex 0.137224 -1.39326 14.9129
      vertex 0.241219 -1.37783 14.9129
    endloop
  endfacet
  facet normal 0 0 1
    outer loop
      vertex 0.273126 -1.3731 14.9129
      vertex 0.137223 -1.39326 14.9129
      vertex 0.137224 -1.39326 14.9129
    endloop
  endfacet
  facet normal -0.146735 0.989176 0
    outer loop
      vertex 0.273126 -1.3731 0.299999
      vertex 0.137223 -1.39326 14.9129
      vertex 0.273126 -1.3731 14.9129
    endloop
  endfacet
  facet normal -0.146735 0.989176 0
    outer loop
      vertex 0.137223 -1.39326 14.9129
      vertex 0.273126 -1.3731 0.299999
      vertex 0.137223 -1.39326 0.299999
    endloop
  endfacet
  facet normal 0 0 -1
    outer loop
      vertex -0.88815 1.08221 14.9129
      vertex -0.777798 1.16406 14.9129
      vertex -0.803707 1.14484 14.9129
    endloop
  endfacet
  facet normal 0.595734 -0.803182 0
    outer loop
      vertex -0.88815 1.08221 0.299999
      vertex -0.777798 1.16406 14.9129
      vertex -0.88815 1.08221 14.9129
    endloop
  endfacet
  facet normal 0.595734 -0.803182 0
    outer loop
      vertex -0.777798 1.16406 14.9129
      vertex -0.88815 1.08221 0.299999
      vertex -0.777798 1.16406 0.299999
    endloop
  endfacet
  facet normal 0 0 1
    outer loop
      vertex 0.777798 -1.16406 14.9129
      vertex 0.659955 -1.23469 14.9129
      vertex 0.687623 -1.21811 14.9129
    endloop
  endfacet
  facet normal -0.51409 0.857736 0
    outer loop
      vertex 0.777798 -1.16406 0.299999
      vertex 0.659955 -1.23469 14.9129
      vertex 0.777798 -1.16406 14.9129
    endloop
  endfacet
  facet normal -0.51409 0.857736 0
    outer loop
      vertex 0.659955 -1.23469 14.9129
      vertex 0.777798 -1.16406 0.299999
      vertex 0.659955 -1.23469 0.299999
    endloop
  endfacet
  facet normal -1 0 0
    outer loop
      vertex 1.39326 -0.137223 0.299999
      vertex 1.39326 -0.137224 14.9129
      vertex 1.39326 -0.137223 14.9129
    endloop
  endfacet
  facet normal -0.989171 0.146766 1.00436e-08
    outer loop
      vertex 1.39326 -0.137223 0.299999
      vertex 1.37783 -0.241219 14.9129
      vertex 1.39326 -0.137224 14.9129
    endloop
  endfacet
  facet normal -0.989176 0.146735 -2.11155e-07
    outer loop
      vertex 1.3731 -0.273126 0.299999
      vertex 1.37783 -0.241219 14.9129
      vertex 1.39326 -0.137223 0.299999
    endloop
  endfacet
  facet normal -0.98919 0.146641 0
    outer loop
      vertex 1.37783 -0.241219 14.9129
      vertex 1.3731 -0.273126 0.299999
      vertex 1.3731 -0.273126 14.9129
    endloop
  endfacet
  facet normal -0.803195 -0.595717 0
    outer loop
      vertex 1.08221 0.88815 0.299999
      vertex 1.14484 0.803707 14.9129
      vertex 1.08221 0.88815 14.9129
    endloop
  endfacet
  facet normal -0.803182 -0.595734 -1.56292e-07
    outer loop
      vertex 1.16406 0.777798 0.299999
      vertex 1.14484 0.803707 14.9129
      vertex 1.08221 0.88815 0.299999
    endloop
  endfacet
  facet normal -0.80314 -0.595791 0
    outer loop
      vertex 1.14484 0.803707 14.9129
      vertex 1.16406 0.777798 0.299999
      vertex 1.16406 0.777798 14.9129
    endloop
  endfacet
  facet normal -0.740962 -0.671547 0
    outer loop
      vertex 0.989949 0.989949 0.299999
      vertex 1.01161 0.966049 14.9129
      vertex 0.989949 0.989949 14.9129
    endloop
  endfacet
  facet normal -0.740968 -0.67154 1.96833e-08
    outer loop
      vertex 0.989949 0.989949 0.299999
      vertex 1.08221 0.88815 14.9129
      vertex 1.01161 0.966049 14.9129
    endloop
  endfacet
  facet normal -0.740966 -0.671542 0
    outer loop
      vertex 1.08221 0.88815 0.299999
      vertex 1.08221 0.88815 14.9129
      vertex 0.989949 0.989949 0.299999
    endloop
  endfacet
  facet normal 0.740962 -0.671547 0
    outer loop
      vertex -1.01161 0.966049 14.9129
      vertex -0.989949 0.989949 0.299999
      vertex -0.989949 0.989949 14.9129
    endloop
  endfacet
  facet normal 0.740968 -0.67154 1.96833e-08
    outer loop
      vertex -1.08221 0.88815 14.9129
      vertex -0.989949 0.989949 0.299999
      vertex -1.01161 0.966049 14.9129
    endloop
  endfacet
  facet normal 0.740966 -0.671542 0
    outer loop
      vertex -0.989949 0.989949 0.299999
      vertex -1.08221 0.88815 14.9129
      vertex -1.08221 0.88815 0.299999
    endloop
  endfacet
  facet normal -0.740968 0.67154 0
    outer loop
      vertex 1.08221 -0.88815 0.299999
      vertex 1.01161 -0.966049 14.9129
      vertex 1.08221 -0.88815 14.9129
    endloop
  endfacet
  facet normal -0.740966 0.671542 1.50621e-08
    outer loop
      vertex 0.989949 -0.989949 0.299999
      vertex 1.01161 -0.966049 14.9129
      vertex 1.08221 -0.88815 0.299999
    endloop
  endfacet
  facet normal -0.740962 0.671547 0
    outer loop
      vertex 1.01161 -0.966049 14.9129
      vertex 0.989949 -0.989949 0.299999
      vertex 0.989949 -0.989949 14.9129
    endloop
  endfacet
  facet normal -0.941514 -0.336975 0
    outer loop
      vertex 1.29343 0.535756 0.299999
      vertex 1.3043 0.505385 14.9129
      vertex 1.29343 0.535756 14.9129
    endloop
  endfacet
  facet normal -0.941533 -0.336922 1.23461e-07
    outer loop
      vertex 1.33972 0.406398 0.299999
      vertex 1.3043 0.505385 14.9129
      vertex 1.29343 0.535756 0.299999
    endloop
  endfacet
  facet normal -0.941538 -0.336906 0
    outer loop
      vertex 1.3043 0.505385 14.9129
      vertex 1.33972 0.406398 0.299999
      vertex 1.33972 0.406398 14.9129
    endloop
  endfacet
  facet normal 0 0 1
    outer loop
      vertex -0.137223 -1.39326 14.9129
      vertex -0.241219 -1.37783 14.9129
      vertex -0.137224 -1.39326 14.9129
    endloop
  endfacet
  facet normal 0 0 -1
    outer loop
      vertex -0.137223 -1.39326 14.9129
      vertex -0.273126 -1.3731 14.9129
      vertex -0.241219 -1.37783 14.9129
    endloop
  endfacet
  facet normal 0.146735 0.989176 -0
    outer loop
      vertex -0.137223 -1.39326 0.299999
      vertex -0.273126 -1.3731 14.9129
      vertex -0.137223 -1.39326 14.9129
    endloop
  endfacet
  facet normal 0.146735 0.989176 0
    outer loop
      vertex -0.273126 -1.3731 14.9129
      vertex -0.137223 -1.39326 0.299999
      vertex -0.273126 -1.3731 0.299999
    endloop
  endfacet
  facet normal 0.970015 0.243046 0
    outer loop
      vertex -1.36526 -0.304416 14.9129
      vertex -1.3731 -0.273126 0.299999
      vertex -1.3731 -0.273126 14.9129
    endloop
  endfacet
  facet normal 0.970043 0.242934 -2.55345e-07
    outer loop
      vertex -1.33972 -0.406398 14.9129
      vertex -1.3731 -0.273126 0.299999
      vertex -1.36526 -0.304416 14.9129
    endloop
  endfacet
  facet normal 0.970036 0.24296 0
    outer loop
      vertex -1.3731 -0.273126 0.299999
      vertex -1.33972 -0.406398 14.9129
      vertex -1.33972 -0.406398 0.299999
    endloop
  endfacet
  facet normal 0.941538 0.336906 0
    outer loop
      vertex -1.3043 -0.505385 14.9129
      vertex -1.33972 -0.406398 0.299999
      vertex -1.33972 -0.406398 14.9129
    endloop
  endfacet
  facet normal 0.941514 0.336975 5.25842e-07
    outer loop
      vertex -1.29343 -0.535756 14.9129
      vertex -1.33972 -0.406398 0.299999
      vertex -1.3043 -0.505385 14.9129
    endloop
  endfacet
  facet normal 0.941533 0.336922 0
    outer loop
      vertex -1.33972 -0.406398 0.299999
      vertex -1.29343 -0.535756 14.9129
      vertex -1.29343 -0.535756 0.299999
    endloop
  endfacet
  facet normal -0.970015 0.243046 0
    outer loop
      vertex 1.3731 -0.273126 0.299999
      vertex 1.36526 -0.304416 14.9129
      vertex 1.3731 -0.273126 14.9129
    endloop
  endfacet
  facet normal -0.970043 0.242934 -2.55345e-07
    outer loop
      vertex 1.3731 -0.273126 0.299999
      vertex 1.33972 -0.406398 14.9129
      vertex 1.36526 -0.304416 14.9129
    endloop
  endfacet
  facet normal -0.970036 0.24296 0
    outer loop
      vertex 1.33972 -0.406398 0.299999
      vertex 1.33972 -0.406398 14.9129
      vertex 1.3731 -0.273126 0.299999
    endloop
  endfacet
  facet normal 0.998795 -0.0490812 0
    outer loop
      vertex -1.39842 0.0322177 14.9129
      vertex -1.39326 0.137223 0.299999
      vertex -1.39326 0.137223 14.9129
    endloop
  endfacet
  facet normal 0.9988 -0.0489825 7.10621e-07
    outer loop
      vertex -1.4 0 14.9129
      vertex -1.39326 0.137223 0.299999
      vertex -1.39842 0.0322177 14.9129
    endloop
  endfacet
  facet normal 0.998796 -0.049058 0
    outer loop
      vertex -1.39326 0.137223 0.299999
      vertex -1.4 0 14.9129
      vertex -1.4 0 0.299999
    endloop
  endfacet
  facet normal -0.857777 0.514022 0
    outer loop
      vertex 1.23469 -0.659955 0.299999
      vertex 1.21811 -0.687623 14.9129
      vertex 1.23469 -0.659955 14.9129
    endloop
  endfacet
  facet normal -0.857724 0.514111 2.30359e-07
    outer loop
      vertex 1.23469 -0.659955 0.299999
      vertex 1.16406 -0.777798 14.9129
      vertex 1.21811 -0.687623 14.9129
    endloop
  endfacet
  facet normal -0.857736 0.51409 0
    outer loop
      vertex 1.16406 -0.777798 0.299999
      vertex 1.16406 -0.777798 14.9129
      vertex 1.23469 -0.659955 0.299999
    endloop
  endfacet
  facet normal -0.998795 -0.0490812 0
    outer loop
      vertex 1.39326 0.137223 0.299999
      vertex 1.39842 0.0322177 14.9129
      vertex 1.39326 0.137223 14.9129
    endloop
  endfacet
  facet normal -0.998796 -0.049058 1.66841e-07
    outer loop
      vertex 1.4 0 0.299999
      vertex 1.39842 0.0322177 14.9129
      vertex 1.39326 0.137223 0.299999
    endloop
  endfacet
  facet normal -0.9988 -0.0489825 0
    outer loop
      vertex 1.39842 0.0322177 14.9129
      vertex 1.4 0 0.299999
      vertex 1.4 0 14.9129
    endloop
  endfacet
  facet normal 0.9988 0.0489825 0
    outer loop
      vertex -1.39842 -0.0322177 14.9129
      vertex -1.4 0 0.299999
      vertex -1.4 0 14.9129
    endloop
  endfacet
  facet normal 0.998795 0.0490812 2.18031e-07
    outer loop
      vertex -1.39326 -0.137223 14.9129
      vertex -1.4 0 0.299999
      vertex -1.39842 -0.0322177 14.9129
    endloop
  endfacet
  facet normal 0.998796 0.049058 0
    outer loop
      vertex -1.4 0 0.299999
      vertex -1.39326 -0.137223 14.9129
      vertex -1.39326 -0.137223 0.299999
    endloop
  endfacet
  facet normal -0.970043 -0.242934 0
    outer loop
      vertex 1.33972 0.406398 0.299999
      vertex 1.36526 0.304416 14.9129
      vertex 1.33972 0.406398 14.9129
    endloop
  endfacet
  facet normal -0.970015 -0.243046 -8.32209e-07
    outer loop
      vertex 1.33972 0.406398 0.299999
      vertex 1.3731 0.273126 14.9129
      vertex 1.36526 0.304416 14.9129
    endloop
  endfacet
  facet normal -0.970036 -0.24296 0
    outer loop
      vertex 1.3731 0.273126 0.299999
      vertex 1.3731 0.273126 14.9129
      vertex 1.33972 0.406398 0.299999
    endloop
  endfacet
  facet normal 0 0 1
    outer loop
      vertex -0.137223 1.39326 14.9129
      vertex 0 1.4 14.9129
      vertex -0.0322177 1.39842 14.9129
    endloop
  endfacet
  facet normal 0.049058 -0.998796 0
    outer loop
      vertex -0.137223 1.39326 0.299999
      vertex 0 1.4 14.9129
      vertex -0.137223 1.39326 14.9129
    endloop
  endfacet
  facet normal 0.049058 -0.998796 0
    outer loop
      vertex 0 1.4 14.9129
      vertex -0.137223 1.39326 0.299999
      vertex 0 1.4 0.299999
    endloop
  endfacet
  facet normal 0 0 -1
    outer loop
      vertex -0.273126 1.3731 14.9129
      vertex -0.137224 1.39326 14.9129
      vertex -0.241219 1.37783 14.9129
    endloop
  endfacet
  facet normal 0 0 1
    outer loop
      vertex -0.273126 1.3731 14.9129
      vertex -0.137223 1.39326 14.9129
      vertex -0.137224 1.39326 14.9129
    endloop
  endfacet
  facet normal 0.146735 -0.989176 0
    outer loop
      vertex -0.273126 1.3731 0.299999
      vertex -0.137223 1.39326 14.9129
      vertex -0.273126 1.3731 14.9129
    endloop
  endfacet
  facet normal 0.146735 -0.989176 0
    outer loop
      vertex -0.137223 1.39326 14.9129
      vertex -0.273126 1.3731 0.299999
      vertex -0.137223 1.39326 0.299999
    endloop
  endfacet
  facet normal 0.941514 -0.336975 0
    outer loop
      vertex -1.3043 0.505385 14.9129
      vertex -1.29343 0.535756 0.299999
      vertex -1.29343 0.535756 14.9129
    endloop
  endfacet
  facet normal 0.941538 -0.336906 1.61342e-07
    outer loop
      vertex -1.33972 0.406398 14.9129
      vertex -1.29343 0.535756 0.299999
      vertex -1.3043 0.505385 14.9129
    endloop
  endfacet
  facet normal 0.941533 -0.336922 0
    outer loop
      vertex -1.29343 0.535756 0.299999
      vertex -1.33972 0.406398 14.9129
      vertex -1.33972 0.406398 0.299999
    endloop
  endfacet
  facet normal 0 0 1
    outer loop
      vertex 0.406398 1.33972 14.9129
      vertex 0.535756 1.29343 14.9129
      vertex 0.505385 1.3043 14.9129
    endloop
  endfacet
  facet normal -0.336922 -0.941533 0
    outer loop
      vertex 0.406398 1.33972 0.299999
      vertex 0.535756 1.29343 14.9129
      vertex 0.406398 1.33972 14.9129
    endloop
  endfacet
  facet normal -0.336922 -0.941533 -0
    outer loop
      vertex 0.535756 1.29343 14.9129
      vertex 0.406398 1.33972 0.299999
      vertex 0.535756 1.29343 0.299999
    endloop
  endfacet
  facet normal -0.9988 0.0489825 0
    outer loop
      vertex 1.4 0 0.299999
      vertex 1.39842 -0.0322177 14.9129
      vertex 1.4 0 14.9129
    endloop
  endfacet
  facet normal -0.998796 0.049058 1.66841e-07
    outer loop
      vertex 1.39326 -0.137223 0.299999
      vertex 1.39842 -0.0322177 14.9129
      vertex 1.4 0 0.299999
    endloop
  endfacet
  facet normal -0.998795 0.0490812 0
    outer loop
      vertex 1.39842 -0.0322177 14.9129
      vertex 1.39326 -0.137223 0.299999
      vertex 1.39326 -0.137223 14.9129
    endloop
  endfacet
  facet normal 0 0 1
    outer loop
      vertex -0.989949 0.989949 14.9129
      vertex -0.88815 1.08221 14.9129
      vertex -0.966049 1.01161 14.9129
    endloop
  endfacet
  facet normal 0.671542 -0.740966 0
    outer loop
      vertex -0.989949 0.989949 0.299999
      vertex -0.88815 1.08221 14.9129
      vertex -0.989949 0.989949 14.9129
    endloop
  endfacet
  facet normal 0.671542 -0.740966 0
    outer loop
      vertex -0.88815 1.08221 14.9129
      vertex -0.989949 0.989949 0.299999
      vertex -0.88815 1.08221 0.299999
    endloop
  endfacet
  facet normal 0 0 -1
    outer loop
      vertex -0.406398 1.33972 14.9129
      vertex -0.273126 1.3731 14.9129
      vertex -0.304416 1.36526 14.9129
    endloop
  endfacet
  facet normal 0.24296 -0.970036 0
    outer loop
      vertex -0.406398 1.33972 0.299999
      vertex -0.273126 1.3731 14.9129
      vertex -0.406398 1.33972 14.9129
    endloop
  endfacet
  facet normal 0.24296 -0.970036 0
    outer loop
      vertex -0.273126 1.3731 14.9129
      vertex -0.406398 1.33972 0.299999
      vertex -0.273126 1.3731 0.299999
    endloop
  endfacet
  facet normal 0.740968 0.67154 0
    outer loop
      vertex -1.01161 -0.966049 14.9129
      vertex -1.08221 -0.88815 0.299999
      vertex -1.08221 -0.88815 14.9129
    endloop
  endfacet
  facet normal 0.740962 0.671547 6.41548e-08
    outer loop
      vertex -0.989949 -0.989949 14.9129
      vertex -1.08221 -0.88815 0.299999
      vertex -1.01161 -0.966049 14.9129
    endloop
  endfacet
  facet normal 0.740966 0.671542 0
    outer loop
      vertex -1.08221 -0.88815 0.299999
      vertex -0.989949 -0.989949 14.9129
      vertex -0.989949 -0.989949 0.299999
    endloop
  endfacet
  facet normal 0.98919 -0.146641 0
    outer loop
      vertex -1.37783 0.241219 14.9129
      vertex -1.3731 0.273126 0.299999
      vertex -1.3731 0.273126 14.9129
    endloop
  endfacet
  facet normal 0.989171 -0.146766 -2.7902e-07
    outer loop
      vertex -1.39326 0.137224 14.9129
      vertex -1.3731 0.273126 0.299999
      vertex -1.37783 0.241219 14.9129
    endloop
  endfacet
  facet normal 0.999999 -0 0.0013796
    outer loop
      vertex -1.39326 0.137223 14.9129
      vertex -1.3731 0.273126 0.299999
      vertex -1.39326 0.137224 14.9129
    endloop
  endfacet
  facet normal 0.989176 -0.146735 0
    outer loop
      vertex -1.3731 0.273126 0.299999
      vertex -1.39326 0.137223 14.9129
      vertex -1.39326 0.137223 0.299999
    endloop
  endfacet
  facet normal 0 0 -1
    outer loop
      vertex 0.406398 -1.33972 14.9129
      vertex 0.273126 -1.3731 14.9129
      vertex 0.304416 -1.36526 14.9129
    endloop
  endfacet
  facet normal -0.24296 0.970036 0
    outer loop
      vertex 0.406398 -1.33972 0.299999
      vertex 0.273126 -1.3731 14.9129
      vertex 0.406398 -1.33972 14.9129
    endloop
  endfacet
  facet normal -0.24296 0.970036 0
    outer loop
      vertex 0.273126 -1.3731 14.9129
      vertex 0.406398 -1.33972 0.299999
      vertex 0.273126 -1.3731 0.299999
    endloop
  endfacet
  facet normal 0.80314 0.595791 0
    outer loop
      vertex -1.14484 -0.803707 14.9129
      vertex -1.16406 -0.777798 0.299999
      vertex -1.16406 -0.777798 14.9129
    endloop
  endfacet
  facet normal 0.803195 0.595717 -2.04249e-07
    outer loop
      vertex -1.08221 -0.88815 14.9129
      vertex -1.16406 -0.777798 0.299999
      vertex -1.14484 -0.803707 14.9129
    endloop
  endfacet
  facet normal 0.803182 0.595734 0
    outer loop
      vertex -1.16406 -0.777798 0.299999
      vertex -1.08221 -0.88815 14.9129
      vertex -1.08221 -0.88815 0.299999
    endloop
  endfacet
  facet normal 0 0 -1
    outer loop
      vertex 0.535756 1.29343 14.9129
      vertex 0.659955 1.23469 14.9129
      vertex 0.630796 1.24848 14.9129
    endloop
  endfacet
  facet normal -0.427545 -0.903994 0
    outer loop
      vertex 0.535756 1.29343 0.299999
      vertex 0.659955 1.23469 14.9129
      vertex 0.535756 1.29343 14.9129
    endloop
  endfacet
  facet normal -0.427545 -0.903994 -0
    outer loop
      vertex 0.659955 1.23469 14.9129
      vertex 0.535756 1.29343 0.299999
      vertex 0.659955 1.23469 0.299999
    endloop
  endfacet
  facet normal -0.80314 0.595791 0
    outer loop
      vertex 1.16406 -0.777798 0.299999
      vertex 1.14484 -0.803707 14.9129
      vertex 1.16406 -0.777798 14.9129
    endloop
  endfacet
  facet normal -0.803182 0.595734 -1.56292e-07
    outer loop
      vertex 1.08221 -0.88815 0.299999
      vertex 1.14484 -0.803707 14.9129
      vertex 1.16406 -0.777798 0.299999
    endloop
  endfacet
  facet normal -0.803195 0.595717 0
    outer loop
      vertex 1.14484 -0.803707 14.9129
      vertex 1.08221 -0.88815 0.299999
      vertex 1.08221 -0.88815 14.9129
    endloop
  endfacet
  facet normal 0 0 1
    outer loop
      vertex -0.777798 1.16406 14.9129
      vertex -0.659955 1.23469 14.9129
      vertex -0.687623 1.21811 14.9129
    endloop
  endfacet
  facet normal 0.51409 -0.857736 0
    outer loop
      vertex -0.777798 1.16406 0.299999
      vertex -0.659955 1.23469 14.9129
      vertex -0.777798 1.16406 14.9129
    endloop
  endfacet
  facet normal 0.51409 -0.857736 0
    outer loop
      vertex -0.659955 1.23469 14.9129
      vertex -0.777798 1.16406 0.299999
      vertex -0.659955 1.23469 0.299999
    endloop
  endfacet
  facet normal 0.970043 -0.242934 0
    outer loop
      vertex -1.36526 0.304416 14.9129
      vertex -1.33972 0.406398 0.299999
      vertex -1.33972 0.406398 14.9129
    endloop
  endfacet
  facet normal 0.970015 -0.243046 -8.32209e-07
    outer loop
      vertex -1.3731 0.273126 14.9129
      vertex -1.33972 0.406398 0.299999
      vertex -1.36526 0.304416 14.9129
    endloop
  endfacet
  facet normal 0.970036 -0.24296 0
    outer loop
      vertex -1.33972 0.406398 0.299999
      vertex -1.3731 0.273126 14.9129
      vertex -1.3731 0.273126 0.299999
    endloop
  endfacet
  facet normal -0.904003 -0.427525 0
    outer loop
      vertex 1.23469 0.659955 0.299999
      vertex 1.24848 0.630796 14.9129
      vertex 1.23469 0.659955 14.9129
    endloop
  endfacet
  facet normal -0.903991 -0.427551 -6.21294e-08
    outer loop
      vertex 1.23469 0.659955 0.299999
      vertex 1.29343 0.535756 14.9129
      vertex 1.24848 0.630796 14.9129
    endloop
  endfacet
  facet normal -0.903994 -0.427545 0
    outer loop
      vertex 1.29343 0.535756 0.299999
      vertex 1.29343 0.535756 14.9129
      vertex 1.23469 0.659955 0.299999
    endloop
  endfacet
  facet normal 0 0 1
    outer loop
      vertex 0.137223 -1.39326 14.9129
      vertex 0 -1.4 14.9129
      vertex 0.0322177 -1.39842 14.9129
    endloop
  endfacet
  facet normal -0.049058 0.998796 0
    outer loop
      vertex 0.137223 -1.39326 0.299999
      vertex 0 -1.4 14.9129
      vertex 0.137223 -1.39326 14.9129
    endloop
  endfacet
  facet normal -0.049058 0.998796 0
    outer loop
      vertex 0 -1.4 14.9129
      vertex 0.137223 -1.39326 0.299999
      vertex 0 -1.4 0.299999
    endloop
  endfacet
  facet normal 0 0 -1
    outer loop
      vertex 0.777798 1.16406 14.9129
      vertex 0.88815 1.08221 14.9129
      vertex 0.803707 1.14484 14.9129
    endloop
  endfacet
  facet normal -0.595734 -0.803182 0
    outer loop
      vertex 0.777798 1.16406 0.299999
      vertex 0.88815 1.08221 14.9129
      vertex 0.777798 1.16406 14.9129
    endloop
  endfacet
  facet normal -0.595734 -0.803182 -0
    outer loop
      vertex 0.88815 1.08221 14.9129
      vertex 0.777798 1.16406 0.299999
      vertex 0.88815 1.08221 0.299999
    endloop
  endfacet
  facet normal 0 0 1
    outer loop
      vertex -0.406398 -1.33972 14.9129
      vertex -0.535756 -1.29343 14.9129
      vertex -0.505385 -1.3043 14.9129
    endloop
  endfacet
  facet normal 0.336922 0.941533 -0
    outer loop
      vertex -0.406398 -1.33972 0.299999
      vertex -0.535756 -1.29343 14.9129
      vertex -0.406398 -1.33972 14.9129
    endloop
  endfacet
  facet normal 0.336922 0.941533 0
    outer loop
      vertex -0.535756 -1.29343 14.9129
      vertex -0.406398 -1.33972 0.299999
      vertex -0.535756 -1.29343 0.299999
    endloop
  endfacet
  facet normal 0 0 1
    outer loop
      vertex 0.88815 1.08221 14.9129
      vertex 0.989949 0.989949 14.9129
      vertex 0.966049 1.01161 14.9129
    endloop
  endfacet
  facet normal -0.671542 -0.740966 0
    outer loop
      vertex 0.88815 1.08221 0.299999
      vertex 0.989949 0.989949 14.9129
      vertex 0.88815 1.08221 14.9129
    endloop
  endfacet
  facet normal -0.671542 -0.740966 -0
    outer loop
      vertex 0.989949 0.989949 14.9129
      vertex 0.88815 1.08221 0.299999
      vertex 0.989949 0.989949 0.299999
    endloop
  endfacet
  facet normal -0.941538 0.336906 0
    outer loop
      vertex 1.33972 -0.406398 0.299999
      vertex 1.3043 -0.505385 14.9129
      vertex 1.33972 -0.406398 14.9129
    endloop
  endfacet
  facet normal -0.941533 0.336922 1.23461e-07
    outer loop
      vertex 1.29343 -0.535756 0.299999
      vertex 1.3043 -0.505385 14.9129
      vertex 1.33972 -0.406398 0.299999
    endloop
  endfacet
  facet normal -0.941514 0.336975 0
    outer loop
      vertex 1.3043 -0.505385 14.9129
      vertex 1.29343 -0.535756 0.299999
      vertex 1.29343 -0.535756 14.9129
    endloop
  endfacet
  facet normal 0.857777 0.514022 0
    outer loop
      vertex -1.21811 -0.687623 14.9129
      vertex -1.23469 -0.659955 0.299999
      vertex -1.23469 -0.659955 14.9129
    endloop
  endfacet
  facet normal 0.857724 0.514111 2.30359e-07
    outer loop
      vertex -1.16406 -0.777798 14.9129
      vertex -1.23469 -0.659955 0.299999
      vertex -1.21811 -0.687623 14.9129
    endloop
  endfacet
  facet normal 0.857736 0.51409 0
    outer loop
      vertex -1.23469 -0.659955 0.299999
      vertex -1.16406 -0.777798 14.9129
      vertex -1.16406 -0.777798 0.299999
    endloop
  endfacet
  facet normal -0.903991 0.427551 0
    outer loop
      vertex 1.29343 -0.535756 0.299999
      vertex 1.24848 -0.630796 14.9129
      vertex 1.29343 -0.535756 14.9129
    endloop
  endfacet
  facet normal -0.903994 0.427545 -4.75431e-08
    outer loop
      vertex 1.23469 -0.659955 0.299999
      vertex 1.24848 -0.630796 14.9129
      vertex 1.29343 -0.535756 0.299999
    endloop
  endfacet
  facet normal -0.904003 0.427525 0
    outer loop
      vertex 1.24848 -0.630796 14.9129
      vertex 1.23469 -0.659955 0.299999
      vertex 1.23469 -0.659955 14.9129
    endloop
  endfacet
  facet normal 0 0 1
    outer loop
      vertex -0.88815 -1.08221 14.9129
      vertex -0.989949 -0.989949 14.9129
      vertex -0.966049 -1.01161 14.9129
    endloop
  endfacet
  facet normal 0.671542 0.740966 -0
    outer loop
      vertex -0.88815 -1.08221 0.299999
      vertex -0.989949 -0.989949 14.9129
      vertex -0.88815 -1.08221 14.9129
    endloop
  endfacet
  facet normal 0.671542 0.740966 0
    outer loop
      vertex -0.989949 -0.989949 14.9129
      vertex -0.88815 -1.08221 0.299999
      vertex -0.989949 -0.989949 0.299999
    endloop
  endfacet
  facet normal 0 0 1
    outer loop
      vertex 0.659955 1.23469 14.9129
      vertex 0.777798 1.16406 14.9129
      vertex 0.687623 1.21811 14.9129
    endloop
  endfacet
  facet normal -0.51409 -0.857736 0
    outer loop
      vertex 0.659955 1.23469 0.299999
      vertex 0.777798 1.16406 14.9129
      vertex 0.659955 1.23469 14.9129
    endloop
  endfacet
  facet normal -0.51409 -0.857736 -0
    outer loop
      vertex 0.777798 1.16406 14.9129
      vertex 0.659955 1.23469 0.299999
      vertex 0.777798 1.16406 0.299999
    endloop
  endfacet
  facet normal 0.903991 0.427551 0
    outer loop
      vertex -1.24848 -0.630796 14.9129
      vertex -1.29343 -0.535756 0.299999
      vertex -1.29343 -0.535756 14.9129
    endloop
  endfacet
  facet normal 0.904003 0.427525 -2.02506e-07
    outer loop
      vertex -1.23469 -0.659955 14.9129
      vertex -1.29343 -0.535756 0.299999
      vertex -1.24848 -0.630796 14.9129
    endloop
  endfacet
  facet normal 0.903994 0.427545 0
    outer loop
      vertex -1.29343 -0.535756 0.299999
      vertex -1.23469 -0.659955 14.9129
      vertex -1.23469 -0.659955 0.299999
    endloop
  endfacet
  facet normal -0 0 1
    outer loop
      vertex 0.137223 1.39326 14.9129
      vertex 0.241219 1.37783 14.9129
      vertex 0.137224 1.39326 14.9129
    endloop
  endfacet
  facet normal 0 0 -1
    outer loop
      vertex 0.137223 1.39326 14.9129
      vertex 0.273126 1.3731 14.9129
      vertex 0.241219 1.37783 14.9129
    endloop
  endfacet
  facet normal -0.146735 -0.989176 0
    outer loop
      vertex 0.137223 1.39326 0.299999
      vertex 0.273126 1.3731 14.9129
      vertex 0.137223 1.39326 14.9129
    endloop
  endfacet
  facet normal -0.146735 -0.989176 -0
    outer loop
      vertex 0.273126 1.3731 14.9129
      vertex 0.137223 1.39326 0.299999
      vertex 0.273126 1.3731 0.299999
    endloop
  endfacet
  facet normal 0 0 -1
    outer loop
      vertex 0.88815 -1.08221 14.9129
      vertex 0.777798 -1.16406 14.9129
      vertex 0.803707 -1.14484 14.9129
    endloop
  endfacet
  facet normal -0.595734 0.803182 0
    outer loop
      vertex 0.88815 -1.08221 0.299999
      vertex 0.777798 -1.16406 14.9129
      vertex 0.88815 -1.08221 14.9129
    endloop
  endfacet
  facet normal -0.595734 0.803182 0
    outer loop
      vertex 0.777798 -1.16406 14.9129
      vertex 0.88815 -1.08221 0.299999
      vertex 0.777798 -1.16406 0.299999
    endloop
  endfacet
  facet normal 0 0 -1
    outer loop
      vertex 0.273126 1.3731 14.9129
      vertex 0.406398 1.33972 14.9129
      vertex 0.304416 1.36526 14.9129
    endloop
  endfacet
  facet normal -0.24296 -0.970036 0
    outer loop
      vertex 0.273126 1.3731 0.299999
      vertex 0.406398 1.33972 14.9129
      vertex 0.273126 1.3731 14.9129
    endloop
  endfacet
  facet normal -0.24296 -0.970036 -0
    outer loop
      vertex 0.406398 1.33972 14.9129
      vertex 0.273126 1.3731 0.299999
      vertex 0.406398 1.33972 0.299999
    endloop
  endfacet
  facet normal 0.803195 -0.595717 0
    outer loop
      vertex -1.14484 0.803707 14.9129
      vertex -1.08221 0.88815 0.299999
      vertex -1.08221 0.88815 14.9129
    endloop
  endfacet
  facet normal 0.80314 -0.595791 -6.65646e-07
    outer loop
      vertex -1.16406 0.777798 14.9129
      vertex -1.08221 0.88815 0.299999
      vertex -1.14484 0.803707 14.9129
    endloop
  endfacet
  facet normal 0.803182 -0.595734 0
    outer loop
      vertex -1.08221 0.88815 0.299999
      vertex -1.16406 0.777798 14.9129
      vertex -1.16406 0.777798 0.299999
    endloop
  endfacet
  facet normal 0 0 -1
    outer loop
      vertex -0.273126 -1.3731 14.9129
      vertex -0.406398 -1.33972 14.9129
      vertex -0.304416 -1.36526 14.9129
    endloop
  endfacet
  facet normal 0.24296 0.970036 -0
    outer loop
      vertex -0.273126 -1.3731 0.299999
      vertex -0.406398 -1.33972 14.9129
      vertex -0.273126 -1.3731 14.9129
    endloop
  endfacet
  facet normal 0.24296 0.970036 0
    outer loop
      vertex -0.406398 -1.33972 14.9129
      vertex -0.273126 -1.3731 0.299999
      vertex -0.406398 -1.33972 0.299999
    endloop
  endfacet
  facet normal 0 0 1
    outer loop
      vertex -0.535756 1.29343 14.9129
      vertex -0.406398 1.33972 14.9129
      vertex -0.505385 1.3043 14.9129
    endloop
  endfacet
  facet normal 0.336922 -0.941533 0
    outer loop
      vertex -0.535756 1.29343 0.299999
      vertex -0.406398 1.33972 14.9129
      vertex -0.535756 1.29343 14.9129
    endloop
  endfacet
  facet normal 0.336922 -0.941533 0
    outer loop
      vertex -0.406398 1.33972 14.9129
      vertex -0.535756 1.29343 0.299999
      vertex -0.406398 1.33972 0.299999
    endloop
  endfacet
  facet normal 0 0 1
    outer loop
      vertex 0.989949 -0.989949 14.9129
      vertex 0.88815 -1.08221 14.9129
      vertex 0.966049 -1.01161 14.9129
    endloop
  endfacet
  facet normal -0.671542 0.740966 0
    outer loop
      vertex 0.989949 -0.989949 0.299999
      vertex 0.88815 -1.08221 14.9129
      vertex 0.989949 -0.989949 14.9129
    endloop
  endfacet
  facet normal -0.671542 0.740966 0
    outer loop
      vertex 0.88815 -1.08221 14.9129
      vertex 0.989949 -0.989949 0.299999
      vertex 0.88815 -1.08221 0.299999
    endloop
  endfacet
  facet normal 0.904003 -0.427525 0
    outer loop
      vertex -1.24848 0.630796 14.9129
      vertex -1.23469 0.659955 0.299999
      vertex -1.23469 0.659955 14.9129
    endloop
  endfacet
  facet normal 0.903991 -0.427551 -6.21294e-08
    outer loop
      vertex -1.29343 0.535756 14.9129
      vertex -1.23469 0.659955 0.299999
      vertex -1.24848 0.630796 14.9129
    endloop
  endfacet
  facet normal 0.903994 -0.427545 0
    outer loop
      vertex -1.23469 0.659955 0.299999
      vertex -1.29343 0.535756 14.9129
      vertex -1.29343 0.535756 0.299999
    endloop
  endfacet
  facet normal 0 0 -1
    outer loop
      vertex -0.535756 -1.29343 14.9129
      vertex -0.659955 -1.23469 14.9129
      vertex -0.630796 -1.24848 14.9129
    endloop
  endfacet
  facet normal 0.427545 0.903994 -0
    outer loop
      vertex -0.535756 -1.29343 0.299999
      vertex -0.659955 -1.23469 14.9129
      vertex -0.535756 -1.29343 14.9129
    endloop
  endfacet
  facet normal 0.427545 0.903994 0
    outer loop
      vertex -0.659955 -1.23469 14.9129
      vertex -0.535756 -1.29343 0.299999
      vertex -0.659955 -1.23469 0.299999
    endloop
  endfacet
  facet normal 0 0 1
    outer loop
      vertex 0 -1.4 14.9129
      vertex -0.137223 -1.39326 14.9129
      vertex -0.0322177 -1.39842 14.9129
    endloop
  endfacet
  facet normal 0.049058 0.998796 -0
    outer loop
      vertex 0 -1.4 0.299999
      vertex -0.137223 -1.39326 14.9129
      vertex 0 -1.4 14.9129
    endloop
  endfacet
  facet normal 0.049058 0.998796 0
    outer loop
      vertex -0.137223 -1.39326 14.9129
      vertex 0 -1.4 0.299999
      vertex -0.137223 -1.39326 0.299999
    endloop
  endfacet
  facet normal 1 -0 0
    outer loop
      vertex -1.39326 -0.137224 14.9129
      vertex -1.39326 -0.137223 0.299999
      vertex -1.39326 -0.137223 14.9129
    endloop
  endfacet
  facet normal 0.989171 0.146766 1.00436e-08
    outer loop
      vertex -1.37783 -0.241219 14.9129
      vertex -1.39326 -0.137223 0.299999
      vertex -1.39326 -0.137224 14.9129
    endloop
  endfacet
  facet normal 0.98919 0.146641 -8.99397e-07
    outer loop
      vertex -1.3731 -0.273126 14.9129
      vertex -1.39326 -0.137223 0.299999
      vertex -1.37783 -0.241219 14.9129
    endloop
  endfacet
  facet normal 0.989176 0.146735 0
    outer loop
      vertex -1.39326 -0.137223 0.299999
      vertex -1.3731 -0.273126 14.9129
      vertex -1.3731 -0.273126 0.299999
    endloop
  endfacet
  facet normal 0 0 1
    outer loop
      vertex 0.535756 -1.29343 14.9129
      vertex 0.406398 -1.33972 14.9129
      vertex 0.505385 -1.3043 14.9129
    endloop
  endfacet
  facet normal -0.336922 0.941533 0
    outer loop
      vertex 0.535756 -1.29343 0.299999
      vertex 0.406398 -1.33972 14.9129
      vertex 0.535756 -1.29343 14.9129
    endloop
  endfacet
  facet normal -0.336922 0.941533 0
    outer loop
      vertex 0.406398 -1.33972 14.9129
      vertex 0.535756 -1.29343 0.299999
      vertex 0.406398 -1.33972 0.299999
    endloop
  endfacet
  facet normal 0 0 -1
    outer loop
      vertex 0.659955 -1.23469 14.9129
      vertex 0.535756 -1.29343 14.9129
      vertex 0.630796 -1.24848 14.9129
    endloop
  endfacet
  facet normal -0.427545 0.903994 0
    outer loop
      vertex 0.659955 -1.23469 0.299999
      vertex 0.535756 -1.29343 14.9129
      vertex 0.659955 -1.23469 14.9129
    endloop
  endfacet
  facet normal -0.427545 0.903994 0
    outer loop
      vertex 0.535756 -1.29343 14.9129
      vertex 0.659955 -1.23469 0.299999
      vertex 0.535756 -1.29343 0.299999
    endloop
  endfacet
  facet normal 0 0 -1
    outer loop
      vertex -0.659955 1.23469 14.9129
      vertex -0.535756 1.29343 14.9129
      vertex -0.630796 1.24848 14.9129
    endloop
  endfacet
  facet normal 0.427545 -0.903994 0
    outer loop
      vertex -0.659955 1.23469 0.299999
      vertex -0.535756 1.29343 14.9129
      vertex -0.659955 1.23469 14.9129
    endloop
  endfacet
  facet normal 0.427545 -0.903994 0
    outer loop
      vertex -0.535756 1.29343 14.9129
      vertex -0.659955 1.23469 0.299999
      vertex -0.535756 1.29343 0.299999
    endloop
  endfacet
  facet normal 0.857724 -0.514111 0
    outer loop
      vertex -1.21811 0.687623 14.9129
      vertex -1.16406 0.777798 0.299999
      vertex -1.16406 0.777798 14.9129
    endloop
  endfacet
  facet normal 0.857777 -0.514022 7.50829e-07
    outer loop
      vertex -1.23469 0.659955 14.9129
      vertex -1.16406 0.777798 0.299999
      vertex -1.21811 0.687623 14.9129
    endloop
  endfacet
  facet normal 0.857736 -0.51409 0
    outer loop
      vertex -1.16406 0.777798 0.299999
      vertex -1.23469 0.659955 14.9129
      vertex -1.23469 0.659955 0.299999
    endloop
  endfacet
  facet normal 0 0 -1
    outer loop
      vertex -0.777798 -1.16406 14.9129
      vertex -0.88815 -1.08221 14.9129
      vertex -0.803707 -1.14484 14.9129
    endloop
  endfacet
  facet normal 0.595734 0.803182 -0
    outer loop
      vertex -0.777798 -1.16406 0.299999
      vertex -0.88815 -1.08221 14.9129
      vertex -0.777798 -1.16406 14.9129
    endloop
  endfacet
  facet normal 0.595734 0.803182 0
    outer loop
      vertex -0.88815 -1.08221 14.9129
      vertex -0.777798 -1.16406 0.299999
      vertex -0.88815 -1.08221 0.299999
    endloop
  endfacet
  facet normal 0.0392637 -0.799389 -0.59953
    outer loop
      vertex -0.0343057 1.62331 0
      vertex 0 1.4 0.299999
      vertex -0.137223 1.39326 0.299999
    endloop
  endfacet
  facet normal 0.0393797 -0.799378 -0.599536
    outer loop
      vertex 0 1.4 0.299999
      vertex -0.0343057 1.62331 0
      vertex 0 1.625 0
    endloop
  endfacet
  facet normal 0.593023 -0.53746 -0.599551
    outer loop
      vertex -1.08221 0.88815 0.299999
      vertex -1.23308 1.05634 0
      vertex -0.989949 0.989949 0.299999
    endloop
  endfacet
  facet normal 0.593089 -0.537392 -0.599546
    outer loop
      vertex -1.23308 1.05634 0
      vertex -1.08221 0.88815 0.299999
      vertex -1.25614 1.03089 0
    endloop
  endfacet
  facet normal 0.342208 0.723499 -0.599536
    outer loop
      vertex -0.659955 -1.23469 0.299999
      vertex -0.65291 -1.48662 0
      vertex -0.76602 -1.43312 0
    endloop
  endfacet
  facet normal -0.799378 -0.0393797 -0.599536
    outer loop
      vertex 1.4 0 0.299999
      vertex 1.62331 0.0343057 0
      vertex 1.625 0 0
    endloop
  endfacet
  facet normal -0.799389 -0.0392637 -0.59953
    outer loop
      vertex 1.62331 0.0343057 0
      vertex 1.4 0 0.299999
      vertex 1.39326 0.137223 0.299999
    endloop
  endfacet
  facet normal -0.79939 -0.0392751 -0.599527
    outer loop
      vertex 1.61717 0.159277 0
      vertex 1.62331 0.0343057 0
      vertex 1.39326 0.137223 0.299999
    endloop
  endfacet
  facet normal -0.753548 -0.269673 -0.599535
    outer loop
      vertex 1.5013 0.62186 0
      vertex 1.54346 0.504052 0
      vertex 1.29343 0.535756 0.299999
    endloop
  endfacet
  facet normal -0.723499 -0.342208 -0.599536
    outer loop
      vertex 1.43312 0.76602 0
      vertex 1.48662 0.65291 0
      vertex 1.23469 0.659955 0.299999
    endloop
  endfacet
  facet normal -0.269595 0.753561 -0.599554
    outer loop
      vertex 0.471712 -1.55503 0
      vertex 0.535756 -1.29343 0.299999
      vertex 0.504052 -1.54346 0
    endloop
  endfacet
  facet normal -0.269655 0.753554 -0.599535
    outer loop
      vertex 0.535756 -1.29343 0.299999
      vertex 0.471712 -1.55503 0
      vertex 0.406398 -1.33972 0.299999
    endloop
  endfacet
  facet normal -0.791679 -0.117439 -0.599544
    outer loop
      vertex 1.59378 0.317021 0
      vertex 1.61214 0.193253 0
      vertex 1.3731 0.273126 0.299999
    endloop
  endfacet
  facet normal -0.342208 0.723499 -0.599536
    outer loop
      vertex 0.659955 -1.23469 0.299999
      vertex 0.76602 -1.43312 0
      vertex 0.65291 -1.48662 0
    endloop
  endfacet
  facet normal -0.686484 0.411449 -0.59954
    outer loop
      vertex 1.3688 -0.87334 0
      vertex 1.16406 -0.777798 0.299999
      vertex 1.23469 -0.659955 0.299999
    endloop
  endfacet
  facet normal -0.686462 0.41149 -0.599538
    outer loop
      vertex 1.16406 -0.777798 0.299999
      vertex 1.3688 -0.87334 0
      vertex 1.35114 -0.902801 0
    endloop
  endfacet
  facet normal -0.0393797 -0.799378 -0.599536
    outer loop
      vertex 0.0343057 1.62331 0
      vertex 0 1.4 0.299999
      vertex 0 1.625 0
    endloop
  endfacet
  facet normal -0.0392637 -0.799389 -0.59953
    outer loop
      vertex 0 1.4 0.299999
      vertex 0.0343057 1.62331 0
      vertex 0.137223 1.39326 0.299999
    endloop
  endfacet
  facet normal -0.776396 -0.194344 -0.599533
    outer loop
      vertex 1.56337 0.438394 0
      vertex 1.33972 0.406398 0.299999
      vertex 1.55503 0.471712 0
    endloop
  endfacet
  facet normal -0.776373 -0.194454 -0.599527
    outer loop
      vertex 1.33972 0.406398 0.299999
      vertex 1.56337 0.438394 0
      vertex 1.3731 0.273126 0.299999
    endloop
  endfacet
  facet normal -0.593006 0.537486 -0.599543
    outer loop
      vertex 1.23308 -1.05634 0
      vertex 1.14905 -1.14905 0
      vertex 0.989949 -0.989949 0.299999
    endloop
  endfacet
  facet normal -0.723534 -0.342077 -0.599569
    outer loop
      vertex 1.5013 0.62186 0
      vertex 1.23469 0.659955 0.299999
      vertex 1.48662 0.65291 0
    endloop
  endfacet
  facet normal -0.723511 -0.342185 -0.599534
    outer loop
      vertex 1.23469 0.659955 0.299999
      vertex 1.5013 0.62186 0
      vertex 1.29343 0.535756 0.299999
    endloop
  endfacet
  facet normal -0.753561 0.269595 -0.599554
    outer loop
      vertex 1.29343 -0.535756 0.299999
      vertex 1.55503 -0.471712 0
      vertex 1.54346 -0.504052 0
    endloop
  endfacet
  facet normal -0.753554 0.269655 -0.599535
    outer loop
      vertex 1.55503 -0.471712 0
      vertex 1.29343 -0.535756 0.299999
      vertex 1.33972 -0.406398 0.299999
    endloop
  endfacet
  facet normal 0.791679 -0.117439 -0.599544
    outer loop
      vertex -1.59378 0.317021 0
      vertex -1.3731 0.273126 0.299999
      vertex -1.61214 0.193253 0
    endloop
  endfacet
  facet normal 0.776346 0.194513 -0.599543
    outer loop
      vertex -1.3731 -0.273126 0.299999
      vertex -1.56337 -0.438394 0
      vertex -1.59378 -0.317021 0
    endloop
  endfacet
  facet normal -0.117439 -0.791679 -0.599544
    outer loop
      vertex 0.317021 1.59378 0
      vertex 0.273126 1.3731 0.299999
      vertex 0.193253 1.61214 0
    endloop
  endfacet
  facet normal 0.476777 0.64283 -0.599544
    outer loop
      vertex -0.88815 -1.08221 0.299999
      vertex -0.930389 -1.33068 0
      vertex -1.03089 -1.25614 0
    endloop
  endfacet
  facet normal -0.411449 -0.686484 -0.59954
    outer loop
      vertex 0.87334 1.3688 0
      vertex 0.777798 1.16406 0.299999
      vertex 0.659955 1.23469 0.299999
    endloop
  endfacet
  facet normal -0.41149 -0.686462 -0.599538
    outer loop
      vertex 0.777798 1.16406 0.299999
      vertex 0.87334 1.3688 0
      vertex 0.902801 1.35114 0
    endloop
  endfacet
  facet normal 0.0392751 0.79939 -0.599527
    outer loop
      vertex -0.137223 -1.39326 0.299999
      vertex -0.0343057 -1.62331 0
      vertex -0.159277 -1.61717 0
    endloop
  endfacet
  facet normal 0.194513 0.776346 -0.599543
    outer loop
      vertex -0.273126 -1.3731 0.299999
      vertex -0.317021 -1.59378 0
      vertex -0.438394 -1.56337 0
    endloop
  endfacet
  facet normal -0.342208 -0.723499 -0.599536
    outer loop
      vertex 0.76602 1.43312 0
      vertex 0.659955 1.23469 0.299999
      vertex 0.65291 1.48662 0
    endloop
  endfacet
  facet normal -0.776346 0.194513 -0.599543
    outer loop
      vertex 1.59378 -0.317021 0
      vertex 1.56337 -0.438394 0
      vertex 1.3731 -0.273126 0.299999
    endloop
  endfacet
  facet normal 0.753548 -0.269673 -0.599535
    outer loop
      vertex -1.5013 0.62186 0
      vertex -1.29343 0.535756 0.299999
      vertex -1.54346 0.504052 0
    endloop
  endfacet
  facet normal -0.476777 0.64283 -0.599544
    outer loop
      vertex 1.03089 -1.25614 0
      vertex 0.930389 -1.33068 0
      vertex 0.88815 -1.08221 0.299999
    endloop
  endfacet
  facet normal -0.686462 -0.41149 -0.599538
    outer loop
      vertex 1.3688 0.87334 0
      vertex 1.16406 0.777798 0.299999
      vertex 1.35114 0.902801 0
    endloop
  endfacet
  facet normal -0.686484 -0.411449 -0.59954
    outer loop
      vertex 1.16406 0.777798 0.299999
      vertex 1.3688 0.87334 0
      vertex 1.23469 0.659955 0.299999
    endloop
  endfacet
  facet normal -0.64283 -0.476777 -0.599544
    outer loop
      vertex 1.25614 1.03089 0
      vertex 1.33068 0.930389 0
      vertex 1.08221 0.88815 0.299999
    endloop
  endfacet
  facet normal -0.64283 0.476777 -0.599544
    outer loop
      vertex 1.33068 -0.930389 0
      vertex 1.25614 -1.03089 0
      vertex 1.08221 -0.88815 0.299999
    endloop
  endfacet
  facet normal -0.411437 0.686495 -0.599536
    outer loop
      vertex 0.87334 -1.3688 0
      vertex 0.76602 -1.43312 0
      vertex 0.659955 -1.23469 0.299999
    endloop
  endfacet
  facet normal 0.476777 -0.64283 -0.599544
    outer loop
      vertex -0.930389 1.33068 0
      vertex -0.88815 1.08221 0.299999
      vertex -1.03089 1.25614 0
    endloop
  endfacet
  facet normal -0.686495 -0.411437 -0.599536
    outer loop
      vertex 1.3688 0.87334 0
      vertex 1.43312 0.76602 0
      vertex 1.23469 0.659955 0.299999
    endloop
  endfacet
  facet normal 0.269673 0.753548 -0.599535
    outer loop
      vertex -0.535756 -1.29343 0.299999
      vertex -0.504052 -1.54346 0
      vertex -0.62186 -1.5013 0
    endloop
  endfacet
  facet normal 0.753548 0.269673 -0.599535
    outer loop
      vertex -1.29343 -0.535756 0.299999
      vertex -1.5013 -0.62186 0
      vertex -1.54346 -0.504052 0
    endloop
  endfacet
  facet normal 0.41149 -0.686462 -0.599538
    outer loop
      vertex -0.87334 1.3688 0
      vertex -0.777798 1.16406 0.299999
      vertex -0.902801 1.35114 0
    endloop
  endfacet
  facet normal 0.411449 -0.686484 -0.59954
    outer loop
      vertex -0.777798 1.16406 0.299999
      vertex -0.87334 1.3688 0
      vertex -0.659955 1.23469 0.299999
    endloop
  endfacet
  facet normal -0.776346 -0.194513 -0.599543
    outer loop
      vertex 1.56337 0.438394 0
      vertex 1.59378 0.317021 0
      vertex 1.3731 0.273126 0.299999
    endloop
  endfacet
  facet normal 0.537486 0.593006 -0.599543
    outer loop
      vertex -0.989949 -0.989949 0.299999
      vertex -1.05634 -1.23308 0
      vertex -1.14905 -1.14905 0
    endloop
  endfacet
  facet normal 0.791721 0.117211 -0.599533
    outer loop
      vertex -1.39326 -0.137223 0.299999
      vertex -1.61214 -0.193253 0
      vertex -1.61717 -0.159277 0
    endloop
  endfacet
  facet normal 0.791679 0.117438 -0.599544
    outer loop
      vertex -1.61214 -0.193253 0
      vertex -1.39326 -0.137223 0.299999
      vertex -1.3731 -0.273126 0.299999
    endloop
  endfacet
  facet normal 0.593006 -0.537486 -0.599543
    outer loop
      vertex -1.14905 1.14905 0
      vertex -0.989949 0.989949 0.299999
      vertex -1.23308 1.05634 0
    endloop
  endfacet
  facet normal -0.117439 0.791679 -0.599544
    outer loop
      vertex 0.273126 -1.3731 0.299999
      vertex 0.317021 -1.59378 0
      vertex 0.193253 -1.61214 0
    endloop
  endfacet
  facet normal 0.117439 -0.791679 -0.599544
    outer loop
      vertex -0.193253 1.61214 0
      vertex -0.273126 1.3731 0.299999
      vertex -0.317021 1.59378 0
    endloop
  endfacet
  facet normal 0.723499 0.342208 -0.599536
    outer loop
      vertex -1.23469 -0.659955 0.299999
      vertex -1.43312 -0.76602 0
      vertex -1.48662 -0.65291 0
    endloop
  endfacet
  facet normal -0.117438 0.791679 -0.599544
    outer loop
      vertex 0.193253 -1.61214 0
      vertex 0.137223 -1.39326 0.299999
      vertex 0.273126 -1.3731 0.299999
    endloop
  endfacet
  facet normal -0.117211 0.791721 -0.599533
    outer loop
      vertex 0.137223 -1.39326 0.299999
      vertex 0.193253 -1.61214 0
      vertex 0.159277 -1.61717 0
    endloop
  endfacet
  facet normal 0.537392 0.593089 -0.599546
    outer loop
      vertex -1.05634 -1.23308 0
      vertex -0.88815 -1.08221 0.299999
      vertex -1.03089 -1.25614 0
    endloop
  endfacet
  facet normal 0.53746 0.593023 -0.599551
    outer loop
      vertex -0.88815 -1.08221 0.299999
      vertex -1.05634 -1.23308 0
      vertex -0.989949 -0.989949 0.299999
    endloop
  endfacet
  facet normal 0.0393797 0.799378 -0.599536
    outer loop
      vertex -0.0343057 -1.62331 0
      vertex 0 -1.4 0.299999
      vertex 0 -1.625 0
    endloop
  endfacet
  facet normal 0.0392637 0.799389 -0.59953
    outer loop
      vertex 0 -1.4 0.299999
      vertex -0.0343057 -1.62331 0
      vertex -0.137223 -1.39326 0.299999
    endloop
  endfacet
  facet normal -0.269673 -0.753548 -0.599535
    outer loop
      vertex 0.62186 1.5013 0
      vertex 0.535756 1.29343 0.299999
      vertex 0.504052 1.54346 0
    endloop
  endfacet
  facet normal 0.799378 0.0393797 -0.599536
    outer loop
      vertex -1.4 0 0.299999
      vertex -1.62331 -0.0343057 0
      vertex -1.625 0 0
    endloop
  endfacet
  facet normal 0.799389 0.0392637 -0.59953
    outer loop
      vertex -1.62331 -0.0343057 0
      vertex -1.4 0 0.299999
      vertex -1.39326 -0.137223 0.299999
    endloop
  endfacet
  facet normal -0.753548 0.269673 -0.599535
    outer loop
      vertex 1.54346 -0.504052 0
      vertex 1.5013 -0.62186 0
      vertex 1.29343 -0.535756 0.299999
    endloop
  endfacet
  facet normal -0.342185 -0.723511 -0.599534
    outer loop
      vertex 0.62186 1.5013 0
      vertex 0.659955 1.23469 0.299999
      vertex 0.535756 1.29343 0.299999
    endloop
  endfacet
  facet normal -0.342077 -0.723534 -0.599569
    outer loop
      vertex 0.659955 1.23469 0.299999
      vertex 0.62186 1.5013 0
      vertex 0.65291 1.48662 0
    endloop
  endfacet
  facet normal 0.53746 -0.593023 -0.599551
    outer loop
      vertex -1.05634 1.23308 0
      vertex -0.88815 1.08221 0.299999
      vertex -0.989949 0.989949 0.299999
    endloop
  endfacet
  facet normal 0.537392 -0.593089 -0.599546
    outer loop
      vertex -0.88815 1.08221 0.299999
      vertex -1.05634 1.23308 0
      vertex -1.03089 1.25614 0
    endloop
  endfacet
  facet normal -0.411437 -0.686495 -0.599536
    outer loop
      vertex 0.76602 1.43312 0
      vertex 0.87334 1.3688 0
      vertex 0.659955 1.23469 0.299999
    endloop
  endfacet
  facet normal 0.117439 0.791679 -0.599544
    outer loop
      vertex -0.273126 -1.3731 0.299999
      vertex -0.193253 -1.61214 0
      vertex -0.317021 -1.59378 0
    endloop
  endfacet
  facet normal 0.79939 0.0392751 -0.599527
    outer loop
      vertex -1.39326 -0.137223 0.299999
      vertex -1.61717 -0.159277 0
      vertex -1.62331 -0.0343057 0
    endloop
  endfacet
  facet normal -0.753561 -0.269595 -0.599554
    outer loop
      vertex 1.55503 0.471712 0
      vertex 1.29343 0.535756 0.299999
      vertex 1.54346 0.504052 0
    endloop
  endfacet
  facet normal -0.753554 -0.269655 -0.599535
    outer loop
      vertex 1.29343 0.535756 0.299999
      vertex 1.55503 0.471712 0
      vertex 1.33972 0.406398 0.299999
    endloop
  endfacet
  facet normal 0.0392751 -0.79939 -0.599527
    outer loop
      vertex -0.0343057 1.62331 0
      vertex -0.137223 1.39326 0.299999
      vertex -0.159277 1.61717 0
    endloop
  endfacet
  facet normal -0.537486 -0.593006 -0.599543
    outer loop
      vertex 1.05634 1.23308 0
      vertex 1.14905 1.14905 0
      vertex 0.989949 0.989949 0.299999
    endloop
  endfacet
  facet normal 0.269673 -0.753548 -0.599535
    outer loop
      vertex -0.504052 1.54346 0
      vertex -0.535756 1.29343 0.299999
      vertex -0.62186 1.5013 0
    endloop
  endfacet
  facet normal -0.194344 0.776396 -0.599533
    outer loop
      vertex 0.438394 -1.56337 0
      vertex 0.406398 -1.33972 0.299999
      vertex 0.471712 -1.55503 0
    endloop
  endfacet
  facet normal -0.194454 0.776373 -0.599527
    outer loop
      vertex 0.406398 -1.33972 0.299999
      vertex 0.438394 -1.56337 0
      vertex 0.273126 -1.3731 0.299999
    endloop
  endfacet
  facet normal -0.79939 0.0392751 -0.599527
    outer loop
      vertex 1.62331 -0.0343057 0
      vertex 1.61717 -0.159277 0
      vertex 1.39326 -0.137223 0.299999
    endloop
  endfacet
  facet normal -0.799378 0.0393797 -0.599536
    outer loop
      vertex 1.62331 -0.0343057 0
      vertex 1.4 0 0.299999
      vertex 1.625 0 0
    endloop
  endfacet
  facet normal -0.799389 0.0392637 -0.59953
    outer loop
      vertex 1.4 0 0.299999
      vertex 1.62331 -0.0343057 0
      vertex 1.39326 -0.137223 0.299999
    endloop
  endfacet
  facet normal 0.776373 0.194454 -0.599527
    outer loop
      vertex -1.33972 -0.406398 0.299999
      vertex -1.56337 -0.438394 0
      vertex -1.3731 -0.273126 0.299999
    endloop
  endfacet
  facet normal 0.776396 0.194344 -0.599533
    outer loop
      vertex -1.56337 -0.438394 0
      vertex -1.33972 -0.406398 0.299999
      vertex -1.55503 -0.471712 0
    endloop
  endfacet
  facet normal 0.411449 0.686484 -0.59954
    outer loop
      vertex -0.87334 -1.3688 0
      vertex -0.777798 -1.16406 0.299999
      vertex -0.659955 -1.23469 0.299999
    endloop
  endfacet
  facet normal 0.41149 0.686462 -0.599538
    outer loop
      vertex -0.777798 -1.16406 0.299999
      vertex -0.87334 -1.3688 0
      vertex -0.902801 -1.35114 0
    endloop
  endfacet
  facet normal 0.686495 -0.411437 -0.599536
    outer loop
      vertex -1.3688 0.87334 0
      vertex -1.23469 0.659955 0.299999
      vertex -1.43312 0.76602 0
    endloop
  endfacet
  facet normal -0.537486 0.593006 -0.599543
    outer loop
      vertex 1.14905 -1.14905 0
      vertex 1.05634 -1.23308 0
      vertex 0.989949 -0.989949 0.299999
    endloop
  endfacet
  facet normal -0.53746 -0.593023 -0.599551
    outer loop
      vertex 0.88815 1.08221 0.299999
      vertex 1.05634 1.23308 0
      vertex 0.989949 0.989949 0.299999
    endloop
  endfacet
  facet normal -0.537392 -0.593089 -0.599546
    outer loop
      vertex 1.05634 1.23308 0
      vertex 0.88815 1.08221 0.299999
      vertex 1.03089 1.25614 0
    endloop
  endfacet
  facet normal -0.593006 -0.537486 -0.599543
    outer loop
      vertex 1.14905 1.14905 0
      vertex 1.23308 1.05634 0
      vertex 0.989949 0.989949 0.299999
    endloop
  endfacet
  facet normal -0.476794 -0.642825 -0.599536
    outer loop
      vertex 0.902801 1.35114 0
      vertex 0.88815 1.08221 0.299999
      vertex 0.777798 1.16406 0.299999
    endloop
  endfacet
  facet normal -0.47675 -0.642844 -0.599551
    outer loop
      vertex 0.88815 1.08221 0.299999
      vertex 0.902801 1.35114 0
      vertex 0.930389 1.33068 0
    endloop
  endfacet
  facet normal -0.723534 0.342077 -0.599569
    outer loop
      vertex 1.23469 -0.659955 0.299999
      vertex 1.5013 -0.62186 0
      vertex 1.48662 -0.65291 0
    endloop
  endfacet
  facet normal -0.723511 0.342185 -0.599534
    outer loop
      vertex 1.5013 -0.62186 0
      vertex 1.23469 -0.659955 0.299999
      vertex 1.29343 -0.535756 0.299999
    endloop
  endfacet
  facet normal 0.117438 -0.791679 -0.599544
    outer loop
      vertex -0.193253 1.61214 0
      vertex -0.137223 1.39326 0.299999
      vertex -0.273126 1.3731 0.299999
    endloop
  endfacet
  facet normal 0.117211 -0.791721 -0.599533
    outer loop
      vertex -0.137223 1.39326 0.299999
      vertex -0.193253 1.61214 0
      vertex -0.159277 1.61717 0
    endloop
  endfacet
  facet normal 0.269595 -0.753561 -0.599554
    outer loop
      vertex -0.471712 1.55503 0
      vertex -0.535756 1.29343 0.299999
      vertex -0.504052 1.54346 0
    endloop
  endfacet
  facet normal 0.269655 -0.753554 -0.599535
    outer loop
      vertex -0.535756 1.29343 0.299999
      vertex -0.471712 1.55503 0
      vertex -0.406398 1.33972 0.299999
    endloop
  endfacet
  facet normal 0.269655 0.753554 -0.599535
    outer loop
      vertex -0.471712 -1.55503 0
      vertex -0.535756 -1.29343 0.299999
      vertex -0.406398 -1.33972 0.299999
    endloop
  endfacet
  facet normal 0.269595 0.753561 -0.599554
    outer loop
      vertex -0.535756 -1.29343 0.299999
      vertex -0.471712 -1.55503 0
      vertex -0.504052 -1.54346 0
    endloop
  endfacet
  facet normal -0.791721 -0.117211 -0.599533
    outer loop
      vertex 1.39326 0.137223 0.299999
      vertex 1.61214 0.193253 0
      vertex 1.61717 0.159277 0
    endloop
  endfacet
  facet normal -0.791679 -0.117438 -0.599544
    outer loop
      vertex 1.61214 0.193253 0
      vertex 1.39326 0.137223 0.299999
      vertex 1.3731 0.273126 0.299999
    endloop
  endfacet
  facet normal 0.686484 0.411449 -0.59954
    outer loop
      vertex -1.16406 -0.777798 0.299999
      vertex -1.3688 -0.87334 0
      vertex -1.23469 -0.659955 0.299999
    endloop
  endfacet
  facet normal 0.686462 0.41149 -0.599538
    outer loop
      vertex -1.3688 -0.87334 0
      vertex -1.16406 -0.777798 0.299999
      vertex -1.35114 -0.902801 0
    endloop
  endfacet
  facet normal -0.0392637 0.799389 -0.59953
    outer loop
      vertex 0.0343057 -1.62331 0
      vertex 0 -1.4 0.299999
      vertex 0.137223 -1.39326 0.299999
    endloop
  endfacet
  facet normal -0.0393797 0.799378 -0.599536
    outer loop
      vertex 0 -1.4 0.299999
      vertex 0.0343057 -1.62331 0
      vertex 0 -1.625 0
    endloop
  endfacet
  facet normal -0.723499 0.342208 -0.599536
    outer loop
      vertex 1.48662 -0.65291 0
      vertex 1.43312 -0.76602 0
      vertex 1.23469 -0.659955 0.299999
    endloop
  endfacet
  facet normal 0.753554 0.269655 -0.599535
    outer loop
      vertex -1.29343 -0.535756 0.299999
      vertex -1.55503 -0.471712 0
      vertex -1.33972 -0.406398 0.299999
    endloop
  endfacet
  facet normal 0.753561 0.269595 -0.599554
    outer loop
      vertex -1.55503 -0.471712 0
      vertex -1.29343 -0.535756 0.299999
      vertex -1.54346 -0.504052 0
    endloop
  endfacet
  facet normal 0.194344 -0.776396 -0.599533
    outer loop
      vertex -0.438394 1.56337 0
      vertex -0.406398 1.33972 0.299999
      vertex -0.471712 1.55503 0
    endloop
  endfacet
  facet normal 0.194454 -0.776373 -0.599527
    outer loop
      vertex -0.406398 1.33972 0.299999
      vertex -0.438394 1.56337 0
      vertex -0.273126 1.3731 0.299999
    endloop
  endfacet
  facet normal -0.47675 0.642844 -0.599551
    outer loop
      vertex 0.902801 -1.35114 0
      vertex 0.88815 -1.08221 0.299999
      vertex 0.930389 -1.33068 0
    endloop
  endfacet
  facet normal -0.476794 0.642825 -0.599536
    outer loop
      vertex 0.88815 -1.08221 0.299999
      vertex 0.902801 -1.35114 0
      vertex 0.777798 -1.16406 0.299999
    endloop
  endfacet
  facet normal -0.686495 0.411437 -0.599536
    outer loop
      vertex 1.43312 -0.76602 0
      vertex 1.3688 -0.87334 0
      vertex 1.23469 -0.659955 0.299999
    endloop
  endfacet
  facet normal 0.593006 0.537486 -0.599543
    outer loop
      vertex -0.989949 -0.989949 0.299999
      vertex -1.14905 -1.14905 0
      vertex -1.23308 -1.05634 0
    endloop
  endfacet
  facet normal 0.723511 0.342185 -0.599534
    outer loop
      vertex -1.23469 -0.659955 0.299999
      vertex -1.5013 -0.62186 0
      vertex -1.29343 -0.535756 0.299999
    endloop
  endfacet
  facet normal 0.723534 0.342077 -0.599569
    outer loop
      vertex -1.5013 -0.62186 0
      vertex -1.23469 -0.659955 0.299999
      vertex -1.48662 -0.65291 0
    endloop
  endfacet
  facet normal -0.791679 0.117439 -0.599544
    outer loop
      vertex 1.61214 -0.193253 0
      vertex 1.59378 -0.317021 0
      vertex 1.3731 -0.273126 0.299999
    endloop
  endfacet
  facet normal 0.64283 -0.476777 -0.599544
    outer loop
      vertex -1.25614 1.03089 0
      vertex -1.08221 0.88815 0.299999
      vertex -1.33068 0.930389 0
    endloop
  endfacet
  facet normal 0.791679 0.117439 -0.599544
    outer loop
      vertex -1.3731 -0.273126 0.299999
      vertex -1.59378 -0.317021 0
      vertex -1.61214 -0.193253 0
    endloop
  endfacet
  facet normal 0.686495 0.411437 -0.599536
    outer loop
      vertex -1.23469 -0.659955 0.299999
      vertex -1.3688 -0.87334 0
      vertex -1.43312 -0.76602 0
    endloop
  endfacet
  facet normal 0.776346 -0.194513 -0.599543
    outer loop
      vertex -1.56337 0.438394 0
      vertex -1.3731 0.273126 0.299999
      vertex -1.59378 0.317021 0
    endloop
  endfacet
  facet normal -0.0392751 0.79939 -0.599527
    outer loop
      vertex 0.137223 -1.39326 0.299999
      vertex 0.159277 -1.61717 0
      vertex 0.0343057 -1.62331 0
    endloop
  endfacet
  facet normal 0.342208 -0.723499 -0.599536
    outer loop
      vertex -0.65291 1.48662 0
      vertex -0.659955 1.23469 0.299999
      vertex -0.76602 1.43312 0
    endloop
  endfacet
  facet normal -0.776373 0.194454 -0.599527
    outer loop
      vertex 1.56337 -0.438394 0
      vertex 1.33972 -0.406398 0.299999
      vertex 1.3731 -0.273126 0.299999
    endloop
  endfacet
  facet normal -0.776396 0.194344 -0.599533
    outer loop
      vertex 1.33972 -0.406398 0.299999
      vertex 1.56337 -0.438394 0
      vertex 1.55503 -0.471712 0
    endloop
  endfacet
  facet normal -0.791721 0.117211 -0.599533
    outer loop
      vertex 1.61214 -0.193253 0
      vertex 1.39326 -0.137223 0.299999
      vertex 1.61717 -0.159277 0
    endloop
  endfacet
  facet normal -0.791679 0.117438 -0.599544
    outer loop
      vertex 1.39326 -0.137223 0.299999
      vertex 1.61214 -0.193253 0
      vertex 1.3731 -0.273126 0.299999
    endloop
  endfacet
  facet normal -0.593089 -0.537392 -0.599546
    outer loop
      vertex 1.08221 0.88815 0.299999
      vertex 1.23308 1.05634 0
      vertex 1.25614 1.03089 0
    endloop
  endfacet
  facet normal -0.593023 -0.53746 -0.599551
    outer loop
      vertex 1.23308 1.05634 0
      vertex 1.08221 0.88815 0.299999
      vertex 0.989949 0.989949 0.299999
    endloop
  endfacet
  facet normal -0.537392 0.593089 -0.599546
    outer loop
      vertex 0.88815 -1.08221 0.299999
      vertex 1.05634 -1.23308 0
      vertex 1.03089 -1.25614 0
    endloop
  endfacet
  facet normal -0.53746 0.593023 -0.599551
    outer loop
      vertex 1.05634 -1.23308 0
      vertex 0.88815 -1.08221 0.299999
      vertex 0.989949 -0.989949 0.299999
    endloop
  endfacet
  facet normal -0.476777 -0.64283 -0.599544
    outer loop
      vertex 0.930389 1.33068 0
      vertex 1.03089 1.25614 0
      vertex 0.88815 1.08221 0.299999
    endloop
  endfacet
  facet normal -0.269673 0.753548 -0.599535
    outer loop
      vertex 0.535756 -1.29343 0.299999
      vertex 0.62186 -1.5013 0
      vertex 0.504052 -1.54346 0
    endloop
  endfacet
  facet normal -0.342077 0.723534 -0.599569
    outer loop
      vertex 0.62186 -1.5013 0
      vertex 0.659955 -1.23469 0.299999
      vertex 0.65291 -1.48662 0
    endloop
  endfacet
  facet normal -0.342185 0.723511 -0.599534
    outer loop
      vertex 0.659955 -1.23469 0.299999
      vertex 0.62186 -1.5013 0
      vertex 0.535756 -1.29343 0.299999
    endloop
  endfacet
  facet normal 0.537486 -0.593006 -0.599543
    outer loop
      vertex -1.05634 1.23308 0
      vertex -0.989949 0.989949 0.299999
      vertex -1.14905 1.14905 0
    endloop
  endfacet
  facet normal 0.593023 0.53746 -0.599551
    outer loop
      vertex -1.23308 -1.05634 0
      vertex -1.08221 -0.88815 0.299999
      vertex -0.989949 -0.989949 0.299999
    endloop
  endfacet
  facet normal 0.593089 0.537392 -0.599546
    outer loop
      vertex -1.08221 -0.88815 0.299999
      vertex -1.23308 -1.05634 0
      vertex -1.25614 -1.03089 0
    endloop
  endfacet
  facet normal -0.194513 0.776346 -0.599543
    outer loop
      vertex 0.438394 -1.56337 0
      vertex 0.317021 -1.59378 0
      vertex 0.273126 -1.3731 0.299999
    endloop
  endfacet
  facet normal -0.642844 -0.47675 -0.599551
    outer loop
      vertex 1.35114 0.902801 0
      vertex 1.08221 0.88815 0.299999
      vertex 1.33068 0.930389 0
    endloop
  endfacet
  facet normal -0.642825 -0.476794 -0.599536
    outer loop
      vertex 1.08221 0.88815 0.299999
      vertex 1.35114 0.902801 0
      vertex 1.16406 0.777798 0.299999
    endloop
  endfacet
  facet normal 0.342077 -0.723534 -0.599569
    outer loop
      vertex -0.62186 1.5013 0
      vertex -0.659955 1.23469 0.299999
      vertex -0.65291 1.48662 0
    endloop
  endfacet
  facet normal 0.342185 -0.723511 -0.599534
    outer loop
      vertex -0.659955 1.23469 0.299999
      vertex -0.62186 1.5013 0
      vertex -0.535756 1.29343 0.299999
    endloop
  endfacet
  facet normal 0.411437 -0.686495 -0.599536
    outer loop
      vertex -0.76602 1.43312 0
      vertex -0.659955 1.23469 0.299999
      vertex -0.87334 1.3688 0
    endloop
  endfacet
  facet normal -0.194513 -0.776346 -0.599543
    outer loop
      vertex 0.317021 1.59378 0
      vertex 0.438394 1.56337 0
      vertex 0.273126 1.3731 0.299999
    endloop
  endfacet
  facet normal -0.642825 0.476794 -0.599536
    outer loop
      vertex 1.35114 -0.902801 0
      vertex 1.08221 -0.88815 0.299999
      vertex 1.16406 -0.777798 0.299999
    endloop
  endfacet
  facet normal -0.642844 0.47675 -0.599551
    outer loop
      vertex 1.08221 -0.88815 0.299999
      vertex 1.35114 -0.902801 0
      vertex 1.33068 -0.930389 0
    endloop
  endfacet
  facet normal 0.411437 0.686495 -0.599536
    outer loop
      vertex -0.659955 -1.23469 0.299999
      vertex -0.76602 -1.43312 0
      vertex -0.87334 -1.3688 0
    endloop
  endfacet
  facet normal 0.642825 0.476794 -0.599536
    outer loop
      vertex -1.08221 -0.88815 0.299999
      vertex -1.35114 -0.902801 0
      vertex -1.16406 -0.777798 0.299999
    endloop
  endfacet
  facet normal 0.642844 0.47675 -0.599551
    outer loop
      vertex -1.35114 -0.902801 0
      vertex -1.08221 -0.88815 0.299999
      vertex -1.33068 -0.930389 0
    endloop
  endfacet
  facet normal -0.194454 -0.776373 -0.599527
    outer loop
      vertex 0.438394 1.56337 0
      vertex 0.406398 1.33972 0.299999
      vertex 0.273126 1.3731 0.299999
    endloop
  endfacet
  facet normal -0.194344 -0.776396 -0.599533
    outer loop
      vertex 0.406398 1.33972 0.299999
      vertex 0.438394 1.56337 0
      vertex 0.471712 1.55503 0
    endloop
  endfacet
  facet normal 0.64283 0.476777 -0.599544
    outer loop
      vertex -1.08221 -0.88815 0.299999
      vertex -1.25614 -1.03089 0
      vertex -1.33068 -0.930389 0
    endloop
  endfacet
  facet normal -0.269655 -0.753554 -0.599535
    outer loop
      vertex 0.471712 1.55503 0
      vertex 0.535756 1.29343 0.299999
      vertex 0.406398 1.33972 0.299999
    endloop
  endfacet
  facet normal -0.269595 -0.753561 -0.599554
    outer loop
      vertex 0.535756 1.29343 0.299999
      vertex 0.471712 1.55503 0
      vertex 0.504052 1.54346 0
    endloop
  endfacet
  facet normal 0.753561 -0.269595 -0.599554
    outer loop
      vertex -1.29343 0.535756 0.299999
      vertex -1.55503 0.471712 0
      vertex -1.54346 0.504052 0
    endloop
  endfacet
  facet normal 0.753554 -0.269655 -0.599535
    outer loop
      vertex -1.55503 0.471712 0
      vertex -1.29343 0.535756 0.299999
      vertex -1.33972 0.406398 0.299999
    endloop
  endfacet
  facet normal 0.776396 -0.194344 -0.599533
    outer loop
      vertex -1.33972 0.406398 0.299999
      vertex -1.56337 0.438394 0
      vertex -1.55503 0.471712 0
    endloop
  endfacet
  facet normal 0.776373 -0.194454 -0.599527
    outer loop
      vertex -1.56337 0.438394 0
      vertex -1.33972 0.406398 0.299999
      vertex -1.3731 0.273126 0.299999
    endloop
  endfacet
  facet normal 0.799389 -0.0392637 -0.59953
    outer loop
      vertex -1.4 0 0.299999
      vertex -1.62331 0.0343057 0
      vertex -1.39326 0.137223 0.299999
    endloop
  endfacet
  facet normal 0.799378 -0.0393797 -0.599536
    outer loop
      vertex -1.62331 0.0343057 0
      vertex -1.4 0 0.299999
      vertex -1.625 0 0
    endloop
  endfacet
  facet normal -0.593089 0.537392 -0.599546
    outer loop
      vertex 1.23308 -1.05634 0
      vertex 1.08221 -0.88815 0.299999
      vertex 1.25614 -1.03089 0
    endloop
  endfacet
  facet normal -0.593023 0.53746 -0.599551
    outer loop
      vertex 1.08221 -0.88815 0.299999
      vertex 1.23308 -1.05634 0
      vertex 0.989949 -0.989949 0.299999
    endloop
  endfacet
  facet normal 0.342185 0.723511 -0.599534
    outer loop
      vertex -0.62186 -1.5013 0
      vertex -0.659955 -1.23469 0.299999
      vertex -0.535756 -1.29343 0.299999
    endloop
  endfacet
  facet normal 0.342077 0.723534 -0.599569
    outer loop
      vertex -0.659955 -1.23469 0.299999
      vertex -0.62186 -1.5013 0
      vertex -0.65291 -1.48662 0
    endloop
  endfacet
  facet normal 0.117211 0.791721 -0.599533
    outer loop
      vertex -0.193253 -1.61214 0
      vertex -0.137223 -1.39326 0.299999
      vertex -0.159277 -1.61717 0
    endloop
  endfacet
  facet normal 0.117438 0.791679 -0.599544
    outer loop
      vertex -0.137223 -1.39326 0.299999
      vertex -0.193253 -1.61214 0
      vertex -0.273126 -1.3731 0.299999
    endloop
  endfacet
  facet normal -0.41149 0.686462 -0.599538
    outer loop
      vertex 0.87334 -1.3688 0
      vertex 0.777798 -1.16406 0.299999
      vertex 0.902801 -1.35114 0
    endloop
  endfacet
  facet normal -0.411449 0.686484 -0.59954
    outer loop
      vertex 0.777798 -1.16406 0.299999
      vertex 0.87334 -1.3688 0
      vertex 0.659955 -1.23469 0.299999
    endloop
  endfacet
  facet normal -0.117211 -0.791721 -0.599533
    outer loop
      vertex 0.193253 1.61214 0
      vertex 0.137223 1.39326 0.299999
      vertex 0.159277 1.61717 0
    endloop
  endfacet
  facet normal -0.117438 -0.791679 -0.599544
    outer loop
      vertex 0.137223 1.39326 0.299999
      vertex 0.193253 1.61214 0
      vertex 0.273126 1.3731 0.299999
    endloop
  endfacet
  facet normal -0.0392751 -0.79939 -0.599527
    outer loop
      vertex 0.159277 1.61717 0
      vertex 0.137223 1.39326 0.299999
      vertex 0.0343057 1.62331 0
    endloop
  endfacet
  facet normal 0.47675 -0.642844 -0.599551
    outer loop
      vertex -0.902801 1.35114 0
      vertex -0.88815 1.08221 0.299999
      vertex -0.930389 1.33068 0
    endloop
  endfacet
  facet normal 0.476794 -0.642825 -0.599536
    outer loop
      vertex -0.88815 1.08221 0.299999
      vertex -0.902801 1.35114 0
      vertex -0.777798 1.16406 0.299999
    endloop
  endfacet
  facet normal 0.686462 -0.41149 -0.599538
    outer loop
      vertex -1.16406 0.777798 0.299999
      vertex -1.3688 0.87334 0
      vertex -1.35114 0.902801 0
    endloop
  endfacet
  facet normal 0.686484 -0.411449 -0.59954
    outer loop
      vertex -1.3688 0.87334 0
      vertex -1.16406 0.777798 0.299999
      vertex -1.23469 0.659955 0.299999
    endloop
  endfacet
  facet normal 0.194454 0.776373 -0.599527
    outer loop
      vertex -0.438394 -1.56337 0
      vertex -0.406398 -1.33972 0.299999
      vertex -0.273126 -1.3731 0.299999
    endloop
  endfacet
  facet normal 0.194344 0.776396 -0.599533
    outer loop
      vertex -0.406398 -1.33972 0.299999
      vertex -0.438394 -1.56337 0
      vertex -0.471712 -1.55503 0
    endloop
  endfacet
  facet normal 0.723534 -0.342077 -0.599569
    outer loop
      vertex -1.23469 0.659955 0.299999
      vertex -1.5013 0.62186 0
      vertex -1.48662 0.65291 0
    endloop
  endfacet
  facet normal 0.723511 -0.342185 -0.599534
    outer loop
      vertex -1.5013 0.62186 0
      vertex -1.23469 0.659955 0.299999
      vertex -1.29343 0.535756 0.299999
    endloop
  endfacet
  facet normal 0.723499 -0.342208 -0.599536
    outer loop
      vertex -1.43312 0.76602 0
      vertex -1.23469 0.659955 0.299999
      vertex -1.48662 0.65291 0
    endloop
  endfacet
  facet normal 0.194513 -0.776346 -0.599543
    outer loop
      vertex -0.317021 1.59378 0
      vertex -0.273126 1.3731 0.299999
      vertex -0.438394 1.56337 0
    endloop
  endfacet
  facet normal 0.79939 -0.0392751 -0.599527
    outer loop
      vertex -1.61717 0.159277 0
      vertex -1.39326 0.137223 0.299999
      vertex -1.62331 0.0343057 0
    endloop
  endfacet
  facet normal 0.791679 -0.117438 -0.599544
    outer loop
      vertex -1.39326 0.137223 0.299999
      vertex -1.61214 0.193253 0
      vertex -1.3731 0.273126 0.299999
    endloop
  endfacet
  facet normal 0.791721 -0.117211 -0.599533
    outer loop
      vertex -1.61214 0.193253 0
      vertex -1.39326 0.137223 0.299999
      vertex -1.61717 0.159277 0
    endloop
  endfacet
  facet normal 0.642844 -0.47675 -0.599551
    outer loop
      vertex -1.08221 0.88815 0.299999
      vertex -1.35114 0.902801 0
      vertex -1.33068 0.930389 0
    endloop
  endfacet
  facet normal 0.642825 -0.476794 -0.599536
    outer loop
      vertex -1.35114 0.902801 0
      vertex -1.08221 0.88815 0.299999
      vertex -1.16406 0.777798 0.299999
    endloop
  endfacet
  facet normal 0.476794 0.642825 -0.599536
    outer loop
      vertex -0.902801 -1.35114 0
      vertex -0.88815 -1.08221 0.299999
      vertex -0.777798 -1.16406 0.299999
    endloop
  endfacet
  facet normal 0.47675 0.642844 -0.599551
    outer loop
      vertex -0.88815 -1.08221 0.299999
      vertex -0.902801 -1.35114 0
      vertex -0.930389 -1.33068 0
    endloop
  endfacet
endsolid OpenSCAD_Model
