solid OpenSCAD_Model
  facet normal 0.0490821 -0.998795 0
    outer loop
      vertex 44 -50 0
      vertex 44.5881 -49.9711 8
      vertex 44 -50 8
    endloop
  endfacet
  facet normal 0.0490821 -0.998795 0
    outer loop
      vertex 44.5881 -49.9711 8
      vertex 44 -50 0
      vertex 44.5881 -49.9711 0
    endloop
  endfacet
  facet normal 0 -1 0
    outer loop
      vertex -44 -50 0
      vertex 44 -50 8
      vertex -44 -50 8
    endloop
  endfacet
  facet normal 0 -1 -0
    outer loop
      vertex 44 -50 8
      vertex -44 -50 0
      vertex 44 -50 0
    endloop
  endfacet
  facet normal 0.6717 0.740823 -0
    outer loop
      vertex 48.2426 48.2426 0
      vertex 47.8064 48.6381 8
      vertex 48.2426 48.2426 8
    endloop
  endfacet
  facet normal 0.6717 0.740823 0
    outer loop
      vertex 47.8064 48.6381 8
      vertex 48.2426 48.2426 0
      vertex 47.8064 48.6381 0
    endloop
  endfacet
  facet normal -0.146746 0.989174 0
    outer loop
      vertex -44.5881 49.9711 0
      vertex -45.1705 49.8847 8
      vertex -44.5881 49.9711 8
    endloop
  endfacet
  facet normal -0.146746 0.989174 0
    outer loop
      vertex -45.1705 49.8847 8
      vertex -44.5881 49.9711 0
      vertex -45.1705 49.8847 0
    endloop
  endfacet
  facet normal 0.740823 0.6717 0
    outer loop
      vertex 48.6381 47.8064 8
      vertex 48.2426 48.2426 0
      vertex 48.2426 48.2426 8
    endloop
  endfacet
  facet normal 0.740823 0.6717 0
    outer loop
      vertex 48.2426 48.2426 0
      vertex 48.6381 47.8064 8
      vertex 48.6381 47.8064 0
    endloop
  endfacet
  facet normal 0.6717 -0.740823 0
    outer loop
      vertex 47.8064 -48.6381 0
      vertex 48.2426 -48.2426 8
      vertex 47.8064 -48.6381 8
    endloop
  endfacet
  facet normal 0.6717 -0.740823 0
    outer loop
      vertex 48.2426 -48.2426 8
      vertex 47.8064 -48.6381 0
      vertex 48.2426 -48.2426 0
    endloop
  endfacet
  facet normal -0.0490821 0.998795 0
    outer loop
      vertex -44 50 0
      vertex -44.5881 49.9711 8
      vertex -44 50 8
    endloop
  endfacet
  facet normal -0.0490821 0.998795 0
    outer loop
      vertex -44.5881 49.9711 8
      vertex -44 50 0
      vertex -44.5881 49.9711 0
    endloop
  endfacet
  facet normal -0.998795 0.0490821 0
    outer loop
      vertex -50 44 0
      vertex -49.9711 44.5881 8
      vertex -49.9711 44.5881 0
    endloop
  endfacet
  facet normal -0.998795 0.0490821 0
    outer loop
      vertex -49.9711 44.5881 8
      vertex -50 44 0
      vertex -50 44 8
    endloop
  endfacet
  facet normal -0.857718 0.514121 0
    outer loop
      vertex -49.2915 46.8284 0
      vertex -48.9888 47.3334 8
      vertex -48.9888 47.3334 0
    endloop
  endfacet
  facet normal -0.857718 0.514121 0
    outer loop
      vertex -48.9888 47.3334 8
      vertex -49.2915 46.8284 0
      vertex -49.2915 46.8284 8
    endloop
  endfacet
  facet normal 0 1 -0
    outer loop
      vertex 44 50 0
      vertex -44 50 8
      vertex 44 50 8
    endloop
  endfacet
  facet normal 0 1 0
    outer loop
      vertex -44 50 8
      vertex 44 50 0
      vertex -44 50 0
    endloop
  endfacet
  facet normal 0.595589 0.803289 -0
    outer loop
      vertex 47.8064 48.6381 0
      vertex 47.3334 48.9888 8
      vertex 47.8064 48.6381 8
    endloop
  endfacet
  facet normal 0.595589 0.803289 0
    outer loop
      vertex 47.3334 48.9888 8
      vertex 47.8064 48.6381 0
      vertex 47.3334 48.9888 0
    endloop
  endfacet
  facet normal 0.998795 0.0490821 0
    outer loop
      vertex 50 44 8
      vertex 49.9711 44.5881 0
      vertex 49.9711 44.5881 8
    endloop
  endfacet
  facet normal 0.998795 0.0490821 0
    outer loop
      vertex 49.9711 44.5881 0
      vertex 50 44 8
      vertex 50 44 0
    endloop
  endfacet
  facet normal -0.740823 -0.6717 0
    outer loop
      vertex -48.2426 -48.2426 0
      vertex -48.6381 -47.8064 8
      vertex -48.6381 -47.8064 0
    endloop
  endfacet
  facet normal -0.740823 -0.6717 0
    outer loop
      vertex -48.6381 -47.8064 8
      vertex -48.2426 -48.2426 0
      vertex -48.2426 -48.2426 8
    endloop
  endfacet
  facet normal -1 0 0
    outer loop
      vertex -50 -44 0
      vertex -50 44 8
      vertex -50 44 0
    endloop
  endfacet
  facet normal -1 -0 0
    outer loop
      vertex -50 44 8
      vertex -50 -44 0
      vertex -50 -44 8
    endloop
  endfacet
  facet normal -0.514121 -0.857718 0
    outer loop
      vertex -47.3334 -48.9888 0
      vertex -46.8284 -49.2915 8
      vertex -47.3334 -48.9888 8
    endloop
  endfacet
  facet normal -0.514121 -0.857718 -0
    outer loop
      vertex -46.8284 -49.2915 8
      vertex -47.3334 -48.9888 0
      vertex -46.8284 -49.2915 0
    endloop
  endfacet
  facet normal -0.903962 -0.427612 0
    outer loop
      vertex -49.2915 -46.8284 0
      vertex -49.5433 -46.2961 8
      vertex -49.5433 -46.2961 0
    endloop
  endfacet
  facet normal -0.903962 -0.427612 0
    outer loop
      vertex -49.5433 -46.2961 8
      vertex -49.2915 -46.8284 0
      vertex -49.2915 -46.8284 8
    endloop
  endfacet
  facet normal 0.243015 -0.970023 0
    outer loop
      vertex 45.1705 -49.8847 0
      vertex 45.7417 -49.7416 8
      vertex 45.1705 -49.8847 8
    endloop
  endfacet
  facet normal 0.243015 -0.970023 0
    outer loop
      vertex 45.7417 -49.7416 8
      vertex 45.1705 -49.8847 0
      vertex 45.7417 -49.7416 0
    endloop
  endfacet
  facet normal -0.146746 -0.989174 0
    outer loop
      vertex -45.1705 -49.8847 0
      vertex -44.5881 -49.9711 8
      vertex -45.1705 -49.8847 8
    endloop
  endfacet
  facet normal -0.146746 -0.989174 -0
    outer loop
      vertex -44.5881 -49.9711 8
      vertex -45.1705 -49.8847 0
      vertex -44.5881 -49.9711 0
    endloop
  endfacet
  facet normal -0.427612 -0.903962 0
    outer loop
      vertex -46.8284 -49.2915 0
      vertex -46.2961 -49.5433 8
      vertex -46.8284 -49.2915 8
    endloop
  endfacet
  facet normal -0.427612 -0.903962 -0
    outer loop
      vertex -46.2961 -49.5433 8
      vertex -46.8284 -49.2915 0
      vertex -46.2961 -49.5433 0
    endloop
  endfacet
  facet normal 0.243015 0.970023 -0
    outer loop
      vertex 45.7417 49.7416 0
      vertex 45.1705 49.8847 8
      vertex 45.7417 49.7416 8
    endloop
  endfacet
  facet normal 0.243015 0.970023 0
    outer loop
      vertex 45.1705 49.8847 8
      vertex 45.7417 49.7416 0
      vertex 45.1705 49.8847 0
    endloop
  endfacet
  facet normal 0.336788 0.94158 -0
    outer loop
      vertex 46.2961 49.5433 0
      vertex 45.7417 49.7416 8
      vertex 46.2961 49.5433 8
    endloop
  endfacet
  facet normal 0.336788 0.94158 0
    outer loop
      vertex 45.7417 49.7416 8
      vertex 46.2961 49.5433 0
      vertex 45.7417 49.7416 0
    endloop
  endfacet
  facet normal -0.336788 0.94158 0
    outer loop
      vertex -45.7417 49.7416 0
      vertex -46.2961 49.5433 8
      vertex -45.7417 49.7416 8
    endloop
  endfacet
  facet normal -0.336788 0.94158 0
    outer loop
      vertex -46.2961 49.5433 8
      vertex -45.7417 49.7416 0
      vertex -46.2961 49.5433 0
    endloop
  endfacet
  facet normal -0.803289 0.595589 0
    outer loop
      vertex -48.9888 47.3334 0
      vertex -48.6381 47.8064 8
      vertex -48.6381 47.8064 0
    endloop
  endfacet
  facet normal -0.803289 0.595589 0
    outer loop
      vertex -48.6381 47.8064 8
      vertex -48.9888 47.3334 0
      vertex -48.9888 47.3334 8
    endloop
  endfacet
  facet normal -0.94158 0.336788 0
    outer loop
      vertex -49.7416 45.7417 0
      vertex -49.5433 46.2961 8
      vertex -49.5433 46.2961 0
    endloop
  endfacet
  facet normal -0.94158 0.336788 0
    outer loop
      vertex -49.5433 46.2961 8
      vertex -49.7416 45.7417 0
      vertex -49.7416 45.7417 8
    endloop
  endfacet
  facet normal -0.803289 -0.595589 0
    outer loop
      vertex -48.6381 -47.8064 0
      vertex -48.9888 -47.3334 8
      vertex -48.9888 -47.3334 0
    endloop
  endfacet
  facet normal -0.803289 -0.595589 0
    outer loop
      vertex -48.9888 -47.3334 8
      vertex -48.6381 -47.8064 0
      vertex -48.6381 -47.8064 8
    endloop
  endfacet
  facet normal -0.336788 -0.94158 0
    outer loop
      vertex -46.2961 -49.5433 0
      vertex -45.7417 -49.7416 8
      vertex -46.2961 -49.5433 8
    endloop
  endfacet
  facet normal -0.336788 -0.94158 -0
    outer loop
      vertex -45.7417 -49.7416 8
      vertex -46.2961 -49.5433 0
      vertex -45.7417 -49.7416 0
    endloop
  endfacet
  facet normal -0.243015 0.970023 0
    outer loop
      vertex -45.1705 49.8847 0
      vertex -45.7417 49.7416 8
      vertex -45.1705 49.8847 8
    endloop
  endfacet
  facet normal -0.243015 0.970023 0
    outer loop
      vertex -45.7417 49.7416 8
      vertex -45.1705 49.8847 0
      vertex -45.7417 49.7416 0
    endloop
  endfacet
  facet normal 0.146746 -0.989174 0
    outer loop
      vertex 44.5881 -49.9711 0
      vertex 45.1705 -49.8847 8
      vertex 44.5881 -49.9711 8
    endloop
  endfacet
  facet normal 0.146746 -0.989174 0
    outer loop
      vertex 45.1705 -49.8847 8
      vertex 44.5881 -49.9711 0
      vertex 45.1705 -49.8847 0
    endloop
  endfacet
  facet normal 0.970023 -0.243015 0
    outer loop
      vertex 49.7416 -45.7417 8
      vertex 49.8847 -45.1705 0
      vertex 49.8847 -45.1705 8
    endloop
  endfacet
  facet normal 0.970023 -0.243015 0
    outer loop
      vertex 49.8847 -45.1705 0
      vertex 49.7416 -45.7417 8
      vertex 49.7416 -45.7417 0
    endloop
  endfacet
  facet normal 0.514121 0.857718 -0
    outer loop
      vertex 47.3334 48.9888 0
      vertex 46.8284 49.2915 8
      vertex 47.3334 48.9888 8
    endloop
  endfacet
  facet normal 0.514121 0.857718 0
    outer loop
      vertex 46.8284 49.2915 8
      vertex 47.3334 48.9888 0
      vertex 46.8284 49.2915 0
    endloop
  endfacet
  facet normal 0.94158 -0.336788 0
    outer loop
      vertex 49.5433 -46.2961 8
      vertex 49.7416 -45.7417 0
      vertex 49.7416 -45.7417 8
    endloop
  endfacet
  facet normal 0.94158 -0.336788 0
    outer loop
      vertex 49.7416 -45.7417 0
      vertex 49.5433 -46.2961 8
      vertex 49.5433 -46.2961 0
    endloop
  endfacet
  facet normal -0.740823 0.6717 0
    outer loop
      vertex -48.6381 47.8064 0
      vertex -48.2426 48.2426 8
      vertex -48.2426 48.2426 0
    endloop
  endfacet
  facet normal -0.740823 0.6717 0
    outer loop
      vertex -48.2426 48.2426 8
      vertex -48.6381 47.8064 0
      vertex -48.6381 47.8064 8
    endloop
  endfacet
  facet normal 1 -0 0
    outer loop
      vertex 50 -44 8
      vertex 50 44 0
      vertex 50 44 8
    endloop
  endfacet
  facet normal 1 0 0
    outer loop
      vertex 50 44 0
      vertex 50 -44 8
      vertex 50 -44 0
    endloop
  endfacet
  facet normal -0.595589 0.803289 0
    outer loop
      vertex -47.3334 48.9888 0
      vertex -47.8064 48.6381 8
      vertex -47.3334 48.9888 8
    endloop
  endfacet
  facet normal -0.595589 0.803289 0
    outer loop
      vertex -47.8064 48.6381 8
      vertex -47.3334 48.9888 0
      vertex -47.8064 48.6381 0
    endloop
  endfacet
  facet normal -0.243015 -0.970023 0
    outer loop
      vertex -45.7417 -49.7416 0
      vertex -45.1705 -49.8847 8
      vertex -45.7417 -49.7416 8
    endloop
  endfacet
  facet normal -0.243015 -0.970023 -0
    outer loop
      vertex -45.1705 -49.8847 8
      vertex -45.7417 -49.7416 0
      vertex -45.1705 -49.8847 0
    endloop
  endfacet
  facet normal 0.94158 0.336788 0
    outer loop
      vertex 49.7416 45.7417 8
      vertex 49.5433 46.2961 0
      vertex 49.5433 46.2961 8
    endloop
  endfacet
  facet normal 0.94158 0.336788 0
    outer loop
      vertex 49.5433 46.2961 0
      vertex 49.7416 45.7417 8
      vertex 49.7416 45.7417 0
    endloop
  endfacet
  facet normal -0.6717 -0.740823 0
    outer loop
      vertex -48.2426 -48.2426 0
      vertex -47.8064 -48.6381 8
      vertex -48.2426 -48.2426 8
    endloop
  endfacet
  facet normal -0.6717 -0.740823 -0
    outer loop
      vertex -47.8064 -48.6381 8
      vertex -48.2426 -48.2426 0
      vertex -47.8064 -48.6381 0
    endloop
  endfacet
  facet normal -0.989174 0.146746 0
    outer loop
      vertex -49.9711 44.5881 0
      vertex -49.8847 45.1705 8
      vertex -49.8847 45.1705 0
    endloop
  endfacet
  facet normal -0.989174 0.146746 0
    outer loop
      vertex -49.8847 45.1705 8
      vertex -49.9711 44.5881 0
      vertex -49.9711 44.5881 8
    endloop
  endfacet
  facet normal -0.595589 -0.803289 0
    outer loop
      vertex -47.8064 -48.6381 0
      vertex -47.3334 -48.9888 8
      vertex -47.8064 -48.6381 8
    endloop
  endfacet
  facet normal -0.595589 -0.803289 -0
    outer loop
      vertex -47.3334 -48.9888 8
      vertex -47.8064 -48.6381 0
      vertex -47.3334 -48.9888 0
    endloop
  endfacet
  facet normal -0.989174 -0.146746 0
    outer loop
      vertex -49.8847 -45.1705 0
      vertex -49.9711 -44.5881 8
      vertex -49.9711 -44.5881 0
    endloop
  endfacet
  facet normal -0.989174 -0.146746 0
    outer loop
      vertex -49.9711 -44.5881 8
      vertex -49.8847 -45.1705 0
      vertex -49.8847 -45.1705 8
    endloop
  endfacet
  facet normal 0.427612 0.903962 -0
    outer loop
      vertex 46.8284 49.2915 0
      vertex 46.2961 49.5433 8
      vertex 46.8284 49.2915 8
    endloop
  endfacet
  facet normal 0.427612 0.903962 0
    outer loop
      vertex 46.2961 49.5433 8
      vertex 46.8284 49.2915 0
      vertex 46.2961 49.5433 0
    endloop
  endfacet
  facet normal 0.970023 0.243015 0
    outer loop
      vertex 49.8847 45.1705 8
      vertex 49.7416 45.7417 0
      vertex 49.7416 45.7417 8
    endloop
  endfacet
  facet normal 0.970023 0.243015 0
    outer loop
      vertex 49.7416 45.7417 0
      vertex 49.8847 45.1705 8
      vertex 49.8847 45.1705 0
    endloop
  endfacet
  facet normal -0.903962 0.427612 0
    outer loop
      vertex -49.5433 46.2961 0
      vertex -49.2915 46.8284 8
      vertex -49.2915 46.8284 0
    endloop
  endfacet
  facet normal -0.903962 0.427612 0
    outer loop
      vertex -49.2915 46.8284 8
      vertex -49.5433 46.2961 0
      vertex -49.5433 46.2961 8
    endloop
  endfacet
  facet normal 0.989174 -0.146746 0
    outer loop
      vertex 49.8847 -45.1705 8
      vertex 49.9711 -44.5881 0
      vertex 49.9711 -44.5881 8
    endloop
  endfacet
  facet normal 0.989174 -0.146746 0
    outer loop
      vertex 49.9711 -44.5881 0
      vertex 49.8847 -45.1705 8
      vertex 49.8847 -45.1705 0
    endloop
  endfacet
  facet normal 0.336788 -0.94158 0
    outer loop
      vertex 45.7417 -49.7416 0
      vertex 46.2961 -49.5433 8
      vertex 45.7417 -49.7416 8
    endloop
  endfacet
  facet normal 0.336788 -0.94158 0
    outer loop
      vertex 46.2961 -49.5433 8
      vertex 45.7417 -49.7416 0
      vertex 46.2961 -49.5433 0
    endloop
  endfacet
  facet normal -0.0490821 -0.998795 0
    outer loop
      vertex -44.5881 -49.9711 0
      vertex -44 -50 8
      vertex -44.5881 -49.9711 8
    endloop
  endfacet
  facet normal -0.0490821 -0.998795 -0
    outer loop
      vertex -44 -50 8
      vertex -44.5881 -49.9711 0
      vertex -44 -50 0
    endloop
  endfacet
  facet normal 0.903962 -0.427612 0
    outer loop
      vertex 49.2915 -46.8284 8
      vertex 49.5433 -46.2961 0
      vertex 49.5433 -46.2961 8
    endloop
  endfacet
  facet normal 0.903962 -0.427612 0
    outer loop
      vertex 49.5433 -46.2961 0
      vertex 49.2915 -46.8284 8
      vertex 49.2915 -46.8284 0
    endloop
  endfacet
  facet normal -0.998795 -0.0490821 0
    outer loop
      vertex -49.9711 -44.5881 0
      vertex -50 -44 8
      vertex -50 -44 0
    endloop
  endfacet
  facet normal -0.998795 -0.0490821 0
    outer loop
      vertex -50 -44 8
      vertex -49.9711 -44.5881 0
      vertex -49.9711 -44.5881 8
    endloop
  endfacet
  facet normal -0.427612 0.903962 0
    outer loop
      vertex -46.2961 49.5433 0
      vertex -46.8284 49.2915 8
      vertex -46.2961 49.5433 8
    endloop
  endfacet
  facet normal -0.427612 0.903962 0
    outer loop
      vertex -46.8284 49.2915 8
      vertex -46.2961 49.5433 0
      vertex -46.8284 49.2915 0
    endloop
  endfacet
  facet normal 0.903962 0.427612 0
    outer loop
      vertex 49.5433 46.2961 8
      vertex 49.2915 46.8284 0
      vertex 49.2915 46.8284 8
    endloop
  endfacet
  facet normal 0.903962 0.427612 0
    outer loop
      vertex 49.2915 46.8284 0
      vertex 49.5433 46.2961 8
      vertex 49.5433 46.2961 0
    endloop
  endfacet
  facet normal -0.970023 0.243015 0
    outer loop
      vertex -49.8847 45.1705 0
      vertex -49.7416 45.7417 8
      vertex -49.7416 45.7417 0
    endloop
  endfacet
  facet normal -0.970023 0.243015 0
    outer loop
      vertex -49.7416 45.7417 8
      vertex -49.8847 45.1705 0
      vertex -49.8847 45.1705 8
    endloop
  endfacet
  facet normal 0.803289 -0.595589 0
    outer loop
      vertex 48.6381 -47.8064 8
      vertex 48.9888 -47.3334 0
      vertex 48.9888 -47.3334 8
    endloop
  endfacet
  facet normal 0.803289 -0.595589 0
    outer loop
      vertex 48.9888 -47.3334 0
      vertex 48.6381 -47.8064 8
      vertex 48.6381 -47.8064 0
    endloop
  endfacet
  facet normal 0.857718 -0.514121 0
    outer loop
      vertex 48.9888 -47.3334 8
      vertex 49.2915 -46.8284 0
      vertex 49.2915 -46.8284 8
    endloop
  endfacet
  facet normal 0.857718 -0.514121 0
    outer loop
      vertex 49.2915 -46.8284 0
      vertex 48.9888 -47.3334 8
      vertex 48.9888 -47.3334 0
    endloop
  endfacet
  facet normal 0.146746 0.989174 -0
    outer loop
      vertex 45.1705 49.8847 0
      vertex 44.5881 49.9711 8
      vertex 45.1705 49.8847 8
    endloop
  endfacet
  facet normal 0.146746 0.989174 0
    outer loop
      vertex 44.5881 49.9711 8
      vertex 45.1705 49.8847 0
      vertex 44.5881 49.9711 0
    endloop
  endfacet
  facet normal -0.970023 -0.243015 0
    outer loop
      vertex -49.7416 -45.7417 0
      vertex -49.8847 -45.1705 8
      vertex -49.8847 -45.1705 0
    endloop
  endfacet
  facet normal -0.970023 -0.243015 0
    outer loop
      vertex -49.8847 -45.1705 8
      vertex -49.7416 -45.7417 0
      vertex -49.7416 -45.7417 8
    endloop
  endfacet
  facet normal -0.6717 0.740823 0
    outer loop
      vertex -47.8064 48.6381 0
      vertex -48.2426 48.2426 8
      vertex -47.8064 48.6381 8
    endloop
  endfacet
  facet normal -0.6717 0.740823 0
    outer loop
      vertex -48.2426 48.2426 8
      vertex -47.8064 48.6381 0
      vertex -48.2426 48.2426 0
    endloop
  endfacet
  facet normal -0.94158 -0.336788 0
    outer loop
      vertex -49.5433 -46.2961 0
      vertex -49.7416 -45.7417 8
      vertex -49.7416 -45.7417 0
    endloop
  endfacet
  facet normal -0.94158 -0.336788 0
    outer loop
      vertex -49.7416 -45.7417 8
      vertex -49.5433 -46.2961 0
      vertex -49.5433 -46.2961 8
    endloop
  endfacet
  facet normal -0.514121 0.857718 0
    outer loop
      vertex -46.8284 49.2915 0
      vertex -47.3334 48.9888 8
      vertex -46.8284 49.2915 8
    endloop
  endfacet
  facet normal -0.514121 0.857718 0
    outer loop
      vertex -47.3334 48.9888 8
      vertex -46.8284 49.2915 0
      vertex -47.3334 48.9888 0
    endloop
  endfacet
  facet normal -0.857718 -0.514121 0
    outer loop
      vertex -48.9888 -47.3334 0
      vertex -49.2915 -46.8284 8
      vertex -49.2915 -46.8284 0
    endloop
  endfacet
  facet normal -0.857718 -0.514121 0
    outer loop
      vertex -49.2915 -46.8284 8
      vertex -48.9888 -47.3334 0
      vertex -48.9888 -47.3334 8
    endloop
  endfacet
  facet normal 0.989174 0.146746 0
    outer loop
      vertex 49.9711 44.5881 8
      vertex 49.8847 45.1705 0
      vertex 49.8847 45.1705 8
    endloop
  endfacet
  facet normal 0.989174 0.146746 0
    outer loop
      vertex 49.8847 45.1705 0
      vertex 49.9711 44.5881 8
      vertex 49.9711 44.5881 0
    endloop
  endfacet
  facet normal 0.0490821 0.998795 -0
    outer loop
      vertex 44.5881 49.9711 0
      vertex 44 50 8
      vertex 44.5881 49.9711 8
    endloop
  endfacet
  facet normal 0.0490821 0.998795 0
    outer loop
      vertex 44 50 8
      vertex 44.5881 49.9711 0
      vertex 44 50 0
    endloop
  endfacet
  facet normal 0.998795 -0.0490821 0
    outer loop
      vertex 49.9711 -44.5881 8
      vertex 50 -44 0
      vertex 50 -44 8
    endloop
  endfacet
  facet normal 0.998795 -0.0490821 0
    outer loop
      vertex 50 -44 0
      vertex 49.9711 -44.5881 8
      vertex 49.9711 -44.5881 0
    endloop
  endfacet
  facet normal 0.514121 -0.857718 0
    outer loop
      vertex 46.8284 -49.2915 0
      vertex 47.3334 -48.9888 8
      vertex 46.8284 -49.2915 8
    endloop
  endfacet
  facet normal 0.514121 -0.857718 0
    outer loop
      vertex 47.3334 -48.9888 8
      vertex 46.8284 -49.2915 0
      vertex 47.3334 -48.9888 0
    endloop
  endfacet
  facet normal 0.427612 -0.903962 0
    outer loop
      vertex 46.2961 -49.5433 0
      vertex 46.8284 -49.2915 8
      vertex 46.2961 -49.5433 8
    endloop
  endfacet
  facet normal 0.427612 -0.903962 0
    outer loop
      vertex 46.8284 -49.2915 8
      vertex 46.2961 -49.5433 0
      vertex 46.8284 -49.2915 0
    endloop
  endfacet
  facet normal 0.857718 0.514121 0
    outer loop
      vertex 49.2915 46.8284 8
      vertex 48.9888 47.3334 0
      vertex 48.9888 47.3334 8
    endloop
  endfacet
  facet normal 0.857718 0.514121 0
    outer loop
      vertex 48.9888 47.3334 0
      vertex 49.2915 46.8284 8
      vertex 49.2915 46.8284 0
    endloop
  endfacet
  facet normal 0.803289 0.595589 0
    outer loop
      vertex 48.9888 47.3334 8
      vertex 48.6381 47.8064 0
      vertex 48.6381 47.8064 8
    endloop
  endfacet
  facet normal 0.803289 0.595589 0
    outer loop
      vertex 48.6381 47.8064 0
      vertex 48.9888 47.3334 8
      vertex 48.9888 47.3334 0
    endloop
  endfacet
  facet normal 0.740823 -0.6717 0
    outer loop
      vertex 48.2426 -48.2426 8
      vertex 48.6381 -47.8064 0
      vertex 48.6381 -47.8064 8
    endloop
  endfacet
  facet normal 0.740823 -0.6717 0
    outer loop
      vertex 48.6381 -47.8064 0
      vertex 48.2426 -48.2426 8
      vertex 48.2426 -48.2426 0
    endloop
  endfacet
  facet normal 0 0 1
    outer loop
      vertex -12.0208 12.0208 8
      vertex -25.6833 25.1149 8
      vertex -13.1412 10.7847 8
    endloop
  endfacet
  facet normal 0 0 1
    outer loop
      vertex -17 0 8
      vertex -24.204 -27.8824 8
      vertex -24.1843 -28.2843 8
    endloop
  endfacet
  facet normal -0 0 1
    outer loop
      vertex -26.0064 24.8752 8
      vertex -13.1412 10.7847 8
      vertex -25.6833 25.1149 8
    endloop
  endfacet
  facet normal 0 0 1
    outer loop
      vertex -17 0 8
      vertex -24.2631 -27.4844 8
      vertex -24.204 -27.8824 8
    endloop
  endfacet
  facet normal -0 0 1
    outer loop
      vertex -26.3515 24.6684 8
      vertex -13.1412 10.7847 8
      vertex -26.0064 24.8752 8
    endloop
  endfacet
  facet normal 0 0 1
    outer loop
      vertex -17 0 8
      vertex -24.3608 -27.0941 8
      vertex -24.2631 -27.4844 8
    endloop
  endfacet
  facet normal 0 0 1
    outer loop
      vertex -13.1412 10.7847 8
      vertex -26.3515 24.6684 8
      vertex -14.135 9.44469 8
    endloop
  endfacet
  facet normal 0 0 1
    outer loop
      vertex -17 0 8
      vertex -24.4964 -26.7153 8
      vertex -24.3608 -27.0941 8
    endloop
  endfacet
  facet normal -0 0 1
    outer loop
      vertex -26.7153 24.4964 8
      vertex -14.135 9.44469 8
      vertex -26.3515 24.6684 8
    endloop
  endfacet
  facet normal 0 0 1
    outer loop
      vertex -17 0 8
      vertex -24.6684 -26.3515 8
      vertex -24.4964 -26.7153 8
    endloop
  endfacet
  facet normal -0 0 1
    outer loop
      vertex -27.0941 24.3608 8
      vertex -14.135 9.44469 8
      vertex -26.7153 24.4964 8
    endloop
  endfacet
  facet normal 0 0 1
    outer loop
      vertex -17 0 8
      vertex -24.8752 -26.0064 8
      vertex -24.6684 -26.3515 8
    endloop
  endfacet
  facet normal 0 0 1
    outer loop
      vertex -14.135 9.44469 8
      vertex -27.0941 24.3608 8
      vertex -14.9927 8.01374 8
    endloop
  endfacet
  facet normal 0 0 1
    outer loop
      vertex -17 0 8
      vertex -25.1149 -25.6833 8
      vertex -24.8752 -26.0064 8
    endloop
  endfacet
  facet normal -0 0 1
    outer loop
      vertex -27.4844 24.2631 8
      vertex -14.9927 8.01374 8
      vertex -27.0941 24.3608 8
    endloop
  endfacet
  facet normal 0 0 1
    outer loop
      vertex -17 0 8
      vertex -25.3851 -25.3851 8
      vertex -25.1149 -25.6833 8
    endloop
  endfacet
  facet normal -0 0 1
    outer loop
      vertex -27.8824 24.204 8
      vertex -14.9927 8.01374 8
      vertex -27.4844 24.2631 8
    endloop
  endfacet
  facet normal 0 0 1
    outer loop
      vertex -17 0 8
      vertex -25.6833 -25.1149 8
      vertex -25.3851 -25.3851 8
    endloop
  endfacet
  facet normal 0 0 1
    outer loop
      vertex -14.9927 8.01374 8
      vertex -27.8824 24.204 8
      vertex -15.706 6.50562 8
    endloop
  endfacet
  facet normal 0 0 1
    outer loop
      vertex -17 0 8
      vertex -26.0064 -24.8752 8
      vertex -25.6833 -25.1149 8
    endloop
  endfacet
  facet normal -0 0 1
    outer loop
      vertex -28.2843 24.1843 8
      vertex -15.706 6.50562 8
      vertex -27.8824 24.204 8
    endloop
  endfacet
  facet normal 0 0 1
    outer loop
      vertex -17 0 8
      vertex -26.3515 -24.6684 8
      vertex -26.0064 -24.8752 8
    endloop
  endfacet
  facet normal 0 0 1
    outer loop
      vertex -15.706 6.50562 8
      vertex -28.2843 24.1843 8
      vertex -16.268 4.93484 8
    endloop
  endfacet
  facet normal 0 0 1
    outer loop
      vertex -17 0 8
      vertex -26.7153 -24.4964 8
      vertex -26.3515 -24.6684 8
    endloop
  endfacet
  facet normal 0 0 1
    outer loop
      vertex -28.6861 24.204 8
      vertex -16.268 4.93484 8
      vertex -28.2843 24.1843 8
    endloop
  endfacet
  facet normal 0 0 1
    outer loop
      vertex -17 0 8
      vertex -27.0941 -24.3608 8
      vertex -26.7153 -24.4964 8
    endloop
  endfacet
  facet normal 0 0 1
    outer loop
      vertex -29.0841 24.2631 8
      vertex -16.268 4.93484 8
      vertex -28.6861 24.204 8
    endloop
  endfacet
  facet normal 0 0 1
    outer loop
      vertex -17 0 8
      vertex -27.4844 -24.2631 8
      vertex -27.0941 -24.3608 8
    endloop
  endfacet
  facet normal 0 0 1
    outer loop
      vertex -16.268 4.93484 8
      vertex -29.0841 24.2631 8
      vertex -16.6733 3.31653 8
    endloop
  endfacet
  facet normal 0 0 1
    outer loop
      vertex -17 0 8
      vertex -27.8824 -24.204 8
      vertex -27.4844 -24.2631 8
    endloop
  endfacet
  facet normal 0 0 1
    outer loop
      vertex -29.4744 24.3608 8
      vertex -16.6733 3.31653 8
      vertex -29.0841 24.2631 8
    endloop
  endfacet
  facet normal 0 0 1
    outer loop
      vertex -17 0 8
      vertex -28.2843 -24.1843 8
      vertex -27.8824 -24.204 8
    endloop
  endfacet
  facet normal 0 0 1
    outer loop
      vertex -29.8533 24.4964 8
      vertex -16.6733 3.31653 8
      vertex -29.4744 24.3608 8
    endloop
  endfacet
  facet normal 0 0 1
    outer loop
      vertex -17 0 8
      vertex -28.6861 -24.204 8
      vertex -28.2843 -24.1843 8
    endloop
  endfacet
  facet normal 0 0 1
    outer loop
      vertex -16.6733 3.31653 8
      vertex -29.8533 24.4964 8
      vertex -16.9181 1.66629 8
    endloop
  endfacet
  facet normal 0 0 1
    outer loop
      vertex -17 0 8
      vertex -29.0841 -24.2631 8
      vertex -28.6861 -24.204 8
    endloop
  endfacet
  facet normal 0 0 1
    outer loop
      vertex -30.217 24.6684 8
      vertex -16.9181 1.66629 8
      vertex -29.8533 24.4964 8
    endloop
  endfacet
  facet normal 0 0 1
    outer loop
      vertex -17 0 8
      vertex -29.4744 -24.3608 8
      vertex -29.0841 -24.2631 8
    endloop
  endfacet
  facet normal 0 0 1
    outer loop
      vertex -16.9181 1.66629 8
      vertex -30.217 24.6684 8
      vertex -17 0 8
    endloop
  endfacet
  facet normal 0 0 1
    outer loop
      vertex -17 0 8
      vertex -29.8533 -24.4964 8
      vertex -29.4744 -24.3608 8
    endloop
  endfacet
  facet normal 0 0 1
    outer loop
      vertex -30.5621 24.8752 8
      vertex -17 0 8
      vertex -30.217 24.6684 8
    endloop
  endfacet
  facet normal 0 0 1
    outer loop
      vertex -17 0 8
      vertex -30.217 -24.6684 8
      vertex -29.8533 -24.4964 8
    endloop
  endfacet
  facet normal 0 0 1
    outer loop
      vertex -30.5621 -24.8752 8
      vertex -17 0 8
      vertex -30.5621 24.8752 8
    endloop
  endfacet
  facet normal 0 0 1
    outer loop
      vertex -17 0 8
      vertex -30.5621 -24.8752 8
      vertex -30.217 -24.6684 8
    endloop
  endfacet
  facet normal 0 0 1
    outer loop
      vertex -30.8853 25.1149 8
      vertex -30.5621 -24.8752 8
      vertex -30.5621 24.8752 8
    endloop
  endfacet
  facet normal 0 0 1
    outer loop
      vertex -30.8853 25.1149 8
      vertex -30.8853 -25.1149 8
      vertex -30.5621 -24.8752 8
    endloop
  endfacet
  facet normal 0 0 1
    outer loop
      vertex -31.1834 25.3851 8
      vertex -30.8853 -25.1149 8
      vertex -30.8853 25.1149 8
    endloop
  endfacet
  facet normal 0 0 1
    outer loop
      vertex -31.1834 25.3851 8
      vertex -31.1834 -25.3851 8
      vertex -30.8853 -25.1149 8
    endloop
  endfacet
  facet normal 0 0 1
    outer loop
      vertex -31.4536 25.6833 8
      vertex -31.1834 -25.3851 8
      vertex -31.1834 25.3851 8
    endloop
  endfacet
  facet normal 0 0 1
    outer loop
      vertex -31.4536 25.6833 8
      vertex -31.4536 -25.6833 8
      vertex -31.1834 -25.3851 8
    endloop
  endfacet
  facet normal 0 0 1
    outer loop
      vertex -31.6933 26.0064 8
      vertex -31.4536 -25.6833 8
      vertex -31.4536 25.6833 8
    endloop
  endfacet
  facet normal 0 0 1
    outer loop
      vertex -31.6933 26.0064 8
      vertex -31.6933 -26.0064 8
      vertex -31.4536 -25.6833 8
    endloop
  endfacet
  facet normal 0 0 1
    outer loop
      vertex -31.9001 26.3515 8
      vertex -31.6933 -26.0064 8
      vertex -31.6933 26.0064 8
    endloop
  endfacet
  facet normal 0 0 1
    outer loop
      vertex -31.9001 26.3515 8
      vertex -31.9001 -26.3515 8
      vertex -31.6933 -26.0064 8
    endloop
  endfacet
  facet normal 0 0 1
    outer loop
      vertex -50 44 8
      vertex -31.9001 26.3515 8
      vertex -32.0722 26.7153 8
    endloop
  endfacet
  facet normal 0 0 1
    outer loop
      vertex -31.9001 26.3515 8
      vertex -50 44 8
      vertex -31.9001 -26.3515 8
    endloop
  endfacet
  facet normal 0 0 1
    outer loop
      vertex -50 44 8
      vertex -32.0722 26.7153 8
      vertex -32.2077 27.0941 8
    endloop
  endfacet
  facet normal 0 0 1
    outer loop
      vertex -50 -44 8
      vertex -31.9001 -26.3515 8
      vertex -50 44 8
    endloop
  endfacet
  facet normal 0 0 1
    outer loop
      vertex -50 44 8
      vertex -32.2077 27.0941 8
      vertex -32.3055 27.4844 8
    endloop
  endfacet
  facet normal 0 0 1
    outer loop
      vertex -31.9001 -26.3515 8
      vertex -50 -44 8
      vertex -32.0722 -26.7153 8
    endloop
  endfacet
  facet normal 0 0 1
    outer loop
      vertex -50 44 8
      vertex -32.3055 27.4844 8
      vertex -32.3645 27.8824 8
    endloop
  endfacet
  facet normal 0 0 1
    outer loop
      vertex -32.0722 -26.7153 8
      vertex -50 -44 8
      vertex -32.2077 -27.0941 8
    endloop
  endfacet
  facet normal 0 0 1
    outer loop
      vertex -50 44 8
      vertex -32.3645 27.8824 8
      vertex -32.3843 28.2843 8
    endloop
  endfacet
  facet normal 0 0 1
    outer loop
      vertex -32.2077 -27.0941 8
      vertex -50 -44 8
      vertex -32.3055 -27.4844 8
    endloop
  endfacet
  facet normal 0 0 1
    outer loop
      vertex 32.2077 27.0941 8
      vertex 50 44 8
      vertex 32.3055 27.4844 8
    endloop
  endfacet
  facet normal 0 0 1
    outer loop
      vertex 50 -44 8
      vertex 32.3645 -27.8824 8
      vertex 32.3843 -28.2843 8
    endloop
  endfacet
  facet normal 0 0 1
    outer loop
      vertex 32.0722 26.7153 8
      vertex 50 44 8
      vertex 32.2077 27.0941 8
    endloop
  endfacet
  facet normal 0 0 1
    outer loop
      vertex 50 -44 8
      vertex 32.3055 -27.4844 8
      vertex 32.3645 -27.8824 8
    endloop
  endfacet
  facet normal 0 0 1
    outer loop
      vertex 31.9001 26.3515 8
      vertex 50 44 8
      vertex 32.0722 26.7153 8
    endloop
  endfacet
  facet normal 0 0 1
    outer loop
      vertex 50 -44 8
      vertex 32.2077 -27.0941 8
      vertex 32.3055 -27.4844 8
    endloop
  endfacet
  facet normal 0 0 1
    outer loop
      vertex 50 44 8
      vertex 31.9001 26.3515 8
      vertex 50 -44 8
    endloop
  endfacet
  facet normal 0 0 1
    outer loop
      vertex 50 -44 8
      vertex 32.0722 -26.7153 8
      vertex 32.2077 -27.0941 8
    endloop
  endfacet
  facet normal -0 0 1
    outer loop
      vertex 31.9001 -26.3515 8
      vertex 50 -44 8
      vertex 31.9001 26.3515 8
    endloop
  endfacet
  facet normal 0 0 1
    outer loop
      vertex 50 -44 8
      vertex 31.9001 -26.3515 8
      vertex 32.0722 -26.7153 8
    endloop
  endfacet
  facet normal -0 0 1
    outer loop
      vertex 31.6933 26.0064 8
      vertex 31.9001 -26.3515 8
      vertex 31.9001 26.3515 8
    endloop
  endfacet
  facet normal 0 0 1
    outer loop
      vertex 31.6933 26.0064 8
      vertex 31.6933 -26.0064 8
      vertex 31.9001 -26.3515 8
    endloop
  endfacet
  facet normal -0 0 1
    outer loop
      vertex 31.4536 25.6833 8
      vertex 31.6933 -26.0064 8
      vertex 31.6933 26.0064 8
    endloop
  endfacet
  facet normal 0 0 1
    outer loop
      vertex 31.4536 25.6833 8
      vertex 31.4536 -25.6833 8
      vertex 31.6933 -26.0064 8
    endloop
  endfacet
  facet normal -0 0 1
    outer loop
      vertex 31.1834 25.3851 8
      vertex 31.4536 -25.6833 8
      vertex 31.4536 25.6833 8
    endloop
  endfacet
  facet normal 0 0 1
    outer loop
      vertex 31.1834 25.3851 8
      vertex 31.1834 -25.3851 8
      vertex 31.4536 -25.6833 8
    endloop
  endfacet
  facet normal -0 0 1
    outer loop
      vertex 30.8853 25.1149 8
      vertex 31.1834 -25.3851 8
      vertex 31.1834 25.3851 8
    endloop
  endfacet
  facet normal 0 0 1
    outer loop
      vertex 30.8853 25.1149 8
      vertex 30.8853 -25.1149 8
      vertex 31.1834 -25.3851 8
    endloop
  endfacet
  facet normal -0 0 1
    outer loop
      vertex 30.5621 24.8752 8
      vertex 30.8853 -25.1149 8
      vertex 30.8853 25.1149 8
    endloop
  endfacet
  facet normal 0 0 1
    outer loop
      vertex 30.5621 24.8752 8
      vertex 30.5621 -24.8752 8
      vertex 30.8853 -25.1149 8
    endloop
  endfacet
  facet normal 0 0 1
    outer loop
      vertex 17 0 8
      vertex 30.5621 24.8752 8
      vertex 30.217 24.6684 8
    endloop
  endfacet
  facet normal 0 0 1
    outer loop
      vertex 30.5621 24.8752 8
      vertex 17 0 8
      vertex 30.5621 -24.8752 8
    endloop
  endfacet
  facet normal 0 0 1
    outer loop
      vertex 16.9181 1.66629 8
      vertex 30.217 24.6684 8
      vertex 29.8533 24.4964 8
    endloop
  endfacet
  facet normal 0 0 1
    outer loop
      vertex 30.5621 -24.8752 8
      vertex 17 0 8
      vertex 30.217 -24.6684 8
    endloop
  endfacet
  facet normal 0 0 1
    outer loop
      vertex 16.6733 3.31653 8
      vertex 29.8533 24.4964 8
      vertex 29.4744 24.3608 8
    endloop
  endfacet
  facet normal -0 0 1
    outer loop
      vertex 16.9181 -1.66629 8
      vertex 30.217 -24.6684 8
      vertex 17 0 8
    endloop
  endfacet
  facet normal 0 0 1
    outer loop
      vertex 16.6733 3.31653 8
      vertex 29.4744 24.3608 8
      vertex 29.0841 24.2631 8
    endloop
  endfacet
  facet normal 0 0 1
    outer loop
      vertex 30.217 -24.6684 8
      vertex 16.9181 -1.66629 8
      vertex 29.8533 -24.4964 8
    endloop
  endfacet
  facet normal 0 0 1
    outer loop
      vertex 16.268 4.93484 8
      vertex 29.0841 24.2631 8
      vertex 28.6861 24.204 8
    endloop
  endfacet
  facet normal -0 0 1
    outer loop
      vertex 16.6733 -3.31653 8
      vertex 29.8533 -24.4964 8
      vertex 16.9181 -1.66629 8
    endloop
  endfacet
  facet normal 0 0 1
    outer loop
      vertex 16.268 4.93484 8
      vertex 28.6861 24.204 8
      vertex 28.2843 24.1843 8
    endloop
  endfacet
  facet normal 0 0 1
    outer loop
      vertex 29.8533 -24.4964 8
      vertex 16.6733 -3.31653 8
      vertex 29.4744 -24.3608 8
    endloop
  endfacet
  facet normal 0 0 1
    outer loop
      vertex 15.706 6.50562 8
      vertex 28.2843 24.1843 8
      vertex 27.8824 24.204 8
    endloop
  endfacet
  facet normal 0 0 1
    outer loop
      vertex 29.4744 -24.3608 8
      vertex 16.6733 -3.31653 8
      vertex 29.0841 -24.2631 8
    endloop
  endfacet
  facet normal 0 0 1
    outer loop
      vertex 14.9927 8.01374 8
      vertex 27.8824 24.204 8
      vertex 27.4844 24.2631 8
    endloop
  endfacet
  facet normal -0 0 1
    outer loop
      vertex 16.268 -4.93484 8
      vertex 29.0841 -24.2631 8
      vertex 16.6733 -3.31653 8
    endloop
  endfacet
  facet normal 0 0 1
    outer loop
      vertex 14.9927 8.01374 8
      vertex 27.4844 24.2631 8
      vertex 27.0941 24.3608 8
    endloop
  endfacet
  facet normal 0 0 1
    outer loop
      vertex 29.0841 -24.2631 8
      vertex 16.268 -4.93484 8
      vertex 28.6861 -24.204 8
    endloop
  endfacet
  facet normal 0 0 1
    outer loop
      vertex 14.135 9.44469 8
      vertex 27.0941 24.3608 8
      vertex 26.7153 24.4964 8
    endloop
  endfacet
  facet normal 0 0 1
    outer loop
      vertex 28.6861 -24.204 8
      vertex 16.268 -4.93484 8
      vertex 28.2843 -24.1843 8
    endloop
  endfacet
  facet normal 0 0 1
    outer loop
      vertex 14.135 9.44469 8
      vertex 26.7153 24.4964 8
      vertex 26.3515 24.6684 8
    endloop
  endfacet
  facet normal -0 0 1
    outer loop
      vertex 15.706 -6.50562 8
      vertex 28.2843 -24.1843 8
      vertex 16.268 -4.93484 8
    endloop
  endfacet
  facet normal 0 0 1
    outer loop
      vertex 13.1412 10.7847 8
      vertex 26.3515 24.6684 8
      vertex 26.0064 24.8752 8
    endloop
  endfacet
  facet normal 0 0 1
    outer loop
      vertex 28.2843 -24.1843 8
      vertex 15.706 -6.50562 8
      vertex 27.8824 -24.204 8
    endloop
  endfacet
  facet normal 0 0 1
    outer loop
      vertex 13.1412 10.7847 8
      vertex 26.0064 24.8752 8
      vertex 25.6833 25.1149 8
    endloop
  endfacet
  facet normal -0 0 1
    outer loop
      vertex 14.9927 -8.01374 8
      vertex 27.8824 -24.204 8
      vertex 15.706 -6.50562 8
    endloop
  endfacet
  facet normal 0 0 1
    outer loop
      vertex 12.0208 12.0208 8
      vertex 25.6833 25.1149 8
      vertex 25.3851 25.3851 8
    endloop
  endfacet
  facet normal 0 0 1
    outer loop
      vertex 27.8824 -24.204 8
      vertex 14.9927 -8.01374 8
      vertex 27.4844 -24.2631 8
    endloop
  endfacet
  facet normal 0 0 1
    outer loop
      vertex 12.0208 12.0208 8
      vertex 25.3851 25.3851 8
      vertex 25.1149 25.6833 8
    endloop
  endfacet
  facet normal 0 0 1
    outer loop
      vertex 27.4844 -24.2631 8
      vertex 14.9927 -8.01374 8
      vertex 27.0941 -24.3608 8
    endloop
  endfacet
  facet normal 0 0 1
    outer loop
      vertex 10.7847 13.1412 8
      vertex 25.1149 25.6833 8
      vertex 24.8752 26.0064 8
    endloop
  endfacet
  facet normal -0 0 1
    outer loop
      vertex 14.135 -9.44469 8
      vertex 27.0941 -24.3608 8
      vertex 14.9927 -8.01374 8
    endloop
  endfacet
  facet normal 0 0 1
    outer loop
      vertex 10.7847 13.1412 8
      vertex 24.8752 26.0064 8
      vertex 24.6684 26.3515 8
    endloop
  endfacet
  facet normal 0 0 1
    outer loop
      vertex 27.0941 -24.3608 8
      vertex 14.135 -9.44469 8
      vertex 26.7153 -24.4964 8
    endloop
  endfacet
  facet normal 0 0 1
    outer loop
      vertex 9.44469 14.135 8
      vertex 24.6684 26.3515 8
      vertex 24.4964 26.7153 8
    endloop
  endfacet
  facet normal 0 0 1
    outer loop
      vertex 26.7153 -24.4964 8
      vertex 14.135 -9.44469 8
      vertex 26.3515 -24.6684 8
    endloop
  endfacet
  facet normal 0 0 1
    outer loop
      vertex 9.44469 14.135 8
      vertex 24.4964 26.7153 8
      vertex 24.3608 27.0941 8
    endloop
  endfacet
  facet normal -0 0 1
    outer loop
      vertex 13.1412 -10.7847 8
      vertex 26.3515 -24.6684 8
      vertex 14.135 -9.44469 8
    endloop
  endfacet
  facet normal 0 0 1
    outer loop
      vertex 8.01374 14.9927 8
      vertex 24.3608 27.0941 8
      vertex 24.2631 27.4844 8
    endloop
  endfacet
  facet normal 0 0 1
    outer loop
      vertex 26.3515 -24.6684 8
      vertex 13.1412 -10.7847 8
      vertex 26.0064 -24.8752 8
    endloop
  endfacet
  facet normal 0 0 1
    outer loop
      vertex 8.01374 14.9927 8
      vertex 24.2631 27.4844 8
      vertex 24.204 27.8824 8
    endloop
  endfacet
  facet normal 0 0 1
    outer loop
      vertex 26.0064 -24.8752 8
      vertex 13.1412 -10.7847 8
      vertex 25.6833 -25.1149 8
    endloop
  endfacet
  facet normal 0 0 1
    outer loop
      vertex 6.50562 15.706 8
      vertex 24.204 27.8824 8
      vertex 24.1843 28.2843 8
    endloop
  endfacet
  facet normal -0 0 1
    outer loop
      vertex 12.0208 -12.0208 8
      vertex 25.6833 -25.1149 8
      vertex 13.1412 -10.7847 8
    endloop
  endfacet
  facet normal 0 0 1
    outer loop
      vertex 44 50 8
      vertex 50 44 8
      vertex 49.9711 44.5881 8
    endloop
  endfacet
  facet normal 0 0 1
    outer loop
      vertex 32.3645 27.8824 8
      vertex 50 44 8
      vertex 32.3843 28.2843 8
    endloop
  endfacet
  facet normal 0 0 1
    outer loop
      vertex 44 50 8
      vertex 49.9711 44.5881 8
      vertex 49.8847 45.1705 8
    endloop
  endfacet
  facet normal 0 0 1
    outer loop
      vertex 32.3055 27.4844 8
      vertex 50 44 8
      vertex 32.3645 27.8824 8
    endloop
  endfacet
  facet normal 0 0 1
    outer loop
      vertex 44 50 8
      vertex 49.8847 45.1705 8
      vertex 49.7416 45.7417 8
    endloop
  endfacet
  facet normal -0 0 1
    outer loop
      vertex 32.3645 -28.6861 8
      vertex 50 -44 8
      vertex 32.3843 -28.2843 8
    endloop
  endfacet
  facet normal 0 0 1
    outer loop
      vertex 44 50 8
      vertex 49.7416 45.7417 8
      vertex 49.5433 46.2961 8
    endloop
  endfacet
  facet normal -0 0 1
    outer loop
      vertex 32.3055 -29.0841 8
      vertex 50 -44 8
      vertex 32.3645 -28.6861 8
    endloop
  endfacet
  facet normal 0 0 1
    outer loop
      vertex 44 50 8
      vertex 49.5433 46.2961 8
      vertex 49.2915 46.8284 8
    endloop
  endfacet
  facet normal -0 0 1
    outer loop
      vertex 32.2077 -29.4744 8
      vertex 50 -44 8
      vertex 32.3055 -29.0841 8
    endloop
  endfacet
  facet normal 0 0 1
    outer loop
      vertex 44 50 8
      vertex 49.2915 46.8284 8
      vertex 48.9888 47.3334 8
    endloop
  endfacet
  facet normal -0 0 1
    outer loop
      vertex 32.0722 -29.8533 8
      vertex 50 -44 8
      vertex 32.2077 -29.4744 8
    endloop
  endfacet
  facet normal 0 0 1
    outer loop
      vertex 44 50 8
      vertex 48.9888 47.3334 8
      vertex 48.6381 47.8064 8
    endloop
  endfacet
  facet normal -0 0 1
    outer loop
      vertex 31.9001 -30.217 8
      vertex 50 -44 8
      vertex 32.0722 -29.8533 8
    endloop
  endfacet
  facet normal 0 0 1
    outer loop
      vertex 44 50 8
      vertex 48.6381 47.8064 8
      vertex 48.2426 48.2426 8
    endloop
  endfacet
  facet normal -0 0 1
    outer loop
      vertex 31.6933 -30.5621 8
      vertex 50 -44 8
      vertex 31.9001 -30.217 8
    endloop
  endfacet
  facet normal 0 0 1
    outer loop
      vertex 44 50 8
      vertex 48.2426 48.2426 8
      vertex 47.8064 48.6381 8
    endloop
  endfacet
  facet normal -0 0 1
    outer loop
      vertex 31.4536 -30.8853 8
      vertex 50 -44 8
      vertex 31.6933 -30.5621 8
    endloop
  endfacet
  facet normal 0 0 1
    outer loop
      vertex 44 50 8
      vertex 47.8064 48.6381 8
      vertex 47.3334 48.9888 8
    endloop
  endfacet
  facet normal -0 0 1
    outer loop
      vertex 31.1834 -31.1834 8
      vertex 50 -44 8
      vertex 31.4536 -30.8853 8
    endloop
  endfacet
  facet normal 0 0 1
    outer loop
      vertex 44 50 8
      vertex 47.3334 48.9888 8
      vertex 46.8284 49.2915 8
    endloop
  endfacet
  facet normal 0 -0 1
    outer loop
      vertex 44 -50 8
      vertex 50 -44 8
      vertex 31.1834 -31.1834 8
    endloop
  endfacet
  facet normal 0 0 1
    outer loop
      vertex 44 50 8
      vertex 46.8284 49.2915 8
      vertex 46.2961 49.5433 8
    endloop
  endfacet
  facet normal 0 0 1
    outer loop
      vertex 50 -44 8
      vertex 44 -50 8
      vertex 49.9711 -44.5881 8
    endloop
  endfacet
  facet normal 0 0 1
    outer loop
      vertex 44 50 8
      vertex 46.2961 49.5433 8
      vertex 45.7417 49.7416 8
    endloop
  endfacet
  facet normal 0 0 1
    outer loop
      vertex 49.8847 -45.1705 8
      vertex 44 -50 8
      vertex 49.7416 -45.7417 8
    endloop
  endfacet
  facet normal 0 0 1
    outer loop
      vertex 44 50 8
      vertex 45.7417 49.7416 8
      vertex 45.1705 49.8847 8
    endloop
  endfacet
  facet normal 0 0 1
    outer loop
      vertex 49.7416 -45.7417 8
      vertex 44 -50 8
      vertex 49.5433 -46.2961 8
    endloop
  endfacet
  facet normal 0 0 1
    outer loop
      vertex 44 50 8
      vertex 45.1705 49.8847 8
      vertex 44.5881 49.9711 8
    endloop
  endfacet
  facet normal 0 0 1
    outer loop
      vertex 49.5433 -46.2961 8
      vertex 44 -50 8
      vertex 49.2915 -46.8284 8
    endloop
  endfacet
  facet normal 0 0 1
    outer loop
      vertex 50 44 8
      vertex 44 50 8
      vertex 31.1834 31.1834 8
    endloop
  endfacet
  facet normal 0 0 1
    outer loop
      vertex 49.2915 -46.8284 8
      vertex 44 -50 8
      vertex 48.9888 -47.3334 8
    endloop
  endfacet
  facet normal 0 0 1
    outer loop
      vertex 48.6381 -47.8064 8
      vertex 44 -50 8
      vertex 48.2426 -48.2426 8
    endloop
  endfacet
  facet normal 0 0 1
    outer loop
      vertex 50 44 8
      vertex 32.3645 28.6861 8
      vertex 32.3843 28.2843 8
    endloop
  endfacet
  facet normal 0 0 1
    outer loop
      vertex 50 44 8
      vertex 32.3055 29.0841 8
      vertex 32.3645 28.6861 8
    endloop
  endfacet
  facet normal 0 0 1
    outer loop
      vertex 50 44 8
      vertex 32.2077 29.4744 8
      vertex 32.3055 29.0841 8
    endloop
  endfacet
  facet normal 0 0 1
    outer loop
      vertex 50 44 8
      vertex 32.0722 29.8533 8
      vertex 32.2077 29.4744 8
    endloop
  endfacet
  facet normal 0 0 1
    outer loop
      vertex 50 44 8
      vertex 31.9001 30.217 8
      vertex 32.0722 29.8533 8
    endloop
  endfacet
  facet normal 0 0 1
    outer loop
      vertex 50 44 8
      vertex 31.6933 30.5621 8
      vertex 31.9001 30.217 8
    endloop
  endfacet
  facet normal 0 0 1
    outer loop
      vertex 50 44 8
      vertex 31.4536 30.8853 8
      vertex 31.6933 30.5621 8
    endloop
  endfacet
  facet normal 0 0 1
    outer loop
      vertex 50 44 8
      vertex 31.1834 31.1834 8
      vertex 31.4536 30.8853 8
    endloop
  endfacet
  facet normal 0 0 1
    outer loop
      vertex 44 50 8
      vertex 30.8853 31.4536 8
      vertex 31.1834 31.1834 8
    endloop
  endfacet
  facet normal 0 0 1
    outer loop
      vertex 44 50 8
      vertex 30.5621 31.6933 8
      vertex 30.8853 31.4536 8
    endloop
  endfacet
  facet normal 0 0 1
    outer loop
      vertex 44 50 8
      vertex 30.217 31.9001 8
      vertex 30.5621 31.6933 8
    endloop
  endfacet
  facet normal 0 0 1
    outer loop
      vertex 44 50 8
      vertex 29.8533 32.0722 8
      vertex 30.217 31.9001 8
    endloop
  endfacet
  facet normal 0 0 1
    outer loop
      vertex 44 50 8
      vertex 29.4744 32.2077 8
      vertex 29.8533 32.0722 8
    endloop
  endfacet
  facet normal 0 0 1
    outer loop
      vertex 44 50 8
      vertex 29.0841 32.3055 8
      vertex 29.4744 32.2077 8
    endloop
  endfacet
  facet normal 0 0 1
    outer loop
      vertex 44 50 8
      vertex 28.6861 32.3645 8
      vertex 29.0841 32.3055 8
    endloop
  endfacet
  facet normal 0 0 1
    outer loop
      vertex 44 50 8
      vertex 28.2843 32.3843 8
      vertex 28.6861 32.3645 8
    endloop
  endfacet
  facet normal 0 0 1
    outer loop
      vertex 44 50 8
      vertex 27.8824 32.3645 8
      vertex 28.2843 32.3843 8
    endloop
  endfacet
  facet normal 0 0 1
    outer loop
      vertex 44 50 8
      vertex 27.4844 32.3055 8
      vertex 27.8824 32.3645 8
    endloop
  endfacet
  facet normal 0 0 1
    outer loop
      vertex 44 50 8
      vertex 27.0941 32.2077 8
      vertex 27.4844 32.3055 8
    endloop
  endfacet
  facet normal 0 0 1
    outer loop
      vertex 44 50 8
      vertex 26.7153 32.0722 8
      vertex 27.0941 32.2077 8
    endloop
  endfacet
  facet normal 0 0 1
    outer loop
      vertex 44 50 8
      vertex 26.3515 31.9001 8
      vertex 26.7153 32.0722 8
    endloop
  endfacet
  facet normal 0 0 1
    outer loop
      vertex 44 50 8
      vertex 26.0064 31.6933 8
      vertex 26.3515 31.9001 8
    endloop
  endfacet
  facet normal 0 0 1
    outer loop
      vertex -26.0064 31.6933 8
      vertex 26.0064 31.6933 8
      vertex 44 50 8
    endloop
  endfacet
  facet normal 0 0 1
    outer loop
      vertex 26.0064 31.6933 8
      vertex -26.0064 31.6933 8
      vertex 25.6833 31.4536 8
    endloop
  endfacet
  facet normal 0 0 1
    outer loop
      vertex 25.6833 -25.1149 8
      vertex 12.0208 -12.0208 8
      vertex 25.3851 -25.3851 8
    endloop
  endfacet
  facet normal 0 0 1
    outer loop
      vertex 4.93484 16.268 8
      vertex 24.1843 28.2843 8
      vertex 24.204 28.6861 8
    endloop
  endfacet
  facet normal 0 0 1
    outer loop
      vertex 4.93484 16.268 8
      vertex 24.204 28.6861 8
      vertex 24.2631 29.0841 8
    endloop
  endfacet
  facet normal 0 0 1
    outer loop
      vertex 30.217 24.6684 8
      vertex 16.9181 1.66629 8
      vertex 17 0 8
    endloop
  endfacet
  facet normal 0 0 1
    outer loop
      vertex 3.31653 16.6733 8
      vertex 24.2631 29.0841 8
      vertex 24.3608 29.4744 8
    endloop
  endfacet
  facet normal 0 0 1
    outer loop
      vertex 29.8533 24.4964 8
      vertex 16.6733 3.31653 8
      vertex 16.9181 1.66629 8
    endloop
  endfacet
  facet normal 0 0 1
    outer loop
      vertex 29.0841 24.2631 8
      vertex 16.268 4.93484 8
      vertex 16.6733 3.31653 8
    endloop
  endfacet
  facet normal 0 0 1
    outer loop
      vertex 28.2843 24.1843 8
      vertex 15.706 6.50562 8
      vertex 16.268 4.93484 8
    endloop
  endfacet
  facet normal 0 0 1
    outer loop
      vertex 3.31653 16.6733 8
      vertex 24.3608 29.4744 8
      vertex 24.4964 29.8533 8
    endloop
  endfacet
  facet normal 0 0 1
    outer loop
      vertex 27.8824 24.204 8
      vertex 14.9927 8.01374 8
      vertex 15.706 6.50562 8
    endloop
  endfacet
  facet normal 0 0 1
    outer loop
      vertex 27.0941 24.3608 8
      vertex 14.135 9.44469 8
      vertex 14.9927 8.01374 8
    endloop
  endfacet
  facet normal 0 0 1
    outer loop
      vertex 1.66629 16.9181 8
      vertex 24.4964 29.8533 8
      vertex 24.6684 30.217 8
    endloop
  endfacet
  facet normal 0 0 1
    outer loop
      vertex 26.3515 24.6684 8
      vertex 13.1412 10.7847 8
      vertex 14.135 9.44469 8
    endloop
  endfacet
  facet normal 0 0 1
    outer loop
      vertex 25.6833 25.1149 8
      vertex 12.0208 12.0208 8
      vertex 13.1412 10.7847 8
    endloop
  endfacet
  facet normal 0 0 1
    outer loop
      vertex 0 17 8
      vertex 24.6684 30.217 8
      vertex 24.8752 30.5621 8
    endloop
  endfacet
  facet normal 0 0 1
    outer loop
      vertex 25.1149 25.6833 8
      vertex 10.7847 13.1412 8
      vertex 12.0208 12.0208 8
    endloop
  endfacet
  facet normal 0 0 1
    outer loop
      vertex -24.8752 30.5621 8
      vertex 24.8752 30.5621 8
      vertex 25.1149 30.8853 8
    endloop
  endfacet
  facet normal 0 0 1
    outer loop
      vertex 24.6684 26.3515 8
      vertex 9.44469 14.135 8
      vertex 10.7847 13.1412 8
    endloop
  endfacet
  facet normal 0 0 1
    outer loop
      vertex -25.1149 30.8853 8
      vertex 25.1149 30.8853 8
      vertex 25.3851 31.1834 8
    endloop
  endfacet
  facet normal 0 0 1
    outer loop
      vertex 24.3608 27.0941 8
      vertex 8.01374 14.9927 8
      vertex 9.44469 14.135 8
    endloop
  endfacet
  facet normal 0 -0 1
    outer loop
      vertex -25.6833 31.4536 8
      vertex 25.6833 31.4536 8
      vertex -26.0064 31.6933 8
    endloop
  endfacet
  facet normal 0 0 1
    outer loop
      vertex 24.204 27.8824 8
      vertex 6.50562 15.706 8
      vertex 8.01374 14.9927 8
    endloop
  endfacet
  facet normal 0 0 1
    outer loop
      vertex 24.1843 28.2843 8
      vertex 4.93484 16.268 8
      vertex 6.50562 15.706 8
    endloop
  endfacet
  facet normal 0 0 1
    outer loop
      vertex 24.2631 29.0841 8
      vertex 3.31653 16.6733 8
      vertex 4.93484 16.268 8
    endloop
  endfacet
  facet normal 0 0 1
    outer loop
      vertex 24.4964 29.8533 8
      vertex 1.66629 16.9181 8
      vertex 3.31653 16.6733 8
    endloop
  endfacet
  facet normal 0 0 1
    outer loop
      vertex 25.1149 30.8853 8
      vertex -25.1149 30.8853 8
      vertex -24.8752 30.5621 8
    endloop
  endfacet
  facet normal 0 0 1
    outer loop
      vertex 24.6684 30.217 8
      vertex 0 17 8
      vertex 1.66629 16.9181 8
    endloop
  endfacet
  facet normal 0 0 1
    outer loop
      vertex 24.8752 30.5621 8
      vertex -24.8752 30.5621 8
      vertex 0 17 8
    endloop
  endfacet
  facet normal -0 -0 1
    outer loop
      vertex -24.6684 30.217 8
      vertex 0 17 8
      vertex -24.8752 30.5621 8
    endloop
  endfacet
  facet normal -0 -0 1
    outer loop
      vertex -24.4964 29.8533 8
      vertex -1.66629 16.9181 8
      vertex -24.6684 30.217 8
    endloop
  endfacet
  facet normal 0 0 1
    outer loop
      vertex -1.66629 16.9181 8
      vertex -24.4964 29.8533 8
      vertex -3.31653 16.6733 8
    endloop
  endfacet
  facet normal -0 -0 1
    outer loop
      vertex -24.2631 29.0841 8
      vertex -3.31653 16.6733 8
      vertex -24.3608 29.4744 8
    endloop
  endfacet
  facet normal -0 0 1
    outer loop
      vertex -25.3851 25.3851 8
      vertex -12.0208 12.0208 8
      vertex -25.1149 25.6833 8
    endloop
  endfacet
  facet normal 0 0 1
    outer loop
      vertex -10.7847 13.1412 8
      vertex -25.1149 25.6833 8
      vertex -12.0208 12.0208 8
    endloop
  endfacet
  facet normal -0 0 1
    outer loop
      vertex -25.1149 25.6833 8
      vertex -10.7847 13.1412 8
      vertex -24.8752 26.0064 8
    endloop
  endfacet
  facet normal -0 0 1
    outer loop
      vertex -24.8752 26.0064 8
      vertex -10.7847 13.1412 8
      vertex -24.6684 26.3515 8
    endloop
  endfacet
  facet normal 0 0 1
    outer loop
      vertex -9.44469 14.135 8
      vertex -24.6684 26.3515 8
      vertex -10.7847 13.1412 8
    endloop
  endfacet
  facet normal -0 0 1
    outer loop
      vertex -24.6684 26.3515 8
      vertex -9.44469 14.135 8
      vertex -24.4964 26.7153 8
    endloop
  endfacet
  facet normal -0 0 1
    outer loop
      vertex -24.4964 26.7153 8
      vertex -9.44469 14.135 8
      vertex -24.3608 27.0941 8
    endloop
  endfacet
  facet normal 0 0 1
    outer loop
      vertex -8.01374 14.9927 8
      vertex -24.3608 27.0941 8
      vertex -9.44469 14.135 8
    endloop
  endfacet
  facet normal -0 0 1
    outer loop
      vertex -24.3608 27.0941 8
      vertex -8.01374 14.9927 8
      vertex -24.2631 27.4844 8
    endloop
  endfacet
  facet normal -0 0 1
    outer loop
      vertex -24.2631 27.4844 8
      vertex -8.01374 14.9927 8
      vertex -24.204 27.8824 8
    endloop
  endfacet
  facet normal 0 0 1
    outer loop
      vertex -3.31653 16.6733 8
      vertex -24.2631 29.0841 8
      vertex -4.93484 16.268 8
    endloop
  endfacet
  facet normal 0 0 1
    outer loop
      vertex -6.50562 15.706 8
      vertex -24.204 27.8824 8
      vertex -8.01374 14.9927 8
    endloop
  endfacet
  facet normal -0 0 1
    outer loop
      vertex -24.204 27.8824 8
      vertex -6.50562 15.706 8
      vertex -24.1843 28.2843 8
    endloop
  endfacet
  facet normal 0 0 1
    outer loop
      vertex -4.93484 16.268 8
      vertex -24.1843 28.2843 8
      vertex -6.50562 15.706 8
    endloop
  endfacet
  facet normal -0 -0 1
    outer loop
      vertex -24.1843 28.2843 8
      vertex -4.93484 16.268 8
      vertex -24.204 28.6861 8
    endloop
  endfacet
  facet normal -0 -0 1
    outer loop
      vertex -24.204 28.6861 8
      vertex -4.93484 16.268 8
      vertex -24.2631 29.0841 8
    endloop
  endfacet
  facet normal -0 -0 1
    outer loop
      vertex -24.3608 29.4744 8
      vertex -3.31653 16.6733 8
      vertex -24.4964 29.8533 8
    endloop
  endfacet
  facet normal 0 0 1
    outer loop
      vertex 0 17 8
      vertex -24.6684 30.217 8
      vertex -1.66629 16.9181 8
    endloop
  endfacet
  facet normal 0 0 1
    outer loop
      vertex 25.3851 31.1834 8
      vertex -25.3851 31.1834 8
      vertex -25.1149 30.8853 8
    endloop
  endfacet
  facet normal 0 0 1
    outer loop
      vertex 25.3851 31.1834 8
      vertex -25.6833 31.4536 8
      vertex -25.3851 31.1834 8
    endloop
  endfacet
  facet normal 0 0 1
    outer loop
      vertex 25.6833 31.4536 8
      vertex -25.6833 31.4536 8
      vertex 25.3851 31.1834 8
    endloop
  endfacet
  facet normal 0 0 1
    outer loop
      vertex 44 50 8
      vertex -26.3515 31.9001 8
      vertex -26.0064 31.6933 8
    endloop
  endfacet
  facet normal -0 0 1
    outer loop
      vertex -44 50 8
      vertex -26.3515 31.9001 8
      vertex 44 50 8
    endloop
  endfacet
  facet normal 0 0 1
    outer loop
      vertex -26.3515 31.9001 8
      vertex -44 50 8
      vertex -26.7153 32.0722 8
    endloop
  endfacet
  facet normal 0 0 1
    outer loop
      vertex -26.7153 32.0722 8
      vertex -44 50 8
      vertex -27.0941 32.2077 8
    endloop
  endfacet
  facet normal 0 0 1
    outer loop
      vertex -27.0941 32.2077 8
      vertex -44 50 8
      vertex -27.4844 32.3055 8
    endloop
  endfacet
  facet normal 0 0 1
    outer loop
      vertex -27.4844 32.3055 8
      vertex -44 50 8
      vertex -27.8824 32.3645 8
    endloop
  endfacet
  facet normal 0 0 1
    outer loop
      vertex -27.8824 32.3645 8
      vertex -44 50 8
      vertex -28.2843 32.3843 8
    endloop
  endfacet
  facet normal 0 0 1
    outer loop
      vertex -28.2843 32.3843 8
      vertex -44 50 8
      vertex -28.6861 32.3645 8
    endloop
  endfacet
  facet normal 0 0 1
    outer loop
      vertex -32.3645 28.6861 8
      vertex -50 44 8
      vertex -32.3843 28.2843 8
    endloop
  endfacet
  facet normal 0 0 1
    outer loop
      vertex -32.3055 29.0841 8
      vertex -50 44 8
      vertex -32.3645 28.6861 8
    endloop
  endfacet
  facet normal 0 0 1
    outer loop
      vertex -32.2077 29.4744 8
      vertex -50 44 8
      vertex -32.3055 29.0841 8
    endloop
  endfacet
  facet normal 0 0 1
    outer loop
      vertex -32.0722 29.8533 8
      vertex -50 44 8
      vertex -32.2077 29.4744 8
    endloop
  endfacet
  facet normal 0 0 1
    outer loop
      vertex -31.9001 30.217 8
      vertex -50 44 8
      vertex -32.0722 29.8533 8
    endloop
  endfacet
  facet normal 0 0 1
    outer loop
      vertex -31.6933 30.5621 8
      vertex -50 44 8
      vertex -31.9001 30.217 8
    endloop
  endfacet
  facet normal 0 0 1
    outer loop
      vertex -31.4536 30.8853 8
      vertex -50 44 8
      vertex -31.6933 30.5621 8
    endloop
  endfacet
  facet normal 0 0 1
    outer loop
      vertex -31.1834 31.1834 8
      vertex -50 44 8
      vertex -31.4536 30.8853 8
    endloop
  endfacet
  facet normal -0 0 1
    outer loop
      vertex -50 44 8
      vertex -31.1834 31.1834 8
      vertex -44 50 8
    endloop
  endfacet
  facet normal 0 0 1
    outer loop
      vertex -30.8853 31.4536 8
      vertex -44 50 8
      vertex -31.1834 31.1834 8
    endloop
  endfacet
  facet normal 0 0 1
    outer loop
      vertex -30.5621 31.6933 8
      vertex -44 50 8
      vertex -30.8853 31.4536 8
    endloop
  endfacet
  facet normal 0 0 1
    outer loop
      vertex -30.217 31.9001 8
      vertex -44 50 8
      vertex -30.5621 31.6933 8
    endloop
  endfacet
  facet normal 0 0 1
    outer loop
      vertex -29.8533 32.0722 8
      vertex -44 50 8
      vertex -30.217 31.9001 8
    endloop
  endfacet
  facet normal 0 0 1
    outer loop
      vertex -29.4744 32.2077 8
      vertex -44 50 8
      vertex -29.8533 32.0722 8
    endloop
  endfacet
  facet normal 0 0 1
    outer loop
      vertex -29.0841 32.3055 8
      vertex -44 50 8
      vertex -29.4744 32.2077 8
    endloop
  endfacet
  facet normal 0 0 1
    outer loop
      vertex -28.6861 32.3645 8
      vertex -44 50 8
      vertex -29.0841 32.3055 8
    endloop
  endfacet
  facet normal 0 0 1
    outer loop
      vertex 48.2426 -48.2426 8
      vertex 44 -50 8
      vertex 47.8064 -48.6381 8
    endloop
  endfacet
  facet normal 0 0 1
    outer loop
      vertex 47.8064 -48.6381 8
      vertex 44 -50 8
      vertex 47.3334 -48.9888 8
    endloop
  endfacet
  facet normal 0 0 1
    outer loop
      vertex 47.3334 -48.9888 8
      vertex 44 -50 8
      vertex 46.8284 -49.2915 8
    endloop
  endfacet
  facet normal 0 0 1
    outer loop
      vertex 46.2961 -49.5433 8
      vertex 44 -50 8
      vertex 45.7417 -49.7416 8
    endloop
  endfacet
  facet normal 0 0 1
    outer loop
      vertex 45.7417 -49.7416 8
      vertex 44 -50 8
      vertex 45.1705 -49.8847 8
    endloop
  endfacet
  facet normal 0 0 1
    outer loop
      vertex 45.1705 -49.8847 8
      vertex 44 -50 8
      vertex 44.5881 -49.9711 8
    endloop
  endfacet
  facet normal 0 0 1
    outer loop
      vertex 46.8284 -49.2915 8
      vertex 44 -50 8
      vertex 46.2961 -49.5433 8
    endloop
  endfacet
  facet normal 0 0 1
    outer loop
      vertex 48.9888 -47.3334 8
      vertex 44 -50 8
      vertex 48.6381 -47.8064 8
    endloop
  endfacet
  facet normal 0 0 1
    outer loop
      vertex 49.9711 -44.5881 8
      vertex 44 -50 8
      vertex 49.8847 -45.1705 8
    endloop
  endfacet
  facet normal -0 0 1
    outer loop
      vertex 30.8853 -31.4536 8
      vertex 44 -50 8
      vertex 31.1834 -31.1834 8
    endloop
  endfacet
  facet normal -0 0 1
    outer loop
      vertex 30.5621 -31.6933 8
      vertex 44 -50 8
      vertex 30.8853 -31.4536 8
    endloop
  endfacet
  facet normal -0 0 1
    outer loop
      vertex 30.217 -31.9001 8
      vertex 44 -50 8
      vertex 30.5621 -31.6933 8
    endloop
  endfacet
  facet normal -0 0 1
    outer loop
      vertex 29.8533 -32.0722 8
      vertex 44 -50 8
      vertex 30.217 -31.9001 8
    endloop
  endfacet
  facet normal -0 0 1
    outer loop
      vertex 29.4744 -32.2077 8
      vertex 44 -50 8
      vertex 29.8533 -32.0722 8
    endloop
  endfacet
  facet normal -0 0 1
    outer loop
      vertex 29.0841 -32.3055 8
      vertex 44 -50 8
      vertex 29.4744 -32.2077 8
    endloop
  endfacet
  facet normal -0 0 1
    outer loop
      vertex 28.6861 -32.3645 8
      vertex 44 -50 8
      vertex 29.0841 -32.3055 8
    endloop
  endfacet
  facet normal -0 0 1
    outer loop
      vertex 28.2843 -32.3843 8
      vertex 44 -50 8
      vertex 28.6861 -32.3645 8
    endloop
  endfacet
  facet normal 0 0 1
    outer loop
      vertex 27.8824 -32.3645 8
      vertex 44 -50 8
      vertex 28.2843 -32.3843 8
    endloop
  endfacet
  facet normal 0 0 1
    outer loop
      vertex 27.4844 -32.3055 8
      vertex 44 -50 8
      vertex 27.8824 -32.3645 8
    endloop
  endfacet
  facet normal 0 0 1
    outer loop
      vertex 27.0941 -32.2077 8
      vertex 44 -50 8
      vertex 27.4844 -32.3055 8
    endloop
  endfacet
  facet normal 0 0 1
    outer loop
      vertex 26.7153 -32.0722 8
      vertex 44 -50 8
      vertex 27.0941 -32.2077 8
    endloop
  endfacet
  facet normal 0 0 1
    outer loop
      vertex 26.3515 -31.9001 8
      vertex 44 -50 8
      vertex 26.7153 -32.0722 8
    endloop
  endfacet
  facet normal 0 0 1
    outer loop
      vertex 26.0064 -31.6933 8
      vertex 44 -50 8
      vertex 26.3515 -31.9001 8
    endloop
  endfacet
  facet normal 0 0 1
    outer loop
      vertex -26.0064 -31.6933 8
      vertex 26.0064 -31.6933 8
      vertex 25.6833 -31.4536 8
    endloop
  endfacet
  facet normal 0 0 1
    outer loop
      vertex -25.6833 -31.4536 8
      vertex 25.6833 -31.4536 8
      vertex 25.3851 -31.1834 8
    endloop
  endfacet
  facet normal 0 0 1
    outer loop
      vertex 25.3851 -25.3851 8
      vertex 12.0208 -12.0208 8
      vertex 25.1149 -25.6833 8
    endloop
  endfacet
  facet normal -0 0 1
    outer loop
      vertex 10.7847 -13.1412 8
      vertex 25.1149 -25.6833 8
      vertex 12.0208 -12.0208 8
    endloop
  endfacet
  facet normal 0 0 1
    outer loop
      vertex 25.1149 -25.6833 8
      vertex 10.7847 -13.1412 8
      vertex 24.8752 -26.0064 8
    endloop
  endfacet
  facet normal 0 0 1
    outer loop
      vertex 24.8752 -26.0064 8
      vertex 10.7847 -13.1412 8
      vertex 24.6684 -26.3515 8
    endloop
  endfacet
  facet normal -0 0 1
    outer loop
      vertex 9.44469 -14.135 8
      vertex 24.6684 -26.3515 8
      vertex 10.7847 -13.1412 8
    endloop
  endfacet
  facet normal 0 0 1
    outer loop
      vertex 24.6684 -26.3515 8
      vertex 9.44469 -14.135 8
      vertex 24.4964 -26.7153 8
    endloop
  endfacet
  facet normal 0 0 1
    outer loop
      vertex 24.4964 -26.7153 8
      vertex 9.44469 -14.135 8
      vertex 24.3608 -27.0941 8
    endloop
  endfacet
  facet normal -0 0 1
    outer loop
      vertex 8.01374 -14.9927 8
      vertex 24.3608 -27.0941 8
      vertex 9.44469 -14.135 8
    endloop
  endfacet
  facet normal 0 0 1
    outer loop
      vertex 24.3608 -27.0941 8
      vertex 8.01374 -14.9927 8
      vertex 24.2631 -27.4844 8
    endloop
  endfacet
  facet normal 0 0 1
    outer loop
      vertex 24.2631 -27.4844 8
      vertex 8.01374 -14.9927 8
      vertex 24.204 -27.8824 8
    endloop
  endfacet
  facet normal -0 0 1
    outer loop
      vertex 6.50562 -15.706 8
      vertex 24.204 -27.8824 8
      vertex 8.01374 -14.9927 8
    endloop
  endfacet
  facet normal 0 0 1
    outer loop
      vertex 24.204 -27.8824 8
      vertex 6.50562 -15.706 8
      vertex 24.1843 -28.2843 8
    endloop
  endfacet
  facet normal -0 0 1
    outer loop
      vertex 4.93484 -16.268 8
      vertex 24.1843 -28.2843 8
      vertex 6.50562 -15.706 8
    endloop
  endfacet
  facet normal 0 0 1
    outer loop
      vertex 24.1843 -28.2843 8
      vertex 4.93484 -16.268 8
      vertex 24.204 -28.6861 8
    endloop
  endfacet
  facet normal 0 0 1
    outer loop
      vertex 24.204 -28.6861 8
      vertex 4.93484 -16.268 8
      vertex 24.2631 -29.0841 8
    endloop
  endfacet
  facet normal -0 0 1
    outer loop
      vertex 3.31653 -16.6733 8
      vertex 24.2631 -29.0841 8
      vertex 4.93484 -16.268 8
    endloop
  endfacet
  facet normal 0 0 1
    outer loop
      vertex 24.2631 -29.0841 8
      vertex 3.31653 -16.6733 8
      vertex 24.3608 -29.4744 8
    endloop
  endfacet
  facet normal 0 0 1
    outer loop
      vertex 24.3608 -29.4744 8
      vertex 3.31653 -16.6733 8
      vertex 24.4964 -29.8533 8
    endloop
  endfacet
  facet normal -0 0 1
    outer loop
      vertex 1.66629 -16.9181 8
      vertex 24.4964 -29.8533 8
      vertex 3.31653 -16.6733 8
    endloop
  endfacet
  facet normal 0 0 1
    outer loop
      vertex 24.4964 -29.8533 8
      vertex 1.66629 -16.9181 8
      vertex 24.6684 -30.217 8
    endloop
  endfacet
  facet normal -0 0 1
    outer loop
      vertex 0 -17 8
      vertex 24.6684 -30.217 8
      vertex 1.66629 -16.9181 8
    endloop
  endfacet
  facet normal 0 0 1
    outer loop
      vertex 24.6684 -30.217 8
      vertex 0 -17 8
      vertex 24.8752 -30.5621 8
    endloop
  endfacet
  facet normal 0 0 1
    outer loop
      vertex -24.8752 -30.5621 8
      vertex 24.8752 -30.5621 8
      vertex 0 -17 8
    endloop
  endfacet
  facet normal 0 0 1
    outer loop
      vertex 24.8752 -30.5621 8
      vertex -24.8752 -30.5621 8
      vertex 25.1149 -30.8853 8
    endloop
  endfacet
  facet normal 0 0 1
    outer loop
      vertex -25.1149 -30.8853 8
      vertex 25.1149 -30.8853 8
      vertex -24.8752 -30.5621 8
    endloop
  endfacet
  facet normal 0 0 1
    outer loop
      vertex -24.6684 -30.217 8
      vertex 0 -17 8
      vertex -1.66629 -16.9181 8
    endloop
  endfacet
  facet normal 0 0 1
    outer loop
      vertex -24.4964 -29.8533 8
      vertex -1.66629 -16.9181 8
      vertex -3.31653 -16.6733 8
    endloop
  endfacet
  facet normal 0 0 1
    outer loop
      vertex -24.2631 -29.0841 8
      vertex -3.31653 -16.6733 8
      vertex -4.93484 -16.268 8
    endloop
  endfacet
  facet normal 0 0 1
    outer loop
      vertex -24.1843 -28.2843 8
      vertex -4.93484 -16.268 8
      vertex -6.50562 -15.706 8
    endloop
  endfacet
  facet normal 0 0 1
    outer loop
      vertex -24.1843 -28.2843 8
      vertex -6.50562 -15.706 8
      vertex -8.01374 -14.9927 8
    endloop
  endfacet
  facet normal 0 0 1
    outer loop
      vertex -24.1843 -28.2843 8
      vertex -8.01374 -14.9927 8
      vertex -9.44469 -14.135 8
    endloop
  endfacet
  facet normal -0 0 1
    outer loop
      vertex -25.6833 25.1149 8
      vertex -12.0208 12.0208 8
      vertex -25.3851 25.3851 8
    endloop
  endfacet
  facet normal 0 0 1
    outer loop
      vertex -17 0 8
      vertex -24.1843 -28.2843 8
      vertex -16.9181 -1.66629 8
    endloop
  endfacet
  facet normal 0 0 1
    outer loop
      vertex -16.9181 -1.66629 8
      vertex -24.1843 -28.2843 8
      vertex -16.6733 -3.31653 8
    endloop
  endfacet
  facet normal 0 0 1
    outer loop
      vertex -24.1843 -28.2843 8
      vertex -16.268 -4.93484 8
      vertex -16.6733 -3.31653 8
    endloop
  endfacet
  facet normal 0 0 1
    outer loop
      vertex -24.1843 -28.2843 8
      vertex -15.706 -6.50562 8
      vertex -16.268 -4.93484 8
    endloop
  endfacet
  facet normal 0 0 1
    outer loop
      vertex -24.1843 -28.2843 8
      vertex -14.9927 -8.01374 8
      vertex -15.706 -6.50562 8
    endloop
  endfacet
  facet normal 0 0 1
    outer loop
      vertex -24.1843 -28.2843 8
      vertex -14.135 -9.44469 8
      vertex -14.9927 -8.01374 8
    endloop
  endfacet
  facet normal 0 0 1
    outer loop
      vertex -24.1843 -28.2843 8
      vertex -13.1412 -10.7847 8
      vertex -14.135 -9.44469 8
    endloop
  endfacet
  facet normal 0 0 1
    outer loop
      vertex -24.1843 -28.2843 8
      vertex -12.0208 -12.0208 8
      vertex -13.1412 -10.7847 8
    endloop
  endfacet
  facet normal 0 0 1
    outer loop
      vertex -24.1843 -28.2843 8
      vertex -10.7847 -13.1412 8
      vertex -12.0208 -12.0208 8
    endloop
  endfacet
  facet normal 0 0 1
    outer loop
      vertex -24.1843 -28.2843 8
      vertex -9.44469 -14.135 8
      vertex -10.7847 -13.1412 8
    endloop
  endfacet
  facet normal 0 0 1
    outer loop
      vertex -4.93484 -16.268 8
      vertex -24.1843 -28.2843 8
      vertex -24.204 -28.6861 8
    endloop
  endfacet
  facet normal 0 0 1
    outer loop
      vertex -4.93484 -16.268 8
      vertex -24.204 -28.6861 8
      vertex -24.2631 -29.0841 8
    endloop
  endfacet
  facet normal 0 0 1
    outer loop
      vertex -3.31653 -16.6733 8
      vertex -24.2631 -29.0841 8
      vertex -24.3608 -29.4744 8
    endloop
  endfacet
  facet normal 0 0 1
    outer loop
      vertex -3.31653 -16.6733 8
      vertex -24.3608 -29.4744 8
      vertex -24.4964 -29.8533 8
    endloop
  endfacet
  facet normal 0 0 1
    outer loop
      vertex -1.66629 -16.9181 8
      vertex -24.4964 -29.8533 8
      vertex -24.6684 -30.217 8
    endloop
  endfacet
  facet normal 0 0 1
    outer loop
      vertex 0 -17 8
      vertex -24.6684 -30.217 8
      vertex -24.8752 -30.5621 8
    endloop
  endfacet
  facet normal 0 0 1
    outer loop
      vertex 25.1149 -30.8853 8
      vertex -25.1149 -30.8853 8
      vertex 25.3851 -31.1834 8
    endloop
  endfacet
  facet normal 0 0 1
    outer loop
      vertex -25.3851 -31.1834 8
      vertex 25.3851 -31.1834 8
      vertex -25.1149 -30.8853 8
    endloop
  endfacet
  facet normal 0 0 1
    outer loop
      vertex -25.6833 -31.4536 8
      vertex 25.3851 -31.1834 8
      vertex -25.3851 -31.1834 8
    endloop
  endfacet
  facet normal 0 0 1
    outer loop
      vertex 25.6833 -31.4536 8
      vertex -25.6833 -31.4536 8
      vertex -26.0064 -31.6933 8
    endloop
  endfacet
  facet normal 0 0 1
    outer loop
      vertex 26.0064 -31.6933 8
      vertex -26.0064 -31.6933 8
      vertex 44 -50 8
    endloop
  endfacet
  facet normal -0 0 1
    outer loop
      vertex -26.3515 -31.9001 8
      vertex 44 -50 8
      vertex -26.0064 -31.6933 8
    endloop
  endfacet
  facet normal 0 0 1
    outer loop
      vertex -44 -50 8
      vertex -26.3515 -31.9001 8
      vertex -26.7153 -32.0722 8
    endloop
  endfacet
  facet normal 0 0 1
    outer loop
      vertex -44 -50 8
      vertex -26.7153 -32.0722 8
      vertex -27.0941 -32.2077 8
    endloop
  endfacet
  facet normal 0 0 1
    outer loop
      vertex -44 -50 8
      vertex -27.0941 -32.2077 8
      vertex -27.4844 -32.3055 8
    endloop
  endfacet
  facet normal 0 0 1
    outer loop
      vertex -44 -50 8
      vertex -27.4844 -32.3055 8
      vertex -27.8824 -32.3645 8
    endloop
  endfacet
  facet normal 0 0 1
    outer loop
      vertex -44 -50 8
      vertex -27.8824 -32.3645 8
      vertex -28.2843 -32.3843 8
    endloop
  endfacet
  facet normal 0 0 1
    outer loop
      vertex -44 -50 8
      vertex -28.2843 -32.3843 8
      vertex -28.6861 -32.3645 8
    endloop
  endfacet
  facet normal 0 0 1
    outer loop
      vertex -44 -50 8
      vertex -28.6861 -32.3645 8
      vertex -29.0841 -32.3055 8
    endloop
  endfacet
  facet normal 0 0 1
    outer loop
      vertex -32.3055 -27.4844 8
      vertex -50 -44 8
      vertex -32.3645 -27.8824 8
    endloop
  endfacet
  facet normal 0 0 1
    outer loop
      vertex -26.3515 -31.9001 8
      vertex -44 -50 8
      vertex 44 -50 8
    endloop
  endfacet
  facet normal 0 0 1
    outer loop
      vertex -29.4744 -32.2077 8
      vertex -44 -50 8
      vertex -29.0841 -32.3055 8
    endloop
  endfacet
  facet normal 0 0 1
    outer loop
      vertex -29.8533 -32.0722 8
      vertex -44 -50 8
      vertex -29.4744 -32.2077 8
    endloop
  endfacet
  facet normal 0 0 1
    outer loop
      vertex -30.217 -31.9001 8
      vertex -44 -50 8
      vertex -29.8533 -32.0722 8
    endloop
  endfacet
  facet normal 0 0 1
    outer loop
      vertex -30.5621 -31.6933 8
      vertex -44 -50 8
      vertex -30.217 -31.9001 8
    endloop
  endfacet
  facet normal 0 0 1
    outer loop
      vertex -30.8853 -31.4536 8
      vertex -44 -50 8
      vertex -30.5621 -31.6933 8
    endloop
  endfacet
  facet normal 0 0 1
    outer loop
      vertex -31.1834 -31.1834 8
      vertex -44 -50 8
      vertex -30.8853 -31.4536 8
    endloop
  endfacet
  facet normal 0 0 1
    outer loop
      vertex -50 -44 8
      vertex -31.1834 -31.1834 8
      vertex -31.4536 -30.8853 8
    endloop
  endfacet
  facet normal 0 0 1
    outer loop
      vertex -50 -44 8
      vertex -31.4536 -30.8853 8
      vertex -31.6933 -30.5621 8
    endloop
  endfacet
  facet normal 0 0 1
    outer loop
      vertex -50 -44 8
      vertex -31.6933 -30.5621 8
      vertex -31.9001 -30.217 8
    endloop
  endfacet
  facet normal 0 0 1
    outer loop
      vertex -50 -44 8
      vertex -31.9001 -30.217 8
      vertex -32.0722 -29.8533 8
    endloop
  endfacet
  facet normal 0 0 1
    outer loop
      vertex -50 -44 8
      vertex -32.0722 -29.8533 8
      vertex -32.2077 -29.4744 8
    endloop
  endfacet
  facet normal 0 0 1
    outer loop
      vertex -50 -44 8
      vertex -32.2077 -29.4744 8
      vertex -32.3055 -29.0841 8
    endloop
  endfacet
  facet normal 0 0 1
    outer loop
      vertex -50 -44 8
      vertex -32.3055 -29.0841 8
      vertex -32.3645 -28.6861 8
    endloop
  endfacet
  facet normal 0 0 1
    outer loop
      vertex -32.3645 -27.8824 8
      vertex -50 -44 8
      vertex -32.3843 -28.2843 8
    endloop
  endfacet
  facet normal 0 0 1
    outer loop
      vertex -50 44 8
      vertex -44 50 8
      vertex -44.5881 49.9711 8
    endloop
  endfacet
  facet normal 0 0 1
    outer loop
      vertex -32.3843 -28.2843 8
      vertex -50 -44 8
      vertex -32.3645 -28.6861 8
    endloop
  endfacet
  facet normal 0 0 1
    outer loop
      vertex -50 44 8
      vertex -44.5881 49.9711 8
      vertex -45.1705 49.8847 8
    endloop
  endfacet
  facet normal 0 0 1
    outer loop
      vertex -31.1834 -31.1834 8
      vertex -50 -44 8
      vertex -44 -50 8
    endloop
  endfacet
  facet normal 0 0 1
    outer loop
      vertex -50 44 8
      vertex -45.1705 49.8847 8
      vertex -45.7417 49.7416 8
    endloop
  endfacet
  facet normal 0 0 1
    outer loop
      vertex -44 -50 8
      vertex -50 -44 8
      vertex -44.5881 -49.9711 8
    endloop
  endfacet
  facet normal 0 0 1
    outer loop
      vertex -50 44 8
      vertex -45.7417 49.7416 8
      vertex -46.2961 49.5433 8
    endloop
  endfacet
  facet normal 0 0 1
    outer loop
      vertex -44.5881 -49.9711 8
      vertex -50 -44 8
      vertex -45.1705 -49.8847 8
    endloop
  endfacet
  facet normal 0 0 1
    outer loop
      vertex -50 44 8
      vertex -46.2961 49.5433 8
      vertex -46.8284 49.2915 8
    endloop
  endfacet
  facet normal 0 0 1
    outer loop
      vertex -45.1705 -49.8847 8
      vertex -50 -44 8
      vertex -45.7417 -49.7416 8
    endloop
  endfacet
  facet normal 0 0 1
    outer loop
      vertex -50 44 8
      vertex -46.8284 49.2915 8
      vertex -47.3334 48.9888 8
    endloop
  endfacet
  facet normal 0 0 1
    outer loop
      vertex -45.7417 -49.7416 8
      vertex -50 -44 8
      vertex -46.2961 -49.5433 8
    endloop
  endfacet
  facet normal 0 0 1
    outer loop
      vertex -50 44 8
      vertex -47.3334 48.9888 8
      vertex -47.8064 48.6381 8
    endloop
  endfacet
  facet normal 0 0 1
    outer loop
      vertex -46.2961 -49.5433 8
      vertex -50 -44 8
      vertex -46.8284 -49.2915 8
    endloop
  endfacet
  facet normal 0 0 1
    outer loop
      vertex -50 44 8
      vertex -47.8064 48.6381 8
      vertex -48.2426 48.2426 8
    endloop
  endfacet
  facet normal 0 0 1
    outer loop
      vertex -46.8284 -49.2915 8
      vertex -50 -44 8
      vertex -47.3334 -48.9888 8
    endloop
  endfacet
  facet normal 0 0 1
    outer loop
      vertex -50 44 8
      vertex -48.2426 48.2426 8
      vertex -48.6381 47.8064 8
    endloop
  endfacet
  facet normal 0 0 1
    outer loop
      vertex -47.3334 -48.9888 8
      vertex -50 -44 8
      vertex -47.8064 -48.6381 8
    endloop
  endfacet
  facet normal 0 0 1
    outer loop
      vertex -50 44 8
      vertex -48.6381 47.8064 8
      vertex -48.9888 47.3334 8
    endloop
  endfacet
  facet normal 0 0 1
    outer loop
      vertex -47.8064 -48.6381 8
      vertex -50 -44 8
      vertex -48.2426 -48.2426 8
    endloop
  endfacet
  facet normal 0 0 1
    outer loop
      vertex -50 44 8
      vertex -48.9888 47.3334 8
      vertex -49.2915 46.8284 8
    endloop
  endfacet
  facet normal 0 0 1
    outer loop
      vertex -48.2426 -48.2426 8
      vertex -50 -44 8
      vertex -48.6381 -47.8064 8
    endloop
  endfacet
  facet normal 0 0 1
    outer loop
      vertex -50 44 8
      vertex -49.2915 46.8284 8
      vertex -49.5433 46.2961 8
    endloop
  endfacet
  facet normal 0 0 1
    outer loop
      vertex -48.6381 -47.8064 8
      vertex -50 -44 8
      vertex -48.9888 -47.3334 8
    endloop
  endfacet
  facet normal 0 0 1
    outer loop
      vertex -50 44 8
      vertex -49.5433 46.2961 8
      vertex -49.7416 45.7417 8
    endloop
  endfacet
  facet normal 0 0 1
    outer loop
      vertex -48.9888 -47.3334 8
      vertex -50 -44 8
      vertex -49.2915 -46.8284 8
    endloop
  endfacet
  facet normal 0 0 1
    outer loop
      vertex -50 44 8
      vertex -49.7416 45.7417 8
      vertex -49.8847 45.1705 8
    endloop
  endfacet
  facet normal 0 0 1
    outer loop
      vertex -49.2915 -46.8284 8
      vertex -50 -44 8
      vertex -49.5433 -46.2961 8
    endloop
  endfacet
  facet normal 0 0 1
    outer loop
      vertex -50 44 8
      vertex -49.8847 45.1705 8
      vertex -49.9711 44.5881 8
    endloop
  endfacet
  facet normal 0 0 1
    outer loop
      vertex -49.5433 -46.2961 8
      vertex -50 -44 8
      vertex -49.7416 -45.7417 8
    endloop
  endfacet
  facet normal 0 0 1
    outer loop
      vertex -49.7416 -45.7417 8
      vertex -50 -44 8
      vertex -49.8847 -45.1705 8
    endloop
  endfacet
  facet normal 0 0 1
    outer loop
      vertex -49.8847 -45.1705 8
      vertex -50 -44 8
      vertex -49.9711 -44.5881 8
    endloop
  endfacet
  facet normal 0.595589 -0.803289 0
    outer loop
      vertex 47.3334 -48.9888 0
      vertex 47.8064 -48.6381 8
      vertex 47.3334 -48.9888 8
    endloop
  endfacet
  facet normal 0.595589 -0.803289 0
    outer loop
      vertex 47.8064 -48.6381 8
      vertex 47.3334 -48.9888 0
      vertex 47.8064 -48.6381 0
    endloop
  endfacet
  facet normal 0 0 -1
    outer loop
      vertex 26.2999 -27.2236 0
      vertex -26.2999 -27.2236 0
      vertex 26.4135 -27.0342 0
    endloop
  endfacet
  facet normal 0 0 -1
    outer loop
      vertex 26.6933 26.6933 0
      vertex -26.0451 28.0637 0
      vertex -26.0343 28.2843 0
    endloop
  endfacet
  facet normal 0 0 -1
    outer loop
      vertex -26.4135 -27.0342 0
      vertex 26.4135 -27.0342 0
      vertex -26.2999 -27.2236 0
    endloop
  endfacet
  facet normal 0 0 -1
    outer loop
      vertex 26.6933 26.6933 0
      vertex -26.0775 27.8453 0
      vertex -26.0451 28.0637 0
    endloop
  endfacet
  facet normal 0 0 -1
    outer loop
      vertex 26.4135 -27.0342 0
      vertex -26.4135 -27.0342 0
      vertex 26.545 -26.8569 0
    endloop
  endfacet
  facet normal 0 0 -1
    outer loop
      vertex 26.6933 26.6933 0
      vertex -26.1312 27.6311 0
      vertex -26.0775 27.8453 0
    endloop
  endfacet
  facet normal 0 0 -1
    outer loop
      vertex -26.545 -26.8569 0
      vertex 26.545 -26.8569 0
      vertex -26.4135 -27.0342 0
    endloop
  endfacet
  facet normal 0 0 -1
    outer loop
      vertex 26.6933 26.6933 0
      vertex -26.2055 27.4232 0
      vertex -26.1312 27.6311 0
    endloop
  endfacet
  facet normal 0 0 -1
    outer loop
      vertex 26.545 -26.8569 0
      vertex -26.545 -26.8569 0
      vertex 26.6933 -26.6933 0
    endloop
  endfacet
  facet normal 0 0 -1
    outer loop
      vertex 26.6933 26.6933 0
      vertex -26.2999 27.2236 0
      vertex -26.2055 27.4232 0
    endloop
  endfacet
  facet normal 0 0 -1
    outer loop
      vertex -26.6933 -26.6933 0
      vertex 26.6933 -26.6933 0
      vertex -26.545 -26.8569 0
    endloop
  endfacet
  facet normal 0 0 -1
    outer loop
      vertex 26.6933 26.6933 0
      vertex -26.4135 27.0342 0
      vertex -26.2999 27.2236 0
    endloop
  endfacet
  facet normal 0 0 -1
    outer loop
      vertex 26.6933 -26.6933 0
      vertex -26.6933 -26.6933 0
      vertex 26.6933 26.6933 0
    endloop
  endfacet
  facet normal 0 0 -1
    outer loop
      vertex 26.6933 26.6933 0
      vertex -26.545 26.8569 0
      vertex -26.4135 27.0342 0
    endloop
  endfacet
  facet normal 0 0 -1
    outer loop
      vertex -26.6933 26.6933 0
      vertex 26.6933 26.6933 0
      vertex -26.6933 -26.6933 0
    endloop
  endfacet
  facet normal 0 0 -1
    outer loop
      vertex 26.6933 26.6933 0
      vertex -26.6933 26.6933 0
      vertex -26.545 26.8569 0
    endloop
  endfacet
  facet normal 0 0 -1
    outer loop
      vertex -26.8569 -26.545 0
      vertex -26.6933 26.6933 0
      vertex -26.6933 -26.6933 0
    endloop
  endfacet
  facet normal 0 0 -1
    outer loop
      vertex -26.8569 -26.545 0
      vertex -26.8569 26.545 0
      vertex -26.6933 26.6933 0
    endloop
  endfacet
  facet normal 0 0 -1
    outer loop
      vertex -27.0342 -26.4135 0
      vertex -26.8569 26.545 0
      vertex -26.8569 -26.545 0
    endloop
  endfacet
  facet normal 0 0 -1
    outer loop
      vertex -27.0342 -26.4135 0
      vertex -27.0342 26.4135 0
      vertex -26.8569 26.545 0
    endloop
  endfacet
  facet normal 0 0 -1
    outer loop
      vertex -27.2236 -26.2999 0
      vertex -27.0342 26.4135 0
      vertex -27.0342 -26.4135 0
    endloop
  endfacet
  facet normal 0 0 -1
    outer loop
      vertex -27.2236 -26.2999 0
      vertex -27.2236 26.2999 0
      vertex -27.0342 26.4135 0
    endloop
  endfacet
  facet normal 0 0 -1
    outer loop
      vertex -27.4232 -26.2055 0
      vertex -27.2236 26.2999 0
      vertex -27.2236 -26.2999 0
    endloop
  endfacet
  facet normal 0 0 -1
    outer loop
      vertex -27.4232 -26.2055 0
      vertex -27.4232 26.2055 0
      vertex -27.2236 26.2999 0
    endloop
  endfacet
  facet normal 0 0 -1
    outer loop
      vertex -27.6311 -26.1312 0
      vertex -27.4232 26.2055 0
      vertex -27.4232 -26.2055 0
    endloop
  endfacet
  facet normal 0 0 -1
    outer loop
      vertex -27.6311 -26.1312 0
      vertex -27.6311 26.1312 0
      vertex -27.4232 26.2055 0
    endloop
  endfacet
  facet normal 0 0 -1
    outer loop
      vertex -27.8453 -26.0775 0
      vertex -27.6311 26.1312 0
      vertex -27.6311 -26.1312 0
    endloop
  endfacet
  facet normal 0 0 -1
    outer loop
      vertex -27.8453 -26.0775 0
      vertex -27.8453 26.0775 0
      vertex -27.6311 26.1312 0
    endloop
  endfacet
  facet normal 0 0 -1
    outer loop
      vertex -28.0637 -26.0451 0
      vertex -27.8453 26.0775 0
      vertex -27.8453 -26.0775 0
    endloop
  endfacet
  facet normal 0 0 -1
    outer loop
      vertex -28.0637 -26.0451 0
      vertex -28.0637 26.0451 0
      vertex -27.8453 26.0775 0
    endloop
  endfacet
  facet normal 0 0 -1
    outer loop
      vertex -28.2843 -26.0343 0
      vertex -28.0637 26.0451 0
      vertex -28.0637 -26.0451 0
    endloop
  endfacet
  facet normal 0 0 -1
    outer loop
      vertex -28.2843 -26.0343 0
      vertex -28.2843 26.0343 0
      vertex -28.0637 26.0451 0
    endloop
  endfacet
  facet normal 0 0 -1
    outer loop
      vertex -28.5048 -26.0451 0
      vertex -28.2843 26.0343 0
      vertex -28.2843 -26.0343 0
    endloop
  endfacet
  facet normal 0 0 -1
    outer loop
      vertex -28.5048 -26.0451 0
      vertex -28.5048 26.0451 0
      vertex -28.2843 26.0343 0
    endloop
  endfacet
  facet normal 0 0 -1
    outer loop
      vertex -28.7232 -26.0775 0
      vertex -28.5048 26.0451 0
      vertex -28.5048 -26.0451 0
    endloop
  endfacet
  facet normal 0 0 -1
    outer loop
      vertex -28.7232 -26.0775 0
      vertex -28.7232 26.0775 0
      vertex -28.5048 26.0451 0
    endloop
  endfacet
  facet normal 0 0 -1
    outer loop
      vertex -28.9374 -26.1312 0
      vertex -28.7232 26.0775 0
      vertex -28.7232 -26.0775 0
    endloop
  endfacet
  facet normal 0 0 -1
    outer loop
      vertex -28.9374 -26.1312 0
      vertex -28.9374 26.1312 0
      vertex -28.7232 26.0775 0
    endloop
  endfacet
  facet normal 0 0 -1
    outer loop
      vertex -29.1453 -26.2055 0
      vertex -28.9374 26.1312 0
      vertex -28.9374 -26.1312 0
    endloop
  endfacet
  facet normal 0 0 -1
    outer loop
      vertex -29.1453 -26.2055 0
      vertex -29.1453 26.2055 0
      vertex -28.9374 26.1312 0
    endloop
  endfacet
  facet normal 0 0 -1
    outer loop
      vertex -29.3449 -26.2999 0
      vertex -29.1453 26.2055 0
      vertex -29.1453 -26.2055 0
    endloop
  endfacet
  facet normal 0 0 -1
    outer loop
      vertex -29.3449 -26.2999 0
      vertex -29.3449 26.2999 0
      vertex -29.1453 26.2055 0
    endloop
  endfacet
  facet normal 0 0 -1
    outer loop
      vertex -29.5343 -26.4135 0
      vertex -29.3449 26.2999 0
      vertex -29.3449 -26.2999 0
    endloop
  endfacet
  facet normal 0 0 -1
    outer loop
      vertex -29.5343 -26.4135 0
      vertex -29.5343 26.4135 0
      vertex -29.3449 26.2999 0
    endloop
  endfacet
  facet normal 0 0 -1
    outer loop
      vertex -29.7117 -26.545 0
      vertex -29.5343 26.4135 0
      vertex -29.5343 -26.4135 0
    endloop
  endfacet
  facet normal 0 0 -1
    outer loop
      vertex -29.7117 -26.545 0
      vertex -29.7117 26.545 0
      vertex -29.5343 26.4135 0
    endloop
  endfacet
  facet normal 0 0 -1
    outer loop
      vertex -29.8753 -26.6933 0
      vertex -29.7117 26.545 0
      vertex -29.7117 -26.545 0
    endloop
  endfacet
  facet normal 0 0 -1
    outer loop
      vertex -29.8753 -26.6933 0
      vertex -29.8753 26.6933 0
      vertex -29.7117 26.545 0
    endloop
  endfacet
  facet normal 0 0 -1
    outer loop
      vertex -30.0235 -26.8569 0
      vertex -29.8753 26.6933 0
      vertex -29.8753 -26.6933 0
    endloop
  endfacet
  facet normal 0 0 -1
    outer loop
      vertex -30.0235 -26.8569 0
      vertex -30.0235 26.8569 0
      vertex -29.8753 26.6933 0
    endloop
  endfacet
  facet normal 0 0 -1
    outer loop
      vertex -30.1551 -27.0342 0
      vertex -30.0235 26.8569 0
      vertex -30.0235 -26.8569 0
    endloop
  endfacet
  facet normal 0 0 -1
    outer loop
      vertex -30.1551 -27.0342 0
      vertex -30.1551 27.0342 0
      vertex -30.0235 26.8569 0
    endloop
  endfacet
  facet normal 0 0 -1
    outer loop
      vertex -50 -44 0
      vertex -30.1551 -27.0342 0
      vertex -30.2686 -27.2236 0
    endloop
  endfacet
  facet normal -0 0 -1
    outer loop
      vertex -30.1551 -27.0342 0
      vertex -50 -44 0
      vertex -30.1551 27.0342 0
    endloop
  endfacet
  facet normal 0 0 -1
    outer loop
      vertex -50 -44 0
      vertex -30.2686 -27.2236 0
      vertex -30.363 -27.4232 0
    endloop
  endfacet
  facet normal 0 0 -1
    outer loop
      vertex -50 44 0
      vertex -30.1551 27.0342 0
      vertex -50 -44 0
    endloop
  endfacet
  facet normal 0 0 -1
    outer loop
      vertex -50 -44 0
      vertex -30.363 -27.4232 0
      vertex -30.4374 -27.6311 0
    endloop
  endfacet
  facet normal 0 0 -1
    outer loop
      vertex -30.1551 27.0342 0
      vertex -50 44 0
      vertex -30.2686 27.2236 0
    endloop
  endfacet
  facet normal 0 0 -1
    outer loop
      vertex -50 -44 0
      vertex -30.4374 -27.6311 0
      vertex -30.491 -27.8453 0
    endloop
  endfacet
  facet normal 0 0 -1
    outer loop
      vertex -30.2686 27.2236 0
      vertex -50 44 0
      vertex -30.363 27.4232 0
    endloop
  endfacet
  facet normal 0 0 -1
    outer loop
      vertex -50 -44 0
      vertex -30.491 -27.8453 0
      vertex -30.5234 -28.0637 0
    endloop
  endfacet
  facet normal 0 0 -1
    outer loop
      vertex -30.363 27.4232 0
      vertex -50 44 0
      vertex -30.4374 27.6311 0
    endloop
  endfacet
  facet normal 0 0 -1
    outer loop
      vertex -50 -44 0
      vertex -30.5234 -28.0637 0
      vertex -30.5343 -28.2843 0
    endloop
  endfacet
  facet normal 0 0 -1
    outer loop
      vertex -30.4374 27.6311 0
      vertex -50 44 0
      vertex -30.491 27.8453 0
    endloop
  endfacet
  facet normal 0 0 -1
    outer loop
      vertex 30.4374 -27.6311 0
      vertex 50 -44 0
      vertex 30.491 -27.8453 0
    endloop
  endfacet
  facet normal 0 0 -1
    outer loop
      vertex 50 44 0
      vertex 30.5234 28.0637 0
      vertex 30.5343 28.2843 0
    endloop
  endfacet
  facet normal 0 0 -1
    outer loop
      vertex 30.363 -27.4232 0
      vertex 50 -44 0
      vertex 30.4374 -27.6311 0
    endloop
  endfacet
  facet normal 0 0 -1
    outer loop
      vertex 50 44 0
      vertex 30.491 27.8453 0
      vertex 30.5234 28.0637 0
    endloop
  endfacet
  facet normal 0 0 -1
    outer loop
      vertex 30.2686 -27.2236 0
      vertex 50 -44 0
      vertex 30.363 -27.4232 0
    endloop
  endfacet
  facet normal 0 0 -1
    outer loop
      vertex 50 44 0
      vertex 30.4374 27.6311 0
      vertex 30.491 27.8453 0
    endloop
  endfacet
  facet normal 0 0 -1
    outer loop
      vertex 30.1551 -27.0342 0
      vertex 50 -44 0
      vertex 30.2686 -27.2236 0
    endloop
  endfacet
  facet normal 0 0 -1
    outer loop
      vertex 50 44 0
      vertex 30.363 27.4232 0
      vertex 30.4374 27.6311 0
    endloop
  endfacet
  facet normal 0 0 -1
    outer loop
      vertex 50 -44 0
      vertex 30.1551 -27.0342 0
      vertex 50 44 0
    endloop
  endfacet
  facet normal 0 0 -1
    outer loop
      vertex 50 44 0
      vertex 30.2686 27.2236 0
      vertex 30.363 27.4232 0
    endloop
  endfacet
  facet normal 0 0 -1
    outer loop
      vertex 30.1551 27.0342 0
      vertex 50 44 0
      vertex 30.1551 -27.0342 0
    endloop
  endfacet
  facet normal 0 0 -1
    outer loop
      vertex 50 44 0
      vertex 30.1551 27.0342 0
      vertex 30.2686 27.2236 0
    endloop
  endfacet
  facet normal 0 0 -1
    outer loop
      vertex 30.0235 -26.8569 0
      vertex 30.1551 27.0342 0
      vertex 30.1551 -27.0342 0
    endloop
  endfacet
  facet normal 0 0 -1
    outer loop
      vertex 30.0235 -26.8569 0
      vertex 30.0235 26.8569 0
      vertex 30.1551 27.0342 0
    endloop
  endfacet
  facet normal 0 0 -1
    outer loop
      vertex 29.8753 -26.6933 0
      vertex 30.0235 26.8569 0
      vertex 30.0235 -26.8569 0
    endloop
  endfacet
  facet normal 0 0 -1
    outer loop
      vertex 29.8753 -26.6933 0
      vertex 29.8753 26.6933 0
      vertex 30.0235 26.8569 0
    endloop
  endfacet
  facet normal 0 0 -1
    outer loop
      vertex 29.7117 -26.545 0
      vertex 29.8753 26.6933 0
      vertex 29.8753 -26.6933 0
    endloop
  endfacet
  facet normal 0 0 -1
    outer loop
      vertex 29.7117 -26.545 0
      vertex 29.7117 26.545 0
      vertex 29.8753 26.6933 0
    endloop
  endfacet
  facet normal 0 0 -1
    outer loop
      vertex 29.5343 -26.4135 0
      vertex 29.7117 26.545 0
      vertex 29.7117 -26.545 0
    endloop
  endfacet
  facet normal 0 0 -1
    outer loop
      vertex 29.5343 -26.4135 0
      vertex 29.5343 26.4135 0
      vertex 29.7117 26.545 0
    endloop
  endfacet
  facet normal 0 0 -1
    outer loop
      vertex 29.3449 -26.2999 0
      vertex 29.5343 26.4135 0
      vertex 29.5343 -26.4135 0
    endloop
  endfacet
  facet normal 0 0 -1
    outer loop
      vertex 29.3449 -26.2999 0
      vertex 29.3449 26.2999 0
      vertex 29.5343 26.4135 0
    endloop
  endfacet
  facet normal 0 0 -1
    outer loop
      vertex 29.1453 -26.2055 0
      vertex 29.3449 26.2999 0
      vertex 29.3449 -26.2999 0
    endloop
  endfacet
  facet normal 0 0 -1
    outer loop
      vertex 29.1453 -26.2055 0
      vertex 29.1453 26.2055 0
      vertex 29.3449 26.2999 0
    endloop
  endfacet
  facet normal 0 0 -1
    outer loop
      vertex 28.9374 -26.1312 0
      vertex 29.1453 26.2055 0
      vertex 29.1453 -26.2055 0
    endloop
  endfacet
  facet normal 0 0 -1
    outer loop
      vertex 28.9374 -26.1312 0
      vertex 28.9374 26.1312 0
      vertex 29.1453 26.2055 0
    endloop
  endfacet
  facet normal 0 0 -1
    outer loop
      vertex 28.7232 -26.0775 0
      vertex 28.9374 26.1312 0
      vertex 28.9374 -26.1312 0
    endloop
  endfacet
  facet normal 0 0 -1
    outer loop
      vertex 28.7232 -26.0775 0
      vertex 28.7232 26.0775 0
      vertex 28.9374 26.1312 0
    endloop
  endfacet
  facet normal 0 0 -1
    outer loop
      vertex 28.5048 -26.0451 0
      vertex 28.7232 26.0775 0
      vertex 28.7232 -26.0775 0
    endloop
  endfacet
  facet normal 0 0 -1
    outer loop
      vertex 28.5048 -26.0451 0
      vertex 28.5048 26.0451 0
      vertex 28.7232 26.0775 0
    endloop
  endfacet
  facet normal 0 0 -1
    outer loop
      vertex 28.2843 -26.0343 0
      vertex 28.5048 26.0451 0
      vertex 28.5048 -26.0451 0
    endloop
  endfacet
  facet normal 0 0 -1
    outer loop
      vertex 28.2843 -26.0343 0
      vertex 28.2843 26.0343 0
      vertex 28.5048 26.0451 0
    endloop
  endfacet
  facet normal 0 0 -1
    outer loop
      vertex 28.0637 -26.0451 0
      vertex 28.2843 26.0343 0
      vertex 28.2843 -26.0343 0
    endloop
  endfacet
  facet normal 0 0 -1
    outer loop
      vertex 28.0637 -26.0451 0
      vertex 28.0637 26.0451 0
      vertex 28.2843 26.0343 0
    endloop
  endfacet
  facet normal 0 0 -1
    outer loop
      vertex 27.8453 -26.0775 0
      vertex 28.0637 26.0451 0
      vertex 28.0637 -26.0451 0
    endloop
  endfacet
  facet normal 0 0 -1
    outer loop
      vertex 27.8453 -26.0775 0
      vertex 27.8453 26.0775 0
      vertex 28.0637 26.0451 0
    endloop
  endfacet
  facet normal 0 0 -1
    outer loop
      vertex 27.6311 -26.1312 0
      vertex 27.8453 26.0775 0
      vertex 27.8453 -26.0775 0
    endloop
  endfacet
  facet normal 0 0 -1
    outer loop
      vertex 27.6311 -26.1312 0
      vertex 27.6311 26.1312 0
      vertex 27.8453 26.0775 0
    endloop
  endfacet
  facet normal 0 0 -1
    outer loop
      vertex 27.4232 -26.2055 0
      vertex 27.6311 26.1312 0
      vertex 27.6311 -26.1312 0
    endloop
  endfacet
  facet normal 0 0 -1
    outer loop
      vertex 27.4232 -26.2055 0
      vertex 27.4232 26.2055 0
      vertex 27.6311 26.1312 0
    endloop
  endfacet
  facet normal 0 0 -1
    outer loop
      vertex 27.2236 -26.2999 0
      vertex 27.4232 26.2055 0
      vertex 27.4232 -26.2055 0
    endloop
  endfacet
  facet normal 0 0 -1
    outer loop
      vertex 27.2236 -26.2999 0
      vertex 27.2236 26.2999 0
      vertex 27.4232 26.2055 0
    endloop
  endfacet
  facet normal 0 0 -1
    outer loop
      vertex 27.0342 -26.4135 0
      vertex 27.2236 26.2999 0
      vertex 27.2236 -26.2999 0
    endloop
  endfacet
  facet normal 0 0 -1
    outer loop
      vertex 27.0342 -26.4135 0
      vertex 27.0342 26.4135 0
      vertex 27.2236 26.2999 0
    endloop
  endfacet
  facet normal 0 0 -1
    outer loop
      vertex 26.8569 -26.545 0
      vertex 27.0342 26.4135 0
      vertex 27.0342 -26.4135 0
    endloop
  endfacet
  facet normal 0 0 -1
    outer loop
      vertex 26.8569 -26.545 0
      vertex 26.8569 26.545 0
      vertex 27.0342 26.4135 0
    endloop
  endfacet
  facet normal 0 0 -1
    outer loop
      vertex 26.6933 -26.6933 0
      vertex 26.8569 26.545 0
      vertex 26.8569 -26.545 0
    endloop
  endfacet
  facet normal 0 0 -1
    outer loop
      vertex 26.6933 -26.6933 0
      vertex 26.6933 26.6933 0
      vertex 26.8569 26.545 0
    endloop
  endfacet
  facet normal 0 0 -1
    outer loop
      vertex -26.2055 -27.4232 0
      vertex 26.2055 -27.4232 0
      vertex -26.1312 -27.6311 0
    endloop
  endfacet
  facet normal 0 0 -1
    outer loop
      vertex 26.2055 -27.4232 0
      vertex -26.2055 -27.4232 0
      vertex 26.2999 -27.2236 0
    endloop
  endfacet
  facet normal 0 0 -1
    outer loop
      vertex 26.1312 -27.6311 0
      vertex -26.1312 -27.6311 0
      vertex 26.2055 -27.4232 0
    endloop
  endfacet
  facet normal 0 0 -1
    outer loop
      vertex -26.2999 -27.2236 0
      vertex 26.2999 -27.2236 0
      vertex -26.2055 -27.4232 0
    endloop
  endfacet
  facet normal 0 0 -1
    outer loop
      vertex -26.1312 -27.6311 0
      vertex 26.1312 -27.6311 0
      vertex -26.0775 -27.8453 0
    endloop
  endfacet
  facet normal 0 0 -1
    outer loop
      vertex 26.6933 26.6933 0
      vertex -26.0343 28.2843 0
      vertex 26.545 26.8569 0
    endloop
  endfacet
  facet normal 0 0 -1
    outer loop
      vertex 26.0775 -27.8453 0
      vertex -26.0775 -27.8453 0
      vertex 26.1312 -27.6311 0
    endloop
  endfacet
  facet normal 0 0 -1
    outer loop
      vertex 26.545 26.8569 0
      vertex -26.0343 28.2843 0
      vertex 26.4135 27.0342 0
    endloop
  endfacet
  facet normal 0 0 -1
    outer loop
      vertex -26.0775 -27.8453 0
      vertex 26.0775 -27.8453 0
      vertex -26.0451 -28.0637 0
    endloop
  endfacet
  facet normal 0 0 -1
    outer loop
      vertex 26.4135 27.0342 0
      vertex -26.0343 28.2843 0
      vertex 26.2999 27.2236 0
    endloop
  endfacet
  facet normal 0 0 -1
    outer loop
      vertex 26.0451 -28.0637 0
      vertex -26.0451 -28.0637 0
      vertex 26.0775 -27.8453 0
    endloop
  endfacet
  facet normal 0 0 -1
    outer loop
      vertex 26.2999 27.2236 0
      vertex -26.0343 28.2843 0
      vertex 26.2055 27.4232 0
    endloop
  endfacet
  facet normal 0 0 -1
    outer loop
      vertex -26.0451 -28.0637 0
      vertex 26.0451 -28.0637 0
      vertex -26.0343 -28.2843 0
    endloop
  endfacet
  facet normal 0 0 -1
    outer loop
      vertex 26.2055 27.4232 0
      vertex -26.0343 28.2843 0
      vertex 26.1312 27.6311 0
    endloop
  endfacet
  facet normal 0 0 -1
    outer loop
      vertex -26.0343 -28.2843 0
      vertex 26.0451 -28.0637 0
      vertex 26.0343 -28.2843 0
    endloop
  endfacet
  facet normal 0 0 -1
    outer loop
      vertex 26.1312 27.6311 0
      vertex -26.0343 28.2843 0
      vertex 26.0775 27.8453 0
    endloop
  endfacet
  facet normal 0 0 -1
    outer loop
      vertex 44 -50 0
      vertex 50 -44 0
      vertex 49.9711 -44.5881 0
    endloop
  endfacet
  facet normal 0 0 -1
    outer loop
      vertex 30.5234 -28.0637 0
      vertex 50 -44 0
      vertex 30.5343 -28.2843 0
    endloop
  endfacet
  facet normal 0 0 -1
    outer loop
      vertex 44 -50 0
      vertex 49.9711 -44.5881 0
      vertex 49.8847 -45.1705 0
    endloop
  endfacet
  facet normal 0 0 -1
    outer loop
      vertex 30.491 -27.8453 0
      vertex 50 -44 0
      vertex 30.5234 -28.0637 0
    endloop
  endfacet
  facet normal 0 0 -1
    outer loop
      vertex 44 -50 0
      vertex 49.8847 -45.1705 0
      vertex 49.7416 -45.7417 0
    endloop
  endfacet
  facet normal 0 0 -1
    outer loop
      vertex 30.5234 28.5048 0
      vertex 50 44 0
      vertex 30.5343 28.2843 0
    endloop
  endfacet
  facet normal 0 0 -1
    outer loop
      vertex 44 -50 0
      vertex 49.7416 -45.7417 0
      vertex 49.5433 -46.2961 0
    endloop
  endfacet
  facet normal 0 0 -1
    outer loop
      vertex 30.491 28.7232 0
      vertex 50 44 0
      vertex 30.5234 28.5048 0
    endloop
  endfacet
  facet normal 0 0 -1
    outer loop
      vertex 44 -50 0
      vertex 49.5433 -46.2961 0
      vertex 49.2915 -46.8284 0
    endloop
  endfacet
  facet normal 0 0 -1
    outer loop
      vertex 30.4374 28.9374 0
      vertex 50 44 0
      vertex 30.491 28.7232 0
    endloop
  endfacet
  facet normal 0 0 -1
    outer loop
      vertex 44 -50 0
      vertex 49.2915 -46.8284 0
      vertex 48.9888 -47.3334 0
    endloop
  endfacet
  facet normal 0 0 -1
    outer loop
      vertex 30.363 29.1453 0
      vertex 50 44 0
      vertex 30.4374 28.9374 0
    endloop
  endfacet
  facet normal 0 0 -1
    outer loop
      vertex 44 -50 0
      vertex 48.9888 -47.3334 0
      vertex 48.6381 -47.8064 0
    endloop
  endfacet
  facet normal 0 0 -1
    outer loop
      vertex 30.2686 29.3449 0
      vertex 50 44 0
      vertex 30.363 29.1453 0
    endloop
  endfacet
  facet normal 0 0 -1
    outer loop
      vertex 44 -50 0
      vertex 48.6381 -47.8064 0
      vertex 48.2426 -48.2426 0
    endloop
  endfacet
  facet normal 0 0 -1
    outer loop
      vertex 30.1551 29.5343 0
      vertex 50 44 0
      vertex 30.2686 29.3449 0
    endloop
  endfacet
  facet normal 0 0 -1
    outer loop
      vertex 44 -50 0
      vertex 48.2426 -48.2426 0
      vertex 47.8064 -48.6381 0
    endloop
  endfacet
  facet normal 0 0 -1
    outer loop
      vertex 30.0235 29.7117 0
      vertex 50 44 0
      vertex 30.1551 29.5343 0
    endloop
  endfacet
  facet normal 0 0 -1
    outer loop
      vertex 44 -50 0
      vertex 47.8064 -48.6381 0
      vertex 47.3334 -48.9888 0
    endloop
  endfacet
  facet normal 0 0 -1
    outer loop
      vertex 29.8753 29.8753 0
      vertex 50 44 0
      vertex 30.0235 29.7117 0
    endloop
  endfacet
  facet normal 0 0 -1
    outer loop
      vertex 44 -50 0
      vertex 47.3334 -48.9888 0
      vertex 46.8284 -49.2915 0
    endloop
  endfacet
  facet normal 0 -0 -1
    outer loop
      vertex 44 50 0
      vertex 50 44 0
      vertex 29.8753 29.8753 0
    endloop
  endfacet
  facet normal 0 0 -1
    outer loop
      vertex 44 -50 0
      vertex 46.8284 -49.2915 0
      vertex 46.2961 -49.5433 0
    endloop
  endfacet
  facet normal 0 0 -1
    outer loop
      vertex 49.9711 44.5881 0
      vertex 44 50 0
      vertex 49.8847 45.1705 0
    endloop
  endfacet
  facet normal 0 0 -1
    outer loop
      vertex 44 -50 0
      vertex 46.2961 -49.5433 0
      vertex 45.7417 -49.7416 0
    endloop
  endfacet
  facet normal 0 0 -1
    outer loop
      vertex 49.8847 45.1705 0
      vertex 44 50 0
      vertex 49.7416 45.7417 0
    endloop
  endfacet
  facet normal 0 0 -1
    outer loop
      vertex 44 -50 0
      vertex 45.7417 -49.7416 0
      vertex 45.1705 -49.8847 0
    endloop
  endfacet
  facet normal 0 0 -1
    outer loop
      vertex 49.7416 45.7417 0
      vertex 44 50 0
      vertex 49.5433 46.2961 0
    endloop
  endfacet
  facet normal 0 0 -1
    outer loop
      vertex 44 -50 0
      vertex 45.1705 -49.8847 0
      vertex 44.5881 -49.9711 0
    endloop
  endfacet
  facet normal 0 0 -1
    outer loop
      vertex 49.2915 46.8284 0
      vertex 44 50 0
      vertex 48.9888 47.3334 0
    endloop
  endfacet
  facet normal -0 0 -1
    outer loop
      vertex 50 -44 0
      vertex 44 -50 0
      vertex 29.8753 -29.8753 0
    endloop
  endfacet
  facet normal 0 0 -1
    outer loop
      vertex 48.9888 47.3334 0
      vertex 44 50 0
      vertex 48.6381 47.8064 0
    endloop
  endfacet
  facet normal 0 0 -1
    outer loop
      vertex 48.6381 47.8064 0
      vertex 44 50 0
      vertex 48.2426 48.2426 0
    endloop
  endfacet
  facet normal 0 0 -1
    outer loop
      vertex 50 -44 0
      vertex 30.5234 -28.5048 0
      vertex 30.5343 -28.2843 0
    endloop
  endfacet
  facet normal 0 0 -1
    outer loop
      vertex 50 -44 0
      vertex 30.491 -28.7232 0
      vertex 30.5234 -28.5048 0
    endloop
  endfacet
  facet normal 0 0 -1
    outer loop
      vertex 50 -44 0
      vertex 30.4374 -28.9374 0
      vertex 30.491 -28.7232 0
    endloop
  endfacet
  facet normal 0 0 -1
    outer loop
      vertex 50 -44 0
      vertex 30.363 -29.1453 0
      vertex 30.4374 -28.9374 0
    endloop
  endfacet
  facet normal 0 0 -1
    outer loop
      vertex 50 -44 0
      vertex 30.2686 -29.3449 0
      vertex 30.363 -29.1453 0
    endloop
  endfacet
  facet normal 0 0 -1
    outer loop
      vertex 50 -44 0
      vertex 30.1551 -29.5343 0
      vertex 30.2686 -29.3449 0
    endloop
  endfacet
  facet normal 0 0 -1
    outer loop
      vertex 50 -44 0
      vertex 30.0235 -29.7117 0
      vertex 30.1551 -29.5343 0
    endloop
  endfacet
  facet normal 0 0 -1
    outer loop
      vertex 50 -44 0
      vertex 29.8753 -29.8753 0
      vertex 30.0235 -29.7117 0
    endloop
  endfacet
  facet normal 0 0 -1
    outer loop
      vertex 44 -50 0
      vertex 29.7117 -30.0235 0
      vertex 29.8753 -29.8753 0
    endloop
  endfacet
  facet normal 0 0 -1
    outer loop
      vertex 44 -50 0
      vertex 29.5343 -30.1551 0
      vertex 29.7117 -30.0235 0
    endloop
  endfacet
  facet normal 0 0 -1
    outer loop
      vertex 44 -50 0
      vertex 29.3449 -30.2686 0
      vertex 29.5343 -30.1551 0
    endloop
  endfacet
  facet normal 0 0 -1
    outer loop
      vertex 44 -50 0
      vertex 29.1453 -30.363 0
      vertex 29.3449 -30.2686 0
    endloop
  endfacet
  facet normal 0 0 -1
    outer loop
      vertex 44 -50 0
      vertex 28.9374 -30.4374 0
      vertex 29.1453 -30.363 0
    endloop
  endfacet
  facet normal 0 0 -1
    outer loop
      vertex 44 -50 0
      vertex 28.7232 -30.491 0
      vertex 28.9374 -30.4374 0
    endloop
  endfacet
  facet normal 0 0 -1
    outer loop
      vertex 44 -50 0
      vertex 28.5048 -30.5234 0
      vertex 28.7232 -30.491 0
    endloop
  endfacet
  facet normal 0 0 -1
    outer loop
      vertex 44 -50 0
      vertex 28.2843 -30.5343 0
      vertex 28.5048 -30.5234 0
    endloop
  endfacet
  facet normal 0 0 -1
    outer loop
      vertex 44 -50 0
      vertex 28.0637 -30.5234 0
      vertex 28.2843 -30.5343 0
    endloop
  endfacet
  facet normal 0 0 -1
    outer loop
      vertex 44 -50 0
      vertex 27.8453 -30.491 0
      vertex 28.0637 -30.5234 0
    endloop
  endfacet
  facet normal 0 0 -1
    outer loop
      vertex 44 -50 0
      vertex 27.6311 -30.4374 0
      vertex 27.8453 -30.491 0
    endloop
  endfacet
  facet normal 0 0 -1
    outer loop
      vertex 44 -50 0
      vertex 27.4232 -30.363 0
      vertex 27.6311 -30.4374 0
    endloop
  endfacet
  facet normal 0 0 -1
    outer loop
      vertex 44 -50 0
      vertex 27.2236 -30.2686 0
      vertex 27.4232 -30.363 0
    endloop
  endfacet
  facet normal 0 0 -1
    outer loop
      vertex 44 -50 0
      vertex 27.0342 -30.1551 0
      vertex 27.2236 -30.2686 0
    endloop
  endfacet
  facet normal 0 0 -1
    outer loop
      vertex -27.0342 -30.1551 0
      vertex 27.0342 -30.1551 0
      vertex 44 -50 0
    endloop
  endfacet
  facet normal 0 0 -1
    outer loop
      vertex 27.0342 -30.1551 0
      vertex -27.0342 -30.1551 0
      vertex 26.8569 -30.0235 0
    endloop
  endfacet
  facet normal 0 -0 -1
    outer loop
      vertex -26.8569 -30.0235 0
      vertex 26.8569 -30.0235 0
      vertex -27.0342 -30.1551 0
    endloop
  endfacet
  facet normal 0 0 -1
    outer loop
      vertex 26.0775 27.8453 0
      vertex -26.0343 28.2843 0
      vertex 26.0451 28.0637 0
    endloop
  endfacet
  facet normal 0 0 -1
    outer loop
      vertex 26.0451 -28.5048 0
      vertex -26.0343 -28.2843 0
      vertex 26.0343 -28.2843 0
    endloop
  endfacet
  facet normal 0 0 -1
    outer loop
      vertex -26.0451 -28.5048 0
      vertex 26.0451 -28.5048 0
      vertex 26.0775 -28.7232 0
    endloop
  endfacet
  facet normal 0 0 -1
    outer loop
      vertex -26.0775 -28.7232 0
      vertex 26.0775 -28.7232 0
      vertex 26.1312 -28.9374 0
    endloop
  endfacet
  facet normal 0 0 -1
    outer loop
      vertex -26.1312 -28.9374 0
      vertex 26.1312 -28.9374 0
      vertex 26.2055 -29.1453 0
    endloop
  endfacet
  facet normal 0 0 -1
    outer loop
      vertex -26.2055 -29.1453 0
      vertex 26.2055 -29.1453 0
      vertex 26.2999 -29.3449 0
    endloop
  endfacet
  facet normal 0 0 -1
    outer loop
      vertex -26.2999 -29.3449 0
      vertex 26.2999 -29.3449 0
      vertex 26.4135 -29.5343 0
    endloop
  endfacet
  facet normal 0 0 -1
    outer loop
      vertex -26.4135 -29.5343 0
      vertex 26.4135 -29.5343 0
      vertex 26.545 -29.7117 0
    endloop
  endfacet
  facet normal 0 0 -1
    outer loop
      vertex 26.8569 -30.0235 0
      vertex -26.8569 -30.0235 0
      vertex 26.6933 -29.8753 0
    endloop
  endfacet
  facet normal 0 0 -1
    outer loop
      vertex 26.0451 -28.5048 0
      vertex -26.0451 -28.5048 0
      vertex -26.0343 -28.2843 0
    endloop
  endfacet
  facet normal 0 0 -1
    outer loop
      vertex 26.0775 -28.7232 0
      vertex -26.0775 -28.7232 0
      vertex -26.0451 -28.5048 0
    endloop
  endfacet
  facet normal 0 0 -1
    outer loop
      vertex 26.1312 -28.9374 0
      vertex -26.1312 -28.9374 0
      vertex -26.0775 -28.7232 0
    endloop
  endfacet
  facet normal 0 0 -1
    outer loop
      vertex 26.2055 -29.1453 0
      vertex -26.2055 -29.1453 0
      vertex -26.1312 -28.9374 0
    endloop
  endfacet
  facet normal 0 0 -1
    outer loop
      vertex 26.2999 -29.3449 0
      vertex -26.2999 -29.3449 0
      vertex -26.2055 -29.1453 0
    endloop
  endfacet
  facet normal 0 0 -1
    outer loop
      vertex 26.4135 -29.5343 0
      vertex -26.4135 -29.5343 0
      vertex -26.2999 -29.3449 0
    endloop
  endfacet
  facet normal 0 0 -1
    outer loop
      vertex 26.545 -29.7117 0
      vertex -26.545 -29.7117 0
      vertex -26.4135 -29.5343 0
    endloop
  endfacet
  facet normal -0 0 -1
    outer loop
      vertex 26.545 -29.7117 0
      vertex -26.6933 -29.8753 0
      vertex -26.545 -29.7117 0
    endloop
  endfacet
  facet normal 0 0 -1
    outer loop
      vertex 26.6933 -29.8753 0
      vertex -26.6933 -29.8753 0
      vertex 26.545 -29.7117 0
    endloop
  endfacet
  facet normal 0 -0 -1
    outer loop
      vertex -26.6933 -29.8753 0
      vertex 26.6933 -29.8753 0
      vertex -26.8569 -30.0235 0
    endloop
  endfacet
  facet normal 0 0 -1
    outer loop
      vertex -44 -50 0
      vertex -27.0342 -30.1551 0
      vertex 44 -50 0
    endloop
  endfacet
  facet normal 0 0 -1
    outer loop
      vertex -27.0342 -30.1551 0
      vertex -44 -50 0
      vertex -27.2236 -30.2686 0
    endloop
  endfacet
  facet normal 0 0 -1
    outer loop
      vertex -27.2236 -30.2686 0
      vertex -44 -50 0
      vertex -27.4232 -30.363 0
    endloop
  endfacet
  facet normal 0 0 -1
    outer loop
      vertex -27.4232 -30.363 0
      vertex -44 -50 0
      vertex -27.6311 -30.4374 0
    endloop
  endfacet
  facet normal 0 0 -1
    outer loop
      vertex -27.6311 -30.4374 0
      vertex -44 -50 0
      vertex -27.8453 -30.491 0
    endloop
  endfacet
  facet normal 0 0 -1
    outer loop
      vertex -27.8453 -30.491 0
      vertex -44 -50 0
      vertex -28.0637 -30.5234 0
    endloop
  endfacet
  facet normal 0 0 -1
    outer loop
      vertex -28.0637 -30.5234 0
      vertex -44 -50 0
      vertex -28.2843 -30.5343 0
    endloop
  endfacet
  facet normal -0 0 -1
    outer loop
      vertex -28.2843 -30.5343 0
      vertex -44 -50 0
      vertex -28.5048 -30.5234 0
    endloop
  endfacet
  facet normal -0 0 -1
    outer loop
      vertex -28.5048 -30.5234 0
      vertex -44 -50 0
      vertex -28.7232 -30.491 0
    endloop
  endfacet
  facet normal -0 0 -1
    outer loop
      vertex -30.5234 -28.5048 0
      vertex -50 -44 0
      vertex -30.5343 -28.2843 0
    endloop
  endfacet
  facet normal -0 0 -1
    outer loop
      vertex -30.491 -28.7232 0
      vertex -50 -44 0
      vertex -30.5234 -28.5048 0
    endloop
  endfacet
  facet normal -0 0 -1
    outer loop
      vertex -30.4374 -28.9374 0
      vertex -50 -44 0
      vertex -30.491 -28.7232 0
    endloop
  endfacet
  facet normal -0 0 -1
    outer loop
      vertex -30.363 -29.1453 0
      vertex -50 -44 0
      vertex -30.4374 -28.9374 0
    endloop
  endfacet
  facet normal -0 0 -1
    outer loop
      vertex -30.2686 -29.3449 0
      vertex -50 -44 0
      vertex -30.363 -29.1453 0
    endloop
  endfacet
  facet normal -0 0 -1
    outer loop
      vertex -30.1551 -29.5343 0
      vertex -50 -44 0
      vertex -30.2686 -29.3449 0
    endloop
  endfacet
  facet normal -0 0 -1
    outer loop
      vertex -30.0235 -29.7117 0
      vertex -50 -44 0
      vertex -30.1551 -29.5343 0
    endloop
  endfacet
  facet normal -0 0 -1
    outer loop
      vertex -29.8753 -29.8753 0
      vertex -50 -44 0
      vertex -30.0235 -29.7117 0
    endloop
  endfacet
  facet normal 0 0 -1
    outer loop
      vertex -50 -44 0
      vertex -29.8753 -29.8753 0
      vertex -44 -50 0
    endloop
  endfacet
  facet normal -0 0 -1
    outer loop
      vertex -29.7117 -30.0235 0
      vertex -44 -50 0
      vertex -29.8753 -29.8753 0
    endloop
  endfacet
  facet normal -0 0 -1
    outer loop
      vertex -29.5343 -30.1551 0
      vertex -44 -50 0
      vertex -29.7117 -30.0235 0
    endloop
  endfacet
  facet normal -0 0 -1
    outer loop
      vertex -29.3449 -30.2686 0
      vertex -44 -50 0
      vertex -29.5343 -30.1551 0
    endloop
  endfacet
  facet normal -0 0 -1
    outer loop
      vertex -29.1453 -30.363 0
      vertex -44 -50 0
      vertex -29.3449 -30.2686 0
    endloop
  endfacet
  facet normal -0 0 -1
    outer loop
      vertex -28.9374 -30.4374 0
      vertex -44 -50 0
      vertex -29.1453 -30.363 0
    endloop
  endfacet
  facet normal -0 0 -1
    outer loop
      vertex -28.7232 -30.491 0
      vertex -44 -50 0
      vertex -28.9374 -30.4374 0
    endloop
  endfacet
  facet normal 0 0 -1
    outer loop
      vertex 48.2426 48.2426 0
      vertex 44 50 0
      vertex 47.8064 48.6381 0
    endloop
  endfacet
  facet normal 0 0 -1
    outer loop
      vertex 47.3334 48.9888 0
      vertex 44 50 0
      vertex 46.8284 49.2915 0
    endloop
  endfacet
  facet normal 0 0 -1
    outer loop
      vertex 46.8284 49.2915 0
      vertex 44 50 0
      vertex 46.2961 49.5433 0
    endloop
  endfacet
  facet normal 0 0 -1
    outer loop
      vertex 46.2961 49.5433 0
      vertex 44 50 0
      vertex 45.7417 49.7416 0
    endloop
  endfacet
  facet normal 0 0 -1
    outer loop
      vertex 45.1705 49.8847 0
      vertex 44 50 0
      vertex 44.5881 49.9711 0
    endloop
  endfacet
  facet normal 0 0 -1
    outer loop
      vertex 45.7417 49.7416 0
      vertex 44 50 0
      vertex 45.1705 49.8847 0
    endloop
  endfacet
  facet normal 0 0 -1
    outer loop
      vertex 47.8064 48.6381 0
      vertex 44 50 0
      vertex 47.3334 48.9888 0
    endloop
  endfacet
  facet normal 0 0 -1
    outer loop
      vertex 49.5433 46.2961 0
      vertex 44 50 0
      vertex 49.2915 46.8284 0
    endloop
  endfacet
  facet normal 0 0 -1
    outer loop
      vertex 50 44 0
      vertex 44 50 0
      vertex 49.9711 44.5881 0
    endloop
  endfacet
  facet normal 0 0 -1
    outer loop
      vertex 29.7117 30.0235 0
      vertex 44 50 0
      vertex 29.8753 29.8753 0
    endloop
  endfacet
  facet normal 0 0 -1
    outer loop
      vertex 29.5343 30.1551 0
      vertex 44 50 0
      vertex 29.7117 30.0235 0
    endloop
  endfacet
  facet normal 0 0 -1
    outer loop
      vertex 29.3449 30.2686 0
      vertex 44 50 0
      vertex 29.5343 30.1551 0
    endloop
  endfacet
  facet normal 0 0 -1
    outer loop
      vertex 29.1453 30.363 0
      vertex 44 50 0
      vertex 29.3449 30.2686 0
    endloop
  endfacet
  facet normal 0 0 -1
    outer loop
      vertex 28.9374 30.4374 0
      vertex 44 50 0
      vertex 29.1453 30.363 0
    endloop
  endfacet
  facet normal 0 0 -1
    outer loop
      vertex 28.7232 30.491 0
      vertex 44 50 0
      vertex 28.9374 30.4374 0
    endloop
  endfacet
  facet normal 0 0 -1
    outer loop
      vertex 28.5048 30.5234 0
      vertex 44 50 0
      vertex 28.7232 30.491 0
    endloop
  endfacet
  facet normal 0 0 -1
    outer loop
      vertex 28.2843 30.5343 0
      vertex 44 50 0
      vertex 28.5048 30.5234 0
    endloop
  endfacet
  facet normal 0 0 -1
    outer loop
      vertex 28.0637 30.5234 0
      vertex 44 50 0
      vertex 28.2843 30.5343 0
    endloop
  endfacet
  facet normal 0 0 -1
    outer loop
      vertex 27.8453 30.491 0
      vertex 44 50 0
      vertex 28.0637 30.5234 0
    endloop
  endfacet
  facet normal 0 0 -1
    outer loop
      vertex 27.6311 30.4374 0
      vertex 44 50 0
      vertex 27.8453 30.491 0
    endloop
  endfacet
  facet normal 0 0 -1
    outer loop
      vertex 27.4232 30.363 0
      vertex 44 50 0
      vertex 27.6311 30.4374 0
    endloop
  endfacet
  facet normal 0 0 -1
    outer loop
      vertex 27.2236 30.2686 0
      vertex 44 50 0
      vertex 27.4232 30.363 0
    endloop
  endfacet
  facet normal 0 0 -1
    outer loop
      vertex 27.0342 30.1551 0
      vertex 44 50 0
      vertex 27.2236 30.2686 0
    endloop
  endfacet
  facet normal 0 0 -1
    outer loop
      vertex -27.0342 30.1551 0
      vertex 27.0342 30.1551 0
      vertex 26.8569 30.0235 0
    endloop
  endfacet
  facet normal 0 0 -1
    outer loop
      vertex -26.8569 30.0235 0
      vertex 26.8569 30.0235 0
      vertex 26.6933 29.8753 0
    endloop
  endfacet
  facet normal 0 0 -1
    outer loop
      vertex -26.6933 29.8753 0
      vertex 26.6933 29.8753 0
      vertex 26.545 29.7117 0
    endloop
  endfacet
  facet normal 0 0 -1
    outer loop
      vertex 26.0451 28.0637 0
      vertex -26.0343 28.2843 0
      vertex 26.0343 28.2843 0
    endloop
  endfacet
  facet normal 0 0 -1
    outer loop
      vertex 26.0343 28.2843 0
      vertex -26.0343 28.2843 0
      vertex 26.0451 28.5048 0
    endloop
  endfacet
  facet normal 0 0 -1
    outer loop
      vertex -26.0451 28.5048 0
      vertex 26.0451 28.5048 0
      vertex -26.0343 28.2843 0
    endloop
  endfacet
  facet normal 0 0 -1
    outer loop
      vertex 26.0451 28.5048 0
      vertex -26.0451 28.5048 0
      vertex 26.0775 28.7232 0
    endloop
  endfacet
  facet normal 0 0 -1
    outer loop
      vertex -26.0775 28.7232 0
      vertex 26.0775 28.7232 0
      vertex -26.0451 28.5048 0
    endloop
  endfacet
  facet normal 0 0 -1
    outer loop
      vertex 26.0775 28.7232 0
      vertex -26.0775 28.7232 0
      vertex 26.1312 28.9374 0
    endloop
  endfacet
  facet normal 0 0 -1
    outer loop
      vertex -26.1312 28.9374 0
      vertex 26.1312 28.9374 0
      vertex -26.0775 28.7232 0
    endloop
  endfacet
  facet normal 0 0 -1
    outer loop
      vertex 26.1312 28.9374 0
      vertex -26.1312 28.9374 0
      vertex 26.2055 29.1453 0
    endloop
  endfacet
  facet normal 0 0 -1
    outer loop
      vertex -26.2055 29.1453 0
      vertex 26.2055 29.1453 0
      vertex -26.1312 28.9374 0
    endloop
  endfacet
  facet normal 0 0 -1
    outer loop
      vertex 26.2055 29.1453 0
      vertex -26.2055 29.1453 0
      vertex 26.2999 29.3449 0
    endloop
  endfacet
  facet normal 0 0 -1
    outer loop
      vertex -26.2999 29.3449 0
      vertex 26.2999 29.3449 0
      vertex -26.2055 29.1453 0
    endloop
  endfacet
  facet normal 0 0 -1
    outer loop
      vertex 26.2999 29.3449 0
      vertex -26.2999 29.3449 0
      vertex 26.4135 29.5343 0
    endloop
  endfacet
  facet normal 0 0 -1
    outer loop
      vertex -26.4135 29.5343 0
      vertex 26.4135 29.5343 0
      vertex -26.2999 29.3449 0
    endloop
  endfacet
  facet normal 0 0 -1
    outer loop
      vertex 26.4135 29.5343 0
      vertex -26.4135 29.5343 0
      vertex 26.545 29.7117 0
    endloop
  endfacet
  facet normal 0 0 -1
    outer loop
      vertex -26.545 29.7117 0
      vertex 26.545 29.7117 0
      vertex -26.4135 29.5343 0
    endloop
  endfacet
  facet normal 0 0 -1
    outer loop
      vertex -26.6933 29.8753 0
      vertex 26.545 29.7117 0
      vertex -26.545 29.7117 0
    endloop
  endfacet
  facet normal 0 0 -1
    outer loop
      vertex 26.6933 29.8753 0
      vertex -26.6933 29.8753 0
      vertex -26.8569 30.0235 0
    endloop
  endfacet
  facet normal 0 0 -1
    outer loop
      vertex 26.8569 30.0235 0
      vertex -26.8569 30.0235 0
      vertex -27.0342 30.1551 0
    endloop
  endfacet
  facet normal 0 0 -1
    outer loop
      vertex 27.0342 30.1551 0
      vertex -27.0342 30.1551 0
      vertex 44 50 0
    endloop
  endfacet
  facet normal 0 0 -1
    outer loop
      vertex -44 50 0
      vertex -27.0342 30.1551 0
      vertex -27.2236 30.2686 0
    endloop
  endfacet
  facet normal 0 0 -1
    outer loop
      vertex -44 50 0
      vertex -27.2236 30.2686 0
      vertex -27.4232 30.363 0
    endloop
  endfacet
  facet normal 0 0 -1
    outer loop
      vertex -44 50 0
      vertex -27.4232 30.363 0
      vertex -27.6311 30.4374 0
    endloop
  endfacet
  facet normal 0 0 -1
    outer loop
      vertex -44 50 0
      vertex -27.6311 30.4374 0
      vertex -27.8453 30.491 0
    endloop
  endfacet
  facet normal 0 0 -1
    outer loop
      vertex -44 50 0
      vertex -27.8453 30.491 0
      vertex -28.0637 30.5234 0
    endloop
  endfacet
  facet normal 0 0 -1
    outer loop
      vertex -44 50 0
      vertex -28.0637 30.5234 0
      vertex -28.2843 30.5343 0
    endloop
  endfacet
  facet normal 0 0 -1
    outer loop
      vertex -44 50 0
      vertex -28.2843 30.5343 0
      vertex -28.5048 30.5234 0
    endloop
  endfacet
  facet normal 0 0 -1
    outer loop
      vertex -44 50 0
      vertex -28.5048 30.5234 0
      vertex -28.7232 30.491 0
    endloop
  endfacet
  facet normal 0 0 -1
    outer loop
      vertex -44 50 0
      vertex -28.7232 30.491 0
      vertex -28.9374 30.4374 0
    endloop
  endfacet
  facet normal 0 0 -1
    outer loop
      vertex -30.491 27.8453 0
      vertex -50 44 0
      vertex -30.5234 28.0637 0
    endloop
  endfacet
  facet normal 0 0 -1
    outer loop
      vertex -30.5234 28.0637 0
      vertex -50 44 0
      vertex -30.5343 28.2843 0
    endloop
  endfacet
  facet normal 0 0 -1
    outer loop
      vertex -27.0342 30.1551 0
      vertex -44 50 0
      vertex 44 50 0
    endloop
  endfacet
  facet normal 0 0 -1
    outer loop
      vertex -29.1453 30.363 0
      vertex -44 50 0
      vertex -28.9374 30.4374 0
    endloop
  endfacet
  facet normal 0 0 -1
    outer loop
      vertex -29.3449 30.2686 0
      vertex -44 50 0
      vertex -29.1453 30.363 0
    endloop
  endfacet
  facet normal 0 0 -1
    outer loop
      vertex -29.5343 30.1551 0
      vertex -44 50 0
      vertex -29.3449 30.2686 0
    endloop
  endfacet
  facet normal 0 0 -1
    outer loop
      vertex -29.7117 30.0235 0
      vertex -44 50 0
      vertex -29.5343 30.1551 0
    endloop
  endfacet
  facet normal 0 0 -1
    outer loop
      vertex -29.8753 29.8753 0
      vertex -44 50 0
      vertex -29.7117 30.0235 0
    endloop
  endfacet
  facet normal 0 0 -1
    outer loop
      vertex -50 44 0
      vertex -29.8753 29.8753 0
      vertex -30.0235 29.7117 0
    endloop
  endfacet
  facet normal 0 0 -1
    outer loop
      vertex -50 44 0
      vertex -30.0235 29.7117 0
      vertex -30.1551 29.5343 0
    endloop
  endfacet
  facet normal 0 0 -1
    outer loop
      vertex -50 44 0
      vertex -30.1551 29.5343 0
      vertex -30.2686 29.3449 0
    endloop
  endfacet
  facet normal 0 0 -1
    outer loop
      vertex -50 44 0
      vertex -30.2686 29.3449 0
      vertex -30.363 29.1453 0
    endloop
  endfacet
  facet normal 0 0 -1
    outer loop
      vertex -50 44 0
      vertex -30.363 29.1453 0
      vertex -30.4374 28.9374 0
    endloop
  endfacet
  facet normal 0 0 -1
    outer loop
      vertex -50 44 0
      vertex -30.4374 28.9374 0
      vertex -30.491 28.7232 0
    endloop
  endfacet
  facet normal 0 0 -1
    outer loop
      vertex -30.5343 28.2843 0
      vertex -50 44 0
      vertex -30.5234 28.5048 0
    endloop
  endfacet
  facet normal 0 0 -1
    outer loop
      vertex -50 -44 0
      vertex -44 -50 0
      vertex -44.5881 -49.9711 0
    endloop
  endfacet
  facet normal 0 0 -1
    outer loop
      vertex -30.5234 28.5048 0
      vertex -50 44 0
      vertex -30.491 28.7232 0
    endloop
  endfacet
  facet normal 0 0 -1
    outer loop
      vertex -50 -44 0
      vertex -44.5881 -49.9711 0
      vertex -45.1705 -49.8847 0
    endloop
  endfacet
  facet normal 0 0 -1
    outer loop
      vertex -29.8753 29.8753 0
      vertex -50 44 0
      vertex -44 50 0
    endloop
  endfacet
  facet normal 0 0 -1
    outer loop
      vertex -50 -44 0
      vertex -45.1705 -49.8847 0
      vertex -45.7417 -49.7416 0
    endloop
  endfacet
  facet normal 0 0 -1
    outer loop
      vertex -44 50 0
      vertex -50 44 0
      vertex -44.5881 49.9711 0
    endloop
  endfacet
  facet normal 0 0 -1
    outer loop
      vertex -50 -44 0
      vertex -45.7417 -49.7416 0
      vertex -46.2961 -49.5433 0
    endloop
  endfacet
  facet normal 0 0 -1
    outer loop
      vertex -44.5881 49.9711 0
      vertex -50 44 0
      vertex -45.1705 49.8847 0
    endloop
  endfacet
  facet normal 0 0 -1
    outer loop
      vertex -50 -44 0
      vertex -46.2961 -49.5433 0
      vertex -46.8284 -49.2915 0
    endloop
  endfacet
  facet normal 0 0 -1
    outer loop
      vertex -45.1705 49.8847 0
      vertex -50 44 0
      vertex -45.7417 49.7416 0
    endloop
  endfacet
  facet normal 0 0 -1
    outer loop
      vertex -50 -44 0
      vertex -46.8284 -49.2915 0
      vertex -47.3334 -48.9888 0
    endloop
  endfacet
  facet normal 0 0 -1
    outer loop
      vertex -45.7417 49.7416 0
      vertex -50 44 0
      vertex -46.2961 49.5433 0
    endloop
  endfacet
  facet normal 0 0 -1
    outer loop
      vertex -50 -44 0
      vertex -47.3334 -48.9888 0
      vertex -47.8064 -48.6381 0
    endloop
  endfacet
  facet normal 0 0 -1
    outer loop
      vertex -46.2961 49.5433 0
      vertex -50 44 0
      vertex -46.8284 49.2915 0
    endloop
  endfacet
  facet normal 0 0 -1
    outer loop
      vertex -50 -44 0
      vertex -47.8064 -48.6381 0
      vertex -48.2426 -48.2426 0
    endloop
  endfacet
  facet normal 0 0 -1
    outer loop
      vertex -46.8284 49.2915 0
      vertex -50 44 0
      vertex -47.3334 48.9888 0
    endloop
  endfacet
  facet normal 0 0 -1
    outer loop
      vertex -50 -44 0
      vertex -48.2426 -48.2426 0
      vertex -48.6381 -47.8064 0
    endloop
  endfacet
  facet normal 0 0 -1
    outer loop
      vertex -47.3334 48.9888 0
      vertex -50 44 0
      vertex -47.8064 48.6381 0
    endloop
  endfacet
  facet normal 0 0 -1
    outer loop
      vertex -50 -44 0
      vertex -48.6381 -47.8064 0
      vertex -48.9888 -47.3334 0
    endloop
  endfacet
  facet normal 0 0 -1
    outer loop
      vertex -47.8064 48.6381 0
      vertex -50 44 0
      vertex -48.2426 48.2426 0
    endloop
  endfacet
  facet normal 0 0 -1
    outer loop
      vertex -50 -44 0
      vertex -48.9888 -47.3334 0
      vertex -49.2915 -46.8284 0
    endloop
  endfacet
  facet normal 0 0 -1
    outer loop
      vertex -48.2426 48.2426 0
      vertex -50 44 0
      vertex -48.6381 47.8064 0
    endloop
  endfacet
  facet normal 0 0 -1
    outer loop
      vertex -50 -44 0
      vertex -49.2915 -46.8284 0
      vertex -49.5433 -46.2961 0
    endloop
  endfacet
  facet normal 0 0 -1
    outer loop
      vertex -48.6381 47.8064 0
      vertex -50 44 0
      vertex -48.9888 47.3334 0
    endloop
  endfacet
  facet normal 0 0 -1
    outer loop
      vertex -50 -44 0
      vertex -49.5433 -46.2961 0
      vertex -49.7416 -45.7417 0
    endloop
  endfacet
  facet normal 0 0 -1
    outer loop
      vertex -48.9888 47.3334 0
      vertex -50 44 0
      vertex -49.2915 46.8284 0
    endloop
  endfacet
  facet normal 0 0 -1
    outer loop
      vertex -50 -44 0
      vertex -49.7416 -45.7417 0
      vertex -49.8847 -45.1705 0
    endloop
  endfacet
  facet normal 0 0 -1
    outer loop
      vertex -49.2915 46.8284 0
      vertex -50 44 0
      vertex -49.5433 46.2961 0
    endloop
  endfacet
  facet normal 0 0 -1
    outer loop
      vertex -50 -44 0
      vertex -49.8847 -45.1705 0
      vertex -49.9711 -44.5881 0
    endloop
  endfacet
  facet normal 0 0 -1
    outer loop
      vertex -49.5433 46.2961 0
      vertex -50 44 0
      vertex -49.7416 45.7417 0
    endloop
  endfacet
  facet normal 0 0 -1
    outer loop
      vertex -49.7416 45.7417 0
      vertex -50 44 0
      vertex -49.8847 45.1705 0
    endloop
  endfacet
  facet normal 0 0 -1
    outer loop
      vertex -49.8847 45.1705 0
      vertex -50 44 0
      vertex -49.9711 44.5881 0
    endloop
  endfacet
  facet normal 0.857723 -0.514112 0
    outer loop
      vertex 14.135 -9.44469 97.99
      vertex 14.9927 -8.01374 8
      vertex 14.9927 -8.01374 97.99
    endloop
  endfacet
  facet normal 0.857723 -0.514112 0
    outer loop
      vertex 14.9927 -8.01374 8
      vertex 14.135 -9.44469 97.99
      vertex 14.135 -9.44469 8
    endloop
  endfacet
  facet normal 0.989176 0.146736 0
    outer loop
      vertex 16.9181 1.66629 97.99
      vertex 16.6733 3.31653 8
      vertex 16.6733 3.31653 97.99
    endloop
  endfacet
  facet normal 0.989176 0.146736 0
    outer loop
      vertex 16.6733 3.31653 8
      vertex 16.9181 1.66629 97.99
      vertex 16.9181 1.66629 8
    endloop
  endfacet
  facet normal 0.998794 0.0490918 0
    outer loop
      vertex 17 0 97.99
      vertex 16.9181 1.66629 8
      vertex 16.9181 1.66629 97.99
    endloop
  endfacet
  facet normal 0.998794 0.0490918 0
    outer loop
      vertex 16.9181 1.66629 8
      vertex 17 0 97.99
      vertex 17 0 8
    endloop
  endfacet
  facet normal 0.970041 0.242943 0
    outer loop
      vertex 16.6733 3.31653 97.99
      vertex 16.268 4.93484 8
      vertex 16.268 4.93484 97.99
    endloop
  endfacet
  facet normal 0.970041 0.242943 0
    outer loop
      vertex 16.268 4.93484 8
      vertex 16.6733 3.31653 97.99
      vertex 16.6733 3.31653 8
    endloop
  endfacet
  facet normal 0.857723 0.514112 0
    outer loop
      vertex 14.9927 8.01374 97.99
      vertex 14.135 9.44469 8
      vertex 14.135 9.44469 97.99
    endloop
  endfacet
  facet normal 0.857723 0.514112 0
    outer loop
      vertex 14.135 9.44469 8
      vertex 14.9927 8.01374 97.99
      vertex 14.9927 8.01374 8
    endloop
  endfacet
  facet normal -0.970041 -0.242943 0
    outer loop
      vertex -16.268 -4.93484 8
      vertex -16.6733 -3.31653 97.99
      vertex -16.6733 -3.31653 8
    endloop
  endfacet
  facet normal -0.970041 -0.242943 0
    outer loop
      vertex -16.6733 -3.31653 97.99
      vertex -16.268 -4.93484 8
      vertex -16.268 -4.93484 97.99
    endloop
  endfacet
  facet normal -0.427561 0.903986 0
    outer loop
      vertex -6.50562 15.706 8
      vertex -8.01374 14.9927 97.99
      vertex -6.50562 15.706 97.99
    endloop
  endfacet
  facet normal -0.427561 0.903986 0
    outer loop
      vertex -8.01374 14.9927 97.99
      vertex -6.50562 15.706 8
      vertex -8.01374 14.9927 8
    endloop
  endfacet
  facet normal -0.336872 -0.941551 0
    outer loop
      vertex -6.50562 -15.706 8
      vertex -4.93484 -16.268 97.99
      vertex -6.50562 -15.706 97.99
    endloop
  endfacet
  facet normal -0.336872 -0.941551 -0
    outer loop
      vertex -4.93484 -16.268 97.99
      vertex -6.50562 -15.706 8
      vertex -4.93484 -16.268 8
    endloop
  endfacet
  facet normal -0.514112 0.857723 0
    outer loop
      vertex -8.01374 14.9927 8
      vertex -9.44469 14.135 97.99
      vertex -8.01374 14.9927 97.99
    endloop
  endfacet
  facet normal -0.514112 0.857723 0
    outer loop
      vertex -9.44469 14.135 97.99
      vertex -8.01374 14.9927 8
      vertex -9.44469 14.135 8
    endloop
  endfacet
  facet normal 0.67158 0.740932 -0
    outer loop
      vertex 12.0208 12.0208 8
      vertex 10.7847 13.1412 97.99
      vertex 12.0208 12.0208 97.99
    endloop
  endfacet
  facet normal 0.67158 0.740932 0
    outer loop
      vertex 10.7847 13.1412 97.99
      vertex 12.0208 12.0208 8
      vertex 10.7847 13.1412 8
    endloop
  endfacet
  facet normal 0.941551 -0.336872 0
    outer loop
      vertex 15.706 -6.50562 97.99
      vertex 16.268 -4.93484 8
      vertex 16.268 -4.93484 97.99
    endloop
  endfacet
  facet normal 0.941551 -0.336872 0
    outer loop
      vertex 16.268 -4.93484 8
      vertex 15.706 -6.50562 97.99
      vertex 15.706 -6.50562 8
    endloop
  endfacet
  facet normal 0.740932 0.67158 0
    outer loop
      vertex 13.1412 10.7847 97.99
      vertex 12.0208 12.0208 8
      vertex 12.0208 12.0208 97.99
    endloop
  endfacet
  facet normal 0.740932 0.67158 0
    outer loop
      vertex 12.0208 12.0208 8
      vertex 13.1412 10.7847 97.99
      vertex 13.1412 10.7847 8
    endloop
  endfacet
  facet normal -0.67158 0.740932 0
    outer loop
      vertex -10.7847 13.1412 8
      vertex -12.0208 12.0208 97.99
      vertex -10.7847 13.1412 97.99
    endloop
  endfacet
  facet normal -0.67158 0.740932 0
    outer loop
      vertex -12.0208 12.0208 97.99
      vertex -10.7847 13.1412 8
      vertex -12.0208 12.0208 8
    endloop
  endfacet
  facet normal 0.514112 0.857723 -0
    outer loop
      vertex 9.44469 14.135 8
      vertex 8.01374 14.9927 97.99
      vertex 9.44469 14.135 97.99
    endloop
  endfacet
  facet normal 0.514112 0.857723 0
    outer loop
      vertex 8.01374 14.9927 97.99
      vertex 9.44469 14.135 8
      vertex 8.01374 14.9927 8
    endloop
  endfacet
  facet normal 0.595692 0.803213 -0
    outer loop
      vertex 10.7847 13.1412 8
      vertex 9.44469 14.135 97.99
      vertex 10.7847 13.1412 97.99
    endloop
  endfacet
  facet normal 0.595692 0.803213 0
    outer loop
      vertex 9.44469 14.135 97.99
      vertex 10.7847 13.1412 8
      vertex 9.44469 14.135 8
    endloop
  endfacet
  facet normal -0.146747 -0.989174 0
    outer loop
      vertex -3.31653 -16.6733 97.99
      vertex -1.75 -16.9057 87.4129
      vertex -1.75 -16.9057 97.99
    endloop
  endfacet
  facet normal -0.146597 -0.989196 2.28146e-05
    outer loop
      vertex -3.31653 -16.6733 97.99
      vertex -1.87081 -16.8878 87.25
      vertex -1.75 -16.9057 87.4129
    endloop
  endfacet
  facet normal -0.146474 -0.989214 3.96231e-05
    outer loop
      vertex -3.31653 -16.6733 97.99
      vertex -1.98432 -16.871 87.0606
      vertex -1.87081 -16.8878 87.25
    endloop
  endfacet
  facet normal -0.146707 -0.98918 1.06079e-05
    outer loop
      vertex -3.31653 -16.6733 97.99
      vertex -2.07873 -16.857 86.861
      vertex -1.98432 -16.871 87.0606
    endloop
  endfacet
  facet normal -0.147395 -0.989078 -6.75687e-05
    outer loop
      vertex -3.31653 -16.6733 97.99
      vertex -2.15312 -16.8459 86.6531
      vertex -2.07873 -16.857 86.861
    endloop
  endfacet
  facet normal -0.145991 -0.989286 7.967e-05
    outer loop
      vertex -3.31653 -16.6733 97.99
      vertex -2.20677 -16.838 86.4389
      vertex -2.15312 -16.8459 86.6531
    endloop
  endfacet
  facet normal -0.146648 -0.989189 1.51307e-05
    outer loop
      vertex -3.31653 -16.6733 97.99
      vertex -2.23917 -16.8332 86.2205
      vertex -2.20677 -16.838 86.4389
    endloop
  endfacet
  facet normal -0.14658 -0.989199 2.15199e-05
    outer loop
      vertex -3.31653 -16.6733 97.99
      vertex -2.25 -16.8316 86
      vertex -2.23917 -16.8332 86.2205
    endloop
  endfacet
  facet normal -0.147637 -0.989042 -7.45738e-05
    outer loop
      vertex -3.31653 -16.6733 97.99
      vertex -2.23917 -16.8332 85.7795
      vertex -2.25 -16.8316 86
    endloop
  endfacet
  facet normal -0.146566 -0.989201 0
    outer loop
      vertex -1.87081 -16.8878 84.75
      vertex -1.75 -16.9057 38
      vertex -1.75 -16.9057 84.5871
    endloop
  endfacet
  facet normal -0.146409 -0.989224 4.15819e-07
    outer loop
      vertex -1.98432 -16.871 84.9394
      vertex -1.75 -16.9057 38
      vertex -1.87081 -16.8878 84.75
    endloop
  endfacet
  facet normal -0.146687 -0.989183 -1.00457e-06
    outer loop
      vertex -2.07873 -16.857 85.139
      vertex -1.75 -16.9057 38
      vertex -1.98432 -16.871 84.9394
    endloop
  endfacet
  facet normal -0.1476 -0.989047 -7.51063e-06
    outer loop
      vertex -2.15312 -16.8459 85.3469
      vertex -1.75 -16.9057 38
      vertex -2.07873 -16.857 85.139
    endloop
  endfacet
  facet normal -0.145643 -0.989337 9.524e-06
    outer loop
      vertex -2.20677 -16.838 85.5611
      vertex -1.75 -16.9057 38
      vertex -2.15312 -16.8459 85.3469
    endloop
  endfacet
  facet normal -0.146544 -0.989204 6.75383e-07
    outer loop
      vertex -2.23917 -16.8332 85.7795
      vertex -1.75 -16.9057 38
      vertex -2.20677 -16.838 85.5611
    endloop
  endfacet
  facet normal -0.146837 -0.989161 -2.38434e-06
    outer loop
      vertex -3.31653 -16.6733 97.99
      vertex -1.75 -16.9057 38
      vertex -2.23917 -16.8332 85.7795
    endloop
  endfacet
  facet normal -0.146747 -0.989174 0
    outer loop
      vertex -3.31653 -16.6733 8
      vertex -1.75 -16.9057 38
      vertex -3.31653 -16.6733 97.99
    endloop
  endfacet
  facet normal -0.146736 -0.989176 -5.84068e-07
    outer loop
      vertex -1.66629 -16.9181 8
      vertex -1.75 -16.9057 38
      vertex -3.31653 -16.6733 8
    endloop
  endfacet
  facet normal -0.146532 -0.989206 0
    outer loop
      vertex -1.75 -16.9057 38
      vertex -1.66629 -16.9181 8
      vertex -1.66629 -16.9181 38
    endloop
  endfacet
  facet normal 0.803213 -0.595692 0
    outer loop
      vertex 13.1412 -10.7847 97.99
      vertex 14.135 -9.44469 8
      vertex 14.135 -9.44469 97.99
    endloop
  endfacet
  facet normal 0.803213 -0.595692 0
    outer loop
      vertex 14.135 -9.44469 8
      vertex 13.1412 -10.7847 97.99
      vertex 13.1412 -10.7847 8
    endloop
  endfacet
  facet normal -0.857723 0.514112 0
    outer loop
      vertex -14.9927 8.01374 8
      vertex -14.135 9.44469 97.99
      vertex -14.135 9.44469 8
    endloop
  endfacet
  facet normal -0.857723 0.514112 0
    outer loop
      vertex -14.135 9.44469 97.99
      vertex -14.9927 8.01374 8
      vertex -14.9927 8.01374 97.99
    endloop
  endfacet
  facet normal -0.989176 0.146736 0
    outer loop
      vertex -16.9181 1.66629 8
      vertex -16.6733 3.31653 97.99
      vertex -16.6733 3.31653 8
    endloop
  endfacet
  facet normal -0.989176 0.146736 0
    outer loop
      vertex -16.6733 3.31653 97.99
      vertex -16.9181 1.66629 8
      vertex -16.9181 1.66629 97.99
    endloop
  endfacet
  facet normal 0.998794 -0.0490918 0
    outer loop
      vertex 16.9181 -1.66629 97.99
      vertex 17 0 8
      vertex 17 0 97.99
    endloop
  endfacet
  facet normal 0.998794 -0.0490918 0
    outer loop
      vertex 17 0 8
      vertex 16.9181 -1.66629 97.99
      vertex 16.9181 -1.66629 8
    endloop
  endfacet
  facet normal -0.903986 -0.427561 0
    outer loop
      vertex -14.9927 -8.01374 8
      vertex -15.706 -6.50562 97.99
      vertex -15.706 -6.50562 8
    endloop
  endfacet
  facet normal -0.903986 -0.427561 0
    outer loop
      vertex -15.706 -6.50562 97.99
      vertex -14.9927 -8.01374 8
      vertex -14.9927 -8.01374 97.99
    endloop
  endfacet
  facet normal -0.998794 -0.0490918 0
    outer loop
      vertex -16.9181 -1.66629 8
      vertex -17 0 97.99
      vertex -17 0 8
    endloop
  endfacet
  facet normal -0.998794 -0.0490918 0
    outer loop
      vertex -17 0 97.99
      vertex -16.9181 -1.66629 8
      vertex -16.9181 -1.66629 97.99
    endloop
  endfacet
  facet normal 0.514112 -0.857723 0
    outer loop
      vertex 8.01374 -14.9927 8
      vertex 9.44469 -14.135 97.99
      vertex 8.01374 -14.9927 97.99
    endloop
  endfacet
  facet normal 0.514112 -0.857723 0
    outer loop
      vertex 9.44469 -14.135 97.99
      vertex 8.01374 -14.9927 8
      vertex 9.44469 -14.135 8
    endloop
  endfacet
  facet normal 0.903986 0.427561 0
    outer loop
      vertex 15.706 6.50562 97.99
      vertex 14.9927 8.01374 8
      vertex 14.9927 8.01374 97.99
    endloop
  endfacet
  facet normal 0.903986 0.427561 0
    outer loop
      vertex 14.9927 8.01374 8
      vertex 15.706 6.50562 97.99
      vertex 15.706 6.50562 8
    endloop
  endfacet
  facet normal -0.242943 0.970041 0
    outer loop
      vertex -3.31653 16.6733 8
      vertex -4.93484 16.268 97.99
      vertex -3.31653 16.6733 97.99
    endloop
  endfacet
  facet normal -0.242943 0.970041 0
    outer loop
      vertex -4.93484 16.268 97.99
      vertex -3.31653 16.6733 8
      vertex -4.93484 16.268 8
    endloop
  endfacet
  facet normal 0.146532 -0.989206 0
    outer loop
      vertex 1.66629 -16.9181 38
      vertex 1.66629 -16.9181 8
      vertex 1.75 -16.9057 38
    endloop
  endfacet
  facet normal 0.146747 -0.989174 0
    outer loop
      vertex 1.75 -16.9057 87.4129
      vertex 3.31653 -16.6733 97.99
      vertex 1.75 -16.9057 97.99
    endloop
  endfacet
  facet normal 0.146597 -0.989196 2.28146e-05
    outer loop
      vertex 1.87081 -16.8878 87.25
      vertex 3.31653 -16.6733 97.99
      vertex 1.75 -16.9057 87.4129
    endloop
  endfacet
  facet normal 0.146474 -0.989214 3.96231e-05
    outer loop
      vertex 1.98432 -16.871 87.0606
      vertex 3.31653 -16.6733 97.99
      vertex 1.87081 -16.8878 87.25
    endloop
  endfacet
  facet normal 0.146707 -0.98918 1.06079e-05
    outer loop
      vertex 2.07873 -16.857 86.861
      vertex 3.31653 -16.6733 97.99
      vertex 1.98432 -16.871 87.0606
    endloop
  endfacet
  facet normal 0.147395 -0.989078 -6.75687e-05
    outer loop
      vertex 2.15312 -16.8459 86.6531
      vertex 3.31653 -16.6733 97.99
      vertex 2.07873 -16.857 86.861
    endloop
  endfacet
  facet normal 0.145991 -0.989286 7.967e-05
    outer loop
      vertex 2.20677 -16.838 86.4389
      vertex 3.31653 -16.6733 97.99
      vertex 2.15312 -16.8459 86.6531
    endloop
  endfacet
  facet normal 0.146648 -0.989189 1.51307e-05
    outer loop
      vertex 2.23917 -16.8332 86.2205
      vertex 3.31653 -16.6733 97.99
      vertex 2.20677 -16.838 86.4389
    endloop
  endfacet
  facet normal 0.14658 -0.989199 2.15199e-05
    outer loop
      vertex 2.25 -16.8316 86
      vertex 3.31653 -16.6733 97.99
      vertex 2.23917 -16.8332 86.2205
    endloop
  endfacet
  facet normal 0.147637 -0.989042 -7.45738e-05
    outer loop
      vertex 2.23917 -16.8332 85.7795
      vertex 3.31653 -16.6733 97.99
      vertex 2.25 -16.8316 86
    endloop
  endfacet
  facet normal 0.146566 -0.989201 0
    outer loop
      vertex 1.75 -16.9057 38
      vertex 1.87081 -16.8878 84.75
      vertex 1.75 -16.9057 84.5871
    endloop
  endfacet
  facet normal 0.146409 -0.989224 4.15819e-07
    outer loop
      vertex 1.75 -16.9057 38
      vertex 1.98432 -16.871 84.9394
      vertex 1.87081 -16.8878 84.75
    endloop
  endfacet
  facet normal 0.146687 -0.989183 -1.00457e-06
    outer loop
      vertex 1.75 -16.9057 38
      vertex 2.07873 -16.857 85.139
      vertex 1.98432 -16.871 84.9394
    endloop
  endfacet
  facet normal 0.1476 -0.989047 -7.51063e-06
    outer loop
      vertex 1.75 -16.9057 38
      vertex 2.15312 -16.8459 85.3469
      vertex 2.07873 -16.857 85.139
    endloop
  endfacet
  facet normal 0.145643 -0.989337 9.524e-06
    outer loop
      vertex 1.75 -16.9057 38
      vertex 2.20677 -16.838 85.5611
      vertex 2.15312 -16.8459 85.3469
    endloop
  endfacet
  facet normal 0.146544 -0.989204 6.75383e-07
    outer loop
      vertex 1.75 -16.9057 38
      vertex 2.23917 -16.8332 85.7795
      vertex 2.20677 -16.838 85.5611
    endloop
  endfacet
  facet normal 0.146837 -0.989161 -2.38434e-06
    outer loop
      vertex 1.75 -16.9057 38
      vertex 3.31653 -16.6733 97.99
      vertex 2.23917 -16.8332 85.7795
    endloop
  endfacet
  facet normal 0.146736 -0.989176 -5.84068e-07
    outer loop
      vertex 3.31653 -16.6733 8
      vertex 1.75 -16.9057 38
      vertex 1.66629 -16.9181 8
    endloop
  endfacet
  facet normal 0.146747 -0.989174 0
    outer loop
      vertex 1.75 -16.9057 38
      vertex 3.31653 -16.6733 8
      vertex 3.31653 -16.6733 97.99
    endloop
  endfacet
  facet normal -0.941551 -0.336872 0
    outer loop
      vertex -15.706 -6.50562 8
      vertex -16.268 -4.93484 97.99
      vertex -16.268 -4.93484 8
    endloop
  endfacet
  facet normal -0.941551 -0.336872 0
    outer loop
      vertex -16.268 -4.93484 97.99
      vertex -15.706 -6.50562 8
      vertex -15.706 -6.50562 97.99
    endloop
  endfacet
  facet normal 0.989176 -0.146736 0
    outer loop
      vertex 16.6733 -3.31653 97.99
      vertex 16.9181 -1.66629 8
      vertex 16.9181 -1.66629 97.99
    endloop
  endfacet
  facet normal 0.989176 -0.146736 0
    outer loop
      vertex 16.9181 -1.66629 8
      vertex 16.6733 -3.31653 97.99
      vertex 16.6733 -3.31653 8
    endloop
  endfacet
  facet normal 0.427561 -0.903986 0
    outer loop
      vertex 6.50562 -15.706 8
      vertex 8.01374 -14.9927 97.99
      vertex 6.50562 -15.706 97.99
    endloop
  endfacet
  facet normal 0.427561 -0.903986 0
    outer loop
      vertex 8.01374 -14.9927 97.99
      vertex 6.50562 -15.706 8
      vertex 8.01374 -14.9927 8
    endloop
  endfacet
  facet normal -0.336872 0.941551 0
    outer loop
      vertex -4.93484 16.268 8
      vertex -6.50562 15.706 97.99
      vertex -4.93484 16.268 97.99
    endloop
  endfacet
  facet normal -0.336872 0.941551 0
    outer loop
      vertex -6.50562 15.706 97.99
      vertex -4.93484 16.268 8
      vertex -6.50562 15.706 8
    endloop
  endfacet
  facet normal -0.427561 -0.903986 0
    outer loop
      vertex -8.01374 -14.9927 8
      vertex -6.50562 -15.706 97.99
      vertex -8.01374 -14.9927 97.99
    endloop
  endfacet
  facet normal -0.427561 -0.903986 -0
    outer loop
      vertex -6.50562 -15.706 97.99
      vertex -8.01374 -14.9927 8
      vertex -6.50562 -15.706 8
    endloop
  endfacet
  facet normal -0.595692 0.803213 0
    outer loop
      vertex -9.44469 14.135 8
      vertex -10.7847 13.1412 97.99
      vertex -9.44469 14.135 97.99
    endloop
  endfacet
  facet normal -0.595692 0.803213 0
    outer loop
      vertex -10.7847 13.1412 97.99
      vertex -9.44469 14.135 8
      vertex -10.7847 13.1412 8
    endloop
  endfacet
  facet normal -0.595692 -0.803213 0
    outer loop
      vertex -10.7847 -13.1412 8
      vertex -9.44469 -14.135 97.99
      vertex -10.7847 -13.1412 97.99
    endloop
  endfacet
  facet normal -0.595692 -0.803213 -0
    outer loop
      vertex -9.44469 -14.135 97.99
      vertex -10.7847 -13.1412 8
      vertex -9.44469 -14.135 8
    endloop
  endfacet
  facet normal 0.595692 -0.803213 0
    outer loop
      vertex 9.44469 -14.135 8
      vertex 10.7847 -13.1412 97.99
      vertex 9.44469 -14.135 97.99
    endloop
  endfacet
  facet normal 0.595692 -0.803213 0
    outer loop
      vertex 10.7847 -13.1412 97.99
      vertex 9.44469 -14.135 8
      vertex 10.7847 -13.1412 8
    endloop
  endfacet
  facet normal 0.146747 0.989174 0
    outer loop
      vertex 3.31653 16.6733 97.99
      vertex 1.75 16.9057 87.4129
      vertex 1.75 16.9057 97.99
    endloop
  endfacet
  facet normal 0.146597 0.989196 2.28146e-05
    outer loop
      vertex 3.31653 16.6733 97.99
      vertex 1.87081 16.8878 87.25
      vertex 1.75 16.9057 87.4129
    endloop
  endfacet
  facet normal 0.146474 0.989214 3.96231e-05
    outer loop
      vertex 3.31653 16.6733 97.99
      vertex 1.98432 16.871 87.0606
      vertex 1.87081 16.8878 87.25
    endloop
  endfacet
  facet normal 0.146707 0.98918 1.06079e-05
    outer loop
      vertex 3.31653 16.6733 97.99
      vertex 2.07873 16.857 86.861
      vertex 1.98432 16.871 87.0606
    endloop
  endfacet
  facet normal 0.147395 0.989078 -6.75687e-05
    outer loop
      vertex 3.31653 16.6733 97.99
      vertex 2.15312 16.8459 86.6531
      vertex 2.07873 16.857 86.861
    endloop
  endfacet
  facet normal 0.145991 0.989286 7.967e-05
    outer loop
      vertex 3.31653 16.6733 97.99
      vertex 2.20677 16.838 86.4389
      vertex 2.15312 16.8459 86.6531
    endloop
  endfacet
  facet normal 0.146648 0.989189 1.51307e-05
    outer loop
      vertex 3.31653 16.6733 97.99
      vertex 2.23917 16.8332 86.2205
      vertex 2.20677 16.838 86.4389
    endloop
  endfacet
  facet normal 0.14658 0.989199 2.15199e-05
    outer loop
      vertex 3.31653 16.6733 97.99
      vertex 2.25 16.8316 86
      vertex 2.23917 16.8332 86.2205
    endloop
  endfacet
  facet normal 0.147637 0.989042 -7.45738e-05
    outer loop
      vertex 3.31653 16.6733 97.99
      vertex 2.23917 16.8332 85.7795
      vertex 2.25 16.8316 86
    endloop
  endfacet
  facet normal 0.146566 0.989201 0
    outer loop
      vertex 1.87081 16.8878 84.75
      vertex 1.75 16.9057 38
      vertex 1.75 16.9057 84.5871
    endloop
  endfacet
  facet normal 0.146409 0.989224 4.15819e-07
    outer loop
      vertex 1.98432 16.871 84.9394
      vertex 1.75 16.9057 38
      vertex 1.87081 16.8878 84.75
    endloop
  endfacet
  facet normal 0.146687 0.989183 -1.00457e-06
    outer loop
      vertex 2.07873 16.857 85.139
      vertex 1.75 16.9057 38
      vertex 1.98432 16.871 84.9394
    endloop
  endfacet
  facet normal 0.1476 0.989047 -7.51063e-06
    outer loop
      vertex 2.15312 16.8459 85.3469
      vertex 1.75 16.9057 38
      vertex 2.07873 16.857 85.139
    endloop
  endfacet
  facet normal 0.145643 0.989337 9.524e-06
    outer loop
      vertex 2.20677 16.838 85.5611
      vertex 1.75 16.9057 38
      vertex 2.15312 16.8459 85.3469
    endloop
  endfacet
  facet normal 0.146544 0.989204 6.75383e-07
    outer loop
      vertex 2.23917 16.8332 85.7795
      vertex 1.75 16.9057 38
      vertex 2.20677 16.838 85.5611
    endloop
  endfacet
  facet normal 0.146837 0.989161 -2.38434e-06
    outer loop
      vertex 3.31653 16.6733 97.99
      vertex 1.75 16.9057 38
      vertex 2.23917 16.8332 85.7795
    endloop
  endfacet
  facet normal 0.146747 0.989174 -0
    outer loop
      vertex 3.31653 16.6733 8
      vertex 1.75 16.9057 38
      vertex 3.31653 16.6733 97.99
    endloop
  endfacet
  facet normal 0.146736 0.989176 -5.84068e-07
    outer loop
      vertex 1.66629 16.9181 8
      vertex 1.75 16.9057 38
      vertex 3.31653 16.6733 8
    endloop
  endfacet
  facet normal 0.146532 0.989206 0
    outer loop
      vertex 1.75 16.9057 38
      vertex 1.66629 16.9181 8
      vertex 1.66629 16.9181 38
    endloop
  endfacet
  facet normal -0.0490918 -0.998794 0
    outer loop
      vertex -1.66629 -16.9181 8
      vertex 0 -17 38
      vertex -1.66629 -16.9181 38
    endloop
  endfacet
  facet normal -0.0490918 -0.998794 -0
    outer loop
      vertex 0 -17 38
      vertex -1.66629 -16.9181 8
      vertex 0 -17 8
    endloop
  endfacet
  facet normal 0.0490918 -0.998794 0
    outer loop
      vertex 0 -17 8
      vertex 1.66629 -16.9181 38
      vertex 0 -17 38
    endloop
  endfacet
  facet normal 0.0490918 -0.998794 0
    outer loop
      vertex 1.66629 -16.9181 38
      vertex 0 -17 8
      vertex 1.66629 -16.9181 8
    endloop
  endfacet
  facet normal -0.941551 0.336872 0
    outer loop
      vertex -16.268 4.93484 8
      vertex -15.706 6.50562 97.99
      vertex -15.706 6.50562 8
    endloop
  endfacet
  facet normal -0.941551 0.336872 0
    outer loop
      vertex -15.706 6.50562 97.99
      vertex -16.268 4.93484 8
      vertex -16.268 4.93484 97.99
    endloop
  endfacet
  facet normal 0.242943 0.970041 -0
    outer loop
      vertex 4.93484 16.268 8
      vertex 3.31653 16.6733 97.99
      vertex 4.93484 16.268 97.99
    endloop
  endfacet
  facet normal 0.242943 0.970041 0
    outer loop
      vertex 3.31653 16.6733 97.99
      vertex 4.93484 16.268 8
      vertex 3.31653 16.6733 8
    endloop
  endfacet
  facet normal -0.970041 0.242943 0
    outer loop
      vertex -16.6733 3.31653 8
      vertex -16.268 4.93484 97.99
      vertex -16.268 4.93484 8
    endloop
  endfacet
  facet normal -0.970041 0.242943 0
    outer loop
      vertex -16.268 4.93484 97.99
      vertex -16.6733 3.31653 8
      vertex -16.6733 3.31653 97.99
    endloop
  endfacet
  facet normal 0.427561 0.903986 -0
    outer loop
      vertex 8.01374 14.9927 8
      vertex 6.50562 15.706 97.99
      vertex 8.01374 14.9927 97.99
    endloop
  endfacet
  facet normal 0.427561 0.903986 0
    outer loop
      vertex 6.50562 15.706 97.99
      vertex 8.01374 14.9927 8
      vertex 6.50562 15.706 8
    endloop
  endfacet
  facet normal -0.803213 0.595692 0
    outer loop
      vertex -14.135 9.44469 8
      vertex -13.1412 10.7847 97.99
      vertex -13.1412 10.7847 8
    endloop
  endfacet
  facet normal -0.803213 0.595692 0
    outer loop
      vertex -13.1412 10.7847 97.99
      vertex -14.135 9.44469 8
      vertex -14.135 9.44469 97.99
    endloop
  endfacet
  facet normal 0.903986 -0.427561 0
    outer loop
      vertex 14.9927 -8.01374 97.99
      vertex 15.706 -6.50562 8
      vertex 15.706 -6.50562 97.99
    endloop
  endfacet
  facet normal 0.903986 -0.427561 0
    outer loop
      vertex 15.706 -6.50562 8
      vertex 14.9927 -8.01374 97.99
      vertex 14.9927 -8.01374 8
    endloop
  endfacet
  facet normal 0.941551 0.336872 0
    outer loop
      vertex 16.268 4.93484 97.99
      vertex 15.706 6.50562 8
      vertex 15.706 6.50562 97.99
    endloop
  endfacet
  facet normal 0.941551 0.336872 0
    outer loop
      vertex 15.706 6.50562 8
      vertex 16.268 4.93484 97.99
      vertex 16.268 4.93484 8
    endloop
  endfacet
  facet normal -0.803213 -0.595692 0
    outer loop
      vertex -13.1412 -10.7847 8
      vertex -14.135 -9.44469 97.99
      vertex -14.135 -9.44469 8
    endloop
  endfacet
  facet normal -0.803213 -0.595692 0
    outer loop
      vertex -14.135 -9.44469 97.99
      vertex -13.1412 -10.7847 8
      vertex -13.1412 -10.7847 97.99
    endloop
  endfacet
  facet normal 0.0490918 0.998794 -0
    outer loop
      vertex 1.66629 16.9181 8
      vertex 0 17 38
      vertex 1.66629 16.9181 38
    endloop
  endfacet
  facet normal 0.0490918 0.998794 0
    outer loop
      vertex 0 17 38
      vertex 1.66629 16.9181 8
      vertex 0 17 8
    endloop
  endfacet
  facet normal 0.740932 -0.67158 0
    outer loop
      vertex 12.0208 -12.0208 97.99
      vertex 13.1412 -10.7847 8
      vertex 13.1412 -10.7847 97.99
    endloop
  endfacet
  facet normal 0.740932 -0.67158 0
    outer loop
      vertex 13.1412 -10.7847 8
      vertex 12.0208 -12.0208 97.99
      vertex 12.0208 -12.0208 8
    endloop
  endfacet
  facet normal -0.0490918 0.998794 0
    outer loop
      vertex 0 17 8
      vertex -1.66629 16.9181 38
      vertex 0 17 38
    endloop
  endfacet
  facet normal -0.0490918 0.998794 0
    outer loop
      vertex -1.66629 16.9181 38
      vertex 0 17 8
      vertex -1.66629 16.9181 8
    endloop
  endfacet
  facet normal 0.336872 0.941551 -0
    outer loop
      vertex 6.50562 15.706 8
      vertex 4.93484 16.268 97.99
      vertex 6.50562 15.706 97.99
    endloop
  endfacet
  facet normal 0.336872 0.941551 0
    outer loop
      vertex 4.93484 16.268 97.99
      vertex 6.50562 15.706 8
      vertex 4.93484 16.268 8
    endloop
  endfacet
  facet normal -0.998794 0.0490918 0
    outer loop
      vertex -17 0 8
      vertex -16.9181 1.66629 97.99
      vertex -16.9181 1.66629 8
    endloop
  endfacet
  facet normal -0.998794 0.0490918 0
    outer loop
      vertex -16.9181 1.66629 97.99
      vertex -17 0 8
      vertex -17 0 97.99
    endloop
  endfacet
  facet normal -0.146532 0.989206 0
    outer loop
      vertex -1.66629 16.9181 38
      vertex -1.66629 16.9181 8
      vertex -1.75 16.9057 38
    endloop
  endfacet
  facet normal -0.146747 0.989174 0
    outer loop
      vertex -1.75 16.9057 87.4129
      vertex -3.31653 16.6733 97.99
      vertex -1.75 16.9057 97.99
    endloop
  endfacet
  facet normal -0.146597 0.989196 2.28146e-05
    outer loop
      vertex -1.87081 16.8878 87.25
      vertex -3.31653 16.6733 97.99
      vertex -1.75 16.9057 87.4129
    endloop
  endfacet
  facet normal -0.146474 0.989214 3.96231e-05
    outer loop
      vertex -1.98432 16.871 87.0606
      vertex -3.31653 16.6733 97.99
      vertex -1.87081 16.8878 87.25
    endloop
  endfacet
  facet normal -0.146707 0.98918 1.06079e-05
    outer loop
      vertex -2.07873 16.857 86.861
      vertex -3.31653 16.6733 97.99
      vertex -1.98432 16.871 87.0606
    endloop
  endfacet
  facet normal -0.147395 0.989078 -6.75687e-05
    outer loop
      vertex -2.15312 16.8459 86.6531
      vertex -3.31653 16.6733 97.99
      vertex -2.07873 16.857 86.861
    endloop
  endfacet
  facet normal -0.145991 0.989286 7.967e-05
    outer loop
      vertex -2.20677 16.838 86.4389
      vertex -3.31653 16.6733 97.99
      vertex -2.15312 16.8459 86.6531
    endloop
  endfacet
  facet normal -0.146648 0.989189 1.51307e-05
    outer loop
      vertex -2.23917 16.8332 86.2205
      vertex -3.31653 16.6733 97.99
      vertex -2.20677 16.838 86.4389
    endloop
  endfacet
  facet normal -0.14658 0.989199 2.15199e-05
    outer loop
      vertex -2.25 16.8316 86
      vertex -3.31653 16.6733 97.99
      vertex -2.23917 16.8332 86.2205
    endloop
  endfacet
  facet normal -0.147637 0.989042 -7.45738e-05
    outer loop
      vertex -2.23917 16.8332 85.7795
      vertex -3.31653 16.6733 97.99
      vertex -2.25 16.8316 86
    endloop
  endfacet
  facet normal -0.146566 0.989201 0
    outer loop
      vertex -1.75 16.9057 38
      vertex -1.87081 16.8878 84.75
      vertex -1.75 16.9057 84.5871
    endloop
  endfacet
  facet normal -0.146409 0.989224 4.15819e-07
    outer loop
      vertex -1.75 16.9057 38
      vertex -1.98432 16.871 84.9394
      vertex -1.87081 16.8878 84.75
    endloop
  endfacet
  facet normal -0.146687 0.989183 -1.00457e-06
    outer loop
      vertex -1.75 16.9057 38
      vertex -2.07873 16.857 85.139
      vertex -1.98432 16.871 84.9394
    endloop
  endfacet
  facet normal -0.1476 0.989047 -7.51063e-06
    outer loop
      vertex -1.75 16.9057 38
      vertex -2.15312 16.8459 85.3469
      vertex -2.07873 16.857 85.139
    endloop
  endfacet
  facet normal -0.145643 0.989337 9.524e-06
    outer loop
      vertex -1.75 16.9057 38
      vertex -2.20677 16.838 85.5611
      vertex -2.15312 16.8459 85.3469
    endloop
  endfacet
  facet normal -0.146544 0.989204 6.75383e-07
    outer loop
      vertex -1.75 16.9057 38
      vertex -2.23917 16.8332 85.7795
      vertex -2.20677 16.838 85.5611
    endloop
  endfacet
  facet normal -0.146837 0.989161 -2.38434e-06
    outer loop
      vertex -1.75 16.9057 38
      vertex -3.31653 16.6733 97.99
      vertex -2.23917 16.8332 85.7795
    endloop
  endfacet
  facet normal -0.146736 0.989176 -5.84068e-07
    outer loop
      vertex -3.31653 16.6733 8
      vertex -1.75 16.9057 38
      vertex -1.66629 16.9181 8
    endloop
  endfacet
  facet normal -0.146747 0.989174 0
    outer loop
      vertex -1.75 16.9057 38
      vertex -3.31653 16.6733 8
      vertex -3.31653 16.6733 97.99
    endloop
  endfacet
  facet normal -0.989176 -0.146736 0
    outer loop
      vertex -16.6733 -3.31653 8
      vertex -16.9181 -1.66629 97.99
      vertex -16.9181 -1.66629 8
    endloop
  endfacet
  facet normal -0.989176 -0.146736 0
    outer loop
      vertex -16.9181 -1.66629 97.99
      vertex -16.6733 -3.31653 8
      vertex -16.6733 -3.31653 97.99
    endloop
  endfacet
  facet normal -0.903986 0.427561 0
    outer loop
      vertex -15.706 6.50562 8
      vertex -14.9927 8.01374 97.99
      vertex -14.9927 8.01374 8
    endloop
  endfacet
  facet normal -0.903986 0.427561 0
    outer loop
      vertex -14.9927 8.01374 97.99
      vertex -15.706 6.50562 8
      vertex -15.706 6.50562 97.99
    endloop
  endfacet
  facet normal 0.336872 -0.941551 0
    outer loop
      vertex 4.93484 -16.268 8
      vertex 6.50562 -15.706 97.99
      vertex 4.93484 -16.268 97.99
    endloop
  endfacet
  facet normal 0.336872 -0.941551 0
    outer loop
      vertex 6.50562 -15.706 97.99
      vertex 4.93484 -16.268 8
      vertex 6.50562 -15.706 8
    endloop
  endfacet
  facet normal 0.242943 -0.970041 0
    outer loop
      vertex 3.31653 -16.6733 8
      vertex 4.93484 -16.268 97.99
      vertex 3.31653 -16.6733 97.99
    endloop
  endfacet
  facet normal 0.242943 -0.970041 0
    outer loop
      vertex 4.93484 -16.268 97.99
      vertex 3.31653 -16.6733 8
      vertex 4.93484 -16.268 8
    endloop
  endfacet
  facet normal 0.803213 0.595692 0
    outer loop
      vertex 14.135 9.44469 97.99
      vertex 13.1412 10.7847 8
      vertex 13.1412 10.7847 97.99
    endloop
  endfacet
  facet normal 0.803213 0.595692 0
    outer loop
      vertex 13.1412 10.7847 8
      vertex 14.135 9.44469 97.99
      vertex 14.135 9.44469 8
    endloop
  endfacet
  facet normal -0.740932 -0.67158 0
    outer loop
      vertex -12.0208 -12.0208 8
      vertex -13.1412 -10.7847 97.99
      vertex -13.1412 -10.7847 8
    endloop
  endfacet
  facet normal -0.740932 -0.67158 0
    outer loop
      vertex -13.1412 -10.7847 97.99
      vertex -12.0208 -12.0208 8
      vertex -12.0208 -12.0208 97.99
    endloop
  endfacet
  facet normal 0.970041 -0.242943 0
    outer loop
      vertex 16.268 -4.93484 97.99
      vertex 16.6733 -3.31653 8
      vertex 16.6733 -3.31653 97.99
    endloop
  endfacet
  facet normal 0.970041 -0.242943 0
    outer loop
      vertex 16.6733 -3.31653 8
      vertex 16.268 -4.93484 97.99
      vertex 16.268 -4.93484 8
    endloop
  endfacet
  facet normal -0.67158 -0.740932 0
    outer loop
      vertex -12.0208 -12.0208 8
      vertex -10.7847 -13.1412 97.99
      vertex -12.0208 -12.0208 97.99
    endloop
  endfacet
  facet normal -0.67158 -0.740932 -0
    outer loop
      vertex -10.7847 -13.1412 97.99
      vertex -12.0208 -12.0208 8
      vertex -10.7847 -13.1412 8
    endloop
  endfacet
  facet normal -0.740932 0.67158 0
    outer loop
      vertex -13.1412 10.7847 8
      vertex -12.0208 12.0208 97.99
      vertex -12.0208 12.0208 8
    endloop
  endfacet
  facet normal -0.740932 0.67158 0
    outer loop
      vertex -12.0208 12.0208 97.99
      vertex -13.1412 10.7847 8
      vertex -13.1412 10.7847 97.99
    endloop
  endfacet
  facet normal -0.514112 -0.857723 0
    outer loop
      vertex -9.44469 -14.135 8
      vertex -8.01374 -14.9927 97.99
      vertex -9.44469 -14.135 97.99
    endloop
  endfacet
  facet normal -0.514112 -0.857723 -0
    outer loop
      vertex -8.01374 -14.9927 97.99
      vertex -9.44469 -14.135 8
      vertex -8.01374 -14.9927 8
    endloop
  endfacet
  facet normal -0.242943 -0.970041 0
    outer loop
      vertex -4.93484 -16.268 8
      vertex -3.31653 -16.6733 97.99
      vertex -4.93484 -16.268 97.99
    endloop
  endfacet
  facet normal -0.242943 -0.970041 -0
    outer loop
      vertex -3.31653 -16.6733 97.99
      vertex -4.93484 -16.268 8
      vertex -3.31653 -16.6733 8
    endloop
  endfacet
  facet normal -0.857723 -0.514112 0
    outer loop
      vertex -14.135 -9.44469 8
      vertex -14.9927 -8.01374 97.99
      vertex -14.9927 -8.01374 8
    endloop
  endfacet
  facet normal -0.857723 -0.514112 0
    outer loop
      vertex -14.9927 -8.01374 97.99
      vertex -14.135 -9.44469 8
      vertex -14.135 -9.44469 97.99
    endloop
  endfacet
  facet normal 0.67158 -0.740932 0
    outer loop
      vertex 10.7847 -13.1412 8
      vertex 12.0208 -12.0208 97.99
      vertex 10.7847 -13.1412 97.99
    endloop
  endfacet
  facet normal 0.67158 -0.740932 0
    outer loop
      vertex 12.0208 -12.0208 97.99
      vertex 10.7847 -13.1412 8
      vertex 12.0208 -12.0208 8
    endloop
  endfacet
  facet normal -0 0 1
    outer loop
      vertex -3.31653 16.6733 97.99
      vertex -1.75 10.3425 97.99
      vertex -1.75 16.9057 97.99
    endloop
  endfacet
  facet normal 0 0 1
    outer loop
      vertex -1.75 10.3425 97.99
      vertex -3.31653 16.6733 97.99
      vertex -2.04845 10.2982 97.99
    endloop
  endfacet
  facet normal 0 0 1
    outer loop
      vertex -2.04845 10.2982 97.99
      vertex -3.31653 16.6733 97.99
      vertex -3.04799 10.0479 97.99
    endloop
  endfacet
  facet normal -0 0 1
    outer loop
      vertex -4.93484 16.268 97.99
      vertex -3.04799 10.0479 97.99
      vertex -3.31653 16.6733 97.99
    endloop
  endfacet
  facet normal 0 0 1
    outer loop
      vertex -3.04799 10.0479 97.99
      vertex -4.93484 16.268 97.99
      vertex -4.01818 9.70073 97.99
    endloop
  endfacet
  facet normal -0 0 1
    outer loop
      vertex -6.50562 15.706 97.99
      vertex -4.01818 9.70073 97.99
      vertex -4.93484 16.268 97.99
    endloop
  endfacet
  facet normal 0 0 1
    outer loop
      vertex -4.01818 9.70073 97.99
      vertex -6.50562 15.706 97.99
      vertex -4.94967 9.26017 97.99
    endloop
  endfacet
  facet normal -0 0 1
    outer loop
      vertex -8.01374 14.9927 97.99
      vertex -4.94967 9.26017 97.99
      vertex -6.50562 15.706 97.99
    endloop
  endfacet
  facet normal 0 0 1
    outer loop
      vertex -4.94967 9.26017 97.99
      vertex -8.01374 14.9927 97.99
      vertex -5.83349 8.73043 97.99
    endloop
  endfacet
  facet normal -0 0 1
    outer loop
      vertex -9.44469 14.135 97.99
      vertex -5.83349 8.73043 97.99
      vertex -8.01374 14.9927 97.99
    endloop
  endfacet
  facet normal 0 0 1
    outer loop
      vertex -5.83349 8.73043 97.99
      vertex -9.44469 14.135 97.99
      vertex -6.66113 8.11661 97.99
    endloop
  endfacet
  facet normal -0 0 1
    outer loop
      vertex -10.7847 13.1412 97.99
      vertex -6.66113 8.11661 97.99
      vertex -9.44469 14.135 97.99
    endloop
  endfacet
  facet normal 0 0 1
    outer loop
      vertex -6.66113 8.11661 97.99
      vertex -10.7847 13.1412 97.99
      vertex -7.42462 7.42462 97.99
    endloop
  endfacet
  facet normal -0 0 1
    outer loop
      vertex -12.0208 12.0208 97.99
      vertex -7.42462 7.42462 97.99
      vertex -10.7847 13.1412 97.99
    endloop
  endfacet
  facet normal 0 0 1
    outer loop
      vertex -7.42462 7.42462 97.99
      vertex -12.0208 12.0208 97.99
      vertex -8.11661 6.66113 97.99
    endloop
  endfacet
  facet normal -0 0 1
    outer loop
      vertex -13.1412 10.7847 97.99
      vertex -8.11661 6.66113 97.99
      vertex -12.0208 12.0208 97.99
    endloop
  endfacet
  facet normal 0 0 1
    outer loop
      vertex -8.11661 6.66113 97.99
      vertex -13.1412 10.7847 97.99
      vertex -8.73043 5.83349 97.99
    endloop
  endfacet
  facet normal -0 0 1
    outer loop
      vertex -14.135 9.44469 97.99
      vertex -8.73043 5.83349 97.99
      vertex -13.1412 10.7847 97.99
    endloop
  endfacet
  facet normal 0 0 1
    outer loop
      vertex -8.73043 5.83349 97.99
      vertex -14.135 9.44469 97.99
      vertex -9.26017 4.94967 97.99
    endloop
  endfacet
  facet normal 0 0 1
    outer loop
      vertex -9.26017 4.94967 97.99
      vertex -14.9927 8.01374 97.99
      vertex -9.70073 4.01818 97.99
    endloop
  endfacet
  facet normal -0 0 1
    outer loop
      vertex -14.9927 8.01374 97.99
      vertex -9.26017 4.94967 97.99
      vertex -14.135 9.44469 97.99
    endloop
  endfacet
  facet normal 0 0 1
    outer loop
      vertex -3.31653 -16.6733 97.99
      vertex -1.75 -10.3425 97.99
      vertex -2.04845 -10.2982 97.99
    endloop
  endfacet
  facet normal 0 0 1
    outer loop
      vertex -3.31653 -16.6733 97.99
      vertex -2.04845 -10.2982 97.99
      vertex -3.04799 -10.0479 97.99
    endloop
  endfacet
  facet normal 0 0 1
    outer loop
      vertex -1.75 -10.3425 97.99
      vertex -3.31653 -16.6733 97.99
      vertex -1.75 -16.9057 97.99
    endloop
  endfacet
  facet normal 0 0 1
    outer loop
      vertex -4.93484 -16.268 97.99
      vertex -3.04799 -10.0479 97.99
      vertex -4.01818 -9.70073 97.99
    endloop
  endfacet
  facet normal 0 0 1
    outer loop
      vertex -3.04799 -10.0479 97.99
      vertex -4.93484 -16.268 97.99
      vertex -3.31653 -16.6733 97.99
    endloop
  endfacet
  facet normal 0 0 1
    outer loop
      vertex -6.50562 -15.706 97.99
      vertex -4.01818 -9.70073 97.99
      vertex -4.94967 -9.26017 97.99
    endloop
  endfacet
  facet normal 0 0 1
    outer loop
      vertex -8.01374 -14.9927 97.99
      vertex -4.94967 -9.26017 97.99
      vertex -5.83349 -8.73043 97.99
    endloop
  endfacet
  facet normal 0 0 1
    outer loop
      vertex -4.01818 -9.70073 97.99
      vertex -6.50562 -15.706 97.99
      vertex -4.93484 -16.268 97.99
    endloop
  endfacet
  facet normal 0 0 1
    outer loop
      vertex -9.44469 -14.135 97.99
      vertex -5.83349 -8.73043 97.99
      vertex -6.66113 -8.11661 97.99
    endloop
  endfacet
  facet normal 0 0 1
    outer loop
      vertex -10.7847 -13.1412 97.99
      vertex -6.66113 -8.11661 97.99
      vertex -7.42462 -7.42462 97.99
    endloop
  endfacet
  facet normal 0 0 1
    outer loop
      vertex -4.94967 -9.26017 97.99
      vertex -8.01374 -14.9927 97.99
      vertex -6.50562 -15.706 97.99
    endloop
  endfacet
  facet normal 0 0 1
    outer loop
      vertex -12.0208 -12.0208 97.99
      vertex -7.42462 -7.42462 97.99
      vertex -8.11661 -6.66113 97.99
    endloop
  endfacet
  facet normal 0 0 1
    outer loop
      vertex -13.1412 -10.7847 97.99
      vertex -8.11661 -6.66113 97.99
      vertex -8.73043 -5.83349 97.99
    endloop
  endfacet
  facet normal 0 0 1
    outer loop
      vertex -14.135 -9.44469 97.99
      vertex -8.73043 -5.83349 97.99
      vertex -9.26017 -4.94967 97.99
    endloop
  endfacet
  facet normal 0 0 1
    outer loop
      vertex -5.83349 -8.73043 97.99
      vertex -9.44469 -14.135 97.99
      vertex -8.01374 -14.9927 97.99
    endloop
  endfacet
  facet normal 0 0 1
    outer loop
      vertex -14.9927 -8.01374 97.99
      vertex -9.26017 -4.94967 97.99
      vertex -9.70073 -4.01818 97.99
    endloop
  endfacet
  facet normal 0 0 1
    outer loop
      vertex -15.706 -6.50562 97.99
      vertex -9.70073 -4.01818 97.99
      vertex -10.0479 -3.04799 97.99
    endloop
  endfacet
  facet normal 0 0 1
    outer loop
      vertex -16.268 -4.93484 97.99
      vertex -10.0479 -3.04799 97.99
      vertex -10.2982 -2.04845 97.99
    endloop
  endfacet
  facet normal 0 0 1
    outer loop
      vertex -16.6733 -3.31653 97.99
      vertex -10.2982 -2.04845 97.99
      vertex -10.4494 -1.02918 97.99
    endloop
  endfacet
  facet normal 0 0 1
    outer loop
      vertex -6.66113 -8.11661 97.99
      vertex -10.7847 -13.1412 97.99
      vertex -9.44469 -14.135 97.99
    endloop
  endfacet
  facet normal 0 0 1
    outer loop
      vertex -16.9181 -1.66629 97.99
      vertex -10.4494 -1.02918 97.99
      vertex -10.5 0 97.99
    endloop
  endfacet
  facet normal -0 0 1
    outer loop
      vertex -15.706 6.50562 97.99
      vertex -9.70073 4.01818 97.99
      vertex -14.9927 8.01374 97.99
    endloop
  endfacet
  facet normal 0 0 1
    outer loop
      vertex -9.70073 4.01818 97.99
      vertex -15.706 6.50562 97.99
      vertex -10.0479 3.04799 97.99
    endloop
  endfacet
  facet normal 0 0 1
    outer loop
      vertex -7.42462 -7.42462 97.99
      vertex -12.0208 -12.0208 97.99
      vertex -10.7847 -13.1412 97.99
    endloop
  endfacet
  facet normal -0 0 1
    outer loop
      vertex -16.268 4.93484 97.99
      vertex -10.0479 3.04799 97.99
      vertex -15.706 6.50562 97.99
    endloop
  endfacet
  facet normal 0 0 1
    outer loop
      vertex -8.11661 -6.66113 97.99
      vertex -13.1412 -10.7847 97.99
      vertex -12.0208 -12.0208 97.99
    endloop
  endfacet
  facet normal 0 0 1
    outer loop
      vertex -10.0479 3.04799 97.99
      vertex -16.268 4.93484 97.99
      vertex -10.2982 2.04845 97.99
    endloop
  endfacet
  facet normal 0 0 1
    outer loop
      vertex -8.73043 -5.83349 97.99
      vertex -14.135 -9.44469 97.99
      vertex -13.1412 -10.7847 97.99
    endloop
  endfacet
  facet normal -0 0 1
    outer loop
      vertex -16.6733 3.31653 97.99
      vertex -10.2982 2.04845 97.99
      vertex -16.268 4.93484 97.99
    endloop
  endfacet
  facet normal 0 0 1
    outer loop
      vertex -9.26017 -4.94967 97.99
      vertex -14.9927 -8.01374 97.99
      vertex -14.135 -9.44469 97.99
    endloop
  endfacet
  facet normal 0 0 1
    outer loop
      vertex -10.2982 2.04845 97.99
      vertex -16.6733 3.31653 97.99
      vertex -10.4494 1.02918 97.99
    endloop
  endfacet
  facet normal 0 0 1
    outer loop
      vertex -9.70073 -4.01818 97.99
      vertex -15.706 -6.50562 97.99
      vertex -14.9927 -8.01374 97.99
    endloop
  endfacet
  facet normal -0 0 1
    outer loop
      vertex -16.9181 1.66629 97.99
      vertex -10.4494 1.02918 97.99
      vertex -16.6733 3.31653 97.99
    endloop
  endfacet
  facet normal 0 0 1
    outer loop
      vertex -10.0479 -3.04799 97.99
      vertex -16.268 -4.93484 97.99
      vertex -15.706 -6.50562 97.99
    endloop
  endfacet
  facet normal 0 0 1
    outer loop
      vertex -10.4494 1.02918 97.99
      vertex -16.9181 1.66629 97.99
      vertex -10.5 0 97.99
    endloop
  endfacet
  facet normal 0 0 1
    outer loop
      vertex -10.2982 -2.04845 97.99
      vertex -16.6733 -3.31653 97.99
      vertex -16.268 -4.93484 97.99
    endloop
  endfacet
  facet normal 0 0 1
    outer loop
      vertex -17 0 97.99
      vertex -10.5 0 97.99
      vertex -16.9181 1.66629 97.99
    endloop
  endfacet
  facet normal 0 0 1
    outer loop
      vertex -10.4494 -1.02918 97.99
      vertex -16.9181 -1.66629 97.99
      vertex -16.6733 -3.31653 97.99
    endloop
  endfacet
  facet normal 0 0 1
    outer loop
      vertex -10.5 0 97.99
      vertex -17 0 97.99
      vertex -16.9181 -1.66629 97.99
    endloop
  endfacet
  facet normal 0 0 1
    outer loop
      vertex 10.5 0 97.99
      vertex 17 0 97.99
      vertex 16.9181 1.66629 97.99
    endloop
  endfacet
  facet normal 0 0 1
    outer loop
      vertex 10.4494 1.02918 97.99
      vertex 16.9181 1.66629 97.99
      vertex 16.6733 3.31653 97.99
    endloop
  endfacet
  facet normal 0 0 1
    outer loop
      vertex 17 0 97.99
      vertex 10.5 0 97.99
      vertex 16.9181 -1.66629 97.99
    endloop
  endfacet
  facet normal 0 0 1
    outer loop
      vertex 10.2982 2.04845 97.99
      vertex 16.6733 3.31653 97.99
      vertex 16.268 4.93484 97.99
    endloop
  endfacet
  facet normal -0 0 1
    outer loop
      vertex 10.4494 -1.02918 97.99
      vertex 16.9181 -1.66629 97.99
      vertex 10.5 0 97.99
    endloop
  endfacet
  facet normal 0 0 1
    outer loop
      vertex 10.0479 3.04799 97.99
      vertex 16.268 4.93484 97.99
      vertex 15.706 6.50562 97.99
    endloop
  endfacet
  facet normal 0 0 1
    outer loop
      vertex 16.9181 -1.66629 97.99
      vertex 10.4494 -1.02918 97.99
      vertex 16.6733 -3.31653 97.99
    endloop
  endfacet
  facet normal 0 0 1
    outer loop
      vertex 9.70073 4.01818 97.99
      vertex 15.706 6.50562 97.99
      vertex 14.9927 8.01374 97.99
    endloop
  endfacet
  facet normal -0 0 1
    outer loop
      vertex 10.2982 -2.04845 97.99
      vertex 16.6733 -3.31653 97.99
      vertex 10.4494 -1.02918 97.99
    endloop
  endfacet
  facet normal 0 0 1
    outer loop
      vertex 9.26017 4.94967 97.99
      vertex 14.9927 8.01374 97.99
      vertex 14.135 9.44469 97.99
    endloop
  endfacet
  facet normal 0 0 1
    outer loop
      vertex 16.6733 -3.31653 97.99
      vertex 10.2982 -2.04845 97.99
      vertex 16.268 -4.93484 97.99
    endloop
  endfacet
  facet normal 0 0 1
    outer loop
      vertex 8.73043 5.83349 97.99
      vertex 14.135 9.44469 97.99
      vertex 13.1412 10.7847 97.99
    endloop
  endfacet
  facet normal -0 0 1
    outer loop
      vertex 10.0479 -3.04799 97.99
      vertex 16.268 -4.93484 97.99
      vertex 10.2982 -2.04845 97.99
    endloop
  endfacet
  facet normal 0 0 1
    outer loop
      vertex 8.11661 6.66113 97.99
      vertex 13.1412 10.7847 97.99
      vertex 12.0208 12.0208 97.99
    endloop
  endfacet
  facet normal 0 0 1
    outer loop
      vertex 16.268 -4.93484 97.99
      vertex 10.0479 -3.04799 97.99
      vertex 15.706 -6.50562 97.99
    endloop
  endfacet
  facet normal 0 0 1
    outer loop
      vertex 7.42462 7.42462 97.99
      vertex 12.0208 12.0208 97.99
      vertex 10.7847 13.1412 97.99
    endloop
  endfacet
  facet normal -0 0 1
    outer loop
      vertex 9.70073 -4.01818 97.99
      vertex 15.706 -6.50562 97.99
      vertex 10.0479 -3.04799 97.99
    endloop
  endfacet
  facet normal 0 0 1
    outer loop
      vertex 15.706 -6.50562 97.99
      vertex 9.70073 -4.01818 97.99
      vertex 14.9927 -8.01374 97.99
    endloop
  endfacet
  facet normal 0 0 1
    outer loop
      vertex 16.9181 1.66629 97.99
      vertex 10.4494 1.02918 97.99
      vertex 10.5 0 97.99
    endloop
  endfacet
  facet normal 0 0 1
    outer loop
      vertex 16.6733 3.31653 97.99
      vertex 10.2982 2.04845 97.99
      vertex 10.4494 1.02918 97.99
    endloop
  endfacet
  facet normal 0 0 1
    outer loop
      vertex 16.268 4.93484 97.99
      vertex 10.0479 3.04799 97.99
      vertex 10.2982 2.04845 97.99
    endloop
  endfacet
  facet normal 0 0 1
    outer loop
      vertex 15.706 6.50562 97.99
      vertex 9.70073 4.01818 97.99
      vertex 10.0479 3.04799 97.99
    endloop
  endfacet
  facet normal 0 0 1
    outer loop
      vertex 6.66113 8.11661 97.99
      vertex 10.7847 13.1412 97.99
      vertex 9.44469 14.135 97.99
    endloop
  endfacet
  facet normal 0 0 1
    outer loop
      vertex 14.9927 8.01374 97.99
      vertex 9.26017 4.94967 97.99
      vertex 9.70073 4.01818 97.99
    endloop
  endfacet
  facet normal 0 0 1
    outer loop
      vertex 14.135 9.44469 97.99
      vertex 8.73043 5.83349 97.99
      vertex 9.26017 4.94967 97.99
    endloop
  endfacet
  facet normal 0 0 1
    outer loop
      vertex 13.1412 10.7847 97.99
      vertex 8.11661 6.66113 97.99
      vertex 8.73043 5.83349 97.99
    endloop
  endfacet
  facet normal 0 0 1
    outer loop
      vertex 5.83349 8.73043 97.99
      vertex 9.44469 14.135 97.99
      vertex 8.01374 14.9927 97.99
    endloop
  endfacet
  facet normal 0 0 1
    outer loop
      vertex 12.0208 12.0208 97.99
      vertex 7.42462 7.42462 97.99
      vertex 8.11661 6.66113 97.99
    endloop
  endfacet
  facet normal 0 0 1
    outer loop
      vertex 10.7847 13.1412 97.99
      vertex 6.66113 8.11661 97.99
      vertex 7.42462 7.42462 97.99
    endloop
  endfacet
  facet normal 0 0 1
    outer loop
      vertex 4.94967 9.26017 97.99
      vertex 8.01374 14.9927 97.99
      vertex 6.50562 15.706 97.99
    endloop
  endfacet
  facet normal 0 0 1
    outer loop
      vertex 9.44469 14.135 97.99
      vertex 5.83349 8.73043 97.99
      vertex 6.66113 8.11661 97.99
    endloop
  endfacet
  facet normal 0 0 1
    outer loop
      vertex 8.01374 14.9927 97.99
      vertex 4.94967 9.26017 97.99
      vertex 5.83349 8.73043 97.99
    endloop
  endfacet
  facet normal 0 0 1
    outer loop
      vertex 4.01818 9.70073 97.99
      vertex 6.50562 15.706 97.99
      vertex 4.93484 16.268 97.99
    endloop
  endfacet
  facet normal 0 0 1
    outer loop
      vertex 6.50562 15.706 97.99
      vertex 4.01818 9.70073 97.99
      vertex 4.94967 9.26017 97.99
    endloop
  endfacet
  facet normal 0 0 1
    outer loop
      vertex 3.04799 10.0479 97.99
      vertex 4.93484 16.268 97.99
      vertex 3.31653 16.6733 97.99
    endloop
  endfacet
  facet normal 0 0 1
    outer loop
      vertex 4.93484 16.268 97.99
      vertex 3.04799 10.0479 97.99
      vertex 4.01818 9.70073 97.99
    endloop
  endfacet
  facet normal 0 0 1
    outer loop
      vertex 3.31653 16.6733 97.99
      vertex 2.04845 10.2982 97.99
      vertex 3.04799 10.0479 97.99
    endloop
  endfacet
  facet normal 0 0 1
    outer loop
      vertex 1.75 10.3425 97.99
      vertex 3.31653 16.6733 97.99
      vertex 1.75 16.9057 97.99
    endloop
  endfacet
  facet normal 0 0 1
    outer loop
      vertex 3.31653 16.6733 97.99
      vertex 1.75 10.3425 97.99
      vertex 2.04845 10.2982 97.99
    endloop
  endfacet
  facet normal -0 0 1
    outer loop
      vertex 9.26017 -4.94967 97.99
      vertex 14.9927 -8.01374 97.99
      vertex 9.70073 -4.01818 97.99
    endloop
  endfacet
  facet normal 0 0 1
    outer loop
      vertex 14.9927 -8.01374 97.99
      vertex 9.26017 -4.94967 97.99
      vertex 14.135 -9.44469 97.99
    endloop
  endfacet
  facet normal -0 0 1
    outer loop
      vertex 8.73043 -5.83349 97.99
      vertex 14.135 -9.44469 97.99
      vertex 9.26017 -4.94967 97.99
    endloop
  endfacet
  facet normal 0 0 1
    outer loop
      vertex 14.135 -9.44469 97.99
      vertex 8.73043 -5.83349 97.99
      vertex 13.1412 -10.7847 97.99
    endloop
  endfacet
  facet normal -0 0 1
    outer loop
      vertex 8.11661 -6.66113 97.99
      vertex 13.1412 -10.7847 97.99
      vertex 8.73043 -5.83349 97.99
    endloop
  endfacet
  facet normal 0 0 1
    outer loop
      vertex 13.1412 -10.7847 97.99
      vertex 8.11661 -6.66113 97.99
      vertex 12.0208 -12.0208 97.99
    endloop
  endfacet
  facet normal -0 0 1
    outer loop
      vertex 7.42462 -7.42462 97.99
      vertex 12.0208 -12.0208 97.99
      vertex 8.11661 -6.66113 97.99
    endloop
  endfacet
  facet normal 0 0 1
    outer loop
      vertex 12.0208 -12.0208 97.99
      vertex 7.42462 -7.42462 97.99
      vertex 10.7847 -13.1412 97.99
    endloop
  endfacet
  facet normal -0 0 1
    outer loop
      vertex 6.66113 -8.11661 97.99
      vertex 10.7847 -13.1412 97.99
      vertex 7.42462 -7.42462 97.99
    endloop
  endfacet
  facet normal 0 0 1
    outer loop
      vertex 10.7847 -13.1412 97.99
      vertex 6.66113 -8.11661 97.99
      vertex 9.44469 -14.135 97.99
    endloop
  endfacet
  facet normal -0 0 1
    outer loop
      vertex 5.83349 -8.73043 97.99
      vertex 9.44469 -14.135 97.99
      vertex 6.66113 -8.11661 97.99
    endloop
  endfacet
  facet normal 0 0 1
    outer loop
      vertex 9.44469 -14.135 97.99
      vertex 5.83349 -8.73043 97.99
      vertex 8.01374 -14.9927 97.99
    endloop
  endfacet
  facet normal -0 0 1
    outer loop
      vertex 4.94967 -9.26017 97.99
      vertex 8.01374 -14.9927 97.99
      vertex 5.83349 -8.73043 97.99
    endloop
  endfacet
  facet normal 0 0 1
    outer loop
      vertex 8.01374 -14.9927 97.99
      vertex 4.94967 -9.26017 97.99
      vertex 6.50562 -15.706 97.99
    endloop
  endfacet
  facet normal -0 0 1
    outer loop
      vertex 4.01818 -9.70073 97.99
      vertex 6.50562 -15.706 97.99
      vertex 4.94967 -9.26017 97.99
    endloop
  endfacet
  facet normal 0 0 1
    outer loop
      vertex 6.50562 -15.706 97.99
      vertex 4.01818 -9.70073 97.99
      vertex 4.93484 -16.268 97.99
    endloop
  endfacet
  facet normal -0 0 1
    outer loop
      vertex 3.04799 -10.0479 97.99
      vertex 4.93484 -16.268 97.99
      vertex 4.01818 -9.70073 97.99
    endloop
  endfacet
  facet normal 0 0 1
    outer loop
      vertex 4.93484 -16.268 97.99
      vertex 3.04799 -10.0479 97.99
      vertex 3.31653 -16.6733 97.99
    endloop
  endfacet
  facet normal -0 0 1
    outer loop
      vertex 2.04845 -10.2982 97.99
      vertex 3.31653 -16.6733 97.99
      vertex 3.04799 -10.0479 97.99
    endloop
  endfacet
  facet normal -0 0 1
    outer loop
      vertex 1.75 -10.3425 97.99
      vertex 3.31653 -16.6733 97.99
      vertex 2.04845 -10.2982 97.99
    endloop
  endfacet
  facet normal 0 0 1
    outer loop
      vertex 3.31653 -16.6733 97.99
      vertex 1.75 -10.3425 97.99
      vertex 1.75 -16.9057 97.99
    endloop
  endfacet
  facet normal -0.989174 -0.146746 0
    outer loop
      vertex 30.5234 28.5048 0
      vertex 30.491 28.7232 3.5
      vertex 30.491 28.7232 0
    endloop
  endfacet
  facet normal -0.989174 -0.146746 0
    outer loop
      vertex 30.491 28.7232 3.5
      vertex 30.5234 28.5048 0
      vertex 30.5234 28.5048 3.5
    endloop
  endfacet
  facet normal -0.99878 -0.0493728 0
    outer loop
      vertex 30.5343 28.2843 0
      vertex 30.5234 28.5048 3.5
      vertex 30.5234 28.5048 0
    endloop
  endfacet
  facet normal -0.99878 -0.0493728 0
    outer loop
      vertex 30.5234 28.5048 3.5
      vertex 30.5343 28.2843 0
      vertex 30.5343 28.2843 3.5
    endloop
  endfacet
  facet normal -0.970089 -0.242749 0
    outer loop
      vertex 30.491 28.7232 0
      vertex 30.4374 28.9374 3.5
      vertex 30.4374 28.9374 0
    endloop
  endfacet
  facet normal -0.970089 -0.242749 0
    outer loop
      vertex 30.4374 28.9374 3.5
      vertex 30.491 28.7232 0
      vertex 30.491 28.7232 3.5
    endloop
  endfacet
  facet normal -0.336537 0.94167 0
    outer loop
      vertex 29.1453 26.2055 0
      vertex 28.9374 26.1312 3.5
      vertex 29.1453 26.2055 3.5
    endloop
  endfacet
  facet normal -0.336537 0.94167 0
    outer loop
      vertex 28.9374 26.1312 3.5
      vertex 29.1453 26.2055 0
      vertex 28.9374 26.1312 0
    endloop
  endfacet
  facet normal -0.671364 -0.741128 0
    outer loop
      vertex 29.7117 30.0235 0
      vertex 29.8753 29.8753 3.5
      vertex 29.7117 30.0235 3.5
    endloop
  endfacet
  facet normal -0.671364 -0.741128 -0
    outer loop
      vertex 29.8753 29.8753 3.5
      vertex 29.7117 30.0235 0
      vertex 29.8753 29.8753 0
    endloop
  endfacet
  facet normal 0.857573 -0.514363 0
    outer loop
      vertex 26.2999 29.3449 3.5
      vertex 26.4135 29.5343 0
      vertex 26.4135 29.5343 3.5
    endloop
  endfacet
  facet normal 0.857573 -0.514363 0
    outer loop
      vertex 26.4135 29.5343 0
      vertex 26.2999 29.3449 3.5
      vertex 26.2999 29.3449 0
    endloop
  endfacet
  facet normal 0.146746 0.989174 -0
    outer loop
      vertex 28.0637 26.0451 0
      vertex 27.8453 26.0775 3.5
      vertex 28.0637 26.0451 3.5
    endloop
  endfacet
  facet normal 0.146746 0.989174 0
    outer loop
      vertex 27.8453 26.0775 3.5
      vertex 28.0637 26.0451 0
      vertex 27.8453 26.0775 0
    endloop
  endfacet
  facet normal -0.941527 -0.336939 0
    outer loop
      vertex 30.4374 28.9374 0
      vertex 30.363 29.1453 3.5
      vertex 30.363 29.1453 0
    endloop
  endfacet
  facet normal -0.941527 -0.336939 0
    outer loop
      vertex 30.363 29.1453 3.5
      vertex 30.4374 28.9374 0
      vertex 30.4374 28.9374 3.5
    endloop
  endfacet
  facet normal 0.0493505 -0.998782 0
    outer loop
      vertex 28.0637 30.5234 0
      vertex 28.2843 30.5343 3.5
      vertex 28.0637 30.5234 3.5
    endloop
  endfacet
  facet normal 0.0493505 -0.998782 0
    outer loop
      vertex 28.2843 30.5343 3.5
      vertex 28.0637 30.5234 0
      vertex 28.2843 30.5343 0
    endloop
  endfacet
  facet normal -0.0489209 0.998803 0
    outer loop
      vertex 28.5048 26.0451 0
      vertex 28.2843 26.0343 3.5
      vertex 28.5048 26.0451 3.5
    endloop
  endfacet
  facet normal -0.0489209 0.998803 0
    outer loop
      vertex 28.2843 26.0343 3.5
      vertex 28.5048 26.0451 0
      vertex 28.2843 26.0343 0
    endloop
  endfacet
  facet normal 0.903996 0.427541 0
    outer loop
      vertex 26.2999 27.2236 3.5
      vertex 26.2055 27.4232 0
      vertex 26.2055 27.4232 3.5
    endloop
  endfacet
  facet normal 0.903996 0.427541 0
    outer loop
      vertex 26.2055 27.4232 0
      vertex 26.2999 27.2236 3.5
      vertex 26.2999 27.2236 0
    endloop
  endfacet
  facet normal 0.595715 0.803196 -0
    outer loop
      vertex 27.0342 26.4135 0
      vertex 26.8569 26.545 3.5
      vertex 27.0342 26.4135 3.5
    endloop
  endfacet
  facet normal 0.595715 0.803196 0
    outer loop
      vertex 26.8569 26.545 3.5
      vertex 27.0342 26.4135 0
      vertex 26.8569 26.545 0
    endloop
  endfacet
  facet normal 0.803357 -0.595498 0
    outer loop
      vertex 26.4135 29.5343 3.5
      vertex 26.545 29.7117 0
      vertex 26.545 29.7117 3.5
    endloop
  endfacet
  facet normal 0.803357 -0.595498 0
    outer loop
      vertex 26.545 29.7117 0
      vertex 26.4135 29.5343 3.5
      vertex 26.4135 29.5343 0
    endloop
  endfacet
  facet normal -0.970089 0.242749 0
    outer loop
      vertex 30.4374 27.6311 0
      vertex 30.491 27.8453 3.5
      vertex 30.491 27.8453 0
    endloop
  endfacet
  facet normal -0.970089 0.242749 0
    outer loop
      vertex 30.491 27.8453 3.5
      vertex 30.4374 27.6311 0
      vertex 30.4374 27.6311 3.5
    endloop
  endfacet
  facet normal -0.857773 -0.514029 0
    outer loop
      vertex 30.2686 29.3449 0
      vertex 30.1551 29.5343 3.5
      vertex 30.1551 29.5343 0
    endloop
  endfacet
  facet normal -0.857773 -0.514029 0
    outer loop
      vertex 30.1551 29.5343 3.5
      vertex 30.2686 29.3449 0
      vertex 30.2686 29.3449 3.5
    endloop
  endfacet
  facet normal 0.998804 0.0488988 0
    outer loop
      vertex 26.0451 28.0637 3.5
      vertex 26.0343 28.2843 0
      vertex 26.0343 28.2843 3.5
    endloop
  endfacet
  facet normal 0.998804 0.0488988 0
    outer loop
      vertex 26.0343 28.2843 0
      vertex 26.0451 28.0637 3.5
      vertex 26.0451 28.0637 0
    endloop
  endfacet
  facet normal -0.903996 -0.427541 0
    outer loop
      vertex 30.363 29.1453 0
      vertex 30.2686 29.3449 3.5
      vertex 30.2686 29.3449 0
    endloop
  endfacet
  facet normal -0.903996 -0.427541 0
    outer loop
      vertex 30.2686 29.3449 3.5
      vertex 30.363 29.1453 0
      vertex 30.363 29.1453 3.5
    endloop
  endfacet
  facet normal -0.941527 0.336939 0
    outer loop
      vertex 30.363 27.4232 0
      vertex 30.4374 27.6311 3.5
      vertex 30.4374 27.6311 0
    endloop
  endfacet
  facet normal -0.941527 0.336939 0
    outer loop
      vertex 30.4374 27.6311 3.5
      vertex 30.363 27.4232 0
      vertex 30.363 27.4232 3.5
    endloop
  endfacet
  facet normal 0.427541 0.903996 -0
    outer loop
      vertex 27.4232 26.2055 0
      vertex 27.2236 26.2999 3.5
      vertex 27.4232 26.2055 3.5
    endloop
  endfacet
  facet normal 0.427541 0.903996 0
    outer loop
      vertex 27.2236 26.2999 3.5
      vertex 27.4232 26.2055 0
      vertex 27.2236 26.2999 0
    endloop
  endfacet
  facet normal 0.969982 0.243175 0
    outer loop
      vertex 26.1312 27.6311 3.5
      vertex 26.0775 27.8453 0
      vertex 26.0775 27.8453 3.5
    endloop
  endfacet
  facet normal 0.969982 0.243175 0
    outer loop
      vertex 26.0775 27.8453 0
      vertex 26.1312 27.6311 3.5
      vertex 26.1312 27.6311 0
    endloop
  endfacet
  facet normal 0.740902 -0.671613 0
    outer loop
      vertex 26.545 29.7117 3.5
      vertex 26.6933 29.8753 0
      vertex 26.6933 29.8753 3.5
    endloop
  endfacet
  facet normal 0.740902 -0.671613 0
    outer loop
      vertex 26.6933 29.8753 0
      vertex 26.545 29.7117 3.5
      vertex 26.545 29.7117 0
    endloop
  endfacet
  facet normal 0.243175 0.969982 -0
    outer loop
      vertex 27.8453 26.0775 0
      vertex 27.6311 26.1312 3.5
      vertex 27.8453 26.0775 3.5
    endloop
  endfacet
  facet normal 0.243175 0.969982 0
    outer loop
      vertex 27.6311 26.1312 3.5
      vertex 27.8453 26.0775 0
      vertex 27.6311 26.1312 0
    endloop
  endfacet
  facet normal 0.514029 -0.857773 0
    outer loop
      vertex 27.0342 30.1551 0
      vertex 27.2236 30.2686 3.5
      vertex 27.0342 30.1551 3.5
    endloop
  endfacet
  facet normal 0.514029 -0.857773 0
    outer loop
      vertex 27.2236 30.2686 3.5
      vertex 27.0342 30.1551 0
      vertex 27.2236 30.2686 0
    endloop
  endfacet
  facet normal -0.80314 -0.59579 0
    outer loop
      vertex 30.1551 29.5343 0
      vertex 30.0235 29.7117 3.5
      vertex 30.0235 29.7117 0
    endloop
  endfacet
  facet normal -0.80314 -0.59579 0
    outer loop
      vertex 30.0235 29.7117 3.5
      vertex 30.1551 29.5343 0
      vertex 30.1551 29.5343 3.5
    endloop
  endfacet
  facet normal 0.146746 -0.989174 0
    outer loop
      vertex 27.8453 30.491 0
      vertex 28.0637 30.5234 3.5
      vertex 27.8453 30.491 3.5
    endloop
  endfacet
  facet normal 0.146746 -0.989174 0
    outer loop
      vertex 28.0637 30.5234 3.5
      vertex 27.8453 30.491 0
      vertex 28.0637 30.5234 0
    endloop
  endfacet
  facet normal -0.427541 0.903996 0
    outer loop
      vertex 29.3449 26.2999 0
      vertex 29.1453 26.2055 3.5
      vertex 29.3449 26.2999 3.5
    endloop
  endfacet
  facet normal -0.427541 0.903996 0
    outer loop
      vertex 29.1453 26.2055 3.5
      vertex 29.3449 26.2999 0
      vertex 29.1453 26.2055 0
    endloop
  endfacet
  facet normal 0.671364 -0.741128 0
    outer loop
      vertex 26.6933 29.8753 0
      vertex 26.8569 30.0235 3.5
      vertex 26.6933 29.8753 3.5
    endloop
  endfacet
  facet normal 0.671364 -0.741128 0
    outer loop
      vertex 26.8569 30.0235 3.5
      vertex 26.6933 29.8753 0
      vertex 26.8569 30.0235 0
    endloop
  endfacet
  facet normal -0.857773 0.514029 0
    outer loop
      vertex 30.1551 27.0342 0
      vertex 30.2686 27.2236 3.5
      vertex 30.2686 27.2236 0
    endloop
  endfacet
  facet normal -0.857773 0.514029 0
    outer loop
      vertex 30.2686 27.2236 3.5
      vertex 30.1551 27.0342 0
      vertex 30.1551 27.0342 3.5
    endloop
  endfacet
  facet normal 0.596007 -0.802979 0
    outer loop
      vertex 26.8569 30.0235 0
      vertex 27.0342 30.1551 3.5
      vertex 26.8569 30.0235 3.5
    endloop
  endfacet
  facet normal 0.596007 -0.802979 0
    outer loop
      vertex 27.0342 30.1551 3.5
      vertex 26.8569 30.0235 0
      vertex 27.0342 30.1551 0
    endloop
  endfacet
  facet normal -0.336939 -0.941527 0
    outer loop
      vertex 28.9374 30.4374 0
      vertex 29.1453 30.363 3.5
      vertex 28.9374 30.4374 3.5
    endloop
  endfacet
  facet normal -0.336939 -0.941527 -0
    outer loop
      vertex 29.1453 30.363 3.5
      vertex 28.9374 30.4374 0
      vertex 29.1453 30.363 0
    endloop
  endfacet
  facet normal -0.741128 -0.671364 0
    outer loop
      vertex 30.0235 29.7117 0
      vertex 29.8753 29.8753 3.5
      vertex 29.8753 29.8753 0
    endloop
  endfacet
  facet normal -0.741128 -0.671364 0
    outer loop
      vertex 29.8753 29.8753 3.5
      vertex 30.0235 29.7117 0
      vertex 30.0235 29.7117 3.5
    endloop
  endfacet
  facet normal -0.998782 0.0493505 0
    outer loop
      vertex 30.5234 28.0637 0
      vertex 30.5343 28.2843 3.5
      vertex 30.5343 28.2843 0
    endloop
  endfacet
  facet normal -0.998782 0.0493505 0
    outer loop
      vertex 30.5343 28.2843 3.5
      vertex 30.5234 28.0637 0
      vertex 30.5234 28.0637 3.5
    endloop
  endfacet
  facet normal 0.94167 0.336537 0
    outer loop
      vertex 26.2055 27.4232 3.5
      vertex 26.1312 27.6311 0
      vertex 26.1312 27.6311 3.5
    endloop
  endfacet
  facet normal 0.94167 0.336537 0
    outer loop
      vertex 26.1312 27.6311 0
      vertex 26.2055 27.4232 3.5
      vertex 26.2055 27.4232 0
    endloop
  endfacet
  facet normal -0.514029 -0.857773 0
    outer loop
      vertex 29.3449 30.2686 0
      vertex 29.5343 30.1551 3.5
      vertex 29.3449 30.2686 3.5
    endloop
  endfacet
  facet normal -0.514029 -0.857773 -0
    outer loop
      vertex 29.5343 30.1551 3.5
      vertex 29.3449 30.2686 0
      vertex 29.5343 30.1551 0
    endloop
  endfacet
  facet normal -0.59579 -0.80314 0
    outer loop
      vertex 29.5343 30.1551 0
      vertex 29.7117 30.0235 3.5
      vertex 29.5343 30.1551 3.5
    endloop
  endfacet
  facet normal -0.59579 -0.80314 -0
    outer loop
      vertex 29.7117 30.0235 3.5
      vertex 29.5343 30.1551 0
      vertex 29.7117 30.0235 0
    endloop
  endfacet
  facet normal -0.146746 0.989174 0
    outer loop
      vertex 28.7232 26.0775 0
      vertex 28.5048 26.0451 3.5
      vertex 28.7232 26.0775 3.5
    endloop
  endfacet
  facet normal -0.146746 0.989174 0
    outer loop
      vertex 28.5048 26.0451 3.5
      vertex 28.7232 26.0775 0
      vertex 28.5048 26.0451 0
    endloop
  endfacet
  facet normal -0.741128 0.671364 0
    outer loop
      vertex 29.8753 26.6933 0
      vertex 30.0235 26.8569 3.5
      vertex 30.0235 26.8569 0
    endloop
  endfacet
  facet normal -0.741128 0.671364 0
    outer loop
      vertex 30.0235 26.8569 3.5
      vertex 29.8753 26.6933 0
      vertex 29.8753 26.6933 3.5
    endloop
  endfacet
  facet normal -0.802979 0.596007 0
    outer loop
      vertex 30.0235 26.8569 0
      vertex 30.1551 27.0342 3.5
      vertex 30.1551 27.0342 0
    endloop
  endfacet
  facet normal -0.802979 0.596007 0
    outer loop
      vertex 30.1551 27.0342 3.5
      vertex 30.0235 26.8569 0
      vertex 30.0235 26.8569 3.5
    endloop
  endfacet
  facet normal -0.243175 0.969982 0
    outer loop
      vertex 28.9374 26.1312 0
      vertex 28.7232 26.0775 3.5
      vertex 28.9374 26.1312 3.5
    endloop
  endfacet
  facet normal -0.243175 0.969982 0
    outer loop
      vertex 28.7232 26.0775 3.5
      vertex 28.9374 26.1312 0
      vertex 28.7232 26.0775 0
    endloop
  endfacet
  facet normal -0.903996 0.427541 0
    outer loop
      vertex 30.2686 27.2236 0
      vertex 30.363 27.4232 3.5
      vertex 30.363 27.4232 0
    endloop
  endfacet
  facet normal -0.903996 0.427541 0
    outer loop
      vertex 30.363 27.4232 3.5
      vertex 30.2686 27.2236 0
      vertex 30.2686 27.2236 3.5
    endloop
  endfacet
  facet normal 0.242749 -0.970089 0
    outer loop
      vertex 27.6311 30.4374 0
      vertex 27.8453 30.491 3.5
      vertex 27.6311 30.4374 3.5
    endloop
  endfacet
  facet normal 0.242749 -0.970089 0
    outer loop
      vertex 27.8453 30.491 3.5
      vertex 27.6311 30.4374 0
      vertex 27.8453 30.491 0
    endloop
  endfacet
  facet normal 0.94167 -0.336537 0
    outer loop
      vertex 26.1312 28.9374 3.5
      vertex 26.2055 29.1453 0
      vertex 26.2055 29.1453 3.5
    endloop
  endfacet
  facet normal 0.94167 -0.336537 0
    outer loop
      vertex 26.2055 29.1453 0
      vertex 26.1312 28.9374 3.5
      vertex 26.1312 28.9374 0
    endloop
  endfacet
  facet normal 0.427541 -0.903996 0
    outer loop
      vertex 27.2236 30.2686 0
      vertex 27.4232 30.363 3.5
      vertex 27.2236 30.2686 3.5
    endloop
  endfacet
  facet normal 0.427541 -0.903996 0
    outer loop
      vertex 27.4232 30.363 3.5
      vertex 27.2236 30.2686 0
      vertex 27.4232 30.363 0
    endloop
  endfacet
  facet normal 0.989174 -0.146746 0
    outer loop
      vertex 26.0451 28.5048 3.5
      vertex 26.0775 28.7232 0
      vertex 26.0775 28.7232 3.5
    endloop
  endfacet
  facet normal 0.989174 -0.146746 0
    outer loop
      vertex 26.0775 28.7232 0
      vertex 26.0451 28.5048 3.5
      vertex 26.0451 28.5048 0
    endloop
  endfacet
  facet normal 0.969982 -0.243175 0
    outer loop
      vertex 26.0775 28.7232 3.5
      vertex 26.1312 28.9374 0
      vertex 26.1312 28.9374 3.5
    endloop
  endfacet
  facet normal 0.969982 -0.243175 0
    outer loop
      vertex 26.1312 28.9374 0
      vertex 26.0775 28.7232 3.5
      vertex 26.0775 28.7232 0
    endloop
  endfacet
  facet normal -0.427541 -0.903996 0
    outer loop
      vertex 29.1453 30.363 0
      vertex 29.3449 30.2686 3.5
      vertex 29.1453 30.363 3.5
    endloop
  endfacet
  facet normal -0.427541 -0.903996 -0
    outer loop
      vertex 29.3449 30.2686 3.5
      vertex 29.1453 30.363 0
      vertex 29.3449 30.2686 0
    endloop
  endfacet
  facet normal -0.989174 0.146746 0
    outer loop
      vertex 30.491 27.8453 0
      vertex 30.5234 28.0637 3.5
      vertex 30.5234 28.0637 0
    endloop
  endfacet
  facet normal -0.989174 0.146746 0
    outer loop
      vertex 30.5234 28.0637 3.5
      vertex 30.491 27.8453 0
      vertex 30.491 27.8453 3.5
    endloop
  endfacet
  facet normal -0.146746 -0.989174 0
    outer loop
      vertex 28.5048 30.5234 0
      vertex 28.7232 30.491 3.5
      vertex 28.5048 30.5234 3.5
    endloop
  endfacet
  facet normal -0.146746 -0.989174 -0
    outer loop
      vertex 28.7232 30.491 3.5
      vertex 28.5048 30.5234 0
      vertex 28.7232 30.491 0
    endloop
  endfacet
  facet normal -0.0493728 -0.99878 0
    outer loop
      vertex 28.2843 30.5343 0
      vertex 28.5048 30.5234 3.5
      vertex 28.2843 30.5343 3.5
    endloop
  endfacet
  facet normal -0.0493728 -0.99878 -0
    outer loop
      vertex 28.5048 30.5234 3.5
      vertex 28.2843 30.5343 0
      vertex 28.5048 30.5234 0
    endloop
  endfacet
  facet normal 0.740902 0.671613 0
    outer loop
      vertex 26.6933 26.6933 3.5
      vertex 26.545 26.8569 0
      vertex 26.545 26.8569 3.5
    endloop
  endfacet
  facet normal 0.740902 0.671613 0
    outer loop
      vertex 26.545 26.8569 0
      vertex 26.6933 26.6933 3.5
      vertex 26.6933 26.6933 0
    endloop
  endfacet
  facet normal 0.857573 0.514363 0
    outer loop
      vertex 26.4135 27.0342 3.5
      vertex 26.2999 27.2236 0
      vertex 26.2999 27.2236 3.5
    endloop
  endfacet
  facet normal 0.857573 0.514363 0
    outer loop
      vertex 26.2999 27.2236 0
      vertex 26.4135 27.0342 3.5
      vertex 26.4135 27.0342 0
    endloop
  endfacet
  facet normal 0.336939 -0.941527 0
    outer loop
      vertex 27.4232 30.363 0
      vertex 27.6311 30.4374 3.5
      vertex 27.4232 30.363 3.5
    endloop
  endfacet
  facet normal 0.336939 -0.941527 0
    outer loop
      vertex 27.6311 30.4374 3.5
      vertex 27.4232 30.363 0
      vertex 27.6311 30.4374 0
    endloop
  endfacet
  facet normal 0.514363 0.857573 -0
    outer loop
      vertex 27.2236 26.2999 0
      vertex 27.0342 26.4135 3.5
      vertex 27.2236 26.2999 3.5
    endloop
  endfacet
  facet normal 0.514363 0.857573 0
    outer loop
      vertex 27.0342 26.4135 3.5
      vertex 27.2236 26.2999 0
      vertex 27.0342 26.4135 0
    endloop
  endfacet
  facet normal -0.595498 0.803357 0
    outer loop
      vertex 29.7117 26.545 0
      vertex 29.5343 26.4135 3.5
      vertex 29.7117 26.545 3.5
    endloop
  endfacet
  facet normal -0.595498 0.803357 0
    outer loop
      vertex 29.5343 26.4135 3.5
      vertex 29.7117 26.545 0
      vertex 29.5343 26.4135 0
    endloop
  endfacet
  facet normal 0.336537 0.94167 -0
    outer loop
      vertex 27.6311 26.1312 0
      vertex 27.4232 26.2055 3.5
      vertex 27.6311 26.1312 3.5
    endloop
  endfacet
  facet normal 0.336537 0.94167 0
    outer loop
      vertex 27.4232 26.2055 3.5
      vertex 27.6311 26.1312 0
      vertex 27.4232 26.2055 0
    endloop
  endfacet
  facet normal 0.803196 0.595715 0
    outer loop
      vertex 26.545 26.8569 3.5
      vertex 26.4135 27.0342 0
      vertex 26.4135 27.0342 3.5
    endloop
  endfacet
  facet normal 0.803196 0.595715 0
    outer loop
      vertex 26.4135 27.0342 0
      vertex 26.545 26.8569 3.5
      vertex 26.545 26.8569 0
    endloop
  endfacet
  facet normal 0.903996 -0.427541 0
    outer loop
      vertex 26.2055 29.1453 3.5
      vertex 26.2999 29.3449 0
      vertex 26.2999 29.3449 3.5
    endloop
  endfacet
  facet normal 0.903996 -0.427541 0
    outer loop
      vertex 26.2999 29.3449 0
      vertex 26.2055 29.1453 3.5
      vertex 26.2055 29.1453 0
    endloop
  endfacet
  facet normal 0.989174 0.146746 0
    outer loop
      vertex 26.0775 27.8453 3.5
      vertex 26.0451 28.0637 0
      vertex 26.0451 28.0637 3.5
    endloop
  endfacet
  facet normal 0.989174 0.146746 0
    outer loop
      vertex 26.0451 28.0637 0
      vertex 26.0775 27.8453 3.5
      vertex 26.0775 27.8453 0
    endloop
  endfacet
  facet normal -0.242749 -0.970089 0
    outer loop
      vertex 28.7232 30.491 0
      vertex 28.9374 30.4374 3.5
      vertex 28.7232 30.491 3.5
    endloop
  endfacet
  facet normal -0.242749 -0.970089 -0
    outer loop
      vertex 28.9374 30.4374 3.5
      vertex 28.7232 30.491 0
      vertex 28.9374 30.4374 0
    endloop
  endfacet
  facet normal -0.514363 0.857573 0
    outer loop
      vertex 29.5343 26.4135 0
      vertex 29.3449 26.2999 3.5
      vertex 29.5343 26.4135 3.5
    endloop
  endfacet
  facet normal -0.514363 0.857573 0
    outer loop
      vertex 29.3449 26.2999 3.5
      vertex 29.5343 26.4135 0
      vertex 29.3449 26.2999 0
    endloop
  endfacet
  facet normal 0.671613 0.740902 -0
    outer loop
      vertex 26.8569 26.545 0
      vertex 26.6933 26.6933 3.5
      vertex 26.8569 26.545 3.5
    endloop
  endfacet
  facet normal 0.671613 0.740902 0
    outer loop
      vertex 26.6933 26.6933 3.5
      vertex 26.8569 26.545 0
      vertex 26.6933 26.6933 0
    endloop
  endfacet
  facet normal 0.0488988 0.998804 -0
    outer loop
      vertex 28.2843 26.0343 0
      vertex 28.0637 26.0451 3.5
      vertex 28.2843 26.0343 3.5
    endloop
  endfacet
  facet normal 0.0488988 0.998804 0
    outer loop
      vertex 28.0637 26.0451 3.5
      vertex 28.2843 26.0343 0
      vertex 28.0637 26.0451 0
    endloop
  endfacet
  facet normal 0.998803 -0.0489209 0
    outer loop
      vertex 26.0343 28.2843 3.5
      vertex 26.0451 28.5048 0
      vertex 26.0451 28.5048 3.5
    endloop
  endfacet
  facet normal 0.998803 -0.0489209 0
    outer loop
      vertex 26.0451 28.5048 0
      vertex 26.0343 28.2843 3.5
      vertex 26.0343 28.2843 0
    endloop
  endfacet
  facet normal -0.671613 0.740902 0
    outer loop
      vertex 29.8753 26.6933 0
      vertex 29.7117 26.545 3.5
      vertex 29.8753 26.6933 3.5
    endloop
  endfacet
  facet normal -0.671613 0.740902 0
    outer loop
      vertex 29.7117 26.545 3.5
      vertex 29.8753 26.6933 0
      vertex 29.7117 26.545 0
    endloop
  endfacet
  facet normal -0.740929 -0.671583 0
    outer loop
      vertex 31.4536 30.8853 3.5
      vertex 31.1834 31.1834 8
      vertex 31.1834 31.1834 3.5
    endloop
  endfacet
  facet normal -0.740929 -0.671583 0
    outer loop
      vertex 31.1834 31.1834 8
      vertex 31.4536 30.8853 3.5
      vertex 31.4536 30.8853 8
    endloop
  endfacet
  facet normal -0.98919 -0.146639 0
    outer loop
      vertex 32.3645 28.6861 3.5
      vertex 32.3055 29.0841 8
      vertex 32.3055 29.0841 3.5
    endloop
  endfacet
  facet normal -0.98919 -0.146639 0
    outer loop
      vertex 32.3055 29.0841 8
      vertex 32.3645 28.6861 3.5
      vertex 32.3645 28.6861 8
    endloop
  endfacet
  facet normal -0.998788 -0.0492185 0
    outer loop
      vertex 32.3843 28.2843 3.5
      vertex 32.3645 28.6861 8
      vertex 32.3645 28.6861 3.5
    endloop
  endfacet
  facet normal -0.998788 -0.0492185 0
    outer loop
      vertex 32.3645 28.6861 8
      vertex 32.3843 28.2843 3.5
      vertex 32.3843 28.2843 8
    endloop
  endfacet
  facet normal -0.970011 -0.243062 0
    outer loop
      vertex 32.3055 29.0841 3.5
      vertex 32.2077 29.4744 8
      vertex 32.2077 29.4744 3.5
    endloop
  endfacet
  facet normal -0.970011 -0.243062 0
    outer loop
      vertex 32.2077 29.4744 8
      vertex 32.3055 29.0841 3.5
      vertex 32.3055 29.0841 8
    endloop
  endfacet
  facet normal -0.33695 0.941522 0
    outer loop
      vertex 29.8533 24.4964 3.5
      vertex 29.4744 24.3608 8
      vertex 29.8533 24.4964 8
    endloop
  endfacet
  facet normal -0.33695 0.941522 0
    outer loop
      vertex 29.4744 24.3608 8
      vertex 29.8533 24.4964 3.5
      vertex 29.4744 24.3608 3.5
    endloop
  endfacet
  facet normal -0.857778 -0.51402 0
    outer loop
      vertex 31.9001 30.217 3.5
      vertex 31.6933 30.5621 8
      vertex 31.6933 30.5621 3.5
    endloop
  endfacet
  facet normal -0.857778 -0.51402 0
    outer loop
      vertex 31.6933 30.5621 8
      vertex 31.9001 30.217 3.5
      vertex 31.9001 30.217 8
    endloop
  endfacet
  facet normal -0.941601 -0.33673 0
    outer loop
      vertex 32.2077 29.4744 3.5
      vertex 32.0722 29.8533 8
      vertex 32.0722 29.8533 3.5
    endloop
  endfacet
  facet normal -0.941601 -0.33673 0
    outer loop
      vertex 32.0722 29.8533 8
      vertex 32.2077 29.4744 3.5
      vertex 32.2077 29.4744 8
    endloop
  endfacet
  facet normal -0.243062 -0.970011 0
    outer loop
      vertex 29.0841 32.3055 3.5
      vertex 29.4744 32.2077 8
      vertex 29.0841 32.3055 8
    endloop
  endfacet
  facet normal -0.243062 -0.970011 -0
    outer loop
      vertex 29.4744 32.2077 8
      vertex 29.0841 32.3055 3.5
      vertex 29.4744 32.2077 3.5
    endloop
  endfacet
  facet normal 0.740929 -0.671583 0
    outer loop
      vertex 25.1149 30.8853 8
      vertex 25.3851 31.1834 3.5
      vertex 25.3851 31.1834 8
    endloop
  endfacet
  facet normal 0.740929 -0.671583 0
    outer loop
      vertex 25.3851 31.1834 3.5
      vertex 25.1149 30.8853 8
      vertex 25.1149 30.8853 3.5
    endloop
  endfacet
  facet normal -0.0489705 0.9988 0
    outer loop
      vertex 28.6861 24.204 3.5
      vertex 28.2843 24.1843 8
      vertex 28.6861 24.204 8
    endloop
  endfacet
  facet normal -0.0489705 0.9988 0
    outer loop
      vertex 28.2843 24.1843 8
      vertex 28.6861 24.204 3.5
      vertex 28.2843 24.1843 3.5
    endloop
  endfacet
  facet normal -0.427723 -0.90391 0
    outer loop
      vertex 29.8533 32.0722 3.5
      vertex 30.217 31.9001 8
      vertex 29.8533 32.0722 8
    endloop
  endfacet
  facet normal -0.427723 -0.90391 -0
    outer loop
      vertex 30.217 31.9001 8
      vertex 29.8533 32.0722 3.5
      vertex 30.217 31.9001 3.5
    endloop
  endfacet
  facet normal -0.671583 -0.740929 0
    outer loop
      vertex 30.8853 31.4536 3.5
      vertex 31.1834 31.1834 8
      vertex 30.8853 31.4536 8
    endloop
  endfacet
  facet normal -0.671583 -0.740929 -0
    outer loop
      vertex 31.1834 31.1834 8
      vertex 30.8853 31.4536 3.5
      vertex 31.1834 31.1834 3.5
    endloop
  endfacet
  facet normal 0.595816 0.803121 -0
    outer loop
      vertex 26.0064 24.8752 3.5
      vertex 25.6833 25.1149 8
      vertex 26.0064 24.8752 8
    endloop
  endfacet
  facet normal 0.595816 0.803121 0
    outer loop
      vertex 25.6833 25.1149 8
      vertex 26.0064 24.8752 3.5
      vertex 25.6833 25.1149 3.5
    endloop
  endfacet
  facet normal -0.242828 0.970069 0
    outer loop
      vertex 29.4744 24.3608 3.5
      vertex 29.0841 24.2631 8
      vertex 29.4744 24.3608 8
    endloop
  endfacet
  facet normal -0.242828 0.970069 0
    outer loop
      vertex 29.0841 24.2631 8
      vertex 29.4744 24.3608 3.5
      vertex 29.0841 24.2631 3.5
    endloop
  endfacet
  facet normal -0.98919 0.146639 0
    outer loop
      vertex 32.3055 27.4844 3.5
      vertex 32.3645 27.8824 8
      vertex 32.3645 27.8824 3.5
    endloop
  endfacet
  facet normal -0.98919 0.146639 0
    outer loop
      vertex 32.3645 27.8824 8
      vertex 32.3055 27.4844 3.5
      vertex 32.3055 27.4844 8
    endloop
  endfacet
  facet normal -0.51402 0.857778 0
    outer loop
      vertex 30.5621 24.8752 3.5
      vertex 30.217 24.6684 8
      vertex 30.5621 24.8752 8
    endloop
  endfacet
  facet normal -0.51402 0.857778 0
    outer loop
      vertex 30.217 24.6684 8
      vertex 30.5621 24.8752 3.5
      vertex 30.217 24.6684 3.5
    endloop
  endfacet
  facet normal 0.242828 0.970069 -0
    outer loop
      vertex 27.4844 24.2631 3.5
      vertex 27.0941 24.3608 8
      vertex 27.4844 24.2631 8
    endloop
  endfacet
  facet normal 0.242828 0.970069 0
    outer loop
      vertex 27.0941 24.3608 8
      vertex 27.4844 24.2631 3.5
      vertex 27.0941 24.3608 3.5
    endloop
  endfacet
  facet normal 0.595816 -0.803121 0
    outer loop
      vertex 25.6833 31.4536 3.5
      vertex 26.0064 31.6933 8
      vertex 25.6833 31.4536 8
    endloop
  endfacet
  facet normal 0.595816 -0.803121 0
    outer loop
      vertex 26.0064 31.6933 8
      vertex 25.6833 31.4536 3.5
      vertex 26.0064 31.6933 3.5
    endloop
  endfacet
  facet normal 0.998801 0.0489584 0
    outer loop
      vertex 24.204 27.8824 8
      vertex 24.1843 28.2843 3.5
      vertex 24.1843 28.2843 8
    endloop
  endfacet
  facet normal 0.998801 0.0489584 0
    outer loop
      vertex 24.1843 28.2843 3.5
      vertex 24.204 27.8824 8
      vertex 24.204 27.8824 3.5
    endloop
  endfacet
  facet normal 0.970069 0.242828 0
    outer loop
      vertex 24.3608 27.0941 8
      vertex 24.2631 27.4844 3.5
      vertex 24.2631 27.4844 8
    endloop
  endfacet
  facet normal 0.970069 0.242828 0
    outer loop
      vertex 24.2631 27.4844 3.5
      vertex 24.3608 27.0941 8
      vertex 24.3608 27.0941 3.5
    endloop
  endfacet
  facet normal -0.970011 0.243062 0
    outer loop
      vertex 32.2077 27.0941 3.5
      vertex 32.3055 27.4844 8
      vertex 32.3055 27.4844 3.5
    endloop
  endfacet
  facet normal -0.970011 0.243062 0
    outer loop
      vertex 32.3055 27.4844 8
      vertex 32.2077 27.0941 3.5
      vertex 32.2077 27.0941 8
    endloop
  endfacet
  facet normal 0.51402 -0.857778 0
    outer loop
      vertex 26.0064 31.6933 3.5
      vertex 26.3515 31.9001 8
      vertex 26.0064 31.6933 8
    endloop
  endfacet
  facet normal 0.51402 -0.857778 0
    outer loop
      vertex 26.3515 31.9001 8
      vertex 26.0064 31.6933 3.5
      vertex 26.3515 31.9001 3.5
    endloop
  endfacet
  facet normal -0.595697 -0.803209 0
    outer loop
      vertex 30.5621 31.6933 3.5
      vertex 30.8853 31.4536 8
      vertex 30.5621 31.6933 8
    endloop
  endfacet
  facet normal -0.595697 -0.803209 -0
    outer loop
      vertex 30.8853 31.4536 8
      vertex 30.5621 31.6933 3.5
      vertex 30.8853 31.4536 3.5
    endloop
  endfacet
  facet normal 0.904051 0.427424 0
    outer loop
      vertex 24.6684 26.3515 8
      vertex 24.4964 26.7153 3.5
      vertex 24.4964 26.7153 8
    endloop
  endfacet
  facet normal 0.904051 0.427424 0
    outer loop
      vertex 24.4964 26.7153 3.5
      vertex 24.6684 26.3515 8
      vertex 24.6684 26.3515 3.5
    endloop
  endfacet
  facet normal -0.941573 0.336809 0
    outer loop
      vertex 32.0722 26.7153 3.5
      vertex 32.2077 27.0941 8
      vertex 32.2077 27.0941 3.5
    endloop
  endfacet
  facet normal -0.941573 0.336809 0
    outer loop
      vertex 32.2077 27.0941 8
      vertex 32.0722 26.7153 3.5
      vertex 32.0722 26.7153 8
    endloop
  endfacet
  facet normal -0.146639 -0.98919 0
    outer loop
      vertex 28.6861 32.3645 3.5
      vertex 29.0841 32.3055 8
      vertex 28.6861 32.3645 8
    endloop
  endfacet
  facet normal -0.146639 -0.98919 -0
    outer loop
      vertex 29.0841 32.3055 8
      vertex 28.6861 32.3645 3.5
      vertex 29.0841 32.3055 3.5
    endloop
  endfacet
  facet normal 0.427627 -0.903955 0
    outer loop
      vertex 26.3515 31.9001 3.5
      vertex 26.7153 32.0722 8
      vertex 26.3515 31.9001 8
    endloop
  endfacet
  facet normal 0.427627 -0.903955 0
    outer loop
      vertex 26.7153 32.0722 8
      vertex 26.3515 31.9001 3.5
      vertex 26.7153 32.0722 3.5
    endloop
  endfacet
  facet normal -0.51402 -0.857778 0
    outer loop
      vertex 30.217 31.9001 3.5
      vertex 30.5621 31.6933 8
      vertex 30.217 31.9001 8
    endloop
  endfacet
  facet normal -0.51402 -0.857778 -0
    outer loop
      vertex 30.5621 31.6933 8
      vertex 30.217 31.9001 3.5
      vertex 30.5621 31.6933 3.5
    endloop
  endfacet
  facet normal -0.42752 0.904006 0
    outer loop
      vertex 30.217 24.6684 3.5
      vertex 29.8533 24.4964 8
      vertex 30.217 24.6684 8
    endloop
  endfacet
  facet normal -0.42752 0.904006 0
    outer loop
      vertex 29.8533 24.4964 8
      vertex 30.217 24.6684 3.5
      vertex 29.8533 24.4964 3.5
    endloop
  endfacet
  facet normal 0.941494 0.337029 0
    outer loop
      vertex 24.4964 26.7153 8
      vertex 24.3608 27.0941 3.5
      vertex 24.3608 27.0941 8
    endloop
  endfacet
  facet normal 0.941494 0.337029 0
    outer loop
      vertex 24.3608 27.0941 3.5
      vertex 24.4964 26.7153 8
      vertex 24.4964 26.7153 3.5
    endloop
  endfacet
  facet normal -0.857778 0.51402 0
    outer loop
      vertex 31.6933 26.0064 3.5
      vertex 31.9001 26.3515 8
      vertex 31.9001 26.3515 3.5
    endloop
  endfacet
  facet normal -0.857778 0.51402 0
    outer loop
      vertex 31.9001 26.3515 8
      vertex 31.6933 26.0064 3.5
      vertex 31.6933 26.0064 8
    endloop
  endfacet
  facet normal -0.903955 0.427627 0
    outer loop
      vertex 31.9001 26.3515 3.5
      vertex 32.0722 26.7153 8
      vertex 32.0722 26.7153 3.5
    endloop
  endfacet
  facet normal -0.903955 0.427627 0
    outer loop
      vertex 32.0722 26.7153 8
      vertex 31.9001 26.3515 3.5
      vertex 31.9001 26.3515 8
    endloop
  endfacet
  facet normal -0.998789 0.0492063 0
    outer loop
      vertex 32.3645 27.8824 3.5
      vertex 32.3843 28.2843 8
      vertex 32.3843 28.2843 3.5
    endloop
  endfacet
  facet normal -0.998789 0.0492063 0
    outer loop
      vertex 32.3843 28.2843 8
      vertex 32.3645 27.8824 3.5
      vertex 32.3645 27.8824 8
    endloop
  endfacet
  facet normal 0.146639 -0.98919 0
    outer loop
      vertex 27.4844 32.3055 3.5
      vertex 27.8824 32.3645 8
      vertex 27.4844 32.3055 8
    endloop
  endfacet
  facet normal 0.146639 -0.98919 0
    outer loop
      vertex 27.8824 32.3645 8
      vertex 27.4844 32.3055 3.5
      vertex 27.8824 32.3645 3.5
    endloop
  endfacet
  facet normal -0.146882 0.989154 0
    outer loop
      vertex 29.0841 24.2631 3.5
      vertex 28.6861 24.204 8
      vertex 29.0841 24.2631 8
    endloop
  endfacet
  facet normal -0.146882 0.989154 0
    outer loop
      vertex 28.6861 24.204 8
      vertex 29.0841 24.2631 3.5
      vertex 28.6861 24.204 3.5
    endloop
  endfacet
  facet normal -0.741041 0.67146 0
    outer loop
      vertex 31.1834 25.3851 3.5
      vertex 31.4536 25.6833 8
      vertex 31.4536 25.6833 3.5
    endloop
  endfacet
  facet normal -0.741041 0.67146 0
    outer loop
      vertex 31.4536 25.6833 8
      vertex 31.1834 25.3851 3.5
      vertex 31.1834 25.3851 8
    endloop
  endfacet
  facet normal -0.803121 0.595816 0
    outer loop
      vertex 31.4536 25.6833 3.5
      vertex 31.6933 26.0064 8
      vertex 31.6933 26.0064 3.5
    endloop
  endfacet
  facet normal -0.803121 0.595816 0
    outer loop
      vertex 31.6933 26.0064 8
      vertex 31.4536 25.6833 3.5
      vertex 31.4536 25.6833 8
    endloop
  endfacet
  facet normal 0.243062 -0.970011 0
    outer loop
      vertex 27.0941 32.2077 3.5
      vertex 27.4844 32.3055 8
      vertex 27.0941 32.2077 8
    endloop
  endfacet
  facet normal 0.243062 -0.970011 0
    outer loop
      vertex 27.4844 32.3055 8
      vertex 27.0941 32.2077 3.5
      vertex 27.4844 32.3055 3.5
    endloop
  endfacet
  facet normal -0.803209 -0.595697 0
    outer loop
      vertex 31.6933 30.5621 3.5
      vertex 31.4536 30.8853 8
      vertex 31.4536 30.8853 3.5
    endloop
  endfacet
  facet normal -0.803209 -0.595697 0
    outer loop
      vertex 31.4536 30.8853 8
      vertex 31.6933 30.5621 3.5
      vertex 31.6933 30.5621 8
    endloop
  endfacet
  facet normal -0.0492185 -0.998788 0
    outer loop
      vertex 28.2843 32.3843 3.5
      vertex 28.6861 32.3645 8
      vertex 28.2843 32.3843 8
    endloop
  endfacet
  facet normal -0.0492185 -0.998788 -0
    outer loop
      vertex 28.6861 32.3645 8
      vertex 28.2843 32.3843 3.5
      vertex 28.6861 32.3645 3.5
    endloop
  endfacet
  facet normal -0.90391 -0.427723 0
    outer loop
      vertex 32.0722 29.8533 3.5
      vertex 31.9001 30.217 8
      vertex 31.9001 30.217 3.5
    endloop
  endfacet
  facet normal -0.90391 -0.427723 0
    outer loop
      vertex 31.9001 30.217 8
      vertex 32.0722 29.8533 3.5
      vertex 32.0722 29.8533 8
    endloop
  endfacet
  facet normal 0.857778 -0.51402 0
    outer loop
      vertex 24.6684 30.217 8
      vertex 24.8752 30.5621 3.5
      vertex 24.8752 30.5621 8
    endloop
  endfacet
  facet normal 0.857778 -0.51402 0
    outer loop
      vertex 24.8752 30.5621 3.5
      vertex 24.6684 30.217 8
      vertex 24.6684 30.217 3.5
    endloop
  endfacet
  facet normal 0.67146 -0.741041 0
    outer loop
      vertex 25.3851 31.1834 3.5
      vertex 25.6833 31.4536 8
      vertex 25.3851 31.1834 8
    endloop
  endfacet
  facet normal 0.67146 -0.741041 0
    outer loop
      vertex 25.6833 31.4536 8
      vertex 25.3851 31.1834 3.5
      vertex 25.6833 31.4536 3.5
    endloop
  endfacet
  facet normal 0.857778 0.51402 0
    outer loop
      vertex 24.8752 26.0064 8
      vertex 24.6684 26.3515 3.5
      vertex 24.6684 26.3515 8
    endloop
  endfacet
  facet normal 0.857778 0.51402 0
    outer loop
      vertex 24.6684 26.3515 3.5
      vertex 24.8752 26.0064 8
      vertex 24.8752 26.0064 3.5
    endloop
  endfacet
  facet normal 0.427424 0.904051 -0
    outer loop
      vertex 26.7153 24.4964 3.5
      vertex 26.3515 24.6684 8
      vertex 26.7153 24.4964 8
    endloop
  endfacet
  facet normal 0.427424 0.904051 0
    outer loop
      vertex 26.3515 24.6684 8
      vertex 26.7153 24.4964 3.5
      vertex 26.3515 24.6684 3.5
    endloop
  endfacet
  facet normal 0.741041 0.67146 0
    outer loop
      vertex 25.3851 25.3851 8
      vertex 25.1149 25.6833 3.5
      vertex 25.1149 25.6833 8
    endloop
  endfacet
  facet normal 0.741041 0.67146 0
    outer loop
      vertex 25.1149 25.6833 3.5
      vertex 25.3851 25.3851 8
      vertex 25.3851 25.3851 3.5
    endloop
  endfacet
  facet normal 0.336809 -0.941573 0
    outer loop
      vertex 26.7153 32.0722 3.5
      vertex 27.0941 32.2077 8
      vertex 26.7153 32.0722 8
    endloop
  endfacet
  facet normal 0.336809 -0.941573 0
    outer loop
      vertex 27.0941 32.2077 8
      vertex 26.7153 32.0722 3.5
      vertex 27.0941 32.2077 3.5
    endloop
  endfacet
  facet normal 0.51402 0.857778 -0
    outer loop
      vertex 26.3515 24.6684 3.5
      vertex 26.0064 24.8752 8
      vertex 26.3515 24.6684 8
    endloop
  endfacet
  facet normal 0.51402 0.857778 0
    outer loop
      vertex 26.0064 24.8752 8
      vertex 26.3515 24.6684 3.5
      vertex 26.0064 24.8752 3.5
    endloop
  endfacet
  facet normal -0.595697 0.803209 0
    outer loop
      vertex 30.8853 25.1149 3.5
      vertex 30.5621 24.8752 8
      vertex 30.8853 25.1149 8
    endloop
  endfacet
  facet normal -0.595697 0.803209 0
    outer loop
      vertex 30.5621 24.8752 8
      vertex 30.8853 25.1149 3.5
      vertex 30.5621 24.8752 3.5
    endloop
  endfacet
  facet normal 0.0492063 -0.998789 0
    outer loop
      vertex 27.8824 32.3645 3.5
      vertex 28.2843 32.3843 8
      vertex 27.8824 32.3645 8
    endloop
  endfacet
  facet normal 0.0492063 -0.998789 0
    outer loop
      vertex 28.2843 32.3843 8
      vertex 27.8824 32.3645 3.5
      vertex 28.2843 32.3843 3.5
    endloop
  endfacet
  facet normal 0.970069 -0.242828 0
    outer loop
      vertex 24.2631 29.0841 8
      vertex 24.3608 29.4744 3.5
      vertex 24.3608 29.4744 8
    endloop
  endfacet
  facet normal 0.970069 -0.242828 0
    outer loop
      vertex 24.3608 29.4744 3.5
      vertex 24.2631 29.0841 8
      vertex 24.2631 29.0841 3.5
    endloop
  endfacet
  facet normal 0.941522 -0.33695 0
    outer loop
      vertex 24.3608 29.4744 8
      vertex 24.4964 29.8533 3.5
      vertex 24.4964 29.8533 8
    endloop
  endfacet
  facet normal 0.941522 -0.33695 0
    outer loop
      vertex 24.4964 29.8533 3.5
      vertex 24.3608 29.4744 8
      vertex 24.3608 29.4744 3.5
    endloop
  endfacet
  facet normal 0.989154 0.146882 0
    outer loop
      vertex 24.2631 27.4844 8
      vertex 24.204 27.8824 3.5
      vertex 24.204 27.8824 8
    endloop
  endfacet
  facet normal 0.989154 0.146882 0
    outer loop
      vertex 24.204 27.8824 3.5
      vertex 24.2631 27.4844 8
      vertex 24.2631 27.4844 3.5
    endloop
  endfacet
  facet normal -0.33673 -0.941601 0
    outer loop
      vertex 29.4744 32.2077 3.5
      vertex 29.8533 32.0722 8
      vertex 29.4744 32.2077 8
    endloop
  endfacet
  facet normal -0.33673 -0.941601 -0
    outer loop
      vertex 29.8533 32.0722 8
      vertex 29.4744 32.2077 3.5
      vertex 29.8533 32.0722 3.5
    endloop
  endfacet
  facet normal 0.803121 0.595816 0
    outer loop
      vertex 25.1149 25.6833 8
      vertex 24.8752 26.0064 3.5
      vertex 24.8752 26.0064 8
    endloop
  endfacet
  facet normal 0.803121 0.595816 0
    outer loop
      vertex 24.8752 26.0064 3.5
      vertex 25.1149 25.6833 8
      vertex 25.1149 25.6833 3.5
    endloop
  endfacet
  facet normal 0.904006 -0.42752 0
    outer loop
      vertex 24.4964 29.8533 8
      vertex 24.6684 30.217 3.5
      vertex 24.6684 30.217 8
    endloop
  endfacet
  facet normal 0.904006 -0.42752 0
    outer loop
      vertex 24.6684 30.217 3.5
      vertex 24.4964 29.8533 8
      vertex 24.4964 29.8533 3.5
    endloop
  endfacet
  facet normal 0 0 1
    outer loop
      vertex 30.5343 28.2843 3.5
      vertex 32.3843 28.2843 3.5
      vertex 32.3645 28.6861 3.5
    endloop
  endfacet
  facet normal 0 0 1
    outer loop
      vertex 30.5234 28.5048 3.5
      vertex 32.3645 28.6861 3.5
      vertex 32.3055 29.0841 3.5
    endloop
  endfacet
  facet normal 0 0 1
    outer loop
      vertex 32.3843 28.2843 3.5
      vertex 30.5343 28.2843 3.5
      vertex 32.3645 27.8824 3.5
    endloop
  endfacet
  facet normal 0 0 1
    outer loop
      vertex 30.491 28.7232 3.5
      vertex 32.3055 29.0841 3.5
      vertex 32.2077 29.4744 3.5
    endloop
  endfacet
  facet normal -0 0 1
    outer loop
      vertex 30.5234 28.0637 3.5
      vertex 32.3645 27.8824 3.5
      vertex 30.5343 28.2843 3.5
    endloop
  endfacet
  facet normal 0 0 1
    outer loop
      vertex 30.4374 28.9374 3.5
      vertex 32.2077 29.4744 3.5
      vertex 32.0722 29.8533 3.5
    endloop
  endfacet
  facet normal 0 0 1
    outer loop
      vertex 32.3645 27.8824 3.5
      vertex 30.5234 28.0637 3.5
      vertex 32.3055 27.4844 3.5
    endloop
  endfacet
  facet normal 0 0 1
    outer loop
      vertex 30.363 29.1453 3.5
      vertex 32.0722 29.8533 3.5
      vertex 31.9001 30.217 3.5
    endloop
  endfacet
  facet normal -0 0 1
    outer loop
      vertex 30.491 27.8453 3.5
      vertex 32.3055 27.4844 3.5
      vertex 30.5234 28.0637 3.5
    endloop
  endfacet
  facet normal 0 0 1
    outer loop
      vertex 30.2686 29.3449 3.5
      vertex 31.9001 30.217 3.5
      vertex 31.6933 30.5621 3.5
    endloop
  endfacet
  facet normal 0 0 1
    outer loop
      vertex 32.3055 27.4844 3.5
      vertex 30.491 27.8453 3.5
      vertex 32.2077 27.0941 3.5
    endloop
  endfacet
  facet normal 0 0 1
    outer loop
      vertex 30.1551 29.5343 3.5
      vertex 31.6933 30.5621 3.5
      vertex 31.4536 30.8853 3.5
    endloop
  endfacet
  facet normal -0 0 1
    outer loop
      vertex 30.4374 27.6311 3.5
      vertex 32.2077 27.0941 3.5
      vertex 30.491 27.8453 3.5
    endloop
  endfacet
  facet normal 0 0 1
    outer loop
      vertex 30.0235 29.7117 3.5
      vertex 31.4536 30.8853 3.5
      vertex 31.1834 31.1834 3.5
    endloop
  endfacet
  facet normal 0 0 1
    outer loop
      vertex 32.2077 27.0941 3.5
      vertex 30.4374 27.6311 3.5
      vertex 32.0722 26.7153 3.5
    endloop
  endfacet
  facet normal 0 0 1
    outer loop
      vertex 29.8753 29.8753 3.5
      vertex 31.1834 31.1834 3.5
      vertex 30.8853 31.4536 3.5
    endloop
  endfacet
  facet normal -0 0 1
    outer loop
      vertex 30.363 27.4232 3.5
      vertex 32.0722 26.7153 3.5
      vertex 30.4374 27.6311 3.5
    endloop
  endfacet
  facet normal 0 0 1
    outer loop
      vertex 29.7117 30.0235 3.5
      vertex 30.8853 31.4536 3.5
      vertex 30.5621 31.6933 3.5
    endloop
  endfacet
  facet normal 0 0 1
    outer loop
      vertex 32.0722 26.7153 3.5
      vertex 30.363 27.4232 3.5
      vertex 31.9001 26.3515 3.5
    endloop
  endfacet
  facet normal -0 0 1
    outer loop
      vertex 30.2686 27.2236 3.5
      vertex 31.9001 26.3515 3.5
      vertex 30.363 27.4232 3.5
    endloop
  endfacet
  facet normal 0 0 1
    outer loop
      vertex 32.3645 28.6861 3.5
      vertex 30.5234 28.5048 3.5
      vertex 30.5343 28.2843 3.5
    endloop
  endfacet
  facet normal 0 0 1
    outer loop
      vertex 32.3055 29.0841 3.5
      vertex 30.491 28.7232 3.5
      vertex 30.5234 28.5048 3.5
    endloop
  endfacet
  facet normal 0 0 1
    outer loop
      vertex 32.2077 29.4744 3.5
      vertex 30.4374 28.9374 3.5
      vertex 30.491 28.7232 3.5
    endloop
  endfacet
  facet normal 0 0 1
    outer loop
      vertex 32.0722 29.8533 3.5
      vertex 30.363 29.1453 3.5
      vertex 30.4374 28.9374 3.5
    endloop
  endfacet
  facet normal 0 0 1
    outer loop
      vertex 31.9001 30.217 3.5
      vertex 30.2686 29.3449 3.5
      vertex 30.363 29.1453 3.5
    endloop
  endfacet
  facet normal 0 0 1
    outer loop
      vertex 29.5343 30.1551 3.5
      vertex 30.5621 31.6933 3.5
      vertex 30.217 31.9001 3.5
    endloop
  endfacet
  facet normal 0 0 1
    outer loop
      vertex 31.6933 30.5621 3.5
      vertex 30.1551 29.5343 3.5
      vertex 30.2686 29.3449 3.5
    endloop
  endfacet
  facet normal 0 0 1
    outer loop
      vertex 31.4536 30.8853 3.5
      vertex 30.0235 29.7117 3.5
      vertex 30.1551 29.5343 3.5
    endloop
  endfacet
  facet normal 0 0 1
    outer loop
      vertex 31.1834 31.1834 3.5
      vertex 29.8753 29.8753 3.5
      vertex 30.0235 29.7117 3.5
    endloop
  endfacet
  facet normal 0 0 1
    outer loop
      vertex 29.3449 30.2686 3.5
      vertex 30.217 31.9001 3.5
      vertex 29.8533 32.0722 3.5
    endloop
  endfacet
  facet normal 0 0 1
    outer loop
      vertex 30.8853 31.4536 3.5
      vertex 29.7117 30.0235 3.5
      vertex 29.8753 29.8753 3.5
    endloop
  endfacet
  facet normal 0 0 1
    outer loop
      vertex 30.5621 31.6933 3.5
      vertex 29.5343 30.1551 3.5
      vertex 29.7117 30.0235 3.5
    endloop
  endfacet
  facet normal 0 0 1
    outer loop
      vertex 29.1453 30.363 3.5
      vertex 29.8533 32.0722 3.5
      vertex 29.4744 32.2077 3.5
    endloop
  endfacet
  facet normal 0 0 1
    outer loop
      vertex 30.217 31.9001 3.5
      vertex 29.3449 30.2686 3.5
      vertex 29.5343 30.1551 3.5
    endloop
  endfacet
  facet normal 0 0 1
    outer loop
      vertex 29.8533 32.0722 3.5
      vertex 29.1453 30.363 3.5
      vertex 29.3449 30.2686 3.5
    endloop
  endfacet
  facet normal 0 0 1
    outer loop
      vertex 28.9374 30.4374 3.5
      vertex 29.4744 32.2077 3.5
      vertex 29.0841 32.3055 3.5
    endloop
  endfacet
  facet normal 0 0 1
    outer loop
      vertex 29.4744 32.2077 3.5
      vertex 28.9374 30.4374 3.5
      vertex 29.1453 30.363 3.5
    endloop
  endfacet
  facet normal 0 0 1
    outer loop
      vertex 29.0841 32.3055 3.5
      vertex 28.7232 30.491 3.5
      vertex 28.9374 30.4374 3.5
    endloop
  endfacet
  facet normal 0 0 1
    outer loop
      vertex 28.6861 32.3645 3.5
      vertex 28.7232 30.491 3.5
      vertex 29.0841 32.3055 3.5
    endloop
  endfacet
  facet normal 0 0 1
    outer loop
      vertex 28.6861 32.3645 3.5
      vertex 28.5048 30.5234 3.5
      vertex 28.7232 30.491 3.5
    endloop
  endfacet
  facet normal 0 0 1
    outer loop
      vertex 28.2843 32.3843 3.5
      vertex 28.5048 30.5234 3.5
      vertex 28.6861 32.3645 3.5
    endloop
  endfacet
  facet normal 0 0 1
    outer loop
      vertex 28.2843 32.3843 3.5
      vertex 28.2843 30.5343 3.5
      vertex 28.5048 30.5234 3.5
    endloop
  endfacet
  facet normal 0 0 1
    outer loop
      vertex 28.2843 32.3843 3.5
      vertex 28.0637 30.5234 3.5
      vertex 28.2843 30.5343 3.5
    endloop
  endfacet
  facet normal -0 0 1
    outer loop
      vertex 27.8824 32.3645 3.5
      vertex 28.0637 30.5234 3.5
      vertex 28.2843 32.3843 3.5
    endloop
  endfacet
  facet normal 0 0 1
    outer loop
      vertex 27.8824 32.3645 3.5
      vertex 27.8453 30.491 3.5
      vertex 28.0637 30.5234 3.5
    endloop
  endfacet
  facet normal -0 0 1
    outer loop
      vertex 27.4844 32.3055 3.5
      vertex 27.8453 30.491 3.5
      vertex 27.8824 32.3645 3.5
    endloop
  endfacet
  facet normal 0 0 1
    outer loop
      vertex 27.8453 30.491 3.5
      vertex 27.4844 32.3055 3.5
      vertex 27.6311 30.4374 3.5
    endloop
  endfacet
  facet normal -0 0 1
    outer loop
      vertex 27.0941 32.2077 3.5
      vertex 27.6311 30.4374 3.5
      vertex 27.4844 32.3055 3.5
    endloop
  endfacet
  facet normal 0 0 1
    outer loop
      vertex 27.6311 30.4374 3.5
      vertex 27.0941 32.2077 3.5
      vertex 27.4232 30.363 3.5
    endloop
  endfacet
  facet normal -0 0 1
    outer loop
      vertex 26.7153 32.0722 3.5
      vertex 27.4232 30.363 3.5
      vertex 27.0941 32.2077 3.5
    endloop
  endfacet
  facet normal 0 0 1
    outer loop
      vertex 27.4232 30.363 3.5
      vertex 26.7153 32.0722 3.5
      vertex 27.2236 30.2686 3.5
    endloop
  endfacet
  facet normal -0 0 1
    outer loop
      vertex 26.3515 31.9001 3.5
      vertex 27.2236 30.2686 3.5
      vertex 26.7153 32.0722 3.5
    endloop
  endfacet
  facet normal 0 0 1
    outer loop
      vertex 27.2236 30.2686 3.5
      vertex 26.3515 31.9001 3.5
      vertex 27.0342 30.1551 3.5
    endloop
  endfacet
  facet normal -0 0 1
    outer loop
      vertex 26.0064 31.6933 3.5
      vertex 27.0342 30.1551 3.5
      vertex 26.3515 31.9001 3.5
    endloop
  endfacet
  facet normal 0 0 1
    outer loop
      vertex 27.0342 30.1551 3.5
      vertex 26.0064 31.6933 3.5
      vertex 26.8569 30.0235 3.5
    endloop
  endfacet
  facet normal -0 0 1
    outer loop
      vertex 25.6833 31.4536 3.5
      vertex 26.8569 30.0235 3.5
      vertex 26.0064 31.6933 3.5
    endloop
  endfacet
  facet normal 0 0 1
    outer loop
      vertex 26.8569 30.0235 3.5
      vertex 25.6833 31.4536 3.5
      vertex 26.6933 29.8753 3.5
    endloop
  endfacet
  facet normal -0 0 1
    outer loop
      vertex 25.3851 31.1834 3.5
      vertex 26.6933 29.8753 3.5
      vertex 25.6833 31.4536 3.5
    endloop
  endfacet
  facet normal 0 0 1
    outer loop
      vertex 26.6933 29.8753 3.5
      vertex 25.3851 31.1834 3.5
      vertex 26.545 29.7117 3.5
    endloop
  endfacet
  facet normal -0 0 1
    outer loop
      vertex 25.1149 30.8853 3.5
      vertex 26.545 29.7117 3.5
      vertex 25.3851 31.1834 3.5
    endloop
  endfacet
  facet normal 0 0 1
    outer loop
      vertex 26.545 29.7117 3.5
      vertex 25.1149 30.8853 3.5
      vertex 26.4135 29.5343 3.5
    endloop
  endfacet
  facet normal -0 0 1
    outer loop
      vertex 24.8752 30.5621 3.5
      vertex 26.4135 29.5343 3.5
      vertex 25.1149 30.8853 3.5
    endloop
  endfacet
  facet normal -0 0 1
    outer loop
      vertex 24.6684 30.217 3.5
      vertex 26.2999 29.3449 3.5
      vertex 24.8752 30.5621 3.5
    endloop
  endfacet
  facet normal 0 0 1
    outer loop
      vertex 26.4135 29.5343 3.5
      vertex 24.8752 30.5621 3.5
      vertex 26.2999 29.3449 3.5
    endloop
  endfacet
  facet normal 0 0 1
    outer loop
      vertex 31.9001 26.3515 3.5
      vertex 30.2686 27.2236 3.5
      vertex 31.6933 26.0064 3.5
    endloop
  endfacet
  facet normal -0 0 1
    outer loop
      vertex 30.1551 27.0342 3.5
      vertex 31.6933 26.0064 3.5
      vertex 30.2686 27.2236 3.5
    endloop
  endfacet
  facet normal 0 0 1
    outer loop
      vertex 31.6933 26.0064 3.5
      vertex 30.1551 27.0342 3.5
      vertex 31.4536 25.6833 3.5
    endloop
  endfacet
  facet normal -0 0 1
    outer loop
      vertex 30.0235 26.8569 3.5
      vertex 31.4536 25.6833 3.5
      vertex 30.1551 27.0342 3.5
    endloop
  endfacet
  facet normal 0 0 1
    outer loop
      vertex 31.4536 25.6833 3.5
      vertex 30.0235 26.8569 3.5
      vertex 31.1834 25.3851 3.5
    endloop
  endfacet
  facet normal -0 0 1
    outer loop
      vertex 29.8753 26.6933 3.5
      vertex 31.1834 25.3851 3.5
      vertex 30.0235 26.8569 3.5
    endloop
  endfacet
  facet normal 0 0 1
    outer loop
      vertex 31.1834 25.3851 3.5
      vertex 29.8753 26.6933 3.5
      vertex 30.8853 25.1149 3.5
    endloop
  endfacet
  facet normal -0 0 1
    outer loop
      vertex 29.7117 26.545 3.5
      vertex 30.8853 25.1149 3.5
      vertex 29.8753 26.6933 3.5
    endloop
  endfacet
  facet normal 0 0 1
    outer loop
      vertex 30.8853 25.1149 3.5
      vertex 29.7117 26.545 3.5
      vertex 30.5621 24.8752 3.5
    endloop
  endfacet
  facet normal -0 0 1
    outer loop
      vertex 29.5343 26.4135 3.5
      vertex 30.5621 24.8752 3.5
      vertex 29.7117 26.545 3.5
    endloop
  endfacet
  facet normal 0 0 1
    outer loop
      vertex 30.5621 24.8752 3.5
      vertex 29.5343 26.4135 3.5
      vertex 30.217 24.6684 3.5
    endloop
  endfacet
  facet normal -0 0 1
    outer loop
      vertex 29.3449 26.2999 3.5
      vertex 30.217 24.6684 3.5
      vertex 29.5343 26.4135 3.5
    endloop
  endfacet
  facet normal 0 0 1
    outer loop
      vertex 30.217 24.6684 3.5
      vertex 29.3449 26.2999 3.5
      vertex 29.8533 24.4964 3.5
    endloop
  endfacet
  facet normal -0 0 1
    outer loop
      vertex 29.1453 26.2055 3.5
      vertex 29.8533 24.4964 3.5
      vertex 29.3449 26.2999 3.5
    endloop
  endfacet
  facet normal 0 0 1
    outer loop
      vertex 29.8533 24.4964 3.5
      vertex 29.1453 26.2055 3.5
      vertex 29.4744 24.3608 3.5
    endloop
  endfacet
  facet normal -0 0 1
    outer loop
      vertex 28.9374 26.1312 3.5
      vertex 29.4744 24.3608 3.5
      vertex 29.1453 26.2055 3.5
    endloop
  endfacet
  facet normal 0 0 1
    outer loop
      vertex 29.4744 24.3608 3.5
      vertex 28.9374 26.1312 3.5
      vertex 29.0841 24.2631 3.5
    endloop
  endfacet
  facet normal -0 0 1
    outer loop
      vertex 28.7232 26.0775 3.5
      vertex 29.0841 24.2631 3.5
      vertex 28.9374 26.1312 3.5
    endloop
  endfacet
  facet normal 0 0 1
    outer loop
      vertex 28.7232 26.0775 3.5
      vertex 28.6861 24.204 3.5
      vertex 29.0841 24.2631 3.5
    endloop
  endfacet
  facet normal -0 0 1
    outer loop
      vertex 28.5048 26.0451 3.5
      vertex 28.6861 24.204 3.5
      vertex 28.7232 26.0775 3.5
    endloop
  endfacet
  facet normal -0 0 1
    outer loop
      vertex 28.2843 26.0343 3.5
      vertex 28.6861 24.204 3.5
      vertex 28.5048 26.0451 3.5
    endloop
  endfacet
  facet normal 0 0 1
    outer loop
      vertex 28.2843 26.0343 3.5
      vertex 28.2843 24.1843 3.5
      vertex 28.6861 24.204 3.5
    endloop
  endfacet
  facet normal 0 0 1
    outer loop
      vertex 28.0637 26.0451 3.5
      vertex 28.2843 24.1843 3.5
      vertex 28.2843 26.0343 3.5
    endloop
  endfacet
  facet normal 0 0 1
    outer loop
      vertex 28.0637 26.0451 3.5
      vertex 27.8824 24.204 3.5
      vertex 28.2843 24.1843 3.5
    endloop
  endfacet
  facet normal 0 0 1
    outer loop
      vertex 27.8453 26.0775 3.5
      vertex 27.8824 24.204 3.5
      vertex 28.0637 26.0451 3.5
    endloop
  endfacet
  facet normal 0 0 1
    outer loop
      vertex 27.4844 24.2631 3.5
      vertex 27.8453 26.0775 3.5
      vertex 27.6311 26.1312 3.5
    endloop
  endfacet
  facet normal 0 0 1
    outer loop
      vertex 27.8453 26.0775 3.5
      vertex 27.4844 24.2631 3.5
      vertex 27.8824 24.204 3.5
    endloop
  endfacet
  facet normal 0 0 1
    outer loop
      vertex 27.0941 24.3608 3.5
      vertex 27.6311 26.1312 3.5
      vertex 27.4232 26.2055 3.5
    endloop
  endfacet
  facet normal 0 0 1
    outer loop
      vertex 26.7153 24.4964 3.5
      vertex 27.4232 26.2055 3.5
      vertex 27.2236 26.2999 3.5
    endloop
  endfacet
  facet normal 0 0 1
    outer loop
      vertex 27.6311 26.1312 3.5
      vertex 27.0941 24.3608 3.5
      vertex 27.4844 24.2631 3.5
    endloop
  endfacet
  facet normal 0 0 1
    outer loop
      vertex 26.3515 24.6684 3.5
      vertex 27.2236 26.2999 3.5
      vertex 27.0342 26.4135 3.5
    endloop
  endfacet
  facet normal 0 0 1
    outer loop
      vertex 26.0064 24.8752 3.5
      vertex 27.0342 26.4135 3.5
      vertex 26.8569 26.545 3.5
    endloop
  endfacet
  facet normal 0 0 1
    outer loop
      vertex 27.4232 26.2055 3.5
      vertex 26.7153 24.4964 3.5
      vertex 27.0941 24.3608 3.5
    endloop
  endfacet
  facet normal 0 0 1
    outer loop
      vertex 25.6833 25.1149 3.5
      vertex 26.8569 26.545 3.5
      vertex 26.6933 26.6933 3.5
    endloop
  endfacet
  facet normal 0 0 1
    outer loop
      vertex 25.3851 25.3851 3.5
      vertex 26.6933 26.6933 3.5
      vertex 26.545 26.8569 3.5
    endloop
  endfacet
  facet normal 0 0 1
    outer loop
      vertex 25.1149 25.6833 3.5
      vertex 26.545 26.8569 3.5
      vertex 26.4135 27.0342 3.5
    endloop
  endfacet
  facet normal 0 0 1
    outer loop
      vertex 27.2236 26.2999 3.5
      vertex 26.3515 24.6684 3.5
      vertex 26.7153 24.4964 3.5
    endloop
  endfacet
  facet normal 0 0 1
    outer loop
      vertex 24.8752 26.0064 3.5
      vertex 26.4135 27.0342 3.5
      vertex 26.2999 27.2236 3.5
    endloop
  endfacet
  facet normal 0 0 1
    outer loop
      vertex 24.6684 26.3515 3.5
      vertex 26.2999 27.2236 3.5
      vertex 26.2055 27.4232 3.5
    endloop
  endfacet
  facet normal 0 0 1
    outer loop
      vertex 24.4964 26.7153 3.5
      vertex 26.2055 27.4232 3.5
      vertex 26.1312 27.6311 3.5
    endloop
  endfacet
  facet normal 0 0 1
    outer loop
      vertex 24.3608 27.0941 3.5
      vertex 26.1312 27.6311 3.5
      vertex 26.0775 27.8453 3.5
    endloop
  endfacet
  facet normal 0 0 1
    outer loop
      vertex 24.2631 27.4844 3.5
      vertex 26.0775 27.8453 3.5
      vertex 26.0451 28.0637 3.5
    endloop
  endfacet
  facet normal 0 0 1
    outer loop
      vertex 27.0342 26.4135 3.5
      vertex 26.0064 24.8752 3.5
      vertex 26.3515 24.6684 3.5
    endloop
  endfacet
  facet normal 0 0 1
    outer loop
      vertex 24.204 27.8824 3.5
      vertex 26.0451 28.0637 3.5
      vertex 26.0343 28.2843 3.5
    endloop
  endfacet
  facet normal 0 0 1
    outer loop
      vertex 26.2999 29.3449 3.5
      vertex 24.6684 30.217 3.5
      vertex 26.2055 29.1453 3.5
    endloop
  endfacet
  facet normal -0 0 1
    outer loop
      vertex 24.4964 29.8533 3.5
      vertex 26.2055 29.1453 3.5
      vertex 24.6684 30.217 3.5
    endloop
  endfacet
  facet normal 0 0 1
    outer loop
      vertex 26.8569 26.545 3.5
      vertex 25.6833 25.1149 3.5
      vertex 26.0064 24.8752 3.5
    endloop
  endfacet
  facet normal 0 0 1
    outer loop
      vertex 26.2055 29.1453 3.5
      vertex 24.4964 29.8533 3.5
      vertex 26.1312 28.9374 3.5
    endloop
  endfacet
  facet normal 0 0 1
    outer loop
      vertex 26.6933 26.6933 3.5
      vertex 25.3851 25.3851 3.5
      vertex 25.6833 25.1149 3.5
    endloop
  endfacet
  facet normal -0 0 1
    outer loop
      vertex 24.3608 29.4744 3.5
      vertex 26.1312 28.9374 3.5
      vertex 24.4964 29.8533 3.5
    endloop
  endfacet
  facet normal 0 0 1
    outer loop
      vertex 26.545 26.8569 3.5
      vertex 25.1149 25.6833 3.5
      vertex 25.3851 25.3851 3.5
    endloop
  endfacet
  facet normal 0 0 1
    outer loop
      vertex 26.1312 28.9374 3.5
      vertex 24.3608 29.4744 3.5
      vertex 26.0775 28.7232 3.5
    endloop
  endfacet
  facet normal 0 0 1
    outer loop
      vertex 26.4135 27.0342 3.5
      vertex 24.8752 26.0064 3.5
      vertex 25.1149 25.6833 3.5
    endloop
  endfacet
  facet normal -0 0 1
    outer loop
      vertex 24.2631 29.0841 3.5
      vertex 26.0775 28.7232 3.5
      vertex 24.3608 29.4744 3.5
    endloop
  endfacet
  facet normal 0 0 1
    outer loop
      vertex 26.2999 27.2236 3.5
      vertex 24.6684 26.3515 3.5
      vertex 24.8752 26.0064 3.5
    endloop
  endfacet
  facet normal 0 0 1
    outer loop
      vertex 26.0775 28.7232 3.5
      vertex 24.2631 29.0841 3.5
      vertex 26.0451 28.5048 3.5
    endloop
  endfacet
  facet normal 0 0 1
    outer loop
      vertex 26.2055 27.4232 3.5
      vertex 24.4964 26.7153 3.5
      vertex 24.6684 26.3515 3.5
    endloop
  endfacet
  facet normal -0 0 1
    outer loop
      vertex 24.204 28.6861 3.5
      vertex 26.0451 28.5048 3.5
      vertex 24.2631 29.0841 3.5
    endloop
  endfacet
  facet normal 0 0 1
    outer loop
      vertex 26.1312 27.6311 3.5
      vertex 24.3608 27.0941 3.5
      vertex 24.4964 26.7153 3.5
    endloop
  endfacet
  facet normal 0 0 1
    outer loop
      vertex 26.0451 28.5048 3.5
      vertex 24.204 28.6861 3.5
      vertex 26.0343 28.2843 3.5
    endloop
  endfacet
  facet normal 0 0 1
    outer loop
      vertex 26.0775 27.8453 3.5
      vertex 24.2631 27.4844 3.5
      vertex 24.3608 27.0941 3.5
    endloop
  endfacet
  facet normal 0 0 1
    outer loop
      vertex 24.1843 28.2843 3.5
      vertex 26.0343 28.2843 3.5
      vertex 24.204 28.6861 3.5
    endloop
  endfacet
  facet normal 0 0 1
    outer loop
      vertex 26.0451 28.0637 3.5
      vertex 24.204 27.8824 3.5
      vertex 24.2631 27.4844 3.5
    endloop
  endfacet
  facet normal 0 0 1
    outer loop
      vertex 26.0343 28.2843 3.5
      vertex 24.1843 28.2843 3.5
      vertex 24.204 27.8824 3.5
    endloop
  endfacet
  facet normal 0.67146 0.741041 -0
    outer loop
      vertex 25.6833 25.1149 3.5
      vertex 25.3851 25.3851 8
      vertex 25.6833 25.1149 8
    endloop
  endfacet
  facet normal 0.67146 0.741041 0
    outer loop
      vertex 25.3851 25.3851 8
      vertex 25.6833 25.1149 3.5
      vertex 25.3851 25.3851 3.5
    endloop
  endfacet
  facet normal 0.803209 -0.595697 0
    outer loop
      vertex 24.8752 30.5621 8
      vertex 25.1149 30.8853 3.5
      vertex 25.1149 30.8853 8
    endloop
  endfacet
  facet normal 0.803209 -0.595697 0
    outer loop
      vertex 25.1149 30.8853 3.5
      vertex 24.8752 30.5621 8
      vertex 24.8752 30.5621 3.5
    endloop
  endfacet
  facet normal 0.0489584 0.998801 -0
    outer loop
      vertex 28.2843 24.1843 3.5
      vertex 27.8824 24.204 8
      vertex 28.2843 24.1843 8
    endloop
  endfacet
  facet normal 0.0489584 0.998801 0
    outer loop
      vertex 27.8824 24.204 8
      vertex 28.2843 24.1843 3.5
      vertex 27.8824 24.204 3.5
    endloop
  endfacet
  facet normal 0.146882 0.989154 -0
    outer loop
      vertex 27.8824 24.204 3.5
      vertex 27.4844 24.2631 8
      vertex 27.8824 24.204 8
    endloop
  endfacet
  facet normal 0.146882 0.989154 0
    outer loop
      vertex 27.4844 24.2631 8
      vertex 27.8824 24.204 3.5
      vertex 27.4844 24.2631 3.5
    endloop
  endfacet
  facet normal 0.989154 -0.146882 0
    outer loop
      vertex 24.204 28.6861 8
      vertex 24.2631 29.0841 3.5
      vertex 24.2631 29.0841 8
    endloop
  endfacet
  facet normal 0.989154 -0.146882 0
    outer loop
      vertex 24.2631 29.0841 3.5
      vertex 24.204 28.6861 8
      vertex 24.204 28.6861 3.5
    endloop
  endfacet
  facet normal 0.9988 -0.0489705 0
    outer loop
      vertex 24.1843 28.2843 8
      vertex 24.204 28.6861 3.5
      vertex 24.204 28.6861 8
    endloop
  endfacet
  facet normal 0.9988 -0.0489705 0
    outer loop
      vertex 24.204 28.6861 3.5
      vertex 24.1843 28.2843 8
      vertex 24.1843 28.2843 3.5
    endloop
  endfacet
  facet normal 0.337029 0.941494 -0
    outer loop
      vertex 27.0941 24.3608 3.5
      vertex 26.7153 24.4964 8
      vertex 27.0941 24.3608 8
    endloop
  endfacet
  facet normal 0.337029 0.941494 0
    outer loop
      vertex 26.7153 24.4964 8
      vertex 27.0941 24.3608 3.5
      vertex 26.7153 24.4964 3.5
    endloop
  endfacet
  facet normal -0.671583 0.740929 0
    outer loop
      vertex 31.1834 25.3851 3.5
      vertex 30.8853 25.1149 8
      vertex 31.1834 25.3851 8
    endloop
  endfacet
  facet normal -0.671583 0.740929 0
    outer loop
      vertex 30.8853 25.1149 8
      vertex 31.1834 25.3851 3.5
      vertex 30.8853 25.1149 3.5
    endloop
  endfacet
  facet normal -0.989174 -0.146746 0
    outer loop
      vertex -26.0451 28.5048 0
      vertex -26.0775 28.7232 3.5
      vertex -26.0775 28.7232 0
    endloop
  endfacet
  facet normal -0.989174 -0.146746 0
    outer loop
      vertex -26.0775 28.7232 3.5
      vertex -26.0451 28.5048 0
      vertex -26.0451 28.5048 3.5
    endloop
  endfacet
  facet normal -0.998803 -0.0489209 0
    outer loop
      vertex -26.0343 28.2843 0
      vertex -26.0451 28.5048 3.5
      vertex -26.0451 28.5048 0
    endloop
  endfacet
  facet normal -0.998803 -0.0489209 0
    outer loop
      vertex -26.0451 28.5048 3.5
      vertex -26.0343 28.2843 0
      vertex -26.0343 28.2843 3.5
    endloop
  endfacet
  facet normal -0.969982 -0.243175 0
    outer loop
      vertex -26.0775 28.7232 0
      vertex -26.1312 28.9374 3.5
      vertex -26.1312 28.9374 0
    endloop
  endfacet
  facet normal -0.969982 -0.243175 0
    outer loop
      vertex -26.1312 28.9374 3.5
      vertex -26.0775 28.7232 0
      vertex -26.0775 28.7232 3.5
    endloop
  endfacet
  facet normal -0.336537 0.94167 0
    outer loop
      vertex -27.4232 26.2055 0
      vertex -27.6311 26.1312 3.5
      vertex -27.4232 26.2055 3.5
    endloop
  endfacet
  facet normal -0.336537 0.94167 0
    outer loop
      vertex -27.6311 26.1312 3.5
      vertex -27.4232 26.2055 0
      vertex -27.6311 26.1312 0
    endloop
  endfacet
  facet normal -0.671364 -0.741128 0
    outer loop
      vertex -26.8569 30.0235 0
      vertex -26.6933 29.8753 3.5
      vertex -26.8569 30.0235 3.5
    endloop
  endfacet
  facet normal -0.671364 -0.741128 -0
    outer loop
      vertex -26.6933 29.8753 3.5
      vertex -26.8569 30.0235 0
      vertex -26.6933 29.8753 0
    endloop
  endfacet
  facet normal 0.857773 -0.514029 0
    outer loop
      vertex -30.2686 29.3449 3.5
      vertex -30.1551 29.5343 0
      vertex -30.1551 29.5343 3.5
    endloop
  endfacet
  facet normal 0.857773 -0.514029 0
    outer loop
      vertex -30.1551 29.5343 0
      vertex -30.2686 29.3449 3.5
      vertex -30.2686 29.3449 0
    endloop
  endfacet
  facet normal 0.146746 0.989174 -0
    outer loop
      vertex -28.5048 26.0451 0
      vertex -28.7232 26.0775 3.5
      vertex -28.5048 26.0451 3.5
    endloop
  endfacet
  facet normal 0.146746 0.989174 0
    outer loop
      vertex -28.7232 26.0775 3.5
      vertex -28.5048 26.0451 0
      vertex -28.7232 26.0775 0
    endloop
  endfacet
  facet normal -0.94167 -0.336537 0
    outer loop
      vertex -26.1312 28.9374 0
      vertex -26.2055 29.1453 3.5
      vertex -26.2055 29.1453 0
    endloop
  endfacet
  facet normal -0.94167 -0.336537 0
    outer loop
      vertex -26.2055 29.1453 3.5
      vertex -26.1312 28.9374 0
      vertex -26.1312 28.9374 3.5
    endloop
  endfacet
  facet normal 0.0493728 -0.99878 0
    outer loop
      vertex -28.5048 30.5234 0
      vertex -28.2843 30.5343 3.5
      vertex -28.5048 30.5234 3.5
    endloop
  endfacet
  facet normal 0.0493728 -0.99878 0
    outer loop
      vertex -28.2843 30.5343 3.5
      vertex -28.5048 30.5234 0
      vertex -28.2843 30.5343 0
    endloop
  endfacet
  facet normal -0.0488988 0.998804 0
    outer loop
      vertex -28.0637 26.0451 0
      vertex -28.2843 26.0343 3.5
      vertex -28.0637 26.0451 3.5
    endloop
  endfacet
  facet normal -0.0488988 0.998804 0
    outer loop
      vertex -28.2843 26.0343 3.5
      vertex -28.0637 26.0451 0
      vertex -28.2843 26.0343 0
    endloop
  endfacet
  facet normal 0.903996 0.427541 0
    outer loop
      vertex -30.2686 27.2236 3.5
      vertex -30.363 27.4232 0
      vertex -30.363 27.4232 3.5
    endloop
  endfacet
  facet normal 0.903996 0.427541 0
    outer loop
      vertex -30.363 27.4232 0
      vertex -30.2686 27.2236 3.5
      vertex -30.2686 27.2236 0
    endloop
  endfacet
  facet normal 0.595498 0.803357 -0
    outer loop
      vertex -29.5343 26.4135 0
      vertex -29.7117 26.545 3.5
      vertex -29.5343 26.4135 3.5
    endloop
  endfacet
  facet normal 0.595498 0.803357 0
    outer loop
      vertex -29.7117 26.545 3.5
      vertex -29.5343 26.4135 0
      vertex -29.7117 26.545 0
    endloop
  endfacet
  facet normal 0.80314 -0.59579 0
    outer loop
      vertex -30.1551 29.5343 3.5
      vertex -30.0235 29.7117 0
      vertex -30.0235 29.7117 3.5
    endloop
  endfacet
  facet normal 0.80314 -0.59579 0
    outer loop
      vertex -30.0235 29.7117 0
      vertex -30.1551 29.5343 3.5
      vertex -30.1551 29.5343 0
    endloop
  endfacet
  facet normal -0.969982 0.243175 0
    outer loop
      vertex -26.1312 27.6311 0
      vertex -26.0775 27.8453 3.5
      vertex -26.0775 27.8453 0
    endloop
  endfacet
  facet normal -0.969982 0.243175 0
    outer loop
      vertex -26.0775 27.8453 3.5
      vertex -26.1312 27.6311 0
      vertex -26.1312 27.6311 3.5
    endloop
  endfacet
  facet normal -0.857573 -0.514363 0
    outer loop
      vertex -26.2999 29.3449 0
      vertex -26.4135 29.5343 3.5
      vertex -26.4135 29.5343 0
    endloop
  endfacet
  facet normal -0.857573 -0.514363 0
    outer loop
      vertex -26.4135 29.5343 3.5
      vertex -26.2999 29.3449 0
      vertex -26.2999 29.3449 3.5
    endloop
  endfacet
  facet normal 0.998782 0.0493505 0
    outer loop
      vertex -30.5234 28.0637 3.5
      vertex -30.5343 28.2843 0
      vertex -30.5343 28.2843 3.5
    endloop
  endfacet
  facet normal 0.998782 0.0493505 0
    outer loop
      vertex -30.5343 28.2843 0
      vertex -30.5234 28.0637 3.5
      vertex -30.5234 28.0637 0
    endloop
  endfacet
  facet normal -0.903996 -0.427541 0
    outer loop
      vertex -26.2055 29.1453 0
      vertex -26.2999 29.3449 3.5
      vertex -26.2999 29.3449 0
    endloop
  endfacet
  facet normal -0.903996 -0.427541 0
    outer loop
      vertex -26.2999 29.3449 3.5
      vertex -26.2055 29.1453 0
      vertex -26.2055 29.1453 3.5
    endloop
  endfacet
  facet normal -0.94167 0.336537 0
    outer loop
      vertex -26.2055 27.4232 0
      vertex -26.1312 27.6311 3.5
      vertex -26.1312 27.6311 0
    endloop
  endfacet
  facet normal -0.94167 0.336537 0
    outer loop
      vertex -26.1312 27.6311 3.5
      vertex -26.2055 27.4232 0
      vertex -26.2055 27.4232 3.5
    endloop
  endfacet
  facet normal 0.427541 0.903996 -0
    outer loop
      vertex -29.1453 26.2055 0
      vertex -29.3449 26.2999 3.5
      vertex -29.1453 26.2055 3.5
    endloop
  endfacet
  facet normal 0.427541 0.903996 0
    outer loop
      vertex -29.3449 26.2999 3.5
      vertex -29.1453 26.2055 0
      vertex -29.3449 26.2999 0
    endloop
  endfacet
  facet normal 0.970089 0.242749 0
    outer loop
      vertex -30.4374 27.6311 3.5
      vertex -30.491 27.8453 0
      vertex -30.491 27.8453 3.5
    endloop
  endfacet
  facet normal 0.970089 0.242749 0
    outer loop
      vertex -30.491 27.8453 0
      vertex -30.4374 27.6311 3.5
      vertex -30.4374 27.6311 0
    endloop
  endfacet
  facet normal 0.741128 -0.671364 0
    outer loop
      vertex -30.0235 29.7117 3.5
      vertex -29.8753 29.8753 0
      vertex -29.8753 29.8753 3.5
    endloop
  endfacet
  facet normal 0.741128 -0.671364 0
    outer loop
      vertex -29.8753 29.8753 0
      vertex -30.0235 29.7117 3.5
      vertex -30.0235 29.7117 0
    endloop
  endfacet
  facet normal 0.243175 0.969982 -0
    outer loop
      vertex -28.7232 26.0775 0
      vertex -28.9374 26.1312 3.5
      vertex -28.7232 26.0775 3.5
    endloop
  endfacet
  facet normal 0.243175 0.969982 0
    outer loop
      vertex -28.9374 26.1312 3.5
      vertex -28.7232 26.0775 0
      vertex -28.9374 26.1312 0
    endloop
  endfacet
  facet normal 0.514029 -0.857773 0
    outer loop
      vertex -29.5343 30.1551 0
      vertex -29.3449 30.2686 3.5
      vertex -29.5343 30.1551 3.5
    endloop
  endfacet
  facet normal 0.514029 -0.857773 0
    outer loop
      vertex -29.3449 30.2686 3.5
      vertex -29.5343 30.1551 0
      vertex -29.3449 30.2686 0
    endloop
  endfacet
  facet normal -0.803357 -0.595498 0
    outer loop
      vertex -26.4135 29.5343 0
      vertex -26.545 29.7117 3.5
      vertex -26.545 29.7117 0
    endloop
  endfacet
  facet normal -0.803357 -0.595498 0
    outer loop
      vertex -26.545 29.7117 3.5
      vertex -26.4135 29.5343 0
      vertex -26.4135 29.5343 3.5
    endloop
  endfacet
  facet normal 0.146746 -0.989174 0
    outer loop
      vertex -28.7232 30.491 0
      vertex -28.5048 30.5234 3.5
      vertex -28.7232 30.491 3.5
    endloop
  endfacet
  facet normal 0.146746 -0.989174 0
    outer loop
      vertex -28.5048 30.5234 3.5
      vertex -28.7232 30.491 0
      vertex -28.5048 30.5234 0
    endloop
  endfacet
  facet normal -0.427541 0.903996 0
    outer loop
      vertex -27.2236 26.2999 0
      vertex -27.4232 26.2055 3.5
      vertex -27.2236 26.2999 3.5
    endloop
  endfacet
  facet normal -0.427541 0.903996 0
    outer loop
      vertex -27.4232 26.2055 3.5
      vertex -27.2236 26.2999 0
      vertex -27.4232 26.2055 0
    endloop
  endfacet
  facet normal 0.671364 -0.741128 0
    outer loop
      vertex -29.8753 29.8753 0
      vertex -29.7117 30.0235 3.5
      vertex -29.8753 29.8753 3.5
    endloop
  endfacet
  facet normal 0.671364 -0.741128 0
    outer loop
      vertex -29.7117 30.0235 3.5
      vertex -29.8753 29.8753 0
      vertex -29.7117 30.0235 0
    endloop
  endfacet
  facet normal -0.857573 0.514363 0
    outer loop
      vertex -26.4135 27.0342 0
      vertex -26.2999 27.2236 3.5
      vertex -26.2999 27.2236 0
    endloop
  endfacet
  facet normal -0.857573 0.514363 0
    outer loop
      vertex -26.2999 27.2236 3.5
      vertex -26.4135 27.0342 0
      vertex -26.4135 27.0342 3.5
    endloop
  endfacet
  facet normal 0.59579 -0.80314 0
    outer loop
      vertex -29.7117 30.0235 0
      vertex -29.5343 30.1551 3.5
      vertex -29.7117 30.0235 3.5
    endloop
  endfacet
  facet normal 0.59579 -0.80314 0
    outer loop
      vertex -29.5343 30.1551 3.5
      vertex -29.7117 30.0235 0
      vertex -29.5343 30.1551 0
    endloop
  endfacet
  facet normal -0.336939 -0.941527 0
    outer loop
      vertex -27.6311 30.4374 0
      vertex -27.4232 30.363 3.5
      vertex -27.6311 30.4374 3.5
    endloop
  endfacet
  facet normal -0.336939 -0.941527 -0
    outer loop
      vertex -27.4232 30.363 3.5
      vertex -27.6311 30.4374 0
      vertex -27.4232 30.363 0
    endloop
  endfacet
  facet normal -0.998804 0.0488988 0
    outer loop
      vertex -26.0451 28.0637 0
      vertex -26.0343 28.2843 3.5
      vertex -26.0343 28.2843 0
    endloop
  endfacet
  facet normal -0.998804 0.0488988 0
    outer loop
      vertex -26.0343 28.2843 3.5
      vertex -26.0451 28.0637 0
      vertex -26.0451 28.0637 3.5
    endloop
  endfacet
  facet normal 0.941527 0.336939 0
    outer loop
      vertex -30.363 27.4232 3.5
      vertex -30.4374 27.6311 0
      vertex -30.4374 27.6311 3.5
    endloop
  endfacet
  facet normal 0.941527 0.336939 0
    outer loop
      vertex -30.4374 27.6311 0
      vertex -30.363 27.4232 3.5
      vertex -30.363 27.4232 0
    endloop
  endfacet
  facet normal -0.514029 -0.857773 0
    outer loop
      vertex -27.2236 30.2686 0
      vertex -27.0342 30.1551 3.5
      vertex -27.2236 30.2686 3.5
    endloop
  endfacet
  facet normal -0.514029 -0.857773 -0
    outer loop
      vertex -27.0342 30.1551 3.5
      vertex -27.2236 30.2686 0
      vertex -27.0342 30.1551 0
    endloop
  endfacet
  facet normal -0.596007 -0.802979 0
    outer loop
      vertex -27.0342 30.1551 0
      vertex -26.8569 30.0235 3.5
      vertex -27.0342 30.1551 3.5
    endloop
  endfacet
  facet normal -0.596007 -0.802979 -0
    outer loop
      vertex -26.8569 30.0235 3.5
      vertex -27.0342 30.1551 0
      vertex -26.8569 30.0235 0
    endloop
  endfacet
  facet normal -0.146746 0.989174 0
    outer loop
      vertex -27.8453 26.0775 0
      vertex -28.0637 26.0451 3.5
      vertex -27.8453 26.0775 3.5
    endloop
  endfacet
  facet normal -0.146746 0.989174 0
    outer loop
      vertex -28.0637 26.0451 3.5
      vertex -27.8453 26.0775 0
      vertex -28.0637 26.0451 0
    endloop
  endfacet
  facet normal -0.740902 0.671613 0
    outer loop
      vertex -26.6933 26.6933 0
      vertex -26.545 26.8569 3.5
      vertex -26.545 26.8569 0
    endloop
  endfacet
  facet normal -0.740902 0.671613 0
    outer loop
      vertex -26.545 26.8569 3.5
      vertex -26.6933 26.6933 0
      vertex -26.6933 26.6933 3.5
    endloop
  endfacet
  facet normal -0.803196 0.595715 0
    outer loop
      vertex -26.545 26.8569 0
      vertex -26.4135 27.0342 3.5
      vertex -26.4135 27.0342 0
    endloop
  endfacet
  facet normal -0.803196 0.595715 0
    outer loop
      vertex -26.4135 27.0342 3.5
      vertex -26.545 26.8569 0
      vertex -26.545 26.8569 3.5
    endloop
  endfacet
  facet normal -0.243175 0.969982 0
    outer loop
      vertex -27.6311 26.1312 0
      vertex -27.8453 26.0775 3.5
      vertex -27.6311 26.1312 3.5
    endloop
  endfacet
  facet normal -0.243175 0.969982 0
    outer loop
      vertex -27.8453 26.0775 3.5
      vertex -27.6311 26.1312 0
      vertex -27.8453 26.0775 0
    endloop
  endfacet
  facet normal -0.903996 0.427541 0
    outer loop
      vertex -26.2999 27.2236 0
      vertex -26.2055 27.4232 3.5
      vertex -26.2055 27.4232 0
    endloop
  endfacet
  facet normal -0.903996 0.427541 0
    outer loop
      vertex -26.2055 27.4232 3.5
      vertex -26.2999 27.2236 0
      vertex -26.2999 27.2236 3.5
    endloop
  endfacet
  facet normal 0.242749 -0.970089 0
    outer loop
      vertex -28.9374 30.4374 0
      vertex -28.7232 30.491 3.5
      vertex -28.9374 30.4374 3.5
    endloop
  endfacet
  facet normal 0.242749 -0.970089 0
    outer loop
      vertex -28.7232 30.491 3.5
      vertex -28.9374 30.4374 0
      vertex -28.7232 30.491 0
    endloop
  endfacet
  facet normal 0.941527 -0.336939 0
    outer loop
      vertex -30.4374 28.9374 3.5
      vertex -30.363 29.1453 0
      vertex -30.363 29.1453 3.5
    endloop
  endfacet
  facet normal 0.941527 -0.336939 0
    outer loop
      vertex -30.363 29.1453 0
      vertex -30.4374 28.9374 3.5
      vertex -30.4374 28.9374 0
    endloop
  endfacet
  facet normal 0.427541 -0.903996 0
    outer loop
      vertex -29.3449 30.2686 0
      vertex -29.1453 30.363 3.5
      vertex -29.3449 30.2686 3.5
    endloop
  endfacet
  facet normal 0.427541 -0.903996 0
    outer loop
      vertex -29.1453 30.363 3.5
      vertex -29.3449 30.2686 0
      vertex -29.1453 30.363 0
    endloop
  endfacet
  facet normal 0.989174 -0.146746 0
    outer loop
      vertex -30.5234 28.5048 3.5
      vertex -30.491 28.7232 0
      vertex -30.491 28.7232 3.5
    endloop
  endfacet
  facet normal 0.989174 -0.146746 0
    outer loop
      vertex -30.491 28.7232 0
      vertex -30.5234 28.5048 3.5
      vertex -30.5234 28.5048 0
    endloop
  endfacet
  facet normal 0.970089 -0.242749 0
    outer loop
      vertex -30.491 28.7232 3.5
      vertex -30.4374 28.9374 0
      vertex -30.4374 28.9374 3.5
    endloop
  endfacet
  facet normal 0.970089 -0.242749 0
    outer loop
      vertex -30.4374 28.9374 0
      vertex -30.491 28.7232 3.5
      vertex -30.491 28.7232 0
    endloop
  endfacet
  facet normal -0.427541 -0.903996 0
    outer loop
      vertex -27.4232 30.363 0
      vertex -27.2236 30.2686 3.5
      vertex -27.4232 30.363 3.5
    endloop
  endfacet
  facet normal -0.427541 -0.903996 -0
    outer loop
      vertex -27.2236 30.2686 3.5
      vertex -27.4232 30.363 0
      vertex -27.2236 30.2686 0
    endloop
  endfacet
  facet normal -0.989174 0.146746 0
    outer loop
      vertex -26.0775 27.8453 0
      vertex -26.0451 28.0637 3.5
      vertex -26.0451 28.0637 0
    endloop
  endfacet
  facet normal -0.989174 0.146746 0
    outer loop
      vertex -26.0451 28.0637 3.5
      vertex -26.0775 27.8453 0
      vertex -26.0775 27.8453 3.5
    endloop
  endfacet
  facet normal -0.146746 -0.989174 0
    outer loop
      vertex -28.0637 30.5234 0
      vertex -27.8453 30.491 3.5
      vertex -28.0637 30.5234 3.5
    endloop
  endfacet
  facet normal -0.146746 -0.989174 -0
    outer loop
      vertex -27.8453 30.491 3.5
      vertex -28.0637 30.5234 0
      vertex -27.8453 30.491 0
    endloop
  endfacet
  facet normal -0.0493505 -0.998782 0
    outer loop
      vertex -28.2843 30.5343 0
      vertex -28.0637 30.5234 3.5
      vertex -28.2843 30.5343 3.5
    endloop
  endfacet
  facet normal -0.0493505 -0.998782 -0
    outer loop
      vertex -28.0637 30.5234 3.5
      vertex -28.2843 30.5343 0
      vertex -28.0637 30.5234 0
    endloop
  endfacet
  facet normal 0.741128 0.671364 0
    outer loop
      vertex -29.8753 26.6933 3.5
      vertex -30.0235 26.8569 0
      vertex -30.0235 26.8569 3.5
    endloop
  endfacet
  facet normal 0.741128 0.671364 0
    outer loop
      vertex -30.0235 26.8569 0
      vertex -29.8753 26.6933 3.5
      vertex -29.8753 26.6933 0
    endloop
  endfacet
  facet normal 0.857773 0.514029 0
    outer loop
      vertex -30.1551 27.0342 3.5
      vertex -30.2686 27.2236 0
      vertex -30.2686 27.2236 3.5
    endloop
  endfacet
  facet normal 0.857773 0.514029 0
    outer loop
      vertex -30.2686 27.2236 0
      vertex -30.1551 27.0342 3.5
      vertex -30.1551 27.0342 0
    endloop
  endfacet
  facet normal 0.336939 -0.941527 0
    outer loop
      vertex -29.1453 30.363 0
      vertex -28.9374 30.4374 3.5
      vertex -29.1453 30.363 3.5
    endloop
  endfacet
  facet normal 0.336939 -0.941527 0
    outer loop
      vertex -28.9374 30.4374 3.5
      vertex -29.1453 30.363 0
      vertex -28.9374 30.4374 0
    endloop
  endfacet
  facet normal 0.514363 0.857573 -0
    outer loop
      vertex -29.3449 26.2999 0
      vertex -29.5343 26.4135 3.5
      vertex -29.3449 26.2999 3.5
    endloop
  endfacet
  facet normal 0.514363 0.857573 0
    outer loop
      vertex -29.5343 26.4135 3.5
      vertex -29.3449 26.2999 0
      vertex -29.5343 26.4135 0
    endloop
  endfacet
  facet normal -0.595715 0.803196 0
    outer loop
      vertex -26.8569 26.545 0
      vertex -27.0342 26.4135 3.5
      vertex -26.8569 26.545 3.5
    endloop
  endfacet
  facet normal -0.595715 0.803196 0
    outer loop
      vertex -27.0342 26.4135 3.5
      vertex -26.8569 26.545 0
      vertex -27.0342 26.4135 0
    endloop
  endfacet
  facet normal 0.336537 0.94167 -0
    outer loop
      vertex -28.9374 26.1312 0
      vertex -29.1453 26.2055 3.5
      vertex -28.9374 26.1312 3.5
    endloop
  endfacet
  facet normal 0.336537 0.94167 0
    outer loop
      vertex -29.1453 26.2055 3.5
      vertex -28.9374 26.1312 0
      vertex -29.1453 26.2055 0
    endloop
  endfacet
  facet normal 0.802979 0.596007 0
    outer loop
      vertex -30.0235 26.8569 3.5
      vertex -30.1551 27.0342 0
      vertex -30.1551 27.0342 3.5
    endloop
  endfacet
  facet normal 0.802979 0.596007 0
    outer loop
      vertex -30.1551 27.0342 0
      vertex -30.0235 26.8569 3.5
      vertex -30.0235 26.8569 0
    endloop
  endfacet
  facet normal 0.903996 -0.427541 0
    outer loop
      vertex -30.363 29.1453 3.5
      vertex -30.2686 29.3449 0
      vertex -30.2686 29.3449 3.5
    endloop
  endfacet
  facet normal 0.903996 -0.427541 0
    outer loop
      vertex -30.2686 29.3449 0
      vertex -30.363 29.1453 3.5
      vertex -30.363 29.1453 0
    endloop
  endfacet
  facet normal 0.989174 0.146746 0
    outer loop
      vertex -30.491 27.8453 3.5
      vertex -30.5234 28.0637 0
      vertex -30.5234 28.0637 3.5
    endloop
  endfacet
  facet normal 0.989174 0.146746 0
    outer loop
      vertex -30.5234 28.0637 0
      vertex -30.491 27.8453 3.5
      vertex -30.491 27.8453 0
    endloop
  endfacet
  facet normal -0.740902 -0.671613 0
    outer loop
      vertex -26.545 29.7117 0
      vertex -26.6933 29.8753 3.5
      vertex -26.6933 29.8753 0
    endloop
  endfacet
  facet normal -0.740902 -0.671613 0
    outer loop
      vertex -26.6933 29.8753 3.5
      vertex -26.545 29.7117 0
      vertex -26.545 29.7117 3.5
    endloop
  endfacet
  facet normal -0.242749 -0.970089 0
    outer loop
      vertex -27.8453 30.491 0
      vertex -27.6311 30.4374 3.5
      vertex -27.8453 30.491 3.5
    endloop
  endfacet
  facet normal -0.242749 -0.970089 -0
    outer loop
      vertex -27.6311 30.4374 3.5
      vertex -27.8453 30.491 0
      vertex -27.6311 30.4374 0
    endloop
  endfacet
  facet normal -0.514363 0.857573 0
    outer loop
      vertex -27.0342 26.4135 0
      vertex -27.2236 26.2999 3.5
      vertex -27.0342 26.4135 3.5
    endloop
  endfacet
  facet normal -0.514363 0.857573 0
    outer loop
      vertex -27.2236 26.2999 3.5
      vertex -27.0342 26.4135 0
      vertex -27.2236 26.2999 0
    endloop
  endfacet
  facet normal 0.671613 0.740902 -0
    outer loop
      vertex -29.7117 26.545 0
      vertex -29.8753 26.6933 3.5
      vertex -29.7117 26.545 3.5
    endloop
  endfacet
  facet normal 0.671613 0.740902 0
    outer loop
      vertex -29.8753 26.6933 3.5
      vertex -29.7117 26.545 0
      vertex -29.8753 26.6933 0
    endloop
  endfacet
  facet normal 0.0489209 0.998803 -0
    outer loop
      vertex -28.2843 26.0343 0
      vertex -28.5048 26.0451 3.5
      vertex -28.2843 26.0343 3.5
    endloop
  endfacet
  facet normal 0.0489209 0.998803 0
    outer loop
      vertex -28.5048 26.0451 3.5
      vertex -28.2843 26.0343 0
      vertex -28.5048 26.0451 0
    endloop
  endfacet
  facet normal 0.99878 -0.0493728 0
    outer loop
      vertex -30.5343 28.2843 3.5
      vertex -30.5234 28.5048 0
      vertex -30.5234 28.5048 3.5
    endloop
  endfacet
  facet normal 0.99878 -0.0493728 0
    outer loop
      vertex -30.5234 28.5048 0
      vertex -30.5343 28.2843 3.5
      vertex -30.5343 28.2843 0
    endloop
  endfacet
  facet normal -0.671613 0.740902 0
    outer loop
      vertex -26.6933 26.6933 0
      vertex -26.8569 26.545 3.5
      vertex -26.6933 26.6933 3.5
    endloop
  endfacet
  facet normal -0.671613 0.740902 0
    outer loop
      vertex -26.8569 26.545 3.5
      vertex -26.6933 26.6933 0
      vertex -26.8569 26.545 0
    endloop
  endfacet
  facet normal -0.740929 -0.671583 0
    outer loop
      vertex -25.1149 30.8853 3.5
      vertex -25.3851 31.1834 8
      vertex -25.3851 31.1834 3.5
    endloop
  endfacet
  facet normal -0.740929 -0.671583 0
    outer loop
      vertex -25.3851 31.1834 8
      vertex -25.1149 30.8853 3.5
      vertex -25.1149 30.8853 8
    endloop
  endfacet
  facet normal -0.989154 -0.146882 0
    outer loop
      vertex -24.204 28.6861 3.5
      vertex -24.2631 29.0841 8
      vertex -24.2631 29.0841 3.5
    endloop
  endfacet
  facet normal -0.989154 -0.146882 0
    outer loop
      vertex -24.2631 29.0841 8
      vertex -24.204 28.6861 3.5
      vertex -24.204 28.6861 8
    endloop
  endfacet
  facet normal -0.9988 -0.0489705 0
    outer loop
      vertex -24.1843 28.2843 3.5
      vertex -24.204 28.6861 8
      vertex -24.204 28.6861 3.5
    endloop
  endfacet
  facet normal -0.9988 -0.0489705 0
    outer loop
      vertex -24.204 28.6861 8
      vertex -24.1843 28.2843 3.5
      vertex -24.1843 28.2843 8
    endloop
  endfacet
  facet normal -0.970069 -0.242828 0
    outer loop
      vertex -24.2631 29.0841 3.5
      vertex -24.3608 29.4744 8
      vertex -24.3608 29.4744 3.5
    endloop
  endfacet
  facet normal -0.970069 -0.242828 0
    outer loop
      vertex -24.3608 29.4744 8
      vertex -24.2631 29.0841 3.5
      vertex -24.2631 29.0841 8
    endloop
  endfacet
  facet normal -0.337029 0.941494 0
    outer loop
      vertex -26.7153 24.4964 3.5
      vertex -27.0941 24.3608 8
      vertex -26.7153 24.4964 8
    endloop
  endfacet
  facet normal -0.337029 0.941494 0
    outer loop
      vertex -27.0941 24.3608 8
      vertex -26.7153 24.4964 3.5
      vertex -27.0941 24.3608 3.5
    endloop
  endfacet
  facet normal -0.857778 -0.51402 0
    outer loop
      vertex -24.6684 30.217 3.5
      vertex -24.8752 30.5621 8
      vertex -24.8752 30.5621 3.5
    endloop
  endfacet
  facet normal -0.857778 -0.51402 0
    outer loop
      vertex -24.8752 30.5621 8
      vertex -24.6684 30.217 3.5
      vertex -24.6684 30.217 8
    endloop
  endfacet
  facet normal -0.243062 -0.970011 0
    outer loop
      vertex -27.4844 32.3055 3.5
      vertex -27.0941 32.2077 8
      vertex -27.4844 32.3055 8
    endloop
  endfacet
  facet normal -0.243062 -0.970011 -0
    outer loop
      vertex -27.0941 32.2077 8
      vertex -27.4844 32.3055 3.5
      vertex -27.0941 32.2077 3.5
    endloop
  endfacet
  facet normal 0.740929 -0.671583 0
    outer loop
      vertex -31.4536 30.8853 8
      vertex -31.1834 31.1834 3.5
      vertex -31.1834 31.1834 8
    endloop
  endfacet
  facet normal 0.740929 -0.671583 0
    outer loop
      vertex -31.1834 31.1834 3.5
      vertex -31.4536 30.8853 8
      vertex -31.4536 30.8853 3.5
    endloop
  endfacet
  facet normal -0.0489584 0.998801 0
    outer loop
      vertex -27.8824 24.204 3.5
      vertex -28.2843 24.1843 8
      vertex -27.8824 24.204 8
    endloop
  endfacet
  facet normal -0.0489584 0.998801 0
    outer loop
      vertex -28.2843 24.1843 8
      vertex -27.8824 24.204 3.5
      vertex -28.2843 24.1843 3.5
    endloop
  endfacet
  facet normal -0.427627 -0.903955 0
    outer loop
      vertex -26.7153 32.0722 3.5
      vertex -26.3515 31.9001 8
      vertex -26.7153 32.0722 8
    endloop
  endfacet
  facet normal -0.427627 -0.903955 -0
    outer loop
      vertex -26.3515 31.9001 8
      vertex -26.7153 32.0722 3.5
      vertex -26.3515 31.9001 3.5
    endloop
  endfacet
  facet normal -0.67146 -0.741041 0
    outer loop
      vertex -25.6833 31.4536 3.5
      vertex -25.3851 31.1834 8
      vertex -25.6833 31.4536 8
    endloop
  endfacet
  facet normal -0.67146 -0.741041 -0
    outer loop
      vertex -25.3851 31.1834 8
      vertex -25.6833 31.4536 3.5
      vertex -25.3851 31.1834 3.5
    endloop
  endfacet
  facet normal 0.595697 0.803209 -0
    outer loop
      vertex -30.5621 24.8752 3.5
      vertex -30.8853 25.1149 8
      vertex -30.5621 24.8752 8
    endloop
  endfacet
  facet normal 0.595697 0.803209 0
    outer loop
      vertex -30.8853 25.1149 8
      vertex -30.5621 24.8752 3.5
      vertex -30.8853 25.1149 3.5
    endloop
  endfacet
  facet normal -0.242828 0.970069 0
    outer loop
      vertex -27.0941 24.3608 3.5
      vertex -27.4844 24.2631 8
      vertex -27.0941 24.3608 8
    endloop
  endfacet
  facet normal -0.242828 0.970069 0
    outer loop
      vertex -27.4844 24.2631 8
      vertex -27.0941 24.3608 3.5
      vertex -27.4844 24.2631 3.5
    endloop
  endfacet
  facet normal -0.989154 0.146882 0
    outer loop
      vertex -24.2631 27.4844 3.5
      vertex -24.204 27.8824 8
      vertex -24.204 27.8824 3.5
    endloop
  endfacet
  facet normal -0.989154 0.146882 0
    outer loop
      vertex -24.204 27.8824 8
      vertex -24.2631 27.4844 3.5
      vertex -24.2631 27.4844 8
    endloop
  endfacet
  facet normal -0.51402 0.857778 0
    outer loop
      vertex -26.0064 24.8752 3.5
      vertex -26.3515 24.6684 8
      vertex -26.0064 24.8752 8
    endloop
  endfacet
  facet normal -0.51402 0.857778 0
    outer loop
      vertex -26.3515 24.6684 8
      vertex -26.0064 24.8752 3.5
      vertex -26.3515 24.6684 3.5
    endloop
  endfacet
  facet normal 0.242828 0.970069 -0
    outer loop
      vertex -29.0841 24.2631 3.5
      vertex -29.4744 24.3608 8
      vertex -29.0841 24.2631 8
    endloop
  endfacet
  facet normal 0.242828 0.970069 0
    outer loop
      vertex -29.4744 24.3608 8
      vertex -29.0841 24.2631 3.5
      vertex -29.4744 24.3608 3.5
    endloop
  endfacet
  facet normal 0.595697 -0.803209 0
    outer loop
      vertex -30.8853 31.4536 3.5
      vertex -30.5621 31.6933 8
      vertex -30.8853 31.4536 8
    endloop
  endfacet
  facet normal 0.595697 -0.803209 0
    outer loop
      vertex -30.5621 31.6933 8
      vertex -30.8853 31.4536 3.5
      vertex -30.5621 31.6933 3.5
    endloop
  endfacet
  facet normal 0.998789 0.0492063 0
    outer loop
      vertex -32.3645 27.8824 8
      vertex -32.3843 28.2843 3.5
      vertex -32.3843 28.2843 8
    endloop
  endfacet
  facet normal 0.998789 0.0492063 0
    outer loop
      vertex -32.3843 28.2843 3.5
      vertex -32.3645 27.8824 8
      vertex -32.3645 27.8824 3.5
    endloop
  endfacet
  facet normal 0.970011 0.243062 0
    outer loop
      vertex -32.2077 27.0941 8
      vertex -32.3055 27.4844 3.5
      vertex -32.3055 27.4844 8
    endloop
  endfacet
  facet normal 0.970011 0.243062 0
    outer loop
      vertex -32.3055 27.4844 3.5
      vertex -32.2077 27.0941 8
      vertex -32.2077 27.0941 3.5
    endloop
  endfacet
  facet normal -0.970069 0.242828 0
    outer loop
      vertex -24.3608 27.0941 3.5
      vertex -24.2631 27.4844 8
      vertex -24.2631 27.4844 3.5
    endloop
  endfacet
  facet normal -0.970069 0.242828 0
    outer loop
      vertex -24.2631 27.4844 8
      vertex -24.3608 27.0941 3.5
      vertex -24.3608 27.0941 8
    endloop
  endfacet
  facet normal 0.51402 -0.857778 0
    outer loop
      vertex -30.5621 31.6933 3.5
      vertex -30.217 31.9001 8
      vertex -30.5621 31.6933 8
    endloop
  endfacet
  facet normal 0.51402 -0.857778 0
    outer loop
      vertex -30.217 31.9001 8
      vertex -30.5621 31.6933 3.5
      vertex -30.217 31.9001 3.5
    endloop
  endfacet
  facet normal -0.595816 -0.803121 0
    outer loop
      vertex -26.0064 31.6933 3.5
      vertex -25.6833 31.4536 8
      vertex -26.0064 31.6933 8
    endloop
  endfacet
  facet normal -0.595816 -0.803121 -0
    outer loop
      vertex -25.6833 31.4536 8
      vertex -26.0064 31.6933 3.5
      vertex -25.6833 31.4536 3.5
    endloop
  endfacet
  facet normal 0.903955 0.427627 0
    outer loop
      vertex -31.9001 26.3515 8
      vertex -32.0722 26.7153 3.5
      vertex -32.0722 26.7153 8
    endloop
  endfacet
  facet normal 0.903955 0.427627 0
    outer loop
      vertex -32.0722 26.7153 3.5
      vertex -31.9001 26.3515 8
      vertex -31.9001 26.3515 3.5
    endloop
  endfacet
  facet normal -0.941494 0.337029 0
    outer loop
      vertex -24.4964 26.7153 3.5
      vertex -24.3608 27.0941 8
      vertex -24.3608 27.0941 3.5
    endloop
  endfacet
  facet normal -0.941494 0.337029 0
    outer loop
      vertex -24.3608 27.0941 8
      vertex -24.4964 26.7153 3.5
      vertex -24.4964 26.7153 8
    endloop
  endfacet
  facet normal -0.146639 -0.98919 0
    outer loop
      vertex -27.8824 32.3645 3.5
      vertex -27.4844 32.3055 8
      vertex -27.8824 32.3645 8
    endloop
  endfacet
  facet normal -0.146639 -0.98919 -0
    outer loop
      vertex -27.4844 32.3055 8
      vertex -27.8824 32.3645 3.5
      vertex -27.4844 32.3055 3.5
    endloop
  endfacet
  facet normal 0.427723 -0.90391 0
    outer loop
      vertex -30.217 31.9001 3.5
      vertex -29.8533 32.0722 8
      vertex -30.217 31.9001 8
    endloop
  endfacet
  facet normal 0.427723 -0.90391 0
    outer loop
      vertex -29.8533 32.0722 8
      vertex -30.217 31.9001 3.5
      vertex -29.8533 32.0722 3.5
    endloop
  endfacet
  facet normal -0.51402 -0.857778 0
    outer loop
      vertex -26.3515 31.9001 3.5
      vertex -26.0064 31.6933 8
      vertex -26.3515 31.9001 8
    endloop
  endfacet
  facet normal -0.51402 -0.857778 -0
    outer loop
      vertex -26.0064 31.6933 8
      vertex -26.3515 31.9001 3.5
      vertex -26.0064 31.6933 3.5
    endloop
  endfacet
  facet normal -0.427424 0.904051 0
    outer loop
      vertex -26.3515 24.6684 3.5
      vertex -26.7153 24.4964 8
      vertex -26.3515 24.6684 8
    endloop
  endfacet
  facet normal -0.427424 0.904051 0
    outer loop
      vertex -26.7153 24.4964 8
      vertex -26.3515 24.6684 3.5
      vertex -26.7153 24.4964 3.5
    endloop
  endfacet
  facet normal 0.941573 0.336809 0
    outer loop
      vertex -32.0722 26.7153 8
      vertex -32.2077 27.0941 3.5
      vertex -32.2077 27.0941 8
    endloop
  endfacet
  facet normal 0.941573 0.336809 0
    outer loop
      vertex -32.2077 27.0941 3.5
      vertex -32.0722 26.7153 8
      vertex -32.0722 26.7153 3.5
    endloop
  endfacet
  facet normal -0.857778 0.51402 0
    outer loop
      vertex -24.8752 26.0064 3.5
      vertex -24.6684 26.3515 8
      vertex -24.6684 26.3515 3.5
    endloop
  endfacet
  facet normal -0.857778 0.51402 0
    outer loop
      vertex -24.6684 26.3515 8
      vertex -24.8752 26.0064 3.5
      vertex -24.8752 26.0064 8
    endloop
  endfacet
  facet normal -0.904051 0.427424 0
    outer loop
      vertex -24.6684 26.3515 3.5
      vertex -24.4964 26.7153 8
      vertex -24.4964 26.7153 3.5
    endloop
  endfacet
  facet normal -0.904051 0.427424 0
    outer loop
      vertex -24.4964 26.7153 8
      vertex -24.6684 26.3515 3.5
      vertex -24.6684 26.3515 8
    endloop
  endfacet
  facet normal -0.998801 0.0489584 0
    outer loop
      vertex -24.204 27.8824 3.5
      vertex -24.1843 28.2843 8
      vertex -24.1843 28.2843 3.5
    endloop
  endfacet
  facet normal -0.998801 0.0489584 0
    outer loop
      vertex -24.1843 28.2843 8
      vertex -24.204 27.8824 3.5
      vertex -24.204 27.8824 8
    endloop
  endfacet
  facet normal 0.146639 -0.98919 0
    outer loop
      vertex -29.0841 32.3055 3.5
      vertex -28.6861 32.3645 8
      vertex -29.0841 32.3055 8
    endloop
  endfacet
  facet normal 0.146639 -0.98919 0
    outer loop
      vertex -28.6861 32.3645 8
      vertex -29.0841 32.3055 3.5
      vertex -28.6861 32.3645 3.5
    endloop
  endfacet
  facet normal -0.146882 0.989154 0
    outer loop
      vertex -27.4844 24.2631 3.5
      vertex -27.8824 24.204 8
      vertex -27.4844 24.2631 8
    endloop
  endfacet
  facet normal -0.146882 0.989154 0
    outer loop
      vertex -27.8824 24.204 8
      vertex -27.4844 24.2631 3.5
      vertex -27.8824 24.204 3.5
    endloop
  endfacet
  facet normal -0.941522 -0.33695 0
    outer loop
      vertex -24.3608 29.4744 3.5
      vertex -24.4964 29.8533 8
      vertex -24.4964 29.8533 3.5
    endloop
  endfacet
  facet normal -0.941522 -0.33695 0
    outer loop
      vertex -24.4964 29.8533 8
      vertex -24.3608 29.4744 3.5
      vertex -24.3608 29.4744 8
    endloop
  endfacet
  facet normal -0.741041 0.67146 0
    outer loop
      vertex -25.3851 25.3851 3.5
      vertex -25.1149 25.6833 8
      vertex -25.1149 25.6833 3.5
    endloop
  endfacet
  facet normal -0.741041 0.67146 0
    outer loop
      vertex -25.1149 25.6833 8
      vertex -25.3851 25.3851 3.5
      vertex -25.3851 25.3851 8
    endloop
  endfacet
  facet normal -0.803121 0.595816 0
    outer loop
      vertex -25.1149 25.6833 3.5
      vertex -24.8752 26.0064 8
      vertex -24.8752 26.0064 3.5
    endloop
  endfacet
  facet normal -0.803121 0.595816 0
    outer loop
      vertex -24.8752 26.0064 8
      vertex -25.1149 25.6833 3.5
      vertex -25.1149 25.6833 8
    endloop
  endfacet
  facet normal 0.243062 -0.970011 0
    outer loop
      vertex -29.4744 32.2077 3.5
      vertex -29.0841 32.3055 8
      vertex -29.4744 32.2077 8
    endloop
  endfacet
  facet normal 0.243062 -0.970011 0
    outer loop
      vertex -29.0841 32.3055 8
      vertex -29.4744 32.2077 3.5
      vertex -29.0841 32.3055 3.5
    endloop
  endfacet
  facet normal -0.803209 -0.595697 0
    outer loop
      vertex -24.8752 30.5621 3.5
      vertex -25.1149 30.8853 8
      vertex -25.1149 30.8853 3.5
    endloop
  endfacet
  facet normal -0.803209 -0.595697 0
    outer loop
      vertex -25.1149 30.8853 8
      vertex -24.8752 30.5621 3.5
      vertex -24.8752 30.5621 8
    endloop
  endfacet
  facet normal -0.0492063 -0.998789 0
    outer loop
      vertex -28.2843 32.3843 3.5
      vertex -27.8824 32.3645 8
      vertex -28.2843 32.3843 8
    endloop
  endfacet
  facet normal -0.0492063 -0.998789 -0
    outer loop
      vertex -27.8824 32.3645 8
      vertex -28.2843 32.3843 3.5
      vertex -27.8824 32.3645 3.5
    endloop
  endfacet
  facet normal -0.904006 -0.42752 0
    outer loop
      vertex -24.4964 29.8533 3.5
      vertex -24.6684 30.217 8
      vertex -24.6684 30.217 3.5
    endloop
  endfacet
  facet normal -0.904006 -0.42752 0
    outer loop
      vertex -24.6684 30.217 8
      vertex -24.4964 29.8533 3.5
      vertex -24.4964 29.8533 8
    endloop
  endfacet
  facet normal 0.857778 -0.51402 0
    outer loop
      vertex -31.9001 30.217 8
      vertex -31.6933 30.5621 3.5
      vertex -31.6933 30.5621 8
    endloop
  endfacet
  facet normal 0.857778 -0.51402 0
    outer loop
      vertex -31.6933 30.5621 3.5
      vertex -31.9001 30.217 8
      vertex -31.9001 30.217 3.5
    endloop
  endfacet
  facet normal 0.671583 -0.740929 0
    outer loop
      vertex -31.1834 31.1834 3.5
      vertex -30.8853 31.4536 8
      vertex -31.1834 31.1834 8
    endloop
  endfacet
  facet normal 0.671583 -0.740929 0
    outer loop
      vertex -30.8853 31.4536 8
      vertex -31.1834 31.1834 3.5
      vertex -30.8853 31.4536 3.5
    endloop
  endfacet
  facet normal 0.857778 0.51402 0
    outer loop
      vertex -31.6933 26.0064 8
      vertex -31.9001 26.3515 3.5
      vertex -31.9001 26.3515 8
    endloop
  endfacet
  facet normal 0.857778 0.51402 0
    outer loop
      vertex -31.9001 26.3515 3.5
      vertex -31.6933 26.0064 8
      vertex -31.6933 26.0064 3.5
    endloop
  endfacet
  facet normal 0.42752 0.904006 -0
    outer loop
      vertex -29.8533 24.4964 3.5
      vertex -30.217 24.6684 8
      vertex -29.8533 24.4964 8
    endloop
  endfacet
  facet normal 0.42752 0.904006 0
    outer loop
      vertex -30.217 24.6684 8
      vertex -29.8533 24.4964 3.5
      vertex -30.217 24.6684 3.5
    endloop
  endfacet
  facet normal 0.741041 0.67146 0
    outer loop
      vertex -31.1834 25.3851 8
      vertex -31.4536 25.6833 3.5
      vertex -31.4536 25.6833 8
    endloop
  endfacet
  facet normal 0.741041 0.67146 0
    outer loop
      vertex -31.4536 25.6833 3.5
      vertex -31.1834 25.3851 8
      vertex -31.1834 25.3851 3.5
    endloop
  endfacet
  facet normal 0.33673 -0.941601 0
    outer loop
      vertex -29.8533 32.0722 3.5
      vertex -29.4744 32.2077 8
      vertex -29.8533 32.0722 8
    endloop
  endfacet
  facet normal 0.33673 -0.941601 0
    outer loop
      vertex -29.4744 32.2077 8
      vertex -29.8533 32.0722 3.5
      vertex -29.4744 32.2077 3.5
    endloop
  endfacet
  facet normal 0.51402 0.857778 -0
    outer loop
      vertex -30.217 24.6684 3.5
      vertex -30.5621 24.8752 8
      vertex -30.217 24.6684 8
    endloop
  endfacet
  facet normal 0.51402 0.857778 0
    outer loop
      vertex -30.5621 24.8752 8
      vertex -30.217 24.6684 3.5
      vertex -30.5621 24.8752 3.5
    endloop
  endfacet
  facet normal -0.595816 0.803121 0
    outer loop
      vertex -25.6833 25.1149 3.5
      vertex -26.0064 24.8752 8
      vertex -25.6833 25.1149 8
    endloop
  endfacet
  facet normal -0.595816 0.803121 0
    outer loop
      vertex -26.0064 24.8752 8
      vertex -25.6833 25.1149 3.5
      vertex -26.0064 24.8752 3.5
    endloop
  endfacet
  facet normal 0.0492185 -0.998788 0
    outer loop
      vertex -28.6861 32.3645 3.5
      vertex -28.2843 32.3843 8
      vertex -28.6861 32.3645 8
    endloop
  endfacet
  facet normal 0.0492185 -0.998788 0
    outer loop
      vertex -28.2843 32.3843 8
      vertex -28.6861 32.3645 3.5
      vertex -28.2843 32.3843 3.5
    endloop
  endfacet
  facet normal 0.941601 -0.33673 0
    outer loop
      vertex -32.2077 29.4744 8
      vertex -32.0722 29.8533 3.5
      vertex -32.0722 29.8533 8
    endloop
  endfacet
  facet normal 0.941601 -0.33673 0
    outer loop
      vertex -32.0722 29.8533 3.5
      vertex -32.2077 29.4744 8
      vertex -32.2077 29.4744 3.5
    endloop
  endfacet
  facet normal -0.336809 -0.941573 0
    outer loop
      vertex -27.0941 32.2077 3.5
      vertex -26.7153 32.0722 8
      vertex -27.0941 32.2077 8
    endloop
  endfacet
  facet normal -0.336809 -0.941573 -0
    outer loop
      vertex -26.7153 32.0722 8
      vertex -27.0941 32.2077 3.5
      vertex -26.7153 32.0722 3.5
    endloop
  endfacet
  facet normal 0.803121 0.595816 0
    outer loop
      vertex -31.4536 25.6833 8
      vertex -31.6933 26.0064 3.5
      vertex -31.6933 26.0064 8
    endloop
  endfacet
  facet normal 0.803121 0.595816 0
    outer loop
      vertex -31.6933 26.0064 3.5
      vertex -31.4536 25.6833 8
      vertex -31.4536 25.6833 3.5
    endloop
  endfacet
  facet normal 0.970011 -0.243062 0
    outer loop
      vertex -32.3055 29.0841 8
      vertex -32.2077 29.4744 3.5
      vertex -32.2077 29.4744 8
    endloop
  endfacet
  facet normal 0.970011 -0.243062 0
    outer loop
      vertex -32.2077 29.4744 3.5
      vertex -32.3055 29.0841 8
      vertex -32.3055 29.0841 3.5
    endloop
  endfacet
  facet normal 0.98919 0.146639 0
    outer loop
      vertex -32.3055 27.4844 8
      vertex -32.3645 27.8824 3.5
      vertex -32.3645 27.8824 8
    endloop
  endfacet
  facet normal 0.98919 0.146639 0
    outer loop
      vertex -32.3645 27.8824 3.5
      vertex -32.3055 27.4844 8
      vertex -32.3055 27.4844 3.5
    endloop
  endfacet
  facet normal 0.90391 -0.427723 0
    outer loop
      vertex -32.0722 29.8533 8
      vertex -31.9001 30.217 3.5
      vertex -31.9001 30.217 8
    endloop
  endfacet
  facet normal 0.90391 -0.427723 0
    outer loop
      vertex -31.9001 30.217 3.5
      vertex -32.0722 29.8533 8
      vertex -32.0722 29.8533 3.5
    endloop
  endfacet
  facet normal 0 0 1
    outer loop
      vertex -26.0343 28.2843 3.5
      vertex -24.1843 28.2843 3.5
      vertex -24.204 28.6861 3.5
    endloop
  endfacet
  facet normal 0 0 1
    outer loop
      vertex -26.0451 28.5048 3.5
      vertex -24.204 28.6861 3.5
      vertex -24.2631 29.0841 3.5
    endloop
  endfacet
  facet normal 0 0 1
    outer loop
      vertex -24.1843 28.2843 3.5
      vertex -26.0343 28.2843 3.5
      vertex -24.204 27.8824 3.5
    endloop
  endfacet
  facet normal 0 0 1
    outer loop
      vertex -26.0775 28.7232 3.5
      vertex -24.2631 29.0841 3.5
      vertex -24.3608 29.4744 3.5
    endloop
  endfacet
  facet normal -0 0 1
    outer loop
      vertex -26.0451 28.0637 3.5
      vertex -24.204 27.8824 3.5
      vertex -26.0343 28.2843 3.5
    endloop
  endfacet
  facet normal 0 0 1
    outer loop
      vertex -26.1312 28.9374 3.5
      vertex -24.3608 29.4744 3.5
      vertex -24.4964 29.8533 3.5
    endloop
  endfacet
  facet normal 0 0 1
    outer loop
      vertex -24.204 27.8824 3.5
      vertex -26.0451 28.0637 3.5
      vertex -24.2631 27.4844 3.5
    endloop
  endfacet
  facet normal 0 0 1
    outer loop
      vertex -26.2055 29.1453 3.5
      vertex -24.4964 29.8533 3.5
      vertex -24.6684 30.217 3.5
    endloop
  endfacet
  facet normal -0 0 1
    outer loop
      vertex -26.0775 27.8453 3.5
      vertex -24.2631 27.4844 3.5
      vertex -26.0451 28.0637 3.5
    endloop
  endfacet
  facet normal 0 0 1
    outer loop
      vertex -26.2999 29.3449 3.5
      vertex -24.6684 30.217 3.5
      vertex -24.8752 30.5621 3.5
    endloop
  endfacet
  facet normal 0 0 1
    outer loop
      vertex -24.2631 27.4844 3.5
      vertex -26.0775 27.8453 3.5
      vertex -24.3608 27.0941 3.5
    endloop
  endfacet
  facet normal 0 0 1
    outer loop
      vertex -26.4135 29.5343 3.5
      vertex -24.8752 30.5621 3.5
      vertex -25.1149 30.8853 3.5
    endloop
  endfacet
  facet normal -0 0 1
    outer loop
      vertex -26.1312 27.6311 3.5
      vertex -24.3608 27.0941 3.5
      vertex -26.0775 27.8453 3.5
    endloop
  endfacet
  facet normal 0 0 1
    outer loop
      vertex -26.545 29.7117 3.5
      vertex -25.1149 30.8853 3.5
      vertex -25.3851 31.1834 3.5
    endloop
  endfacet
  facet normal 0 0 1
    outer loop
      vertex -24.3608 27.0941 3.5
      vertex -26.1312 27.6311 3.5
      vertex -24.4964 26.7153 3.5
    endloop
  endfacet
  facet normal 0 0 1
    outer loop
      vertex -26.6933 29.8753 3.5
      vertex -25.3851 31.1834 3.5
      vertex -25.6833 31.4536 3.5
    endloop
  endfacet
  facet normal -0 0 1
    outer loop
      vertex -26.2055 27.4232 3.5
      vertex -24.4964 26.7153 3.5
      vertex -26.1312 27.6311 3.5
    endloop
  endfacet
  facet normal 0 0 1
    outer loop
      vertex -26.8569 30.0235 3.5
      vertex -25.6833 31.4536 3.5
      vertex -26.0064 31.6933 3.5
    endloop
  endfacet
  facet normal 0 0 1
    outer loop
      vertex -24.4964 26.7153 3.5
      vertex -26.2055 27.4232 3.5
      vertex -24.6684 26.3515 3.5
    endloop
  endfacet
  facet normal -0 0 1
    outer loop
      vertex -26.2999 27.2236 3.5
      vertex -24.6684 26.3515 3.5
      vertex -26.2055 27.4232 3.5
    endloop
  endfacet
  facet normal 0 0 1
    outer loop
      vertex -24.204 28.6861 3.5
      vertex -26.0451 28.5048 3.5
      vertex -26.0343 28.2843 3.5
    endloop
  endfacet
  facet normal 0 0 1
    outer loop
      vertex -24.2631 29.0841 3.5
      vertex -26.0775 28.7232 3.5
      vertex -26.0451 28.5048 3.5
    endloop
  endfacet
  facet normal 0 0 1
    outer loop
      vertex -24.3608 29.4744 3.5
      vertex -26.1312 28.9374 3.5
      vertex -26.0775 28.7232 3.5
    endloop
  endfacet
  facet normal 0 0 1
    outer loop
      vertex -24.4964 29.8533 3.5
      vertex -26.2055 29.1453 3.5
      vertex -26.1312 28.9374 3.5
    endloop
  endfacet
  facet normal 0 0 1
    outer loop
      vertex -24.6684 30.217 3.5
      vertex -26.2999 29.3449 3.5
      vertex -26.2055 29.1453 3.5
    endloop
  endfacet
  facet normal 0 0 1
    outer loop
      vertex -27.0342 30.1551 3.5
      vertex -26.0064 31.6933 3.5
      vertex -26.3515 31.9001 3.5
    endloop
  endfacet
  facet normal 0 0 1
    outer loop
      vertex -24.8752 30.5621 3.5
      vertex -26.4135 29.5343 3.5
      vertex -26.2999 29.3449 3.5
    endloop
  endfacet
  facet normal 0 0 1
    outer loop
      vertex -25.1149 30.8853 3.5
      vertex -26.545 29.7117 3.5
      vertex -26.4135 29.5343 3.5
    endloop
  endfacet
  facet normal 0 0 1
    outer loop
      vertex -25.3851 31.1834 3.5
      vertex -26.6933 29.8753 3.5
      vertex -26.545 29.7117 3.5
    endloop
  endfacet
  facet normal 0 0 1
    outer loop
      vertex -27.2236 30.2686 3.5
      vertex -26.3515 31.9001 3.5
      vertex -26.7153 32.0722 3.5
    endloop
  endfacet
  facet normal 0 0 1
    outer loop
      vertex -25.6833 31.4536 3.5
      vertex -26.8569 30.0235 3.5
      vertex -26.6933 29.8753 3.5
    endloop
  endfacet
  facet normal 0 0 1
    outer loop
      vertex -26.0064 31.6933 3.5
      vertex -27.0342 30.1551 3.5
      vertex -26.8569 30.0235 3.5
    endloop
  endfacet
  facet normal 0 0 1
    outer loop
      vertex -27.4232 30.363 3.5
      vertex -26.7153 32.0722 3.5
      vertex -27.0941 32.2077 3.5
    endloop
  endfacet
  facet normal 0 0 1
    outer loop
      vertex -26.3515 31.9001 3.5
      vertex -27.2236 30.2686 3.5
      vertex -27.0342 30.1551 3.5
    endloop
  endfacet
  facet normal 0 0 1
    outer loop
      vertex -26.7153 32.0722 3.5
      vertex -27.4232 30.363 3.5
      vertex -27.2236 30.2686 3.5
    endloop
  endfacet
  facet normal 0 0 1
    outer loop
      vertex -27.6311 30.4374 3.5
      vertex -27.0941 32.2077 3.5
      vertex -27.4844 32.3055 3.5
    endloop
  endfacet
  facet normal 0 0 1
    outer loop
      vertex -27.0941 32.2077 3.5
      vertex -27.6311 30.4374 3.5
      vertex -27.4232 30.363 3.5
    endloop
  endfacet
  facet normal 0 0 1
    outer loop
      vertex -27.4844 32.3055 3.5
      vertex -27.8453 30.491 3.5
      vertex -27.6311 30.4374 3.5
    endloop
  endfacet
  facet normal 0 0 1
    outer loop
      vertex -27.8824 32.3645 3.5
      vertex -27.8453 30.491 3.5
      vertex -27.4844 32.3055 3.5
    endloop
  endfacet
  facet normal 0 0 1
    outer loop
      vertex -27.8824 32.3645 3.5
      vertex -28.0637 30.5234 3.5
      vertex -27.8453 30.491 3.5
    endloop
  endfacet
  facet normal 0 0 1
    outer loop
      vertex -28.2843 32.3843 3.5
      vertex -28.0637 30.5234 3.5
      vertex -27.8824 32.3645 3.5
    endloop
  endfacet
  facet normal 0 0 1
    outer loop
      vertex -28.2843 32.3843 3.5
      vertex -28.2843 30.5343 3.5
      vertex -28.0637 30.5234 3.5
    endloop
  endfacet
  facet normal 0 0 1
    outer loop
      vertex -28.2843 32.3843 3.5
      vertex -28.5048 30.5234 3.5
      vertex -28.2843 30.5343 3.5
    endloop
  endfacet
  facet normal -0 0 1
    outer loop
      vertex -28.6861 32.3645 3.5
      vertex -28.5048 30.5234 3.5
      vertex -28.2843 32.3843 3.5
    endloop
  endfacet
  facet normal 0 0 1
    outer loop
      vertex -28.6861 32.3645 3.5
      vertex -28.7232 30.491 3.5
      vertex -28.5048 30.5234 3.5
    endloop
  endfacet
  facet normal -0 0 1
    outer loop
      vertex -29.0841 32.3055 3.5
      vertex -28.7232 30.491 3.5
      vertex -28.6861 32.3645 3.5
    endloop
  endfacet
  facet normal 0 0 1
    outer loop
      vertex -28.7232 30.491 3.5
      vertex -29.0841 32.3055 3.5
      vertex -28.9374 30.4374 3.5
    endloop
  endfacet
  facet normal -0 0 1
    outer loop
      vertex -29.4744 32.2077 3.5
      vertex -28.9374 30.4374 3.5
      vertex -29.0841 32.3055 3.5
    endloop
  endfacet
  facet normal 0 0 1
    outer loop
      vertex -28.9374 30.4374 3.5
      vertex -29.4744 32.2077 3.5
      vertex -29.1453 30.363 3.5
    endloop
  endfacet
  facet normal -0 0 1
    outer loop
      vertex -29.8533 32.0722 3.5
      vertex -29.1453 30.363 3.5
      vertex -29.4744 32.2077 3.5
    endloop
  endfacet
  facet normal 0 0 1
    outer loop
      vertex -29.1453 30.363 3.5
      vertex -29.8533 32.0722 3.5
      vertex -29.3449 30.2686 3.5
    endloop
  endfacet
  facet normal -0 0 1
    outer loop
      vertex -30.217 31.9001 3.5
      vertex -29.3449 30.2686 3.5
      vertex -29.8533 32.0722 3.5
    endloop
  endfacet
  facet normal 0 0 1
    outer loop
      vertex -29.3449 30.2686 3.5
      vertex -30.217 31.9001 3.5
      vertex -29.5343 30.1551 3.5
    endloop
  endfacet
  facet normal -0 0 1
    outer loop
      vertex -30.5621 31.6933 3.5
      vertex -29.5343 30.1551 3.5
      vertex -30.217 31.9001 3.5
    endloop
  endfacet
  facet normal 0 0 1
    outer loop
      vertex -29.5343 30.1551 3.5
      vertex -30.5621 31.6933 3.5
      vertex -29.7117 30.0235 3.5
    endloop
  endfacet
  facet normal -0 0 1
    outer loop
      vertex -30.8853 31.4536 3.5
      vertex -29.7117 30.0235 3.5
      vertex -30.5621 31.6933 3.5
    endloop
  endfacet
  facet normal 0 0 1
    outer loop
      vertex -29.7117 30.0235 3.5
      vertex -30.8853 31.4536 3.5
      vertex -29.8753 29.8753 3.5
    endloop
  endfacet
  facet normal -0 0 1
    outer loop
      vertex -31.1834 31.1834 3.5
      vertex -29.8753 29.8753 3.5
      vertex -30.8853 31.4536 3.5
    endloop
  endfacet
  facet normal 0 0 1
    outer loop
      vertex -29.8753 29.8753 3.5
      vertex -31.1834 31.1834 3.5
      vertex -30.0235 29.7117 3.5
    endloop
  endfacet
  facet normal -0 0 1
    outer loop
      vertex -31.4536 30.8853 3.5
      vertex -30.0235 29.7117 3.5
      vertex -31.1834 31.1834 3.5
    endloop
  endfacet
  facet normal 0 0 1
    outer loop
      vertex -30.0235 29.7117 3.5
      vertex -31.4536 30.8853 3.5
      vertex -30.1551 29.5343 3.5
    endloop
  endfacet
  facet normal -0 0 1
    outer loop
      vertex -31.6933 30.5621 3.5
      vertex -30.1551 29.5343 3.5
      vertex -31.4536 30.8853 3.5
    endloop
  endfacet
  facet normal -0 0 1
    outer loop
      vertex -31.9001 30.217 3.5
      vertex -30.2686 29.3449 3.5
      vertex -31.6933 30.5621 3.5
    endloop
  endfacet
  facet normal 0 0 1
    outer loop
      vertex -30.1551 29.5343 3.5
      vertex -31.6933 30.5621 3.5
      vertex -30.2686 29.3449 3.5
    endloop
  endfacet
  facet normal 0 0 1
    outer loop
      vertex -24.6684 26.3515 3.5
      vertex -26.2999 27.2236 3.5
      vertex -24.8752 26.0064 3.5
    endloop
  endfacet
  facet normal -0 0 1
    outer loop
      vertex -26.4135 27.0342 3.5
      vertex -24.8752 26.0064 3.5
      vertex -26.2999 27.2236 3.5
    endloop
  endfacet
  facet normal 0 0 1
    outer loop
      vertex -24.8752 26.0064 3.5
      vertex -26.4135 27.0342 3.5
      vertex -25.1149 25.6833 3.5
    endloop
  endfacet
  facet normal -0 0 1
    outer loop
      vertex -26.545 26.8569 3.5
      vertex -25.1149 25.6833 3.5
      vertex -26.4135 27.0342 3.5
    endloop
  endfacet
  facet normal 0 0 1
    outer loop
      vertex -25.1149 25.6833 3.5
      vertex -26.545 26.8569 3.5
      vertex -25.3851 25.3851 3.5
    endloop
  endfacet
  facet normal -0 0 1
    outer loop
      vertex -26.6933 26.6933 3.5
      vertex -25.3851 25.3851 3.5
      vertex -26.545 26.8569 3.5
    endloop
  endfacet
  facet normal 0 0 1
    outer loop
      vertex -25.3851 25.3851 3.5
      vertex -26.6933 26.6933 3.5
      vertex -25.6833 25.1149 3.5
    endloop
  endfacet
  facet normal -0 0 1
    outer loop
      vertex -26.8569 26.545 3.5
      vertex -25.6833 25.1149 3.5
      vertex -26.6933 26.6933 3.5
    endloop
  endfacet
  facet normal 0 0 1
    outer loop
      vertex -25.6833 25.1149 3.5
      vertex -26.8569 26.545 3.5
      vertex -26.0064 24.8752 3.5
    endloop
  endfacet
  facet normal -0 0 1
    outer loop
      vertex -27.0342 26.4135 3.5
      vertex -26.0064 24.8752 3.5
      vertex -26.8569 26.545 3.5
    endloop
  endfacet
  facet normal 0 0 1
    outer loop
      vertex -26.0064 24.8752 3.5
      vertex -27.0342 26.4135 3.5
      vertex -26.3515 24.6684 3.5
    endloop
  endfacet
  facet normal -0 0 1
    outer loop
      vertex -27.2236 26.2999 3.5
      vertex -26.3515 24.6684 3.5
      vertex -27.0342 26.4135 3.5
    endloop
  endfacet
  facet normal 0 0 1
    outer loop
      vertex -26.3515 24.6684 3.5
      vertex -27.2236 26.2999 3.5
      vertex -26.7153 24.4964 3.5
    endloop
  endfacet
  facet normal -0 0 1
    outer loop
      vertex -27.4232 26.2055 3.5
      vertex -26.7153 24.4964 3.5
      vertex -27.2236 26.2999 3.5
    endloop
  endfacet
  facet normal 0 0 1
    outer loop
      vertex -26.7153 24.4964 3.5
      vertex -27.4232 26.2055 3.5
      vertex -27.0941 24.3608 3.5
    endloop
  endfacet
  facet normal -0 0 1
    outer loop
      vertex -27.6311 26.1312 3.5
      vertex -27.0941 24.3608 3.5
      vertex -27.4232 26.2055 3.5
    endloop
  endfacet
  facet normal 0 0 1
    outer loop
      vertex -27.0941 24.3608 3.5
      vertex -27.6311 26.1312 3.5
      vertex -27.4844 24.2631 3.5
    endloop
  endfacet
  facet normal -0 0 1
    outer loop
      vertex -27.8453 26.0775 3.5
      vertex -27.4844 24.2631 3.5
      vertex -27.6311 26.1312 3.5
    endloop
  endfacet
  facet normal 0 0 1
    outer loop
      vertex -27.8453 26.0775 3.5
      vertex -27.8824 24.204 3.5
      vertex -27.4844 24.2631 3.5
    endloop
  endfacet
  facet normal -0 0 1
    outer loop
      vertex -28.0637 26.0451 3.5
      vertex -27.8824 24.204 3.5
      vertex -27.8453 26.0775 3.5
    endloop
  endfacet
  facet normal -0 0 1
    outer loop
      vertex -28.2843 26.0343 3.5
      vertex -27.8824 24.204 3.5
      vertex -28.0637 26.0451 3.5
    endloop
  endfacet
  facet normal 0 0 1
    outer loop
      vertex -28.2843 26.0343 3.5
      vertex -28.2843 24.1843 3.5
      vertex -27.8824 24.204 3.5
    endloop
  endfacet
  facet normal 0 0 1
    outer loop
      vertex -28.5048 26.0451 3.5
      vertex -28.2843 24.1843 3.5
      vertex -28.2843 26.0343 3.5
    endloop
  endfacet
  facet normal 0 0 1
    outer loop
      vertex -28.5048 26.0451 3.5
      vertex -28.6861 24.204 3.5
      vertex -28.2843 24.1843 3.5
    endloop
  endfacet
  facet normal 0 0 1
    outer loop
      vertex -28.7232 26.0775 3.5
      vertex -28.6861 24.204 3.5
      vertex -28.5048 26.0451 3.5
    endloop
  endfacet
  facet normal 0 0 1
    outer loop
      vertex -29.0841 24.2631 3.5
      vertex -28.7232 26.0775 3.5
      vertex -28.9374 26.1312 3.5
    endloop
  endfacet
  facet normal 0 0 1
    outer loop
      vertex -28.7232 26.0775 3.5
      vertex -29.0841 24.2631 3.5
      vertex -28.6861 24.204 3.5
    endloop
  endfacet
  facet normal 0 0 1
    outer loop
      vertex -29.4744 24.3608 3.5
      vertex -28.9374 26.1312 3.5
      vertex -29.1453 26.2055 3.5
    endloop
  endfacet
  facet normal 0 0 1
    outer loop
      vertex -29.8533 24.4964 3.5
      vertex -29.1453 26.2055 3.5
      vertex -29.3449 26.2999 3.5
    endloop
  endfacet
  facet normal 0 0 1
    outer loop
      vertex -28.9374 26.1312 3.5
      vertex -29.4744 24.3608 3.5
      vertex -29.0841 24.2631 3.5
    endloop
  endfacet
  facet normal 0 0 1
    outer loop
      vertex -30.217 24.6684 3.5
      vertex -29.3449 26.2999 3.5
      vertex -29.5343 26.4135 3.5
    endloop
  endfacet
  facet normal 0 0 1
    outer loop
      vertex -30.5621 24.8752 3.5
      vertex -29.5343 26.4135 3.5
      vertex -29.7117 26.545 3.5
    endloop
  endfacet
  facet normal 0 0 1
    outer loop
      vertex -29.1453 26.2055 3.5
      vertex -29.8533 24.4964 3.5
      vertex -29.4744 24.3608 3.5
    endloop
  endfacet
  facet normal 0 0 1
    outer loop
      vertex -30.8853 25.1149 3.5
      vertex -29.7117 26.545 3.5
      vertex -29.8753 26.6933 3.5
    endloop
  endfacet
  facet normal 0 0 1
    outer loop
      vertex -31.1834 25.3851 3.5
      vertex -29.8753 26.6933 3.5
      vertex -30.0235 26.8569 3.5
    endloop
  endfacet
  facet normal 0 0 1
    outer loop
      vertex -31.4536 25.6833 3.5
      vertex -30.0235 26.8569 3.5
      vertex -30.1551 27.0342 3.5
    endloop
  endfacet
  facet normal 0 0 1
    outer loop
      vertex -29.3449 26.2999 3.5
      vertex -30.217 24.6684 3.5
      vertex -29.8533 24.4964 3.5
    endloop
  endfacet
  facet normal 0 0 1
    outer loop
      vertex -31.6933 26.0064 3.5
      vertex -30.1551 27.0342 3.5
      vertex -30.2686 27.2236 3.5
    endloop
  endfacet
  facet normal 0 0 1
    outer loop
      vertex -31.9001 26.3515 3.5
      vertex -30.2686 27.2236 3.5
      vertex -30.363 27.4232 3.5
    endloop
  endfacet
  facet normal 0 0 1
    outer loop
      vertex -32.0722 26.7153 3.5
      vertex -30.363 27.4232 3.5
      vertex -30.4374 27.6311 3.5
    endloop
  endfacet
  facet normal 0 0 1
    outer loop
      vertex -32.2077 27.0941 3.5
      vertex -30.4374 27.6311 3.5
      vertex -30.491 27.8453 3.5
    endloop
  endfacet
  facet normal 0 0 1
    outer loop
      vertex -32.3055 27.4844 3.5
      vertex -30.491 27.8453 3.5
      vertex -30.5234 28.0637 3.5
    endloop
  endfacet
  facet normal 0 0 1
    outer loop
      vertex -29.5343 26.4135 3.5
      vertex -30.5621 24.8752 3.5
      vertex -30.217 24.6684 3.5
    endloop
  endfacet
  facet normal 0 0 1
    outer loop
      vertex -32.3645 27.8824 3.5
      vertex -30.5234 28.0637 3.5
      vertex -30.5343 28.2843 3.5
    endloop
  endfacet
  facet normal 0 0 1
    outer loop
      vertex -30.2686 29.3449 3.5
      vertex -31.9001 30.217 3.5
      vertex -30.363 29.1453 3.5
    endloop
  endfacet
  facet normal -0 0 1
    outer loop
      vertex -32.0722 29.8533 3.5
      vertex -30.363 29.1453 3.5
      vertex -31.9001 30.217 3.5
    endloop
  endfacet
  facet normal 0 0 1
    outer loop
      vertex -29.7117 26.545 3.5
      vertex -30.8853 25.1149 3.5
      vertex -30.5621 24.8752 3.5
    endloop
  endfacet
  facet normal 0 0 1
    outer loop
      vertex -30.363 29.1453 3.5
      vertex -32.0722 29.8533 3.5
      vertex -30.4374 28.9374 3.5
    endloop
  endfacet
  facet normal 0 0 1
    outer loop
      vertex -29.8753 26.6933 3.5
      vertex -31.1834 25.3851 3.5
      vertex -30.8853 25.1149 3.5
    endloop
  endfacet
  facet normal -0 0 1
    outer loop
      vertex -32.2077 29.4744 3.5
      vertex -30.4374 28.9374 3.5
      vertex -32.0722 29.8533 3.5
    endloop
  endfacet
  facet normal 0 0 1
    outer loop
      vertex -30.0235 26.8569 3.5
      vertex -31.4536 25.6833 3.5
      vertex -31.1834 25.3851 3.5
    endloop
  endfacet
  facet normal 0 0 1
    outer loop
      vertex -30.4374 28.9374 3.5
      vertex -32.2077 29.4744 3.5
      vertex -30.491 28.7232 3.5
    endloop
  endfacet
  facet normal 0 0 1
    outer loop
      vertex -30.1551 27.0342 3.5
      vertex -31.6933 26.0064 3.5
      vertex -31.4536 25.6833 3.5
    endloop
  endfacet
  facet normal -0 0 1
    outer loop
      vertex -32.3055 29.0841 3.5
      vertex -30.491 28.7232 3.5
      vertex -32.2077 29.4744 3.5
    endloop
  endfacet
  facet normal 0 0 1
    outer loop
      vertex -30.2686 27.2236 3.5
      vertex -31.9001 26.3515 3.5
      vertex -31.6933 26.0064 3.5
    endloop
  endfacet
  facet normal 0 0 1
    outer loop
      vertex -30.491 28.7232 3.5
      vertex -32.3055 29.0841 3.5
      vertex -30.5234 28.5048 3.5
    endloop
  endfacet
  facet normal 0 0 1
    outer loop
      vertex -30.363 27.4232 3.5
      vertex -32.0722 26.7153 3.5
      vertex -31.9001 26.3515 3.5
    endloop
  endfacet
  facet normal -0 0 1
    outer loop
      vertex -32.3645 28.6861 3.5
      vertex -30.5234 28.5048 3.5
      vertex -32.3055 29.0841 3.5
    endloop
  endfacet
  facet normal 0 0 1
    outer loop
      vertex -30.4374 27.6311 3.5
      vertex -32.2077 27.0941 3.5
      vertex -32.0722 26.7153 3.5
    endloop
  endfacet
  facet normal 0 0 1
    outer loop
      vertex -30.5234 28.5048 3.5
      vertex -32.3645 28.6861 3.5
      vertex -30.5343 28.2843 3.5
    endloop
  endfacet
  facet normal 0 0 1
    outer loop
      vertex -30.491 27.8453 3.5
      vertex -32.3055 27.4844 3.5
      vertex -32.2077 27.0941 3.5
    endloop
  endfacet
  facet normal 0 0 1
    outer loop
      vertex -32.3843 28.2843 3.5
      vertex -30.5343 28.2843 3.5
      vertex -32.3645 28.6861 3.5
    endloop
  endfacet
  facet normal 0 0 1
    outer loop
      vertex -30.5234 28.0637 3.5
      vertex -32.3645 27.8824 3.5
      vertex -32.3055 27.4844 3.5
    endloop
  endfacet
  facet normal 0 0 1
    outer loop
      vertex -30.5343 28.2843 3.5
      vertex -32.3843 28.2843 3.5
      vertex -32.3645 27.8824 3.5
    endloop
  endfacet
  facet normal 0.671583 0.740929 -0
    outer loop
      vertex -30.8853 25.1149 3.5
      vertex -31.1834 25.3851 8
      vertex -30.8853 25.1149 8
    endloop
  endfacet
  facet normal 0.671583 0.740929 0
    outer loop
      vertex -31.1834 25.3851 8
      vertex -30.8853 25.1149 3.5
      vertex -31.1834 25.3851 3.5
    endloop
  endfacet
  facet normal 0.803209 -0.595697 0
    outer loop
      vertex -31.6933 30.5621 8
      vertex -31.4536 30.8853 3.5
      vertex -31.4536 30.8853 8
    endloop
  endfacet
  facet normal 0.803209 -0.595697 0
    outer loop
      vertex -31.4536 30.8853 3.5
      vertex -31.6933 30.5621 8
      vertex -31.6933 30.5621 3.5
    endloop
  endfacet
  facet normal 0.0489705 0.9988 -0
    outer loop
      vertex -28.2843 24.1843 3.5
      vertex -28.6861 24.204 8
      vertex -28.2843 24.1843 8
    endloop
  endfacet
  facet normal 0.0489705 0.9988 0
    outer loop
      vertex -28.6861 24.204 8
      vertex -28.2843 24.1843 3.5
      vertex -28.6861 24.204 3.5
    endloop
  endfacet
  facet normal 0.146882 0.989154 -0
    outer loop
      vertex -28.6861 24.204 3.5
      vertex -29.0841 24.2631 8
      vertex -28.6861 24.204 8
    endloop
  endfacet
  facet normal 0.146882 0.989154 0
    outer loop
      vertex -29.0841 24.2631 8
      vertex -28.6861 24.204 3.5
      vertex -29.0841 24.2631 3.5
    endloop
  endfacet
  facet normal 0.98919 -0.146639 0
    outer loop
      vertex -32.3645 28.6861 8
      vertex -32.3055 29.0841 3.5
      vertex -32.3055 29.0841 8
    endloop
  endfacet
  facet normal 0.98919 -0.146639 0
    outer loop
      vertex -32.3055 29.0841 3.5
      vertex -32.3645 28.6861 8
      vertex -32.3645 28.6861 3.5
    endloop
  endfacet
  facet normal 0.998788 -0.0492185 0
    outer loop
      vertex -32.3843 28.2843 8
      vertex -32.3645 28.6861 3.5
      vertex -32.3645 28.6861 8
    endloop
  endfacet
  facet normal 0.998788 -0.0492185 0
    outer loop
      vertex -32.3645 28.6861 3.5
      vertex -32.3843 28.2843 8
      vertex -32.3843 28.2843 3.5
    endloop
  endfacet
  facet normal 0.33695 0.941522 -0
    outer loop
      vertex -29.4744 24.3608 3.5
      vertex -29.8533 24.4964 8
      vertex -29.4744 24.3608 8
    endloop
  endfacet
  facet normal 0.33695 0.941522 0
    outer loop
      vertex -29.8533 24.4964 8
      vertex -29.4744 24.3608 3.5
      vertex -29.8533 24.4964 3.5
    endloop
  endfacet
  facet normal -0.67146 0.741041 0
    outer loop
      vertex -25.3851 25.3851 3.5
      vertex -25.6833 25.1149 8
      vertex -25.3851 25.3851 8
    endloop
  endfacet
  facet normal -0.67146 0.741041 0
    outer loop
      vertex -25.6833 25.1149 8
      vertex -25.3851 25.3851 3.5
      vertex -25.6833 25.1149 3.5
    endloop
  endfacet
  facet normal -0.989174 -0.146746 0
    outer loop
      vertex -26.0451 -28.0637 0
      vertex -26.0775 -27.8453 3.5
      vertex -26.0775 -27.8453 0
    endloop
  endfacet
  facet normal -0.989174 -0.146746 0
    outer loop
      vertex -26.0775 -27.8453 3.5
      vertex -26.0451 -28.0637 0
      vertex -26.0451 -28.0637 3.5
    endloop
  endfacet
  facet normal -0.998804 -0.0488988 0
    outer loop
      vertex -26.0343 -28.2843 0
      vertex -26.0451 -28.0637 3.5
      vertex -26.0451 -28.0637 0
    endloop
  endfacet
  facet normal -0.998804 -0.0488988 0
    outer loop
      vertex -26.0451 -28.0637 3.5
      vertex -26.0343 -28.2843 0
      vertex -26.0343 -28.2843 3.5
    endloop
  endfacet
  facet normal -0.969982 -0.243175 0
    outer loop
      vertex -26.0775 -27.8453 0
      vertex -26.1312 -27.6311 3.5
      vertex -26.1312 -27.6311 0
    endloop
  endfacet
  facet normal -0.969982 -0.243175 0
    outer loop
      vertex -26.1312 -27.6311 3.5
      vertex -26.0775 -27.8453 0
      vertex -26.0775 -27.8453 3.5
    endloop
  endfacet
  facet normal -0.336939 0.941527 0
    outer loop
      vertex -27.4232 -30.363 0
      vertex -27.6311 -30.4374 3.5
      vertex -27.4232 -30.363 3.5
    endloop
  endfacet
  facet normal -0.336939 0.941527 0
    outer loop
      vertex -27.6311 -30.4374 3.5
      vertex -27.4232 -30.363 0
      vertex -27.6311 -30.4374 0
    endloop
  endfacet
  facet normal -0.671613 -0.740902 0
    outer loop
      vertex -26.8569 -26.545 0
      vertex -26.6933 -26.6933 3.5
      vertex -26.8569 -26.545 3.5
    endloop
  endfacet
  facet normal -0.671613 -0.740902 -0
    outer loop
      vertex -26.6933 -26.6933 3.5
      vertex -26.8569 -26.545 0
      vertex -26.6933 -26.6933 0
    endloop
  endfacet
  facet normal 0.857773 -0.514029 0
    outer loop
      vertex -30.2686 -27.2236 3.5
      vertex -30.1551 -27.0342 0
      vertex -30.1551 -27.0342 3.5
    endloop
  endfacet
  facet normal 0.857773 -0.514029 0
    outer loop
      vertex -30.1551 -27.0342 0
      vertex -30.2686 -27.2236 3.5
      vertex -30.2686 -27.2236 0
    endloop
  endfacet
  facet normal 0.146746 0.989174 -0
    outer loop
      vertex -28.5048 -30.5234 0
      vertex -28.7232 -30.491 3.5
      vertex -28.5048 -30.5234 3.5
    endloop
  endfacet
  facet normal 0.146746 0.989174 0
    outer loop
      vertex -28.7232 -30.491 3.5
      vertex -28.5048 -30.5234 0
      vertex -28.7232 -30.491 0
    endloop
  endfacet
  facet normal -0.94167 -0.336537 0
    outer loop
      vertex -26.1312 -27.6311 0
      vertex -26.2055 -27.4232 3.5
      vertex -26.2055 -27.4232 0
    endloop
  endfacet
  facet normal -0.94167 -0.336537 0
    outer loop
      vertex -26.2055 -27.4232 3.5
      vertex -26.1312 -27.6311 0
      vertex -26.1312 -27.6311 3.5
    endloop
  endfacet
  facet normal 0.0489209 -0.998803 0
    outer loop
      vertex -28.5048 -26.0451 0
      vertex -28.2843 -26.0343 3.5
      vertex -28.5048 -26.0451 3.5
    endloop
  endfacet
  facet normal 0.0489209 -0.998803 0
    outer loop
      vertex -28.2843 -26.0343 3.5
      vertex -28.5048 -26.0451 0
      vertex -28.2843 -26.0343 0
    endloop
  endfacet
  facet normal -0.0493505 0.998782 0
    outer loop
      vertex -28.0637 -30.5234 0
      vertex -28.2843 -30.5343 3.5
      vertex -28.0637 -30.5234 3.5
    endloop
  endfacet
  facet normal -0.0493505 0.998782 0
    outer loop
      vertex -28.2843 -30.5343 3.5
      vertex -28.0637 -30.5234 0
      vertex -28.2843 -30.5343 0
    endloop
  endfacet
  facet normal 0.903996 0.427541 0
    outer loop
      vertex -30.2686 -29.3449 3.5
      vertex -30.363 -29.1453 0
      vertex -30.363 -29.1453 3.5
    endloop
  endfacet
  facet normal 0.903996 0.427541 0
    outer loop
      vertex -30.363 -29.1453 0
      vertex -30.2686 -29.3449 3.5
      vertex -30.2686 -29.3449 0
    endloop
  endfacet
  facet normal 0.59579 0.80314 -0
    outer loop
      vertex -29.5343 -30.1551 0
      vertex -29.7117 -30.0235 3.5
      vertex -29.5343 -30.1551 3.5
    endloop
  endfacet
  facet normal 0.59579 0.80314 0
    outer loop
      vertex -29.7117 -30.0235 3.5
      vertex -29.5343 -30.1551 0
      vertex -29.7117 -30.0235 0
    endloop
  endfacet
  facet normal 0.802979 -0.596007 0
    outer loop
      vertex -30.1551 -27.0342 3.5
      vertex -30.0235 -26.8569 0
      vertex -30.0235 -26.8569 3.5
    endloop
  endfacet
  facet normal 0.802979 -0.596007 0
    outer loop
      vertex -30.0235 -26.8569 0
      vertex -30.1551 -27.0342 3.5
      vertex -30.1551 -27.0342 0
    endloop
  endfacet
  facet normal -0.969982 0.243175 0
    outer loop
      vertex -26.1312 -28.9374 0
      vertex -26.0775 -28.7232 3.5
      vertex -26.0775 -28.7232 0
    endloop
  endfacet
  facet normal -0.969982 0.243175 0
    outer loop
      vertex -26.0775 -28.7232 3.5
      vertex -26.1312 -28.9374 0
      vertex -26.1312 -28.9374 3.5
    endloop
  endfacet
  facet normal -0.857573 -0.514363 0
    outer loop
      vertex -26.2999 -27.2236 0
      vertex -26.4135 -27.0342 3.5
      vertex -26.4135 -27.0342 0
    endloop
  endfacet
  facet normal -0.857573 -0.514363 0
    outer loop
      vertex -26.4135 -27.0342 3.5
      vertex -26.2999 -27.2236 0
      vertex -26.2999 -27.2236 3.5
    endloop
  endfacet
  facet normal 0.99878 0.0493728 0
    outer loop
      vertex -30.5234 -28.5048 3.5
      vertex -30.5343 -28.2843 0
      vertex -30.5343 -28.2843 3.5
    endloop
  endfacet
  facet normal 0.99878 0.0493728 0
    outer loop
      vertex -30.5343 -28.2843 0
      vertex -30.5234 -28.5048 3.5
      vertex -30.5234 -28.5048 0
    endloop
  endfacet
  facet normal -0.903996 -0.427541 0
    outer loop
      vertex -26.2055 -27.4232 0
      vertex -26.2999 -27.2236 3.5
      vertex -26.2999 -27.2236 0
    endloop
  endfacet
  facet normal -0.903996 -0.427541 0
    outer loop
      vertex -26.2999 -27.2236 3.5
      vertex -26.2055 -27.4232 0
      vertex -26.2055 -27.4232 3.5
    endloop
  endfacet
  facet normal -0.94167 0.336537 0
    outer loop
      vertex -26.2055 -29.1453 0
      vertex -26.1312 -28.9374 3.5
      vertex -26.1312 -28.9374 0
    endloop
  endfacet
  facet normal -0.94167 0.336537 0
    outer loop
      vertex -26.1312 -28.9374 3.5
      vertex -26.2055 -29.1453 0
      vertex -26.2055 -29.1453 3.5
    endloop
  endfacet
  facet normal 0.427541 0.903996 -0
    outer loop
      vertex -29.1453 -30.363 0
      vertex -29.3449 -30.2686 3.5
      vertex -29.1453 -30.363 3.5
    endloop
  endfacet
  facet normal 0.427541 0.903996 0
    outer loop
      vertex -29.3449 -30.2686 3.5
      vertex -29.1453 -30.363 0
      vertex -29.3449 -30.2686 0
    endloop
  endfacet
  facet normal 0.970089 0.242749 0
    outer loop
      vertex -30.4374 -28.9374 3.5
      vertex -30.491 -28.7232 0
      vertex -30.491 -28.7232 3.5
    endloop
  endfacet
  facet normal 0.970089 0.242749 0
    outer loop
      vertex -30.491 -28.7232 0
      vertex -30.4374 -28.9374 3.5
      vertex -30.4374 -28.9374 0
    endloop
  endfacet
  facet normal 0.741128 -0.671364 0
    outer loop
      vertex -30.0235 -26.8569 3.5
      vertex -29.8753 -26.6933 0
      vertex -29.8753 -26.6933 3.5
    endloop
  endfacet
  facet normal 0.741128 -0.671364 0
    outer loop
      vertex -29.8753 -26.6933 0
      vertex -30.0235 -26.8569 3.5
      vertex -30.0235 -26.8569 0
    endloop
  endfacet
  facet normal 0.242749 0.970089 -0
    outer loop
      vertex -28.7232 -30.491 0
      vertex -28.9374 -30.4374 3.5
      vertex -28.7232 -30.491 3.5
    endloop
  endfacet
  facet normal 0.242749 0.970089 0
    outer loop
      vertex -28.9374 -30.4374 3.5
      vertex -28.7232 -30.491 0
      vertex -28.9374 -30.4374 0
    endloop
  endfacet
  facet normal 0.514363 -0.857573 0
    outer loop
      vertex -29.5343 -26.4135 0
      vertex -29.3449 -26.2999 3.5
      vertex -29.5343 -26.4135 3.5
    endloop
  endfacet
  facet normal 0.514363 -0.857573 0
    outer loop
      vertex -29.3449 -26.2999 3.5
      vertex -29.5343 -26.4135 0
      vertex -29.3449 -26.2999 0
    endloop
  endfacet
  facet normal -0.803196 -0.595715 0
    outer loop
      vertex -26.4135 -27.0342 0
      vertex -26.545 -26.8569 3.5
      vertex -26.545 -26.8569 0
    endloop
  endfacet
  facet normal -0.803196 -0.595715 0
    outer loop
      vertex -26.545 -26.8569 3.5
      vertex -26.4135 -27.0342 0
      vertex -26.4135 -27.0342 3.5
    endloop
  endfacet
  facet normal 0.146746 -0.989174 0
    outer loop
      vertex -28.7232 -26.0775 0
      vertex -28.5048 -26.0451 3.5
      vertex -28.7232 -26.0775 3.5
    endloop
  endfacet
  facet normal 0.146746 -0.989174 0
    outer loop
      vertex -28.5048 -26.0451 3.5
      vertex -28.7232 -26.0775 0
      vertex -28.5048 -26.0451 0
    endloop
  endfacet
  facet normal -0.427541 0.903996 0
    outer loop
      vertex -27.2236 -30.2686 0
      vertex -27.4232 -30.363 3.5
      vertex -27.2236 -30.2686 3.5
    endloop
  endfacet
  facet normal -0.427541 0.903996 0
    outer loop
      vertex -27.4232 -30.363 3.5
      vertex -27.2236 -30.2686 0
      vertex -27.4232 -30.363 0
    endloop
  endfacet
  facet normal 0.671613 -0.740902 0
    outer loop
      vertex -29.8753 -26.6933 0
      vertex -29.7117 -26.545 3.5
      vertex -29.8753 -26.6933 3.5
    endloop
  endfacet
  facet normal 0.671613 -0.740902 0
    outer loop
      vertex -29.7117 -26.545 3.5
      vertex -29.8753 -26.6933 0
      vertex -29.7117 -26.545 0
    endloop
  endfacet
  facet normal -0.857573 0.514363 0
    outer loop
      vertex -26.4135 -29.5343 0
      vertex -26.2999 -29.3449 3.5
      vertex -26.2999 -29.3449 0
    endloop
  endfacet
  facet normal -0.857573 0.514363 0
    outer loop
      vertex -26.2999 -29.3449 3.5
      vertex -26.4135 -29.5343 0
      vertex -26.4135 -29.5343 3.5
    endloop
  endfacet
  facet normal 0.595498 -0.803357 0
    outer loop
      vertex -29.7117 -26.545 0
      vertex -29.5343 -26.4135 3.5
      vertex -29.7117 -26.545 3.5
    endloop
  endfacet
  facet normal 0.595498 -0.803357 0
    outer loop
      vertex -29.5343 -26.4135 3.5
      vertex -29.7117 -26.545 0
      vertex -29.5343 -26.4135 0
    endloop
  endfacet
  facet normal -0.336537 -0.94167 0
    outer loop
      vertex -27.6311 -26.1312 0
      vertex -27.4232 -26.2055 3.5
      vertex -27.6311 -26.1312 3.5
    endloop
  endfacet
  facet normal -0.336537 -0.94167 -0
    outer loop
      vertex -27.4232 -26.2055 3.5
      vertex -27.6311 -26.1312 0
      vertex -27.4232 -26.2055 0
    endloop
  endfacet
  facet normal -0.740902 -0.671613 0
    outer loop
      vertex -26.545 -26.8569 0
      vertex -26.6933 -26.6933 3.5
      vertex -26.6933 -26.6933 0
    endloop
  endfacet
  facet normal -0.740902 -0.671613 0
    outer loop
      vertex -26.6933 -26.6933 3.5
      vertex -26.545 -26.8569 0
      vertex -26.545 -26.8569 3.5
    endloop
  endfacet
  facet normal -0.998803 0.0489209 0
    outer loop
      vertex -26.0451 -28.5048 0
      vertex -26.0343 -28.2843 3.5
      vertex -26.0343 -28.2843 0
    endloop
  endfacet
  facet normal -0.998803 0.0489209 0
    outer loop
      vertex -26.0343 -28.2843 3.5
      vertex -26.0451 -28.5048 0
      vertex -26.0451 -28.5048 3.5
    endloop
  endfacet
  facet normal 0.941527 0.336939 0
    outer loop
      vertex -30.363 -29.1453 3.5
      vertex -30.4374 -28.9374 0
      vertex -30.4374 -28.9374 3.5
    endloop
  endfacet
  facet normal 0.941527 0.336939 0
    outer loop
      vertex -30.4374 -28.9374 0
      vertex -30.363 -29.1453 3.5
      vertex -30.363 -29.1453 0
    endloop
  endfacet
  facet normal -0.514363 -0.857573 0
    outer loop
      vertex -27.2236 -26.2999 0
      vertex -27.0342 -26.4135 3.5
      vertex -27.2236 -26.2999 3.5
    endloop
  endfacet
  facet normal -0.514363 -0.857573 -0
    outer loop
      vertex -27.0342 -26.4135 3.5
      vertex -27.2236 -26.2999 0
      vertex -27.0342 -26.4135 0
    endloop
  endfacet
  facet normal -0.595715 -0.803196 0
    outer loop
      vertex -27.0342 -26.4135 0
      vertex -26.8569 -26.545 3.5
      vertex -27.0342 -26.4135 3.5
    endloop
  endfacet
  facet normal -0.595715 -0.803196 -0
    outer loop
      vertex -26.8569 -26.545 3.5
      vertex -27.0342 -26.4135 0
      vertex -26.8569 -26.545 0
    endloop
  endfacet
  facet normal -0.146746 0.989174 0
    outer loop
      vertex -27.8453 -30.491 0
      vertex -28.0637 -30.5234 3.5
      vertex -27.8453 -30.491 3.5
    endloop
  endfacet
  facet normal -0.146746 0.989174 0
    outer loop
      vertex -28.0637 -30.5234 3.5
      vertex -27.8453 -30.491 0
      vertex -28.0637 -30.5234 0
    endloop
  endfacet
  facet normal -0.740902 0.671613 0
    outer loop
      vertex -26.6933 -29.8753 0
      vertex -26.545 -29.7117 3.5
      vertex -26.545 -29.7117 0
    endloop
  endfacet
  facet normal -0.740902 0.671613 0
    outer loop
      vertex -26.545 -29.7117 3.5
      vertex -26.6933 -29.8753 0
      vertex -26.6933 -29.8753 3.5
    endloop
  endfacet
  facet normal -0.803357 0.595498 0
    outer loop
      vertex -26.545 -29.7117 0
      vertex -26.4135 -29.5343 3.5
      vertex -26.4135 -29.5343 0
    endloop
  endfacet
  facet normal -0.803357 0.595498 0
    outer loop
      vertex -26.4135 -29.5343 3.5
      vertex -26.545 -29.7117 0
      vertex -26.545 -29.7117 3.5
    endloop
  endfacet
  facet normal -0.242749 0.970089 0
    outer loop
      vertex -27.6311 -30.4374 0
      vertex -27.8453 -30.491 3.5
      vertex -27.6311 -30.4374 3.5
    endloop
  endfacet
  facet normal -0.242749 0.970089 0
    outer loop
      vertex -27.8453 -30.491 3.5
      vertex -27.6311 -30.4374 0
      vertex -27.8453 -30.491 0
    endloop
  endfacet
  facet normal -0.903996 0.427541 0
    outer loop
      vertex -26.2999 -29.3449 0
      vertex -26.2055 -29.1453 3.5
      vertex -26.2055 -29.1453 0
    endloop
  endfacet
  facet normal -0.903996 0.427541 0
    outer loop
      vertex -26.2055 -29.1453 3.5
      vertex -26.2999 -29.3449 0
      vertex -26.2999 -29.3449 3.5
    endloop
  endfacet
  facet normal 0.243175 -0.969982 0
    outer loop
      vertex -28.9374 -26.1312 0
      vertex -28.7232 -26.0775 3.5
      vertex -28.9374 -26.1312 3.5
    endloop
  endfacet
  facet normal 0.243175 -0.969982 0
    outer loop
      vertex -28.7232 -26.0775 3.5
      vertex -28.9374 -26.1312 0
      vertex -28.7232 -26.0775 0
    endloop
  endfacet
  facet normal 0.941527 -0.336939 0
    outer loop
      vertex -30.4374 -27.6311 3.5
      vertex -30.363 -27.4232 0
      vertex -30.363 -27.4232 3.5
    endloop
  endfacet
  facet normal 0.941527 -0.336939 0
    outer loop
      vertex -30.363 -27.4232 0
      vertex -30.4374 -27.6311 3.5
      vertex -30.4374 -27.6311 0
    endloop
  endfacet
  facet normal 0.427541 -0.903996 0
    outer loop
      vertex -29.3449 -26.2999 0
      vertex -29.1453 -26.2055 3.5
      vertex -29.3449 -26.2999 3.5
    endloop
  endfacet
  facet normal 0.427541 -0.903996 0
    outer loop
      vertex -29.1453 -26.2055 3.5
      vertex -29.3449 -26.2999 0
      vertex -29.1453 -26.2055 0
    endloop
  endfacet
  facet normal 0.989174 -0.146746 0
    outer loop
      vertex -30.5234 -28.0637 3.5
      vertex -30.491 -27.8453 0
      vertex -30.491 -27.8453 3.5
    endloop
  endfacet
  facet normal 0.989174 -0.146746 0
    outer loop
      vertex -30.491 -27.8453 0
      vertex -30.5234 -28.0637 3.5
      vertex -30.5234 -28.0637 0
    endloop
  endfacet
  facet normal 0.970089 -0.242749 0
    outer loop
      vertex -30.491 -27.8453 3.5
      vertex -30.4374 -27.6311 0
      vertex -30.4374 -27.6311 3.5
    endloop
  endfacet
  facet normal 0.970089 -0.242749 0
    outer loop
      vertex -30.4374 -27.6311 0
      vertex -30.491 -27.8453 3.5
      vertex -30.491 -27.8453 0
    endloop
  endfacet
  facet normal -0.427541 -0.903996 0
    outer loop
      vertex -27.4232 -26.2055 0
      vertex -27.2236 -26.2999 3.5
      vertex -27.4232 -26.2055 3.5
    endloop
  endfacet
  facet normal -0.427541 -0.903996 -0
    outer loop
      vertex -27.2236 -26.2999 3.5
      vertex -27.4232 -26.2055 0
      vertex -27.2236 -26.2999 0
    endloop
  endfacet
  facet normal -0.989174 0.146746 0
    outer loop
      vertex -26.0775 -28.7232 0
      vertex -26.0451 -28.5048 3.5
      vertex -26.0451 -28.5048 0
    endloop
  endfacet
  facet normal -0.989174 0.146746 0
    outer loop
      vertex -26.0451 -28.5048 3.5
      vertex -26.0775 -28.7232 0
      vertex -26.0775 -28.7232 3.5
    endloop
  endfacet
  facet normal -0.146746 -0.989174 0
    outer loop
      vertex -28.0637 -26.0451 0
      vertex -27.8453 -26.0775 3.5
      vertex -28.0637 -26.0451 3.5
    endloop
  endfacet
  facet normal -0.146746 -0.989174 -0
    outer loop
      vertex -27.8453 -26.0775 3.5
      vertex -28.0637 -26.0451 0
      vertex -27.8453 -26.0775 0
    endloop
  endfacet
  facet normal -0.0488988 -0.998804 0
    outer loop
      vertex -28.2843 -26.0343 0
      vertex -28.0637 -26.0451 3.5
      vertex -28.2843 -26.0343 3.5
    endloop
  endfacet
  facet normal -0.0488988 -0.998804 -0
    outer loop
      vertex -28.0637 -26.0451 3.5
      vertex -28.2843 -26.0343 0
      vertex -28.0637 -26.0451 0
    endloop
  endfacet
  facet normal 0.741128 0.671364 0
    outer loop
      vertex -29.8753 -29.8753 3.5
      vertex -30.0235 -29.7117 0
      vertex -30.0235 -29.7117 3.5
    endloop
  endfacet
  facet normal 0.741128 0.671364 0
    outer loop
      vertex -30.0235 -29.7117 0
      vertex -29.8753 -29.8753 3.5
      vertex -29.8753 -29.8753 0
    endloop
  endfacet
  facet normal 0.857773 0.514029 0
    outer loop
      vertex -30.1551 -29.5343 3.5
      vertex -30.2686 -29.3449 0
      vertex -30.2686 -29.3449 3.5
    endloop
  endfacet
  facet normal 0.857773 0.514029 0
    outer loop
      vertex -30.2686 -29.3449 0
      vertex -30.1551 -29.5343 3.5
      vertex -30.1551 -29.5343 0
    endloop
  endfacet
  facet normal 0.336537 -0.94167 0
    outer loop
      vertex -29.1453 -26.2055 0
      vertex -28.9374 -26.1312 3.5
      vertex -29.1453 -26.2055 3.5
    endloop
  endfacet
  facet normal 0.336537 -0.94167 0
    outer loop
      vertex -28.9374 -26.1312 3.5
      vertex -29.1453 -26.2055 0
      vertex -28.9374 -26.1312 0
    endloop
  endfacet
  facet normal 0.514029 0.857773 -0
    outer loop
      vertex -29.3449 -30.2686 0
      vertex -29.5343 -30.1551 3.5
      vertex -29.3449 -30.2686 3.5
    endloop
  endfacet
  facet normal 0.514029 0.857773 0
    outer loop
      vertex -29.5343 -30.1551 3.5
      vertex -29.3449 -30.2686 0
      vertex -29.5343 -30.1551 0
    endloop
  endfacet
  facet normal -0.596007 0.802979 0
    outer loop
      vertex -26.8569 -30.0235 0
      vertex -27.0342 -30.1551 3.5
      vertex -26.8569 -30.0235 3.5
    endloop
  endfacet
  facet normal -0.596007 0.802979 0
    outer loop
      vertex -27.0342 -30.1551 3.5
      vertex -26.8569 -30.0235 0
      vertex -27.0342 -30.1551 0
    endloop
  endfacet
  facet normal 0.336939 0.941527 -0
    outer loop
      vertex -28.9374 -30.4374 0
      vertex -29.1453 -30.363 3.5
      vertex -28.9374 -30.4374 3.5
    endloop
  endfacet
  facet normal 0.336939 0.941527 0
    outer loop
      vertex -29.1453 -30.363 3.5
      vertex -28.9374 -30.4374 0
      vertex -29.1453 -30.363 0
    endloop
  endfacet
  facet normal 0.80314 0.59579 0
    outer loop
      vertex -30.0235 -29.7117 3.5
      vertex -30.1551 -29.5343 0
      vertex -30.1551 -29.5343 3.5
    endloop
  endfacet
  facet normal 0.80314 0.59579 0
    outer loop
      vertex -30.1551 -29.5343 0
      vertex -30.0235 -29.7117 3.5
      vertex -30.0235 -29.7117 0
    endloop
  endfacet
  facet normal 0.903996 -0.427541 0
    outer loop
      vertex -30.363 -27.4232 3.5
      vertex -30.2686 -27.2236 0
      vertex -30.2686 -27.2236 3.5
    endloop
  endfacet
  facet normal 0.903996 -0.427541 0
    outer loop
      vertex -30.2686 -27.2236 0
      vertex -30.363 -27.4232 3.5
      vertex -30.363 -27.4232 0
    endloop
  endfacet
  facet normal 0.989174 0.146746 0
    outer loop
      vertex -30.491 -28.7232 3.5
      vertex -30.5234 -28.5048 0
      vertex -30.5234 -28.5048 3.5
    endloop
  endfacet
  facet normal 0.989174 0.146746 0
    outer loop
      vertex -30.5234 -28.5048 0
      vertex -30.491 -28.7232 3.5
      vertex -30.491 -28.7232 0
    endloop
  endfacet
  facet normal -0.243175 -0.969982 0
    outer loop
      vertex -27.8453 -26.0775 0
      vertex -27.6311 -26.1312 3.5
      vertex -27.8453 -26.0775 3.5
    endloop
  endfacet
  facet normal -0.243175 -0.969982 -0
    outer loop
      vertex -27.6311 -26.1312 3.5
      vertex -27.8453 -26.0775 0
      vertex -27.6311 -26.1312 0
    endloop
  endfacet
  facet normal -0.514029 0.857773 0
    outer loop
      vertex -27.0342 -30.1551 0
      vertex -27.2236 -30.2686 3.5
      vertex -27.0342 -30.1551 3.5
    endloop
  endfacet
  facet normal -0.514029 0.857773 0
    outer loop
      vertex -27.2236 -30.2686 3.5
      vertex -27.0342 -30.1551 0
      vertex -27.2236 -30.2686 0
    endloop
  endfacet
  facet normal 0.671364 0.741128 -0
    outer loop
      vertex -29.7117 -30.0235 0
      vertex -29.8753 -29.8753 3.5
      vertex -29.7117 -30.0235 3.5
    endloop
  endfacet
  facet normal 0.671364 0.741128 0
    outer loop
      vertex -29.8753 -29.8753 3.5
      vertex -29.7117 -30.0235 0
      vertex -29.8753 -29.8753 0
    endloop
  endfacet
  facet normal 0.0493728 0.99878 -0
    outer loop
      vertex -28.2843 -30.5343 0
      vertex -28.5048 -30.5234 3.5
      vertex -28.2843 -30.5343 3.5
    endloop
  endfacet
  facet normal 0.0493728 0.99878 0
    outer loop
      vertex -28.5048 -30.5234 3.5
      vertex -28.2843 -30.5343 0
      vertex -28.5048 -30.5234 0
    endloop
  endfacet
  facet normal 0.998782 -0.0493505 0
    outer loop
      vertex -30.5343 -28.2843 3.5
      vertex -30.5234 -28.0637 0
      vertex -30.5234 -28.0637 3.5
    endloop
  endfacet
  facet normal 0.998782 -0.0493505 0
    outer loop
      vertex -30.5234 -28.0637 0
      vertex -30.5343 -28.2843 3.5
      vertex -30.5343 -28.2843 0
    endloop
  endfacet
  facet normal -0.671364 0.741128 0
    outer loop
      vertex -26.6933 -29.8753 0
      vertex -26.8569 -30.0235 3.5
      vertex -26.6933 -29.8753 3.5
    endloop
  endfacet
  facet normal -0.671364 0.741128 0
    outer loop
      vertex -26.8569 -30.0235 3.5
      vertex -26.6933 -29.8753 0
      vertex -26.8569 -30.0235 0
    endloop
  endfacet
  facet normal -0.741041 -0.67146 0
    outer loop
      vertex -25.1149 -25.6833 3.5
      vertex -25.3851 -25.3851 8
      vertex -25.3851 -25.3851 3.5
    endloop
  endfacet
  facet normal -0.741041 -0.67146 0
    outer loop
      vertex -25.3851 -25.3851 8
      vertex -25.1149 -25.6833 3.5
      vertex -25.1149 -25.6833 8
    endloop
  endfacet
  facet normal -0.989154 -0.146882 0
    outer loop
      vertex -24.204 -27.8824 3.5
      vertex -24.2631 -27.4844 8
      vertex -24.2631 -27.4844 3.5
    endloop
  endfacet
  facet normal -0.989154 -0.146882 0
    outer loop
      vertex -24.2631 -27.4844 8
      vertex -24.204 -27.8824 3.5
      vertex -24.204 -27.8824 8
    endloop
  endfacet
  facet normal -0.998801 -0.0489584 0
    outer loop
      vertex -24.1843 -28.2843 3.5
      vertex -24.204 -27.8824 8
      vertex -24.204 -27.8824 3.5
    endloop
  endfacet
  facet normal -0.998801 -0.0489584 0
    outer loop
      vertex -24.204 -27.8824 8
      vertex -24.1843 -28.2843 3.5
      vertex -24.1843 -28.2843 8
    endloop
  endfacet
  facet normal -0.970069 -0.242828 0
    outer loop
      vertex -24.2631 -27.4844 3.5
      vertex -24.3608 -27.0941 8
      vertex -24.3608 -27.0941 3.5
    endloop
  endfacet
  facet normal -0.970069 -0.242828 0
    outer loop
      vertex -24.3608 -27.0941 8
      vertex -24.2631 -27.4844 3.5
      vertex -24.2631 -27.4844 8
    endloop
  endfacet
  facet normal -0.336809 0.941573 0
    outer loop
      vertex -26.7153 -32.0722 3.5
      vertex -27.0941 -32.2077 8
      vertex -26.7153 -32.0722 8
    endloop
  endfacet
  facet normal -0.336809 0.941573 0
    outer loop
      vertex -27.0941 -32.2077 8
      vertex -26.7153 -32.0722 3.5
      vertex -27.0941 -32.2077 3.5
    endloop
  endfacet
  facet normal -0.857778 -0.51402 0
    outer loop
      vertex -24.6684 -26.3515 3.5
      vertex -24.8752 -26.0064 8
      vertex -24.8752 -26.0064 3.5
    endloop
  endfacet
  facet normal -0.857778 -0.51402 0
    outer loop
      vertex -24.8752 -26.0064 8
      vertex -24.6684 -26.3515 3.5
      vertex -24.6684 -26.3515 8
    endloop
  endfacet
  facet normal -0.941494 -0.337029 0
    outer loop
      vertex -24.3608 -27.0941 3.5
      vertex -24.4964 -26.7153 8
      vertex -24.4964 -26.7153 3.5
    endloop
  endfacet
  facet normal -0.941494 -0.337029 0
    outer loop
      vertex -24.4964 -26.7153 8
      vertex -24.3608 -27.0941 3.5
      vertex -24.3608 -27.0941 8
    endloop
  endfacet
  facet normal -0.242828 -0.970069 0
    outer loop
      vertex -27.4844 -24.2631 3.5
      vertex -27.0941 -24.3608 8
      vertex -27.4844 -24.2631 8
    endloop
  endfacet
  facet normal -0.242828 -0.970069 -0
    outer loop
      vertex -27.0941 -24.3608 8
      vertex -27.4844 -24.2631 3.5
      vertex -27.0941 -24.3608 3.5
    endloop
  endfacet
  facet normal 0.741041 -0.67146 0
    outer loop
      vertex -31.4536 -25.6833 8
      vertex -31.1834 -25.3851 3.5
      vertex -31.1834 -25.3851 8
    endloop
  endfacet
  facet normal 0.741041 -0.67146 0
    outer loop
      vertex -31.1834 -25.3851 3.5
      vertex -31.4536 -25.6833 8
      vertex -31.4536 -25.6833 3.5
    endloop
  endfacet
  facet normal -0.0492063 0.998789 0
    outer loop
      vertex -27.8824 -32.3645 3.5
      vertex -28.2843 -32.3843 8
      vertex -27.8824 -32.3645 8
    endloop
  endfacet
  facet normal -0.0492063 0.998789 0
    outer loop
      vertex -28.2843 -32.3843 8
      vertex -27.8824 -32.3645 3.5
      vertex -28.2843 -32.3843 3.5
    endloop
  endfacet
  facet normal -0.427424 -0.904051 0
    outer loop
      vertex -26.7153 -24.4964 3.5
      vertex -26.3515 -24.6684 8
      vertex -26.7153 -24.4964 8
    endloop
  endfacet
  facet normal -0.427424 -0.904051 -0
    outer loop
      vertex -26.3515 -24.6684 8
      vertex -26.7153 -24.4964 3.5
      vertex -26.3515 -24.6684 3.5
    endloop
  endfacet
  facet normal -0.67146 -0.741041 0
    outer loop
      vertex -25.6833 -25.1149 3.5
      vertex -25.3851 -25.3851 8
      vertex -25.6833 -25.1149 8
    endloop
  endfacet
  facet normal -0.67146 -0.741041 -0
    outer loop
      vertex -25.3851 -25.3851 8
      vertex -25.6833 -25.1149 3.5
      vertex -25.3851 -25.3851 3.5
    endloop
  endfacet
  facet normal 0.595697 0.803209 -0
    outer loop
      vertex -30.5621 -31.6933 3.5
      vertex -30.8853 -31.4536 8
      vertex -30.5621 -31.6933 8
    endloop
  endfacet
  facet normal 0.595697 0.803209 0
    outer loop
      vertex -30.8853 -31.4536 8
      vertex -30.5621 -31.6933 3.5
      vertex -30.8853 -31.4536 3.5
    endloop
  endfacet
  facet normal -0.243062 0.970011 0
    outer loop
      vertex -27.0941 -32.2077 3.5
      vertex -27.4844 -32.3055 8
      vertex -27.0941 -32.2077 8
    endloop
  endfacet
  facet normal -0.243062 0.970011 0
    outer loop
      vertex -27.4844 -32.3055 8
      vertex -27.0941 -32.2077 3.5
      vertex -27.4844 -32.3055 3.5
    endloop
  endfacet
  facet normal -0.989154 0.146882 0
    outer loop
      vertex -24.2631 -29.0841 3.5
      vertex -24.204 -28.6861 8
      vertex -24.204 -28.6861 3.5
    endloop
  endfacet
  facet normal -0.989154 0.146882 0
    outer loop
      vertex -24.204 -28.6861 8
      vertex -24.2631 -29.0841 3.5
      vertex -24.2631 -29.0841 8
    endloop
  endfacet
  facet normal 0.243062 0.970011 -0
    outer loop
      vertex -29.0841 -32.3055 3.5
      vertex -29.4744 -32.2077 8
      vertex -29.0841 -32.3055 8
    endloop
  endfacet
  facet normal 0.243062 0.970011 0
    outer loop
      vertex -29.4744 -32.2077 8
      vertex -29.0841 -32.3055 3.5
      vertex -29.4744 -32.2077 3.5
    endloop
  endfacet
  facet normal 0.595697 -0.803209 0
    outer loop
      vertex -30.8853 -25.1149 3.5
      vertex -30.5621 -24.8752 8
      vertex -30.8853 -25.1149 8
    endloop
  endfacet
  facet normal 0.595697 -0.803209 0
    outer loop
      vertex -30.5621 -24.8752 8
      vertex -30.8853 -25.1149 3.5
      vertex -30.5621 -24.8752 3.5
    endloop
  endfacet
  facet normal 0.998788 0.0492185 0
    outer loop
      vertex -32.3645 -28.6861 8
      vertex -32.3843 -28.2843 3.5
      vertex -32.3843 -28.2843 8
    endloop
  endfacet
  facet normal 0.998788 0.0492185 0
    outer loop
      vertex -32.3843 -28.2843 3.5
      vertex -32.3645 -28.6861 8
      vertex -32.3645 -28.6861 3.5
    endloop
  endfacet
  facet normal 0.970011 0.243062 0
    outer loop
      vertex -32.2077 -29.4744 8
      vertex -32.3055 -29.0841 3.5
      vertex -32.3055 -29.0841 8
    endloop
  endfacet
  facet normal 0.970011 0.243062 0
    outer loop
      vertex -32.3055 -29.0841 3.5
      vertex -32.2077 -29.4744 8
      vertex -32.2077 -29.4744 3.5
    endloop
  endfacet
  facet normal -0.970069 0.242828 0
    outer loop
      vertex -24.3608 -29.4744 3.5
      vertex -24.2631 -29.0841 8
      vertex -24.2631 -29.0841 3.5
    endloop
  endfacet
  facet normal -0.970069 0.242828 0
    outer loop
      vertex -24.2631 -29.0841 8
      vertex -24.3608 -29.4744 3.5
      vertex -24.3608 -29.4744 8
    endloop
  endfacet
  facet normal 0.51402 -0.857778 0
    outer loop
      vertex -30.5621 -24.8752 3.5
      vertex -30.217 -24.6684 8
      vertex -30.5621 -24.8752 8
    endloop
  endfacet
  facet normal 0.51402 -0.857778 0
    outer loop
      vertex -30.217 -24.6684 8
      vertex -30.5621 -24.8752 3.5
      vertex -30.217 -24.6684 3.5
    endloop
  endfacet
  facet normal -0.595816 -0.803121 0
    outer loop
      vertex -26.0064 -24.8752 3.5
      vertex -25.6833 -25.1149 8
      vertex -26.0064 -24.8752 8
    endloop
  endfacet
  facet normal -0.595816 -0.803121 -0
    outer loop
      vertex -25.6833 -25.1149 8
      vertex -26.0064 -24.8752 3.5
      vertex -25.6833 -25.1149 3.5
    endloop
  endfacet
  facet normal 0.0489705 -0.9988 0
    outer loop
      vertex -28.6861 -24.204 3.5
      vertex -28.2843 -24.1843 8
      vertex -28.6861 -24.204 8
    endloop
  endfacet
  facet normal 0.0489705 -0.9988 0
    outer loop
      vertex -28.2843 -24.1843 8
      vertex -28.6861 -24.204 3.5
      vertex -28.2843 -24.1843 3.5
    endloop
  endfacet
  facet normal 0.90391 0.427723 0
    outer loop
      vertex -31.9001 -30.217 8
      vertex -32.0722 -29.8533 3.5
      vertex -32.0722 -29.8533 8
    endloop
  endfacet
  facet normal 0.90391 0.427723 0
    outer loop
      vertex -32.0722 -29.8533 3.5
      vertex -31.9001 -30.217 8
      vertex -31.9001 -30.217 3.5
    endloop
  endfacet
  facet normal -0.941522 0.33695 0
    outer loop
      vertex -24.4964 -29.8533 3.5
      vertex -24.3608 -29.4744 8
      vertex -24.3608 -29.4744 3.5
    endloop
  endfacet
  facet normal -0.941522 0.33695 0
    outer loop
      vertex -24.3608 -29.4744 8
      vertex -24.4964 -29.8533 3.5
      vertex -24.4964 -29.8533 8
    endloop
  endfacet
  facet normal -0.146882 -0.989154 0
    outer loop
      vertex -27.8824 -24.204 3.5
      vertex -27.4844 -24.2631 8
      vertex -27.8824 -24.204 8
    endloop
  endfacet
  facet normal -0.146882 -0.989154 -0
    outer loop
      vertex -27.4844 -24.2631 8
      vertex -27.8824 -24.204 3.5
      vertex -27.4844 -24.2631 3.5
    endloop
  endfacet
  facet normal 0.42752 -0.904006 0
    outer loop
      vertex -30.217 -24.6684 3.5
      vertex -29.8533 -24.4964 8
      vertex -30.217 -24.6684 8
    endloop
  endfacet
  facet normal 0.42752 -0.904006 0
    outer loop
      vertex -29.8533 -24.4964 8
      vertex -30.217 -24.6684 3.5
      vertex -29.8533 -24.4964 3.5
    endloop
  endfacet
  facet normal -0.51402 -0.857778 0
    outer loop
      vertex -26.3515 -24.6684 3.5
      vertex -26.0064 -24.8752 8
      vertex -26.3515 -24.6684 8
    endloop
  endfacet
  facet normal -0.51402 -0.857778 -0
    outer loop
      vertex -26.0064 -24.8752 8
      vertex -26.3515 -24.6684 3.5
      vertex -26.0064 -24.8752 3.5
    endloop
  endfacet
  facet normal -0.427627 0.903955 0
    outer loop
      vertex -26.3515 -31.9001 3.5
      vertex -26.7153 -32.0722 8
      vertex -26.3515 -31.9001 8
    endloop
  endfacet
  facet normal -0.427627 0.903955 0
    outer loop
      vertex -26.7153 -32.0722 8
      vertex -26.3515 -31.9001 3.5
      vertex -26.7153 -32.0722 3.5
    endloop
  endfacet
  facet normal 0.941601 0.33673 0
    outer loop
      vertex -32.0722 -29.8533 8
      vertex -32.2077 -29.4744 3.5
      vertex -32.2077 -29.4744 8
    endloop
  endfacet
  facet normal 0.941601 0.33673 0
    outer loop
      vertex -32.2077 -29.4744 3.5
      vertex -32.0722 -29.8533 8
      vertex -32.0722 -29.8533 3.5
    endloop
  endfacet
  facet normal -0.857778 0.51402 0
    outer loop
      vertex -24.8752 -30.5621 3.5
      vertex -24.6684 -30.217 8
      vertex -24.6684 -30.217 3.5
    endloop
  endfacet
  facet normal -0.857778 0.51402 0
    outer loop
      vertex -24.6684 -30.217 8
      vertex -24.8752 -30.5621 3.5
      vertex -24.8752 -30.5621 8
    endloop
  endfacet
  facet normal -0.904006 0.42752 0
    outer loop
      vertex -24.6684 -30.217 3.5
      vertex -24.4964 -29.8533 8
      vertex -24.4964 -29.8533 3.5
    endloop
  endfacet
  facet normal -0.904006 0.42752 0
    outer loop
      vertex -24.4964 -29.8533 8
      vertex -24.6684 -30.217 3.5
      vertex -24.6684 -30.217 8
    endloop
  endfacet
  facet normal -0.9988 0.0489705 0
    outer loop
      vertex -24.204 -28.6861 3.5
      vertex -24.1843 -28.2843 8
      vertex -24.1843 -28.2843 3.5
    endloop
  endfacet
  facet normal -0.9988 0.0489705 0
    outer loop
      vertex -24.1843 -28.2843 8
      vertex -24.204 -28.6861 3.5
      vertex -24.204 -28.6861 8
    endloop
  endfacet
  facet normal 0.146882 -0.989154 0
    outer loop
      vertex -29.0841 -24.2631 3.5
      vertex -28.6861 -24.204 8
      vertex -29.0841 -24.2631 8
    endloop
  endfacet
  facet normal 0.146882 -0.989154 0
    outer loop
      vertex -28.6861 -24.204 8
      vertex -29.0841 -24.2631 3.5
      vertex -28.6861 -24.204 3.5
    endloop
  endfacet
  facet normal -0.146639 0.98919 0
    outer loop
      vertex -27.4844 -32.3055 3.5
      vertex -27.8824 -32.3645 8
      vertex -27.4844 -32.3055 8
    endloop
  endfacet
  facet normal -0.146639 0.98919 0
    outer loop
      vertex -27.8824 -32.3645 8
      vertex -27.4844 -32.3055 3.5
      vertex -27.8824 -32.3645 3.5
    endloop
  endfacet
  facet normal -0.740929 0.671583 0
    outer loop
      vertex -25.3851 -31.1834 3.5
      vertex -25.1149 -30.8853 8
      vertex -25.1149 -30.8853 3.5
    endloop
  endfacet
  facet normal -0.740929 0.671583 0
    outer loop
      vertex -25.1149 -30.8853 8
      vertex -25.3851 -31.1834 3.5
      vertex -25.3851 -31.1834 8
    endloop
  endfacet
  facet normal -0.803209 0.595697 0
    outer loop
      vertex -25.1149 -30.8853 3.5
      vertex -24.8752 -30.5621 8
      vertex -24.8752 -30.5621 3.5
    endloop
  endfacet
  facet normal -0.803209 0.595697 0
    outer loop
      vertex -24.8752 -30.5621 8
      vertex -25.1149 -30.8853 3.5
      vertex -25.1149 -30.8853 8
    endloop
  endfacet
  facet normal 0.242828 -0.970069 0
    outer loop
      vertex -29.4744 -24.3608 3.5
      vertex -29.0841 -24.2631 8
      vertex -29.4744 -24.3608 8
    endloop
  endfacet
  facet normal 0.242828 -0.970069 0
    outer loop
      vertex -29.0841 -24.2631 8
      vertex -29.4744 -24.3608 3.5
      vertex -29.0841 -24.2631 3.5
    endloop
  endfacet
  facet normal -0.803121 -0.595816 0
    outer loop
      vertex -24.8752 -26.0064 3.5
      vertex -25.1149 -25.6833 8
      vertex -25.1149 -25.6833 3.5
    endloop
  endfacet
  facet normal -0.803121 -0.595816 0
    outer loop
      vertex -25.1149 -25.6833 8
      vertex -24.8752 -26.0064 3.5
      vertex -24.8752 -26.0064 8
    endloop
  endfacet
  facet normal -0.0489584 -0.998801 0
    outer loop
      vertex -28.2843 -24.1843 3.5
      vertex -27.8824 -24.204 8
      vertex -28.2843 -24.1843 8
    endloop
  endfacet
  facet normal -0.0489584 -0.998801 -0
    outer loop
      vertex -27.8824 -24.204 8
      vertex -28.2843 -24.1843 3.5
      vertex -27.8824 -24.204 3.5
    endloop
  endfacet
  facet normal -0.904051 -0.427424 0
    outer loop
      vertex -24.4964 -26.7153 3.5
      vertex -24.6684 -26.3515 8
      vertex -24.6684 -26.3515 3.5
    endloop
  endfacet
  facet normal -0.904051 -0.427424 0
    outer loop
      vertex -24.6684 -26.3515 8
      vertex -24.4964 -26.7153 3.5
      vertex -24.4964 -26.7153 8
    endloop
  endfacet
  facet normal 0.857778 -0.51402 0
    outer loop
      vertex -31.9001 -26.3515 8
      vertex -31.6933 -26.0064 3.5
      vertex -31.6933 -26.0064 8
    endloop
  endfacet
  facet normal 0.857778 -0.51402 0
    outer loop
      vertex -31.6933 -26.0064 3.5
      vertex -31.9001 -26.3515 8
      vertex -31.9001 -26.3515 3.5
    endloop
  endfacet
  facet normal 0.671583 -0.740929 0
    outer loop
      vertex -31.1834 -25.3851 3.5
      vertex -30.8853 -25.1149 8
      vertex -31.1834 -25.3851 8
    endloop
  endfacet
  facet normal 0.671583 -0.740929 0
    outer loop
      vertex -30.8853 -25.1149 8
      vertex -31.1834 -25.3851 3.5
      vertex -30.8853 -25.1149 3.5
    endloop
  endfacet
  facet normal 0.857778 0.51402 0
    outer loop
      vertex -31.6933 -30.5621 8
      vertex -31.9001 -30.217 3.5
      vertex -31.9001 -30.217 8
    endloop
  endfacet
  facet normal 0.857778 0.51402 0
    outer loop
      vertex -31.9001 -30.217 3.5
      vertex -31.6933 -30.5621 8
      vertex -31.6933 -30.5621 3.5
    endloop
  endfacet
  facet normal 0.427723 0.90391 -0
    outer loop
      vertex -29.8533 -32.0722 3.5
      vertex -30.217 -31.9001 8
      vertex -29.8533 -32.0722 8
    endloop
  endfacet
  facet normal 0.427723 0.90391 0
    outer loop
      vertex -30.217 -31.9001 8
      vertex -29.8533 -32.0722 3.5
      vertex -30.217 -31.9001 3.5
    endloop
  endfacet
  facet normal 0.740929 0.671583 0
    outer loop
      vertex -31.1834 -31.1834 8
      vertex -31.4536 -30.8853 3.5
      vertex -31.4536 -30.8853 8
    endloop
  endfacet
  facet normal 0.740929 0.671583 0
    outer loop
      vertex -31.4536 -30.8853 3.5
      vertex -31.1834 -31.1834 8
      vertex -31.1834 -31.1834 3.5
    endloop
  endfacet
  facet normal 0.33695 -0.941522 0
    outer loop
      vertex -29.8533 -24.4964 3.5
      vertex -29.4744 -24.3608 8
      vertex -29.8533 -24.4964 8
    endloop
  endfacet
  facet normal 0.33695 -0.941522 0
    outer loop
      vertex -29.4744 -24.3608 8
      vertex -29.8533 -24.4964 3.5
      vertex -29.4744 -24.3608 3.5
    endloop
  endfacet
  facet normal 0.51402 0.857778 -0
    outer loop
      vertex -30.217 -31.9001 3.5
      vertex -30.5621 -31.6933 8
      vertex -30.217 -31.9001 8
    endloop
  endfacet
  facet normal 0.51402 0.857778 0
    outer loop
      vertex -30.5621 -31.6933 8
      vertex -30.217 -31.9001 3.5
      vertex -30.5621 -31.6933 3.5
    endloop
  endfacet
  facet normal -0.595816 0.803121 0
    outer loop
      vertex -25.6833 -31.4536 3.5
      vertex -26.0064 -31.6933 8
      vertex -25.6833 -31.4536 8
    endloop
  endfacet
  facet normal -0.595816 0.803121 0
    outer loop
      vertex -26.0064 -31.6933 8
      vertex -25.6833 -31.4536 3.5
      vertex -26.0064 -31.6933 3.5
    endloop
  endfacet
  facet normal 0.941573 -0.336809 0
    outer loop
      vertex -32.2077 -27.0941 8
      vertex -32.0722 -26.7153 3.5
      vertex -32.0722 -26.7153 8
    endloop
  endfacet
  facet normal 0.941573 -0.336809 0
    outer loop
      vertex -32.0722 -26.7153 3.5
      vertex -32.2077 -27.0941 8
      vertex -32.2077 -27.0941 3.5
    endloop
  endfacet
  facet normal -0.337029 -0.941494 0
    outer loop
      vertex -27.0941 -24.3608 3.5
      vertex -26.7153 -24.4964 8
      vertex -27.0941 -24.3608 8
    endloop
  endfacet
  facet normal -0.337029 -0.941494 -0
    outer loop
      vertex -26.7153 -24.4964 8
      vertex -27.0941 -24.3608 3.5
      vertex -26.7153 -24.4964 3.5
    endloop
  endfacet
  facet normal 0.803209 0.595697 0
    outer loop
      vertex -31.4536 -30.8853 8
      vertex -31.6933 -30.5621 3.5
      vertex -31.6933 -30.5621 8
    endloop
  endfacet
  facet normal 0.803209 0.595697 0
    outer loop
      vertex -31.6933 -30.5621 3.5
      vertex -31.4536 -30.8853 8
      vertex -31.4536 -30.8853 3.5
    endloop
  endfacet
  facet normal 0.970011 -0.243062 0
    outer loop
      vertex -32.3055 -27.4844 8
      vertex -32.2077 -27.0941 3.5
      vertex -32.2077 -27.0941 8
    endloop
  endfacet
  facet normal 0.970011 -0.243062 0
    outer loop
      vertex -32.2077 -27.0941 3.5
      vertex -32.3055 -27.4844 8
      vertex -32.3055 -27.4844 3.5
    endloop
  endfacet
  facet normal 0.98919 0.146639 0
    outer loop
      vertex -32.3055 -29.0841 8
      vertex -32.3645 -28.6861 3.5
      vertex -32.3645 -28.6861 8
    endloop
  endfacet
  facet normal 0.98919 0.146639 0
    outer loop
      vertex -32.3645 -28.6861 3.5
      vertex -32.3055 -29.0841 8
      vertex -32.3055 -29.0841 3.5
    endloop
  endfacet
  facet normal 0.903955 -0.427627 0
    outer loop
      vertex -32.0722 -26.7153 8
      vertex -31.9001 -26.3515 3.5
      vertex -31.9001 -26.3515 8
    endloop
  endfacet
  facet normal 0.903955 -0.427627 0
    outer loop
      vertex -31.9001 -26.3515 3.5
      vertex -32.0722 -26.7153 8
      vertex -32.0722 -26.7153 3.5
    endloop
  endfacet
  facet normal -0.51402 0.857778 0
    outer loop
      vertex -26.0064 -31.6933 3.5
      vertex -26.3515 -31.9001 8
      vertex -26.0064 -31.6933 8
    endloop
  endfacet
  facet normal -0.51402 0.857778 0
    outer loop
      vertex -26.3515 -31.9001 8
      vertex -26.0064 -31.6933 3.5
      vertex -26.3515 -31.9001 3.5
    endloop
  endfacet
  facet normal 0 0 1
    outer loop
      vertex -26.0343 -28.2843 3.5
      vertex -24.1843 -28.2843 3.5
      vertex -24.204 -27.8824 3.5
    endloop
  endfacet
  facet normal 0 0 1
    outer loop
      vertex -26.0451 -28.0637 3.5
      vertex -24.204 -27.8824 3.5
      vertex -24.2631 -27.4844 3.5
    endloop
  endfacet
  facet normal 0 0 1
    outer loop
      vertex -24.1843 -28.2843 3.5
      vertex -26.0343 -28.2843 3.5
      vertex -24.204 -28.6861 3.5
    endloop
  endfacet
  facet normal 0 0 1
    outer loop
      vertex -26.0775 -27.8453 3.5
      vertex -24.2631 -27.4844 3.5
      vertex -24.3608 -27.0941 3.5
    endloop
  endfacet
  facet normal -0 0 1
    outer loop
      vertex -26.0451 -28.5048 3.5
      vertex -24.204 -28.6861 3.5
      vertex -26.0343 -28.2843 3.5
    endloop
  endfacet
  facet normal 0 0 1
    outer loop
      vertex -26.1312 -27.6311 3.5
      vertex -24.3608 -27.0941 3.5
      vertex -24.4964 -26.7153 3.5
    endloop
  endfacet
  facet normal 0 0 1
    outer loop
      vertex -24.204 -28.6861 3.5
      vertex -26.0451 -28.5048 3.5
      vertex -24.2631 -29.0841 3.5
    endloop
  endfacet
  facet normal 0 0 1
    outer loop
      vertex -26.2055 -27.4232 3.5
      vertex -24.4964 -26.7153 3.5
      vertex -24.6684 -26.3515 3.5
    endloop
  endfacet
  facet normal -0 0 1
    outer loop
      vertex -26.0775 -28.7232 3.5
      vertex -24.2631 -29.0841 3.5
      vertex -26.0451 -28.5048 3.5
    endloop
  endfacet
  facet normal 0 0 1
    outer loop
      vertex -26.2999 -27.2236 3.5
      vertex -24.6684 -26.3515 3.5
      vertex -24.8752 -26.0064 3.5
    endloop
  endfacet
  facet normal 0 0 1
    outer loop
      vertex -24.2631 -29.0841 3.5
      vertex -26.0775 -28.7232 3.5
      vertex -24.3608 -29.4744 3.5
    endloop
  endfacet
  facet normal 0 0 1
    outer loop
      vertex -26.4135 -27.0342 3.5
      vertex -24.8752 -26.0064 3.5
      vertex -25.1149 -25.6833 3.5
    endloop
  endfacet
  facet normal -0 0 1
    outer loop
      vertex -26.1312 -28.9374 3.5
      vertex -24.3608 -29.4744 3.5
      vertex -26.0775 -28.7232 3.5
    endloop
  endfacet
  facet normal 0 0 1
    outer loop
      vertex -26.545 -26.8569 3.5
      vertex -25.1149 -25.6833 3.5
      vertex -25.3851 -25.3851 3.5
    endloop
  endfacet
  facet normal 0 0 1
    outer loop
      vertex -24.3608 -29.4744 3.5
      vertex -26.1312 -28.9374 3.5
      vertex -24.4964 -29.8533 3.5
    endloop
  endfacet
  facet normal 0 0 1
    outer loop
      vertex -26.6933 -26.6933 3.5
      vertex -25.3851 -25.3851 3.5
      vertex -25.6833 -25.1149 3.5
    endloop
  endfacet
  facet normal -0 0 1
    outer loop
      vertex -26.2055 -29.1453 3.5
      vertex -24.4964 -29.8533 3.5
      vertex -26.1312 -28.9374 3.5
    endloop
  endfacet
  facet normal 0 0 1
    outer loop
      vertex -26.8569 -26.545 3.5
      vertex -25.6833 -25.1149 3.5
      vertex -26.0064 -24.8752 3.5
    endloop
  endfacet
  facet normal 0 0 1
    outer loop
      vertex -24.4964 -29.8533 3.5
      vertex -26.2055 -29.1453 3.5
      vertex -24.6684 -30.217 3.5
    endloop
  endfacet
  facet normal -0 0 1
    outer loop
      vertex -26.2999 -29.3449 3.5
      vertex -24.6684 -30.217 3.5
      vertex -26.2055 -29.1453 3.5
    endloop
  endfacet
  facet normal 0 0 1
    outer loop
      vertex -24.204 -27.8824 3.5
      vertex -26.0451 -28.0637 3.5
      vertex -26.0343 -28.2843 3.5
    endloop
  endfacet
  facet normal 0 0 1
    outer loop
      vertex -24.2631 -27.4844 3.5
      vertex -26.0775 -27.8453 3.5
      vertex -26.0451 -28.0637 3.5
    endloop
  endfacet
  facet normal 0 0 1
    outer loop
      vertex -24.3608 -27.0941 3.5
      vertex -26.1312 -27.6311 3.5
      vertex -26.0775 -27.8453 3.5
    endloop
  endfacet
  facet normal 0 0 1
    outer loop
      vertex -24.4964 -26.7153 3.5
      vertex -26.2055 -27.4232 3.5
      vertex -26.1312 -27.6311 3.5
    endloop
  endfacet
  facet normal 0 0 1
    outer loop
      vertex -24.6684 -26.3515 3.5
      vertex -26.2999 -27.2236 3.5
      vertex -26.2055 -27.4232 3.5
    endloop
  endfacet
  facet normal 0 0 1
    outer loop
      vertex -27.0342 -26.4135 3.5
      vertex -26.0064 -24.8752 3.5
      vertex -26.3515 -24.6684 3.5
    endloop
  endfacet
  facet normal 0 0 1
    outer loop
      vertex -24.8752 -26.0064 3.5
      vertex -26.4135 -27.0342 3.5
      vertex -26.2999 -27.2236 3.5
    endloop
  endfacet
  facet normal 0 0 1
    outer loop
      vertex -25.1149 -25.6833 3.5
      vertex -26.545 -26.8569 3.5
      vertex -26.4135 -27.0342 3.5
    endloop
  endfacet
  facet normal 0 0 1
    outer loop
      vertex -25.3851 -25.3851 3.5
      vertex -26.6933 -26.6933 3.5
      vertex -26.545 -26.8569 3.5
    endloop
  endfacet
  facet normal 0 0 1
    outer loop
      vertex -27.2236 -26.2999 3.5
      vertex -26.3515 -24.6684 3.5
      vertex -26.7153 -24.4964 3.5
    endloop
  endfacet
  facet normal 0 0 1
    outer loop
      vertex -25.6833 -25.1149 3.5
      vertex -26.8569 -26.545 3.5
      vertex -26.6933 -26.6933 3.5
    endloop
  endfacet
  facet normal 0 0 1
    outer loop
      vertex -26.0064 -24.8752 3.5
      vertex -27.0342 -26.4135 3.5
      vertex -26.8569 -26.545 3.5
    endloop
  endfacet
  facet normal 0 0 1
    outer loop
      vertex -27.4232 -26.2055 3.5
      vertex -26.7153 -24.4964 3.5
      vertex -27.0941 -24.3608 3.5
    endloop
  endfacet
  facet normal 0 0 1
    outer loop
      vertex -26.3515 -24.6684 3.5
      vertex -27.2236 -26.2999 3.5
      vertex -27.0342 -26.4135 3.5
    endloop
  endfacet
  facet normal 0 0 1
    outer loop
      vertex -26.7153 -24.4964 3.5
      vertex -27.4232 -26.2055 3.5
      vertex -27.2236 -26.2999 3.5
    endloop
  endfacet
  facet normal 0 0 1
    outer loop
      vertex -27.6311 -26.1312 3.5
      vertex -27.0941 -24.3608 3.5
      vertex -27.4844 -24.2631 3.5
    endloop
  endfacet
  facet normal 0 0 1
    outer loop
      vertex -27.0941 -24.3608 3.5
      vertex -27.6311 -26.1312 3.5
      vertex -27.4232 -26.2055 3.5
    endloop
  endfacet
  facet normal 0 0 1
    outer loop
      vertex -27.4844 -24.2631 3.5
      vertex -27.8453 -26.0775 3.5
      vertex -27.6311 -26.1312 3.5
    endloop
  endfacet
  facet normal 0 0 1
    outer loop
      vertex -27.8824 -24.204 3.5
      vertex -27.8453 -26.0775 3.5
      vertex -27.4844 -24.2631 3.5
    endloop
  endfacet
  facet normal 0 0 1
    outer loop
      vertex -27.8824 -24.204 3.5
      vertex -28.0637 -26.0451 3.5
      vertex -27.8453 -26.0775 3.5
    endloop
  endfacet
  facet normal 0 0 1
    outer loop
      vertex -28.2843 -24.1843 3.5
      vertex -28.0637 -26.0451 3.5
      vertex -27.8824 -24.204 3.5
    endloop
  endfacet
  facet normal 0 0 1
    outer loop
      vertex -28.2843 -24.1843 3.5
      vertex -28.2843 -26.0343 3.5
      vertex -28.0637 -26.0451 3.5
    endloop
  endfacet
  facet normal 0 0 1
    outer loop
      vertex -28.2843 -24.1843 3.5
      vertex -28.5048 -26.0451 3.5
      vertex -28.2843 -26.0343 3.5
    endloop
  endfacet
  facet normal -0 0 1
    outer loop
      vertex -28.6861 -24.204 3.5
      vertex -28.5048 -26.0451 3.5
      vertex -28.2843 -24.1843 3.5
    endloop
  endfacet
  facet normal 0 0 1
    outer loop
      vertex -28.6861 -24.204 3.5
      vertex -28.7232 -26.0775 3.5
      vertex -28.5048 -26.0451 3.5
    endloop
  endfacet
  facet normal -0 0 1
    outer loop
      vertex -29.0841 -24.2631 3.5
      vertex -28.7232 -26.0775 3.5
      vertex -28.6861 -24.204 3.5
    endloop
  endfacet
  facet normal 0 0 1
    outer loop
      vertex -28.7232 -26.0775 3.5
      vertex -29.0841 -24.2631 3.5
      vertex -28.9374 -26.1312 3.5
    endloop
  endfacet
  facet normal -0 0 1
    outer loop
      vertex -29.4744 -24.3608 3.5
      vertex -28.9374 -26.1312 3.5
      vertex -29.0841 -24.2631 3.5
    endloop
  endfacet
  facet normal 0 0 1
    outer loop
      vertex -28.9374 -26.1312 3.5
      vertex -29.4744 -24.3608 3.5
      vertex -29.1453 -26.2055 3.5
    endloop
  endfacet
  facet normal -0 0 1
    outer loop
      vertex -29.8533 -24.4964 3.5
      vertex -29.1453 -26.2055 3.5
      vertex -29.4744 -24.3608 3.5
    endloop
  endfacet
  facet normal 0 0 1
    outer loop
      vertex -29.1453 -26.2055 3.5
      vertex -29.8533 -24.4964 3.5
      vertex -29.3449 -26.2999 3.5
    endloop
  endfacet
  facet normal -0 0 1
    outer loop
      vertex -30.217 -24.6684 3.5
      vertex -29.3449 -26.2999 3.5
      vertex -29.8533 -24.4964 3.5
    endloop
  endfacet
  facet normal 0 0 1
    outer loop
      vertex -29.3449 -26.2999 3.5
      vertex -30.217 -24.6684 3.5
      vertex -29.5343 -26.4135 3.5
    endloop
  endfacet
  facet normal -0 0 1
    outer loop
      vertex -30.5621 -24.8752 3.5
      vertex -29.5343 -26.4135 3.5
      vertex -30.217 -24.6684 3.5
    endloop
  endfacet
  facet normal 0 0 1
    outer loop
      vertex -29.5343 -26.4135 3.5
      vertex -30.5621 -24.8752 3.5
      vertex -29.7117 -26.545 3.5
    endloop
  endfacet
  facet normal -0 0 1
    outer loop
      vertex -30.8853 -25.1149 3.5
      vertex -29.7117 -26.545 3.5
      vertex -30.5621 -24.8752 3.5
    endloop
  endfacet
  facet normal 0 0 1
    outer loop
      vertex -29.7117 -26.545 3.5
      vertex -30.8853 -25.1149 3.5
      vertex -29.8753 -26.6933 3.5
    endloop
  endfacet
  facet normal -0 0 1
    outer loop
      vertex -31.1834 -25.3851 3.5
      vertex -29.8753 -26.6933 3.5
      vertex -30.8853 -25.1149 3.5
    endloop
  endfacet
  facet normal 0 0 1
    outer loop
      vertex -29.8753 -26.6933 3.5
      vertex -31.1834 -25.3851 3.5
      vertex -30.0235 -26.8569 3.5
    endloop
  endfacet
  facet normal -0 0 1
    outer loop
      vertex -31.4536 -25.6833 3.5
      vertex -30.0235 -26.8569 3.5
      vertex -31.1834 -25.3851 3.5
    endloop
  endfacet
  facet normal 0 0 1
    outer loop
      vertex -30.0235 -26.8569 3.5
      vertex -31.4536 -25.6833 3.5
      vertex -30.1551 -27.0342 3.5
    endloop
  endfacet
  facet normal -0 0 1
    outer loop
      vertex -31.6933 -26.0064 3.5
      vertex -30.1551 -27.0342 3.5
      vertex -31.4536 -25.6833 3.5
    endloop
  endfacet
  facet normal -0 0 1
    outer loop
      vertex -31.9001 -26.3515 3.5
      vertex -30.2686 -27.2236 3.5
      vertex -31.6933 -26.0064 3.5
    endloop
  endfacet
  facet normal 0 0 1
    outer loop
      vertex -30.1551 -27.0342 3.5
      vertex -31.6933 -26.0064 3.5
      vertex -30.2686 -27.2236 3.5
    endloop
  endfacet
  facet normal 0 0 1
    outer loop
      vertex -24.6684 -30.217 3.5
      vertex -26.2999 -29.3449 3.5
      vertex -24.8752 -30.5621 3.5
    endloop
  endfacet
  facet normal -0 0 1
    outer loop
      vertex -26.4135 -29.5343 3.5
      vertex -24.8752 -30.5621 3.5
      vertex -26.2999 -29.3449 3.5
    endloop
  endfacet
  facet normal 0 0 1
    outer loop
      vertex -24.8752 -30.5621 3.5
      vertex -26.4135 -29.5343 3.5
      vertex -25.1149 -30.8853 3.5
    endloop
  endfacet
  facet normal -0 0 1
    outer loop
      vertex -26.545 -29.7117 3.5
      vertex -25.1149 -30.8853 3.5
      vertex -26.4135 -29.5343 3.5
    endloop
  endfacet
  facet normal 0 0 1
    outer loop
      vertex -25.1149 -30.8853 3.5
      vertex -26.545 -29.7117 3.5
      vertex -25.3851 -31.1834 3.5
    endloop
  endfacet
  facet normal -0 0 1
    outer loop
      vertex -26.6933 -29.8753 3.5
      vertex -25.3851 -31.1834 3.5
      vertex -26.545 -29.7117 3.5
    endloop
  endfacet
  facet normal 0 0 1
    outer loop
      vertex -25.3851 -31.1834 3.5
      vertex -26.6933 -29.8753 3.5
      vertex -25.6833 -31.4536 3.5
    endloop
  endfacet
  facet normal -0 0 1
    outer loop
      vertex -26.8569 -30.0235 3.5
      vertex -25.6833 -31.4536 3.5
      vertex -26.6933 -29.8753 3.5
    endloop
  endfacet
  facet normal 0 0 1
    outer loop
      vertex -25.6833 -31.4536 3.5
      vertex -26.8569 -30.0235 3.5
      vertex -26.0064 -31.6933 3.5
    endloop
  endfacet
  facet normal -0 0 1
    outer loop
      vertex -27.0342 -30.1551 3.5
      vertex -26.0064 -31.6933 3.5
      vertex -26.8569 -30.0235 3.5
    endloop
  endfacet
  facet normal 0 0 1
    outer loop
      vertex -26.0064 -31.6933 3.5
      vertex -27.0342 -30.1551 3.5
      vertex -26.3515 -31.9001 3.5
    endloop
  endfacet
  facet normal -0 0 1
    outer loop
      vertex -27.2236 -30.2686 3.5
      vertex -26.3515 -31.9001 3.5
      vertex -27.0342 -30.1551 3.5
    endloop
  endfacet
  facet normal 0 0 1
    outer loop
      vertex -26.3515 -31.9001 3.5
      vertex -27.2236 -30.2686 3.5
      vertex -26.7153 -32.0722 3.5
    endloop
  endfacet
  facet normal -0 0 1
    outer loop
      vertex -27.4232 -30.363 3.5
      vertex -26.7153 -32.0722 3.5
      vertex -27.2236 -30.2686 3.5
    endloop
  endfacet
  facet normal 0 0 1
    outer loop
      vertex -26.7153 -32.0722 3.5
      vertex -27.4232 -30.363 3.5
      vertex -27.0941 -32.2077 3.5
    endloop
  endfacet
  facet normal -0 0 1
    outer loop
      vertex -27.6311 -30.4374 3.5
      vertex -27.0941 -32.2077 3.5
      vertex -27.4232 -30.363 3.5
    endloop
  endfacet
  facet normal 0 0 1
    outer loop
      vertex -27.0941 -32.2077 3.5
      vertex -27.6311 -30.4374 3.5
      vertex -27.4844 -32.3055 3.5
    endloop
  endfacet
  facet normal -0 0 1
    outer loop
      vertex -27.8453 -30.491 3.5
      vertex -27.4844 -32.3055 3.5
      vertex -27.6311 -30.4374 3.5
    endloop
  endfacet
  facet normal 0 0 1
    outer loop
      vertex -27.8453 -30.491 3.5
      vertex -27.8824 -32.3645 3.5
      vertex -27.4844 -32.3055 3.5
    endloop
  endfacet
  facet normal -0 0 1
    outer loop
      vertex -28.0637 -30.5234 3.5
      vertex -27.8824 -32.3645 3.5
      vertex -27.8453 -30.491 3.5
    endloop
  endfacet
  facet normal -0 0 1
    outer loop
      vertex -28.2843 -30.5343 3.5
      vertex -27.8824 -32.3645 3.5
      vertex -28.0637 -30.5234 3.5
    endloop
  endfacet
  facet normal 0 0 1
    outer loop
      vertex -28.2843 -30.5343 3.5
      vertex -28.2843 -32.3843 3.5
      vertex -27.8824 -32.3645 3.5
    endloop
  endfacet
  facet normal 0 0 1
    outer loop
      vertex -28.5048 -30.5234 3.5
      vertex -28.2843 -32.3843 3.5
      vertex -28.2843 -30.5343 3.5
    endloop
  endfacet
  facet normal 0 0 1
    outer loop
      vertex -28.5048 -30.5234 3.5
      vertex -28.6861 -32.3645 3.5
      vertex -28.2843 -32.3843 3.5
    endloop
  endfacet
  facet normal 0 0 1
    outer loop
      vertex -28.7232 -30.491 3.5
      vertex -28.6861 -32.3645 3.5
      vertex -28.5048 -30.5234 3.5
    endloop
  endfacet
  facet normal 0 0 1
    outer loop
      vertex -29.0841 -32.3055 3.5
      vertex -28.7232 -30.491 3.5
      vertex -28.9374 -30.4374 3.5
    endloop
  endfacet
  facet normal 0 0 1
    outer loop
      vertex -28.7232 -30.491 3.5
      vertex -29.0841 -32.3055 3.5
      vertex -28.6861 -32.3645 3.5
    endloop
  endfacet
  facet normal 0 0 1
    outer loop
      vertex -29.4744 -32.2077 3.5
      vertex -28.9374 -30.4374 3.5
      vertex -29.1453 -30.363 3.5
    endloop
  endfacet
  facet normal 0 0 1
    outer loop
      vertex -29.8533 -32.0722 3.5
      vertex -29.1453 -30.363 3.5
      vertex -29.3449 -30.2686 3.5
    endloop
  endfacet
  facet normal 0 0 1
    outer loop
      vertex -28.9374 -30.4374 3.5
      vertex -29.4744 -32.2077 3.5
      vertex -29.0841 -32.3055 3.5
    endloop
  endfacet
  facet normal 0 0 1
    outer loop
      vertex -30.217 -31.9001 3.5
      vertex -29.3449 -30.2686 3.5
      vertex -29.5343 -30.1551 3.5
    endloop
  endfacet
  facet normal 0 0 1
    outer loop
      vertex -30.5621 -31.6933 3.5
      vertex -29.5343 -30.1551 3.5
      vertex -29.7117 -30.0235 3.5
    endloop
  endfacet
  facet normal 0 0 1
    outer loop
      vertex -29.1453 -30.363 3.5
      vertex -29.8533 -32.0722 3.5
      vertex -29.4744 -32.2077 3.5
    endloop
  endfacet
  facet normal 0 0 1
    outer loop
      vertex -30.8853 -31.4536 3.5
      vertex -29.7117 -30.0235 3.5
      vertex -29.8753 -29.8753 3.5
    endloop
  endfacet
  facet normal 0 0 1
    outer loop
      vertex -31.1834 -31.1834 3.5
      vertex -29.8753 -29.8753 3.5
      vertex -30.0235 -29.7117 3.5
    endloop
  endfacet
  facet normal 0 0 1
    outer loop
      vertex -31.4536 -30.8853 3.5
      vertex -30.0235 -29.7117 3.5
      vertex -30.1551 -29.5343 3.5
    endloop
  endfacet
  facet normal 0 0 1
    outer loop
      vertex -29.3449 -30.2686 3.5
      vertex -30.217 -31.9001 3.5
      vertex -29.8533 -32.0722 3.5
    endloop
  endfacet
  facet normal 0 0 1
    outer loop
      vertex -31.6933 -30.5621 3.5
      vertex -30.1551 -29.5343 3.5
      vertex -30.2686 -29.3449 3.5
    endloop
  endfacet
  facet normal 0 0 1
    outer loop
      vertex -31.9001 -30.217 3.5
      vertex -30.2686 -29.3449 3.5
      vertex -30.363 -29.1453 3.5
    endloop
  endfacet
  facet normal 0 0 1
    outer loop
      vertex -32.0722 -29.8533 3.5
      vertex -30.363 -29.1453 3.5
      vertex -30.4374 -28.9374 3.5
    endloop
  endfacet
  facet normal 0 0 1
    outer loop
      vertex -32.2077 -29.4744 3.5
      vertex -30.4374 -28.9374 3.5
      vertex -30.491 -28.7232 3.5
    endloop
  endfacet
  facet normal 0 0 1
    outer loop
      vertex -32.3055 -29.0841 3.5
      vertex -30.491 -28.7232 3.5
      vertex -30.5234 -28.5048 3.5
    endloop
  endfacet
  facet normal 0 0 1
    outer loop
      vertex -29.5343 -30.1551 3.5
      vertex -30.5621 -31.6933 3.5
      vertex -30.217 -31.9001 3.5
    endloop
  endfacet
  facet normal 0 0 1
    outer loop
      vertex -32.3645 -28.6861 3.5
      vertex -30.5234 -28.5048 3.5
      vertex -30.5343 -28.2843 3.5
    endloop
  endfacet
  facet normal 0 0 1
    outer loop
      vertex -30.2686 -27.2236 3.5
      vertex -31.9001 -26.3515 3.5
      vertex -30.363 -27.4232 3.5
    endloop
  endfacet
  facet normal -0 0 1
    outer loop
      vertex -32.0722 -26.7153 3.5
      vertex -30.363 -27.4232 3.5
      vertex -31.9001 -26.3515 3.5
    endloop
  endfacet
  facet normal 0 0 1
    outer loop
      vertex -29.7117 -30.0235 3.5
      vertex -30.8853 -31.4536 3.5
      vertex -30.5621 -31.6933 3.5
    endloop
  endfacet
  facet normal 0 0 1
    outer loop
      vertex -30.363 -27.4232 3.5
      vertex -32.0722 -26.7153 3.5
      vertex -30.4374 -27.6311 3.5
    endloop
  endfacet
  facet normal 0 0 1
    outer loop
      vertex -29.8753 -29.8753 3.5
      vertex -31.1834 -31.1834 3.5
      vertex -30.8853 -31.4536 3.5
    endloop
  endfacet
  facet normal -0 0 1
    outer loop
      vertex -32.2077 -27.0941 3.5
      vertex -30.4374 -27.6311 3.5
      vertex -32.0722 -26.7153 3.5
    endloop
  endfacet
  facet normal 0 0 1
    outer loop
      vertex -30.0235 -29.7117 3.5
      vertex -31.4536 -30.8853 3.5
      vertex -31.1834 -31.1834 3.5
    endloop
  endfacet
  facet normal 0 0 1
    outer loop
      vertex -30.4374 -27.6311 3.5
      vertex -32.2077 -27.0941 3.5
      vertex -30.491 -27.8453 3.5
    endloop
  endfacet
  facet normal 0 0 1
    outer loop
      vertex -30.1551 -29.5343 3.5
      vertex -31.6933 -30.5621 3.5
      vertex -31.4536 -30.8853 3.5
    endloop
  endfacet
  facet normal -0 0 1
    outer loop
      vertex -32.3055 -27.4844 3.5
      vertex -30.491 -27.8453 3.5
      vertex -32.2077 -27.0941 3.5
    endloop
  endfacet
  facet normal 0 0 1
    outer loop
      vertex -30.2686 -29.3449 3.5
      vertex -31.9001 -30.217 3.5
      vertex -31.6933 -30.5621 3.5
    endloop
  endfacet
  facet normal 0 0 1
    outer loop
      vertex -30.491 -27.8453 3.5
      vertex -32.3055 -27.4844 3.5
      vertex -30.5234 -28.0637 3.5
    endloop
  endfacet
  facet normal 0 0 1
    outer loop
      vertex -30.363 -29.1453 3.5
      vertex -32.0722 -29.8533 3.5
      vertex -31.9001 -30.217 3.5
    endloop
  endfacet
  facet normal -0 0 1
    outer loop
      vertex -32.3645 -27.8824 3.5
      vertex -30.5234 -28.0637 3.5
      vertex -32.3055 -27.4844 3.5
    endloop
  endfacet
  facet normal 0 0 1
    outer loop
      vertex -30.4374 -28.9374 3.5
      vertex -32.2077 -29.4744 3.5
      vertex -32.0722 -29.8533 3.5
    endloop
  endfacet
  facet normal 0 0 1
    outer loop
      vertex -30.5234 -28.0637 3.5
      vertex -32.3645 -27.8824 3.5
      vertex -30.5343 -28.2843 3.5
    endloop
  endfacet
  facet normal 0 0 1
    outer loop
      vertex -30.491 -28.7232 3.5
      vertex -32.3055 -29.0841 3.5
      vertex -32.2077 -29.4744 3.5
    endloop
  endfacet
  facet normal 0 0 1
    outer loop
      vertex -32.3843 -28.2843 3.5
      vertex -30.5343 -28.2843 3.5
      vertex -32.3645 -27.8824 3.5
    endloop
  endfacet
  facet normal 0 0 1
    outer loop
      vertex -30.5234 -28.5048 3.5
      vertex -32.3645 -28.6861 3.5
      vertex -32.3055 -29.0841 3.5
    endloop
  endfacet
  facet normal 0 0 1
    outer loop
      vertex -30.5343 -28.2843 3.5
      vertex -32.3843 -28.2843 3.5
      vertex -32.3645 -28.6861 3.5
    endloop
  endfacet
  facet normal 0.671583 0.740929 -0
    outer loop
      vertex -30.8853 -31.4536 3.5
      vertex -31.1834 -31.1834 8
      vertex -30.8853 -31.4536 8
    endloop
  endfacet
  facet normal 0.671583 0.740929 0
    outer loop
      vertex -31.1834 -31.1834 8
      vertex -30.8853 -31.4536 3.5
      vertex -31.1834 -31.1834 3.5
    endloop
  endfacet
  facet normal 0.803121 -0.595816 0
    outer loop
      vertex -31.6933 -26.0064 8
      vertex -31.4536 -25.6833 3.5
      vertex -31.4536 -25.6833 8
    endloop
  endfacet
  facet normal 0.803121 -0.595816 0
    outer loop
      vertex -31.4536 -25.6833 3.5
      vertex -31.6933 -26.0064 8
      vertex -31.6933 -26.0064 3.5
    endloop
  endfacet
  facet normal 0.0492185 0.998788 -0
    outer loop
      vertex -28.2843 -32.3843 3.5
      vertex -28.6861 -32.3645 8
      vertex -28.2843 -32.3843 8
    endloop
  endfacet
  facet normal 0.0492185 0.998788 0
    outer loop
      vertex -28.6861 -32.3645 8
      vertex -28.2843 -32.3843 3.5
      vertex -28.6861 -32.3645 3.5
    endloop
  endfacet
  facet normal 0.146639 0.98919 -0
    outer loop
      vertex -28.6861 -32.3645 3.5
      vertex -29.0841 -32.3055 8
      vertex -28.6861 -32.3645 8
    endloop
  endfacet
  facet normal 0.146639 0.98919 0
    outer loop
      vertex -29.0841 -32.3055 8
      vertex -28.6861 -32.3645 3.5
      vertex -29.0841 -32.3055 3.5
    endloop
  endfacet
  facet normal 0.98919 -0.146639 0
    outer loop
      vertex -32.3645 -27.8824 8
      vertex -32.3055 -27.4844 3.5
      vertex -32.3055 -27.4844 8
    endloop
  endfacet
  facet normal 0.98919 -0.146639 0
    outer loop
      vertex -32.3055 -27.4844 3.5
      vertex -32.3645 -27.8824 8
      vertex -32.3645 -27.8824 3.5
    endloop
  endfacet
  facet normal 0.998789 -0.0492063 0
    outer loop
      vertex -32.3843 -28.2843 8
      vertex -32.3645 -27.8824 3.5
      vertex -32.3645 -27.8824 8
    endloop
  endfacet
  facet normal 0.998789 -0.0492063 0
    outer loop
      vertex -32.3645 -27.8824 3.5
      vertex -32.3843 -28.2843 8
      vertex -32.3843 -28.2843 3.5
    endloop
  endfacet
  facet normal 0.33673 0.941601 -0
    outer loop
      vertex -29.4744 -32.2077 3.5
      vertex -29.8533 -32.0722 8
      vertex -29.4744 -32.2077 8
    endloop
  endfacet
  facet normal 0.33673 0.941601 0
    outer loop
      vertex -29.8533 -32.0722 8
      vertex -29.4744 -32.2077 3.5
      vertex -29.8533 -32.0722 3.5
    endloop
  endfacet
  facet normal -0.67146 0.741041 0
    outer loop
      vertex -25.3851 -31.1834 3.5
      vertex -25.6833 -31.4536 8
      vertex -25.3851 -31.1834 8
    endloop
  endfacet
  facet normal -0.67146 0.741041 0
    outer loop
      vertex -25.6833 -31.4536 8
      vertex -25.3851 -31.1834 3.5
      vertex -25.6833 -31.4536 3.5
    endloop
  endfacet
  facet normal -0.989174 -0.146746 0
    outer loop
      vertex 30.5234 -28.0637 0
      vertex 30.491 -27.8453 3.5
      vertex 30.491 -27.8453 0
    endloop
  endfacet
  facet normal -0.989174 -0.146746 0
    outer loop
      vertex 30.491 -27.8453 3.5
      vertex 30.5234 -28.0637 0
      vertex 30.5234 -28.0637 3.5
    endloop
  endfacet
  facet normal -0.998782 -0.0493505 0
    outer loop
      vertex 30.5343 -28.2843 0
      vertex 30.5234 -28.0637 3.5
      vertex 30.5234 -28.0637 0
    endloop
  endfacet
  facet normal -0.998782 -0.0493505 0
    outer loop
      vertex 30.5234 -28.0637 3.5
      vertex 30.5343 -28.2843 0
      vertex 30.5343 -28.2843 3.5
    endloop
  endfacet
  facet normal -0.970089 -0.242749 0
    outer loop
      vertex 30.491 -27.8453 0
      vertex 30.4374 -27.6311 3.5
      vertex 30.4374 -27.6311 0
    endloop
  endfacet
  facet normal -0.970089 -0.242749 0
    outer loop
      vertex 30.4374 -27.6311 3.5
      vertex 30.491 -27.8453 0
      vertex 30.491 -27.8453 3.5
    endloop
  endfacet
  facet normal -0.336939 0.941527 0
    outer loop
      vertex 29.1453 -30.363 0
      vertex 28.9374 -30.4374 3.5
      vertex 29.1453 -30.363 3.5
    endloop
  endfacet
  facet normal -0.336939 0.941527 0
    outer loop
      vertex 28.9374 -30.4374 3.5
      vertex 29.1453 -30.363 0
      vertex 28.9374 -30.4374 0
    endloop
  endfacet
  facet normal -0.671613 -0.740902 0
    outer loop
      vertex 29.7117 -26.545 0
      vertex 29.8753 -26.6933 3.5
      vertex 29.7117 -26.545 3.5
    endloop
  endfacet
  facet normal -0.671613 -0.740902 -0
    outer loop
      vertex 29.8753 -26.6933 3.5
      vertex 29.7117 -26.545 0
      vertex 29.8753 -26.6933 0
    endloop
  endfacet
  facet normal 0.857573 -0.514363 0
    outer loop
      vertex 26.2999 -27.2236 3.5
      vertex 26.4135 -27.0342 0
      vertex 26.4135 -27.0342 3.5
    endloop
  endfacet
  facet normal 0.857573 -0.514363 0
    outer loop
      vertex 26.4135 -27.0342 0
      vertex 26.2999 -27.2236 3.5
      vertex 26.2999 -27.2236 0
    endloop
  endfacet
  facet normal 0.146746 0.989174 -0
    outer loop
      vertex 28.0637 -30.5234 0
      vertex 27.8453 -30.491 3.5
      vertex 28.0637 -30.5234 3.5
    endloop
  endfacet
  facet normal 0.146746 0.989174 0
    outer loop
      vertex 27.8453 -30.491 3.5
      vertex 28.0637 -30.5234 0
      vertex 27.8453 -30.491 0
    endloop
  endfacet
  facet normal -0.941527 -0.336939 0
    outer loop
      vertex 30.4374 -27.6311 0
      vertex 30.363 -27.4232 3.5
      vertex 30.363 -27.4232 0
    endloop
  endfacet
  facet normal -0.941527 -0.336939 0
    outer loop
      vertex 30.363 -27.4232 3.5
      vertex 30.4374 -27.6311 0
      vertex 30.4374 -27.6311 3.5
    endloop
  endfacet
  facet normal 0.0488988 -0.998804 0
    outer loop
      vertex 28.0637 -26.0451 0
      vertex 28.2843 -26.0343 3.5
      vertex 28.0637 -26.0451 3.5
    endloop
  endfacet
  facet normal 0.0488988 -0.998804 0
    outer loop
      vertex 28.2843 -26.0343 3.5
      vertex 28.0637 -26.0451 0
      vertex 28.2843 -26.0343 0
    endloop
  endfacet
  facet normal -0.0493728 0.99878 0
    outer loop
      vertex 28.5048 -30.5234 0
      vertex 28.2843 -30.5343 3.5
      vertex 28.5048 -30.5234 3.5
    endloop
  endfacet
  facet normal -0.0493728 0.99878 0
    outer loop
      vertex 28.2843 -30.5343 3.5
      vertex 28.5048 -30.5234 0
      vertex 28.2843 -30.5343 0
    endloop
  endfacet
  facet normal 0.903996 0.427541 0
    outer loop
      vertex 26.2999 -29.3449 3.5
      vertex 26.2055 -29.1453 0
      vertex 26.2055 -29.1453 3.5
    endloop
  endfacet
  facet normal 0.903996 0.427541 0
    outer loop
      vertex 26.2055 -29.1453 0
      vertex 26.2999 -29.3449 3.5
      vertex 26.2999 -29.3449 0
    endloop
  endfacet
  facet normal 0.596007 0.802979 -0
    outer loop
      vertex 27.0342 -30.1551 0
      vertex 26.8569 -30.0235 3.5
      vertex 27.0342 -30.1551 3.5
    endloop
  endfacet
  facet normal 0.596007 0.802979 0
    outer loop
      vertex 26.8569 -30.0235 3.5
      vertex 27.0342 -30.1551 0
      vertex 26.8569 -30.0235 0
    endloop
  endfacet
  facet normal 0.803196 -0.595715 0
    outer loop
      vertex 26.4135 -27.0342 3.5
      vertex 26.545 -26.8569 0
      vertex 26.545 -26.8569 3.5
    endloop
  endfacet
  facet normal 0.803196 -0.595715 0
    outer loop
      vertex 26.545 -26.8569 0
      vertex 26.4135 -27.0342 3.5
      vertex 26.4135 -27.0342 0
    endloop
  endfacet
  facet normal -0.970089 0.242749 0
    outer loop
      vertex 30.4374 -28.9374 0
      vertex 30.491 -28.7232 3.5
      vertex 30.491 -28.7232 0
    endloop
  endfacet
  facet normal -0.970089 0.242749 0
    outer loop
      vertex 30.491 -28.7232 3.5
      vertex 30.4374 -28.9374 0
      vertex 30.4374 -28.9374 3.5
    endloop
  endfacet
  facet normal -0.857773 -0.514029 0
    outer loop
      vertex 30.2686 -27.2236 0
      vertex 30.1551 -27.0342 3.5
      vertex 30.1551 -27.0342 0
    endloop
  endfacet
  facet normal -0.857773 -0.514029 0
    outer loop
      vertex 30.1551 -27.0342 3.5
      vertex 30.2686 -27.2236 0
      vertex 30.2686 -27.2236 3.5
    endloop
  endfacet
  facet normal 0.998803 0.0489209 0
    outer loop
      vertex 26.0451 -28.5048 3.5
      vertex 26.0343 -28.2843 0
      vertex 26.0343 -28.2843 3.5
    endloop
  endfacet
  facet normal 0.998803 0.0489209 0
    outer loop
      vertex 26.0343 -28.2843 0
      vertex 26.0451 -28.5048 3.5
      vertex 26.0451 -28.5048 0
    endloop
  endfacet
  facet normal -0.903996 -0.427541 0
    outer loop
      vertex 30.363 -27.4232 0
      vertex 30.2686 -27.2236 3.5
      vertex 30.2686 -27.2236 0
    endloop
  endfacet
  facet normal -0.903996 -0.427541 0
    outer loop
      vertex 30.2686 -27.2236 3.5
      vertex 30.363 -27.4232 0
      vertex 30.363 -27.4232 3.5
    endloop
  endfacet
  facet normal -0.941527 0.336939 0
    outer loop
      vertex 30.363 -29.1453 0
      vertex 30.4374 -28.9374 3.5
      vertex 30.4374 -28.9374 0
    endloop
  endfacet
  facet normal -0.941527 0.336939 0
    outer loop
      vertex 30.4374 -28.9374 3.5
      vertex 30.363 -29.1453 0
      vertex 30.363 -29.1453 3.5
    endloop
  endfacet
  facet normal 0.427541 0.903996 -0
    outer loop
      vertex 27.4232 -30.363 0
      vertex 27.2236 -30.2686 3.5
      vertex 27.4232 -30.363 3.5
    endloop
  endfacet
  facet normal 0.427541 0.903996 0
    outer loop
      vertex 27.2236 -30.2686 3.5
      vertex 27.4232 -30.363 0
      vertex 27.2236 -30.2686 0
    endloop
  endfacet
  facet normal 0.969982 0.243175 0
    outer loop
      vertex 26.1312 -28.9374 3.5
      vertex 26.0775 -28.7232 0
      vertex 26.0775 -28.7232 3.5
    endloop
  endfacet
  facet normal 0.969982 0.243175 0
    outer loop
      vertex 26.0775 -28.7232 0
      vertex 26.1312 -28.9374 3.5
      vertex 26.1312 -28.9374 0
    endloop
  endfacet
  facet normal 0.740902 -0.671613 0
    outer loop
      vertex 26.545 -26.8569 3.5
      vertex 26.6933 -26.6933 0
      vertex 26.6933 -26.6933 3.5
    endloop
  endfacet
  facet normal 0.740902 -0.671613 0
    outer loop
      vertex 26.6933 -26.6933 0
      vertex 26.545 -26.8569 3.5
      vertex 26.545 -26.8569 0
    endloop
  endfacet
  facet normal 0.242749 0.970089 -0
    outer loop
      vertex 27.8453 -30.491 0
      vertex 27.6311 -30.4374 3.5
      vertex 27.8453 -30.491 3.5
    endloop
  endfacet
  facet normal 0.242749 0.970089 0
    outer loop
      vertex 27.6311 -30.4374 3.5
      vertex 27.8453 -30.491 0
      vertex 27.6311 -30.4374 0
    endloop
  endfacet
  facet normal 0.514363 -0.857573 0
    outer loop
      vertex 27.0342 -26.4135 0
      vertex 27.2236 -26.2999 3.5
      vertex 27.0342 -26.4135 3.5
    endloop
  endfacet
  facet normal 0.514363 -0.857573 0
    outer loop
      vertex 27.2236 -26.2999 3.5
      vertex 27.0342 -26.4135 0
      vertex 27.2236 -26.2999 0
    endloop
  endfacet
  facet normal -0.802979 -0.596007 0
    outer loop
      vertex 30.1551 -27.0342 0
      vertex 30.0235 -26.8569 3.5
      vertex 30.0235 -26.8569 0
    endloop
  endfacet
  facet normal -0.802979 -0.596007 0
    outer loop
      vertex 30.0235 -26.8569 3.5
      vertex 30.1551 -27.0342 0
      vertex 30.1551 -27.0342 3.5
    endloop
  endfacet
  facet normal 0.146746 -0.989174 0
    outer loop
      vertex 27.8453 -26.0775 0
      vertex 28.0637 -26.0451 3.5
      vertex 27.8453 -26.0775 3.5
    endloop
  endfacet
  facet normal 0.146746 -0.989174 0
    outer loop
      vertex 28.0637 -26.0451 3.5
      vertex 27.8453 -26.0775 0
      vertex 28.0637 -26.0451 0
    endloop
  endfacet
  facet normal -0.427541 0.903996 0
    outer loop
      vertex 29.3449 -30.2686 0
      vertex 29.1453 -30.363 3.5
      vertex 29.3449 -30.2686 3.5
    endloop
  endfacet
  facet normal -0.427541 0.903996 0
    outer loop
      vertex 29.1453 -30.363 3.5
      vertex 29.3449 -30.2686 0
      vertex 29.1453 -30.363 0
    endloop
  endfacet
  facet normal 0.671613 -0.740902 0
    outer loop
      vertex 26.6933 -26.6933 0
      vertex 26.8569 -26.545 3.5
      vertex 26.6933 -26.6933 3.5
    endloop
  endfacet
  facet normal 0.671613 -0.740902 0
    outer loop
      vertex 26.8569 -26.545 3.5
      vertex 26.6933 -26.6933 0
      vertex 26.8569 -26.545 0
    endloop
  endfacet
  facet normal -0.857773 0.514029 0
    outer loop
      vertex 30.1551 -29.5343 0
      vertex 30.2686 -29.3449 3.5
      vertex 30.2686 -29.3449 0
    endloop
  endfacet
  facet normal -0.857773 0.514029 0
    outer loop
      vertex 30.2686 -29.3449 3.5
      vertex 30.1551 -29.5343 0
      vertex 30.1551 -29.5343 3.5
    endloop
  endfacet
  facet normal 0.595715 -0.803196 0
    outer loop
      vertex 26.8569 -26.545 0
      vertex 27.0342 -26.4135 3.5
      vertex 26.8569 -26.545 3.5
    endloop
  endfacet
  facet normal 0.595715 -0.803196 0
    outer loop
      vertex 27.0342 -26.4135 3.5
      vertex 26.8569 -26.545 0
      vertex 27.0342 -26.4135 0
    endloop
  endfacet
  facet normal -0.336537 -0.94167 0
    outer loop
      vertex 28.9374 -26.1312 0
      vertex 29.1453 -26.2055 3.5
      vertex 28.9374 -26.1312 3.5
    endloop
  endfacet
  facet normal -0.336537 -0.94167 -0
    outer loop
      vertex 29.1453 -26.2055 3.5
      vertex 28.9374 -26.1312 0
      vertex 29.1453 -26.2055 0
    endloop
  endfacet
  facet normal -0.741128 -0.671364 0
    outer loop
      vertex 30.0235 -26.8569 0
      vertex 29.8753 -26.6933 3.5
      vertex 29.8753 -26.6933 0
    endloop
  endfacet
  facet normal -0.741128 -0.671364 0
    outer loop
      vertex 29.8753 -26.6933 3.5
      vertex 30.0235 -26.8569 0
      vertex 30.0235 -26.8569 3.5
    endloop
  endfacet
  facet normal -0.99878 0.0493728 0
    outer loop
      vertex 30.5234 -28.5048 0
      vertex 30.5343 -28.2843 3.5
      vertex 30.5343 -28.2843 0
    endloop
  endfacet
  facet normal -0.99878 0.0493728 0
    outer loop
      vertex 30.5343 -28.2843 3.5
      vertex 30.5234 -28.5048 0
      vertex 30.5234 -28.5048 3.5
    endloop
  endfacet
  facet normal 0.94167 0.336537 0
    outer loop
      vertex 26.2055 -29.1453 3.5
      vertex 26.1312 -28.9374 0
      vertex 26.1312 -28.9374 3.5
    endloop
  endfacet
  facet normal 0.94167 0.336537 0
    outer loop
      vertex 26.1312 -28.9374 0
      vertex 26.2055 -29.1453 3.5
      vertex 26.2055 -29.1453 0
    endloop
  endfacet
  facet normal -0.514363 -0.857573 0
    outer loop
      vertex 29.3449 -26.2999 0
      vertex 29.5343 -26.4135 3.5
      vertex 29.3449 -26.2999 3.5
    endloop
  endfacet
  facet normal -0.514363 -0.857573 -0
    outer loop
      vertex 29.5343 -26.4135 3.5
      vertex 29.3449 -26.2999 0
      vertex 29.5343 -26.4135 0
    endloop
  endfacet
  facet normal -0.595498 -0.803357 0
    outer loop
      vertex 29.5343 -26.4135 0
      vertex 29.7117 -26.545 3.5
      vertex 29.5343 -26.4135 3.5
    endloop
  endfacet
  facet normal -0.595498 -0.803357 -0
    outer loop
      vertex 29.7117 -26.545 3.5
      vertex 29.5343 -26.4135 0
      vertex 29.7117 -26.545 0
    endloop
  endfacet
  facet normal -0.146746 0.989174 0
    outer loop
      vertex 28.7232 -30.491 0
      vertex 28.5048 -30.5234 3.5
      vertex 28.7232 -30.491 3.5
    endloop
  endfacet
  facet normal -0.146746 0.989174 0
    outer loop
      vertex 28.5048 -30.5234 3.5
      vertex 28.7232 -30.491 0
      vertex 28.5048 -30.5234 0
    endloop
  endfacet
  facet normal -0.741128 0.671364 0
    outer loop
      vertex 29.8753 -29.8753 0
      vertex 30.0235 -29.7117 3.5
      vertex 30.0235 -29.7117 0
    endloop
  endfacet
  facet normal -0.741128 0.671364 0
    outer loop
      vertex 30.0235 -29.7117 3.5
      vertex 29.8753 -29.8753 0
      vertex 29.8753 -29.8753 3.5
    endloop
  endfacet
  facet normal -0.80314 0.59579 0
    outer loop
      vertex 30.0235 -29.7117 0
      vertex 30.1551 -29.5343 3.5
      vertex 30.1551 -29.5343 0
    endloop
  endfacet
  facet normal -0.80314 0.59579 0
    outer loop
      vertex 30.1551 -29.5343 3.5
      vertex 30.0235 -29.7117 0
      vertex 30.0235 -29.7117 3.5
    endloop
  endfacet
  facet normal -0.242749 0.970089 0
    outer loop
      vertex 28.9374 -30.4374 0
      vertex 28.7232 -30.491 3.5
      vertex 28.9374 -30.4374 3.5
    endloop
  endfacet
  facet normal -0.242749 0.970089 0
    outer loop
      vertex 28.7232 -30.491 3.5
      vertex 28.9374 -30.4374 0
      vertex 28.7232 -30.491 0
    endloop
  endfacet
  facet normal -0.903996 0.427541 0
    outer loop
      vertex 30.2686 -29.3449 0
      vertex 30.363 -29.1453 3.5
      vertex 30.363 -29.1453 0
    endloop
  endfacet
  facet normal -0.903996 0.427541 0
    outer loop
      vertex 30.363 -29.1453 3.5
      vertex 30.2686 -29.3449 0
      vertex 30.2686 -29.3449 3.5
    endloop
  endfacet
  facet normal 0.243175 -0.969982 0
    outer loop
      vertex 27.6311 -26.1312 0
      vertex 27.8453 -26.0775 3.5
      vertex 27.6311 -26.1312 3.5
    endloop
  endfacet
  facet normal 0.243175 -0.969982 0
    outer loop
      vertex 27.8453 -26.0775 3.5
      vertex 27.6311 -26.1312 0
      vertex 27.8453 -26.0775 0
    endloop
  endfacet
  facet normal 0.94167 -0.336537 0
    outer loop
      vertex 26.1312 -27.6311 3.5
      vertex 26.2055 -27.4232 0
      vertex 26.2055 -27.4232 3.5
    endloop
  endfacet
  facet normal 0.94167 -0.336537 0
    outer loop
      vertex 26.2055 -27.4232 0
      vertex 26.1312 -27.6311 3.5
      vertex 26.1312 -27.6311 0
    endloop
  endfacet
  facet normal 0.427541 -0.903996 0
    outer loop
      vertex 27.2236 -26.2999 0
      vertex 27.4232 -26.2055 3.5
      vertex 27.2236 -26.2999 3.5
    endloop
  endfacet
  facet normal 0.427541 -0.903996 0
    outer loop
      vertex 27.4232 -26.2055 3.5
      vertex 27.2236 -26.2999 0
      vertex 27.4232 -26.2055 0
    endloop
  endfacet
  facet normal 0.989174 -0.146746 0
    outer loop
      vertex 26.0451 -28.0637 3.5
      vertex 26.0775 -27.8453 0
      vertex 26.0775 -27.8453 3.5
    endloop
  endfacet
  facet normal 0.989174 -0.146746 0
    outer loop
      vertex 26.0775 -27.8453 0
      vertex 26.0451 -28.0637 3.5
      vertex 26.0451 -28.0637 0
    endloop
  endfacet
  facet normal 0.969982 -0.243175 0
    outer loop
      vertex 26.0775 -27.8453 3.5
      vertex 26.1312 -27.6311 0
      vertex 26.1312 -27.6311 3.5
    endloop
  endfacet
  facet normal 0.969982 -0.243175 0
    outer loop
      vertex 26.1312 -27.6311 0
      vertex 26.0775 -27.8453 3.5
      vertex 26.0775 -27.8453 0
    endloop
  endfacet
  facet normal -0.427541 -0.903996 0
    outer loop
      vertex 29.1453 -26.2055 0
      vertex 29.3449 -26.2999 3.5
      vertex 29.1453 -26.2055 3.5
    endloop
  endfacet
  facet normal -0.427541 -0.903996 -0
    outer loop
      vertex 29.3449 -26.2999 3.5
      vertex 29.1453 -26.2055 0
      vertex 29.3449 -26.2999 0
    endloop
  endfacet
  facet normal -0.989174 0.146746 0
    outer loop
      vertex 30.491 -28.7232 0
      vertex 30.5234 -28.5048 3.5
      vertex 30.5234 -28.5048 0
    endloop
  endfacet
  facet normal -0.989174 0.146746 0
    outer loop
      vertex 30.5234 -28.5048 3.5
      vertex 30.491 -28.7232 0
      vertex 30.491 -28.7232 3.5
    endloop
  endfacet
  facet normal -0.146746 -0.989174 0
    outer loop
      vertex 28.5048 -26.0451 0
      vertex 28.7232 -26.0775 3.5
      vertex 28.5048 -26.0451 3.5
    endloop
  endfacet
  facet normal -0.146746 -0.989174 -0
    outer loop
      vertex 28.7232 -26.0775 3.5
      vertex 28.5048 -26.0451 0
      vertex 28.7232 -26.0775 0
    endloop
  endfacet
  facet normal -0.0489209 -0.998803 0
    outer loop
      vertex 28.2843 -26.0343 0
      vertex 28.5048 -26.0451 3.5
      vertex 28.2843 -26.0343 3.5
    endloop
  endfacet
  facet normal -0.0489209 -0.998803 -0
    outer loop
      vertex 28.5048 -26.0451 3.5
      vertex 28.2843 -26.0343 0
      vertex 28.5048 -26.0451 0
    endloop
  endfacet
  facet normal 0.740902 0.671613 0
    outer loop
      vertex 26.6933 -29.8753 3.5
      vertex 26.545 -29.7117 0
      vertex 26.545 -29.7117 3.5
    endloop
  endfacet
  facet normal 0.740902 0.671613 0
    outer loop
      vertex 26.545 -29.7117 0
      vertex 26.6933 -29.8753 3.5
      vertex 26.6933 -29.8753 0
    endloop
  endfacet
  facet normal 0.857573 0.514363 0
    outer loop
      vertex 26.4135 -29.5343 3.5
      vertex 26.2999 -29.3449 0
      vertex 26.2999 -29.3449 3.5
    endloop
  endfacet
  facet normal 0.857573 0.514363 0
    outer loop
      vertex 26.2999 -29.3449 0
      vertex 26.4135 -29.5343 3.5
      vertex 26.4135 -29.5343 0
    endloop
  endfacet
  facet normal 0.336537 -0.94167 0
    outer loop
      vertex 27.4232 -26.2055 0
      vertex 27.6311 -26.1312 3.5
      vertex 27.4232 -26.2055 3.5
    endloop
  endfacet
  facet normal 0.336537 -0.94167 0
    outer loop
      vertex 27.6311 -26.1312 3.5
      vertex 27.4232 -26.2055 0
      vertex 27.6311 -26.1312 0
    endloop
  endfacet
  facet normal 0.514029 0.857773 -0
    outer loop
      vertex 27.2236 -30.2686 0
      vertex 27.0342 -30.1551 3.5
      vertex 27.2236 -30.2686 3.5
    endloop
  endfacet
  facet normal 0.514029 0.857773 0
    outer loop
      vertex 27.0342 -30.1551 3.5
      vertex 27.2236 -30.2686 0
      vertex 27.0342 -30.1551 0
    endloop
  endfacet
  facet normal -0.59579 0.80314 0
    outer loop
      vertex 29.7117 -30.0235 0
      vertex 29.5343 -30.1551 3.5
      vertex 29.7117 -30.0235 3.5
    endloop
  endfacet
  facet normal -0.59579 0.80314 0
    outer loop
      vertex 29.5343 -30.1551 3.5
      vertex 29.7117 -30.0235 0
      vertex 29.5343 -30.1551 0
    endloop
  endfacet
  facet normal 0.336939 0.941527 -0
    outer loop
      vertex 27.6311 -30.4374 0
      vertex 27.4232 -30.363 3.5
      vertex 27.6311 -30.4374 3.5
    endloop
  endfacet
  facet normal 0.336939 0.941527 0
    outer loop
      vertex 27.4232 -30.363 3.5
      vertex 27.6311 -30.4374 0
      vertex 27.4232 -30.363 0
    endloop
  endfacet
  facet normal 0.803357 0.595498 0
    outer loop
      vertex 26.545 -29.7117 3.5
      vertex 26.4135 -29.5343 0
      vertex 26.4135 -29.5343 3.5
    endloop
  endfacet
  facet normal 0.803357 0.595498 0
    outer loop
      vertex 26.4135 -29.5343 0
      vertex 26.545 -29.7117 3.5
      vertex 26.545 -29.7117 0
    endloop
  endfacet
  facet normal 0.903996 -0.427541 0
    outer loop
      vertex 26.2055 -27.4232 3.5
      vertex 26.2999 -27.2236 0
      vertex 26.2999 -27.2236 3.5
    endloop
  endfacet
  facet normal 0.903996 -0.427541 0
    outer loop
      vertex 26.2999 -27.2236 0
      vertex 26.2055 -27.4232 3.5
      vertex 26.2055 -27.4232 0
    endloop
  endfacet
  facet normal 0.989174 0.146746 0
    outer loop
      vertex 26.0775 -28.7232 3.5
      vertex 26.0451 -28.5048 0
      vertex 26.0451 -28.5048 3.5
    endloop
  endfacet
  facet normal 0.989174 0.146746 0
    outer loop
      vertex 26.0451 -28.5048 0
      vertex 26.0775 -28.7232 3.5
      vertex 26.0775 -28.7232 0
    endloop
  endfacet
  facet normal -0.243175 -0.969982 0
    outer loop
      vertex 28.7232 -26.0775 0
      vertex 28.9374 -26.1312 3.5
      vertex 28.7232 -26.0775 3.5
    endloop
  endfacet
  facet normal -0.243175 -0.969982 -0
    outer loop
      vertex 28.9374 -26.1312 3.5
      vertex 28.7232 -26.0775 0
      vertex 28.9374 -26.1312 0
    endloop
  endfacet
  facet normal -0.514029 0.857773 0
    outer loop
      vertex 29.5343 -30.1551 0
      vertex 29.3449 -30.2686 3.5
      vertex 29.5343 -30.1551 3.5
    endloop
  endfacet
  facet normal -0.514029 0.857773 0
    outer loop
      vertex 29.3449 -30.2686 3.5
      vertex 29.5343 -30.1551 0
      vertex 29.3449 -30.2686 0
    endloop
  endfacet
  facet normal 0.671364 0.741128 -0
    outer loop
      vertex 26.8569 -30.0235 0
      vertex 26.6933 -29.8753 3.5
      vertex 26.8569 -30.0235 3.5
    endloop
  endfacet
  facet normal 0.671364 0.741128 0
    outer loop
      vertex 26.6933 -29.8753 3.5
      vertex 26.8569 -30.0235 0
      vertex 26.6933 -29.8753 0
    endloop
  endfacet
  facet normal 0.0493505 0.998782 -0
    outer loop
      vertex 28.2843 -30.5343 0
      vertex 28.0637 -30.5234 3.5
      vertex 28.2843 -30.5343 3.5
    endloop
  endfacet
  facet normal 0.0493505 0.998782 0
    outer loop
      vertex 28.0637 -30.5234 3.5
      vertex 28.2843 -30.5343 0
      vertex 28.0637 -30.5234 0
    endloop
  endfacet
  facet normal 0.998804 -0.0488988 0
    outer loop
      vertex 26.0343 -28.2843 3.5
      vertex 26.0451 -28.0637 0
      vertex 26.0451 -28.0637 3.5
    endloop
  endfacet
  facet normal 0.998804 -0.0488988 0
    outer loop
      vertex 26.0451 -28.0637 0
      vertex 26.0343 -28.2843 3.5
      vertex 26.0343 -28.2843 0
    endloop
  endfacet
  facet normal -0.671364 0.741128 0
    outer loop
      vertex 29.8753 -29.8753 0
      vertex 29.7117 -30.0235 3.5
      vertex 29.8753 -29.8753 3.5
    endloop
  endfacet
  facet normal -0.671364 0.741128 0
    outer loop
      vertex 29.7117 -30.0235 3.5
      vertex 29.8753 -29.8753 0
      vertex 29.7117 -30.0235 0
    endloop
  endfacet
  facet normal -0.741041 -0.67146 0
    outer loop
      vertex 31.4536 -25.6833 3.5
      vertex 31.1834 -25.3851 8
      vertex 31.1834 -25.3851 3.5
    endloop
  endfacet
  facet normal -0.741041 -0.67146 0
    outer loop
      vertex 31.1834 -25.3851 8
      vertex 31.4536 -25.6833 3.5
      vertex 31.4536 -25.6833 8
    endloop
  endfacet
  facet normal -0.98919 -0.146639 0
    outer loop
      vertex 32.3645 -27.8824 3.5
      vertex 32.3055 -27.4844 8
      vertex 32.3055 -27.4844 3.5
    endloop
  endfacet
  facet normal -0.98919 -0.146639 0
    outer loop
      vertex 32.3055 -27.4844 8
      vertex 32.3645 -27.8824 3.5
      vertex 32.3645 -27.8824 8
    endloop
  endfacet
  facet normal -0.998789 -0.0492063 0
    outer loop
      vertex 32.3843 -28.2843 3.5
      vertex 32.3645 -27.8824 8
      vertex 32.3645 -27.8824 3.5
    endloop
  endfacet
  facet normal -0.998789 -0.0492063 0
    outer loop
      vertex 32.3645 -27.8824 8
      vertex 32.3843 -28.2843 3.5
      vertex 32.3843 -28.2843 8
    endloop
  endfacet
  facet normal -0.970011 -0.243062 0
    outer loop
      vertex 32.3055 -27.4844 3.5
      vertex 32.2077 -27.0941 8
      vertex 32.2077 -27.0941 3.5
    endloop
  endfacet
  facet normal -0.970011 -0.243062 0
    outer loop
      vertex 32.2077 -27.0941 8
      vertex 32.3055 -27.4844 3.5
      vertex 32.3055 -27.4844 8
    endloop
  endfacet
  facet normal -0.33673 0.941601 0
    outer loop
      vertex 29.8533 -32.0722 3.5
      vertex 29.4744 -32.2077 8
      vertex 29.8533 -32.0722 8
    endloop
  endfacet
  facet normal -0.33673 0.941601 0
    outer loop
      vertex 29.4744 -32.2077 8
      vertex 29.8533 -32.0722 3.5
      vertex 29.4744 -32.2077 3.5
    endloop
  endfacet
  facet normal -0.857778 -0.51402 0
    outer loop
      vertex 31.9001 -26.3515 3.5
      vertex 31.6933 -26.0064 8
      vertex 31.6933 -26.0064 3.5
    endloop
  endfacet
  facet normal -0.857778 -0.51402 0
    outer loop
      vertex 31.6933 -26.0064 8
      vertex 31.9001 -26.3515 3.5
      vertex 31.9001 -26.3515 8
    endloop
  endfacet
  facet normal -0.941573 -0.336809 0
    outer loop
      vertex 32.2077 -27.0941 3.5
      vertex 32.0722 -26.7153 8
      vertex 32.0722 -26.7153 3.5
    endloop
  endfacet
  facet normal -0.941573 -0.336809 0
    outer loop
      vertex 32.0722 -26.7153 8
      vertex 32.2077 -27.0941 3.5
      vertex 32.2077 -27.0941 8
    endloop
  endfacet
  facet normal -0.242828 -0.970069 0
    outer loop
      vertex 29.0841 -24.2631 3.5
      vertex 29.4744 -24.3608 8
      vertex 29.0841 -24.2631 8
    endloop
  endfacet
  facet normal -0.242828 -0.970069 -0
    outer loop
      vertex 29.4744 -24.3608 8
      vertex 29.0841 -24.2631 3.5
      vertex 29.4744 -24.3608 3.5
    endloop
  endfacet
  facet normal 0.741041 -0.67146 0
    outer loop
      vertex 25.1149 -25.6833 8
      vertex 25.3851 -25.3851 3.5
      vertex 25.3851 -25.3851 8
    endloop
  endfacet
  facet normal 0.741041 -0.67146 0
    outer loop
      vertex 25.3851 -25.3851 3.5
      vertex 25.1149 -25.6833 8
      vertex 25.1149 -25.6833 3.5
    endloop
  endfacet
  facet normal -0.0492185 0.998788 0
    outer loop
      vertex 28.6861 -32.3645 3.5
      vertex 28.2843 -32.3843 8
      vertex 28.6861 -32.3645 8
    endloop
  endfacet
  facet normal -0.0492185 0.998788 0
    outer loop
      vertex 28.2843 -32.3843 8
      vertex 28.6861 -32.3645 3.5
      vertex 28.2843 -32.3843 3.5
    endloop
  endfacet
  facet normal -0.42752 -0.904006 0
    outer loop
      vertex 29.8533 -24.4964 3.5
      vertex 30.217 -24.6684 8
      vertex 29.8533 -24.4964 8
    endloop
  endfacet
  facet normal -0.42752 -0.904006 -0
    outer loop
      vertex 30.217 -24.6684 8
      vertex 29.8533 -24.4964 3.5
      vertex 30.217 -24.6684 3.5
    endloop
  endfacet
  facet normal -0.671583 -0.740929 0
    outer loop
      vertex 30.8853 -25.1149 3.5
      vertex 31.1834 -25.3851 8
      vertex 30.8853 -25.1149 8
    endloop
  endfacet
  facet normal -0.671583 -0.740929 -0
    outer loop
      vertex 31.1834 -25.3851 8
      vertex 30.8853 -25.1149 3.5
      vertex 31.1834 -25.3851 3.5
    endloop
  endfacet
  facet normal 0.595816 0.803121 -0
    outer loop
      vertex 26.0064 -31.6933 3.5
      vertex 25.6833 -31.4536 8
      vertex 26.0064 -31.6933 8
    endloop
  endfacet
  facet normal 0.595816 0.803121 0
    outer loop
      vertex 25.6833 -31.4536 8
      vertex 26.0064 -31.6933 3.5
      vertex 25.6833 -31.4536 3.5
    endloop
  endfacet
  facet normal -0.0489705 -0.9988 0
    outer loop
      vertex 28.2843 -24.1843 3.5
      vertex 28.6861 -24.204 8
      vertex 28.2843 -24.1843 8
    endloop
  endfacet
  facet normal -0.0489705 -0.9988 -0
    outer loop
      vertex 28.6861 -24.204 8
      vertex 28.2843 -24.1843 3.5
      vertex 28.6861 -24.204 3.5
    endloop
  endfacet
  facet normal -0.243062 0.970011 0
    outer loop
      vertex 29.4744 -32.2077 3.5
      vertex 29.0841 -32.3055 8
      vertex 29.4744 -32.2077 8
    endloop
  endfacet
  facet normal -0.243062 0.970011 0
    outer loop
      vertex 29.0841 -32.3055 8
      vertex 29.4744 -32.2077 3.5
      vertex 29.0841 -32.3055 3.5
    endloop
  endfacet
  facet normal -0.98919 0.146639 0
    outer loop
      vertex 32.3055 -29.0841 3.5
      vertex 32.3645 -28.6861 8
      vertex 32.3645 -28.6861 3.5
    endloop
  endfacet
  facet normal -0.98919 0.146639 0
    outer loop
      vertex 32.3645 -28.6861 8
      vertex 32.3055 -29.0841 3.5
      vertex 32.3055 -29.0841 8
    endloop
  endfacet
  facet normal 0.243062 0.970011 -0
    outer loop
      vertex 27.4844 -32.3055 3.5
      vertex 27.0941 -32.2077 8
      vertex 27.4844 -32.3055 8
    endloop
  endfacet
  facet normal 0.243062 0.970011 0
    outer loop
      vertex 27.0941 -32.2077 8
      vertex 27.4844 -32.3055 3.5
      vertex 27.0941 -32.2077 3.5
    endloop
  endfacet
  facet normal 0.595816 -0.803121 0
    outer loop
      vertex 25.6833 -25.1149 3.5
      vertex 26.0064 -24.8752 8
      vertex 25.6833 -25.1149 8
    endloop
  endfacet
  facet normal 0.595816 -0.803121 0
    outer loop
      vertex 26.0064 -24.8752 8
      vertex 25.6833 -25.1149 3.5
      vertex 26.0064 -24.8752 3.5
    endloop
  endfacet
  facet normal 0.9988 0.0489705 0
    outer loop
      vertex 24.204 -28.6861 8
      vertex 24.1843 -28.2843 3.5
      vertex 24.1843 -28.2843 8
    endloop
  endfacet
  facet normal 0.9988 0.0489705 0
    outer loop
      vertex 24.1843 -28.2843 3.5
      vertex 24.204 -28.6861 8
      vertex 24.204 -28.6861 3.5
    endloop
  endfacet
  facet normal 0.970069 0.242828 0
    outer loop
      vertex 24.3608 -29.4744 8
      vertex 24.2631 -29.0841 3.5
      vertex 24.2631 -29.0841 8
    endloop
  endfacet
  facet normal 0.970069 0.242828 0
    outer loop
      vertex 24.2631 -29.0841 3.5
      vertex 24.3608 -29.4744 8
      vertex 24.3608 -29.4744 3.5
    endloop
  endfacet
  facet normal -0.970011 0.243062 0
    outer loop
      vertex 32.2077 -29.4744 3.5
      vertex 32.3055 -29.0841 8
      vertex 32.3055 -29.0841 3.5
    endloop
  endfacet
  facet normal -0.970011 0.243062 0
    outer loop
      vertex 32.3055 -29.0841 8
      vertex 32.2077 -29.4744 3.5
      vertex 32.2077 -29.4744 8
    endloop
  endfacet
  facet normal 0.51402 -0.857778 0
    outer loop
      vertex 26.0064 -24.8752 3.5
      vertex 26.3515 -24.6684 8
      vertex 26.0064 -24.8752 8
    endloop
  endfacet
  facet normal 0.51402 -0.857778 0
    outer loop
      vertex 26.3515 -24.6684 8
      vertex 26.0064 -24.8752 3.5
      vertex 26.3515 -24.6684 3.5
    endloop
  endfacet
  facet normal -0.595697 -0.803209 0
    outer loop
      vertex 30.5621 -24.8752 3.5
      vertex 30.8853 -25.1149 8
      vertex 30.5621 -24.8752 8
    endloop
  endfacet
  facet normal -0.595697 -0.803209 -0
    outer loop
      vertex 30.8853 -25.1149 8
      vertex 30.5621 -24.8752 3.5
      vertex 30.8853 -25.1149 3.5
    endloop
  endfacet
  facet normal 0.904006 0.42752 0
    outer loop
      vertex 24.6684 -30.217 8
      vertex 24.4964 -29.8533 3.5
      vertex 24.4964 -29.8533 8
    endloop
  endfacet
  facet normal 0.904006 0.42752 0
    outer loop
      vertex 24.4964 -29.8533 3.5
      vertex 24.6684 -30.217 8
      vertex 24.6684 -30.217 3.5
    endloop
  endfacet
  facet normal -0.941601 0.33673 0
    outer loop
      vertex 32.0722 -29.8533 3.5
      vertex 32.2077 -29.4744 8
      vertex 32.2077 -29.4744 3.5
    endloop
  endfacet
  facet normal -0.941601 0.33673 0
    outer loop
      vertex 32.2077 -29.4744 8
      vertex 32.0722 -29.8533 3.5
      vertex 32.0722 -29.8533 8
    endloop
  endfacet
  facet normal -0.146882 -0.989154 0
    outer loop
      vertex 28.6861 -24.204 3.5
      vertex 29.0841 -24.2631 8
      vertex 28.6861 -24.204 8
    endloop
  endfacet
  facet normal -0.146882 -0.989154 -0
    outer loop
      vertex 29.0841 -24.2631 8
      vertex 28.6861 -24.204 3.5
      vertex 29.0841 -24.2631 3.5
    endloop
  endfacet
  facet normal 0.427424 -0.904051 0
    outer loop
      vertex 26.3515 -24.6684 3.5
      vertex 26.7153 -24.4964 8
      vertex 26.3515 -24.6684 8
    endloop
  endfacet
  facet normal 0.427424 -0.904051 0
    outer loop
      vertex 26.7153 -24.4964 8
      vertex 26.3515 -24.6684 3.5
      vertex 26.7153 -24.4964 3.5
    endloop
  endfacet
  facet normal -0.51402 -0.857778 0
    outer loop
      vertex 30.217 -24.6684 3.5
      vertex 30.5621 -24.8752 8
      vertex 30.217 -24.6684 8
    endloop
  endfacet
  facet normal -0.51402 -0.857778 -0
    outer loop
      vertex 30.5621 -24.8752 8
      vertex 30.217 -24.6684 3.5
      vertex 30.5621 -24.8752 3.5
    endloop
  endfacet
  facet normal -0.427723 0.90391 0
    outer loop
      vertex 30.217 -31.9001 3.5
      vertex 29.8533 -32.0722 8
      vertex 30.217 -31.9001 8
    endloop
  endfacet
  facet normal -0.427723 0.90391 0
    outer loop
      vertex 29.8533 -32.0722 8
      vertex 30.217 -31.9001 3.5
      vertex 29.8533 -32.0722 3.5
    endloop
  endfacet
  facet normal 0.941522 0.33695 0
    outer loop
      vertex 24.4964 -29.8533 8
      vertex 24.3608 -29.4744 3.5
      vertex 24.3608 -29.4744 8
    endloop
  endfacet
  facet normal 0.941522 0.33695 0
    outer loop
      vertex 24.3608 -29.4744 3.5
      vertex 24.4964 -29.8533 8
      vertex 24.4964 -29.8533 3.5
    endloop
  endfacet
  facet normal -0.857778 0.51402 0
    outer loop
      vertex 31.6933 -30.5621 3.5
      vertex 31.9001 -30.217 8
      vertex 31.9001 -30.217 3.5
    endloop
  endfacet
  facet normal -0.857778 0.51402 0
    outer loop
      vertex 31.9001 -30.217 8
      vertex 31.6933 -30.5621 3.5
      vertex 31.6933 -30.5621 8
    endloop
  endfacet
  facet normal -0.90391 0.427723 0
    outer loop
      vertex 31.9001 -30.217 3.5
      vertex 32.0722 -29.8533 8
      vertex 32.0722 -29.8533 3.5
    endloop
  endfacet
  facet normal -0.90391 0.427723 0
    outer loop
      vertex 32.0722 -29.8533 8
      vertex 31.9001 -30.217 3.5
      vertex 31.9001 -30.217 8
    endloop
  endfacet
  facet normal -0.998788 0.0492185 0
    outer loop
      vertex 32.3645 -28.6861 3.5
      vertex 32.3843 -28.2843 8
      vertex 32.3843 -28.2843 3.5
    endloop
  endfacet
  facet normal -0.998788 0.0492185 0
    outer loop
      vertex 32.3843 -28.2843 8
      vertex 32.3645 -28.6861 3.5
      vertex 32.3645 -28.6861 8
    endloop
  endfacet
  facet normal 0.146882 -0.989154 0
    outer loop
      vertex 27.4844 -24.2631 3.5
      vertex 27.8824 -24.204 8
      vertex 27.4844 -24.2631 8
    endloop
  endfacet
  facet normal 0.146882 -0.989154 0
    outer loop
      vertex 27.8824 -24.204 8
      vertex 27.4844 -24.2631 3.5
      vertex 27.8824 -24.204 3.5
    endloop
  endfacet
  facet normal -0.146639 0.98919 0
    outer loop
      vertex 29.0841 -32.3055 3.5
      vertex 28.6861 -32.3645 8
      vertex 29.0841 -32.3055 8
    endloop
  endfacet
  facet normal -0.146639 0.98919 0
    outer loop
      vertex 28.6861 -32.3645 8
      vertex 29.0841 -32.3055 3.5
      vertex 28.6861 -32.3645 3.5
    endloop
  endfacet
  facet normal -0.740929 0.671583 0
    outer loop
      vertex 31.1834 -31.1834 3.5
      vertex 31.4536 -30.8853 8
      vertex 31.4536 -30.8853 3.5
    endloop
  endfacet
  facet normal -0.740929 0.671583 0
    outer loop
      vertex 31.4536 -30.8853 8
      vertex 31.1834 -31.1834 3.5
      vertex 31.1834 -31.1834 8
    endloop
  endfacet
  facet normal -0.803209 0.595697 0
    outer loop
      vertex 31.4536 -30.8853 3.5
      vertex 31.6933 -30.5621 8
      vertex 31.6933 -30.5621 3.5
    endloop
  endfacet
  facet normal -0.803209 0.595697 0
    outer loop
      vertex 31.6933 -30.5621 8
      vertex 31.4536 -30.8853 3.5
      vertex 31.4536 -30.8853 8
    endloop
  endfacet
  facet normal 0.242828 -0.970069 0
    outer loop
      vertex 27.0941 -24.3608 3.5
      vertex 27.4844 -24.2631 8
      vertex 27.0941 -24.3608 8
    endloop
  endfacet
  facet normal 0.242828 -0.970069 0
    outer loop
      vertex 27.4844 -24.2631 8
      vertex 27.0941 -24.3608 3.5
      vertex 27.4844 -24.2631 3.5
    endloop
  endfacet
  facet normal -0.803121 -0.595816 0
    outer loop
      vertex 31.6933 -26.0064 3.5
      vertex 31.4536 -25.6833 8
      vertex 31.4536 -25.6833 3.5
    endloop
  endfacet
  facet normal -0.803121 -0.595816 0
    outer loop
      vertex 31.4536 -25.6833 8
      vertex 31.6933 -26.0064 3.5
      vertex 31.6933 -26.0064 8
    endloop
  endfacet
  facet normal -0.903955 -0.427627 0
    outer loop
      vertex 32.0722 -26.7153 3.5
      vertex 31.9001 -26.3515 8
      vertex 31.9001 -26.3515 3.5
    endloop
  endfacet
  facet normal -0.903955 -0.427627 0
    outer loop
      vertex 31.9001 -26.3515 8
      vertex 32.0722 -26.7153 3.5
      vertex 32.0722 -26.7153 8
    endloop
  endfacet
  facet normal 0.857778 -0.51402 0
    outer loop
      vertex 24.6684 -26.3515 8
      vertex 24.8752 -26.0064 3.5
      vertex 24.8752 -26.0064 8
    endloop
  endfacet
  facet normal 0.857778 -0.51402 0
    outer loop
      vertex 24.8752 -26.0064 3.5
      vertex 24.6684 -26.3515 8
      vertex 24.6684 -26.3515 3.5
    endloop
  endfacet
  facet normal 0.67146 -0.741041 0
    outer loop
      vertex 25.3851 -25.3851 3.5
      vertex 25.6833 -25.1149 8
      vertex 25.3851 -25.3851 8
    endloop
  endfacet
  facet normal 0.67146 -0.741041 0
    outer loop
      vertex 25.6833 -25.1149 8
      vertex 25.3851 -25.3851 3.5
      vertex 25.6833 -25.1149 3.5
    endloop
  endfacet
  facet normal 0.857778 0.51402 0
    outer loop
      vertex 24.8752 -30.5621 8
      vertex 24.6684 -30.217 3.5
      vertex 24.6684 -30.217 8
    endloop
  endfacet
  facet normal 0.857778 0.51402 0
    outer loop
      vertex 24.6684 -30.217 3.5
      vertex 24.8752 -30.5621 8
      vertex 24.8752 -30.5621 3.5
    endloop
  endfacet
  facet normal 0.427627 0.903955 -0
    outer loop
      vertex 26.7153 -32.0722 3.5
      vertex 26.3515 -31.9001 8
      vertex 26.7153 -32.0722 8
    endloop
  endfacet
  facet normal 0.427627 0.903955 0
    outer loop
      vertex 26.3515 -31.9001 8
      vertex 26.7153 -32.0722 3.5
      vertex 26.3515 -31.9001 3.5
    endloop
  endfacet
  facet normal 0.740929 0.671583 0
    outer loop
      vertex 25.3851 -31.1834 8
      vertex 25.1149 -30.8853 3.5
      vertex 25.1149 -30.8853 8
    endloop
  endfacet
  facet normal 0.740929 0.671583 0
    outer loop
      vertex 25.1149 -30.8853 3.5
      vertex 25.3851 -31.1834 8
      vertex 25.3851 -31.1834 3.5
    endloop
  endfacet
  facet normal 0.337029 -0.941494 0
    outer loop
      vertex 26.7153 -24.4964 3.5
      vertex 27.0941 -24.3608 8
      vertex 26.7153 -24.4964 8
    endloop
  endfacet
  facet normal 0.337029 -0.941494 0
    outer loop
      vertex 27.0941 -24.3608 8
      vertex 26.7153 -24.4964 3.5
      vertex 27.0941 -24.3608 3.5
    endloop
  endfacet
  facet normal 0.51402 0.857778 -0
    outer loop
      vertex 26.3515 -31.9001 3.5
      vertex 26.0064 -31.6933 8
      vertex 26.3515 -31.9001 8
    endloop
  endfacet
  facet normal 0.51402 0.857778 0
    outer loop
      vertex 26.0064 -31.6933 8
      vertex 26.3515 -31.9001 3.5
      vertex 26.0064 -31.6933 3.5
    endloop
  endfacet
  facet normal -0.595697 0.803209 0
    outer loop
      vertex 30.8853 -31.4536 3.5
      vertex 30.5621 -31.6933 8
      vertex 30.8853 -31.4536 8
    endloop
  endfacet
  facet normal -0.595697 0.803209 0
    outer loop
      vertex 30.5621 -31.6933 8
      vertex 30.8853 -31.4536 3.5
      vertex 30.5621 -31.6933 3.5
    endloop
  endfacet
  facet normal 0.0489584 -0.998801 0
    outer loop
      vertex 27.8824 -24.204 3.5
      vertex 28.2843 -24.1843 8
      vertex 27.8824 -24.204 8
    endloop
  endfacet
  facet normal 0.0489584 -0.998801 0
    outer loop
      vertex 28.2843 -24.1843 8
      vertex 27.8824 -24.204 3.5
      vertex 28.2843 -24.1843 3.5
    endloop
  endfacet
  facet normal 0.941494 -0.337029 0
    outer loop
      vertex 24.3608 -27.0941 8
      vertex 24.4964 -26.7153 3.5
      vertex 24.4964 -26.7153 8
    endloop
  endfacet
  facet normal 0.941494 -0.337029 0
    outer loop
      vertex 24.4964 -26.7153 3.5
      vertex 24.3608 -27.0941 8
      vertex 24.3608 -27.0941 3.5
    endloop
  endfacet
  facet normal -0.33695 -0.941522 0
    outer loop
      vertex 29.4744 -24.3608 3.5
      vertex 29.8533 -24.4964 8
      vertex 29.4744 -24.3608 8
    endloop
  endfacet
  facet normal -0.33695 -0.941522 -0
    outer loop
      vertex 29.8533 -24.4964 8
      vertex 29.4744 -24.3608 3.5
      vertex 29.8533 -24.4964 3.5
    endloop
  endfacet
  facet normal 0.803209 0.595697 0
    outer loop
      vertex 25.1149 -30.8853 8
      vertex 24.8752 -30.5621 3.5
      vertex 24.8752 -30.5621 8
    endloop
  endfacet
  facet normal 0.803209 0.595697 0
    outer loop
      vertex 24.8752 -30.5621 3.5
      vertex 25.1149 -30.8853 8
      vertex 25.1149 -30.8853 3.5
    endloop
  endfacet
  facet normal 0.970069 -0.242828 0
    outer loop
      vertex 24.2631 -27.4844 8
      vertex 24.3608 -27.0941 3.5
      vertex 24.3608 -27.0941 8
    endloop
  endfacet
  facet normal 0.970069 -0.242828 0
    outer loop
      vertex 24.3608 -27.0941 3.5
      vertex 24.2631 -27.4844 8
      vertex 24.2631 -27.4844 3.5
    endloop
  endfacet
  facet normal 0.989154 0.146882 0
    outer loop
      vertex 24.2631 -29.0841 8
      vertex 24.204 -28.6861 3.5
      vertex 24.204 -28.6861 8
    endloop
  endfacet
  facet normal 0.989154 0.146882 0
    outer loop
      vertex 24.204 -28.6861 3.5
      vertex 24.2631 -29.0841 8
      vertex 24.2631 -29.0841 3.5
    endloop
  endfacet
  facet normal 0.904051 -0.427424 0
    outer loop
      vertex 24.4964 -26.7153 8
      vertex 24.6684 -26.3515 3.5
      vertex 24.6684 -26.3515 8
    endloop
  endfacet
  facet normal 0.904051 -0.427424 0
    outer loop
      vertex 24.6684 -26.3515 3.5
      vertex 24.4964 -26.7153 8
      vertex 24.4964 -26.7153 3.5
    endloop
  endfacet
  facet normal -0.51402 0.857778 0
    outer loop
      vertex 30.5621 -31.6933 3.5
      vertex 30.217 -31.9001 8
      vertex 30.5621 -31.6933 8
    endloop
  endfacet
  facet normal -0.51402 0.857778 0
    outer loop
      vertex 30.217 -31.9001 8
      vertex 30.5621 -31.6933 3.5
      vertex 30.217 -31.9001 3.5
    endloop
  endfacet
  facet normal 0 0 1
    outer loop
      vertex 30.5343 -28.2843 3.5
      vertex 32.3843 -28.2843 3.5
      vertex 32.3645 -27.8824 3.5
    endloop
  endfacet
  facet normal 0 0 1
    outer loop
      vertex 30.5234 -28.0637 3.5
      vertex 32.3645 -27.8824 3.5
      vertex 32.3055 -27.4844 3.5
    endloop
  endfacet
  facet normal 0 0 1
    outer loop
      vertex 32.3843 -28.2843 3.5
      vertex 30.5343 -28.2843 3.5
      vertex 32.3645 -28.6861 3.5
    endloop
  endfacet
  facet normal 0 0 1
    outer loop
      vertex 30.491 -27.8453 3.5
      vertex 32.3055 -27.4844 3.5
      vertex 32.2077 -27.0941 3.5
    endloop
  endfacet
  facet normal -0 0 1
    outer loop
      vertex 30.5234 -28.5048 3.5
      vertex 32.3645 -28.6861 3.5
      vertex 30.5343 -28.2843 3.5
    endloop
  endfacet
  facet normal 0 0 1
    outer loop
      vertex 30.4374 -27.6311 3.5
      vertex 32.2077 -27.0941 3.5
      vertex 32.0722 -26.7153 3.5
    endloop
  endfacet
  facet normal 0 0 1
    outer loop
      vertex 32.3645 -28.6861 3.5
      vertex 30.5234 -28.5048 3.5
      vertex 32.3055 -29.0841 3.5
    endloop
  endfacet
  facet normal 0 0 1
    outer loop
      vertex 30.363 -27.4232 3.5
      vertex 32.0722 -26.7153 3.5
      vertex 31.9001 -26.3515 3.5
    endloop
  endfacet
  facet normal -0 0 1
    outer loop
      vertex 30.491 -28.7232 3.5
      vertex 32.3055 -29.0841 3.5
      vertex 30.5234 -28.5048 3.5
    endloop
  endfacet
  facet normal 0 0 1
    outer loop
      vertex 30.2686 -27.2236 3.5
      vertex 31.9001 -26.3515 3.5
      vertex 31.6933 -26.0064 3.5
    endloop
  endfacet
  facet normal 0 0 1
    outer loop
      vertex 32.3055 -29.0841 3.5
      vertex 30.491 -28.7232 3.5
      vertex 32.2077 -29.4744 3.5
    endloop
  endfacet
  facet normal 0 0 1
    outer loop
      vertex 30.1551 -27.0342 3.5
      vertex 31.6933 -26.0064 3.5
      vertex 31.4536 -25.6833 3.5
    endloop
  endfacet
  facet normal -0 0 1
    outer loop
      vertex 30.4374 -28.9374 3.5
      vertex 32.2077 -29.4744 3.5
      vertex 30.491 -28.7232 3.5
    endloop
  endfacet
  facet normal 0 0 1
    outer loop
      vertex 30.0235 -26.8569 3.5
      vertex 31.4536 -25.6833 3.5
      vertex 31.1834 -25.3851 3.5
    endloop
  endfacet
  facet normal 0 0 1
    outer loop
      vertex 32.2077 -29.4744 3.5
      vertex 30.4374 -28.9374 3.5
      vertex 32.0722 -29.8533 3.5
    endloop
  endfacet
  facet normal 0 0 1
    outer loop
      vertex 29.8753 -26.6933 3.5
      vertex 31.1834 -25.3851 3.5
      vertex 30.8853 -25.1149 3.5
    endloop
  endfacet
  facet normal -0 0 1
    outer loop
      vertex 30.363 -29.1453 3.5
      vertex 32.0722 -29.8533 3.5
      vertex 30.4374 -28.9374 3.5
    endloop
  endfacet
  facet normal 0 0 1
    outer loop
      vertex 29.7117 -26.545 3.5
      vertex 30.8853 -25.1149 3.5
      vertex 30.5621 -24.8752 3.5
    endloop
  endfacet
  facet normal 0 0 1
    outer loop
      vertex 32.0722 -29.8533 3.5
      vertex 30.363 -29.1453 3.5
      vertex 31.9001 -30.217 3.5
    endloop
  endfacet
  facet normal -0 0 1
    outer loop
      vertex 30.2686 -29.3449 3.5
      vertex 31.9001 -30.217 3.5
      vertex 30.363 -29.1453 3.5
    endloop
  endfacet
  facet normal 0 0 1
    outer loop
      vertex 32.3645 -27.8824 3.5
      vertex 30.5234 -28.0637 3.5
      vertex 30.5343 -28.2843 3.5
    endloop
  endfacet
  facet normal 0 0 1
    outer loop
      vertex 32.3055 -27.4844 3.5
      vertex 30.491 -27.8453 3.5
      vertex 30.5234 -28.0637 3.5
    endloop
  endfacet
  facet normal 0 0 1
    outer loop
      vertex 32.2077 -27.0941 3.5
      vertex 30.4374 -27.6311 3.5
      vertex 30.491 -27.8453 3.5
    endloop
  endfacet
  facet normal 0 0 1
    outer loop
      vertex 32.0722 -26.7153 3.5
      vertex 30.363 -27.4232 3.5
      vertex 30.4374 -27.6311 3.5
    endloop
  endfacet
  facet normal 0 0 1
    outer loop
      vertex 31.9001 -26.3515 3.5
      vertex 30.2686 -27.2236 3.5
      vertex 30.363 -27.4232 3.5
    endloop
  endfacet
  facet normal 0 0 1
    outer loop
      vertex 29.5343 -26.4135 3.5
      vertex 30.5621 -24.8752 3.5
      vertex 30.217 -24.6684 3.5
    endloop
  endfacet
  facet normal 0 0 1
    outer loop
      vertex 31.6933 -26.0064 3.5
      vertex 30.1551 -27.0342 3.5
      vertex 30.2686 -27.2236 3.5
    endloop
  endfacet
  facet normal 0 0 1
    outer loop
      vertex 31.4536 -25.6833 3.5
      vertex 30.0235 -26.8569 3.5
      vertex 30.1551 -27.0342 3.5
    endloop
  endfacet
  facet normal 0 0 1
    outer loop
      vertex 31.1834 -25.3851 3.5
      vertex 29.8753 -26.6933 3.5
      vertex 30.0235 -26.8569 3.5
    endloop
  endfacet
  facet normal 0 0 1
    outer loop
      vertex 29.3449 -26.2999 3.5
      vertex 30.217 -24.6684 3.5
      vertex 29.8533 -24.4964 3.5
    endloop
  endfacet
  facet normal 0 0 1
    outer loop
      vertex 30.8853 -25.1149 3.5
      vertex 29.7117 -26.545 3.5
      vertex 29.8753 -26.6933 3.5
    endloop
  endfacet
  facet normal 0 0 1
    outer loop
      vertex 30.5621 -24.8752 3.5
      vertex 29.5343 -26.4135 3.5
      vertex 29.7117 -26.545 3.5
    endloop
  endfacet
  facet normal 0 0 1
    outer loop
      vertex 29.1453 -26.2055 3.5
      vertex 29.8533 -24.4964 3.5
      vertex 29.4744 -24.3608 3.5
    endloop
  endfacet
  facet normal 0 0 1
    outer loop
      vertex 30.217 -24.6684 3.5
      vertex 29.3449 -26.2999 3.5
      vertex 29.5343 -26.4135 3.5
    endloop
  endfacet
  facet normal 0 0 1
    outer loop
      vertex 29.8533 -24.4964 3.5
      vertex 29.1453 -26.2055 3.5
      vertex 29.3449 -26.2999 3.5
    endloop
  endfacet
  facet normal 0 0 1
    outer loop
      vertex 28.9374 -26.1312 3.5
      vertex 29.4744 -24.3608 3.5
      vertex 29.0841 -24.2631 3.5
    endloop
  endfacet
  facet normal 0 0 1
    outer loop
      vertex 29.4744 -24.3608 3.5
      vertex 28.9374 -26.1312 3.5
      vertex 29.1453 -26.2055 3.5
    endloop
  endfacet
  facet normal 0 0 1
    outer loop
      vertex 29.0841 -24.2631 3.5
      vertex 28.7232 -26.0775 3.5
      vertex 28.9374 -26.1312 3.5
    endloop
  endfacet
  facet normal 0 0 1
    outer loop
      vertex 28.6861 -24.204 3.5
      vertex 28.7232 -26.0775 3.5
      vertex 29.0841 -24.2631 3.5
    endloop
  endfacet
  facet normal 0 0 1
    outer loop
      vertex 28.6861 -24.204 3.5
      vertex 28.5048 -26.0451 3.5
      vertex 28.7232 -26.0775 3.5
    endloop
  endfacet
  facet normal 0 0 1
    outer loop
      vertex 28.2843 -24.1843 3.5
      vertex 28.5048 -26.0451 3.5
      vertex 28.6861 -24.204 3.5
    endloop
  endfacet
  facet normal 0 0 1
    outer loop
      vertex 28.2843 -24.1843 3.5
      vertex 28.2843 -26.0343 3.5
      vertex 28.5048 -26.0451 3.5
    endloop
  endfacet
  facet normal 0 0 1
    outer loop
      vertex 28.2843 -24.1843 3.5
      vertex 28.0637 -26.0451 3.5
      vertex 28.2843 -26.0343 3.5
    endloop
  endfacet
  facet normal -0 0 1
    outer loop
      vertex 27.8824 -24.204 3.5
      vertex 28.0637 -26.0451 3.5
      vertex 28.2843 -24.1843 3.5
    endloop
  endfacet
  facet normal 0 0 1
    outer loop
      vertex 27.8824 -24.204 3.5
      vertex 27.8453 -26.0775 3.5
      vertex 28.0637 -26.0451 3.5
    endloop
  endfacet
  facet normal -0 0 1
    outer loop
      vertex 27.4844 -24.2631 3.5
      vertex 27.8453 -26.0775 3.5
      vertex 27.8824 -24.204 3.5
    endloop
  endfacet
  facet normal 0 0 1
    outer loop
      vertex 27.8453 -26.0775 3.5
      vertex 27.4844 -24.2631 3.5
      vertex 27.6311 -26.1312 3.5
    endloop
  endfacet
  facet normal -0 0 1
    outer loop
      vertex 27.0941 -24.3608 3.5
      vertex 27.6311 -26.1312 3.5
      vertex 27.4844 -24.2631 3.5
    endloop
  endfacet
  facet normal 0 0 1
    outer loop
      vertex 27.6311 -26.1312 3.5
      vertex 27.0941 -24.3608 3.5
      vertex 27.4232 -26.2055 3.5
    endloop
  endfacet
  facet normal -0 0 1
    outer loop
      vertex 26.7153 -24.4964 3.5
      vertex 27.4232 -26.2055 3.5
      vertex 27.0941 -24.3608 3.5
    endloop
  endfacet
  facet normal 0 0 1
    outer loop
      vertex 27.4232 -26.2055 3.5
      vertex 26.7153 -24.4964 3.5
      vertex 27.2236 -26.2999 3.5
    endloop
  endfacet
  facet normal -0 0 1
    outer loop
      vertex 26.3515 -24.6684 3.5
      vertex 27.2236 -26.2999 3.5
      vertex 26.7153 -24.4964 3.5
    endloop
  endfacet
  facet normal 0 0 1
    outer loop
      vertex 27.2236 -26.2999 3.5
      vertex 26.3515 -24.6684 3.5
      vertex 27.0342 -26.4135 3.5
    endloop
  endfacet
  facet normal -0 0 1
    outer loop
      vertex 26.0064 -24.8752 3.5
      vertex 27.0342 -26.4135 3.5
      vertex 26.3515 -24.6684 3.5
    endloop
  endfacet
  facet normal 0 0 1
    outer loop
      vertex 27.0342 -26.4135 3.5
      vertex 26.0064 -24.8752 3.5
      vertex 26.8569 -26.545 3.5
    endloop
  endfacet
  facet normal -0 0 1
    outer loop
      vertex 25.6833 -25.1149 3.5
      vertex 26.8569 -26.545 3.5
      vertex 26.0064 -24.8752 3.5
    endloop
  endfacet
  facet normal 0 0 1
    outer loop
      vertex 26.8569 -26.545 3.5
      vertex 25.6833 -25.1149 3.5
      vertex 26.6933 -26.6933 3.5
    endloop
  endfacet
  facet normal -0 0 1
    outer loop
      vertex 25.3851 -25.3851 3.5
      vertex 26.6933 -26.6933 3.5
      vertex 25.6833 -25.1149 3.5
    endloop
  endfacet
  facet normal 0 0 1
    outer loop
      vertex 26.6933 -26.6933 3.5
      vertex 25.3851 -25.3851 3.5
      vertex 26.545 -26.8569 3.5
    endloop
  endfacet
  facet normal -0 0 1
    outer loop
      vertex 25.1149 -25.6833 3.5
      vertex 26.545 -26.8569 3.5
      vertex 25.3851 -25.3851 3.5
    endloop
  endfacet
  facet normal 0 0 1
    outer loop
      vertex 26.545 -26.8569 3.5
      vertex 25.1149 -25.6833 3.5
      vertex 26.4135 -27.0342 3.5
    endloop
  endfacet
  facet normal -0 0 1
    outer loop
      vertex 24.8752 -26.0064 3.5
      vertex 26.4135 -27.0342 3.5
      vertex 25.1149 -25.6833 3.5
    endloop
  endfacet
  facet normal -0 0 1
    outer loop
      vertex 24.6684 -26.3515 3.5
      vertex 26.2999 -27.2236 3.5
      vertex 24.8752 -26.0064 3.5
    endloop
  endfacet
  facet normal 0 0 1
    outer loop
      vertex 26.4135 -27.0342 3.5
      vertex 24.8752 -26.0064 3.5
      vertex 26.2999 -27.2236 3.5
    endloop
  endfacet
  facet normal 0 0 1
    outer loop
      vertex 31.9001 -30.217 3.5
      vertex 30.2686 -29.3449 3.5
      vertex 31.6933 -30.5621 3.5
    endloop
  endfacet
  facet normal -0 0 1
    outer loop
      vertex 30.1551 -29.5343 3.5
      vertex 31.6933 -30.5621 3.5
      vertex 30.2686 -29.3449 3.5
    endloop
  endfacet
  facet normal 0 0 1
    outer loop
      vertex 31.6933 -30.5621 3.5
      vertex 30.1551 -29.5343 3.5
      vertex 31.4536 -30.8853 3.5
    endloop
  endfacet
  facet normal -0 0 1
    outer loop
      vertex 30.0235 -29.7117 3.5
      vertex 31.4536 -30.8853 3.5
      vertex 30.1551 -29.5343 3.5
    endloop
  endfacet
  facet normal 0 0 1
    outer loop
      vertex 31.4536 -30.8853 3.5
      vertex 30.0235 -29.7117 3.5
      vertex 31.1834 -31.1834 3.5
    endloop
  endfacet
  facet normal -0 0 1
    outer loop
      vertex 29.8753 -29.8753 3.5
      vertex 31.1834 -31.1834 3.5
      vertex 30.0235 -29.7117 3.5
    endloop
  endfacet
  facet normal 0 0 1
    outer loop
      vertex 31.1834 -31.1834 3.5
      vertex 29.8753 -29.8753 3.5
      vertex 30.8853 -31.4536 3.5
    endloop
  endfacet
  facet normal -0 0 1
    outer loop
      vertex 29.7117 -30.0235 3.5
      vertex 30.8853 -31.4536 3.5
      vertex 29.8753 -29.8753 3.5
    endloop
  endfacet
  facet normal 0 0 1
    outer loop
      vertex 30.8853 -31.4536 3.5
      vertex 29.7117 -30.0235 3.5
      vertex 30.5621 -31.6933 3.5
    endloop
  endfacet
  facet normal -0 0 1
    outer loop
      vertex 29.5343 -30.1551 3.5
      vertex 30.5621 -31.6933 3.5
      vertex 29.7117 -30.0235 3.5
    endloop
  endfacet
  facet normal 0 0 1
    outer loop
      vertex 30.5621 -31.6933 3.5
      vertex 29.5343 -30.1551 3.5
      vertex 30.217 -31.9001 3.5
    endloop
  endfacet
  facet normal -0 0 1
    outer loop
      vertex 29.3449 -30.2686 3.5
      vertex 30.217 -31.9001 3.5
      vertex 29.5343 -30.1551 3.5
    endloop
  endfacet
  facet normal 0 0 1
    outer loop
      vertex 30.217 -31.9001 3.5
      vertex 29.3449 -30.2686 3.5
      vertex 29.8533 -32.0722 3.5
    endloop
  endfacet
  facet normal -0 0 1
    outer loop
      vertex 29.1453 -30.363 3.5
      vertex 29.8533 -32.0722 3.5
      vertex 29.3449 -30.2686 3.5
    endloop
  endfacet
  facet normal 0 0 1
    outer loop
      vertex 29.8533 -32.0722 3.5
      vertex 29.1453 -30.363 3.5
      vertex 29.4744 -32.2077 3.5
    endloop
  endfacet
  facet normal -0 0 1
    outer loop
      vertex 28.9374 -30.4374 3.5
      vertex 29.4744 -32.2077 3.5
      vertex 29.1453 -30.363 3.5
    endloop
  endfacet
  facet normal 0 0 1
    outer loop
      vertex 29.4744 -32.2077 3.5
      vertex 28.9374 -30.4374 3.5
      vertex 29.0841 -32.3055 3.5
    endloop
  endfacet
  facet normal -0 0 1
    outer loop
      vertex 28.7232 -30.491 3.5
      vertex 29.0841 -32.3055 3.5
      vertex 28.9374 -30.4374 3.5
    endloop
  endfacet
  facet normal 0 0 1
    outer loop
      vertex 28.7232 -30.491 3.5
      vertex 28.6861 -32.3645 3.5
      vertex 29.0841 -32.3055 3.5
    endloop
  endfacet
  facet normal -0 0 1
    outer loop
      vertex 28.5048 -30.5234 3.5
      vertex 28.6861 -32.3645 3.5
      vertex 28.7232 -30.491 3.5
    endloop
  endfacet
  facet normal -0 0 1
    outer loop
      vertex 28.2843 -30.5343 3.5
      vertex 28.6861 -32.3645 3.5
      vertex 28.5048 -30.5234 3.5
    endloop
  endfacet
  facet normal 0 0 1
    outer loop
      vertex 28.2843 -30.5343 3.5
      vertex 28.2843 -32.3843 3.5
      vertex 28.6861 -32.3645 3.5
    endloop
  endfacet
  facet normal 0 0 1
    outer loop
      vertex 28.0637 -30.5234 3.5
      vertex 28.2843 -32.3843 3.5
      vertex 28.2843 -30.5343 3.5
    endloop
  endfacet
  facet normal 0 0 1
    outer loop
      vertex 28.0637 -30.5234 3.5
      vertex 27.8824 -32.3645 3.5
      vertex 28.2843 -32.3843 3.5
    endloop
  endfacet
  facet normal 0 0 1
    outer loop
      vertex 27.8453 -30.491 3.5
      vertex 27.8824 -32.3645 3.5
      vertex 28.0637 -30.5234 3.5
    endloop
  endfacet
  facet normal 0 0 1
    outer loop
      vertex 27.4844 -32.3055 3.5
      vertex 27.8453 -30.491 3.5
      vertex 27.6311 -30.4374 3.5
    endloop
  endfacet
  facet normal 0 0 1
    outer loop
      vertex 27.8453 -30.491 3.5
      vertex 27.4844 -32.3055 3.5
      vertex 27.8824 -32.3645 3.5
    endloop
  endfacet
  facet normal 0 0 1
    outer loop
      vertex 27.0941 -32.2077 3.5
      vertex 27.6311 -30.4374 3.5
      vertex 27.4232 -30.363 3.5
    endloop
  endfacet
  facet normal 0 0 1
    outer loop
      vertex 26.7153 -32.0722 3.5
      vertex 27.4232 -30.363 3.5
      vertex 27.2236 -30.2686 3.5
    endloop
  endfacet
  facet normal 0 0 1
    outer loop
      vertex 27.6311 -30.4374 3.5
      vertex 27.0941 -32.2077 3.5
      vertex 27.4844 -32.3055 3.5
    endloop
  endfacet
  facet normal 0 0 1
    outer loop
      vertex 26.3515 -31.9001 3.5
      vertex 27.2236 -30.2686 3.5
      vertex 27.0342 -30.1551 3.5
    endloop
  endfacet
  facet normal 0 0 1
    outer loop
      vertex 26.0064 -31.6933 3.5
      vertex 27.0342 -30.1551 3.5
      vertex 26.8569 -30.0235 3.5
    endloop
  endfacet
  facet normal 0 0 1
    outer loop
      vertex 27.4232 -30.363 3.5
      vertex 26.7153 -32.0722 3.5
      vertex 27.0941 -32.2077 3.5
    endloop
  endfacet
  facet normal 0 0 1
    outer loop
      vertex 25.6833 -31.4536 3.5
      vertex 26.8569 -30.0235 3.5
      vertex 26.6933 -29.8753 3.5
    endloop
  endfacet
  facet normal 0 0 1
    outer loop
      vertex 25.3851 -31.1834 3.5
      vertex 26.6933 -29.8753 3.5
      vertex 26.545 -29.7117 3.5
    endloop
  endfacet
  facet normal 0 0 1
    outer loop
      vertex 25.1149 -30.8853 3.5
      vertex 26.545 -29.7117 3.5
      vertex 26.4135 -29.5343 3.5
    endloop
  endfacet
  facet normal 0 0 1
    outer loop
      vertex 27.2236 -30.2686 3.5
      vertex 26.3515 -31.9001 3.5
      vertex 26.7153 -32.0722 3.5
    endloop
  endfacet
  facet normal 0 0 1
    outer loop
      vertex 24.8752 -30.5621 3.5
      vertex 26.4135 -29.5343 3.5
      vertex 26.2999 -29.3449 3.5
    endloop
  endfacet
  facet normal 0 0 1
    outer loop
      vertex 24.6684 -30.217 3.5
      vertex 26.2999 -29.3449 3.5
      vertex 26.2055 -29.1453 3.5
    endloop
  endfacet
  facet normal 0 0 1
    outer loop
      vertex 24.4964 -29.8533 3.5
      vertex 26.2055 -29.1453 3.5
      vertex 26.1312 -28.9374 3.5
    endloop
  endfacet
  facet normal 0 0 1
    outer loop
      vertex 24.3608 -29.4744 3.5
      vertex 26.1312 -28.9374 3.5
      vertex 26.0775 -28.7232 3.5
    endloop
  endfacet
  facet normal 0 0 1
    outer loop
      vertex 24.2631 -29.0841 3.5
      vertex 26.0775 -28.7232 3.5
      vertex 26.0451 -28.5048 3.5
    endloop
  endfacet
  facet normal 0 0 1
    outer loop
      vertex 27.0342 -30.1551 3.5
      vertex 26.0064 -31.6933 3.5
      vertex 26.3515 -31.9001 3.5
    endloop
  endfacet
  facet normal 0 0 1
    outer loop
      vertex 24.204 -28.6861 3.5
      vertex 26.0451 -28.5048 3.5
      vertex 26.0343 -28.2843 3.5
    endloop
  endfacet
  facet normal 0 0 1
    outer loop
      vertex 26.2999 -27.2236 3.5
      vertex 24.6684 -26.3515 3.5
      vertex 26.2055 -27.4232 3.5
    endloop
  endfacet
  facet normal -0 0 1
    outer loop
      vertex 24.4964 -26.7153 3.5
      vertex 26.2055 -27.4232 3.5
      vertex 24.6684 -26.3515 3.5
    endloop
  endfacet
  facet normal 0 0 1
    outer loop
      vertex 26.8569 -30.0235 3.5
      vertex 25.6833 -31.4536 3.5
      vertex 26.0064 -31.6933 3.5
    endloop
  endfacet
  facet normal 0 0 1
    outer loop
      vertex 26.2055 -27.4232 3.5
      vertex 24.4964 -26.7153 3.5
      vertex 26.1312 -27.6311 3.5
    endloop
  endfacet
  facet normal 0 0 1
    outer loop
      vertex 26.6933 -29.8753 3.5
      vertex 25.3851 -31.1834 3.5
      vertex 25.6833 -31.4536 3.5
    endloop
  endfacet
  facet normal -0 0 1
    outer loop
      vertex 24.3608 -27.0941 3.5
      vertex 26.1312 -27.6311 3.5
      vertex 24.4964 -26.7153 3.5
    endloop
  endfacet
  facet normal 0 0 1
    outer loop
      vertex 26.545 -29.7117 3.5
      vertex 25.1149 -30.8853 3.5
      vertex 25.3851 -31.1834 3.5
    endloop
  endfacet
  facet normal 0 0 1
    outer loop
      vertex 26.1312 -27.6311 3.5
      vertex 24.3608 -27.0941 3.5
      vertex 26.0775 -27.8453 3.5
    endloop
  endfacet
  facet normal 0 0 1
    outer loop
      vertex 26.4135 -29.5343 3.5
      vertex 24.8752 -30.5621 3.5
      vertex 25.1149 -30.8853 3.5
    endloop
  endfacet
  facet normal -0 0 1
    outer loop
      vertex 24.2631 -27.4844 3.5
      vertex 26.0775 -27.8453 3.5
      vertex 24.3608 -27.0941 3.5
    endloop
  endfacet
  facet normal 0 0 1
    outer loop
      vertex 26.2999 -29.3449 3.5
      vertex 24.6684 -30.217 3.5
      vertex 24.8752 -30.5621 3.5
    endloop
  endfacet
  facet normal 0 0 1
    outer loop
      vertex 26.0775 -27.8453 3.5
      vertex 24.2631 -27.4844 3.5
      vertex 26.0451 -28.0637 3.5
    endloop
  endfacet
  facet normal 0 0 1
    outer loop
      vertex 26.2055 -29.1453 3.5
      vertex 24.4964 -29.8533 3.5
      vertex 24.6684 -30.217 3.5
    endloop
  endfacet
  facet normal -0 0 1
    outer loop
      vertex 24.204 -27.8824 3.5
      vertex 26.0451 -28.0637 3.5
      vertex 24.2631 -27.4844 3.5
    endloop
  endfacet
  facet normal 0 0 1
    outer loop
      vertex 26.1312 -28.9374 3.5
      vertex 24.3608 -29.4744 3.5
      vertex 24.4964 -29.8533 3.5
    endloop
  endfacet
  facet normal 0 0 1
    outer loop
      vertex 26.0451 -28.0637 3.5
      vertex 24.204 -27.8824 3.5
      vertex 26.0343 -28.2843 3.5
    endloop
  endfacet
  facet normal 0 0 1
    outer loop
      vertex 26.0775 -28.7232 3.5
      vertex 24.2631 -29.0841 3.5
      vertex 24.3608 -29.4744 3.5
    endloop
  endfacet
  facet normal 0 0 1
    outer loop
      vertex 24.1843 -28.2843 3.5
      vertex 26.0343 -28.2843 3.5
      vertex 24.204 -27.8824 3.5
    endloop
  endfacet
  facet normal 0 0 1
    outer loop
      vertex 26.0451 -28.5048 3.5
      vertex 24.204 -28.6861 3.5
      vertex 24.2631 -29.0841 3.5
    endloop
  endfacet
  facet normal 0 0 1
    outer loop
      vertex 26.0343 -28.2843 3.5
      vertex 24.1843 -28.2843 3.5
      vertex 24.204 -28.6861 3.5
    endloop
  endfacet
  facet normal 0.67146 0.741041 -0
    outer loop
      vertex 25.6833 -31.4536 3.5
      vertex 25.3851 -31.1834 8
      vertex 25.6833 -31.4536 8
    endloop
  endfacet
  facet normal 0.67146 0.741041 0
    outer loop
      vertex 25.3851 -31.1834 8
      vertex 25.6833 -31.4536 3.5
      vertex 25.3851 -31.1834 3.5
    endloop
  endfacet
  facet normal 0.803121 -0.595816 0
    outer loop
      vertex 24.8752 -26.0064 8
      vertex 25.1149 -25.6833 3.5
      vertex 25.1149 -25.6833 8
    endloop
  endfacet
  facet normal 0.803121 -0.595816 0
    outer loop
      vertex 25.1149 -25.6833 3.5
      vertex 24.8752 -26.0064 8
      vertex 24.8752 -26.0064 3.5
    endloop
  endfacet
  facet normal 0.0492063 0.998789 -0
    outer loop
      vertex 28.2843 -32.3843 3.5
      vertex 27.8824 -32.3645 8
      vertex 28.2843 -32.3843 8
    endloop
  endfacet
  facet normal 0.0492063 0.998789 0
    outer loop
      vertex 27.8824 -32.3645 8
      vertex 28.2843 -32.3843 3.5
      vertex 27.8824 -32.3645 3.5
    endloop
  endfacet
  facet normal 0.146639 0.98919 -0
    outer loop
      vertex 27.8824 -32.3645 3.5
      vertex 27.4844 -32.3055 8
      vertex 27.8824 -32.3645 8
    endloop
  endfacet
  facet normal 0.146639 0.98919 0
    outer loop
      vertex 27.4844 -32.3055 8
      vertex 27.8824 -32.3645 3.5
      vertex 27.4844 -32.3055 3.5
    endloop
  endfacet
  facet normal 0.989154 -0.146882 0
    outer loop
      vertex 24.204 -27.8824 8
      vertex 24.2631 -27.4844 3.5
      vertex 24.2631 -27.4844 8
    endloop
  endfacet
  facet normal 0.989154 -0.146882 0
    outer loop
      vertex 24.2631 -27.4844 3.5
      vertex 24.204 -27.8824 8
      vertex 24.204 -27.8824 3.5
    endloop
  endfacet
  facet normal 0.998801 -0.0489584 0
    outer loop
      vertex 24.1843 -28.2843 8
      vertex 24.204 -27.8824 3.5
      vertex 24.204 -27.8824 8
    endloop
  endfacet
  facet normal 0.998801 -0.0489584 0
    outer loop
      vertex 24.204 -27.8824 3.5
      vertex 24.1843 -28.2843 8
      vertex 24.1843 -28.2843 3.5
    endloop
  endfacet
  facet normal 0.336809 0.941573 -0
    outer loop
      vertex 27.0941 -32.2077 3.5
      vertex 26.7153 -32.0722 8
      vertex 27.0941 -32.2077 8
    endloop
  endfacet
  facet normal 0.336809 0.941573 0
    outer loop
      vertex 26.7153 -32.0722 8
      vertex 27.0941 -32.2077 3.5
      vertex 26.7153 -32.0722 3.5
    endloop
  endfacet
  facet normal -0.671583 0.740929 0
    outer loop
      vertex 31.1834 -31.1834 3.5
      vertex 30.8853 -31.4536 8
      vertex 31.1834 -31.1834 8
    endloop
  endfacet
  facet normal -0.671583 0.740929 0
    outer loop
      vertex 30.8853 -31.4536 8
      vertex 31.1834 -31.1834 3.5
      vertex 30.8853 -31.4536 3.5
    endloop
  endfacet
  facet normal -0.989176 -0.146736 0
    outer loop
      vertex 10.4494 1.02918 10
      vertex 10.2982 2.04845 97.99
      vertex 10.2982 2.04845 10
    endloop
  endfacet
  facet normal -0.989176 -0.146736 0
    outer loop
      vertex 10.2982 2.04845 97.99
      vertex 10.4494 1.02918 10
      vertex 10.4494 1.02918 97.99
    endloop
  endfacet
  facet normal -0.998794 -0.049106 0
    outer loop
      vertex 10.5 0 10
      vertex 10.4494 1.02918 97.99
      vertex 10.4494 1.02918 10
    endloop
  endfacet
  facet normal -0.998794 -0.049106 0
    outer loop
      vertex 10.4494 1.02918 97.99
      vertex 10.5 0 10
      vertex 10.5 0 97.99
    endloop
  endfacet
  facet normal -0.970048 -0.242915 0
    outer loop
      vertex 10.2982 2.04845 10
      vertex 10.0479 3.04799 97.99
      vertex 10.0479 3.04799 10
    endloop
  endfacet
  facet normal -0.970048 -0.242915 0
    outer loop
      vertex 10.0479 3.04799 97.99
      vertex 10.2982 2.04845 10
      vertex 10.2982 2.04845 97.99
    endloop
  endfacet
  facet normal -0.336916 0.941535 0
    outer loop
      vertex 4.01818 -9.70073 10
      vertex 3.04799 -10.0479 97.99
      vertex 4.01818 -9.70073 97.99
    endloop
  endfacet
  facet normal -0.336916 0.941535 0
    outer loop
      vertex 3.04799 -10.0479 97.99
      vertex 4.01818 -9.70073 10
      vertex 3.04799 -10.0479 10
    endloop
  endfacet
  facet normal -0.941535 -0.336916 0
    outer loop
      vertex 10.0479 3.04799 10
      vertex 9.70073 4.01818 97.99
      vertex 9.70073 4.01818 10
    endloop
  endfacet
  facet normal -0.941535 -0.336916 0
    outer loop
      vertex 9.70073 4.01818 97.99
      vertex 10.0479 3.04799 10
      vertex 10.0479 3.04799 97.99
    endloop
  endfacet
  facet normal 0.514102 0.857729 -0
    outer loop
      vertex -4.94967 -9.26017 10
      vertex -5.83349 -8.73043 97.99
      vertex -4.94967 -9.26017 97.99
    endloop
  endfacet
  facet normal 0.514102 0.857729 0
    outer loop
      vertex -5.83349 -8.73043 97.99
      vertex -4.94967 -9.26017 10
      vertex -5.83349 -8.73043 10
    endloop
  endfacet
  facet normal -0.74095 -0.671561 0
    outer loop
      vertex 8.11661 6.66113 10
      vertex 7.42462 7.42462 97.99
      vertex 7.42462 7.42462 10
    endloop
  endfacet
  facet normal -0.74095 -0.671561 0
    outer loop
      vertex 7.42462 7.42462 97.99
      vertex 8.11661 6.66113 10
      vertex 8.11661 6.66113 97.99
    endloop
  endfacet
  facet normal -0.514102 0.857729 0
    outer loop
      vertex 5.83349 -8.73043 10
      vertex 4.94967 -9.26017 97.99
      vertex 5.83349 -8.73043 97.99
    endloop
  endfacet
  facet normal -0.514102 0.857729 0
    outer loop
      vertex 4.94967 -9.26017 97.99
      vertex 5.83349 -8.73043 10
      vertex 4.94967 -9.26017 10
    endloop
  endfacet
  facet normal 0.427554 -0.90399 0
    outer loop
      vertex -4.94967 9.26017 10
      vertex -4.01818 9.70073 97.99
      vertex -4.94967 9.26017 97.99
    endloop
  endfacet
  facet normal 0.427554 -0.90399 0
    outer loop
      vertex -4.01818 9.70073 97.99
      vertex -4.94967 9.26017 10
      vertex -4.01818 9.70073 10
    endloop
  endfacet
  facet normal -0.989176 0.146736 0
    outer loop
      vertex 10.2982 -2.04845 10
      vertex 10.4494 -1.02918 97.99
      vertex 10.4494 -1.02918 10
    endloop
  endfacet
  facet normal -0.989176 0.146736 0
    outer loop
      vertex 10.4494 -1.02918 97.99
      vertex 10.2982 -2.04845 10
      vertex 10.2982 -2.04845 97.99
    endloop
  endfacet
  facet normal -0.242915 0.970048 0
    outer loop
      vertex 3.04799 -10.0479 97.99
      vertex 2.04845 -10.2982 86.9251
      vertex 2.04845 -10.2982 97.99
    endloop
  endfacet
  facet normal -0.240823 0.970569 -0.000200706
    outer loop
      vertex 3.04799 -10.0479 97.99
      vertex 2.07873 -10.2907 86.861
      vertex 2.04845 -10.2982 86.9251
    endloop
  endfacet
  facet normal -0.243636 0.969867 5.96112e-05
    outer loop
      vertex 3.04799 -10.0479 97.99
      vertex 2.15312 -10.272 86.6531
      vertex 2.07873 -10.2907 86.861
    endloop
  endfacet
  facet normal -0.242467 0.97016 -3.84556e-05
    outer loop
      vertex 3.04799 -10.0479 97.99
      vertex 2.20677 -10.2586 86.4389
      vertex 2.15312 -10.272 86.6531
    endloop
  endfacet
  facet normal -0.242677 0.970107 -2.22508e-05
    outer loop
      vertex 3.04799 -10.0479 97.99
      vertex 2.23917 -10.2505 86.2205
      vertex 2.20677 -10.2586 86.4389
    endloop
  endfacet
  facet normal -0.242532 0.970143 -3.28152e-05
    outer loop
      vertex 3.04799 -10.0479 97.99
      vertex 2.25 -10.2478 86
      vertex 2.23917 -10.2505 86.2205
    endloop
  endfacet
  facet normal -0.246069 0.969252 0.000217459
    outer loop
      vertex 3.04799 -10.0479 97.99
      vertex 2.23917 -10.2505 85.7795
      vertex 2.25 -10.2478 86
    endloop
  endfacet
  facet normal -0.242981 0.970031 0
    outer loop
      vertex 3.04799 -10.0479 10
      vertex 2.23917 -10.2505 85.7795
      vertex 3.04799 -10.0479 97.99
    endloop
  endfacet
  facet normal -0.242566 0.970135 4.71742e-06
    outer loop
      vertex 3.04799 -10.0479 10
      vertex 2.20677 -10.2586 85.5611
      vertex 2.23917 -10.2505 85.7795
    endloop
  endfacet
  facet normal -0.24235 0.970189 7.26534e-06
    outer loop
      vertex 3.04799 -10.0479 10
      vertex 2.15312 -10.272 85.3469
      vertex 2.20677 -10.2586 85.5611
    endloop
  endfacet
  facet normal -0.243765 0.969834 -1.05958e-05
    outer loop
      vertex 3.04799 -10.0479 10
      vertex 2.07873 -10.2907 85.139
      vertex 2.15312 -10.272 85.3469
    endloop
  endfacet
  facet normal -0.240491 0.970651 3.42748e-05
    outer loop
      vertex 3.04799 -10.0479 10
      vertex 2.04845 -10.2982 85.0749
      vertex 2.07873 -10.2907 85.139
    endloop
  endfacet
  facet normal -0.242915 0.970048 0
    outer loop
      vertex 2.04845 -10.2982 85.0749
      vertex 3.04799 -10.0479 10
      vertex 2.04845 -10.2982 10
    endloop
  endfacet
  facet normal 0.242915 -0.970048 0
    outer loop
      vertex -3.04799 10.0479 97.99
      vertex -2.04845 10.2982 86.9251
      vertex -2.04845 10.2982 97.99
    endloop
  endfacet
  facet normal 0.240823 -0.970569 -0.000200706
    outer loop
      vertex -3.04799 10.0479 97.99
      vertex -2.07873 10.2907 86.861
      vertex -2.04845 10.2982 86.9251
    endloop
  endfacet
  facet normal 0.243636 -0.969867 5.96112e-05
    outer loop
      vertex -3.04799 10.0479 97.99
      vertex -2.15312 10.272 86.6531
      vertex -2.07873 10.2907 86.861
    endloop
  endfacet
  facet normal 0.242467 -0.97016 -3.84556e-05
    outer loop
      vertex -3.04799 10.0479 97.99
      vertex -2.20677 10.2586 86.4389
      vertex -2.15312 10.272 86.6531
    endloop
  endfacet
  facet normal 0.242677 -0.970107 -2.22508e-05
    outer loop
      vertex -3.04799 10.0479 97.99
      vertex -2.23917 10.2505 86.2205
      vertex -2.20677 10.2586 86.4389
    endloop
  endfacet
  facet normal 0.242532 -0.970143 -3.28152e-05
    outer loop
      vertex -3.04799 10.0479 97.99
      vertex -2.25 10.2478 86
      vertex -2.23917 10.2505 86.2205
    endloop
  endfacet
  facet normal 0.246069 -0.969252 0.000217459
    outer loop
      vertex -3.04799 10.0479 97.99
      vertex -2.23917 10.2505 85.7795
      vertex -2.25 10.2478 86
    endloop
  endfacet
  facet normal 0.242981 -0.970031 0
    outer loop
      vertex -3.04799 10.0479 10
      vertex -2.23917 10.2505 85.7795
      vertex -3.04799 10.0479 97.99
    endloop
  endfacet
  facet normal 0.242566 -0.970135 4.71742e-06
    outer loop
      vertex -3.04799 10.0479 10
      vertex -2.20677 10.2586 85.5611
      vertex -2.23917 10.2505 85.7795
    endloop
  endfacet
  facet normal 0.24235 -0.970189 7.26534e-06
    outer loop
      vertex -3.04799 10.0479 10
      vertex -2.15312 10.272 85.3469
      vertex -2.20677 10.2586 85.5611
    endloop
  endfacet
  facet normal 0.243765 -0.969834 -1.05958e-05
    outer loop
      vertex -3.04799 10.0479 10
      vertex -2.07873 10.2907 85.139
      vertex -2.15312 10.272 85.3469
    endloop
  endfacet
  facet normal 0.240491 -0.970651 3.42748e-05
    outer loop
      vertex -3.04799 10.0479 10
      vertex -2.04845 10.2982 85.0749
      vertex -2.07873 10.2907 85.139
    endloop
  endfacet
  facet normal 0.242915 -0.970048 0
    outer loop
      vertex -2.04845 10.2982 85.0749
      vertex -3.04799 10.0479 10
      vertex -2.04845 10.2982 10
    endloop
  endfacet
  facet normal 0.941535 0.336916 0
    outer loop
      vertex -9.70073 -4.01818 97.99
      vertex -10.0479 -3.04799 10
      vertex -10.0479 -3.04799 97.99
    endloop
  endfacet
  facet normal 0.941535 0.336916 0
    outer loop
      vertex -10.0479 -3.04799 10
      vertex -9.70073 -4.01818 97.99
      vertex -9.70073 -4.01818 10
    endloop
  endfacet
  facet normal -0.803207 0.5957 0
    outer loop
      vertex 8.11661 -6.66113 10
      vertex 8.73043 -5.83349 97.99
      vertex 8.73043 -5.83349 10
    endloop
  endfacet
  facet normal -0.803207 0.5957 0
    outer loop
      vertex 8.73043 -5.83349 97.99
      vertex 8.11661 -6.66113 10
      vertex 8.11661 -6.66113 97.99
    endloop
  endfacet
  facet normal 0.514102 -0.857729 0
    outer loop
      vertex -5.83349 8.73043 10
      vertex -4.94967 9.26017 97.99
      vertex -5.83349 8.73043 97.99
    endloop
  endfacet
  facet normal 0.514102 -0.857729 0
    outer loop
      vertex -4.94967 9.26017 97.99
      vertex -5.83349 8.73043 10
      vertex -4.94967 9.26017 10
    endloop
  endfacet
  facet normal 0.146699 0.989181 0
    outer loop
      vertex -1.02918 -10.4494 38
      vertex -1.02918 -10.4494 10
      vertex -1.75 -10.3425 38
    endloop
  endfacet
  facet normal 0.146566 0.989201 -0
    outer loop
      vertex -1.75 -10.3425 38
      vertex -1.87081 -10.3246 84.75
      vertex -1.75 -10.3425 84.5871
    endloop
  endfacet
  facet normal 0.146409 0.989224 -4.15819e-07
    outer loop
      vertex -1.75 -10.3425 38
      vertex -1.98432 -10.3078 84.9394
      vertex -1.87081 -10.3246 84.75
    endloop
  endfacet
  facet normal 0.148063 0.988978 8.02246e-06
    outer loop
      vertex -1.75 -10.3425 38
      vertex -2.04845 -10.2982 85.0749
      vertex -1.98432 -10.3078 84.9394
    endloop
  endfacet
  facet normal 0.146825 0.989162 0
    outer loop
      vertex -1.75 -10.3425 38
      vertex -2.04845 -10.2982 10
      vertex -2.04845 -10.2982 85.0749
    endloop
  endfacet
  facet normal 0.146736 0.989176 9.71203e-07
    outer loop
      vertex -2.04845 -10.2982 10
      vertex -1.75 -10.3425 38
      vertex -1.02918 -10.4494 10
    endloop
  endfacet
  facet normal 0.146825 0.989162 -0
    outer loop
      vertex -1.75 -10.3425 87.4129
      vertex -2.04845 -10.2982 97.99
      vertex -1.75 -10.3425 97.99
    endloop
  endfacet
  facet normal 0.146576 0.989199 -7.18015e-06
    outer loop
      vertex -1.87081 -10.3246 87.25
      vertex -2.04845 -10.2982 97.99
      vertex -1.75 -10.3425 87.4129
    endloop
  endfacet
  facet normal 0.146426 0.989222 -9.72211e-06
    outer loop
      vertex -1.98432 -10.3078 87.0606
      vertex -2.04845 -10.2982 97.99
      vertex -1.87081 -10.3246 87.25
    endloop
  endfacet
  facet normal 0.148046 0.98898 0
    outer loop
      vertex -2.04845 -10.2982 97.99
      vertex -1.98432 -10.3078 87.0606
      vertex -2.04845 -10.2982 86.9251
    endloop
  endfacet
  facet normal -0.5957 0.803207 0
    outer loop
      vertex 6.66113 -8.11661 10
      vertex 5.83349 -8.73043 97.99
      vertex 6.66113 -8.11661 97.99
    endloop
  endfacet
  facet normal -0.5957 0.803207 0
    outer loop
      vertex 5.83349 -8.73043 97.99
      vertex 6.66113 -8.11661 10
      vertex 5.83349 -8.73043 10
    endloop
  endfacet
  facet normal 0.242915 0.970048 -0
    outer loop
      vertex -2.04845 -10.2982 86.9251
      vertex -3.04799 -10.0479 97.99
      vertex -2.04845 -10.2982 97.99
    endloop
  endfacet
  facet normal 0.240823 0.970569 -0.000200706
    outer loop
      vertex -2.07873 -10.2907 86.861
      vertex -3.04799 -10.0479 97.99
      vertex -2.04845 -10.2982 86.9251
    endloop
  endfacet
  facet normal 0.243636 0.969867 5.96112e-05
    outer loop
      vertex -2.15312 -10.272 86.6531
      vertex -3.04799 -10.0479 97.99
      vertex -2.07873 -10.2907 86.861
    endloop
  endfacet
  facet normal 0.242467 0.97016 -3.84556e-05
    outer loop
      vertex -2.20677 -10.2586 86.4389
      vertex -3.04799 -10.0479 97.99
      vertex -2.15312 -10.272 86.6531
    endloop
  endfacet
  facet normal 0.242677 0.970107 -2.22508e-05
    outer loop
      vertex -2.23917 -10.2505 86.2205
      vertex -3.04799 -10.0479 97.99
      vertex -2.20677 -10.2586 86.4389
    endloop
  endfacet
  facet normal 0.242532 0.970143 -3.28152e-05
    outer loop
      vertex -2.25 -10.2478 86
      vertex -3.04799 -10.0479 97.99
      vertex -2.23917 -10.2505 86.2205
    endloop
  endfacet
  facet normal 0.246069 0.969252 0.000217459
    outer loop
      vertex -2.23917 -10.2505 85.7795
      vertex -3.04799 -10.0479 97.99
      vertex -2.25 -10.2478 86
    endloop
  endfacet
  facet normal 0.242915 0.970048 0
    outer loop
      vertex -3.04799 -10.0479 10
      vertex -2.04845 -10.2982 85.0749
      vertex -2.04845 -10.2982 10
    endloop
  endfacet
  facet normal 0.240491 0.970651 3.42748e-05
    outer loop
      vertex -2.04845 -10.2982 85.0749
      vertex -3.04799 -10.0479 10
      vertex -2.07873 -10.2907 85.139
    endloop
  endfacet
  facet normal 0.243765 0.969834 -1.05958e-05
    outer loop
      vertex -2.07873 -10.2907 85.139
      vertex -3.04799 -10.0479 10
      vertex -2.15312 -10.272 85.3469
    endloop
  endfacet
  facet normal 0.24235 0.970189 7.26534e-06
    outer loop
      vertex -2.15312 -10.272 85.3469
      vertex -3.04799 -10.0479 10
      vertex -2.20677 -10.2586 85.5611
    endloop
  endfacet
  facet normal 0.242566 0.970135 4.71742e-06
    outer loop
      vertex -2.20677 -10.2586 85.5611
      vertex -3.04799 -10.0479 10
      vertex -2.23917 -10.2505 85.7795
    endloop
  endfacet
  facet normal 0.242981 0.970031 0
    outer loop
      vertex -2.23917 -10.2505 85.7795
      vertex -3.04799 -10.0479 10
      vertex -3.04799 -10.0479 97.99
    endloop
  endfacet
  facet normal -0.90399 0.427554 0
    outer loop
      vertex 9.26017 -4.94967 10
      vertex 9.70073 -4.01818 97.99
      vertex 9.70073 -4.01818 10
    endloop
  endfacet
  facet normal -0.90399 0.427554 0
    outer loop
      vertex 9.70073 -4.01818 97.99
      vertex 9.26017 -4.94967 10
      vertex 9.26017 -4.94967 97.99
    endloop
  endfacet
  facet normal -0.514102 -0.857729 0
    outer loop
      vertex 4.94967 9.26017 10
      vertex 5.83349 8.73043 97.99
      vertex 4.94967 9.26017 97.99
    endloop
  endfacet
  facet normal -0.514102 -0.857729 -0
    outer loop
      vertex 5.83349 8.73043 97.99
      vertex 4.94967 9.26017 10
      vertex 5.83349 8.73043 10
    endloop
  endfacet
  facet normal 0.857729 0.514102 0
    outer loop
      vertex -8.73043 -5.83349 97.99
      vertex -9.26017 -4.94967 10
      vertex -9.26017 -4.94967 97.99
    endloop
  endfacet
  facet normal 0.857729 0.514102 0
    outer loop
      vertex -9.26017 -4.94967 10
      vertex -8.73043 -5.83349 97.99
      vertex -8.73043 -5.83349 10
    endloop
  endfacet
  facet normal -0.970048 0.242915 0
    outer loop
      vertex 10.0479 -3.04799 10
      vertex 10.2982 -2.04845 97.99
      vertex 10.2982 -2.04845 10
    endloop
  endfacet
  facet normal -0.970048 0.242915 0
    outer loop
      vertex 10.2982 -2.04845 97.99
      vertex 10.0479 -3.04799 10
      vertex 10.0479 -3.04799 97.99
    endloop
  endfacet
  facet normal 0.857729 -0.514102 0
    outer loop
      vertex -9.26017 4.94967 97.99
      vertex -8.73043 5.83349 10
      vertex -8.73043 5.83349 97.99
    endloop
  endfacet
  facet normal 0.857729 -0.514102 0
    outer loop
      vertex -8.73043 5.83349 10
      vertex -9.26017 4.94967 97.99
      vertex -9.26017 4.94967 10
    endloop
  endfacet
  facet normal 0 0 1
    outer loop
      vertex 10.4494 1.02918 10
      vertex 10.4494 -1.02918 10
      vertex 10.5 0 10
    endloop
  endfacet
  facet normal 0 0 1
    outer loop
      vertex 10.2982 2.04845 10
      vertex 10.4494 -1.02918 10
      vertex 10.4494 1.02918 10
    endloop
  endfacet
  facet normal 0 0 1
    outer loop
      vertex 10.2982 2.04845 10
      vertex 10.2982 -2.04845 10
      vertex 10.4494 -1.02918 10
    endloop
  endfacet
  facet normal 0 0 1
    outer loop
      vertex 10.0479 3.04799 10
      vertex 10.2982 -2.04845 10
      vertex 10.2982 2.04845 10
    endloop
  endfacet
  facet normal 0 0 1
    outer loop
      vertex 10.0479 3.04799 10
      vertex 10.0479 -3.04799 10
      vertex 10.2982 -2.04845 10
    endloop
  endfacet
  facet normal 0 0 1
    outer loop
      vertex 9.70073 4.01818 10
      vertex 10.0479 -3.04799 10
      vertex 10.0479 3.04799 10
    endloop
  endfacet
  facet normal 0 0 1
    outer loop
      vertex 9.70073 4.01818 10
      vertex 9.70073 -4.01818 10
      vertex 10.0479 -3.04799 10
    endloop
  endfacet
  facet normal 0 0 1
    outer loop
      vertex 9.26017 4.94967 10
      vertex 9.70073 -4.01818 10
      vertex 9.70073 4.01818 10
    endloop
  endfacet
  facet normal 0 0 1
    outer loop
      vertex 9.26017 4.94967 10
      vertex 9.26017 -4.94967 10
      vertex 9.70073 -4.01818 10
    endloop
  endfacet
  facet normal 0 0 1
    outer loop
      vertex 8.73043 5.83349 10
      vertex 9.26017 -4.94967 10
      vertex 9.26017 4.94967 10
    endloop
  endfacet
  facet normal 0 0 1
    outer loop
      vertex 8.73043 5.83349 10
      vertex 8.73043 -5.83349 10
      vertex 9.26017 -4.94967 10
    endloop
  endfacet
  facet normal 0 0 1
    outer loop
      vertex 8.11661 6.66113 10
      vertex 8.73043 -5.83349 10
      vertex 8.73043 5.83349 10
    endloop
  endfacet
  facet normal 0 0 1
    outer loop
      vertex 8.11661 6.66113 10
      vertex 8.11661 -6.66113 10
      vertex 8.73043 -5.83349 10
    endloop
  endfacet
  facet normal 0 0 1
    outer loop
      vertex 7.42462 7.42462 10
      vertex 8.11661 -6.66113 10
      vertex 8.11661 6.66113 10
    endloop
  endfacet
  facet normal 0 0 1
    outer loop
      vertex 7.42462 7.42462 10
      vertex 7.42462 -7.42462 10
      vertex 8.11661 -6.66113 10
    endloop
  endfacet
  facet normal 0 0 1
    outer loop
      vertex 6.66113 8.11661 10
      vertex 7.42462 -7.42462 10
      vertex 7.42462 7.42462 10
    endloop
  endfacet
  facet normal 0 0 1
    outer loop
      vertex 6.66113 8.11661 10
      vertex 6.66113 -8.11661 10
      vertex 7.42462 -7.42462 10
    endloop
  endfacet
  facet normal 0 0 1
    outer loop
      vertex 5.83349 8.73043 10
      vertex 6.66113 -8.11661 10
      vertex 6.66113 8.11661 10
    endloop
  endfacet
  facet normal 0 0 1
    outer loop
      vertex 5.83349 8.73043 10
      vertex 5.83349 -8.73043 10
      vertex 6.66113 -8.11661 10
    endloop
  endfacet
  facet normal 0 0 1
    outer loop
      vertex 4.94967 9.26017 10
      vertex 5.83349 -8.73043 10
      vertex 5.83349 8.73043 10
    endloop
  endfacet
  facet normal 0 0 1
    outer loop
      vertex 4.94967 9.26017 10
      vertex 4.94967 -9.26017 10
      vertex 5.83349 -8.73043 10
    endloop
  endfacet
  facet normal 0 0 1
    outer loop
      vertex 4.01818 9.70073 10
      vertex 4.94967 -9.26017 10
      vertex 4.94967 9.26017 10
    endloop
  endfacet
  facet normal 0 0 1
    outer loop
      vertex 4.01818 9.70073 10
      vertex 4.01818 -9.70073 10
      vertex 4.94967 -9.26017 10
    endloop
  endfacet
  facet normal 0 0 1
    outer loop
      vertex 3.04799 10.0479 10
      vertex 4.01818 -9.70073 10
      vertex 4.01818 9.70073 10
    endloop
  endfacet
  facet normal 0 0 1
    outer loop
      vertex 3.04799 10.0479 10
      vertex 3.04799 -10.0479 10
      vertex 4.01818 -9.70073 10
    endloop
  endfacet
  facet normal 0 0 1
    outer loop
      vertex 2.04845 10.2982 10
      vertex 3.04799 -10.0479 10
      vertex 3.04799 10.0479 10
    endloop
  endfacet
  facet normal 0 0 1
    outer loop
      vertex 2.04845 10.2982 10
      vertex 2.04845 -10.2982 10
      vertex 3.04799 -10.0479 10
    endloop
  endfacet
  facet normal 0 0 1
    outer loop
      vertex 1.02918 10.4494 10
      vertex 2.04845 -10.2982 10
      vertex 2.04845 10.2982 10
    endloop
  endfacet
  facet normal 0 0 1
    outer loop
      vertex 1.02918 10.4494 10
      vertex 1.02918 -10.4494 10
      vertex 2.04845 -10.2982 10
    endloop
  endfacet
  facet normal 0 0 1
    outer loop
      vertex 0 10.5 10
      vertex 1.02918 -10.4494 10
      vertex 1.02918 10.4494 10
    endloop
  endfacet
  facet normal 0 0 1
    outer loop
      vertex 0 10.5 10
      vertex 0 -10.5 10
      vertex 1.02918 -10.4494 10
    endloop
  endfacet
  facet normal -0 0 1
    outer loop
      vertex -1.02918 10.4494 10
      vertex 0 -10.5 10
      vertex 0 10.5 10
    endloop
  endfacet
  facet normal 0 0 1
    outer loop
      vertex -1.02918 10.4494 10
      vertex -1.02918 -10.4494 10
      vertex 0 -10.5 10
    endloop
  endfacet
  facet normal -0 0 1
    outer loop
      vertex -2.04845 10.2982 10
      vertex -1.02918 -10.4494 10
      vertex -1.02918 10.4494 10
    endloop
  endfacet
  facet normal 0 0 1
    outer loop
      vertex -2.04845 10.2982 10
      vertex -2.04845 -10.2982 10
      vertex -1.02918 -10.4494 10
    endloop
  endfacet
  facet normal -0 0 1
    outer loop
      vertex -3.04799 10.0479 10
      vertex -2.04845 -10.2982 10
      vertex -2.04845 10.2982 10
    endloop
  endfacet
  facet normal 0 0 1
    outer loop
      vertex -3.04799 10.0479 10
      vertex -3.04799 -10.0479 10
      vertex -2.04845 -10.2982 10
    endloop
  endfacet
  facet normal -0 0 1
    outer loop
      vertex -4.01818 9.70073 10
      vertex -3.04799 -10.0479 10
      vertex -3.04799 10.0479 10
    endloop
  endfacet
  facet normal 0 0 1
    outer loop
      vertex -4.01818 9.70073 10
      vertex -4.01818 -9.70073 10
      vertex -3.04799 -10.0479 10
    endloop
  endfacet
  facet normal -0 0 1
    outer loop
      vertex -4.94967 9.26017 10
      vertex -4.01818 -9.70073 10
      vertex -4.01818 9.70073 10
    endloop
  endfacet
  facet normal 0 0 1
    outer loop
      vertex -4.94967 9.26017 10
      vertex -4.94967 -9.26017 10
      vertex -4.01818 -9.70073 10
    endloop
  endfacet
  facet normal -0 0 1
    outer loop
      vertex -5.83349 8.73043 10
      vertex -4.94967 -9.26017 10
      vertex -4.94967 9.26017 10
    endloop
  endfacet
  facet normal 0 0 1
    outer loop
      vertex -5.83349 8.73043 10
      vertex -5.83349 -8.73043 10
      vertex -4.94967 -9.26017 10
    endloop
  endfacet
  facet normal -0 0 1
    outer loop
      vertex -6.66113 8.11661 10
      vertex -5.83349 -8.73043 10
      vertex -5.83349 8.73043 10
    endloop
  endfacet
  facet normal 0 0 1
    outer loop
      vertex -6.66113 8.11661 10
      vertex -6.66113 -8.11661 10
      vertex -5.83349 -8.73043 10
    endloop
  endfacet
  facet normal -0 0 1
    outer loop
      vertex -7.42462 7.42462 10
      vertex -6.66113 -8.11661 10
      vertex -6.66113 8.11661 10
    endloop
  endfacet
  facet normal 0 0 1
    outer loop
      vertex -7.42462 7.42462 10
      vertex -7.42462 -7.42462 10
      vertex -6.66113 -8.11661 10
    endloop
  endfacet
  facet normal -0 0 1
    outer loop
      vertex -8.11661 6.66113 10
      vertex -7.42462 -7.42462 10
      vertex -7.42462 7.42462 10
    endloop
  endfacet
  facet normal 0 0 1
    outer loop
      vertex -8.11661 6.66113 10
      vertex -8.11661 -6.66113 10
      vertex -7.42462 -7.42462 10
    endloop
  endfacet
  facet normal -0 0 1
    outer loop
      vertex -8.73043 5.83349 10
      vertex -8.11661 -6.66113 10
      vertex -8.11661 6.66113 10
    endloop
  endfacet
  facet normal 0 0 1
    outer loop
      vertex -8.73043 5.83349 10
      vertex -8.73043 -5.83349 10
      vertex -8.11661 -6.66113 10
    endloop
  endfacet
  facet normal -0 0 1
    outer loop
      vertex -9.26017 4.94967 10
      vertex -8.73043 -5.83349 10
      vertex -8.73043 5.83349 10
    endloop
  endfacet
  facet normal 0 0 1
    outer loop
      vertex -9.26017 4.94967 10
      vertex -9.26017 -4.94967 10
      vertex -8.73043 -5.83349 10
    endloop
  endfacet
  facet normal -0 0 1
    outer loop
      vertex -9.70073 4.01818 10
      vertex -9.26017 -4.94967 10
      vertex -9.26017 4.94967 10
    endloop
  endfacet
  facet normal 0 0 1
    outer loop
      vertex -9.70073 4.01818 10
      vertex -9.70073 -4.01818 10
      vertex -9.26017 -4.94967 10
    endloop
  endfacet
  facet normal -0 0 1
    outer loop
      vertex -10.0479 3.04799 10
      vertex -9.70073 -4.01818 10
      vertex -9.70073 4.01818 10
    endloop
  endfacet
  facet normal 0 0 1
    outer loop
      vertex -10.0479 3.04799 10
      vertex -10.0479 -3.04799 10
      vertex -9.70073 -4.01818 10
    endloop
  endfacet
  facet normal -0 0 1
    outer loop
      vertex -10.2982 2.04845 10
      vertex -10.0479 -3.04799 10
      vertex -10.0479 3.04799 10
    endloop
  endfacet
  facet normal 0 0 1
    outer loop
      vertex -10.2982 2.04845 10
      vertex -10.2982 -2.04845 10
      vertex -10.0479 -3.04799 10
    endloop
  endfacet
  facet normal -0 0 1
    outer loop
      vertex -10.4494 1.02918 10
      vertex -10.2982 -2.04845 10
      vertex -10.2982 2.04845 10
    endloop
  endfacet
  facet normal 0 0 1
    outer loop
      vertex -10.4494 1.02918 10
      vertex -10.4494 -1.02918 10
      vertex -10.2982 -2.04845 10
    endloop
  endfacet
  facet normal 0 -0 1
    outer loop
      vertex -10.4494 -1.02918 10
      vertex -10.4494 1.02918 10
      vertex -10.5 0 10
    endloop
  endfacet
  facet normal 0.5957 -0.803207 0
    outer loop
      vertex -6.66113 8.11661 10
      vertex -5.83349 8.73043 97.99
      vertex -6.66113 8.11661 97.99
    endloop
  endfacet
  facet normal 0.5957 -0.803207 0
    outer loop
      vertex -5.83349 8.73043 97.99
      vertex -6.66113 8.11661 10
      vertex -5.83349 8.73043 10
    endloop
  endfacet
  facet normal 0.803207 0.5957 0
    outer loop
      vertex -8.11661 -6.66113 97.99
      vertex -8.73043 -5.83349 10
      vertex -8.73043 -5.83349 97.99
    endloop
  endfacet
  facet normal 0.803207 0.5957 0
    outer loop
      vertex -8.73043 -5.83349 10
      vertex -8.11661 -6.66113 97.99
      vertex -8.11661 -6.66113 10
    endloop
  endfacet
  facet normal -0.427554 -0.90399 0
    outer loop
      vertex 4.01818 9.70073 10
      vertex 4.94967 9.26017 97.99
      vertex 4.01818 9.70073 97.99
    endloop
  endfacet
  facet normal -0.427554 -0.90399 -0
    outer loop
      vertex 4.94967 9.26017 97.99
      vertex 4.01818 9.70073 10
      vertex 4.94967 9.26017 10
    endloop
  endfacet
  facet normal -0.146566 0.989201 0
    outer loop
      vertex 1.87081 -10.3246 84.75
      vertex 1.75 -10.3425 38
      vertex 1.75 -10.3425 84.5871
    endloop
  endfacet
  facet normal -0.146409 0.989224 -4.15819e-07
    outer loop
      vertex 1.98432 -10.3078 84.9394
      vertex 1.75 -10.3425 38
      vertex 1.87081 -10.3246 84.75
    endloop
  endfacet
  facet normal -0.148063 0.988978 8.02246e-06
    outer loop
      vertex 2.04845 -10.2982 85.0749
      vertex 1.75 -10.3425 38
      vertex 1.98432 -10.3078 84.9394
    endloop
  endfacet
  facet normal -0.146825 0.989162 0
    outer loop
      vertex 2.04845 -10.2982 10
      vertex 1.75 -10.3425 38
      vertex 2.04845 -10.2982 85.0749
    endloop
  endfacet
  facet normal -0.146736 0.989176 9.71203e-07
    outer loop
      vertex 1.02918 -10.4494 10
      vertex 1.75 -10.3425 38
      vertex 2.04845 -10.2982 10
    endloop
  endfacet
  facet normal -0.146699 0.989181 0
    outer loop
      vertex 1.75 -10.3425 38
      vertex 1.02918 -10.4494 10
      vertex 1.02918 -10.4494 38
    endloop
  endfacet
  facet normal -0.146825 0.989162 0
    outer loop
      vertex 2.04845 -10.2982 97.99
      vertex 1.75 -10.3425 87.4129
      vertex 1.75 -10.3425 97.99
    endloop
  endfacet
  facet normal -0.146576 0.989199 -7.18015e-06
    outer loop
      vertex 2.04845 -10.2982 97.99
      vertex 1.87081 -10.3246 87.25
      vertex 1.75 -10.3425 87.4129
    endloop
  endfacet
  facet normal -0.146426 0.989222 -9.72211e-06
    outer loop
      vertex 2.04845 -10.2982 97.99
      vertex 1.98432 -10.3078 87.0606
      vertex 1.87081 -10.3246 87.25
    endloop
  endfacet
  facet normal -0.148046 0.98898 0
    outer loop
      vertex 1.98432 -10.3078 87.0606
      vertex 2.04845 -10.2982 97.99
      vertex 2.04845 -10.2982 86.9251
    endloop
  endfacet
  facet normal 0.146566 -0.989201 0
    outer loop
      vertex -1.87081 10.3246 84.75
      vertex -1.75 10.3425 38
      vertex -1.75 10.3425 84.5871
    endloop
  endfacet
  facet normal 0.146409 -0.989224 -4.15819e-07
    outer loop
      vertex -1.98432 10.3078 84.9394
      vertex -1.75 10.3425 38
      vertex -1.87081 10.3246 84.75
    endloop
  endfacet
  facet normal 0.148063 -0.988978 8.02246e-06
    outer loop
      vertex -2.04845 10.2982 85.0749
      vertex -1.75 10.3425 38
      vertex -1.98432 10.3078 84.9394
    endloop
  endfacet
  facet normal 0.146825 -0.989162 0
    outer loop
      vertex -2.04845 10.2982 10
      vertex -1.75 10.3425 38
      vertex -2.04845 10.2982 85.0749
    endloop
  endfacet
  facet normal 0.146736 -0.989176 9.71203e-07
    outer loop
      vertex -1.02918 10.4494 10
      vertex -1.75 10.3425 38
      vertex -2.04845 10.2982 10
    endloop
  endfacet
  facet normal 0.146699 -0.989181 0
    outer loop
      vertex -1.75 10.3425 38
      vertex -1.02918 10.4494 10
      vertex -1.02918 10.4494 38
    endloop
  endfacet
  facet normal 0.146825 -0.989162 0
    outer loop
      vertex -2.04845 10.2982 97.99
      vertex -1.75 10.3425 87.4129
      vertex -1.75 10.3425 97.99
    endloop
  endfacet
  facet normal 0.146576 -0.989199 -7.18015e-06
    outer loop
      vertex -2.04845 10.2982 97.99
      vertex -1.87081 10.3246 87.25
      vertex -1.75 10.3425 87.4129
    endloop
  endfacet
  facet normal 0.146426 -0.989222 -9.72211e-06
    outer loop
      vertex -2.04845 10.2982 97.99
      vertex -1.98432 10.3078 87.0606
      vertex -1.87081 10.3246 87.25
    endloop
  endfacet
  facet normal 0.148046 -0.98898 0
    outer loop
      vertex -1.98432 10.3078 87.0606
      vertex -2.04845 10.2982 97.99
      vertex -2.04845 10.2982 86.9251
    endloop
  endfacet
  facet normal 0.90399 0.427554 0
    outer loop
      vertex -9.26017 -4.94967 97.99
      vertex -9.70073 -4.01818 10
      vertex -9.70073 -4.01818 97.99
    endloop
  endfacet
  facet normal 0.90399 0.427554 0
    outer loop
      vertex -9.70073 -4.01818 10
      vertex -9.26017 -4.94967 97.99
      vertex -9.26017 -4.94967 10
    endloop
  endfacet
  facet normal -0.998794 0.049106 0
    outer loop
      vertex 10.4494 -1.02918 10
      vertex 10.5 0 97.99
      vertex 10.5 0 10
    endloop
  endfacet
  facet normal -0.998794 0.049106 0
    outer loop
      vertex 10.5 0 97.99
      vertex 10.4494 -1.02918 10
      vertex 10.4494 -1.02918 97.99
    endloop
  endfacet
  facet normal -0.242915 -0.970048 0
    outer loop
      vertex 2.04845 10.2982 86.9251
      vertex 3.04799 10.0479 97.99
      vertex 2.04845 10.2982 97.99
    endloop
  endfacet
  facet normal -0.240823 -0.970569 -0.000200706
    outer loop
      vertex 2.07873 10.2907 86.861
      vertex 3.04799 10.0479 97.99
      vertex 2.04845 10.2982 86.9251
    endloop
  endfacet
  facet normal -0.243636 -0.969867 5.96112e-05
    outer loop
      vertex 2.15312 10.272 86.6531
      vertex 3.04799 10.0479 97.99
      vertex 2.07873 10.2907 86.861
    endloop
  endfacet
  facet normal -0.242467 -0.97016 -3.84556e-05
    outer loop
      vertex 2.20677 10.2586 86.4389
      vertex 3.04799 10.0479 97.99
      vertex 2.15312 10.272 86.6531
    endloop
  endfacet
  facet normal -0.242677 -0.970107 -2.22508e-05
    outer loop
      vertex 2.23917 10.2505 86.2205
      vertex 3.04799 10.0479 97.99
      vertex 2.20677 10.2586 86.4389
    endloop
  endfacet
  facet normal -0.242532 -0.970143 -3.28152e-05
    outer loop
      vertex 2.25 10.2478 86
      vertex 3.04799 10.0479 97.99
      vertex 2.23917 10.2505 86.2205
    endloop
  endfacet
  facet normal -0.246069 -0.969252 0.000217459
    outer loop
      vertex 2.23917 10.2505 85.7795
      vertex 3.04799 10.0479 97.99
      vertex 2.25 10.2478 86
    endloop
  endfacet
  facet normal -0.242915 -0.970048 0
    outer loop
      vertex 3.04799 10.0479 10
      vertex 2.04845 10.2982 85.0749
      vertex 2.04845 10.2982 10
    endloop
  endfacet
  facet normal -0.240491 -0.970651 3.42748e-05
    outer loop
      vertex 2.04845 10.2982 85.0749
      vertex 3.04799 10.0479 10
      vertex 2.07873 10.2907 85.139
    endloop
  endfacet
  facet normal -0.243765 -0.969834 -1.05958e-05
    outer loop
      vertex 2.07873 10.2907 85.139
      vertex 3.04799 10.0479 10
      vertex 2.15312 10.272 85.3469
    endloop
  endfacet
  facet normal -0.24235 -0.970189 7.26534e-06
    outer loop
      vertex 2.15312 10.272 85.3469
      vertex 3.04799 10.0479 10
      vertex 2.20677 10.2586 85.5611
    endloop
  endfacet
  facet normal -0.242566 -0.970135 4.71742e-06
    outer loop
      vertex 2.20677 10.2586 85.5611
      vertex 3.04799 10.0479 10
      vertex 2.23917 10.2505 85.7795
    endloop
  endfacet
  facet normal -0.242981 -0.970031 0
    outer loop
      vertex 2.23917 10.2505 85.7795
      vertex 3.04799 10.0479 10
      vertex 3.04799 10.0479 97.99
    endloop
  endfacet
  facet normal 0.5957 0.803207 -0
    outer loop
      vertex -5.83349 -8.73043 10
      vertex -6.66113 -8.11661 97.99
      vertex -5.83349 -8.73043 97.99
    endloop
  endfacet
  facet normal 0.5957 0.803207 0
    outer loop
      vertex -6.66113 -8.11661 97.99
      vertex -5.83349 -8.73043 10
      vertex -6.66113 -8.11661 10
    endloop
  endfacet
  facet normal 0.74095 -0.671561 0
    outer loop
      vertex -8.11661 6.66113 97.99
      vertex -7.42462 7.42462 10
      vertex -7.42462 7.42462 97.99
    endloop
  endfacet
  facet normal 0.74095 -0.671561 0
    outer loop
      vertex -7.42462 7.42462 10
      vertex -8.11661 6.66113 97.99
      vertex -8.11661 6.66113 10
    endloop
  endfacet
  facet normal -0.857729 0.514102 0
    outer loop
      vertex 8.73043 -5.83349 10
      vertex 9.26017 -4.94967 97.99
      vertex 9.26017 -4.94967 10
    endloop
  endfacet
  facet normal -0.857729 0.514102 0
    outer loop
      vertex 9.26017 -4.94967 97.99
      vertex 8.73043 -5.83349 10
      vertex 8.73043 -5.83349 97.99
    endloop
  endfacet
  facet normal -0.5957 -0.803207 0
    outer loop
      vertex 5.83349 8.73043 10
      vertex 6.66113 8.11661 97.99
      vertex 5.83349 8.73043 97.99
    endloop
  endfacet
  facet normal -0.5957 -0.803207 -0
    outer loop
      vertex 6.66113 8.11661 97.99
      vertex 5.83349 8.73043 10
      vertex 6.66113 8.11661 10
    endloop
  endfacet
  facet normal -0.336916 -0.941535 0
    outer loop
      vertex 3.04799 10.0479 10
      vertex 4.01818 9.70073 97.99
      vertex 3.04799 10.0479 97.99
    endloop
  endfacet
  facet normal -0.336916 -0.941535 -0
    outer loop
      vertex 4.01818 9.70073 97.99
      vertex 3.04799 10.0479 10
      vertex 4.01818 9.70073 10
    endloop
  endfacet
  facet normal -0.803207 -0.5957 0
    outer loop
      vertex 8.73043 5.83349 10
      vertex 8.11661 6.66113 97.99
      vertex 8.11661 6.66113 10
    endloop
  endfacet
  facet normal -0.803207 -0.5957 0
    outer loop
      vertex 8.11661 6.66113 97.99
      vertex 8.73043 5.83349 10
      vertex 8.73043 5.83349 97.99
    endloop
  endfacet
  facet normal -0.857729 -0.514102 0
    outer loop
      vertex 9.26017 4.94967 10
      vertex 8.73043 5.83349 97.99
      vertex 8.73043 5.83349 10
    endloop
  endfacet
  facet normal -0.857729 -0.514102 0
    outer loop
      vertex 8.73043 5.83349 97.99
      vertex 9.26017 4.94967 10
      vertex 9.26017 4.94967 97.99
    endloop
  endfacet
  facet normal 0.427554 0.90399 -0
    outer loop
      vertex -4.01818 -9.70073 10
      vertex -4.94967 -9.26017 97.99
      vertex -4.01818 -9.70073 97.99
    endloop
  endfacet
  facet normal 0.427554 0.90399 0
    outer loop
      vertex -4.94967 -9.26017 97.99
      vertex -4.01818 -9.70073 10
      vertex -4.94967 -9.26017 10
    endloop
  endfacet
  facet normal 0.970048 0.242915 0
    outer loop
      vertex -10.0479 -3.04799 97.99
      vertex -10.2982 -2.04845 10
      vertex -10.2982 -2.04845 97.99
    endloop
  endfacet
  facet normal 0.970048 0.242915 0
    outer loop
      vertex -10.2982 -2.04845 10
      vertex -10.0479 -3.04799 97.99
      vertex -10.0479 -3.04799 10
    endloop
  endfacet
  facet normal -0.90399 -0.427554 0
    outer loop
      vertex 9.70073 4.01818 10
      vertex 9.26017 4.94967 97.99
      vertex 9.26017 4.94967 10
    endloop
  endfacet
  facet normal -0.90399 -0.427554 0
    outer loop
      vertex 9.26017 4.94967 97.99
      vertex 9.70073 4.01818 10
      vertex 9.70073 4.01818 97.99
    endloop
  endfacet
  facet normal -0.427554 0.90399 0
    outer loop
      vertex 4.94967 -9.26017 10
      vertex 4.01818 -9.70073 97.99
      vertex 4.94967 -9.26017 97.99
    endloop
  endfacet
  facet normal -0.427554 0.90399 0
    outer loop
      vertex 4.01818 -9.70073 97.99
      vertex 4.94967 -9.26017 10
      vertex 4.01818 -9.70073 10
    endloop
  endfacet
  facet normal -0.146699 -0.989181 -0
    outer loop
      vertex 1.02918 10.4494 38
      vertex 1.02918 10.4494 10
      vertex 1.75 10.3425 38
    endloop
  endfacet
  facet normal -0.146566 -0.989201 0
    outer loop
      vertex 1.75 10.3425 38
      vertex 1.87081 10.3246 84.75
      vertex 1.75 10.3425 84.5871
    endloop
  endfacet
  facet normal -0.146409 -0.989224 -4.15819e-07
    outer loop
      vertex 1.75 10.3425 38
      vertex 1.98432 10.3078 84.9394
      vertex 1.87081 10.3246 84.75
    endloop
  endfacet
  facet normal -0.148063 -0.988978 8.02246e-06
    outer loop
      vertex 1.75 10.3425 38
      vertex 2.04845 10.2982 85.0749
      vertex 1.98432 10.3078 84.9394
    endloop
  endfacet
  facet normal -0.146825 -0.989162 0
    outer loop
      vertex 1.75 10.3425 38
      vertex 2.04845 10.2982 10
      vertex 2.04845 10.2982 85.0749
    endloop
  endfacet
  facet normal -0.146736 -0.989176 9.71203e-07
    outer loop
      vertex 2.04845 10.2982 10
      vertex 1.75 10.3425 38
      vertex 1.02918 10.4494 10
    endloop
  endfacet
  facet normal -0.146825 -0.989162 0
    outer loop
      vertex 1.75 10.3425 87.4129
      vertex 2.04845 10.2982 97.99
      vertex 1.75 10.3425 97.99
    endloop
  endfacet
  facet normal -0.146576 -0.989199 -7.18015e-06
    outer loop
      vertex 1.87081 10.3246 87.25
      vertex 2.04845 10.2982 97.99
      vertex 1.75 10.3425 87.4129
    endloop
  endfacet
  facet normal -0.146426 -0.989222 -9.72211e-06
    outer loop
      vertex 1.98432 10.3078 87.0606
      vertex 2.04845 10.2982 97.99
      vertex 1.87081 10.3246 87.25
    endloop
  endfacet
  facet normal -0.148046 -0.98898 -0
    outer loop
      vertex 2.04845 10.2982 97.99
      vertex 1.98432 10.3078 87.0606
      vertex 2.04845 10.2982 86.9251
    endloop
  endfacet
  facet normal 0.671561 -0.74095 0
    outer loop
      vertex -7.42462 7.42462 10
      vertex -6.66113 8.11661 97.99
      vertex -7.42462 7.42462 97.99
    endloop
  endfacet
  facet normal 0.671561 -0.74095 0
    outer loop
      vertex -6.66113 8.11661 97.99
      vertex -7.42462 7.42462 10
      vertex -6.66113 8.11661 10
    endloop
  endfacet
  facet normal 0.989176 -0.146736 0
    outer loop
      vertex -10.4494 1.02918 97.99
      vertex -10.2982 2.04845 10
      vertex -10.2982 2.04845 97.99
    endloop
  endfacet
  facet normal 0.989176 -0.146736 0
    outer loop
      vertex -10.2982 2.04845 10
      vertex -10.4494 1.02918 97.99
      vertex -10.4494 1.02918 10
    endloop
  endfacet
  facet normal 0.941535 -0.336916 0
    outer loop
      vertex -10.0479 3.04799 97.99
      vertex -9.70073 4.01818 10
      vertex -9.70073 4.01818 97.99
    endloop
  endfacet
  facet normal 0.941535 -0.336916 0
    outer loop
      vertex -9.70073 4.01818 10
      vertex -10.0479 3.04799 97.99
      vertex -10.0479 3.04799 10
    endloop
  endfacet
  facet normal 0.336916 -0.941535 0
    outer loop
      vertex -4.01818 9.70073 10
      vertex -3.04799 10.0479 97.99
      vertex -4.01818 9.70073 97.99
    endloop
  endfacet
  facet normal 0.336916 -0.941535 0
    outer loop
      vertex -3.04799 10.0479 97.99
      vertex -4.01818 9.70073 10
      vertex -3.04799 10.0479 10
    endloop
  endfacet
  facet normal 0.998794 0.049106 0
    outer loop
      vertex -10.4494 -1.02918 97.99
      vertex -10.5 0 10
      vertex -10.5 0 97.99
    endloop
  endfacet
  facet normal 0.998794 0.049106 0
    outer loop
      vertex -10.5 0 10
      vertex -10.4494 -1.02918 97.99
      vertex -10.4494 -1.02918 10
    endloop
  endfacet
  facet normal -0.671561 0.74095 0
    outer loop
      vertex 7.42462 -7.42462 10
      vertex 6.66113 -8.11661 97.99
      vertex 7.42462 -7.42462 97.99
    endloop
  endfacet
  facet normal -0.671561 0.74095 0
    outer loop
      vertex 6.66113 -8.11661 97.99
      vertex 7.42462 -7.42462 10
      vertex 6.66113 -8.11661 10
    endloop
  endfacet
  facet normal 0.049106 -0.998794 0
    outer loop
      vertex -1.02918 10.4494 10
      vertex 0 10.5 38
      vertex -1.02918 10.4494 38
    endloop
  endfacet
  facet normal 0.049106 -0.998794 0
    outer loop
      vertex 0 10.5 38
      vertex -1.02918 10.4494 10
      vertex 0 10.5 10
    endloop
  endfacet
  facet normal -0.671561 -0.74095 0
    outer loop
      vertex 6.66113 8.11661 10
      vertex 7.42462 7.42462 97.99
      vertex 6.66113 8.11661 97.99
    endloop
  endfacet
  facet normal -0.671561 -0.74095 -0
    outer loop
      vertex 7.42462 7.42462 97.99
      vertex 6.66113 8.11661 10
      vertex 7.42462 7.42462 10
    endloop
  endfacet
  facet normal 0.803207 -0.5957 0
    outer loop
      vertex -8.73043 5.83349 97.99
      vertex -8.11661 6.66113 10
      vertex -8.11661 6.66113 97.99
    endloop
  endfacet
  facet normal 0.803207 -0.5957 0
    outer loop
      vertex -8.11661 6.66113 10
      vertex -8.73043 5.83349 97.99
      vertex -8.73043 5.83349 10
    endloop
  endfacet
  facet normal 0.74095 0.671561 0
    outer loop
      vertex -7.42462 -7.42462 97.99
      vertex -8.11661 -6.66113 10
      vertex -8.11661 -6.66113 97.99
    endloop
  endfacet
  facet normal 0.74095 0.671561 0
    outer loop
      vertex -8.11661 -6.66113 10
      vertex -7.42462 -7.42462 97.99
      vertex -7.42462 -7.42462 10
    endloop
  endfacet
  facet normal -0.049106 0.998794 0
    outer loop
      vertex 1.02918 -10.4494 10
      vertex 0 -10.5 38
      vertex 1.02918 -10.4494 38
    endloop
  endfacet
  facet normal -0.049106 0.998794 0
    outer loop
      vertex 0 -10.5 38
      vertex 1.02918 -10.4494 10
      vertex 0 -10.5 10
    endloop
  endfacet
  facet normal 0.989176 0.146736 0
    outer loop
      vertex -10.2982 -2.04845 97.99
      vertex -10.4494 -1.02918 10
      vertex -10.4494 -1.02918 97.99
    endloop
  endfacet
  facet normal 0.989176 0.146736 0
    outer loop
      vertex -10.4494 -1.02918 10
      vertex -10.2982 -2.04845 97.99
      vertex -10.2982 -2.04845 10
    endloop
  endfacet
  facet normal -0.049106 -0.998794 0
    outer loop
      vertex 0 10.5 10
      vertex 1.02918 10.4494 38
      vertex 0 10.5 38
    endloop
  endfacet
  facet normal -0.049106 -0.998794 -0
    outer loop
      vertex 1.02918 10.4494 38
      vertex 0 10.5 10
      vertex 1.02918 10.4494 10
    endloop
  endfacet
  facet normal 0.970048 -0.242915 0
    outer loop
      vertex -10.2982 2.04845 97.99
      vertex -10.0479 3.04799 10
      vertex -10.0479 3.04799 97.99
    endloop
  endfacet
  facet normal 0.970048 -0.242915 0
    outer loop
      vertex -10.0479 3.04799 10
      vertex -10.2982 2.04845 97.99
      vertex -10.2982 2.04845 10
    endloop
  endfacet
  facet normal 0.90399 -0.427554 0
    outer loop
      vertex -9.70073 4.01818 97.99
      vertex -9.26017 4.94967 10
      vertex -9.26017 4.94967 97.99
    endloop
  endfacet
  facet normal 0.90399 -0.427554 0
    outer loop
      vertex -9.26017 4.94967 10
      vertex -9.70073 4.01818 97.99
      vertex -9.70073 4.01818 10
    endloop
  endfacet
  facet normal -0.941535 0.336916 0
    outer loop
      vertex 9.70073 -4.01818 10
      vertex 10.0479 -3.04799 97.99
      vertex 10.0479 -3.04799 10
    endloop
  endfacet
  facet normal -0.941535 0.336916 0
    outer loop
      vertex 10.0479 -3.04799 97.99
      vertex 9.70073 -4.01818 10
      vertex 9.70073 -4.01818 97.99
    endloop
  endfacet
  facet normal 0.671561 0.74095 -0
    outer loop
      vertex -6.66113 -8.11661 10
      vertex -7.42462 -7.42462 97.99
      vertex -6.66113 -8.11661 97.99
    endloop
  endfacet
  facet normal 0.671561 0.74095 0
    outer loop
      vertex -7.42462 -7.42462 97.99
      vertex -6.66113 -8.11661 10
      vertex -7.42462 -7.42462 10
    endloop
  endfacet
  facet normal 0.049106 0.998794 -0
    outer loop
      vertex 0 -10.5 10
      vertex -1.02918 -10.4494 38
      vertex 0 -10.5 38
    endloop
  endfacet
  facet normal 0.049106 0.998794 0
    outer loop
      vertex -1.02918 -10.4494 38
      vertex 0 -10.5 10
      vertex -1.02918 -10.4494 10
    endloop
  endfacet
  facet normal 0.998794 -0.049106 0
    outer loop
      vertex -10.5 0 97.99
      vertex -10.4494 1.02918 10
      vertex -10.4494 1.02918 97.99
    endloop
  endfacet
  facet normal 0.998794 -0.049106 0
    outer loop
      vertex -10.4494 1.02918 10
      vertex -10.5 0 97.99
      vertex -10.5 0 10
    endloop
  endfacet
  facet normal 0.336916 0.941535 -0
    outer loop
      vertex -3.04799 -10.0479 10
      vertex -4.01818 -9.70073 97.99
      vertex -3.04799 -10.0479 97.99
    endloop
  endfacet
  facet normal 0.336916 0.941535 0
    outer loop
      vertex -4.01818 -9.70073 97.99
      vertex -3.04799 -10.0479 10
      vertex -4.01818 -9.70073 10
    endloop
  endfacet
  facet normal -0.74095 0.671561 0
    outer loop
      vertex 7.42462 -7.42462 10
      vertex 8.11661 -6.66113 97.99
      vertex 8.11661 -6.66113 10
    endloop
  endfacet
  facet normal -0.74095 0.671561 0
    outer loop
      vertex 8.11661 -6.66113 97.99
      vertex 7.42462 -7.42462 10
      vertex 7.42462 -7.42462 97.99
    endloop
  endfacet
  facet normal -1 0 0
    outer loop
      vertex 1.75 -16.9057 87.4129
      vertex 1.75 -10.3425 97.99
      vertex 1.75 -10.3425 87.4129
    endloop
  endfacet
  facet normal -1 -0 0
    outer loop
      vertex 1.75 -10.3425 97.99
      vertex 1.75 -16.9057 87.4129
      vertex 1.75 -16.9057 97.99
    endloop
  endfacet
  facet normal -1 0 0
    outer loop
      vertex 1.75 10.3425 87.4129
      vertex 1.75 16.9057 97.99
      vertex 1.75 16.9057 87.4129
    endloop
  endfacet
  facet normal -1 -0 0
    outer loop
      vertex 1.75 16.9057 97.99
      vertex 1.75 10.3425 87.4129
      vertex 1.75 10.3425 97.99
    endloop
  endfacet
  facet normal -1 0 0
    outer loop
      vertex 1.75 -16.9057 38
      vertex 1.75 -10.3425 84.5871
      vertex 1.75 -10.3425 38
    endloop
  endfacet
  facet normal -1 -0 0
    outer loop
      vertex 1.75 -10.3425 84.5871
      vertex 1.75 -16.9057 38
      vertex 1.75 -16.9057 84.5871
    endloop
  endfacet
  facet normal -1 0 0
    outer loop
      vertex 1.75 10.3425 38
      vertex 1.75 16.9057 84.5871
      vertex 1.75 16.9057 38
    endloop
  endfacet
  facet normal -1 -0 0
    outer loop
      vertex 1.75 16.9057 84.5871
      vertex 1.75 10.3425 38
      vertex 1.75 10.3425 84.5871
    endloop
  endfacet
  facet normal -0 0 1
    outer loop
      vertex 1.02918 -10.4494 38
      vertex 1.75 -16.9057 38
      vertex 1.75 -10.3425 38
    endloop
  endfacet
  facet normal 0 0 1
    outer loop
      vertex 1.75 -16.9057 38
      vertex 1.02918 -10.4494 38
      vertex 1.66629 -16.9181 38
    endloop
  endfacet
  facet normal -0 0 1
    outer loop
      vertex 0 -10.5 38
      vertex 1.66629 -16.9181 38
      vertex 1.02918 -10.4494 38
    endloop
  endfacet
  facet normal 0 0 1
    outer loop
      vertex 0 -10.5 38
      vertex 0 -17 38
      vertex 1.66629 -16.9181 38
    endloop
  endfacet
  facet normal 0 0 1
    outer loop
      vertex -1.02918 -10.4494 38
      vertex 0 -17 38
      vertex 0 -10.5 38
    endloop
  endfacet
  facet normal 0 0 1
    outer loop
      vertex -1.02918 -10.4494 38
      vertex -1.66629 -16.9181 38
      vertex 0 -17 38
    endloop
  endfacet
  facet normal 0 0 1
    outer loop
      vertex -1.75 -16.9057 38
      vertex -1.02918 -10.4494 38
      vertex -1.75 -10.3425 38
    endloop
  endfacet
  facet normal 0 0 1
    outer loop
      vertex -1.02918 -10.4494 38
      vertex -1.75 -16.9057 38
      vertex -1.66629 -16.9181 38
    endloop
  endfacet
  facet normal 0 0 1
    outer loop
      vertex 1.02918 10.4494 38
      vertex 1.75 16.9057 38
      vertex 1.66629 16.9181 38
    endloop
  endfacet
  facet normal 0 0 1
    outer loop
      vertex 1.75 16.9057 38
      vertex 1.02918 10.4494 38
      vertex 1.75 10.3425 38
    endloop
  endfacet
  facet normal 0 0 1
    outer loop
      vertex 0 17 38
      vertex 1.02918 10.4494 38
      vertex 1.66629 16.9181 38
    endloop
  endfacet
  facet normal 0 0 1
    outer loop
      vertex 0 17 38
      vertex 0 10.5 38
      vertex 1.02918 10.4494 38
    endloop
  endfacet
  facet normal 0 0 1
    outer loop
      vertex 0 17 38
      vertex -1.02918 10.4494 38
      vertex 0 10.5 38
    endloop
  endfacet
  facet normal -0 0 1
    outer loop
      vertex -1.66629 16.9181 38
      vertex -1.02918 10.4494 38
      vertex 0 17 38
    endloop
  endfacet
  facet normal -0 0 1
    outer loop
      vertex -1.75 16.9057 38
      vertex -1.02918 10.4494 38
      vertex -1.66629 16.9181 38
    endloop
  endfacet
  facet normal 0 0 1
    outer loop
      vertex -1.02918 10.4494 38
      vertex -1.75 16.9057 38
      vertex -1.75 10.3425 38
    endloop
  endfacet
  facet normal 1 -0 0
    outer loop
      vertex -1.75 10.3425 97.99
      vertex -1.75 16.9057 87.4129
      vertex -1.75 16.9057 97.99
    endloop
  endfacet
  facet normal 1 0 0
    outer loop
      vertex -1.75 16.9057 87.4129
      vertex -1.75 10.3425 97.99
      vertex -1.75 10.3425 87.4129
    endloop
  endfacet
  facet normal 1 -0 0
    outer loop
      vertex -1.75 -16.9057 97.99
      vertex -1.75 -10.3425 87.4129
      vertex -1.75 -10.3425 97.99
    endloop
  endfacet
  facet normal 1 0 0
    outer loop
      vertex -1.75 -10.3425 87.4129
      vertex -1.75 -16.9057 97.99
      vertex -1.75 -16.9057 87.4129
    endloop
  endfacet
  facet normal 1 -0 0
    outer loop
      vertex -1.75 -16.9057 84.5871
      vertex -1.75 -10.3425 38
      vertex -1.75 -10.3425 84.5871
    endloop
  endfacet
  facet normal 1 0 0
    outer loop
      vertex -1.75 -10.3425 38
      vertex -1.75 -16.9057 84.5871
      vertex -1.75 -16.9057 38
    endloop
  endfacet
  facet normal 1 -0 0
    outer loop
      vertex -1.75 10.3425 84.5871
      vertex -1.75 16.9057 38
      vertex -1.75 16.9057 84.5871
    endloop
  endfacet
  facet normal 1 0 0
    outer loop
      vertex -1.75 16.9057 38
      vertex -1.75 10.3425 84.5871
      vertex -1.75 10.3425 38
    endloop
  endfacet
  facet normal 0.989174 -0 0.146746
    outer loop
      vertex -2.23917 -16.8332 85.7795
      vertex -2.20677 -10.2586 85.5611
      vertex -2.23917 -10.2505 85.7795
    endloop
  endfacet
  facet normal 0.989174 0 0.146746
    outer loop
      vertex -2.20677 -10.2586 85.5611
      vertex -2.23917 -16.8332 85.7795
      vertex -2.20677 -16.838 85.5611
    endloop
  endfacet
  facet normal 0.989174 0 0.146746
    outer loop
      vertex -2.23917 16.8332 85.7795
      vertex -2.20677 10.2586 85.5611
      vertex -2.20677 16.838 85.5611
    endloop
  endfacet
  facet normal 0.989174 0 0.146746
    outer loop
      vertex -2.20677 10.2586 85.5611
      vertex -2.23917 16.8332 85.7795
      vertex -2.23917 10.2505 85.7795
    endloop
  endfacet
  facet normal -0.989174 0 -0.146746
    outer loop
      vertex 2.23917 -16.8332 86.2205
      vertex 2.20677 -10.2586 86.4389
      vertex 2.23917 -10.2505 86.2205
    endloop
  endfacet
  facet normal -0.989174 -0 -0.146746
    outer loop
      vertex 2.20677 -10.2586 86.4389
      vertex 2.23917 -16.8332 86.2205
      vertex 2.20677 -16.838 86.4389
    endloop
  endfacet
  facet normal -0.989174 0 -0.146746
    outer loop
      vertex 2.23917 16.8332 86.2205
      vertex 2.20677 10.2586 86.4389
      vertex 2.20677 16.838 86.4389
    endloop
  endfacet
  facet normal -0.989174 0 -0.146746
    outer loop
      vertex 2.20677 10.2586 86.4389
      vertex 2.23917 16.8332 86.2205
      vertex 2.23917 10.2505 86.2205
    endloop
  endfacet
  facet normal -0.904191 0 0.427128
    outer loop
      vertex 2.04845 -10.2982 85.0749
      vertex 2.07873 -16.857 85.139
      vertex 2.07873 -10.2907 85.139
    endloop
  endfacet
  facet normal -0.903878 7.92046e-06 0.427791
    outer loop
      vertex 1.98432 -10.3078 84.9394
      vertex 2.07873 -16.857 85.139
      vertex 2.04845 -10.2982 85.0749
    endloop
  endfacet
  facet normal -0.903978 0 0.427578
    outer loop
      vertex 2.07873 -16.857 85.139
      vertex 1.98432 -10.3078 84.9394
      vertex 1.98432 -16.871 84.9394
    endloop
  endfacet
  facet normal -0.903978 0 0.427578
    outer loop
      vertex 1.98432 10.3078 84.9394
      vertex 2.07873 16.857 85.139
      vertex 1.98432 16.871 84.9394
    endloop
  endfacet
  facet normal -0.903878 -7.92046e-06 0.427791
    outer loop
      vertex 2.04845 10.2982 85.0749
      vertex 2.07873 16.857 85.139
      vertex 1.98432 10.3078 84.9394
    endloop
  endfacet
  facet normal -0.904191 0 0.427128
    outer loop
      vertex 2.07873 16.857 85.139
      vertex 2.04845 10.2982 85.0749
      vertex 2.07873 10.2907 85.139
    endloop
  endfacet
  facet normal 0.941541 -0 0.336899
    outer loop
      vertex -2.15312 -16.8459 85.3469
      vertex -2.07873 -10.2907 85.139
      vertex -2.15312 -10.272 85.3469
    endloop
  endfacet
  facet normal 0.941541 0 0.336899
    outer loop
      vertex -2.07873 -10.2907 85.139
      vertex -2.15312 -16.8459 85.3469
      vertex -2.07873 -16.857 85.139
    endloop
  endfacet
  facet normal 0.941541 0 0.336899
    outer loop
      vertex -2.15312 16.8459 85.3469
      vertex -2.07873 10.2907 85.139
      vertex -2.07873 16.857 85.139
    endloop
  endfacet
  facet normal 0.941541 0 0.336899
    outer loop
      vertex -2.07873 10.2907 85.139
      vertex -2.15312 16.8459 85.3469
      vertex -2.15312 10.272 85.3469
    endloop
  endfacet
  facet normal -0.998796 0 0.0490565
    outer loop
      vertex 2.23917 -10.2505 85.7795
      vertex 2.25 -16.8316 86
      vertex 2.25 -10.2478 86
    endloop
  endfacet
  facet normal -0.998796 0 0.0490565
    outer loop
      vertex 2.25 -16.8316 86
      vertex 2.23917 -10.2505 85.7795
      vertex 2.23917 -16.8332 85.7795
    endloop
  endfacet
  facet normal -0.998796 0 0.0490565
    outer loop
      vertex 2.23917 10.2505 85.7795
      vertex 2.25 16.8316 86
      vertex 2.23917 16.8332 85.7795
    endloop
  endfacet
  facet normal -0.998796 0 0.0490565
    outer loop
      vertex 2.25 16.8316 86
      vertex 2.23917 10.2505 85.7795
      vertex 2.25 10.2478 86
    endloop
  endfacet
  facet normal 0.904191 -0 0.427128
    outer loop
      vertex -2.07873 -16.857 85.139
      vertex -2.04845 -10.2982 85.0749
      vertex -2.07873 -10.2907 85.139
    endloop
  endfacet
  facet normal 0.903878 7.92046e-06 0.427791
    outer loop
      vertex -2.07873 -16.857 85.139
      vertex -1.98432 -10.3078 84.9394
      vertex -2.04845 -10.2982 85.0749
    endloop
  endfacet
  facet normal 0.903978 0 0.427578
    outer loop
      vertex -1.98432 -10.3078 84.9394
      vertex -2.07873 -16.857 85.139
      vertex -1.98432 -16.871 84.9394
    endloop
  endfacet
  facet normal 0.903978 0 0.427578
    outer loop
      vertex -2.07873 16.857 85.139
      vertex -1.98432 10.3078 84.9394
      vertex -1.98432 16.871 84.9394
    endloop
  endfacet
  facet normal 0.903878 -7.92046e-06 0.427791
    outer loop
      vertex -2.07873 16.857 85.139
      vertex -2.04845 10.2982 85.0749
      vertex -1.98432 10.3078 84.9394
    endloop
  endfacet
  facet normal 0.904191 0 0.427128
    outer loop
      vertex -2.04845 10.2982 85.0749
      vertex -2.07873 16.857 85.139
      vertex -2.07873 10.2907 85.139
    endloop
  endfacet
  facet normal -0.989174 0 0.146746
    outer loop
      vertex 2.20677 -10.2586 85.5611
      vertex 2.23917 -16.8332 85.7795
      vertex 2.23917 -10.2505 85.7795
    endloop
  endfacet
  facet normal -0.989174 0 0.146746
    outer loop
      vertex 2.23917 -16.8332 85.7795
      vertex 2.20677 -10.2586 85.5611
      vertex 2.20677 -16.838 85.5611
    endloop
  endfacet
  facet normal -0.989174 0 0.146746
    outer loop
      vertex 2.20677 10.2586 85.5611
      vertex 2.23917 16.8332 85.7795
      vertex 2.20677 16.838 85.5611
    endloop
  endfacet
  facet normal -0.989174 0 0.146746
    outer loop
      vertex 2.23917 16.8332 85.7795
      vertex 2.20677 10.2586 85.5611
      vertex 2.23917 10.2505 85.7795
    endloop
  endfacet
  facet normal -0.941541 0 -0.336899
    outer loop
      vertex 2.15312 -16.8459 86.6531
      vertex 2.07873 -10.2907 86.861
      vertex 2.15312 -10.272 86.6531
    endloop
  endfacet
  facet normal -0.941541 -0 -0.336899
    outer loop
      vertex 2.07873 -10.2907 86.861
      vertex 2.15312 -16.8459 86.6531
      vertex 2.07873 -16.857 86.861
    endloop
  endfacet
  facet normal -0.941541 0 -0.336899
    outer loop
      vertex 2.15312 16.8459 86.6531
      vertex 2.07873 10.2907 86.861
      vertex 2.07873 16.857 86.861
    endloop
  endfacet
  facet normal -0.941541 0 -0.336899
    outer loop
      vertex 2.07873 10.2907 86.861
      vertex 2.15312 16.8459 86.6531
      vertex 2.15312 10.272 86.6531
    endloop
  endfacet
  facet normal -0.998796 0 -0.0490565
    outer loop
      vertex 2.25 -16.8316 86
      vertex 2.23917 -10.2505 86.2205
      vertex 2.25 -10.2478 86
    endloop
  endfacet
  facet normal -0.998796 -0 -0.0490565
    outer loop
      vertex 2.23917 -10.2505 86.2205
      vertex 2.25 -16.8316 86
      vertex 2.23917 -16.8332 86.2205
    endloop
  endfacet
  facet normal -0.998796 0 -0.0490565
    outer loop
      vertex 2.25 16.8316 86
      vertex 2.23917 10.2505 86.2205
      vertex 2.23917 16.8332 86.2205
    endloop
  endfacet
  facet normal -0.998796 0 -0.0490565
    outer loop
      vertex 2.23917 10.2505 86.2205
      vertex 2.25 16.8316 86
      vertex 2.25 10.2478 86
    endloop
  endfacet
  facet normal 0.989174 0 -0.146746
    outer loop
      vertex -2.20677 -10.2586 86.4389
      vertex -2.23917 -16.8332 86.2205
      vertex -2.23917 -10.2505 86.2205
    endloop
  endfacet
  facet normal 0.989174 0 -0.146746
    outer loop
      vertex -2.23917 -16.8332 86.2205
      vertex -2.20677 -10.2586 86.4389
      vertex -2.20677 -16.838 86.4389
    endloop
  endfacet
  facet normal 0.989174 0 -0.146746
    outer loop
      vertex -2.20677 10.2586 86.4389
      vertex -2.23917 16.8332 86.2205
      vertex -2.20677 16.838 86.4389
    endloop
  endfacet
  facet normal 0.989174 0 -0.146746
    outer loop
      vertex -2.23917 16.8332 86.2205
      vertex -2.20677 10.2586 86.4389
      vertex -2.23917 10.2505 86.2205
    endloop
  endfacet
  facet normal 0.970036 0 -0.242962
    outer loop
      vertex -2.15312 -10.272 86.6531
      vertex -2.20677 -16.838 86.4389
      vertex -2.20677 -10.2586 86.4389
    endloop
  endfacet
  facet normal 0.970036 0 -0.242962
    outer loop
      vertex -2.20677 -16.838 86.4389
      vertex -2.15312 -10.272 86.6531
      vertex -2.15312 -16.8459 86.6531
    endloop
  endfacet
  facet normal 0.970036 0 -0.242962
    outer loop
      vertex -2.15312 10.272 86.6531
      vertex -2.20677 16.838 86.4389
      vertex -2.15312 16.8459 86.6531
    endloop
  endfacet
  facet normal 0.970036 0 -0.242962
    outer loop
      vertex -2.20677 16.838 86.4389
      vertex -2.15312 10.272 86.6531
      vertex -2.20677 10.2586 86.4389
    endloop
  endfacet
  facet normal -0.970036 0 -0.242962
    outer loop
      vertex 2.20677 -16.838 86.4389
      vertex 2.15312 -10.272 86.6531
      vertex 2.20677 -10.2586 86.4389
    endloop
  endfacet
  facet normal -0.970036 -0 -0.242962
    outer loop
      vertex 2.15312 -10.272 86.6531
      vertex 2.20677 -16.838 86.4389
      vertex 2.15312 -16.8459 86.6531
    endloop
  endfacet
  facet normal -0.970036 0 -0.242962
    outer loop
      vertex 2.20677 16.838 86.4389
      vertex 2.15312 10.272 86.6531
      vertex 2.15312 16.8459 86.6531
    endloop
  endfacet
  facet normal -0.970036 0 -0.242962
    outer loop
      vertex 2.15312 10.272 86.6531
      vertex 2.20677 16.838 86.4389
      vertex 2.20677 10.2586 86.4389
    endloop
  endfacet
  facet normal 0.803219 0 -0.595684
    outer loop
      vertex -1.75 10.3425 87.4129
      vertex -1.87081 16.8878 87.25
      vertex -1.75 16.9057 87.4129
    endloop
  endfacet
  facet normal 0.803219 0 -0.595684
    outer loop
      vertex -1.87081 16.8878 87.25
      vertex -1.75 10.3425 87.4129
      vertex -1.87081 10.3246 87.25
    endloop
  endfacet
  facet normal 0.803219 0 -0.595684
    outer loop
      vertex -1.75 -10.3425 87.4129
      vertex -1.87081 -16.8878 87.25
      vertex -1.87081 -10.3246 87.25
    endloop
  endfacet
  facet normal 0.803219 0 -0.595684
    outer loop
      vertex -1.87081 -16.8878 87.25
      vertex -1.75 -10.3425 87.4129
      vertex -1.75 -16.9057 87.4129
    endloop
  endfacet
  facet normal -0.941541 0 0.336899
    outer loop
      vertex 2.07873 -10.2907 85.139
      vertex 2.15312 -16.8459 85.3469
      vertex 2.15312 -10.272 85.3469
    endloop
  endfacet
  facet normal -0.941541 0 0.336899
    outer loop
      vertex 2.15312 -16.8459 85.3469
      vertex 2.07873 -10.2907 85.139
      vertex 2.07873 -16.857 85.139
    endloop
  endfacet
  facet normal -0.941541 0 0.336899
    outer loop
      vertex 2.07873 10.2907 85.139
      vertex 2.15312 16.8459 85.3469
      vertex 2.07873 16.857 85.139
    endloop
  endfacet
  facet normal -0.941541 0 0.336899
    outer loop
      vertex 2.15312 16.8459 85.3469
      vertex 2.07873 10.2907 85.139
      vertex 2.15312 10.272 85.3469
    endloop
  endfacet
  facet normal -0.857753 0 -0.514063
    outer loop
      vertex 1.98432 -16.871 87.0606
      vertex 1.87081 -10.3246 87.25
      vertex 1.98432 -10.3078 87.0606
    endloop
  endfacet
  facet normal -0.857753 -0 -0.514063
    outer loop
      vertex 1.87081 -10.3246 87.25
      vertex 1.98432 -16.871 87.0606
      vertex 1.87081 -16.8878 87.25
    endloop
  endfacet
  facet normal -0.857753 0 -0.514063
    outer loop
      vertex 1.98432 16.871 87.0606
      vertex 1.87081 10.3246 87.25
      vertex 1.87081 16.8878 87.25
    endloop
  endfacet
  facet normal -0.857753 0 -0.514063
    outer loop
      vertex 1.87081 10.3246 87.25
      vertex 1.98432 16.871 87.0606
      vertex 1.98432 10.3078 87.0606
    endloop
  endfacet
  facet normal 0.857753 -0 0.514063
    outer loop
      vertex -1.98432 -16.871 84.9394
      vertex -1.87081 -10.3246 84.75
      vertex -1.98432 -10.3078 84.9394
    endloop
  endfacet
  facet normal 0.857753 0 0.514063
    outer loop
      vertex -1.87081 -10.3246 84.75
      vertex -1.98432 -16.871 84.9394
      vertex -1.87081 -16.8878 84.75
    endloop
  endfacet
  facet normal 0.857753 0 0.514063
    outer loop
      vertex -1.98432 16.871 84.9394
      vertex -1.87081 10.3246 84.75
      vertex -1.87081 16.8878 84.75
    endloop
  endfacet
  facet normal 0.857753 0 0.514063
    outer loop
      vertex -1.87081 10.3246 84.75
      vertex -1.98432 16.871 84.9394
      vertex -1.98432 10.3078 84.9394
    endloop
  endfacet
  facet normal -0.903978 0 -0.427578
    outer loop
      vertex 2.07873 16.857 86.861
      vertex 1.98432 10.3078 87.0606
      vertex 1.98432 16.871 87.0606
    endloop
  endfacet
  facet normal -0.903878 -7.92046e-06 -0.427791
    outer loop
      vertex 2.07873 16.857 86.861
      vertex 2.04845 10.2982 86.9251
      vertex 1.98432 10.3078 87.0606
    endloop
  endfacet
  facet normal -0.904191 0 -0.427128
    outer loop
      vertex 2.04845 10.2982 86.9251
      vertex 2.07873 16.857 86.861
      vertex 2.07873 10.2907 86.861
    endloop
  endfacet
  facet normal -0.904191 0 -0.427128
    outer loop
      vertex 2.07873 -16.857 86.861
      vertex 2.04845 -10.2982 86.9251
      vertex 2.07873 -10.2907 86.861
    endloop
  endfacet
  facet normal -0.903878 7.92046e-06 -0.427791
    outer loop
      vertex 2.07873 -16.857 86.861
      vertex 1.98432 -10.3078 87.0606
      vertex 2.04845 -10.2982 86.9251
    endloop
  endfacet
  facet normal -0.903978 -0 -0.427578
    outer loop
      vertex 1.98432 -10.3078 87.0606
      vertex 2.07873 -16.857 86.861
      vertex 1.98432 -16.871 87.0606
    endloop
  endfacet
  facet normal 0.941541 0 -0.336899
    outer loop
      vertex -2.07873 -10.2907 86.861
      vertex -2.15312 -16.8459 86.6531
      vertex -2.15312 -10.272 86.6531
    endloop
  endfacet
  facet normal 0.941541 0 -0.336899
    outer loop
      vertex -2.15312 -16.8459 86.6531
      vertex -2.07873 -10.2907 86.861
      vertex -2.07873 -16.857 86.861
    endloop
  endfacet
  facet normal 0.941541 0 -0.336899
    outer loop
      vertex -2.07873 10.2907 86.861
      vertex -2.15312 16.8459 86.6531
      vertex -2.07873 16.857 86.861
    endloop
  endfacet
  facet normal 0.941541 0 -0.336899
    outer loop
      vertex -2.15312 16.8459 86.6531
      vertex -2.07873 10.2907 86.861
      vertex -2.15312 10.272 86.6531
    endloop
  endfacet
  facet normal -0.803219 0 0.595684
    outer loop
      vertex 1.75 -10.3425 84.5871
      vertex 1.87081 -16.8878 84.75
      vertex 1.87081 -10.3246 84.75
    endloop
  endfacet
  facet normal -0.803219 0 0.595684
    outer loop
      vertex 1.87081 -16.8878 84.75
      vertex 1.75 -10.3425 84.5871
      vertex 1.75 -16.9057 84.5871
    endloop
  endfacet
  facet normal -0.803219 0 0.595684
    outer loop
      vertex 1.75 10.3425 84.5871
      vertex 1.87081 16.8878 84.75
      vertex 1.75 16.9057 84.5871
    endloop
  endfacet
  facet normal -0.803219 0 0.595684
    outer loop
      vertex 1.87081 16.8878 84.75
      vertex 1.75 10.3425 84.5871
      vertex 1.87081 10.3246 84.75
    endloop
  endfacet
  facet normal -0.803219 0 -0.595684
    outer loop
      vertex 1.87081 -16.8878 87.25
      vertex 1.75 -10.3425 87.4129
      vertex 1.87081 -10.3246 87.25
    endloop
  endfacet
  facet normal -0.803219 -0 -0.595684
    outer loop
      vertex 1.75 -10.3425 87.4129
      vertex 1.87081 -16.8878 87.25
      vertex 1.75 -16.9057 87.4129
    endloop
  endfacet
  facet normal -0.803219 0 -0.595684
    outer loop
      vertex 1.87081 16.8878 87.25
      vertex 1.75 10.3425 87.4129
      vertex 1.75 16.9057 87.4129
    endloop
  endfacet
  facet normal -0.803219 0 -0.595684
    outer loop
      vertex 1.75 10.3425 87.4129
      vertex 1.87081 16.8878 87.25
      vertex 1.87081 10.3246 87.25
    endloop
  endfacet
  facet normal -0.970036 0 0.242962
    outer loop
      vertex 2.15312 -10.272 85.3469
      vertex 2.20677 -16.838 85.5611
      vertex 2.20677 -10.2586 85.5611
    endloop
  endfacet
  facet normal -0.970036 0 0.242962
    outer loop
      vertex 2.20677 -16.838 85.5611
      vertex 2.15312 -10.272 85.3469
      vertex 2.15312 -16.8459 85.3469
    endloop
  endfacet
  facet normal -0.970036 0 0.242962
    outer loop
      vertex 2.15312 10.272 85.3469
      vertex 2.20677 16.838 85.5611
      vertex 2.15312 16.8459 85.3469
    endloop
  endfacet
  facet normal -0.970036 0 0.242962
    outer loop
      vertex 2.20677 16.838 85.5611
      vertex 2.15312 10.272 85.3469
      vertex 2.20677 10.2586 85.5611
    endloop
  endfacet
  facet normal 0.998796 0 -0.0490565
    outer loop
      vertex -2.23917 -10.2505 86.2205
      vertex -2.25 -16.8316 86
      vertex -2.25 -10.2478 86
    endloop
  endfacet
  facet normal 0.998796 0 -0.0490565
    outer loop
      vertex -2.25 -16.8316 86
      vertex -2.23917 -10.2505 86.2205
      vertex -2.23917 -16.8332 86.2205
    endloop
  endfacet
  facet normal 0.998796 0 -0.0490565
    outer loop
      vertex -2.23917 10.2505 86.2205
      vertex -2.25 16.8316 86
      vertex -2.23917 16.8332 86.2205
    endloop
  endfacet
  facet normal 0.998796 0 -0.0490565
    outer loop
      vertex -2.25 16.8316 86
      vertex -2.23917 10.2505 86.2205
      vertex -2.25 10.2478 86
    endloop
  endfacet
  facet normal 0.998796 -0 0.0490565
    outer loop
      vertex -2.25 -16.8316 86
      vertex -2.23917 -10.2505 85.7795
      vertex -2.25 -10.2478 86
    endloop
  endfacet
  facet normal 0.998796 0 0.0490565
    outer loop
      vertex -2.23917 -10.2505 85.7795
      vertex -2.25 -16.8316 86
      vertex -2.23917 -16.8332 85.7795
    endloop
  endfacet
  facet normal 0.998796 0 0.0490565
    outer loop
      vertex -2.25 16.8316 86
      vertex -2.23917 10.2505 85.7795
      vertex -2.23917 16.8332 85.7795
    endloop
  endfacet
  facet normal 0.998796 0 0.0490565
    outer loop
      vertex -2.23917 10.2505 85.7795
      vertex -2.25 16.8316 86
      vertex -2.25 10.2478 86
    endloop
  endfacet
  facet normal 0.803219 0 0.595684
    outer loop
      vertex -1.87081 16.8878 84.75
      vertex -1.75 10.3425 84.5871
      vertex -1.75 16.9057 84.5871
    endloop
  endfacet
  facet normal 0.803219 0 0.595684
    outer loop
      vertex -1.75 10.3425 84.5871
      vertex -1.87081 16.8878 84.75
      vertex -1.87081 10.3246 84.75
    endloop
  endfacet
  facet normal 0.803219 -0 0.595684
    outer loop
      vertex -1.87081 -16.8878 84.75
      vertex -1.75 -10.3425 84.5871
      vertex -1.87081 -10.3246 84.75
    endloop
  endfacet
  facet normal 0.803219 0 0.595684
    outer loop
      vertex -1.75 -10.3425 84.5871
      vertex -1.87081 -16.8878 84.75
      vertex -1.75 -16.9057 84.5871
    endloop
  endfacet
  facet normal -0.857753 0 0.514063
    outer loop
      vertex 1.87081 -10.3246 84.75
      vertex 1.98432 -16.871 84.9394
      vertex 1.98432 -10.3078 84.9394
    endloop
  endfacet
  facet normal -0.857753 0 0.514063
    outer loop
      vertex 1.98432 -16.871 84.9394
      vertex 1.87081 -10.3246 84.75
      vertex 1.87081 -16.8878 84.75
    endloop
  endfacet
  facet normal -0.857753 0 0.514063
    outer loop
      vertex 1.87081 10.3246 84.75
      vertex 1.98432 16.871 84.9394
      vertex 1.87081 16.8878 84.75
    endloop
  endfacet
  facet normal -0.857753 0 0.514063
    outer loop
      vertex 1.98432 16.871 84.9394
      vertex 1.87081 10.3246 84.75
      vertex 1.98432 10.3078 84.9394
    endloop
  endfacet
  facet normal 0.857753 0 -0.514063
    outer loop
      vertex -1.87081 -10.3246 87.25
      vertex -1.98432 -16.871 87.0606
      vertex -1.98432 -10.3078 87.0606
    endloop
  endfacet
  facet normal 0.857753 0 -0.514063
    outer loop
      vertex -1.98432 -16.871 87.0606
      vertex -1.87081 -10.3246 87.25
      vertex -1.87081 -16.8878 87.25
    endloop
  endfacet
  facet normal 0.857753 0 -0.514063
    outer loop
      vertex -1.87081 10.3246 87.25
      vertex -1.98432 16.871 87.0606
      vertex -1.87081 16.8878 87.25
    endloop
  endfacet
  facet normal 0.857753 0 -0.514063
    outer loop
      vertex -1.98432 16.871 87.0606
      vertex -1.87081 10.3246 87.25
      vertex -1.98432 10.3078 87.0606
    endloop
  endfacet
  facet normal 0.970036 -0 0.242962
    outer loop
      vertex -2.20677 -16.838 85.5611
      vertex -2.15312 -10.272 85.3469
      vertex -2.20677 -10.2586 85.5611
    endloop
  endfacet
  facet normal 0.970036 0 0.242962
    outer loop
      vertex -2.15312 -10.272 85.3469
      vertex -2.20677 -16.838 85.5611
      vertex -2.15312 -16.8459 85.3469
    endloop
  endfacet
  facet normal 0.970036 0 0.242962
    outer loop
      vertex -2.20677 16.838 85.5611
      vertex -2.15312 10.272 85.3469
      vertex -2.15312 16.8459 85.3469
    endloop
  endfacet
  facet normal 0.970036 0 0.242962
    outer loop
      vertex -2.15312 10.272 85.3469
      vertex -2.20677 16.838 85.5611
      vertex -2.20677 10.2586 85.5611
    endloop
  endfacet
  facet normal 0.903978 0 -0.427578
    outer loop
      vertex -1.98432 10.3078 87.0606
      vertex -2.07873 16.857 86.861
      vertex -1.98432 16.871 87.0606
    endloop
  endfacet
  facet normal 0.903878 -7.92046e-06 -0.427791
    outer loop
      vertex -2.04845 10.2982 86.9251
      vertex -2.07873 16.857 86.861
      vertex -1.98432 10.3078 87.0606
    endloop
  endfacet
  facet normal 0.904191 0 -0.427128
    outer loop
      vertex -2.07873 16.857 86.861
      vertex -2.04845 10.2982 86.9251
      vertex -2.07873 10.2907 86.861
    endloop
  endfacet
  facet normal 0.904191 0 -0.427128
    outer loop
      vertex -2.04845 -10.2982 86.9251
      vertex -2.07873 -16.857 86.861
      vertex -2.07873 -10.2907 86.861
    endloop
  endfacet
  facet normal 0.903878 7.92046e-06 -0.427791
    outer loop
      vertex -1.98432 -10.3078 87.0606
      vertex -2.07873 -16.857 86.861
      vertex -2.04845 -10.2982 86.9251
    endloop
  endfacet
  facet normal 0.903978 0 -0.427578
    outer loop
      vertex -2.07873 -16.857 86.861
      vertex -1.98432 -10.3078 87.0606
      vertex -1.98432 -16.871 87.0606
    endloop
  endfacet
endsolid OpenSCAD_Model
