solid OpenSCAD_Model
  facet normal -0.709115 0.642738 0.289904
    outer loop
      vertex -12.758 12.758 94.5194
      vertex -13.9471 11.4461 94.5194
      vertex -12.3834 12.3834 96.2662
    endloop
  endfacet
  facet normal -0.511635 -0.853606 0.0979083
    outer loop
      vertex -8.67308 -16.2262 92.7292
      vertex -10.3212 -15.4467 90.9127
      vertex -8.75742 -16.384 90.9127
    endloop
  endfacet
  facet normal 0.187906 0.750215 -0.633931
    outer loop
      vertex 4.00061 13.1883 77.509
      vertex 2.68867 13.5169 77.509
      vertex 4.33675 14.2964 78.92
    endloop
  endfacet
  facet normal 0.129432 -0.872613 -0.47095
    outer loop
      vertex 1.64808 -16.7332 82.0475
      vertex 1.56374 -15.8769 80.4377
      vertex 3.28029 -16.4911 82.0475
    endloop
  endfacet
  facet normal 0.88665 0.419366 0.194892
    outer loop
      vertex 16.2262 8.67308 92.7292
      vertex 15.9121 8.50521 94.5194
      vertex 16.9982 7.04087 92.7292
    endloop
  endfacet
  facet normal 0.742214 -0.550347 0.382409
    outer loop
      vertex 14.4773 -9.67343 96.51
      vertex 14.3352 -9.86507 96.51
      vertex 14.5613 -9.72955 96.2662
    endloop
  endfacet
  facet normal -0.232529 0.92836 0.289962
    outer loop
      vertex -3.51993 17.6959 94.5194
      vertex -5.23748 17.2657 94.5194
      vertex -3.41656 17.1762 96.2662
    endloop
  endfacet
  facet normal 0.853576 -0.511683 -0.0979259
    outer loop
      vertex 15.5573 -10.1367 89.0873
      vertex 15.4467 -10.3212 89.0873
      vertex 15.539 -10.1261 88.8724
    endloop
  endfacet
  facet normal -0.965361 0.241856 -0.0978967
    outer loop
      vertex -17.6064 5.34086 87.2708
      vertex -18.0452 3.5894 87.2708
      vertex -17.7776 5.39279 89.0873
    endloop
  endfacet
  facet normal 0.799359 0.592822 0.0979196
    outer loop
      vertex 15.4467 10.3212 90.9127
      vertex 14.2224 11.672 92.7292
      vertex 15.2979 10.2218 92.7292
    endloop
  endfacet
  facet normal -0.642738 0.709115 0.289904
    outer loop
      vertex -11.4461 13.9471 94.5194
      vertex -12.758 12.758 94.5194
      vertex -12.3834 12.3834 96.2662
    endloop
  endfacet
  facet normal 0.835326 0.395078 -0.382288
    outer loop
      vertex 16.1796 6.70183 83.7338
      vertex 14.8288 7.92616 82.0475
      vertex 15.4448 8.25544 83.7338
    endloop
  endfacet
  facet normal -0.0453187 -0.922929 0.382293
    outer loop
      vertex -1.71655 -17.4284 96.2662
      vertex -0.238312 -17.4 96.51
      vertex -1.70665 -17.3279 96.51
    endloop
  endfacet
  facet normal -0.0453245 -0.922915 0.382326
    outer loop
      vertex -0.238312 -17.4 96.51
      vertex -1.71655 -17.4284 96.2662
      vertex 0 -17.5127 96.2662
    endloop
  endfacet
  facet normal -0.70857 0.525494 -0.47094
    outer loop
      vertex -13.2651 8.86343 80.4377
      vertex -13.9805 9.34147 82.0475
      vertex -12.9976 10.6668 82.0475
    endloop
  endfacet
  facet normal 0.260581 -0.728169 -0.63393
    outer loop
      vertex 4.33675 -14.2964 78.92
      vertex 4.00061 -13.1883 77.509
      vertex 5.27402 -12.7326 77.509
    endloop
  endfacet
  facet normal -0.706674 0.034747 -0.706685
    outer loop
      vertex -12.491 0 76.2183
      vertex -13.7153 1.35084 77.509
      vertex -12.4308 1.22433 76.2183
    endloop
  endfacet
  facet normal 0.511645 0.853599 -0.0979207
    outer loop
      vertex 10.2218 15.2979 87.2708
      vertex 8.67308 16.2262 87.2708
      vertex 10.3212 15.4467 89.0873
    endloop
  endfacet
  facet normal 0.709115 -0.642738 0.289904
    outer loop
      vertex 13.9471 -11.4461 94.5194
      vertex 12.3834 -12.3834 96.2662
      vertex 12.758 -12.758 94.5194
    endloop
  endfacet
  facet normal -0.998794 0.0490917 0
    outer loop
      vertex -18.5776 0 89.0873
      vertex -18.4881 1.82092 90.9127
      vertex -18.4881 1.82092 89.0873
    endloop
  endfacet
  facet normal -0.998794 0.0490917 0
    outer loop
      vertex -18.4881 1.82092 90.9127
      vertex -18.5776 0 89.0873
      vertex -18.5776 0 90.9127
    endloop
  endfacet
  facet normal -0.550436 -0.742201 -0.382306
    outer loop
      vertex -9.72955 -14.5613 83.7338
      vertex -10.6668 -12.9976 82.0475
      vertex -9.34147 -13.9805 82.0475
    endloop
  endfacet
  facet normal 0.79244 -0.475297 -0.382272
    outer loop
      vertex 14.5842 -9.57491 83.5892
      vertex 13.9805 -9.34147 82.0475
      vertex 14.0318 -9.25594 82.0475
    endloop
  endfacet
  facet normal 0.792683 -0.474867 -0.382302
    outer loop
      vertex 13.9805 -9.34147 82.0475
      vertex 14.5842 -9.57491 83.5892
      vertex 14.5613 -9.72955 83.7338
    endloop
  endfacet
  facet normal -0.993997 -0.0488559 0.0978949
    outer loop
      vertex -18.3987 0 92.7292
      vertex -18.5776 0 90.9127
      vertex -18.4881 -1.82092 90.9127
    endloop
  endfacet
  facet normal 0.475151 0.524248 -0.706679
    outer loop
      vertex 8.83247 8.83247 76.2183
      vertex 8.74301 10.6534 77.509
      vertex 9.74513 9.74513 77.509
    endloop
  endfacet
  facet normal 0.857727 0.514105 0
    outer loop
      vertex 16.384 8.75742 90.9127
      vertex 15.4467 10.3212 89.0873
      vertex 15.4467 10.3212 90.9127
    endloop
  endfacet
  facet normal 0.857727 0.514105 0
    outer loop
      vertex 15.4467 10.3212 89.0873
      vertex 16.384 8.75742 90.9127
      vertex 16.384 8.75742 89.0873
    endloop
  endfacet
  facet normal 0.937033 0.335236 -0.0979054
    outer loop
      vertex 17.6064 5.34086 87.2708
      vertex 16.9982 7.04087 87.2708
      vertex 17.1635 7.10934 89.0873
    endloop
  endfacet
  facet normal 0.658704 -0.726729 -0.194868
    outer loop
      vertex 13.0098 -13.0098 87.2708
      vertex 11.4461 -13.9471 85.4806
      vertex 12.758 -12.758 85.4806
    endloop
  endfacet
  facet normal 0.326382 -0.544532 -0.772632
    outer loop
      vertex 5.88821 -11.0161 76.2183
      vertex 5.22308 -9.77169 75.0603
      vertex 6.93963 -10.3859 76.2183
    endloop
  endfacet
  facet normal -0.946684 0.140426 -0.289947
    outer loop
      vertex -17.4284 1.71655 83.7338
      vertex -17.9557 1.76848 85.4806
      vertex -17.6959 3.51993 85.4806
    endloop
  endfacet
  facet normal 0.504217 0.841298 0.194891
    outer loop
      vertex 8.67308 16.2262 92.7292
      vertex 8.50521 15.9121 94.5194
      vertex 10.0239 15.0019 94.5194
    endloop
  endfacet
  facet normal 0.737367 0.66836 -0.0979008
    outer loop
      vertex 14.2224 11.672 87.2708
      vertex 13.0098 13.0098 87.2708
      vertex 14.3607 11.7855 89.0873
    endloop
  endfacet
  facet normal -0.955882 -0.0469704 0.289971
    outer loop
      vertex -17.5127 0 96.2662
      vertex -18.0426 0 94.5194
      vertex -17.9557 -1.76848 94.5194
    endloop
  endfacet
  facet normal -0.122035 0.82278 -0.555103
    outer loop
      vertex -1.46434 14.8677 78.92
      vertex -2.91458 14.6526 78.92
      vertex -1.56374 15.8769 80.4377
    endloop
  endfacet
  facet normal -0.835396 0.395081 0.382133
    outer loop
      vertex -15.4448 8.25544 96.2662
      vertex -15.9843 6.87886 96.51
      vertex -15.3558 8.20782 96.51
    endloop
  endfacet
  facet normal -0.83533 0.39508 0.382276
    outer loop
      vertex -15.9843 6.87886 96.51
      vertex -15.4448 8.25544 96.2662
      vertex -16.1796 6.70183 96.2662
    endloop
  endfacet
  facet normal -0.330396 -0.923506 0.19487
    outer loop
      vertex -6.9046 -16.6692 94.5194
      vertex -7.04087 -16.9982 92.7292
      vertex -5.34086 -17.6064 92.7292
    endloop
  endfacet
  facet normal 0.570103 -0.768704 0.289959
    outer loop
      vertex 11.11 -13.5375 96.2662
      vertex 9.72955 -14.5613 96.2662
      vertex 10.0239 -15.0019 94.5194
    endloop
  endfacet
  facet normal -0.135575 -0.914028 -0.382325
    outer loop
      vertex -1.71655 -17.4284 83.7338
      vertex -3.28029 -16.4911 82.0475
      vertex -1.64808 -16.7332 82.0475
    endloop
  endfacet
  facet normal 0.0488349 -0.994 -0.097874
    outer loop
      vertex 1.82092 -18.4881 89.0873
      vertex 0 -18.3987 87.2708
      vertex 1.80339 -18.3101 87.2708
    endloop
  endfacet
  facet normal 0.0481382 -0.979648 -0.194868
    outer loop
      vertex 1.76848 -17.9557 85.4806
      vertex 0 -18.3987 87.2708
      vertex 0 -18.0426 85.4806
    endloop
  endfacet
  facet normal 0.60687 0.363737 -0.706685
    outer loop
      vertex 12.1544 6.49664 77.509
      vertex 10.3859 6.93963 76.2183
      vertex 11.4591 7.6567 77.509
    endloop
  endfacet
  facet normal 0.970212 -0.143901 0.19489
    outer loop
      vertex 18.3101 -1.80339 92.7292
      vertex 17.6959 -3.51993 94.5194
      vertex 18.0452 -3.5894 92.7292
    endloop
  endfacet
  facet normal 0.634119 -0.0311795 -0.772607
    outer loop
      vertex 12.4308 -1.22433 76.2183
      vertex 11.0267 -1.08603 75.0603
      vertex 12.491 0 76.2183
    endloop
  endfacet
  facet normal 0.63961 -0.302526 -0.706666
    outer loop
      vertex 11.7462 -5.62697 76.7673
      vertex 11.5402 -4.7801 76.2183
      vertex 12.7326 -5.27402 77.509
    endloop
  endfacet
  facet normal 0.639558 -0.30256 -0.706699
    outer loop
      vertex 11.5402 -4.7801 76.2183
      vertex 11.7462 -5.62697 76.7673
      vertex 11.2697 -5.35189 76.2183
    endloop
  endfacet
  facet normal -0.713438 0.427602 -0.555123
    outer loop
      vertex -13.1756 7.04251 78.92
      vertex -14.07 7.52055 80.4377
      vertex -12.4219 8.30003 78.92
    endloop
  endfacet
  facet normal 0.0346465 0.706682 -0.706683
    outer loop
      vertex 1.22433 12.4308 76.2183
      vertex 1 13.3973 77.1738
      vertex 1.35084 13.7153 77.509
    endloop
  endfacet
  facet normal 0.0349686 0.706711 -0.706637
    outer loop
      vertex 1 13.3973 77.1738
      vertex 1.22433 12.4308 76.2183
      vertex 1 12.4419 76.2183
    endloop
  endfacet
  facet normal -0.792589 0.475034 -0.382289
    outer loop
      vertex -14.8288 7.92616 82.0475
      vertex -15.4448 8.25544 83.7338
      vertex -14.5613 9.72955 83.7338
    endloop
  endfacet
  facet normal -0.475151 0.524248 -0.706679
    outer loop
      vertex -8.83247 8.83247 76.2183
      vertex -9.74513 9.74513 77.509
      vertex -8.74301 10.6534 77.509
    endloop
  endfacet
  facet normal 0.965361 0.241856 0.0978967
    outer loop
      vertex 17.7776 5.39279 90.9127
      vertex 17.6064 5.34086 92.7292
      vertex 18.0452 3.5894 92.7292
    endloop
  endfacet
  facet normal 0.684645 -0.620473 0.382457
    outer loop
      vertex 12.4722 -12.1352 96.51
      vertex 13.5375 -11.11 96.2662
      vertex 13.4594 -11.0459 96.51
    endloop
  endfacet
  facet normal 0.684665 -0.620522 0.382343
    outer loop
      vertex 13.5375 -11.11 96.2662
      vertex 12.4722 -12.1352 96.51
      vertex 12.3834 -12.3834 96.2662
    endloop
  endfacet
  facet normal -0.143916 -0.970212 0.194876
    outer loop
      vertex -1.76848 -17.9557 94.5194
      vertex -3.51993 -17.6959 94.5194
      vertex -1.80339 -18.3101 92.7292
    endloop
  endfacet
  facet normal -0.146726 0.989177 0
    outer loop
      vertex -1.82092 18.4881 89.0873
      vertex -3.62431 18.2206 90.9127
      vertex -1.82092 18.4881 90.9127
    endloop
  endfacet
  facet normal -0.146726 0.989177 0
    outer loop
      vertex -3.62431 18.2206 90.9127
      vertex -1.82092 18.4881 89.0873
      vertex -3.62431 18.2206 89.0873
    endloop
  endfacet
  facet normal 0.330431 0.923501 0.194837
    outer loop
      vertex 5.34086 17.6064 92.7292
      vertex 5.23748 17.2657 94.5194
      vertex 6.9046 16.6692 94.5194
    endloop
  endfacet
  facet normal 0.955891 0.0469439 0.289947
    outer loop
      vertex 17.9557 1.76848 94.5194
      vertex 17.4284 1.71655 96.2662
      vertex 17.5127 0 96.2662
    endloop
  endfacet
  facet normal -0.187345 0.523493 -0.831178
    outer loop
      vertex -3.21636 10.6029 75.0603
      vertex -3.04799 10.0479 74.6728
      vertex -3.38565 9.92706 74.6728
    endloop
  endfacet
  facet normal 0.98443 0.14601 -0.097874
    outer loop
      vertex 18.3101 1.80339 87.2708
      vertex 18.0452 3.5894 87.2708
      vertex 18.4881 1.82092 89.0873
    endloop
  endfacet
  facet normal 0.699174 -0.330591 -0.633929
    outer loop
      vertex 13.8024 -5.71716 78.92
      vertex 13.0028 -6.35244 78.3694
      vertex 12.7326 -5.27402 77.509
    endloop
  endfacet
  facet normal 0.699189 -0.330652 -0.633881
    outer loop
      vertex 13.0028 -6.35244 78.3694
      vertex 13.8024 -5.71716 78.92
      vertex 13.3949 -6.57885 78.92
    endloop
  endfacet
  facet normal 0.666199 0.238332 -0.706666
    outer loop
      vertex 11.9531 3.62594 76.2183
      vertex 11.5402 4.7801 76.2183
      vertex 12.7326 5.27402 77.509
    endloop
  endfacet
  facet normal 0.49199 0.820898 0.289953
    outer loop
      vertex 8.50521 15.9121 94.5194
      vertex 8.25544 15.4448 96.2662
      vertex 10.0239 15.0019 94.5194
    endloop
  endfacet
  facet normal 0.742201 0.550436 -0.382306
    outer loop
      vertex 13.9805 9.34147 82.0475
      vertex 12.9976 10.6668 82.0475
      vertex 14.5613 9.72955 83.7338
    endloop
  endfacet
  facet normal 0.504217 0.841298 -0.194891
    outer loop
      vertex 10.0239 15.0019 85.4806
      vertex 8.50521 15.9121 85.4806
      vertex 8.67308 16.2262 87.2708
    endloop
  endfacet
  facet normal 0.425511 0.899642 0.0979056
    outer loop
      vertex 7.10934 17.1635 90.9127
      vertex 7.04087 16.9982 92.7292
      vertex 8.67308 16.2262 92.7292
    endloop
  endfacet
  facet normal 0.238363 0.951421 -0.194889
    outer loop
      vertex 5.34086 17.6064 87.2708
      vertex 3.51993 17.6959 85.4806
      vertex 3.5894 18.0452 87.2708
    endloop
  endfacet
  facet normal -0.143916 0.970212 0.194876
    outer loop
      vertex -1.80339 18.3101 92.7292
      vertex -3.51993 17.6959 94.5194
      vertex -1.76848 17.9557 94.5194
    endloop
  endfacet
  facet normal -0.922911 -0.0453106 0.382338
    outer loop
      vertex -17.4117 0 96.51
      vertex -17.5127 0 96.2662
      vertex -17.4 -0.238312 96.51
    endloop
  endfacet
  facet normal -0.886644 0.419389 0.19487
    outer loop
      vertex -15.9121 8.50521 94.5194
      vertex -16.9982 7.04087 92.7292
      vertex -16.6692 6.9046 94.5194
    endloop
  endfacet
  facet normal -0.869995 -0.311362 0.382312
    outer loop
      vertex -16.1667 -6.43852 96.51
      vertex -16.1796 -6.70183 96.2662
      vertex -16.0863 -6.66317 96.51
    endloop
  endfacet
  facet normal -0.865146 -0.409189 0.289978
    outer loop
      vertex -15.7382 -7.93176 95.8476
      vertex -16.6692 -6.9046 94.5194
      vertex -16.0879 -8.13364 94.5194
    endloop
  endfacet
  facet normal -0.922911 0.0453106 0.382338
    outer loop
      vertex -17.4 0.238312 96.51
      vertex -17.5127 0 96.2662
      vertex -17.4117 0 96.51
    endloop
  endfacet
  facet normal -0.993997 0.0488559 -0.0978949
    outer loop
      vertex -18.3987 0 87.2708
      vertex -18.5776 0 89.0873
      vertex -18.4881 1.82092 89.0873
    endloop
  endfacet
  facet normal -0.668074 -0.495459 -0.555155
    outer loop
      vertex -11.5485 -9.47762 78.92
      vertex -12.713 -8.49455 79.444
      vertex -12.4081 -8.31854 78.92
    endloop
  endfacet
  facet normal -0.668082 -0.495487 -0.555121
    outer loop
      vertex -12.713 -8.49455 79.444
      vertex -11.5485 -9.47762 78.92
      vertex -13.2651 -8.86343 80.4377
    endloop
  endfacet
  facet normal -0.122035 -0.82278 -0.555103
    outer loop
      vertex -1.56374 -15.8769 80.4377
      vertex -2.91458 -14.6526 78.92
      vertex -1.46434 -14.8677 78.92
    endloop
  endfacet
  facet normal -0.989177 -0.146726 0
    outer loop
      vertex -18.2206 -3.62431 89.0873
      vertex -18.4881 -1.82092 90.9127
      vertex -18.4881 -1.82092 89.0873
    endloop
  endfacet
  facet normal -0.989177 -0.146726 0
    outer loop
      vertex -18.4881 -1.82092 90.9127
      vertex -18.2206 -3.62431 89.0873
      vertex -18.2206 -3.62431 90.9127
    endloop
  endfacet
  facet normal -0.740922 -0.671591 0
    outer loop
      vertex -13.1363 -13.1363 89.0873
      vertex -14.3607 -11.7855 90.9127
      vertex -14.3607 -11.7855 89.0873
    endloop
  endfacet
  facet normal -0.740922 -0.671591 0
    outer loop
      vertex -14.3607 -11.7855 90.9127
      vertex -13.1363 -13.1363 89.0873
      vertex -13.1363 -13.1363 90.9127
    endloop
  endfacet
  facet normal -0.742186 -0.550437 0.382334
    outer loop
      vertex -13.5375 -11.11 96.2662
      vertex -14.3352 -9.86507 96.51
      vertex -14.5613 -9.72955 96.2662
    endloop
  endfacet
  facet normal -0.742132 -0.550425 0.382456
    outer loop
      vertex -14.3352 -9.86507 96.51
      vertex -13.5375 -11.11 96.2662
      vertex -13.4594 -11.0459 96.51
    endloop
  endfacet
  facet normal -0.928351 0.232546 -0.289979
    outer loop
      vertex -17.1762 3.41656 83.7338
      vertex -17.2657 5.23748 85.4806
      vertex -16.7586 5.08367 83.7338
    endloop
  endfacet
  facet normal -0.668081 0.495494 -0.555116
    outer loop
      vertex -11.5485 9.47762 78.92
      vertex -13.2651 8.86343 80.4377
      vertex -12.3324 10.121 80.4377
    endloop
  endfacet
  facet normal 0.322412 -0.901088 -0.289986
    outer loop
      vertex 6.9046 -16.6692 85.4806
      vertex 5.23748 -17.2657 85.4806
      vertex 6.70183 -16.1796 83.7338
    endloop
  endfacet
  facet normal 0.979646 -0.0481297 -0.194876
    outer loop
      vertex 18.3101 -1.80339 87.2708
      vertex 17.9557 -1.76848 85.4806
      vertex 18.3987 0 87.2708
    endloop
  endfacet
  facet normal -0.0481382 -0.979648 -0.194868
    outer loop
      vertex 0 -18.3987 87.2708
      vertex -1.76848 -17.9557 85.4806
      vertex 0 -18.0426 85.4806
    endloop
  endfacet
  facet normal 0.495494 -0.668081 -0.555116
    outer loop
      vertex 10.121 -12.3324 80.4377
      vertex 8.86343 -13.2651 80.4377
      vertex 9.47762 -11.5485 78.92
    endloop
  endfacet
  facet normal 0.39508 -0.83533 0.382276
    outer loop
      vertex 8.25544 -15.4448 96.2662
      vertex 6.87886 -15.9843 96.51
      vertex 6.70183 -16.1796 96.2662
    endloop
  endfacet
  facet normal 0.395081 -0.835396 0.382133
    outer loop
      vertex 6.87886 -15.9843 96.51
      vertex 8.25544 -15.4448 96.2662
      vertex 8.20782 -15.3558 96.51
    endloop
  endfacet
  facet normal 0.550436 -0.742201 -0.382306
    outer loop
      vertex 9.72955 -14.5613 83.7338
      vertex 9.34147 -13.9805 82.0475
      vertex 10.6668 -12.9976 82.0475
    endloop
  endfacet
  facet normal -0.378191 0.509916 -0.77263
    outer loop
      vertex -6.15572 9.21269 75.0603
      vertex -7.9242 9.65567 76.2183
      vertex -6.93963 10.3859 76.2183
    endloop
  endfacet
  facet normal 0.302517 -0.639614 -0.706667
    outer loop
      vertex 5.27402 -12.7326 77.509
      vertex 4.7801 -11.5402 76.2183
      vertex 5.88821 -11.0161 76.2183
    endloop
  endfacet
  facet normal 0.750219 -0.187902 -0.633928
    outer loop
      vertex 14.2964 -4.33675 78.92
      vertex 13.5169 -2.68867 77.509
      vertex 14.6526 -2.91458 78.92
    endloop
  endfacet
  facet normal 0.855726 -0.214331 -0.470952
    outer loop
      vertex 16.0902 -4.8809 82.0475
      vertex 15.2668 -4.63113 80.4377
      vertex 16.4911 -3.28029 82.0475
    endloop
  endfacet
  facet normal 0.951445 -0.238311 -0.194835
    outer loop
      vertex 17.6064 -5.34086 87.2708
      vertex 17.2657 -5.23748 85.4806
      vertex 17.6959 -3.51993 85.4806
    endloop
  endfacet
  facet normal -0.737363 -0.668365 -0.0978941
    outer loop
      vertex -13.1363 -13.1363 89.0873
      vertex -14.3607 -11.7855 89.0873
      vertex -13.0098 -13.0098 87.2708
    endloop
  endfacet
  facet normal -0.806856 0.202098 -0.555104
    outer loop
      vertex -14.6526 2.91458 78.92
      vertex -15.6472 3.11242 80.4377
      vertex -15.2668 4.63113 80.4377
    endloop
  endfacet
  facet normal -0.751928 0.355611 -0.555108
    outer loop
      vertex -13.8024 5.71716 78.92
      vertex -14.7393 6.10524 80.4377
      vertex -13.1756 7.04251 78.92
    endloop
  endfacet
  facet normal -0.426344 0.470403 -0.772627
    outer loop
      vertex -7.02908 8.56496 75.0603
      vertex -8.83247 8.83247 76.2183
      vertex -7.9242 9.65567 76.2183
    endloop
  endfacet
  facet normal -0.558598 0.616285 -0.555122
    outer loop
      vertex -10.5639 10.5639 78.92
      vertex -11.281 11.281 80.4377
      vertex -9.47762 11.5485 78.92
    endloop
  endfacet
  facet normal -0.373374 0.411957 -0.831194
    outer loop
      vertex -7.83475 7.83475 75.0603
      vertex -6.92685 7.87577 74.6728
      vertex -7.42462 7.42462 74.6728
    endloop
  endfacet
  facet normal -0.373374 0.411958 -0.831193
    outer loop
      vertex -6.92685 7.87577 74.6728
      vertex -7.83475 7.83475 75.0603
      vertex -7.02908 8.56496 75.0603
    endloop
  endfacet
  facet normal 0.187902 0.750219 -0.633928
    outer loop
      vertex 4.33675 14.2964 78.92
      vertex 2.68867 13.5169 77.509
      vertex 2.91458 14.6526 78.92
    endloop
  endfacet
  facet normal -0.0481656 0.979639 -0.194902
    outer loop
      vertex -1 18.1482 86.2585
      vertex -1.80339 18.3101 87.2708
      vertex -1 18.3496 87.2708
    endloop
  endfacet
  facet normal -0.0481313 0.979646 -0.194876
    outer loop
      vertex -1.80339 18.3101 87.2708
      vertex -1 18.1482 86.2585
      vertex -1.76848 17.9557 85.4806
    endloop
  endfacet
  facet normal -0.525494 0.70857 -0.47094
    outer loop
      vertex -8.86343 13.2651 80.4377
      vertex -10.6668 12.9976 82.0475
      vertex -9.34147 13.9805 82.0475
    endloop
  endfacet
  facet normal 0.409218 -0.86514 0.289953
    outer loop
      vertex 8.25544 -15.4448 96.2662
      vertex 6.9046 -16.6692 94.5194
      vertex 8.50521 -15.9121 94.5194
    endloop
  endfacet
  facet normal 0.82111 -0.491826 -0.289632
    outer loop
      vertex 15.0944 -9.86947 85.4806
      vertex 15.0019 -10.0239 85.4806
      vertex 15.0474 -9.84229 85.3012
    endloop
  endfacet
  facet normal 0.66836 -0.737367 -0.0979008
    outer loop
      vertex 11.7855 -14.3607 89.0873
      vertex 11.672 -14.2224 87.2708
      vertex 13.0098 -13.0098 87.2708
    endloop
  endfacet
  facet normal 0.765017 0.113467 -0.633936
    outer loop
      vertex 14.8677 1.46434 78.92
      vertex 13.7153 1.35084 77.509
      vertex 14.6526 2.91458 78.92
    endloop
  endfacet
  facet normal 0.620473 -0.684645 0.382457
    outer loop
      vertex 11.11 -13.5375 96.2662
      vertex 12.1352 -12.4722 96.51
      vertex 11.0459 -13.4594 96.51
    endloop
  endfacet
  facet normal 0.620522 -0.684665 0.382343
    outer loop
      vertex 12.1352 -12.4722 96.51
      vertex 11.11 -13.5375 96.2662
      vertex 12.3834 -12.3834 96.2662
    endloop
  endfacet
  facet normal 0.0453106 -0.922911 0.382338
    outer loop
      vertex 0 -17.4117 96.51
      vertex 0 -17.5127 96.2662
      vertex 0.238312 -17.4 96.51
    endloop
  endfacet
  facet normal 0.65871 0.726721 0.194877
    outer loop
      vertex 11.672 14.2224 92.7292
      vertex 11.4461 13.9471 94.5194
      vertex 13.0098 13.0098 92.7292
    endloop
  endfacet
  facet normal 0.395078 0.835326 -0.382288
    outer loop
      vertex 7.92616 14.8288 82.0475
      vertex 6.70183 16.1796 83.7338
      vertex 8.25544 15.4448 83.7338
    endloop
  endfacet
  facet normal 0.835335 0.395031 0.382316
    outer loop
      vertex 16.1796 6.70183 96.2662
      vertex 15.9843 6.87886 96.51
      vertex 16.0863 6.66317 96.51
    endloop
  endfacet
  facet normal 0.922926 0.0453601 -0.382295
    outer loop
      vertex 16.8142 0 82.0475
      vertex 16.7332 1.64808 82.0475
      vertex 17.5127 0 83.7338
    endloop
  endfacet
  facet normal 0.965361 -0.241856 -0.0978967
    outer loop
      vertex 17.7776 -5.39279 89.0873
      vertex 17.6064 -5.34086 87.2708
      vertex 18.0452 -3.5894 87.2708
    endloop
  endfacet
  facet normal 0.923506 0.330396 -0.19487
    outer loop
      vertex 17.6064 5.34086 87.2708
      vertex 16.6692 6.9046 85.4806
      vertex 16.9982 7.04087 87.2708
    endloop
  endfacet
  facet normal 0.806856 0.202098 -0.555104
    outer loop
      vertex 15.6472 3.11242 80.4377
      vertex 14.6526 2.91458 78.92
      vertex 15.2668 4.63113 80.4377
    endloop
  endfacet
  facet normal 0.855727 0.214339 -0.470946
    outer loop
      vertex 15.6472 3.11242 80.4377
      vertex 15.2668 4.63113 80.4377
      vertex 16.4911 3.28029 82.0475
    endloop
  endfacet
  facet normal 0.699147 0.330649 -0.633928
    outer loop
      vertex 13.8024 5.71716 78.92
      vertex 12.7326 5.27402 77.509
      vertex 13.1756 7.04251 78.92
    endloop
  endfacet
  facet normal 0.70857 0.525494 -0.47094
    outer loop
      vertex 13.2651 8.86343 80.4377
      vertex 12.9976 10.6668 82.0475
      vertex 13.9805 9.34147 82.0475
    endloop
  endfacet
  facet normal 0.984429 0.146022 0.0978621
    outer loop
      vertex 18.2206 3.62431 90.9127
      vertex 18.0452 3.5894 92.7292
      vertex 18.4881 1.82092 90.9127
    endloop
  endfacet
  facet normal 0.768698 0.570119 0.289945
    outer loop
      vertex 13.9471 11.4461 94.5194
      vertex 13.5375 11.11 96.2662
      vertex 15.0019 10.0239 94.5194
    endloop
  endfacet
  facet normal 0.792589 0.475034 -0.382289
    outer loop
      vertex 14.8288 7.92616 82.0475
      vertex 14.5613 9.72955 83.7338
      vertex 15.4448 8.25544 83.7338
    endloop
  endfacet
  facet normal 0.49199 0.820898 -0.289953
    outer loop
      vertex 10.0239 15.0019 85.4806
      vertex 8.25544 15.4448 83.7338
      vertex 8.50521 15.9121 85.4806
    endloop
  endfacet
  facet normal 0.491997 0.820891 -0.289961
    outer loop
      vertex 9.72955 14.5613 83.7338
      vertex 8.25544 15.4448 83.7338
      vertex 10.0239 15.0019 85.4806
    endloop
  endfacet
  facet normal 0.330396 0.923506 -0.19487
    outer loop
      vertex 6.9046 16.6692 85.4806
      vertex 5.34086 17.6064 87.2708
      vertex 7.04087 16.9982 87.2708
    endloop
  endfacet
  facet normal 0.0454277 0.922909 -0.38233
    outer loop
      vertex 1.64808 16.7332 82.0475
      vertex 1 16.7651 82.0475
      vertex 1 17.0398 82.7106
    endloop
  endfacet
  facet normal -0.322412 0.901088 -0.289986
    outer loop
      vertex -6.70183 16.1796 83.7338
      vertex -6.9046 16.6692 85.4806
      vertex -5.23748 17.2657 85.4806
    endloop
  endfacet
  facet normal -0.853606 0.511635 0.0979083
    outer loop
      vertex -15.4467 10.3212 90.9127
      vertex -16.384 8.75742 90.9127
      vertex -16.2262 8.67308 92.7292
    endloop
  endfacet
  facet normal -0.94156 0.336845 0
    outer loop
      vertex -17.7776 5.39279 89.0873
      vertex -17.1635 7.10934 90.9127
      vertex -17.1635 7.10934 89.0873
    endloop
  endfacet
  facet normal -0.94156 0.336845 0
    outer loop
      vertex -17.1635 7.10934 90.9127
      vertex -17.7776 5.39279 89.0873
      vertex -17.7776 5.39279 90.9127
    endloop
  endfacet
  facet normal -0.914044 0.135552 0.382294
    outer loop
      vertex -17.2929 1.94266 96.51
      vertex -17.4284 1.71655 96.2662
      vertex -17.3279 1.70665 96.51
    endloop
  endfacet
  facet normal -0.914101 0.135588 0.382146
    outer loop
      vertex -17.1762 3.41656 96.2662
      vertex -17.2929 1.94266 96.51
      vertex -17.0772 3.39686 96.51
    endloop
  endfacet
  facet normal -0.914054 0.135602 0.382253
    outer loop
      vertex -17.2929 1.94266 96.51
      vertex -17.1762 3.41656 96.2662
      vertex -17.4284 1.71655 96.2662
    endloop
  endfacet
  facet normal -0.841298 0.504217 0.194891
    outer loop
      vertex -15.0019 10.0239 94.5194
      vertex -16.2262 8.67308 92.7292
      vertex -15.9121 8.50521 94.5194
    endloop
  endfacet
  facet normal -0.965373 0.241824 0.0978631
    outer loop
      vertex -17.7776 5.39279 90.9127
      vertex -18.2206 3.62431 90.9127
      vertex -18.0452 3.5894 92.7292
    endloop
  endfacet
  facet normal -0.113453 0.765026 -0.633927
    outer loop
      vertex -2.68867 13.5169 77.509
      vertex -2.91458 14.6526 78.92
      vertex -1.35084 13.7153 77.509
    endloop
  endfacet
  facet normal -0.280259 0.783141 -0.555108
    outer loop
      vertex -5.71716 13.8024 78.92
      vertex -6.10524 14.7393 80.4377
      vertex -4.33675 14.2964 78.92
    endloop
  endfacet
  facet normal -0.820891 0.491997 -0.289961
    outer loop
      vertex -14.5613 9.72955 83.7338
      vertex -15.4448 8.25544 83.7338
      vertex -15.0019 10.0239 85.4806
    endloop
  endfacet
  facet normal -0.994 0.0488349 0.097874
    outer loop
      vertex -18.3101 1.80339 92.7292
      vertex -18.4881 1.82092 90.9127
      vertex -18.3987 0 92.7292
    endloop
  endfacet
  facet normal -0.94156 -0.336845 0
    outer loop
      vertex -17.1635 -7.10934 89.0873
      vertex -17.7776 -5.39279 90.9127
      vertex -17.7776 -5.39279 89.0873
    endloop
  endfacet
  facet normal -0.94156 -0.336845 0
    outer loop
      vertex -17.7776 -5.39279 90.9127
      vertex -17.1635 -7.10934 89.0873
      vertex -17.1635 -7.10934 90.9127
    endloop
  endfacet
  facet normal -0.49199 -0.820898 -0.289953
    outer loop
      vertex -8.50521 -15.9121 85.4806
      vertex -10.0239 -15.0019 85.4806
      vertex -8.25544 -15.4448 83.7338
    endloop
  endfacet
  facet normal -0.742201 -0.550436 -0.382306
    outer loop
      vertex -12.9976 -10.6668 82.0475
      vertex -14.5613 -9.72955 83.7338
      vertex -13.9805 -9.34147 82.0475
    endloop
  endfacet
  facet normal -0.886647 -0.4194 0.194834
    outer loop
      vertex -16.1578 -8.174 94.1145
      vertex -16.9982 -7.04087 92.7292
      vertex -16.3969 -8.31207 92.7292
    endloop
  endfacet
  facet normal -0.787823 -0.584267 0.194851
    outer loop
      vertex -15.0019 -10.0239 94.5194
      vertex -15.2979 -10.2218 92.7292
      vertex -14.2224 -11.672 92.7292
    endloop
  endfacet
  facet normal 0.143916 -0.970212 0.194876
    outer loop
      vertex 3.51993 -17.6959 94.5194
      vertex 1.76848 -17.9557 94.5194
      vertex 1.80339 -18.3101 92.7292
    endloop
  endfacet
  facet normal 0.238311 -0.951445 0.194835
    outer loop
      vertex 5.23748 -17.2657 94.5194
      vertex 3.51993 -17.6959 94.5194
      vertex 5.34086 -17.6064 92.7292
    endloop
  endfacet
  facet normal -0.322412 -0.901088 -0.289986
    outer loop
      vertex -5.23748 -17.2657 85.4806
      vertex -6.9046 -16.6692 85.4806
      vertex -6.70183 -16.1796 83.7338
    endloop
  endfacet
  facet normal -0.135552 -0.914044 0.382294
    outer loop
      vertex -1.70665 -17.3279 96.51
      vertex -1.94266 -17.2929 96.51
      vertex -1.71655 -17.4284 96.2662
    endloop
  endfacet
  facet normal -0.511635 -0.853606 -0.0979083
    outer loop
      vertex -8.75742 -16.384 89.0873
      vertex -10.3212 -15.4467 89.0873
      vertex -8.67308 -16.2262 87.2708
    endloop
  endfacet
  facet normal -0.965373 -0.241824 0.0978631
    outer loop
      vertex -18.0452 -3.5894 92.7292
      vertex -18.2206 -3.62431 90.9127
      vertex -17.7776 -5.39279 90.9127
    endloop
  endfacet
  facet normal -0.914054 -0.135602 0.382253
    outer loop
      vertex -17.1762 -3.41656 96.2662
      vertex -17.2929 -1.94266 96.51
      vertex -17.4284 -1.71655 96.2662
    endloop
  endfacet
  facet normal -0.914101 -0.135588 0.382146
    outer loop
      vertex -17.2929 -1.94266 96.51
      vertex -17.1762 -3.41656 96.2662
      vertex -17.0772 -3.39686 96.51
    endloop
  endfacet
  facet normal -0.970212 0.143916 0.194876
    outer loop
      vertex -17.6959 3.51993 94.5194
      vertex -18.3101 1.80339 92.7292
      vertex -17.9557 1.76848 94.5194
    endloop
  endfacet
  facet normal -0.922929 0.0453187 0.382293
    outer loop
      vertex -17.4284 1.71655 96.2662
      vertex -17.4 0.238312 96.51
      vertex -17.3279 1.70665 96.51
    endloop
  endfacet
  facet normal -0.922915 0.0453245 0.382326
    outer loop
      vertex -17.4 0.238312 96.51
      vertex -17.4284 1.71655 96.2662
      vertex -17.5127 0 96.2662
    endloop
  endfacet
  facet normal -0.699875 0.10378 -0.706685
    outer loop
      vertex -12.4308 1.22433 76.2183
      vertex -13.7153 1.35084 77.509
      vertex -12.251 2.43687 76.2183
    endloop
  endfacet
  facet normal -0.237714 -0.502599 -0.831196
    outer loop
      vertex -4.24013 -10.2366 75.0603
      vertex -4.62547 -9.4135 74.6728
      vertex -4.01818 -9.70073 74.6728
    endloop
  endfacet
  facet normal -0.237717 -0.502599 -0.831195
    outer loop
      vertex -4.62547 -9.4135 74.6728
      vertex -4.24013 -10.2366 75.0603
      vertex -5.22308 -9.77169 75.0603
    endloop
  endfacet
  facet normal -0.330649 -0.699147 -0.633928
    outer loop
      vertex -5.71716 -13.8024 78.92
      vertex -7.04251 -13.1756 78.92
      vertex -5.27402 -12.7326 77.509
    endloop
  endfacet
  facet normal 0.1719 -0.686312 -0.706701
    outer loop
      vertex 4.00061 -13.1883 77.509
      vertex 2.68867 -13.5169 77.509
      vertex 3.62594 -11.9531 76.2183
    endloop
  endfacet
  facet normal 0.0481382 -0.979648 0.194868
    outer loop
      vertex 0 -18.0426 94.5194
      vertex 0 -18.3987 92.7292
      vertex 1.76848 -17.9557 94.5194
    endloop
  endfacet
  facet normal 0.143916 -0.970212 -0.194876
    outer loop
      vertex 1.80339 -18.3101 87.2708
      vertex 1.76848 -17.9557 85.4806
      vertex 3.51993 -17.6959 85.4806
    endloop
  endfacet
  facet normal 0.0453245 -0.922916 -0.382325
    outer loop
      vertex 1.71655 -17.4284 83.7338
      vertex 0 -17.5127 83.7338
      vertex 1.64808 -16.7332 82.0475
    endloop
  endfacet
  facet normal 0.355611 -0.751928 -0.555108
    outer loop
      vertex 6.10524 -14.7393 80.4377
      vertex 5.71716 -13.8024 78.92
      vertex 7.04251 -13.1756 78.92
    endloop
  endfacet
  facet normal 0.302485 -0.639613 -0.706681
    outer loop
      vertex 6.49664 -12.1544 77.509
      vertex 5.27402 -12.7326 77.509
      vertex 5.88821 -11.0161 76.2183
    endloop
  endfacet
  facet normal 0.378191 -0.509916 -0.77263
    outer loop
      vertex 6.93963 -10.3859 76.2183
      vertex 6.15572 -9.21269 75.0603
      vertex 7.9242 -9.65567 76.2183
    endloop
  endfacet
  facet normal 0.297193 -0.830591 -0.470952
    outer loop
      vertex 4.8809 -16.0902 82.0475
      vertex 4.63113 -15.2668 80.4377
      vertex 6.43452 -15.5343 82.0475
    endloop
  endfacet
  facet normal 0.397592 -0.663367 -0.633928
    outer loop
      vertex 8.30003 -12.4219 78.92
      vertex 7.04251 -13.1756 78.92
      vertex 7.6567 -11.4591 77.509
    endloop
  endfacet
  facet normal 0.425508 -0.899643 0.0979086
    outer loop
      vertex 8.67308 -16.2262 92.7292
      vertex 7.10934 -17.1635 90.9127
      vertex 8.75742 -16.384 90.9127
    endloop
  endfacet
  facet normal 0.713436 0.427622 -0.555111
    outer loop
      vertex 14.07 7.52055 80.4377
      vertex 12.4219 8.30003 78.92
      vertex 13.2651 8.86343 80.4377
    endloop
  endfacet
  facet normal 0.519378 0.573045 -0.633929
    outer loop
      vertex 9.74513 9.74513 77.509
      vertex 8.74301 10.6534 77.509
      vertex 9.47762 11.5485 78.92
    endloop
  endfacet
  facet normal 0.113467 0.765017 -0.633936
    outer loop
      vertex 2.91458 14.6526 78.92
      vertex 1.35084 13.7153 77.509
      vertex 1.46434 14.8677 78.92
    endloop
  endfacet
  facet normal 0.280246 0.783153 -0.555097
    outer loop
      vertex 6.10524 14.7393 80.4377
      vertex 4.33675 14.2964 78.92
      vertex 4.63113 15.2668 80.4377
    endloop
  endfacet
  facet normal -0.171946 -0.686322 -0.70668
    outer loop
      vertex -2.68867 -13.5169 77.509
      vertex -3.62594 -11.9531 76.2183
      vertex -2.43687 -12.251 76.2183
    endloop
  endfacet
  facet normal 0.751928 0.355611 -0.555108
    outer loop
      vertex 13.8024 5.71716 78.92
      vertex 13.1756 7.04251 78.92
      vertex 14.7393 6.10524 80.4377
    endloop
  endfacet
  facet normal 0.331199 -0.446575 -0.831191
    outer loop
      vertex 7.02908 -8.56496 75.0603
      vertex 6.37308 -8.33024 74.6728
      vertex 6.66113 -8.11661 74.6728
    endloop
  endfacet
  facet normal 0.803207 -0.5957 0
    outer loop
      vertex 14.3607 -11.7855 90.9127
      vertex 15.4467 -10.3212 89.0873
      vertex 15.4467 -10.3212 90.9127
    endloop
  endfacet
  facet normal 0.803207 -0.5957 0
    outer loop
      vertex 15.4467 -10.3212 89.0873
      vertex 14.3607 -11.7855 90.9127
      vertex 14.3607 -11.7855 89.0873
    endloop
  endfacet
  facet normal 0.592457 -0.653617 -0.470935
    outer loop
      vertex 11.8894 -11.8894 82.0475
      vertex 10.6668 -12.9976 82.0475
      vertex 11.281 -11.281 80.4377
    endloop
  endfacet
  facet normal -0.922916 0.0453245 -0.382325
    outer loop
      vertex -16.7332 1.64808 82.0475
      vertex -17.5127 0 83.7338
      vertex -17.4284 1.71655 83.7338
    endloop
  endfacet
  facet normal -0.708548 -0.525508 -0.470958
    outer loop
      vertex -12.9976 -10.6668 82.0475
      vertex -13.2651 -8.86343 80.4377
      vertex -12.3324 -10.121 80.4377
    endloop
  endfacet
  facet normal -0.311307 0.870026 -0.382286
    outer loop
      vertex -4.8809 16.0902 82.0475
      vertex -6.70183 16.1796 83.7338
      vertex -5.08367 16.7586 83.7338
    endloop
  endfacet
  facet normal -0.751929 0.355587 -0.555123
    outer loop
      vertex -13.1756 7.04251 78.92
      vertex -14.7393 6.10524 80.4377
      vertex -14.07 7.52055 80.4377
    endloop
  endfacet
  facet normal -0.684678 -0.620533 -0.382303
    outer loop
      vertex -12.3834 -12.3834 83.7338
      vertex -13.5375 -11.11 83.7338
      vertex -12.9976 -10.6668 82.0475
    endloop
  endfacet
  facet normal -0.970212 0.143916 -0.194876
    outer loop
      vertex -17.9557 1.76848 85.4806
      vertex -18.3101 1.80339 87.2708
      vertex -17.6959 3.51993 85.4806
    endloop
  endfacet
  facet normal -0.830571 0.297214 -0.470972
    outer loop
      vertex -15.2668 4.63113 80.4377
      vertex -15.5343 6.43452 82.0475
      vertex -14.7393 6.10524 80.4377
    endloop
  endfacet
  facet normal -0.615823 0.154283 -0.772631
    outer loop
      vertex -10.8671 2.1616 75.0603
      vertex -12.251 2.43687 76.2183
      vertex -11.9531 3.62594 76.2183
    endloop
  endfacet
  facet normal -0.797452 0.37717 -0.470971
    outer loop
      vertex -14.7393 6.10524 80.4377
      vertex -15.5343 6.43452 82.0475
      vertex -14.8288 7.92616 82.0475
    endloop
  endfacet
  facet normal -0.302485 0.639613 -0.706681
    outer loop
      vertex -5.88821 11.0161 76.2183
      vertex -6.49664 12.1544 77.509
      vertex -5.27402 12.7326 77.509
    endloop
  endfacet
  facet normal -0.202089 0.806863 -0.555097
    outer loop
      vertex -4.33675 14.2964 78.92
      vertex -4.63113 15.2668 80.4377
      vertex -2.91458 14.6526 78.92
    endloop
  endfacet
  facet normal -0.1719 0.686312 -0.706701
    outer loop
      vertex -3.62594 11.9531 76.2183
      vertex -4.00061 13.1883 77.509
      vertex -2.68867 13.5169 77.509
    endloop
  endfacet
  facet normal 0.280259 0.783141 -0.555108
    outer loop
      vertex 5.71716 13.8024 78.92
      vertex 4.33675 14.2964 78.92
      vertex 6.10524 14.7393 80.4377
    endloop
  endfacet
  facet normal -0.336845 0.94156 0
    outer loop
      vertex -5.39279 17.7776 89.0873
      vertex -7.10934 17.1635 90.9127
      vertex -5.39279 17.7776 90.9127
    endloop
  endfacet
  facet normal -0.336845 0.94156 0
    outer loop
      vertex -7.10934 17.1635 90.9127
      vertex -5.39279 17.7776 89.0873
      vertex -7.10934 17.1635 89.0873
    endloop
  endfacet
  facet normal 0.224528 0.896343 -0.382305
    outer loop
      vertex 5.08367 16.7586 83.7338
      vertex 3.28029 16.4911 82.0475
      vertex 3.41656 17.1762 83.7338
    endloop
  endfacet
  facet normal 0.146726 0.989177 -0
    outer loop
      vertex 3.62431 18.2206 89.0873
      vertex 1.82092 18.4881 90.9127
      vertex 3.62431 18.2206 90.9127
    endloop
  endfacet
  facet normal 0.146726 0.989177 0
    outer loop
      vertex 1.82092 18.4881 90.9127
      vertex 3.62431 18.2206 89.0873
      vertex 1.82092 18.4881 89.0873
    endloop
  endfacet
  facet normal 0.984429 0.146022 -0.0978621
    outer loop
      vertex 18.4881 1.82092 89.0873
      vertex 18.0452 3.5894 87.2708
      vertex 18.2206 3.62431 89.0873
    endloop
  endfacet
  facet normal 0.922929 -0.0453187 0.382293
    outer loop
      vertex 17.4284 -1.71655 96.2662
      vertex 17.4 -0.238312 96.51
      vertex 17.3279 -1.70665 96.51
    endloop
  endfacet
  facet normal 0.922915 -0.0453245 0.382326
    outer loop
      vertex 17.4 -0.238312 96.51
      vertex 17.4284 -1.71655 96.2662
      vertex 17.5127 0 96.2662
    endloop
  endfacet
  facet normal 0.914044 -0.135552 0.382294
    outer loop
      vertex 17.3279 -1.70665 96.51
      vertex 17.2929 -1.94266 96.51
      vertex 17.4284 -1.71655 96.2662
    endloop
  endfacet
  facet normal 0.993997 0.0488559 0.0978949
    outer loop
      vertex 18.4881 1.82092 90.9127
      vertex 18.3987 0 92.7292
      vertex 18.5776 0 90.9127
    endloop
  endfacet
  facet normal 0.419389 -0.886644 0.19487
    outer loop
      vertex 8.50521 -15.9121 94.5194
      vertex 6.9046 -16.6692 94.5194
      vertex 7.04087 -16.9982 92.7292
    endloop
  endfacet
  facet normal 0.24299 0.970029 -0
    outer loop
      vertex 5.39279 17.7776 89.0873
      vertex 3.62431 18.2206 90.9127
      vertex 5.39279 17.7776 90.9127
    endloop
  endfacet
  facet normal 0.24299 0.970029 0
    outer loop
      vertex 3.62431 18.2206 90.9127
      vertex 5.39279 17.7776 89.0873
      vertex 3.62431 18.2206 89.0873
    endloop
  endfacet
  facet normal 0.241824 0.965373 0.0978631
    outer loop
      vertex 3.62431 18.2206 90.9127
      vertex 3.5894 18.0452 92.7292
      vertex 5.39279 17.7776 90.9127
    endloop
  endfacet
  facet normal 0.584267 0.787823 -0.194851
    outer loop
      vertex 11.672 14.2224 87.2708
      vertex 10.0239 15.0019 85.4806
      vertex 10.2218 15.2979 87.2708
    endloop
  endfacet
  facet normal 0.335236 0.937033 0.0979054
    outer loop
      vertex 7.10934 17.1635 90.9127
      vertex 5.34086 17.6064 92.7292
      vertex 7.04087 16.9982 92.7292
    endloop
  endfacet
  facet normal 0.870026 -0.311307 -0.382286
    outer loop
      vertex 16.1796 -6.70183 83.7338
      vertex 16.0902 -4.8809 82.0475
      vertex 16.7586 -5.08367 83.7338
    endloop
  endfacet
  facet normal 0.523493 -0.187345 -0.831178
    outer loop
      vertex 10.6029 -3.21636 75.0603
      vertex 9.92706 -3.38565 74.6728
      vertex 10.0479 -3.04799 74.6728
    endloop
  endfacet
  facet normal 0.901088 0.322412 -0.289986
    outer loop
      vertex 17.2657 5.23748 85.4806
      vertex 16.1796 6.70183 83.7338
      vertex 16.6692 6.9046 85.4806
    endloop
  endfacet
  facet normal 0.94156 0.336845 0
    outer loop
      vertex 17.7776 5.39279 90.9127
      vertex 17.1635 7.10934 89.0873
      vertex 17.1635 7.10934 90.9127
    endloop
  endfacet
  facet normal 0.94156 0.336845 0
    outer loop
      vertex 17.1635 7.10934 89.0873
      vertex 17.7776 5.39279 90.9127
      vertex 17.7776 5.39279 89.0873
    endloop
  endfacet
  facet normal 0.841281 0.504263 0.194846
    outer loop
      vertex 15.2979 10.2218 92.7292
      vertex 15.0019 10.0239 94.5194
      vertex 16.2262 8.67308 92.7292
    endloop
  endfacet
  facet normal 0.903986 0.427562 0
    outer loop
      vertex 17.1635 7.10934 90.9127
      vertex 16.384 8.75742 89.0873
      vertex 16.384 8.75742 90.9127
    endloop
  endfacet
  facet normal 0.903986 0.427562 0
    outer loop
      vertex 16.384 8.75742 89.0873
      vertex 17.1635 7.10934 90.9127
      vertex 17.1635 7.10934 89.0873
    endloop
  endfacet
  facet normal 0.896297 0.224516 0.382419
    outer loop
      vertex 16.7199 4.8229 96.51
      vertex 17.1762 3.41656 96.2662
      vertex 16.7586 5.08367 96.2662
    endloop
  endfacet
  facet normal 0.896393 0.224595 0.382147
    outer loop
      vertex 17.1762 3.41656 96.2662
      vertex 16.7199 4.8229 96.51
      vertex 17.0772 3.39686 96.51
    endloop
  endfacet
  facet normal 0.841298 0.504217 0.194891
    outer loop
      vertex 16.2262 8.67308 92.7292
      vertex 15.0019 10.0239 94.5194
      vertex 15.9121 8.50521 94.5194
    endloop
  endfacet
  facet normal 0.525494 0.70857 -0.47094
    outer loop
      vertex 10.6668 12.9976 82.0475
      vertex 8.86343 13.2651 80.4377
      vertex 9.34147 13.9805 82.0475
    endloop
  endfacet
  facet normal 0.86514 0.409218 -0.289953
    outer loop
      vertex 16.6692 6.9046 85.4806
      vertex 15.4448 8.25544 83.7338
      vertex 15.9121 8.50521 85.4806
    endloop
  endfacet
  facet normal 0.865147 0.409182 -0.289985
    outer loop
      vertex 16.1796 6.70183 83.7338
      vertex 15.4448 8.25544 83.7338
      vertex 16.6692 6.9046 85.4806
    endloop
  endfacet
  facet normal 0.803207 0.5957 0
    outer loop
      vertex 15.4467 10.3212 90.9127
      vertex 14.3607 11.7855 89.0873
      vertex 14.3607 11.7855 90.9127
    endloop
  endfacet
  facet normal 0.803207 0.5957 0
    outer loop
      vertex 14.3607 11.7855 89.0873
      vertex 15.4467 10.3212 90.9127
      vertex 15.4467 10.3212 89.0873
    endloop
  endfacet
  facet normal 0.573045 0.519378 -0.633929
    outer loop
      vertex 10.6534 8.74301 77.509
      vertex 9.74513 9.74513 77.509
      vertex 11.5485 9.47762 78.92
    endloop
  endfacet
  facet normal 0.544532 0.326382 -0.772632
    outer loop
      vertex 11.0161 5.88821 76.2183
      vertex 9.77169 5.22308 75.0603
      vertex 10.3859 6.93963 76.2183
    endloop
  endfacet
  facet normal 0.573902 0.271437 -0.772631
    outer loop
      vertex 11.5402 4.7801 76.2183
      vertex 10.2366 4.24013 75.0603
      vertex 11.0161 5.88821 76.2183
    endloop
  endfacet
  facet normal 0.881096 -0.0433042 -0.47095
    outer loop
      vertex 16.7332 -1.64808 82.0475
      vertex 15.8769 -1.56374 80.4377
      vertex 16.8142 0 82.0475
    endloop
  endfacet
  facet normal 0.970212 0.143916 -0.194876
    outer loop
      vertex 17.9557 1.76848 85.4806
      vertex 17.6959 3.51993 85.4806
      vertex 18.3101 1.80339 87.2708
    endloop
  endfacet
  facet normal 0.491997 0.820891 0.289961
    outer loop
      vertex 10.0239 15.0019 94.5194
      vertex 8.25544 15.4448 96.2662
      vertex 9.72955 14.5613 96.2662
    endloop
  endfacet
  facet normal 0.726721 0.65871 0.194877
    outer loop
      vertex 14.2224 11.672 92.7292
      vertex 13.0098 13.0098 92.7292
      vertex 13.9471 11.4461 94.5194
    endloop
  endfacet
  facet normal 0.122035 0.82278 -0.555104
    outer loop
      vertex 2.91458 14.6526 78.92
      vertex 1.56374 15.8769 80.4377
      vertex 3.11242 15.6472 80.4377
    endloop
  endfacet
  facet normal 0.37717 0.797452 -0.470971
    outer loop
      vertex 7.92616 14.8288 82.0475
      vertex 6.10524 14.7393 80.4377
      vertex 6.43452 15.5343 82.0475
    endloop
  endfacet
  facet normal 0.0488364 0.994 -0.097874
    outer loop
      vertex 1.80339 18.3101 87.2708
      vertex 1 18.4478 88.2684
      vertex 1.82092 18.4881 89.0873
    endloop
  endfacet
  facet normal 0.0488717 0.994001 -0.0978457
    outer loop
      vertex 1 18.4478 88.2684
      vertex 1.80339 18.3101 87.2708
      vertex 1 18.3496 87.2708
    endloop
  endfacet
  facet normal 0.395083 0.835325 -0.382284
    outer loop
      vertex 7.92616 14.8288 82.0475
      vertex 6.43452 15.5343 82.0475
      vertex 6.70183 16.1796 83.7338
    endloop
  endfacet
  facet normal 0.241824 0.965373 -0.0978631
    outer loop
      vertex 5.39279 17.7776 89.0873
      vertex 3.5894 18.0452 87.2708
      vertex 3.62431 18.2206 89.0873
    endloop
  endfacet
  facet normal 0.66836 0.737367 -0.0979008
    outer loop
      vertex 13.0098 13.0098 87.2708
      vertex 11.672 14.2224 87.2708
      vertex 11.7855 14.3607 89.0873
    endloop
  endfacet
  facet normal 0.668365 0.737363 0.0978941
    outer loop
      vertex 13.1363 13.1363 90.9127
      vertex 11.7855 14.3607 90.9127
      vertex 13.0098 13.0098 92.7292
    endloop
  endfacet
  facet normal 0.671591 0.740922 -0
    outer loop
      vertex 13.1363 13.1363 89.0873
      vertex 11.7855 14.3607 90.9127
      vertex 13.1363 13.1363 90.9127
    endloop
  endfacet
  facet normal 0.671591 0.740922 0
    outer loop
      vertex 11.7855 14.3607 90.9127
      vertex 13.1363 13.1363 89.0873
      vertex 11.7855 14.3607 89.0873
    endloop
  endfacet
  facet normal 0.792573 0.475048 -0.382306
    outer loop
      vertex 14.8288 7.92616 82.0475
      vertex 13.9805 9.34147 82.0475
      vertex 14.5613 9.72955 83.7338
    endloop
  endfacet
  facet normal 0.737367 0.66836 0.0979008
    outer loop
      vertex 14.3607 11.7855 90.9127
      vertex 13.0098 13.0098 92.7292
      vertex 14.2224 11.672 92.7292
    endloop
  endfacet
  facet normal -0.397599 0.663366 -0.633924
    outer loop
      vertex -6.49664 12.1544 77.509
      vertex -7.6567 11.4591 77.509
      vertex -7.04251 13.1756 78.92
    endloop
  endfacet
  facet normal -0.0488717 0.994001 -0.0978457
    outer loop
      vertex -1.80339 18.3101 87.2708
      vertex -1 18.4478 88.2684
      vertex -1 18.3496 87.2708
    endloop
  endfacet
  facet normal -0.0488364 0.994 -0.097874
    outer loop
      vertex -1 18.4478 88.2684
      vertex -1.80339 18.3101 87.2708
      vertex -1.82092 18.4881 89.0873
    endloop
  endfacet
  facet normal -0.928351 0.232546 0.289979
    outer loop
      vertex -16.7586 5.08367 96.2662
      vertex -17.2657 5.23748 94.5194
      vertex -17.1762 3.41656 96.2662
    endloop
  endfacet
  facet normal -0.896297 0.224516 0.382419
    outer loop
      vertex -17.1762 3.41656 96.2662
      vertex -16.7199 4.8229 96.51
      vertex -16.7586 5.08367 96.2662
    endloop
  endfacet
  facet normal -0.896393 0.224595 0.382147
    outer loop
      vertex -16.7199 4.8229 96.51
      vertex -17.1762 3.41656 96.2662
      vertex -17.0772 3.39686 96.51
    endloop
  endfacet
  facet normal -0.896465 0.224262 0.382174
    outer loop
      vertex -16.662 5.05435 96.51
      vertex -16.7586 5.08367 96.2662
      vertex -16.7199 4.8229 96.51
    endloop
  endfacet
  facet normal -0.979648 -0.0481382 0.194868
    outer loop
      vertex -18.0426 0 94.5194
      vertex -18.3987 0 92.7292
      vertex -17.9557 -1.76848 94.5194
    endloop
  endfacet
  facet normal -0.946684 0.140426 0.289947
    outer loop
      vertex -17.6959 3.51993 94.5194
      vertex -17.9557 1.76848 94.5194
      vertex -17.4284 1.71655 96.2662
    endloop
  endfacet
  facet normal -0.993997 0.0488559 0.0978949
    outer loop
      vertex -18.4881 1.82092 90.9127
      vertex -18.5776 0 90.9127
      vertex -18.3987 0 92.7292
    endloop
  endfacet
  facet normal -0.951445 0.238311 0.194835
    outer loop
      vertex -17.6064 5.34086 92.7292
      vertex -17.6959 3.51993 94.5194
      vertex -17.2657 5.23748 94.5194
    endloop
  endfacet
  facet normal -0.951421 0.238363 0.194889
    outer loop
      vertex -17.6064 5.34086 92.7292
      vertex -18.0452 3.5894 92.7292
      vertex -17.6959 3.51993 94.5194
    endloop
  endfacet
  facet normal -0.899643 0.425508 0.0979086
    outer loop
      vertex -16.384 8.75742 90.9127
      vertex -17.1635 7.10934 90.9127
      vertex -16.2262 8.67308 92.7292
    endloop
  endfacet
  facet normal -0.965361 0.241856 0.0978967
    outer loop
      vertex -17.7776 5.39279 90.9127
      vertex -18.0452 3.5894 92.7292
      vertex -17.6064 5.34086 92.7292
    endloop
  endfacet
  facet normal -0.658704 -0.726729 0.194868
    outer loop
      vertex -12.758 -12.758 94.5194
      vertex -13.0098 -13.0098 92.7292
      vertex -11.4461 -13.9471 94.5194
    endloop
  endfacet
  facet normal -0.592838 -0.799349 -0.0979009
    outer loop
      vertex -10.3212 -15.4467 89.0873
      vertex -11.7855 -14.3607 89.0873
      vertex -11.672 -14.2224 87.2708
    endloop
  endfacet
  facet normal -0.642698 -0.709135 0.289943
    outer loop
      vertex -11.11 -13.5375 96.2662
      vertex -12.3834 -12.3834 96.2662
      vertex -11.4461 -13.9471 94.5194
    endloop
  endfacet
  facet normal -0.726721 -0.65871 -0.194877
    outer loop
      vertex -13.0098 -13.0098 87.2708
      vertex -14.2224 -11.672 87.2708
      vertex -13.9471 -11.4461 85.4806
    endloop
  endfacet
  facet normal -0.232546 -0.928351 0.289979
    outer loop
      vertex -5.08367 -16.7586 96.2662
      vertex -5.23748 -17.2657 94.5194
      vertex -3.41656 -17.1762 96.2662
    endloop
  endfacet
  facet normal 0.143901 -0.970212 0.19489
    outer loop
      vertex 3.51993 -17.6959 94.5194
      vertex 1.80339 -18.3101 92.7292
      vertex 3.5894 -18.0452 92.7292
    endloop
  endfacet
  facet normal -0.79275 -0.474811 0.382232
    outer loop
      vertex -14.5842 -9.57491 96.4108
      vertex -14.636 -9.60483 96.2662
      vertex -14.5613 -9.72955 96.2662
    endloop
  endfacet
  facet normal 0.0481297 -0.979646 0.194876
    outer loop
      vertex 1.76848 -17.9557 94.5194
      vertex 0 -18.3987 92.7292
      vertex 1.80339 -18.3101 92.7292
    endloop
  endfacet
  facet normal -0.475035 -0.79259 0.382287
    outer loop
      vertex -8.25544 -15.4448 96.2662
      vertex -9.46878 -14.6 96.51
      vertex -9.72955 -14.5613 96.2662
    endloop
  endfacet
  facet normal -0.475088 -0.792626 0.382147
    outer loop
      vertex -9.46878 -14.6 96.51
      vertex -8.25544 -15.4448 96.2662
      vertex -8.20782 -15.3558 96.51
    endloop
  endfacet
  facet normal -0.914033 0.135599 -0.382305
    outer loop
      vertex -16.4911 3.28029 82.0475
      vertex -17.4284 1.71655 83.7338
      vertex -17.1762 3.41656 83.7338
    endloop
  endfacet
  facet normal -0.865147 -0.409181 0.289985
    outer loop
      vertex -15.7382 -7.93176 95.8476
      vertex -16.1796 -6.70183 96.2662
      vertex -16.6692 -6.9046 94.5194
    endloop
  endfacet
  facet normal -0.865163 -0.409174 0.289949
    outer loop
      vertex -16.1796 -6.70183 96.2662
      vertex -15.7382 -7.93176 95.8476
      vertex -15.628 -7.86814 96.2662
    endloop
  endfacet
  facet normal -0.970029 -0.24299 0
    outer loop
      vertex -17.7776 -5.39279 89.0873
      vertex -18.2206 -3.62431 90.9127
      vertex -18.2206 -3.62431 89.0873
    endloop
  endfacet
  facet normal -0.970029 -0.24299 0
    outer loop
      vertex -18.2206 -3.62431 90.9127
      vertex -17.7776 -5.39279 89.0873
      vertex -17.7776 -5.39279 90.9127
    endloop
  endfacet
  facet normal -0.899628 -0.42554 0.0979054
    outer loop
      vertex -16.4308 -8.33165 92.3326
      vertex -16.9982 -7.04087 92.7292
      vertex -17.1635 -7.10934 90.9127
    endloop
  endfacet
  facet normal -0.899628 -0.42554 0.0979058
    outer loop
      vertex -16.9982 -7.04087 92.7292
      vertex -16.4308 -8.33165 92.3326
      vertex -16.3969 -8.31207 92.7292
    endloop
  endfacet
  facet normal -0.98443 -0.14601 0.097874
    outer loop
      vertex -18.3101 -1.80339 92.7292
      vertex -18.4881 -1.82092 90.9127
      vertex -18.0452 -3.5894 92.7292
    endloop
  endfacet
  facet normal -0.970212 -0.143916 0.194876
    outer loop
      vertex -17.9557 -1.76848 94.5194
      vertex -18.3101 -1.80339 92.7292
      vertex -17.6959 -3.51993 94.5194
    endloop
  endfacet
  facet normal -0.550347 -0.742214 0.382409
    outer loop
      vertex -9.67343 -14.4773 96.51
      vertex -9.86507 -14.3352 96.51
      vertex -9.72955 -14.5613 96.2662
    endloop
  endfacet
  facet normal -0.946684 -0.140426 0.289947
    outer loop
      vertex -17.4284 -1.71655 96.2662
      vertex -17.9557 -1.76848 94.5194
      vertex -17.6959 -3.51993 94.5194
    endloop
  endfacet
  facet normal -0.970212 -0.143901 0.19489
    outer loop
      vertex -17.6959 -3.51993 94.5194
      vertex -18.3101 -1.80339 92.7292
      vertex -18.0452 -3.5894 92.7292
    endloop
  endfacet
  facet normal -0.914044 -0.135552 0.382294
    outer loop
      vertex -17.3279 -1.70665 96.51
      vertex -17.4284 -1.71655 96.2662
      vertex -17.2929 -1.94266 96.51
    endloop
  endfacet
  facet normal -0.0272533 -0.555307 -0.831199
    outer loop
      vertex -1.08603 -11.0267 75.0603
      vertex -0.35819 -10.4824 74.6728
      vertex 0 -11.08 75.0603
    endloop
  endfacet
  facet normal -0.0273081 -0.555256 -0.831231
    outer loop
      vertex -0.35819 -10.4824 74.6728
      vertex -1.08603 -11.0267 75.0603
      vertex -1.02918 -10.4494 74.6728
    endloop
  endfacet
  facet normal -0.1719 -0.686312 -0.706701
    outer loop
      vertex -2.68867 -13.5169 77.509
      vertex -4.00061 -13.1883 77.509
      vertex -3.62594 -11.9531 76.2183
    endloop
  endfacet
  facet normal -0.330643 -0.699155 -0.633923
    outer loop
      vertex -5.27402 -12.7326 77.509
      vertex -7.04251 -13.1756 78.92
      vertex -6.49664 -12.1544 77.509
    endloop
  endfacet
  facet normal -0.213875 -0.597759 -0.77262
    outer loop
      vertex -3.62594 -11.9531 76.2183
      vertex -4.24013 -10.2366 75.0603
      vertex -3.21636 -10.6029 75.0603
    endloop
  endfacet
  facet normal 0.0433301 -0.881106 -0.47093
    outer loop
      vertex 1.56374 -15.8769 80.4377
      vertex 0 -16.8142 82.0475
      vertex 0 -15.9538 80.4377
    endloop
  endfacet
  facet normal -0.419366 -0.88665 -0.194892
    outer loop
      vertex -7.04087 -16.9982 87.2708
      vertex -8.67308 -16.2262 87.2708
      vertex -8.50521 -15.9121 85.4806
    endloop
  endfacet
  facet normal -0.419389 -0.886644 -0.19487
    outer loop
      vertex -7.04087 -16.9982 87.2708
      vertex -8.50521 -15.9121 85.4806
      vertex -6.9046 -16.6692 85.4806
    endloop
  endfacet
  facet normal -0.453529 -0.756659 -0.470934
    outer loop
      vertex -7.92616 -14.8288 82.0475
      vertex -8.86343 -13.2651 80.4377
      vertex -7.52055 -14.07 80.4377
    endloop
  endfacet
  facet normal -0.214331 -0.855726 -0.470952
    outer loop
      vertex -3.28029 -16.4911 82.0475
      vertex -4.8809 -16.0902 82.0475
      vertex -4.63113 -15.2668 80.4377
    endloop
  endfacet
  facet normal 0.0347366 -0.70668 -0.70668
    outer loop
      vertex 1.35084 -13.7153 77.509
      vertex 0 -13.7817 77.509
      vertex 0 -12.491 76.2183
    endloop
  endfacet
  facet normal 0.525494 -0.70857 -0.47094
    outer loop
      vertex 9.34147 -13.9805 82.0475
      vertex 8.86343 -13.2651 80.4377
      vertex 10.6668 -12.9976 82.0475
    endloop
  endfacet
  facet normal 0.146022 -0.984429 -0.0978621
    outer loop
      vertex 3.62431 -18.2206 89.0873
      vertex 1.82092 -18.4881 89.0873
      vertex 3.5894 -18.0452 87.2708
    endloop
  endfacet
  facet normal 0.409218 -0.86514 -0.289953
    outer loop
      vertex 8.50521 -15.9121 85.4806
      vertex 6.9046 -16.6692 85.4806
      vertex 8.25544 -15.4448 83.7338
    endloop
  endfacet
  facet normal 0.213875 -0.597759 -0.77262
    outer loop
      vertex 3.62594 -11.9531 76.2183
      vertex 3.21636 -10.6029 75.0603
      vertex 4.24013 -10.2366 75.0603
    endloop
  endfacet
  facet normal 0.140426 -0.946684 -0.289947
    outer loop
      vertex 1.76848 -17.9557 85.4806
      vertex 1.71655 -17.4284 83.7338
      vertex 3.51993 -17.6959 85.4806
    endloop
  endfacet
  facet normal 0.224508 -0.896356 -0.382285
    outer loop
      vertex 5.08367 -16.7586 83.7338
      vertex 3.28029 -16.4911 82.0475
      vertex 4.8809 -16.0902 82.0475
    endloop
  endfacet
  facet normal -0.113467 -0.765017 -0.633936
    outer loop
      vertex -1.46434 -14.8677 78.92
      vertex -2.91458 -14.6526 78.92
      vertex -1.35084 -13.7153 77.509
    endloop
  endfacet
  facet normal -0.0469704 -0.955882 -0.289971
    outer loop
      vertex 0 -18.0426 85.4806
      vertex -1.76848 -17.9557 85.4806
      vertex 0 -17.5127 83.7338
    endloop
  endfacet
  facet normal 0.425508 -0.899643 -0.0979086
    outer loop
      vertex 8.75742 -16.384 89.0873
      vertex 7.10934 -17.1635 89.0873
      vertex 8.67308 -16.2262 87.2708
    endloop
  endfacet
  facet normal 0.708548 -0.525508 -0.470958
    outer loop
      vertex 12.9976 -10.6668 82.0475
      vertex 12.3324 -10.121 80.4377
      vertex 13.2651 -8.86343 80.4377
    endloop
  endfacet
  facet normal 0.425511 -0.899642 -0.0979056
    outer loop
      vertex 7.10934 -17.1635 89.0873
      vertex 7.04087 -16.9982 87.2708
      vertex 8.67308 -16.2262 87.2708
    endloop
  endfacet
  facet normal 0.491997 -0.820891 -0.289961
    outer loop
      vertex 10.0239 -15.0019 85.4806
      vertex 8.25544 -15.4448 83.7338
      vertex 9.72955 -14.5613 83.7338
    endloop
  endfacet
  facet normal 0.0379693 -0.772447 -0.633943
    outer loop
      vertex 1.35084 -13.7153 77.509
      vertex 0 -14.9397 78.92
      vertex 0 -13.7817 77.509
    endloop
  endfacet
  facet normal -0.202089 -0.806863 -0.555097
    outer loop
      vertex -2.91458 -14.6526 78.92
      vertex -4.63113 -15.2668 80.4377
      vertex -4.33675 -14.2964 78.92
    endloop
  endfacet
  facet normal 0.615844 -0.154259 -0.772619
    outer loop
      vertex 11.9531 -3.62594 76.2183
      vertex 10.6029 -3.21636 75.0603
      vertex 10.8671 -2.1616 75.0603
    endloop
  endfacet
  facet normal 0.573039 -0.5194 -0.633916
    outer loop
      vertex 10.5639 -10.5639 78.92
      vertex 9.74513 -9.74513 77.509
      vertex 11.5485 -9.47762 78.92
    endloop
  endfacet
  facet normal 0.0931833 -0.627977 -0.772633
    outer loop
      vertex 2.43687 -12.251 76.2183
      vertex 1.08603 -11.0267 75.0603
      vertex 2.1616 -10.8671 75.0603
    endloop
  endfacet
  facet normal 0.271437 -0.573902 -0.772631
    outer loop
      vertex 4.7801 -11.5402 76.2183
      vertex 4.24013 -10.2366 75.0603
      vertex 5.88821 -11.0161 76.2183
    endloop
  endfacet
  facet normal 0.395083 -0.835325 -0.382284
    outer loop
      vertex 6.70183 -16.1796 83.7338
      vertex 6.43452 -15.5343 82.0475
      vertex 7.92616 -14.8288 82.0475
    endloop
  endfacet
  facet normal 0.835388 -0.395058 0.382173
    outer loop
      vertex 15.628 -7.86814 96.2662
      vertex 15.9843 -6.87886 96.51
      vertex 15.5404 -7.81753 96.51
    endloop
  endfacet
  facet normal 0.835332 -0.395066 0.382288
    outer loop
      vertex 15.9843 -6.87886 96.51
      vertex 15.628 -7.86814 96.2662
      vertex 16.1796 -6.70183 96.2662
    endloop
  endfacet
  facet normal 0.232546 -0.928351 0.289979
    outer loop
      vertex 5.08367 -16.7586 96.2662
      vertex 3.41656 -17.1762 96.2662
      vertex 5.23748 -17.2657 94.5194
    endloop
  endfacet
  facet normal 0.592838 -0.799349 -0.0979009
    outer loop
      vertex 11.7855 -14.3607 89.0873
      vertex 10.3212 -15.4467 89.0873
      vertex 11.672 -14.2224 87.2708
    endloop
  endfacet
  facet normal 0.60687 0.363745 -0.706681
    outer loop
      vertex 11.0161 5.88821 76.2183
      vertex 10.3859 6.93963 76.2183
      vertex 12.1544 6.49664 77.509
    endloop
  endfacet
  facet normal 0.616285 0.558598 -0.555122
    outer loop
      vertex 11.5485 9.47762 78.92
      vertex 10.5639 10.5639 78.92
      vertex 11.281 11.281 80.4377
    endloop
  endfacet
  facet normal 0.460722 0.621184 -0.633928
    outer loop
      vertex 8.74301 10.6534 77.509
      vertex 8.30003 12.4219 78.92
      vertex 9.47762 11.5485 78.92
    endloop
  endfacet
  facet normal -0.238385 0.666144 -0.7067
    outer loop
      vertex -3.62594 11.9531 76.2183
      vertex -5.27402 12.7326 77.509
      vertex -4.00061 13.1883 77.509
    endloop
  endfacet
  facet normal 0.241856 0.965361 -0.0978967
    outer loop
      vertex 5.34086 17.6064 87.2708
      vertex 3.5894 18.0452 87.2708
      vertex 5.39279 17.7776 89.0873
    endloop
  endfacet
  facet normal 0.5194 -0.573039 -0.633916
    outer loop
      vertex 10.5639 -10.5639 78.92
      vertex 9.47762 -11.5485 78.92
      vertex 9.74513 -9.74513 77.509
    endloop
  endfacet
  facet normal 0.896343 0.224528 -0.382305
    outer loop
      vertex 17.1762 3.41656 83.7338
      vertex 16.4911 3.28029 82.0475
      vertex 16.7586 5.08367 83.7338
    endloop
  endfacet
  facet normal 0.881096 0.0433042 -0.47095
    outer loop
      vertex 16.8142 0 82.0475
      vertex 15.8769 1.56374 80.4377
      vertex 16.7332 1.64808 82.0475
    endloop
  endfacet
  facet normal 0.756511 -0.453747 -0.470961
    outer loop
      vertex 13.9805 -9.34147 82.0475
      vertex 13.3077 -8.83789 80.4816
      vertex 14.0318 -9.25594 82.0475
    endloop
  endfacet
  facet normal 0.756933 -0.453078 -0.470928
    outer loop
      vertex 13.3077 -8.83789 80.4816
      vertex 13.9805 -9.34147 82.0475
      vertex 13.2651 -8.86343 80.4377
    endloop
  endfacet
  facet normal 0.901087 -0.322421 -0.289978
    outer loop
      vertex 17.2657 -5.23748 85.4806
      vertex 16.1796 -6.70183 83.7338
      vertex 16.7586 -5.08367 83.7338
    endloop
  endfacet
  facet normal 0.79275 -0.474811 -0.382232
    outer loop
      vertex 14.636 -9.60483 83.7338
      vertex 14.5613 -9.72955 83.7338
      vertex 14.5842 -9.57491 83.5892
    endloop
  endfacet
  facet normal 0.937037 -0.335227 -0.0978966
    outer loop
      vertex 17.7776 -5.39279 89.0873
      vertex 17.1635 -7.10934 89.0873
      vertex 17.6064 -5.34086 87.2708
    endloop
  endfacet
  facet normal 0.937033 -0.335236 -0.0979054
    outer loop
      vertex 17.1635 -7.10934 89.0873
      vertex 16.9982 -7.04087 87.2708
      vertex 17.6064 -5.34086 87.2708
    endloop
  endfacet
  facet normal -0.870026 0.311307 -0.382286
    outer loop
      vertex -16.0902 4.8809 82.0475
      vertex -16.7586 5.08367 83.7338
      vertex -16.1796 6.70183 83.7338
    endloop
  endfacet
  facet normal -0.835333 -0.395066 -0.382285
    outer loop
      vertex -15.628 -7.86814 83.7338
      vertex -16.1796 -6.70183 83.7338
      vertex -15.1789 -7.60884 82.4845
    endloop
  endfacet
  facet normal -0.901087 0.322421 -0.289978
    outer loop
      vertex -16.7586 5.08367 83.7338
      vertex -17.2657 5.23748 85.4806
      vertex -16.1796 6.70183 83.7338
    endloop
  endfacet
  facet normal -0.937033 0.335236 -0.0979054
    outer loop
      vertex -16.9982 7.04087 87.2708
      vertex -17.6064 5.34086 87.2708
      vertex -17.1635 7.10934 89.0873
    endloop
  endfacet
  facet normal -0.75666 0.453522 -0.470938
    outer loop
      vertex -13.2651 8.86343 80.4377
      vertex -14.8288 7.92616 82.0475
      vertex -13.9805 9.34147 82.0475
    endloop
  endfacet
  facet normal -0.511645 0.853599 -0.0979207
    outer loop
      vertex -10.2218 15.2979 87.2708
      vertex -10.3212 15.4467 89.0873
      vertex -8.67308 16.2262 87.2708
    endloop
  endfacet
  facet normal -0.857727 0.514105 0
    outer loop
      vertex -16.384 8.75742 89.0873
      vertex -15.4467 10.3212 90.9127
      vertex -15.4467 10.3212 89.0873
    endloop
  endfacet
  facet normal -0.857727 0.514105 0
    outer loop
      vertex -15.4467 10.3212 90.9127
      vertex -16.384 8.75742 89.0873
      vertex -16.384 8.75742 90.9127
    endloop
  endfacet
  facet normal -0.550437 0.742186 0.382334
    outer loop
      vertex -11.11 13.5375 96.2662
      vertex -9.86507 14.3352 96.51
      vertex -9.72955 14.5613 96.2662
    endloop
  endfacet
  facet normal -0.550425 0.742132 0.382456
    outer loop
      vertex -9.86507 14.3352 96.51
      vertex -11.11 13.5375 96.2662
      vertex -11.0459 13.4594 96.51
    endloop
  endfacet
  facet normal -0.903976 -0.427584 0
    outer loop
      vertex -16.5522 -8.40172 89.0873
      vertex -17.1635 -7.10934 90.9127
      vertex -17.1635 -7.10934 89.0873
    endloop
  endfacet
  facet normal -0.903976 -0.427584 0
    outer loop
      vertex -17.1635 -7.10934 90.9127
      vertex -16.5522 -8.40172 89.0873
      vertex -16.5522 -8.40172 90.9127
    endloop
  endfacet
  facet normal -0.787801 -0.584287 -0.194879
    outer loop
      vertex -14.2224 -11.672 87.2708
      vertex -15.0019 -10.0239 85.4806
      vertex -13.9471 -11.4461 85.4806
    endloop
  endfacet
  facet normal -0.699174 -0.330591 -0.633929
    outer loop
      vertex -13.0028 -6.35244 78.3694
      vertex -13.8024 -5.71716 78.92
      vertex -12.7326 -5.27402 77.509
    endloop
  endfacet
  facet normal -0.699189 -0.330652 -0.633881
    outer loop
      vertex -13.8024 -5.71716 78.92
      vertex -13.0028 -6.35244 78.3694
      vertex -13.3949 -6.57885 78.92
    endloop
  endfacet
  facet normal -0.616285 -0.558598 -0.555122
    outer loop
      vertex -11.281 -11.281 80.4377
      vertex -11.5485 -9.47762 78.92
      vertex -10.5639 -10.5639 78.92
    endloop
  endfacet
  facet normal -0.830591 0.297193 -0.470952
    outer loop
      vertex -15.2668 4.63113 80.4377
      vertex -16.0902 4.8809 82.0475
      vertex -15.5343 6.43452 82.0475
    endloop
  endfacet
  facet normal -0.872616 -0.129426 -0.470945
    outer loop
      vertex -15.6472 -3.11242 80.4377
      vertex -16.4911 -3.28029 82.0475
      vertex -15.8769 -1.56374 80.4377
    endloop
  endfacet
  facet normal -0.539359 -0.135041 -0.831177
    outer loop
      vertex -10.0479 -3.04799 74.6728
      vertex -10.6029 -3.21636 75.0603
      vertex -10.135 -2.70011 74.6728
    endloop
  endfacet
  facet normal -0.783153 0.280246 -0.555097
    outer loop
      vertex -14.2964 4.33675 78.92
      vertex -15.2668 4.63113 80.4377
      vertex -14.7393 6.10524 80.4377
    endloop
  endfacet
  facet normal -0.568288 0.421485 -0.706682
    outer loop
      vertex -10.3859 6.93963 76.2183
      vertex -10.6534 8.74301 77.509
      vertex -9.65567 7.9242 76.2183
    endloop
  endfacet
  facet normal -0.573899 0.271439 -0.772632
    outer loop
      vertex -10.2366 4.24013 75.0603
      vertex -11.0161 5.88821 76.2183
      vertex -9.77169 5.22308 75.0603
    endloop
  endfacet
  facet normal -0.549922 0.0816961 -0.831211
    outer loop
      vertex -10.8671 2.1616 75.0603
      vertex -10.2982 2.04845 74.6728
      vertex -10.3509 1.69371 74.6728
    endloop
  endfacet
  facet normal -0.666199 0.238332 -0.706666
    outer loop
      vertex -11.9531 3.62594 76.2183
      vertex -12.7326 5.27402 77.509
      vertex -11.5402 4.7801 76.2183
    endloop
  endfacet
  facet normal -0.60687 0.363745 -0.706681
    outer loop
      vertex -11.0161 5.88821 76.2183
      vertex -12.1544 6.49664 77.509
      vertex -10.3859 6.93963 76.2183
    endloop
  endfacet
  facet normal 0.103792 0.699879 -0.70668
    outer loop
      vertex 2.43687 12.251 76.2183
      vertex 1.35084 13.7153 77.509
      vertex 2.68867 13.5169 77.509
    endloop
  endfacet
  facet normal -0.620473 0.684645 0.382457
    outer loop
      vertex -11.11 13.5375 96.2662
      vertex -12.1352 12.4722 96.51
      vertex -11.0459 13.4594 96.51
    endloop
  endfacet
  facet normal -0.620522 0.684665 0.382343
    outer loop
      vertex -12.1352 12.4722 96.51
      vertex -11.11 13.5375 96.2662
      vertex -12.3834 12.3834 96.2662
    endloop
  endfacet
  facet normal -0.322421 0.901087 -0.289978
    outer loop
      vertex -5.08367 16.7586 83.7338
      vertex -6.70183 16.1796 83.7338
      vertex -5.23748 17.2657 85.4806
    endloop
  endfacet
  facet normal -0.0931833 0.627977 -0.772633
    outer loop
      vertex -2.1616 10.8671 75.0603
      vertex -2.43687 12.251 76.2183
      vertex -1.08603 11.0267 75.0603
    endloop
  endfacet
  facet normal -0.421485 0.568288 -0.706682
    outer loop
      vertex -7.9242 9.65567 76.2183
      vertex -8.74301 10.6534 77.509
      vertex -6.93963 10.3859 76.2183
    endloop
  endfacet
  facet normal -0.0931248 0.628018 -0.772607
    outer loop
      vertex -1.08603 11.0267 75.0603
      vertex -2.43687 12.251 76.2183
      vertex -1.22433 12.4308 76.2183
    endloop
  endfacet
  facet normal 0.030966 0.634288 -0.772477
    outer loop
      vertex 1.08603 11.0267 75.0603
      vertex 1 11.0309 75.0603
      vertex 1 11.1427 75.1521
    endloop
  endfacet
  facet normal -0.330643 0.699155 -0.633923
    outer loop
      vertex -6.49664 12.1544 77.509
      vertex -7.04251 13.1756 78.92
      vertex -5.27402 12.7326 77.509
    endloop
  endfacet
  facet normal -0.558595 0.616293 -0.555117
    outer loop
      vertex -9.47762 11.5485 78.92
      vertex -11.281 11.281 80.4377
      vertex -10.121 12.3324 80.4377
    endloop
  endfacet
  facet normal -0.377134 0.797492 -0.470932
    outer loop
      vertex -7.52055 14.07 80.4377
      vertex -7.92616 14.8288 82.0475
      vertex -6.10524 14.7393 80.4377
    endloop
  endfacet
  facet normal -0.241824 0.965373 0.0978631
    outer loop
      vertex -3.62431 18.2206 90.9127
      vertex -5.39279 17.7776 90.9127
      vertex -3.5894 18.0452 92.7292
    endloop
  endfacet
  facet normal -0.592822 0.799359 0.0979196
    outer loop
      vertex -10.3212 15.4467 90.9127
      vertex -11.672 14.2224 92.7292
      vertex -10.2218 15.2979 92.7292
    endloop
  endfacet
  facet normal -0.79259 0.475035 0.382287
    outer loop
      vertex -15.4448 8.25544 96.2662
      vertex -14.6 9.46878 96.51
      vertex -14.5613 9.72955 96.2662
    endloop
  endfacet
  facet normal -0.792626 0.475088 0.382147
    outer loop
      vertex -14.6 9.46878 96.51
      vertex -15.4448 8.25544 96.2662
      vertex -15.3558 8.20782 96.51
    endloop
  endfacet
  facet normal -0.322421 0.901087 0.289978
    outer loop
      vertex -5.23748 17.2657 94.5194
      vertex -6.70183 16.1796 96.2662
      vertex -5.08367 16.7586 96.2662
    endloop
  endfacet
  facet normal 0.970029 -0.24299 0
    outer loop
      vertex 17.7776 -5.39279 90.9127
      vertex 18.2206 -3.62431 89.0873
      vertex 18.2206 -3.62431 90.9127
    endloop
  endfacet
  facet normal 0.970029 -0.24299 0
    outer loop
      vertex 18.2206 -3.62431 89.0873
      vertex 17.7776 -5.39279 90.9127
      vertex 17.7776 -5.39279 89.0873
    endloop
  endfacet
  facet normal 0.903976 -0.427584 0
    outer loop
      vertex 16.5522 -8.40172 90.9127
      vertex 17.1635 -7.10934 89.0873
      vertex 17.1635 -7.10934 90.9127
    endloop
  endfacet
  facet normal 0.903976 -0.427584 0
    outer loop
      vertex 17.1635 -7.10934 89.0873
      vertex 16.5522 -8.40172 90.9127
      vertex 16.5522 -8.40172 89.0873
    endloop
  endfacet
  facet normal 0.330431 -0.923501 0.194837
    outer loop
      vertex 6.9046 -16.6692 94.5194
      vertex 5.23748 -17.2657 94.5194
      vertex 5.34086 -17.6064 92.7292
    endloop
  endfacet
  facet normal 0.853588 -0.511663 -0.0979232
    outer loop
      vertex 15.539 -10.1261 88.8724
      vertex 15.2979 -10.2218 87.2708
      vertex 15.4025 -10.0473 87.2708
    endloop
  endfacet
  facet normal 0.853579 -0.511679 -0.0979209
    outer loop
      vertex 15.2979 -10.2218 87.2708
      vertex 15.539 -10.1261 88.8724
      vertex 15.4467 -10.3212 89.0873
    endloop
  endfacet
  facet normal 0.899628 -0.42554 0.0979058
    outer loop
      vertex 16.4308 -8.33165 92.3326
      vertex 16.9982 -7.04087 92.7292
      vertex 16.3969 -8.31207 92.7292
    endloop
  endfacet
  facet normal 0.899628 -0.42554 0.0979054
    outer loop
      vertex 16.9982 -7.04087 92.7292
      vertex 16.4308 -8.33165 92.3326
      vertex 17.1635 -7.10934 90.9127
    endloop
  endfacet
  facet normal 0.914101 -0.135588 0.382146
    outer loop
      vertex 17.1762 -3.41656 96.2662
      vertex 17.2929 -1.94266 96.51
      vertex 17.0772 -3.39686 96.51
    endloop
  endfacet
  facet normal 0.914054 -0.135602 0.382253
    outer loop
      vertex 17.2929 -1.94266 96.51
      vertex 17.1762 -3.41656 96.2662
      vertex 17.4284 -1.71655 96.2662
    endloop
  endfacet
  facet normal 0.835335 -0.395031 0.382316
    outer loop
      vertex 16.0863 -6.66317 96.51
      vertex 15.9843 -6.87886 96.51
      vertex 16.1796 -6.70183 96.2662
    endloop
  endfacet
  facet normal 0.951445 -0.238311 0.194835
    outer loop
      vertex 17.6959 -3.51993 94.5194
      vertex 17.2657 -5.23748 94.5194
      vertex 17.6064 -5.34086 92.7292
    endloop
  endfacet
  facet normal 0.979646 -0.0481297 0.194876
    outer loop
      vertex 18.3987 0 92.7292
      vertex 17.9557 -1.76848 94.5194
      vertex 18.3101 -1.80339 92.7292
    endloop
  endfacet
  facet normal 0.994 -0.0488349 0.097874
    outer loop
      vertex 18.3987 0 92.7292
      vertex 18.3101 -1.80339 92.7292
      vertex 18.4881 -1.82092 90.9127
    endloop
  endfacet
  facet normal 0.98443 -0.14601 0.097874
    outer loop
      vertex 18.3101 -1.80339 92.7292
      vertex 18.0452 -3.5894 92.7292
      vertex 18.4881 -1.82092 90.9127
    endloop
  endfacet
  facet normal 0.232529 -0.92836 0.289962
    outer loop
      vertex 5.23748 -17.2657 94.5194
      vertex 3.41656 -17.1762 96.2662
      vertex 3.51993 -17.6959 94.5194
    endloop
  endfacet
  facet normal 0.311335 -0.870061 0.382183
    outer loop
      vertex 5.08367 -16.7586 96.2662
      vertex 6.43852 -16.1667 96.51
      vertex 5.05435 -16.662 96.51
    endloop
  endfacet
  facet normal 0.311311 -0.870036 0.382259
    outer loop
      vertex 6.43852 -16.1667 96.51
      vertex 5.08367 -16.7586 96.2662
      vertex 6.70183 -16.1796 96.2662
    endloop
  endfacet
  facet normal 0.224595 -0.896393 0.382147
    outer loop
      vertex 3.41656 -17.1762 96.2662
      vertex 4.8229 -16.7199 96.51
      vertex 3.39686 -17.0772 96.51
    endloop
  endfacet
  facet normal 0.224516 -0.896297 0.382419
    outer loop
      vertex 4.8229 -16.7199 96.51
      vertex 3.41656 -17.1762 96.2662
      vertex 5.08367 -16.7586 96.2662
    endloop
  endfacet
  facet normal 0.923501 -0.330431 0.194837
    outer loop
      vertex 17.2657 -5.23748 94.5194
      vertex 16.6692 -6.9046 94.5194
      vertex 17.6064 -5.34086 92.7292
    endloop
  endfacet
  facet normal 0.475035 0.79259 0.382287
    outer loop
      vertex 8.25544 15.4448 96.2662
      vertex 9.46878 14.6 96.51
      vertex 9.72955 14.5613 96.2662
    endloop
  endfacet
  facet normal 0.475088 0.792626 0.382147
    outer loop
      vertex 9.46878 14.6 96.51
      vertex 8.25544 15.4448 96.2662
      vertex 8.20782 15.3558 96.51
    endloop
  endfacet
  facet normal 0.550347 0.742214 0.382409
    outer loop
      vertex 9.72955 14.5613 96.2662
      vertex 9.67343 14.4773 96.51
      vertex 9.86507 14.3352 96.51
    endloop
  endfacet
  facet normal -0.224595 0.896393 0.382147
    outer loop
      vertex -3.41656 17.1762 96.2662
      vertex -4.8229 16.7199 96.51
      vertex -3.39686 17.0772 96.51
    endloop
  endfacet
  facet normal -0.224516 0.896297 0.382419
    outer loop
      vertex -4.8229 16.7199 96.51
      vertex -3.41656 17.1762 96.2662
      vertex -5.08367 16.7586 96.2662
    endloop
  endfacet
  facet normal 0.143916 0.970212 0.194876
    outer loop
      vertex 1.80339 18.3101 92.7292
      vertex 1.76848 17.9557 94.5194
      vertex 3.51993 17.6959 94.5194
    endloop
  endfacet
  facet normal 0.409182 0.865147 -0.289985
    outer loop
      vertex 8.25544 15.4448 83.7338
      vertex 6.70183 16.1796 83.7338
      vertex 6.9046 16.6692 85.4806
    endloop
  endfacet
  facet normal 0.922911 0.0453106 0.382338
    outer loop
      vertex 17.5127 0 96.2662
      vertex 17.4 0.238312 96.51
      vertex 17.4117 0 96.51
    endloop
  endfacet
  facet normal 0.970212 0.143916 0.194876
    outer loop
      vertex 18.3101 1.80339 92.7292
      vertex 17.6959 3.51993 94.5194
      vertex 17.9557 1.76848 94.5194
    endloop
  endfacet
  facet normal 0.965373 0.241824 0.0978631
    outer loop
      vertex 18.2206 3.62431 90.9127
      vertex 17.7776 5.39279 90.9127
      vertex 18.0452 3.5894 92.7292
    endloop
  endfacet
  facet normal 0.684665 0.620522 0.382343
    outer loop
      vertex 12.4722 12.1352 96.51
      vertex 13.5375 11.11 96.2662
      vertex 12.3834 12.3834 96.2662
    endloop
  endfacet
  facet normal 0.684645 0.620473 0.382457
    outer loop
      vertex 13.5375 11.11 96.2662
      vertex 12.4722 12.1352 96.51
      vertex 13.4594 11.0459 96.51
    endloop
  endfacet
  facet normal 0.914101 0.135588 0.382146
    outer loop
      vertex 17.2929 1.94266 96.51
      vertex 17.1762 3.41656 96.2662
      vertex 17.0772 3.39686 96.51
    endloop
  endfacet
  facet normal 0.914054 0.135602 0.382253
    outer loop
      vertex 17.1762 3.41656 96.2662
      vertex 17.2929 1.94266 96.51
      vertex 17.4284 1.71655 96.2662
    endloop
  endfacet
  facet normal 0.409182 0.865147 0.289985
    outer loop
      vertex 6.9046 16.6692 94.5194
      vertex 6.70183 16.1796 96.2662
      vertex 8.25544 15.4448 96.2662
    endloop
  endfacet
  facet normal 0.409218 0.86514 0.289953
    outer loop
      vertex 8.50521 15.9121 94.5194
      vertex 6.9046 16.6692 94.5194
      vertex 8.25544 15.4448 96.2662
    endloop
  endfacet
  facet normal 0.82278 -0.122035 -0.555103
    outer loop
      vertex 15.8769 -1.56374 80.4377
      vertex 14.6526 -2.91458 78.92
      vertex 14.8677 -1.46434 78.92
    endloop
  endfacet
  facet normal 0.955891 0.0469439 -0.289947
    outer loop
      vertex 17.5127 0 83.7338
      vertex 17.4284 1.71655 83.7338
      vertex 17.9557 1.76848 85.4806
    endloop
  endfacet
  facet normal 0.994 0.0488349 -0.097874
    outer loop
      vertex 18.3987 0 87.2708
      vertex 18.3101 1.80339 87.2708
      vertex 18.4881 1.82092 89.0873
    endloop
  endfacet
  facet normal 0.914033 -0.135599 -0.382305
    outer loop
      vertex 17.1762 -3.41656 83.7338
      vertex 16.4911 -3.28029 82.0475
      vertex 17.4284 -1.71655 83.7338
    endloop
  endfacet
  facet normal 0.970212 0.143901 -0.19489
    outer loop
      vertex 18.3101 1.80339 87.2708
      vertex 17.6959 3.51993 85.4806
      vertex 18.0452 3.5894 87.2708
    endloop
  endfacet
  facet normal 0.92836 0.232529 0.289962
    outer loop
      vertex 17.2657 5.23748 94.5194
      vertex 17.1762 3.41656 96.2662
      vertex 17.6959 3.51993 94.5194
    endloop
  endfacet
  facet normal 0.970212 -0.143916 0.194876
    outer loop
      vertex 17.9557 -1.76848 94.5194
      vertex 17.6959 -3.51993 94.5194
      vertex 18.3101 -1.80339 92.7292
    endloop
  endfacet
  facet normal 0.899643 0.425508 0.0979086
    outer loop
      vertex 16.384 8.75742 90.9127
      vertex 16.2262 8.67308 92.7292
      vertex 17.1635 7.10934 90.9127
    endloop
  endfacet
  facet normal 0.901088 0.322412 0.289986
    outer loop
      vertex 16.6692 6.9046 94.5194
      vertex 16.1796 6.70183 96.2662
      vertex 17.2657 5.23748 94.5194
    endloop
  endfacet
  facet normal 0.923501 0.330431 0.194837
    outer loop
      vertex 17.6064 5.34086 92.7292
      vertex 16.6692 6.9046 94.5194
      vertex 17.2657 5.23748 94.5194
    endloop
  endfacet
  facet normal 0.495494 0.668081 -0.555116
    outer loop
      vertex 9.47762 11.5485 78.92
      vertex 8.86343 13.2651 80.4377
      vertex 10.121 12.3324 80.4377
    endloop
  endfacet
  facet normal 0.820898 0.49199 -0.289953
    outer loop
      vertex 15.4448 8.25544 83.7338
      vertex 15.0019 10.0239 85.4806
      vertex 15.9121 8.50521 85.4806
    endloop
  endfacet
  facet normal 0.841281 0.504263 -0.194846
    outer loop
      vertex 16.2262 8.67308 87.2708
      vertex 15.0019 10.0239 85.4806
      vertex 15.2979 10.2218 87.2708
    endloop
  endfacet
  facet normal 0.886644 0.419389 -0.19487
    outer loop
      vertex 16.6692 6.9046 85.4806
      vertex 15.9121 8.50521 85.4806
      vertex 16.9982 7.04087 87.2708
    endloop
  endfacet
  facet normal 0.951421 0.238363 -0.194889
    outer loop
      vertex 17.6959 3.51993 85.4806
      vertex 17.6064 5.34086 87.2708
      vertex 18.0452 3.5894 87.2708
    endloop
  endfacet
  facet normal 0.706674 0.034747 -0.706685
    outer loop
      vertex 12.491 0 76.2183
      vertex 12.4308 1.22433 76.2183
      vertex 13.7153 1.35084 77.509
    endloop
  endfacet
  facet normal 0.946677 0.140442 -0.289962
    outer loop
      vertex 17.4284 1.71655 83.7338
      vertex 17.1762 3.41656 83.7338
      vertex 17.6959 3.51993 85.4806
    endloop
  endfacet
  facet normal 0.765026 0.113453 -0.633927
    outer loop
      vertex 13.7153 1.35084 77.509
      vertex 13.5169 2.68867 77.509
      vertex 14.6526 2.91458 78.92
    endloop
  endfacet
  facet normal 0.524248 0.475151 -0.706679
    outer loop
      vertex 10.6534 8.74301 77.509
      vertex 8.83247 8.83247 76.2183
      vertex 9.74513 9.74513 77.509
    endloop
  endfacet
  facet normal 0.373374 0.411957 -0.831194
    outer loop
      vertex 6.92685 7.87577 74.6728
      vertex 7.83475 7.83475 75.0603
      vertex 7.42462 7.42462 74.6728
    endloop
  endfacet
  facet normal 0.373374 0.411958 -0.831193
    outer loop
      vertex 7.83475 7.83475 75.0603
      vertex 6.92685 7.87577 74.6728
      vertex 7.02908 8.56496 75.0603
    endloop
  endfacet
  facet normal 0.621184 0.460723 -0.633928
    outer loop
      vertex 11.4591 7.6567 77.509
      vertex 10.6534 8.74301 77.509
      vertex 12.4219 8.30003 78.92
    endloop
  endfacet
  facet normal 0.639613 0.302485 -0.706681
    outer loop
      vertex 12.7326 5.27402 77.509
      vertex 11.0161 5.88821 76.2183
      vertex 12.1544 6.49664 77.509
    endloop
  endfacet
  facet normal 0.699875 -0.10378 -0.706685
    outer loop
      vertex 13.7153 -1.35084 77.509
      vertex 12.251 -2.43687 76.2183
      vertex 12.4308 -1.22433 76.2183
    endloop
  endfacet
  facet normal 0.772452 -0.0379806 -0.633937
    outer loop
      vertex 14.8677 -1.46434 78.92
      vertex 13.7153 -1.35084 77.509
      vertex 14.9397 0 78.92
    endloop
  endfacet
  facet normal 0.751929 0.355587 -0.555123
    outer loop
      vertex 14.7393 6.10524 80.4377
      vertex 13.1756 7.04251 78.92
      vertex 14.07 7.52055 80.4377
    endloop
  endfacet
  facet normal 0.830591 0.297193 -0.470952
    outer loop
      vertex 16.0902 4.8809 82.0475
      vertex 15.2668 4.63113 80.4377
      vertex 15.5343 6.43452 82.0475
    endloop
  endfacet
  facet normal 0.550425 0.742132 0.382456
    outer loop
      vertex 11.11 13.5375 96.2662
      vertex 9.86507 14.3352 96.51
      vertex 11.0459 13.4594 96.51
    endloop
  endfacet
  facet normal 0.550437 0.742186 0.382334
    outer loop
      vertex 9.86507 14.3352 96.51
      vertex 11.11 13.5375 96.2662
      vertex 9.72955 14.5613 96.2662
    endloop
  endfacet
  facet normal 0.642738 0.709115 0.289904
    outer loop
      vertex 12.758 12.758 94.5194
      vertex 11.4461 13.9471 94.5194
      vertex 12.3834 12.3834 96.2662
    endloop
  endfacet
  facet normal 0.726729 0.658704 0.194868
    outer loop
      vertex 13.0098 13.0098 92.7292
      vertex 12.758 12.758 94.5194
      vertex 13.9471 11.4461 94.5194
    endloop
  endfacet
  facet normal 0.768704 0.570103 0.289959
    outer loop
      vertex 15.0019 10.0239 94.5194
      vertex 13.5375 11.11 96.2662
      vertex 14.5613 9.72955 96.2662
    endloop
  endfacet
  facet normal 0.899642 0.425511 0.0979056
    outer loop
      vertex 17.1635 7.10934 90.9127
      vertex 16.2262 8.67308 92.7292
      vertex 16.9982 7.04087 92.7292
    endloop
  endfacet
  facet normal 0.525508 0.708548 -0.470958
    outer loop
      vertex 10.121 12.3324 80.4377
      vertex 8.86343 13.2651 80.4377
      vertex 10.6668 12.9976 82.0475
    endloop
  endfacet
  facet normal 0.708548 0.525508 -0.470958
    outer loop
      vertex 13.2651 8.86343 80.4377
      vertex 12.3324 10.121 80.4377
      vertex 12.9976 10.6668 82.0475
    endloop
  endfacet
  facet normal 0.475034 0.792589 -0.382289
    outer loop
      vertex 9.72955 14.5613 83.7338
      vertex 7.92616 14.8288 82.0475
      vertex 8.25544 15.4448 83.7338
    endloop
  endfacet
  facet normal 0.419389 0.886644 -0.19487
    outer loop
      vertex 8.50521 15.9121 85.4806
      vertex 6.9046 16.6692 85.4806
      vertex 7.04087 16.9982 87.2708
    endloop
  endfacet
  facet normal 0.453529 0.756659 -0.470934
    outer loop
      vertex 8.86343 13.2651 80.4377
      vertex 7.52055 14.07 80.4377
      vertex 7.92616 14.8288 82.0475
    endloop
  endfacet
  facet normal 0.129432 0.872613 -0.47095
    outer loop
      vertex 3.28029 16.4911 82.0475
      vertex 1.56374 15.8769 80.4377
      vertex 1.64808 16.7332 82.0475
    endloop
  endfacet
  facet normal -0.0407922 0.830765 -0.555127
    outer loop
      vertex -1.46434 14.8677 78.92
      vertex -1 15.539 79.8905
      vertex -1 14.8905 78.92
    endloop
  endfacet
  facet normal -0.0408582 0.830777 -0.555104
    outer loop
      vertex -1 15.539 79.8905
      vertex -1.46434 14.8677 78.92
      vertex -1.56374 15.8769 80.4377
    endloop
  endfacet
  facet normal 0.143916 0.970212 -0.194876
    outer loop
      vertex 3.51993 17.6959 85.4806
      vertex 1.76848 17.9557 85.4806
      vertex 1.80339 18.3101 87.2708
    endloop
  endfacet
  facet normal 0.514105 0.857727 -0
    outer loop
      vertex 10.3212 15.4467 89.0873
      vertex 8.75742 16.384 90.9127
      vertex 10.3212 15.4467 90.9127
    endloop
  endfacet
  facet normal 0.514105 0.857727 0
    outer loop
      vertex 8.75742 16.384 90.9127
      vertex 10.3212 15.4467 89.0873
      vertex 8.75742 16.384 89.0873
    endloop
  endfacet
  facet normal 0.66836 0.737367 0.0979008
    outer loop
      vertex 11.7855 14.3607 90.9127
      vertex 11.672 14.2224 92.7292
      vertex 13.0098 13.0098 92.7292
    endloop
  endfacet
  facet normal 0.737363 0.668365 0.0978941
    outer loop
      vertex 13.1363 13.1363 90.9127
      vertex 13.0098 13.0098 92.7292
      vertex 14.3607 11.7855 90.9127
    endloop
  endfacet
  facet normal -0.280246 0.783153 -0.555097
    outer loop
      vertex -4.33675 14.2964 78.92
      vertex -6.10524 14.7393 80.4377
      vertex -4.63113 15.2668 80.4377
    endloop
  endfacet
  facet normal -0.297193 0.830591 -0.470952
    outer loop
      vertex -4.63113 15.2668 80.4377
      vertex -6.43452 15.5343 82.0475
      vertex -4.8809 16.0902 82.0475
    endloop
  endfacet
  facet normal -0.129426 0.872616 -0.470945
    outer loop
      vertex -3.11242 15.6472 80.4377
      vertex -3.28029 16.4911 82.0475
      vertex -1.56374 15.8769 80.4377
    endloop
  endfacet
  facet normal -0.297214 0.830571 -0.470972
    outer loop
      vertex -6.10524 14.7393 80.4377
      vertex -6.43452 15.5343 82.0475
      vertex -4.63113 15.2668 80.4377
    endloop
  endfacet
  facet normal -0.835335 0.395031 0.382316
    outer loop
      vertex -15.9843 6.87886 96.51
      vertex -16.1796 6.70183 96.2662
      vertex -16.0863 6.66317 96.51
    endloop
  endfacet
  facet normal -0.901088 0.322412 0.289986
    outer loop
      vertex -16.6692 6.9046 94.5194
      vertex -17.2657 5.23748 94.5194
      vertex -16.1796 6.70183 96.2662
    endloop
  endfacet
  facet normal -0.865147 0.409182 0.289985
    outer loop
      vertex -15.4448 8.25544 96.2662
      vertex -16.6692 6.9046 94.5194
      vertex -16.1796 6.70183 96.2662
    endloop
  endfacet
  facet normal -0.970212 0.143901 0.19489
    outer loop
      vertex -18.0452 3.5894 92.7292
      vertex -18.3101 1.80339 92.7292
      vertex -17.6959 3.51993 94.5194
    endloop
  endfacet
  facet normal -0.955891 0.0469439 0.289947
    outer loop
      vertex -17.4284 1.71655 96.2662
      vertex -17.9557 1.76848 94.5194
      vertex -17.5127 0 96.2662
    endloop
  endfacet
  facet normal -0.937037 0.335227 0.0978966
    outer loop
      vertex -17.1635 7.10934 90.9127
      vertex -17.7776 5.39279 90.9127
      vertex -17.6064 5.34086 92.7292
    endloop
  endfacet
  facet normal -0.955882 0.0469704 0.289971
    outer loop
      vertex -17.9557 1.76848 94.5194
      vertex -18.0426 0 94.5194
      vertex -17.5127 0 96.2662
    endloop
  endfacet
  facet normal -0.946677 0.140442 0.289962
    outer loop
      vertex -17.1762 3.41656 96.2662
      vertex -17.6959 3.51993 94.5194
      vertex -17.4284 1.71655 96.2662
    endloop
  endfacet
  facet normal -0.92836 0.232529 0.289962
    outer loop
      vertex -17.2657 5.23748 94.5194
      vertex -17.6959 3.51993 94.5194
      vertex -17.1762 3.41656 96.2662
    endloop
  endfacet
  facet normal -0.65871 0.726721 -0.194877
    outer loop
      vertex -11.4461 13.9471 85.4806
      vertex -13.0098 13.0098 87.2708
      vertex -11.672 14.2224 87.2708
    endloop
  endfacet
  facet normal -0.820898 0.49199 0.289953
    outer loop
      vertex -15.0019 10.0239 94.5194
      vertex -15.9121 8.50521 94.5194
      vertex -15.4448 8.25544 96.2662
    endloop
  endfacet
  facet normal -0.841281 0.504263 0.194846
    outer loop
      vertex -15.2979 10.2218 92.7292
      vertex -16.2262 8.67308 92.7292
      vertex -15.0019 10.0239 94.5194
    endloop
  endfacet
  facet normal -0.853599 0.511645 0.0979207
    outer loop
      vertex -15.4467 10.3212 90.9127
      vertex -16.2262 8.67308 92.7292
      vertex -15.2979 10.2218 92.7292
    endloop
  endfacet
  facet normal -0.835335 -0.395031 0.382316
    outer loop
      vertex -16.0863 -6.66317 96.51
      vertex -16.1796 -6.70183 96.2662
      vertex -15.9843 -6.87886 96.51
    endloop
  endfacet
  facet normal -0.475034 -0.792589 -0.382289
    outer loop
      vertex -8.25544 -15.4448 83.7338
      vertex -9.72955 -14.5613 83.7338
      vertex -7.92616 -14.8288 82.0475
    endloop
  endfacet
  facet normal -0.726729 -0.658704 -0.194868
    outer loop
      vertex -13.0098 -13.0098 87.2708
      vertex -13.9471 -11.4461 85.4806
      vertex -12.758 -12.758 85.4806
    endloop
  endfacet
  facet normal -0.592822 -0.799359 -0.0979196
    outer loop
      vertex -10.3212 -15.4467 89.0873
      vertex -11.672 -14.2224 87.2708
      vertex -10.2218 -15.2979 87.2708
    endloop
  endfacet
  facet normal -0.511645 -0.853599 0.0979207
    outer loop
      vertex -10.2218 -15.2979 92.7292
      vertex -10.3212 -15.4467 90.9127
      vertex -8.67308 -16.2262 92.7292
    endloop
  endfacet
  facet normal -0.792552 -0.475331 0.381997
    outer loop
      vertex -14.5842 -9.57491 96.4108
      vertex -14.4773 -9.67343 96.51
      vertex -14.5487 -9.55438 96.51
    endloop
  endfacet
  facet normal -0.792582 -0.47495 0.382408
    outer loop
      vertex -14.4773 -9.67343 96.51
      vertex -14.5842 -9.57491 96.4108
      vertex -14.5613 -9.72955 96.2662
    endloop
  endfacet
  facet normal 0.0469439 -0.955891 0.289947
    outer loop
      vertex 1.71655 -17.4284 96.2662
      vertex 0 -17.5127 96.2662
      vertex 1.76848 -17.9557 94.5194
    endloop
  endfacet
  facet normal 0.140426 -0.946684 0.289947
    outer loop
      vertex 3.51993 -17.6959 94.5194
      vertex 1.71655 -17.4284 96.2662
      vertex 1.76848 -17.9557 94.5194
    endloop
  endfacet
  facet normal -0.224262 -0.896465 0.382174
    outer loop
      vertex -5.05435 -16.662 96.51
      vertex -5.08367 -16.7586 96.2662
      vertex -4.8229 -16.7199 96.51
    endloop
  endfacet
  facet normal -0.335227 -0.937037 0.0978966
    outer loop
      vertex -5.34086 -17.6064 92.7292
      vertex -7.10934 -17.1635 90.9127
      vertex -5.39279 -17.7776 90.9127
    endloop
  endfacet
  facet normal 0.143901 -0.970212 -0.19489
    outer loop
      vertex 3.5894 -18.0452 87.2708
      vertex 1.80339 -18.3101 87.2708
      vertex 3.51993 -17.6959 85.4806
    endloop
  endfacet
  facet normal 0.0481297 -0.979646 -0.194876
    outer loop
      vertex 1.80339 -18.3101 87.2708
      vertex 0 -18.3987 87.2708
      vertex 1.76848 -17.9557 85.4806
    endloop
  endfacet
  facet normal -0.0453106 -0.922911 0.382338
    outer loop
      vertex 0 -17.4117 96.51
      vertex -0.238312 -17.4 96.51
      vertex 0 -17.5127 96.2662
    endloop
  endfacet
  facet normal -0.395081 -0.835396 0.382133
    outer loop
      vertex -8.25544 -15.4448 96.2662
      vertex -6.87886 -15.9843 96.51
      vertex -8.20782 -15.3558 96.51
    endloop
  endfacet
  facet normal -0.39508 -0.83533 0.382276
    outer loop
      vertex -6.87886 -15.9843 96.51
      vertex -8.25544 -15.4448 96.2662
      vertex -6.70183 -16.1796 96.2662
    endloop
  endfacet
  facet normal -0.409182 -0.865147 0.289985
    outer loop
      vertex -6.70183 -16.1796 96.2662
      vertex -8.25544 -15.4448 96.2662
      vertex -6.9046 -16.6692 94.5194
    endloop
  endfacet
  facet normal -0.409218 -0.86514 0.289953
    outer loop
      vertex -8.25544 -15.4448 96.2662
      vertex -8.50521 -15.9121 94.5194
      vertex -6.9046 -16.6692 94.5194
    endloop
  endfacet
  facet normal -0.491997 -0.820891 0.289961
    outer loop
      vertex -9.72955 -14.5613 96.2662
      vertex -10.0239 -15.0019 94.5194
      vertex -8.25544 -15.4448 96.2662
    endloop
  endfacet
  facet normal -0.504217 -0.841298 -0.194891
    outer loop
      vertex -8.67308 -16.2262 87.2708
      vertex -10.0239 -15.0019 85.4806
      vertex -8.50521 -15.9121 85.4806
    endloop
  endfacet
  facet normal -0.550445 -0.742198 -0.382299
    outer loop
      vertex -9.72955 -14.5613 83.7338
      vertex -11.11 -13.5375 83.7338
      vertex -10.6668 -12.9976 82.0475
    endloop
  endfacet
  facet normal -0.994 0.0488349 -0.097874
    outer loop
      vertex -18.3987 0 87.2708
      vertex -18.4881 1.82092 89.0873
      vertex -18.3101 1.80339 87.2708
    endloop
  endfacet
  facet normal -0.937033 -0.335236 0.0979054
    outer loop
      vertex -16.9982 -7.04087 92.7292
      vertex -17.6064 -5.34086 92.7292
      vertex -17.1635 -7.10934 90.9127
    endloop
  endfacet
  facet normal -0.737363 -0.668365 0.0978941
    outer loop
      vertex -13.0098 -13.0098 92.7292
      vertex -14.3607 -11.7855 90.9127
      vertex -13.1363 -13.1363 90.9127
    endloop
  endfacet
  facet normal -0.684645 -0.620473 0.382457
    outer loop
      vertex -13.5375 -11.11 96.2662
      vertex -12.4722 -12.1352 96.51
      vertex -13.4594 -11.0459 96.51
    endloop
  endfacet
  facet normal -0.684665 -0.620522 0.382343
    outer loop
      vertex -12.4722 -12.1352 96.51
      vertex -13.5375 -11.11 96.2662
      vertex -12.3834 -12.3834 96.2662
    endloop
  endfacet
  facet normal -0.951421 -0.238363 0.194889
    outer loop
      vertex -17.6959 -3.51993 94.5194
      vertex -18.0452 -3.5894 92.7292
      vertex -17.6064 -5.34086 92.7292
    endloop
  endfacet
  facet normal -0.658704 -0.726729 -0.194868
    outer loop
      vertex -11.4461 -13.9471 85.4806
      vertex -13.0098 -13.0098 87.2708
      vertex -12.758 -12.758 85.4806
    endloop
  endfacet
  facet normal -0.923506 -0.330396 0.19487
    outer loop
      vertex -16.6692 -6.9046 94.5194
      vertex -17.6064 -5.34086 92.7292
      vertex -16.9982 -7.04087 92.7292
    endloop
  endfacet
  facet normal -0.984429 -0.146022 0.0978621
    outer loop
      vertex -18.0452 -3.5894 92.7292
      vertex -18.4881 -1.82092 90.9127
      vertex -18.2206 -3.62431 90.9127
    endloop
  endfacet
  facet normal -0.853576 -0.511683 0.0979259
    outer loop
      vertex -15.539 -10.1261 91.1276
      vertex -15.5573 -10.1367 90.9127
      vertex -15.4467 -10.3212 90.9127
    endloop
  endfacet
  facet normal -0.899632 -0.425529 0.0979168
    outer loop
      vertex -16.4308 -8.33165 92.3326
      vertex -17.1635 -7.10934 90.9127
      vertex -16.5522 -8.40172 90.9127
    endloop
  endfacet
  facet normal -0.923501 -0.330431 0.194837
    outer loop
      vertex -17.2657 -5.23748 94.5194
      vertex -17.6064 -5.34086 92.7292
      vertex -16.6692 -6.9046 94.5194
    endloop
  endfacet
  facet normal -0.979646 -0.0481297 0.194876
    outer loop
      vertex -17.9557 -1.76848 94.5194
      vertex -18.3987 0 92.7292
      vertex -18.3101 -1.80339 92.7292
    endloop
  endfacet
  facet normal -0.994 -0.0488349 0.097874
    outer loop
      vertex -18.3987 0 92.7292
      vertex -18.4881 -1.82092 90.9127
      vertex -18.3101 -1.80339 92.7292
    endloop
  endfacet
  facet normal 0.10378 -0.699875 -0.706685
    outer loop
      vertex 1.35084 -13.7153 77.509
      vertex 1.22433 -12.4308 76.2183
      vertex 2.43687 -12.251 76.2183
    endloop
  endfacet
  facet normal 0.154283 -0.615823 -0.772631
    outer loop
      vertex 2.43687 -12.251 76.2183
      vertex 2.1616 -10.8671 75.0603
      vertex 3.62594 -11.9531 76.2183
    endloop
  endfacet
  facet normal -0.135041 -0.539359 -0.831177
    outer loop
      vertex -2.70011 -10.135 74.6728
      vertex -3.21636 -10.6029 75.0603
      vertex -3.04799 -10.0479 74.6728
    endloop
  endfacet
  facet normal -0.55532 0.0272862 -0.831189
    outer loop
      vertex -10.5 0 74.6728
      vertex -11.08 0 75.0603
      vertex -10.4824 0.35819 74.6728
    endloop
  endfacet
  facet normal -0.421487 -0.568283 -0.706684
    outer loop
      vertex -7.6567 -11.4591 77.509
      vertex -8.74301 -10.6534 77.509
      vertex -6.93963 -10.3859 76.2183
    endloop
  endfacet
  facet normal -0.397599 -0.663366 -0.633924
    outer loop
      vertex -7.04251 -13.1756 78.92
      vertex -7.6567 -11.4591 77.509
      vertex -6.49664 -12.1544 77.509
    endloop
  endfacet
  facet normal -0.409182 -0.865147 -0.289985
    outer loop
      vertex -6.9046 -16.6692 85.4806
      vertex -8.25544 -15.4448 83.7338
      vertex -6.70183 -16.1796 83.7338
    endloop
  endfacet
  facet normal -0.395078 -0.835326 -0.382288
    outer loop
      vertex -6.70183 -16.1796 83.7338
      vertex -8.25544 -15.4448 83.7338
      vertex -7.92616 -14.8288 82.0475
    endloop
  endfacet
  facet normal -0.475048 -0.792573 -0.382306
    outer loop
      vertex -7.92616 -14.8288 82.0475
      vertex -9.72955 -14.5613 83.7338
      vertex -9.34147 -13.9805 82.0475
    endloop
  endfacet
  facet normal -0.642698 -0.709135 -0.289943
    outer loop
      vertex -11.4461 -13.9471 85.4806
      vertex -12.3834 -12.3834 83.7338
      vertex -11.11 -13.5375 83.7338
    endloop
  endfacet
  facet normal -0.113453 -0.765026 -0.633927
    outer loop
      vertex -1.35084 -13.7153 77.509
      vertex -2.91458 -14.6526 78.92
      vertex -2.68867 -13.5169 77.509
    endloop
  endfacet
  facet normal -0.0379806 -0.772452 -0.633937
    outer loop
      vertex 0 -14.9397 78.92
      vertex -1.46434 -14.8677 78.92
      vertex -1.35084 -13.7153 77.509
    endloop
  endfacet
  facet normal 0.241824 -0.965373 0.0978631
    outer loop
      vertex 5.39279 -17.7776 90.9127
      vertex 3.5894 -18.0452 92.7292
      vertex 3.62431 -18.2206 90.9127
    endloop
  endfacet
  facet normal 0.330396 -0.923506 0.19487
    outer loop
      vertex 6.9046 -16.6692 94.5194
      vertex 5.34086 -17.6064 92.7292
      vertex 7.04087 -16.9982 92.7292
    endloop
  endfacet
  facet normal 0.122035 -0.82278 -0.555104
    outer loop
      vertex 3.11242 -15.6472 80.4377
      vertex 1.56374 -15.8769 80.4377
      vertex 2.91458 -14.6526 78.92
    endloop
  endfacet
  facet normal 0.202089 -0.806863 -0.555097
    outer loop
      vertex 4.63113 -15.2668 80.4377
      vertex 2.91458 -14.6526 78.92
      vertex 4.33675 -14.2964 78.92
    endloop
  endfacet
  facet normal 0.330649 -0.699147 -0.633928
    outer loop
      vertex 5.71716 -13.8024 78.92
      vertex 5.27402 -12.7326 77.509
      vertex 7.04251 -13.1756 78.92
    endloop
  endfacet
  facet normal 0.214331 -0.855726 -0.470952
    outer loop
      vertex 4.8809 -16.0902 82.0475
      vertex 3.28029 -16.4911 82.0475
      vertex 4.63113 -15.2668 80.4377
    endloop
  endfacet
  facet normal 0.453529 -0.756659 -0.470934
    outer loop
      vertex 7.92616 -14.8288 82.0475
      vertex 7.52055 -14.07 80.4377
      vertex 8.86343 -13.2651 80.4377
    endloop
  endfacet
  facet normal 0.214339 -0.855727 -0.470946
    outer loop
      vertex 3.28029 -16.4911 82.0475
      vertex 3.11242 -15.6472 80.4377
      vertex 4.63113 -15.2668 80.4377
    endloop
  endfacet
  facet normal 0.24299 -0.970029 0
    outer loop
      vertex 3.62431 -18.2206 89.0873
      vertex 5.39279 -17.7776 90.9127
      vertex 3.62431 -18.2206 90.9127
    endloop
  endfacet
  facet normal 0.24299 -0.970029 0
    outer loop
      vertex 5.39279 -17.7776 90.9127
      vertex 3.62431 -18.2206 89.0873
      vertex 5.39279 -17.7776 89.0873
    endloop
  endfacet
  facet normal 0.238363 -0.951421 -0.194889
    outer loop
      vertex 3.5894 -18.0452 87.2708
      vertex 3.51993 -17.6959 85.4806
      vertex 5.34086 -17.6064 87.2708
    endloop
  endfacet
  facet normal 0.224528 -0.896343 -0.382305
    outer loop
      vertex 3.41656 -17.1762 83.7338
      vertex 3.28029 -16.4911 82.0475
      vertex 5.08367 -16.7586 83.7338
    endloop
  endfacet
  facet normal 0.232529 -0.92836 -0.289962
    outer loop
      vertex 3.51993 -17.6959 85.4806
      vertex 3.41656 -17.1762 83.7338
      vertex 5.23748 -17.2657 85.4806
    endloop
  endfacet
  facet normal 0.756924 -0.453138 -0.470884
    outer loop
      vertex 13.3077 -8.83789 80.4816
      vertex 13.2651 -8.86343 80.4377
      vertex 13.2874 -8.82618 80.4377
    endloop
  endfacet
  facet normal 0.653617 -0.592457 -0.470935
    outer loop
      vertex 11.8894 -11.8894 82.0475
      vertex 11.281 -11.281 80.4377
      vertex 12.9976 -10.6668 82.0475
    endloop
  endfacet
  facet normal 0.616285 -0.558598 -0.555122
    outer loop
      vertex 11.281 -11.281 80.4377
      vertex 10.5639 -10.5639 78.92
      vertex 11.5485 -9.47762 78.92
    endloop
  endfacet
  facet normal 0.558595 -0.616293 -0.555117
    outer loop
      vertex 10.121 -12.3324 80.4377
      vertex 9.47762 -11.5485 78.92
      vertex 11.281 -11.281 80.4377
    endloop
  endfacet
  facet normal 0.620562 -0.684623 -0.382353
    outer loop
      vertex 12.3834 -12.3834 83.7338
      vertex 10.6668 -12.9976 82.0475
      vertex 11.8894 -11.8894 82.0475
    endloop
  endfacet
  facet normal 0.592822 -0.799359 -0.0979196
    outer loop
      vertex 10.3212 -15.4467 89.0873
      vertex 10.2218 -15.2979 87.2708
      vertex 11.672 -14.2224 87.2708
    endloop
  endfacet
  facet normal 0.504263 -0.841281 -0.194846
    outer loop
      vertex 10.2218 -15.2979 87.2708
      vertex 8.67308 -16.2262 87.2708
      vertex 10.0239 -15.0019 85.4806
    endloop
  endfacet
  facet normal 0.550445 -0.742198 -0.382299
    outer loop
      vertex 11.11 -13.5375 83.7338
      vertex 9.72955 -14.5613 83.7338
      vertex 10.6668 -12.9976 82.0475
    endloop
  endfacet
  facet normal -0.395083 -0.835325 -0.382284
    outer loop
      vertex -6.70183 -16.1796 83.7338
      vertex -7.92616 -14.8288 82.0475
      vertex -6.43452 -15.5343 82.0475
    endloop
  endfacet
  facet normal -0.0379693 -0.772447 -0.633943
    outer loop
      vertex 0 -14.9397 78.92
      vertex -1.35084 -13.7153 77.509
      vertex 0 -13.7817 77.509
    endloop
  endfacet
  facet normal -0.0931248 -0.628018 -0.772607
    outer loop
      vertex -1.22433 -12.4308 76.2183
      vertex -2.43687 -12.251 76.2183
      vertex -1.08603 -11.0267 75.0603
    endloop
  endfacet
  facet normal -0.122035 -0.82278 -0.555104
    outer loop
      vertex -1.56374 -15.8769 80.4377
      vertex -3.11242 -15.6472 80.4377
      vertex -2.91458 -14.6526 78.92
    endloop
  endfacet
  facet normal 0.519378 -0.573045 -0.633929
    outer loop
      vertex 9.47762 -11.5485 78.92
      vertex 8.74301 -10.6534 77.509
      vertex 9.74513 -9.74513 77.509
    endloop
  endfacet
  facet normal 0.699108 -0.330643 -0.633974
    outer loop
      vertex 13.0028 -6.35244 78.3694
      vertex 12.3899 -5.99862 77.509
      vertex 12.7326 -5.27402 77.509
    endloop
  endfacet
  facet normal 0.187309 -0.523477 -0.831196
    outer loop
      vertex 4.24013 -10.2366 75.0603
      vertex 3.38565 -9.92706 74.6728
      vertex 4.01818 -9.70073 74.6728
    endloop
  endfacet
  facet normal 0.187302 -0.523489 -0.83119
    outer loop
      vertex 3.38565 -9.92706 74.6728
      vertex 4.24013 -10.2366 75.0603
      vertex 3.21636 -10.6029 75.0603
    endloop
  endfacet
  facet normal 0.0311795 -0.634119 -0.772607
    outer loop
      vertex 1.22433 -12.4308 76.2183
      vertex 0 -12.491 76.2183
      vertex 1.08603 -11.0267 75.0603
    endloop
  endfacet
  facet normal 0.213847 -0.597756 -0.77263
    outer loop
      vertex 4.7801 -11.5402 76.2183
      vertex 3.62594 -11.9531 76.2183
      vertex 4.24013 -10.2366 75.0603
    endloop
  endfacet
  facet normal 0.238332 -0.666199 -0.706666
    outer loop
      vertex 5.27402 -12.7326 77.509
      vertex 3.62594 -11.9531 76.2183
      vertex 4.7801 -11.5402 76.2183
    endloop
  endfacet
  facet normal 0.737363 -0.668365 -0.0978941
    outer loop
      vertex 13.1363 -13.1363 89.0873
      vertex 13.0098 -13.0098 87.2708
      vertex 14.3607 -11.7855 89.0873
    endloop
  endfacet
  facet normal 0.297214 0.830571 -0.470972
    outer loop
      vertex 6.10524 14.7393 80.4377
      vertex 4.63113 15.2668 80.4377
      vertex 6.43452 15.5343 82.0475
    endloop
  endfacet
  facet normal -0.409218 0.86514 0.289953
    outer loop
      vertex -6.9046 16.6692 94.5194
      vertex -8.50521 15.9121 94.5194
      vertex -8.25544 15.4448 96.2662
    endloop
  endfacet
  facet normal -0.241856 0.965361 -0.0978967
    outer loop
      vertex -5.34086 17.6064 87.2708
      vertex -5.39279 17.7776 89.0873
      vertex -3.5894 18.0452 87.2708
    endloop
  endfacet
  facet normal 0.330649 0.699147 -0.633928
    outer loop
      vertex 7.04251 13.1756 78.92
      vertex 5.27402 12.7326 77.509
      vertex 5.71716 13.8024 78.92
    endloop
  endfacet
  facet normal 0.0408221 0.830796 -0.555078
    outer loop
      vertex 1.56374 15.8769 80.4377
      vertex 1 15.539 79.8905
      vertex 1 15.9046 80.4377
    endloop
  endfacet
  facet normal 0.237708 -0.502609 -0.831191
    outer loop
      vertex 4.94967 -9.26017 74.6728
      vertex 5.22308 -9.77169 75.0603
      vertex 4.62547 -9.4135 74.6728
    endloop
  endfacet
  facet normal 0.872616 -0.129426 -0.470945
    outer loop
      vertex 16.4911 -3.28029 82.0475
      vertex 15.6472 -3.11242 80.4377
      vertex 15.8769 -1.56374 80.4377
    endloop
  endfacet
  facet normal 0.855727 -0.214339 -0.470946
    outer loop
      vertex 16.4911 -3.28029 82.0475
      vertex 15.2668 -4.63113 80.4377
      vertex 15.6472 -3.11242 80.4377
    endloop
  endfacet
  facet normal 0.772452 0.0379806 -0.633937
    outer loop
      vertex 14.9397 0 78.92
      vertex 13.7153 1.35084 77.509
      vertex 14.8677 1.46434 78.92
    endloop
  endfacet
  facet normal 0.772447 0.0379693 -0.633943
    outer loop
      vertex 13.7817 0 77.509
      vertex 13.7153 1.35084 77.509
      vertex 14.9397 0 78.92
    endloop
  endfacet
  facet normal 0.783153 -0.280246 -0.555097
    outer loop
      vertex 14.7393 -6.10524 80.4377
      vertex 14.2964 -4.33675 78.92
      vertex 15.2668 -4.63113 80.4377
    endloop
  endfacet
  facet normal 0.751938 -0.35559 -0.555108
    outer loop
      vertex 13.6772 -6.74185 79.4068
      vertex 13.8024 -5.71716 78.92
      vertex 14.7393 -6.10524 80.4377
    endloop
  endfacet
  facet normal 0.751929 -0.355593 -0.555118
    outer loop
      vertex 13.8024 -5.71716 78.92
      vertex 13.6772 -6.74185 79.4068
      vertex 13.3949 -6.57885 78.92
    endloop
  endfacet
  facet normal 0.70857 -0.525494 -0.47094
    outer loop
      vertex 13.9805 -9.34147 82.0475
      vertex 12.9976 -10.6668 82.0475
      vertex 13.2651 -8.86343 80.4377
    endloop
  endfacet
  facet normal 0.914028 -0.135575 -0.382325
    outer loop
      vertex 17.4284 -1.71655 83.7338
      vertex 16.4911 -3.28029 82.0475
      vertex 16.7332 -1.64808 82.0475
    endloop
  endfacet
  facet normal 0.896356 -0.224508 -0.382285
    outer loop
      vertex 16.7586 -5.08367 83.7338
      vertex 16.0902 -4.8809 82.0475
      vertex 16.4911 -3.28029 82.0475
    endloop
  endfacet
  facet normal 0.865146 -0.409189 -0.289978
    outer loop
      vertex 16.0879 -8.13364 85.4806
      vertex 15.7382 -7.93176 84.1524
      vertex 16.6692 -6.9046 85.4806
    endloop
  endfacet
  facet normal 0.709115 -0.642738 -0.289904
    outer loop
      vertex 12.758 -12.758 85.4806
      vertex 12.3834 -12.3834 83.7338
      vertex 13.9471 -11.4461 85.4806
    endloop
  endfacet
  facet normal 0.865147 -0.409181 -0.289985
    outer loop
      vertex 15.7382 -7.93176 84.1524
      vertex 16.1796 -6.70183 83.7338
      vertex 16.6692 -6.9046 85.4806
    endloop
  endfacet
  facet normal 0.865163 -0.409174 -0.289949
    outer loop
      vertex 16.1796 -6.70183 83.7338
      vertex 15.7382 -7.93176 84.1524
      vertex 15.628 -7.86814 83.7338
    endloop
  endfacet
  facet normal 0.901088 -0.322412 -0.289986
    outer loop
      vertex 16.6692 -6.9046 85.4806
      vertex 16.1796 -6.70183 83.7338
      vertex 17.2657 -5.23748 85.4806
    endloop
  endfacet
  facet normal 0.886647 -0.4194 -0.194834
    outer loop
      vertex 16.3969 -8.31207 87.2708
      vertex 16.1578 -8.174 85.8855
      vertex 16.9982 -7.04087 87.2708
    endloop
  endfacet
  facet normal 0.886657 -0.419363 0.19487
    outer loop
      vertex 16.1578 -8.174 94.1145
      vertex 16.6692 -6.9046 94.5194
      vertex 16.0879 -8.13364 94.5194
    endloop
  endfacet
  facet normal 0.886657 -0.419363 0.19487
    outer loop
      vertex 16.6692 -6.9046 94.5194
      vertex 16.1578 -8.174 94.1145
      vertex 16.9982 -7.04087 92.7292
    endloop
  endfacet
  facet normal -0.998794 -0.0490917 0
    outer loop
      vertex -18.4881 -1.82092 89.0873
      vertex -18.5776 0 90.9127
      vertex -18.5776 0 89.0873
    endloop
  endfacet
  facet normal -0.998794 -0.0490917 0
    outer loop
      vertex -18.5776 0 90.9127
      vertex -18.4881 -1.82092 89.0873
      vertex -18.4881 -1.82092 90.9127
    endloop
  endfacet
  facet normal -0.970029 0.24299 0
    outer loop
      vertex -18.2206 3.62431 89.0873
      vertex -17.7776 5.39279 90.9127
      vertex -17.7776 5.39279 89.0873
    endloop
  endfacet
  facet normal -0.970029 0.24299 0
    outer loop
      vertex -17.7776 5.39279 90.9127
      vertex -18.2206 3.62431 89.0873
      vertex -18.2206 3.62431 90.9127
    endloop
  endfacet
  facet normal -0.98443 0.14601 -0.097874
    outer loop
      vertex -18.3101 1.80339 87.2708
      vertex -18.4881 1.82092 89.0873
      vertex -18.0452 3.5894 87.2708
    endloop
  endfacet
  facet normal -0.970212 0.143901 -0.19489
    outer loop
      vertex -17.6959 3.51993 85.4806
      vertex -18.3101 1.80339 87.2708
      vertex -18.0452 3.5894 87.2708
    endloop
  endfacet
  facet normal -0.870028 0.311304 -0.382283
    outer loop
      vertex -16.0902 4.8809 82.0475
      vertex -16.1796 6.70183 83.7338
      vertex -15.5343 6.43452 82.0475
    endloop
  endfacet
  facet normal -0.713436 0.427622 -0.555111
    outer loop
      vertex -12.4219 8.30003 78.92
      vertex -14.07 7.52055 80.4377
      vertex -13.2651 8.86343 80.4377
    endloop
  endfacet
  facet normal -0.592433 0.653625 -0.470954
    outer loop
      vertex -10.121 12.3324 80.4377
      vertex -11.281 11.281 80.4377
      vertex -10.6668 12.9976 82.0475
    endloop
  endfacet
  facet normal -0.326382 0.544532 -0.772632
    outer loop
      vertex -5.22308 9.77169 75.0603
      vertex -6.93963 10.3859 76.2183
      vertex -5.88821 11.0161 76.2183
    endloop
  endfacet
  facet normal -0.792573 0.475048 -0.382306
    outer loop
      vertex -13.9805 9.34147 82.0475
      vertex -14.8288 7.92616 82.0475
      vertex -14.5613 9.72955 83.7338
    endloop
  endfacet
  facet normal -0.768704 0.570103 -0.289959
    outer loop
      vertex -14.5613 9.72955 83.7338
      vertex -15.0019 10.0239 85.4806
      vertex -13.5375 11.11 83.7338
    endloop
  endfacet
  facet normal -0.984429 0.146022 -0.0978621
    outer loop
      vertex -18.0452 3.5894 87.2708
      vertex -18.4881 1.82092 89.0873
      vertex -18.2206 3.62431 89.0873
    endloop
  endfacet
  facet normal -0.737363 0.668365 0.0978941
    outer loop
      vertex -13.1363 13.1363 90.9127
      vertex -14.3607 11.7855 90.9127
      vertex -13.0098 13.0098 92.7292
    endloop
  endfacet
  facet normal -0.787823 0.584267 -0.194851
    outer loop
      vertex -15.0019 10.0239 85.4806
      vertex -15.2979 10.2218 87.2708
      vertex -14.2224 11.672 87.2708
    endloop
  endfacet
  facet normal -0.684623 -0.620562 -0.382353
    outer loop
      vertex -12.3834 -12.3834 83.7338
      vertex -12.9976 -10.6668 82.0475
      vertex -11.8894 -11.8894 82.0475
    endloop
  endfacet
  facet normal -0.66836 -0.737367 -0.0979008
    outer loop
      vertex -11.7855 -14.3607 89.0873
      vertex -13.0098 -13.0098 87.2708
      vertex -11.672 -14.2224 87.2708
    endloop
  endfacet
  facet normal -0.475147 -0.524249 -0.706681
    outer loop
      vertex -8.74301 -10.6534 77.509
      vertex -8.83247 -8.83247 76.2183
      vertex -7.9242 -9.65567 76.2183
    endloop
  endfacet
  facet normal -0.751938 -0.355618 -0.555091
    outer loop
      vertex -14.275 -7.08698 80.4377
      vertex -14.7393 -6.10524 80.4377
      vertex -13.6772 -6.74185 79.4068
    endloop
  endfacet
  facet normal -0.699147 0.330649 -0.633928
    outer loop
      vertex -12.7326 5.27402 77.509
      vertex -13.8024 5.71716 78.92
      vertex -13.1756 7.04251 78.92
    endloop
  endfacet
  facet normal -0.783141 0.280259 -0.555108
    outer loop
      vertex -14.2964 4.33675 78.92
      vertex -14.7393 6.10524 80.4377
      vertex -13.8024 5.71716 78.92
    endloop
  endfacet
  facet normal -0.519378 0.573045 -0.633929
    outer loop
      vertex -8.74301 10.6534 77.509
      vertex -9.74513 9.74513 77.509
      vertex -9.47762 11.5485 78.92
    endloop
  endfacet
  facet normal -0.573039 0.5194 -0.633916
    outer loop
      vertex -9.74513 9.74513 77.509
      vertex -11.5485 9.47762 78.92
      vertex -10.5639 10.5639 78.92
    endloop
  endfacet
  facet normal -0.411955 0.373383 -0.831191
    outer loop
      vertex -8.11661 6.66113 74.6728
      vertex -8.56496 7.02908 75.0603
      vertex -7.87577 6.92685 74.6728
    endloop
  endfacet
  facet normal -0.213847 0.597756 -0.77263
    outer loop
      vertex -4.24013 10.2366 75.0603
      vertex -4.7801 11.5402 76.2183
      vertex -3.62594 11.9531 76.2183
    endloop
  endfacet
  facet normal -0.728169 0.260586 -0.633928
    outer loop
      vertex -12.7326 5.27402 77.509
      vertex -14.2964 4.33675 78.92
      vertex -13.8024 5.71716 78.92
    endloop
  endfacet
  facet normal -0.597756 0.213847 -0.77263
    outer loop
      vertex -10.2366 4.24013 75.0603
      vertex -11.9531 3.62594 76.2183
      vertex -11.5402 4.7801 76.2183
    endloop
  endfacet
  facet normal -0.634093 0.0311199 -0.77263
    outer loop
      vertex -11.08 0 75.0603
      vertex -12.491 0 76.2183
      vertex -11.0267 1.08603 75.0603
    endloop
  endfacet
  facet normal -0.806863 0.202089 -0.555097
    outer loop
      vertex -14.6526 2.91458 78.92
      vertex -15.2668 4.63113 80.4377
      vertex -14.2964 4.33675 78.92
    endloop
  endfacet
  facet normal -0.615844 0.154259 -0.772619
    outer loop
      vertex -10.8671 2.1616 75.0603
      vertex -11.9531 3.62594 76.2183
      vertex -10.6029 3.21636 75.0603
    endloop
  endfacet
  facet normal -0.427602 0.713438 -0.555123
    outer loop
      vertex -7.04251 13.1756 78.92
      vertex -8.30003 12.4219 78.92
      vertex -7.52055 14.07 80.4377
    endloop
  endfacet
  facet normal -0.355587 0.751929 -0.555123
    outer loop
      vertex -7.04251 13.1756 78.92
      vertex -7.52055 14.07 80.4377
      vertex -6.10524 14.7393 80.4377
    endloop
  endfacet
  facet normal -0.658704 0.726729 -0.194868
    outer loop
      vertex -12.758 12.758 85.4806
      vertex -13.0098 13.0098 87.2708
      vertex -11.4461 13.9471 85.4806
    endloop
  endfacet
  facet normal -0.768698 0.570119 -0.289945
    outer loop
      vertex -13.5375 11.11 83.7338
      vertex -15.0019 10.0239 85.4806
      vertex -13.9471 11.4461 85.4806
    endloop
  endfacet
  facet normal -0.0349686 0.706711 -0.706637
    outer loop
      vertex -1.22433 12.4308 76.2183
      vertex -1 13.3973 77.1738
      vertex -1 12.4419 76.2183
    endloop
  endfacet
  facet normal -0.0346465 0.706682 -0.706683
    outer loop
      vertex -1 13.3973 77.1738
      vertex -1.22433 12.4308 76.2183
      vertex -1.35084 13.7153 77.509
    endloop
  endfacet
  facet normal -0.135062 0.539306 -0.831209
    outer loop
      vertex -2.70011 10.135 74.6728
      vertex -2.1616 10.8671 75.0603
      vertex -2.04845 10.2982 74.6728
    endloop
  endfacet
  facet normal -0.135091 0.539319 -0.831195
    outer loop
      vertex -2.1616 10.8671 75.0603
      vertex -2.70011 10.135 74.6728
      vertex -3.21636 10.6029 75.0603
    endloop
  endfacet
  facet normal -0.237714 0.502599 -0.831196
    outer loop
      vertex -4.62547 9.4135 74.6728
      vertex -4.24013 10.2366 75.0603
      vertex -4.01818 9.70073 74.6728
    endloop
  endfacet
  facet normal -0.237717 0.502599 -0.831195
    outer loop
      vertex -4.24013 10.2366 75.0603
      vertex -4.62547 9.4135 74.6728
      vertex -5.22308 9.77169 75.0603
    endloop
  endfacet
  facet normal -0.271437 0.573902 -0.772631
    outer loop
      vertex -4.24013 10.2366 75.0603
      vertex -5.88821 11.0161 76.2183
      vertex -4.7801 11.5402 76.2183
    endloop
  endfacet
  facet normal -0.187906 0.750215 -0.633931
    outer loop
      vertex -4.00061 13.1883 77.509
      vertex -4.33675 14.2964 78.92
      vertex -2.68867 13.5169 77.509
    endloop
  endfacet
  facet normal -0.129432 0.872613 -0.47095
    outer loop
      vertex -1.56374 15.8769 80.4377
      vertex -3.28029 16.4911 82.0475
      vertex -1.64808 16.7332 82.0475
    endloop
  endfacet
  facet normal -0.419389 0.886644 0.19487
    outer loop
      vertex -7.04087 16.9982 92.7292
      vertex -8.50521 15.9121 94.5194
      vertex -6.9046 16.6692 94.5194
    endloop
  endfacet
  facet normal -0.409218 0.86514 -0.289953
    outer loop
      vertex -8.25544 15.4448 83.7338
      vertex -8.50521 15.9121 85.4806
      vertex -6.9046 16.6692 85.4806
    endloop
  endfacet
  facet normal -0.787801 0.584287 -0.194879
    outer loop
      vertex -13.9471 11.4461 85.4806
      vertex -15.0019 10.0239 85.4806
      vertex -14.2224 11.672 87.2708
    endloop
  endfacet
  facet normal -0.330396 0.923506 -0.19487
    outer loop
      vertex -6.9046 16.6692 85.4806
      vertex -7.04087 16.9982 87.2708
      vertex -5.34086 17.6064 87.2708
    endloop
  endfacet
  facet normal -0.0489172 0.993988 0.0979544
    outer loop
      vertex -1 18.5285 90.9127
      vertex -1.82092 18.4881 90.9127
      vertex -1 18.4478 91.7316
    endloop
  endfacet
  facet normal -0.475088 0.792626 0.382147
    outer loop
      vertex -8.25544 15.4448 96.2662
      vertex -9.46878 14.6 96.51
      vertex -8.20782 15.3558 96.51
    endloop
  endfacet
  facet normal -0.475035 0.79259 0.382287
    outer loop
      vertex -9.46878 14.6 96.51
      vertex -8.25544 15.4448 96.2662
      vertex -9.72955 14.5613 96.2662
    endloop
  endfacet
  facet normal -0.140442 0.946677 0.289962
    outer loop
      vertex -1.71655 17.4284 96.2662
      vertex -3.51993 17.6959 94.5194
      vertex -3.41656 17.1762 96.2662
    endloop
  endfacet
  facet normal 0.979646 0.0481297 0.194876
    outer loop
      vertex 18.3101 1.80339 92.7292
      vertex 17.9557 1.76848 94.5194
      vertex 18.3987 0 92.7292
    endloop
  endfacet
  facet normal 0.994 0.0488349 0.097874
    outer loop
      vertex 18.4881 1.82092 90.9127
      vertex 18.3101 1.80339 92.7292
      vertex 18.3987 0 92.7292
    endloop
  endfacet
  facet normal 0.899632 -0.425529 0.0979168
    outer loop
      vertex 17.1635 -7.10934 90.9127
      vertex 16.4308 -8.33165 92.3326
      vertex 16.5522 -8.40172 90.9127
    endloop
  endfacet
  facet normal 0.901087 -0.322421 0.289978
    outer loop
      vertex 16.7586 -5.08367 96.2662
      vertex 16.1796 -6.70183 96.2662
      vertex 17.2657 -5.23748 94.5194
    endloop
  endfacet
  facet normal 0.335236 -0.937033 0.0979054
    outer loop
      vertex 7.04087 -16.9982 92.7292
      vertex 5.34086 -17.6064 92.7292
      vertex 7.10934 -17.1635 90.9127
    endloop
  endfacet
  facet normal 0.584267 -0.787823 0.194851
    outer loop
      vertex 11.672 -14.2224 92.7292
      vertex 10.0239 -15.0019 94.5194
      vertex 10.2218 -15.2979 92.7292
    endloop
  endfacet
  facet normal 0.896465 -0.224262 0.382174
    outer loop
      vertex 16.7199 -4.8229 96.51
      vertex 16.662 -5.05435 96.51
      vertex 16.7586 -5.08367 96.2662
    endloop
  endfacet
  facet normal 0.896343 -0.224528 -0.382305
    outer loop
      vertex 16.7586 -5.08367 83.7338
      vertex 16.4911 -3.28029 82.0475
      vertex 17.1762 -3.41656 83.7338
    endloop
  endfacet
  facet normal 0.955891 -0.0469439 -0.289947
    outer loop
      vertex 17.9557 -1.76848 85.4806
      vertex 17.4284 -1.71655 83.7338
      vertex 17.5127 0 83.7338
    endloop
  endfacet
  facet normal 0.896393 -0.224595 0.382147
    outer loop
      vertex 16.7199 -4.8229 96.51
      vertex 17.1762 -3.41656 96.2662
      vertex 17.0772 -3.39686 96.51
    endloop
  endfacet
  facet normal 0.896297 -0.224516 0.382419
    outer loop
      vertex 17.1762 -3.41656 96.2662
      vertex 16.7199 -4.8229 96.51
      vertex 16.7586 -5.08367 96.2662
    endloop
  endfacet
  facet normal 0.946677 -0.140442 0.289962
    outer loop
      vertex 17.4284 -1.71655 96.2662
      vertex 17.1762 -3.41656 96.2662
      vertex 17.6959 -3.51993 94.5194
    endloop
  endfacet
  facet normal 0.901088 -0.322412 0.289986
    outer loop
      vertex 17.2657 -5.23748 94.5194
      vertex 16.1796 -6.70183 96.2662
      vertex 16.6692 -6.9046 94.5194
    endloop
  endfacet
  facet normal 0.965373 -0.241824 0.0978631
    outer loop
      vertex 18.0452 -3.5894 92.7292
      vertex 17.7776 -5.39279 90.9127
      vertex 18.2206 -3.62431 90.9127
    endloop
  endfacet
  facet normal 0.335227 -0.937037 0.0978966
    outer loop
      vertex 7.10934 -17.1635 90.9127
      vertex 5.34086 -17.6064 92.7292
      vertex 5.39279 -17.7776 90.9127
    endloop
  endfacet
  facet normal 0.322421 -0.901087 0.289978
    outer loop
      vertex 6.70183 -16.1796 96.2662
      vertex 5.08367 -16.7586 96.2662
      vertex 5.23748 -17.2657 94.5194
    endloop
  endfacet
  facet normal 0.224262 -0.896465 0.382174
    outer loop
      vertex 5.05435 -16.662 96.51
      vertex 4.8229 -16.7199 96.51
      vertex 5.08367 -16.7586 96.2662
    endloop
  endfacet
  facet normal 0.395031 -0.835335 0.382316
    outer loop
      vertex 6.87886 -15.9843 96.51
      vertex 6.66317 -16.0863 96.51
      vertex 6.70183 -16.1796 96.2662
    endloop
  endfacet
  facet normal 0.311362 0.869995 0.382312
    outer loop
      vertex 6.70183 16.1796 96.2662
      vertex 6.43852 16.1667 96.51
      vertex 6.66317 16.0863 96.51
    endloop
  endfacet
  facet normal 0.143901 0.970212 0.19489
    outer loop
      vertex 3.5894 18.0452 92.7292
      vertex 1.80339 18.3101 92.7292
      vertex 3.51993 17.6959 94.5194
    endloop
  endfacet
  facet normal 0.238363 0.951421 0.194889
    outer loop
      vertex 3.5894 18.0452 92.7292
      vertex 3.51993 17.6959 94.5194
      vertex 5.34086 17.6064 92.7292
    endloop
  endfacet
  facet normal 0.0481656 0.979639 -0.194902
    outer loop
      vertex 1.80339 18.3101 87.2708
      vertex 1 18.1482 86.2585
      vertex 1 18.3496 87.2708
    endloop
  endfacet
  facet normal 0.0481313 0.979646 -0.194876
    outer loop
      vertex 1 18.1482 86.2585
      vertex 1.80339 18.3101 87.2708
      vertex 1.76848 17.9557 85.4806
    endloop
  endfacet
  facet normal 0.146022 0.984429 -0.0978621
    outer loop
      vertex 3.5894 18.0452 87.2708
      vertex 1.82092 18.4881 89.0873
      vertex 3.62431 18.2206 89.0873
    endloop
  endfacet
  facet normal 0.425508 0.899643 0.0979086
    outer loop
      vertex 8.75742 16.384 90.9127
      vertex 7.10934 17.1635 90.9127
      vertex 8.67308 16.2262 92.7292
    endloop
  endfacet
  facet normal 0.865147 0.409182 0.289985
    outer loop
      vertex 16.6692 6.9046 94.5194
      vertex 15.4448 8.25544 96.2662
      vertex 16.1796 6.70183 96.2662
    endloop
  endfacet
  facet normal 0.86514 0.409218 0.289953
    outer loop
      vertex 15.9121 8.50521 94.5194
      vertex 15.4448 8.25544 96.2662
      vertex 16.6692 6.9046 94.5194
    endloop
  endfacet
  facet normal 0.928351 0.232546 0.289979
    outer loop
      vertex 17.2657 5.23748 94.5194
      vertex 16.7586 5.08367 96.2662
      vertex 17.1762 3.41656 96.2662
    endloop
  endfacet
  facet normal 0.901087 0.322421 0.289978
    outer loop
      vertex 17.2657 5.23748 94.5194
      vertex 16.1796 6.70183 96.2662
      vertex 16.7586 5.08367 96.2662
    endloop
  endfacet
  facet normal 0.584287 0.787801 0.194879
    outer loop
      vertex 11.672 14.2224 92.7292
      vertex 10.0239 15.0019 94.5194
      vertex 11.4461 13.9471 94.5194
    endloop
  endfacet
  facet normal 0.336845 0.94156 -0
    outer loop
      vertex 7.10934 17.1635 89.0873
      vertex 5.39279 17.7776 90.9127
      vertex 7.10934 17.1635 90.9127
    endloop
  endfacet
  facet normal 0.336845 0.94156 0
    outer loop
      vertex 5.39279 17.7776 90.9127
      vertex 7.10934 17.1635 89.0873
      vertex 5.39279 17.7776 89.0873
    endloop
  endfacet
  facet normal 0.238311 0.951445 0.194835
    outer loop
      vertex 5.34086 17.6064 92.7292
      vertex 3.51993 17.6959 94.5194
      vertex 5.23748 17.2657 94.5194
    endloop
  endfacet
  facet normal 0.322412 0.901088 0.289986
    outer loop
      vertex 6.9046 16.6692 94.5194
      vertex 5.23748 17.2657 94.5194
      vertex 6.70183 16.1796 96.2662
    endloop
  endfacet
  facet normal 0.140442 0.946677 0.289962
    outer loop
      vertex 3.51993 17.6959 94.5194
      vertex 1.71655 17.4284 96.2662
      vertex 3.41656 17.1762 96.2662
    endloop
  endfacet
  facet normal 0.140426 0.946684 0.289947
    outer loop
      vertex 1.76848 17.9557 94.5194
      vertex 1.71655 17.4284 96.2662
      vertex 3.51993 17.6959 94.5194
    endloop
  endfacet
  facet normal 0.224262 0.896465 0.382174
    outer loop
      vertex 5.08367 16.7586 96.2662
      vertex 4.8229 16.7199 96.51
      vertex 5.05435 16.662 96.51
    endloop
  endfacet
  facet normal 0.872613 0.129432 -0.47095
    outer loop
      vertex 16.7332 1.64808 82.0475
      vertex 15.8769 1.56374 80.4377
      vertex 16.4911 3.28029 82.0475
    endloop
  endfacet
  facet normal 0.82278 0.122035 -0.555103
    outer loop
      vertex 14.8677 1.46434 78.92
      vertex 14.6526 2.91458 78.92
      vertex 15.8769 1.56374 80.4377
    endloop
  endfacet
  facet normal 0.855726 0.214331 -0.470952
    outer loop
      vertex 16.4911 3.28029 82.0475
      vertex 15.2668 4.63113 80.4377
      vertex 16.0902 4.8809 82.0475
    endloop
  endfacet
  facet normal 0.870028 0.311304 -0.382283
    outer loop
      vertex 16.0902 4.8809 82.0475
      vertex 15.5343 6.43452 82.0475
      vertex 16.1796 6.70183 83.7338
    endloop
  endfacet
  facet normal 0.872613 -0.129432 -0.47095
    outer loop
      vertex 16.4911 -3.28029 82.0475
      vertex 15.8769 -1.56374 80.4377
      vertex 16.7332 -1.64808 82.0475
    endloop
  endfacet
  facet normal 0.830774 -0.040855 -0.555108
    outer loop
      vertex 15.8769 -1.56374 80.4377
      vertex 14.9397 0 78.92
      vertex 15.9538 0 80.4377
    endloop
  endfacet
  facet normal 0.979648 0.0481382 -0.194868
    outer loop
      vertex 18.0426 0 85.4806
      vertex 17.9557 1.76848 85.4806
      vertex 18.3987 0 87.2708
    endloop
  endfacet
  facet normal 0.979646 0.0481297 -0.194876
    outer loop
      vertex 18.3987 0 87.2708
      vertex 17.9557 1.76848 85.4806
      vertex 18.3101 1.80339 87.2708
    endloop
  endfacet
  facet normal 0.937033 0.335236 0.0979054
    outer loop
      vertex 17.1635 7.10934 90.9127
      vertex 16.9982 7.04087 92.7292
      vertex 17.6064 5.34086 92.7292
    endloop
  endfacet
  facet normal 0.951421 0.238363 0.194889
    outer loop
      vertex 18.0452 3.5894 92.7292
      vertex 17.6064 5.34086 92.7292
      vertex 17.6959 3.51993 94.5194
    endloop
  endfacet
  facet normal 0.853606 0.511635 0.0979083
    outer loop
      vertex 16.384 8.75742 90.9127
      vertex 15.4467 10.3212 90.9127
      vertex 16.2262 8.67308 92.7292
    endloop
  endfacet
  facet normal 0.853599 0.511645 0.0979207
    outer loop
      vertex 15.4467 10.3212 90.9127
      vertex 15.2979 10.2218 92.7292
      vertex 16.2262 8.67308 92.7292
    endloop
  endfacet
  facet normal 0.937037 0.335227 0.0978966
    outer loop
      vertex 17.7776 5.39279 90.9127
      vertex 17.1635 7.10934 90.9127
      vertex 17.6064 5.34086 92.7292
    endloop
  endfacet
  facet normal 0.965373 0.241824 -0.0978631
    outer loop
      vertex 18.0452 3.5894 87.2708
      vertex 17.7776 5.39279 89.0873
      vertex 18.2206 3.62431 89.0873
    endloop
  endfacet
  facet normal 0.923506 0.330396 0.19487
    outer loop
      vertex 16.9982 7.04087 92.7292
      vertex 16.6692 6.9046 94.5194
      vertex 17.6064 5.34086 92.7292
    endloop
  endfacet
  facet normal 0.951445 0.238311 0.194835
    outer loop
      vertex 17.6064 5.34086 92.7292
      vertex 17.2657 5.23748 94.5194
      vertex 17.6959 3.51993 94.5194
    endloop
  endfacet
  facet normal 0.886644 0.419389 0.19487
    outer loop
      vertex 16.9982 7.04087 92.7292
      vertex 15.9121 8.50521 94.5194
      vertex 16.6692 6.9046 94.5194
    endloop
  endfacet
  facet normal 0.820891 0.491997 0.289961
    outer loop
      vertex 15.0019 10.0239 94.5194
      vertex 14.5613 9.72955 96.2662
      vertex 15.4448 8.25544 96.2662
    endloop
  endfacet
  facet normal 0.642698 0.709135 -0.289943
    outer loop
      vertex 12.3834 12.3834 83.7338
      vertex 11.11 13.5375 83.7338
      vertex 11.4461 13.9471 85.4806
    endloop
  endfacet
  facet normal 0.668365 0.737363 -0.0978941
    outer loop
      vertex 13.0098 13.0098 87.2708
      vertex 11.7855 14.3607 89.0873
      vertex 13.1363 13.1363 89.0873
    endloop
  endfacet
  facet normal 0.668081 0.495494 -0.555116
    outer loop
      vertex 13.2651 8.86343 80.4377
      vertex 11.5485 9.47762 78.92
      vertex 12.3324 10.121 80.4377
    endloop
  endfacet
  facet normal 0.592457 0.653617 -0.470935
    outer loop
      vertex 11.281 11.281 80.4377
      vertex 10.6668 12.9976 82.0475
      vertex 11.8894 11.8894 82.0475
    endloop
  endfacet
  facet normal 0.899643 0.425508 -0.0979086
    outer loop
      vertex 17.1635 7.10934 89.0873
      vertex 16.2262 8.67308 87.2708
      vertex 16.384 8.75742 89.0873
    endloop
  endfacet
  facet normal 0.787823 0.584267 -0.194851
    outer loop
      vertex 15.0019 10.0239 85.4806
      vertex 14.2224 11.672 87.2708
      vertex 15.2979 10.2218 87.2708
    endloop
  endfacet
  facet normal 0.841298 0.504217 -0.194891
    outer loop
      vertex 15.9121 8.50521 85.4806
      vertex 15.0019 10.0239 85.4806
      vertex 16.2262 8.67308 87.2708
    endloop
  endfacet
  facet normal 0.923501 0.330431 -0.194837
    outer loop
      vertex 17.2657 5.23748 85.4806
      vertex 16.6692 6.9046 85.4806
      vertex 17.6064 5.34086 87.2708
    endloop
  endfacet
  facet normal 0.951445 0.238311 -0.194835
    outer loop
      vertex 17.6959 3.51993 85.4806
      vertex 17.2657 5.23748 85.4806
      vertex 17.6064 5.34086 87.2708
    endloop
  endfacet
  facet normal 0.88665 0.419366 -0.194892
    outer loop
      vertex 16.9982 7.04087 87.2708
      vertex 15.9121 8.50521 85.4806
      vertex 16.2262 8.67308 87.2708
    endloop
  endfacet
  facet normal 0.899642 0.425511 -0.0979056
    outer loop
      vertex 16.9982 7.04087 87.2708
      vertex 16.2262 8.67308 87.2708
      vertex 17.1635 7.10934 89.0873
    endloop
  endfacet
  facet normal 0.523489 0.187302 -0.83119
    outer loop
      vertex 9.92706 3.38565 74.6728
      vertex 10.2366 4.24013 75.0603
      vertex 10.6029 3.21636 75.0603
    endloop
  endfacet
  facet normal 0.523477 0.187309 -0.831196
    outer loop
      vertex 10.2366 4.24013 75.0603
      vertex 9.92706 3.38565 74.6728
      vertex 9.70073 4.01818 74.6728
    endloop
  endfacet
  facet normal 0.502599 0.237714 -0.831196
    outer loop
      vertex 9.4135 4.62547 74.6728
      vertex 10.2366 4.24013 75.0603
      vertex 9.70073 4.01818 74.6728
    endloop
  endfacet
  facet normal 0.502599 0.237717 -0.831195
    outer loop
      vertex 10.2366 4.24013 75.0603
      vertex 9.4135 4.62547 74.6728
      vertex 9.77169 5.22308 75.0603
    endloop
  endfacet
  facet normal 0.544535 0.32638 -0.772631
    outer loop
      vertex 9.77169 5.22308 75.0603
      vertex 9.21269 6.15572 75.0603
      vertex 10.3859 6.93963 76.2183
    endloop
  endfacet
  facet normal 0.568288 0.421485 -0.706682
    outer loop
      vertex 10.3859 6.93963 76.2183
      vertex 9.65567 7.9242 76.2183
      vertex 10.6534 8.74301 77.509
    endloop
  endfacet
  facet normal 0.502609 0.237708 -0.831191
    outer loop
      vertex 9.26017 4.94967 74.6728
      vertex 9.77169 5.22308 75.0603
      vertex 9.4135 4.62547 74.6728
    endloop
  endfacet
  facet normal 0.573899 0.271439 -0.772632
    outer loop
      vertex 10.2366 4.24013 75.0603
      vertex 9.77169 5.22308 75.0603
      vertex 11.0161 5.88821 76.2183
    endloop
  endfacet
  facet normal 0.686312 0.1719 -0.706701
    outer loop
      vertex 13.5169 2.68867 77.509
      vertex 11.9531 3.62594 76.2183
      vertex 13.1883 4.00061 77.509
    endloop
  endfacet
  facet normal 0.666144 0.238385 -0.7067
    outer loop
      vertex 13.1883 4.00061 77.509
      vertex 11.9531 3.62594 76.2183
      vertex 12.7326 5.27402 77.509
    endloop
  endfacet
  facet normal 0.686322 0.171946 -0.70668
    outer loop
      vertex 12.251 2.43687 76.2183
      vertex 11.9531 3.62594 76.2183
      vertex 13.5169 2.68867 77.509
    endloop
  endfacet
  facet normal 0.634093 0.0311199 -0.77263
    outer loop
      vertex 11.08 0 75.0603
      vertex 11.0267 1.08603 75.0603
      vertex 12.491 0 76.2183
    endloop
  endfacet
  facet normal 0.797492 0.377134 -0.470932
    outer loop
      vertex 14.7393 6.10524 80.4377
      vertex 14.07 7.52055 80.4377
      vertex 14.8288 7.92616 82.0475
    endloop
  endfacet
  facet normal 0.756659 0.453529 -0.470934
    outer loop
      vertex 14.07 7.52055 80.4377
      vertex 13.2651 8.86343 80.4377
      vertex 14.8288 7.92616 82.0475
    endloop
  endfacet
  facet normal 0.663367 0.397592 -0.633928
    outer loop
      vertex 13.1756 7.04251 78.92
      vertex 11.4591 7.6567 77.509
      vertex 12.4219 8.30003 78.92
    endloop
  endfacet
  facet normal 0.713438 0.427602 -0.555123
    outer loop
      vertex 13.1756 7.04251 78.92
      vertex 12.4219 8.30003 78.92
      vertex 14.07 7.52055 80.4377
    endloop
  endfacet
  facet normal 0.475134 0.79247 0.382412
    outer loop
      vertex 9.72955 14.5613 96.2662
      vertex 9.46878 14.6 96.51
      vertex 9.67343 14.4773 96.51
    endloop
  endfacet
  facet normal 0.620522 0.684665 0.382343
    outer loop
      vertex 11.11 13.5375 96.2662
      vertex 12.1352 12.4722 96.51
      vertex 12.3834 12.3834 96.2662
    endloop
  endfacet
  facet normal 0.620473 0.684645 0.382457
    outer loop
      vertex 12.1352 12.4722 96.51
      vertex 11.11 13.5375 96.2662
      vertex 11.0459 13.4594 96.51
    endloop
  endfacet
  facet normal 0.642698 0.709135 0.289943
    outer loop
      vertex 11.4461 13.9471 94.5194
      vertex 11.11 13.5375 96.2662
      vertex 12.3834 12.3834 96.2662
    endloop
  endfacet
  facet normal 0.799349 0.592838 0.0979009
    outer loop
      vertex 14.3607 11.7855 90.9127
      vertex 14.2224 11.672 92.7292
      vertex 15.4467 10.3212 90.9127
    endloop
  endfacet
  facet normal 0.658704 0.726729 0.194868
    outer loop
      vertex 13.0098 13.0098 92.7292
      vertex 11.4461 13.9471 94.5194
      vertex 12.758 12.758 94.5194
    endloop
  endfacet
  facet normal 0.787801 0.584287 0.194879
    outer loop
      vertex 14.2224 11.672 92.7292
      vertex 13.9471 11.4461 94.5194
      vertex 15.0019 10.0239 94.5194
    endloop
  endfacet
  facet normal 0.787823 0.584267 0.194851
    outer loop
      vertex 15.2979 10.2218 92.7292
      vertex 14.2224 11.672 92.7292
      vertex 15.0019 10.0239 94.5194
    endloop
  endfacet
  facet normal 0.550436 0.742201 -0.382306
    outer loop
      vertex 10.6668 12.9976 82.0475
      vertex 9.34147 13.9805 82.0475
      vertex 9.72955 14.5613 83.7338
    endloop
  endfacet
  facet normal 0.653625 0.592433 -0.470954
    outer loop
      vertex 12.3324 10.121 80.4377
      vertex 11.281 11.281 80.4377
      vertex 12.9976 10.6668 82.0475
    endloop
  endfacet
  facet normal 0.642738 0.709115 -0.289904
    outer loop
      vertex 12.3834 12.3834 83.7338
      vertex 11.4461 13.9471 85.4806
      vertex 12.758 12.758 85.4806
    endloop
  endfacet
  facet normal 0.419366 0.88665 -0.194892
    outer loop
      vertex 8.50521 15.9121 85.4806
      vertex 7.04087 16.9982 87.2708
      vertex 8.67308 16.2262 87.2708
    endloop
  endfacet
  facet normal 0.409218 0.86514 -0.289953
    outer loop
      vertex 8.25544 15.4448 83.7338
      vertex 6.9046 16.6692 85.4806
      vertex 8.50521 15.9121 85.4806
    endloop
  endfacet
  facet normal 0.504263 0.841281 -0.194846
    outer loop
      vertex 10.0239 15.0019 85.4806
      vertex 8.67308 16.2262 87.2708
      vertex 10.2218 15.2979 87.2708
    endloop
  endfacet
  facet normal 0.322412 0.901088 -0.289986
    outer loop
      vertex 6.70183 16.1796 83.7338
      vertex 5.23748 17.2657 85.4806
      vertex 6.9046 16.6692 85.4806
    endloop
  endfacet
  facet normal 0.311307 0.870026 -0.382286
    outer loop
      vertex 6.70183 16.1796 83.7338
      vertex 4.8809 16.0902 82.0475
      vertex 5.08367 16.7586 83.7338
    endloop
  endfacet
  facet normal 0.355587 0.751929 -0.555123
    outer loop
      vertex 7.04251 13.1756 78.92
      vertex 6.10524 14.7393 80.4377
      vertex 7.52055 14.07 80.4377
    endloop
  endfacet
  facet normal 0.377134 0.797492 -0.470932
    outer loop
      vertex 7.52055 14.07 80.4377
      vertex 6.10524 14.7393 80.4377
      vertex 7.92616 14.8288 82.0475
    endloop
  endfacet
  facet normal -0.311304 0.870028 -0.382283
    outer loop
      vertex -6.43452 15.5343 82.0475
      vertex -6.70183 16.1796 83.7338
      vertex -4.8809 16.0902 82.0475
    endloop
  endfacet
  facet normal 0.135599 0.914033 -0.382305
    outer loop
      vertex 3.28029 16.4911 82.0475
      vertex 1.71655 17.4284 83.7338
      vertex 3.41656 17.1762 83.7338
    endloop
  endfacet
  facet normal 0.425508 0.899643 -0.0979086
    outer loop
      vertex 8.67308 16.2262 87.2708
      vertex 7.10934 17.1635 89.0873
      vertex 8.75742 16.384 89.0873
    endloop
  endfacet
  facet normal 0.425511 0.899642 -0.0979056
    outer loop
      vertex 8.67308 16.2262 87.2708
      vertex 7.04087 16.9982 87.2708
      vertex 7.10934 17.1635 89.0873
    endloop
  endfacet
  facet normal 0.419366 0.88665 0.194892
    outer loop
      vertex 8.67308 16.2262 92.7292
      vertex 7.04087 16.9982 92.7292
      vertex 8.50521 15.9121 94.5194
    endloop
  endfacet
  facet normal 0.511645 0.853599 0.0979207
    outer loop
      vertex 10.3212 15.4467 90.9127
      vertex 8.67308 16.2262 92.7292
      vertex 10.2218 15.2979 92.7292
    endloop
  endfacet
  facet normal 0.592838 0.799349 0.0979009
    outer loop
      vertex 11.7855 14.3607 90.9127
      vertex 10.3212 15.4467 90.9127
      vertex 11.672 14.2224 92.7292
    endloop
  endfacet
  facet normal 0.511635 0.853606 -0.0979083
    outer loop
      vertex 10.3212 15.4467 89.0873
      vertex 8.67308 16.2262 87.2708
      vertex 8.75742 16.384 89.0873
    endloop
  endfacet
  facet normal 0.740922 0.671591 0
    outer loop
      vertex 14.3607 11.7855 90.9127
      vertex 13.1363 13.1363 89.0873
      vertex 13.1363 13.1363 90.9127
    endloop
  endfacet
  facet normal 0.740922 0.671591 0
    outer loop
      vertex 13.1363 13.1363 89.0873
      vertex 14.3607 11.7855 90.9127
      vertex 14.3607 11.7855 89.0873
    endloop
  endfacet
  facet normal -0.0454277 0.922909 -0.38233
    outer loop
      vertex -1 16.7651 82.0475
      vertex -1.64808 16.7332 82.0475
      vertex -1 17.0398 82.7106
    endloop
  endfacet
  facet normal -0.187902 0.750219 -0.633928
    outer loop
      vertex -2.68867 13.5169 77.509
      vertex -4.33675 14.2964 78.92
      vertex -2.91458 14.6526 78.92
    endloop
  endfacet
  facet normal -0.870036 0.311311 0.382259
    outer loop
      vertex -16.7586 5.08367 96.2662
      vertex -16.1667 6.43852 96.51
      vertex -16.1796 6.70183 96.2662
    endloop
  endfacet
  facet normal -0.870061 0.311335 0.382183
    outer loop
      vertex -16.1667 6.43852 96.51
      vertex -16.7586 5.08367 96.2662
      vertex -16.662 5.05435 96.51
    endloop
  endfacet
  facet normal -0.901087 0.322421 0.289978
    outer loop
      vertex -16.1796 6.70183 96.2662
      vertex -17.2657 5.23748 94.5194
      vertex -16.7586 5.08367 96.2662
    endloop
  endfacet
  facet normal -0.869995 0.311362 0.382312
    outer loop
      vertex -16.0863 6.66317 96.51
      vertex -16.1796 6.70183 96.2662
      vertex -16.1667 6.43852 96.51
    endloop
  endfacet
  facet normal -0.937033 0.335236 0.0979054
    outer loop
      vertex -17.1635 7.10934 90.9127
      vertex -17.6064 5.34086 92.7292
      vertex -16.9982 7.04087 92.7292
    endloop
  endfacet
  facet normal -0.923501 0.330431 0.194837
    outer loop
      vertex -16.6692 6.9046 94.5194
      vertex -17.6064 5.34086 92.7292
      vertex -17.2657 5.23748 94.5194
    endloop
  endfacet
  facet normal -0.922915 -0.0453245 0.382326
    outer loop
      vertex -17.4284 -1.71655 96.2662
      vertex -17.4 -0.238312 96.51
      vertex -17.5127 0 96.2662
    endloop
  endfacet
  facet normal -0.922929 -0.0453187 0.382293
    outer loop
      vertex -17.4 -0.238312 96.51
      vertex -17.4284 -1.71655 96.2662
      vertex -17.3279 -1.70665 96.51
    endloop
  endfacet
  facet normal -0.955891 -0.0469439 0.289947
    outer loop
      vertex -17.5127 0 96.2662
      vertex -17.9557 -1.76848 94.5194
      vertex -17.4284 -1.71655 96.2662
    endloop
  endfacet
  facet normal -0.979646 0.0481297 0.194876
    outer loop
      vertex -18.3101 1.80339 92.7292
      vertex -18.3987 0 92.7292
      vertex -17.9557 1.76848 94.5194
    endloop
  endfacet
  facet normal -0.979648 0.0481382 0.194868
    outer loop
      vertex -17.9557 1.76848 94.5194
      vertex -18.3987 0 92.7292
      vertex -18.0426 0 94.5194
    endloop
  endfacet
  facet normal -0.787823 0.584267 0.194851
    outer loop
      vertex -14.2224 11.672 92.7292
      vertex -15.2979 10.2218 92.7292
      vertex -15.0019 10.0239 94.5194
    endloop
  endfacet
  facet normal -0.620745 0.684252 0.382721
    outer loop
      vertex -12.1352 12.4722 96.51
      vertex -12.3834 12.3834 96.2662
      vertex -12.3119 12.3119 96.51
    endloop
  endfacet
  facet normal -0.951445 -0.238311 0.194835
    outer loop
      vertex -17.2657 -5.23748 94.5194
      vertex -17.6959 -3.51993 94.5194
      vertex -17.6064 -5.34086 92.7292
    endloop
  endfacet
  facet normal -0.821028 -0.491748 0.289997
    outer loop
      vertex -15.0474 -9.84229 94.6988
      vertex -14.5613 -9.72955 96.2662
      vertex -14.636 -9.60483 96.2662
    endloop
  endfacet
  facet normal -0.820838 -0.492084 0.289962
    outer loop
      vertex -14.5613 -9.72955 96.2662
      vertex -15.0474 -9.84229 94.6988
      vertex -15.0019 -10.0239 94.5194
    endloop
  endfacet
  facet normal -0.82111 -0.491826 0.289632
    outer loop
      vertex -15.0474 -9.84229 94.6988
      vertex -15.0944 -9.86947 94.5194
      vertex -15.0019 -10.0239 94.5194
    endloop
  endfacet
  facet normal -0.642738 -0.709115 0.289904
    outer loop
      vertex -12.3834 -12.3834 96.2662
      vertex -12.758 -12.758 94.5194
      vertex -11.4461 -13.9471 94.5194
    endloop
  endfacet
  facet normal -0.709115 -0.642738 0.289904
    outer loop
      vertex -12.3834 -12.3834 96.2662
      vertex -13.9471 -11.4461 94.5194
      vertex -12.758 -12.758 94.5194
    endloop
  endfacet
  facet normal -0.737367 -0.66836 -0.0979008
    outer loop
      vertex -13.0098 -13.0098 87.2708
      vertex -14.3607 -11.7855 89.0873
      vertex -14.2224 -11.672 87.2708
    endloop
  endfacet
  facet normal -0.668365 -0.737363 -0.0978941
    outer loop
      vertex -11.7855 -14.3607 89.0873
      vertex -13.1363 -13.1363 89.0873
      vertex -13.0098 -13.0098 87.2708
    endloop
  endfacet
  facet normal -0.514105 -0.857727 0
    outer loop
      vertex -10.3212 -15.4467 89.0873
      vertex -8.75742 -16.384 90.9127
      vertex -10.3212 -15.4467 90.9127
    endloop
  endfacet
  facet normal -0.514105 -0.857727 -0
    outer loop
      vertex -8.75742 -16.384 90.9127
      vertex -10.3212 -15.4467 89.0873
      vertex -8.75742 -16.384 89.0873
    endloop
  endfacet
  facet normal -0.5957 -0.803207 0
    outer loop
      vertex -11.7855 -14.3607 89.0873
      vertex -10.3212 -15.4467 90.9127
      vertex -11.7855 -14.3607 90.9127
    endloop
  endfacet
  facet normal -0.5957 -0.803207 -0
    outer loop
      vertex -10.3212 -15.4467 90.9127
      vertex -11.7855 -14.3607 89.0873
      vertex -10.3212 -15.4467 89.0873
    endloop
  endfacet
  facet normal 0.135552 -0.914044 0.382294
    outer loop
      vertex 1.94266 -17.2929 96.51
      vertex 1.70665 -17.3279 96.51
      vertex 1.71655 -17.4284 96.2662
    endloop
  endfacet
  facet normal 0.0453245 -0.922915 0.382326
    outer loop
      vertex 1.71655 -17.4284 96.2662
      vertex 0.238312 -17.4 96.51
      vertex 0 -17.5127 96.2662
    endloop
  endfacet
  facet normal 0.0453187 -0.922929 0.382293
    outer loop
      vertex 0.238312 -17.4 96.51
      vertex 1.71655 -17.4284 96.2662
      vertex 1.70665 -17.3279 96.51
    endloop
  endfacet
  facet normal -0.0469704 -0.955882 0.289971
    outer loop
      vertex 0 -17.5127 96.2662
      vertex -1.76848 -17.9557 94.5194
      vertex 0 -18.0426 94.5194
    endloop
  endfacet
  facet normal -0.0488559 -0.993997 -0.0978949
    outer loop
      vertex 0 -18.5776 89.0873
      vertex -1.82092 -18.4881 89.0873
      vertex 0 -18.3987 87.2708
    endloop
  endfacet
  facet normal -0.425511 -0.899642 -0.0979056
    outer loop
      vertex -7.10934 -17.1635 89.0873
      vertex -8.67308 -16.2262 87.2708
      vertex -7.04087 -16.9982 87.2708
    endloop
  endfacet
  facet normal 0.14601 -0.98443 -0.097874
    outer loop
      vertex 1.82092 -18.4881 89.0873
      vertex 1.80339 -18.3101 87.2708
      vertex 3.5894 -18.0452 87.2708
    endloop
  endfacet
  facet normal -0.475134 -0.79247 0.382412
    outer loop
      vertex -9.67343 -14.4773 96.51
      vertex -9.72955 -14.5613 96.2662
      vertex -9.46878 -14.6 96.51
    endloop
  endfacet
  facet normal -0.592838 -0.799349 0.0979009
    outer loop
      vertex -11.672 -14.2224 92.7292
      vertex -11.7855 -14.3607 90.9127
      vertex -10.3212 -15.4467 90.9127
    endloop
  endfacet
  facet normal -0.620522 -0.684665 0.382343
    outer loop
      vertex -11.11 -13.5375 96.2662
      vertex -12.1352 -12.4722 96.51
      vertex -12.3834 -12.3834 96.2662
    endloop
  endfacet
  facet normal -0.620473 -0.684645 0.382457
    outer loop
      vertex -12.1352 -12.4722 96.51
      vertex -11.11 -13.5375 96.2662
      vertex -11.0459 -13.4594 96.51
    endloop
  endfacet
  facet normal -0.0488349 -0.994 0.097874
    outer loop
      vertex -1.80339 -18.3101 92.7292
      vertex -1.82092 -18.4881 90.9127
      vertex 0 -18.3987 92.7292
    endloop
  endfacet
  facet normal -0.311307 -0.870026 -0.382286
    outer loop
      vertex -5.08367 -16.7586 83.7338
      vertex -6.70183 -16.1796 83.7338
      vertex -4.8809 -16.0902 82.0475
    endloop
  endfacet
  facet normal -0.979646 0.0481297 -0.194876
    outer loop
      vertex -17.9557 1.76848 85.4806
      vertex -18.3987 0 87.2708
      vertex -18.3101 1.80339 87.2708
    endloop
  endfacet
  facet normal -0.984429 -0.146022 -0.0978621
    outer loop
      vertex -18.2206 -3.62431 89.0873
      vertex -18.4881 -1.82092 89.0873
      vertex -18.0452 -3.5894 87.2708
    endloop
  endfacet
  facet normal -0.946677 -0.140442 -0.289962
    outer loop
      vertex -17.1762 -3.41656 83.7338
      vertex -17.6959 -3.51993 85.4806
      vertex -17.4284 -1.71655 83.7338
    endloop
  endfacet
  facet normal -0.728169 -0.260581 -0.63393
    outer loop
      vertex -12.7326 -5.27402 77.509
      vertex -14.2964 -4.33675 78.92
      vertex -13.1883 -4.00061 77.509
    endloop
  endfacet
  facet normal -0.799359 -0.592822 0.0979196
    outer loop
      vertex -15.2979 -10.2218 92.7292
      vertex -15.4467 -10.3212 90.9127
      vertex -14.2224 -11.672 92.7292
    endloop
  endfacet
  facet normal -0.835332 -0.395066 0.382288
    outer loop
      vertex -15.628 -7.86814 96.2662
      vertex -15.9843 -6.87886 96.51
      vertex -16.1796 -6.70183 96.2662
    endloop
  endfacet
  facet normal -0.835388 -0.395058 0.382173
    outer loop
      vertex -15.9843 -6.87886 96.51
      vertex -15.628 -7.86814 96.2662
      vertex -15.5404 -7.81753 96.51
    endloop
  endfacet
  facet normal -0.994 -0.0488349 -0.097874
    outer loop
      vertex -18.3101 -1.80339 87.2708
      vertex -18.4881 -1.82092 89.0873
      vertex -18.3987 0 87.2708
    endloop
  endfacet
  facet normal -0.82111 -0.491826 -0.289632
    outer loop
      vertex -15.0019 -10.0239 85.4806
      vertex -15.0944 -9.86947 85.4806
      vertex -15.0474 -9.84229 85.3012
    endloop
  endfacet
  facet normal -0.901087 -0.322421 0.289978
    outer loop
      vertex -16.7586 -5.08367 96.2662
      vertex -17.2657 -5.23748 94.5194
      vertex -16.1796 -6.70183 96.2662
    endloop
  endfacet
  facet normal -0.886657 -0.419363 0.19487
    outer loop
      vertex -16.1578 -8.174 94.1145
      vertex -16.6692 -6.9046 94.5194
      vertex -16.9982 -7.04087 92.7292
    endloop
  endfacet
  facet normal -0.886657 -0.419363 0.19487
    outer loop
      vertex -16.6692 -6.9046 94.5194
      vertex -16.1578 -8.174 94.1145
      vertex -16.0879 -8.13364 94.5194
    endloop
  endfacet
  facet normal -0.901088 -0.322412 0.289986
    outer loop
      vertex -16.1796 -6.70183 96.2662
      vertex -17.2657 -5.23748 94.5194
      vertex -16.6692 -6.9046 94.5194
    endloop
  endfacet
  facet normal -0.870061 -0.311335 0.382183
    outer loop
      vertex -16.7586 -5.08367 96.2662
      vertex -16.1667 -6.43852 96.51
      vertex -16.662 -5.05435 96.51
    endloop
  endfacet
  facet normal -0.870036 -0.311311 0.382259
    outer loop
      vertex -16.1667 -6.43852 96.51
      vertex -16.7586 -5.08367 96.2662
      vertex -16.1796 -6.70183 96.2662
    endloop
  endfacet
  facet normal -0.302485 -0.639613 -0.706681
    outer loop
      vertex -5.27402 -12.7326 77.509
      vertex -6.49664 -12.1544 77.509
      vertex -5.88821 -11.0161 76.2183
    endloop
  endfacet
  facet normal -0.135062 -0.539306 -0.831209
    outer loop
      vertex -2.1616 -10.8671 75.0603
      vertex -2.70011 -10.135 74.6728
      vertex -2.04845 -10.2982 74.6728
    endloop
  endfacet
  facet normal -0.135091 -0.539319 -0.831195
    outer loop
      vertex -2.70011 -10.135 74.6728
      vertex -2.1616 -10.8671 75.0603
      vertex -3.21636 -10.6029 75.0603
    endloop
  endfacet
  facet normal 0.187345 -0.523493 -0.831178
    outer loop
      vertex 3.21636 -10.6029 75.0603
      vertex 3.04799 -10.0479 74.6728
      vertex 3.38565 -9.92706 74.6728
    endloop
  endfacet
  facet normal -0.0816961 -0.549922 -0.831211
    outer loop
      vertex -2.1616 -10.8671 75.0603
      vertex -2.04845 -10.2982 74.6728
      vertex -1.69371 -10.3509 74.6728
    endloop
  endfacet
  facet normal -0.271437 -0.573902 -0.772631
    outer loop
      vertex -4.7801 -11.5402 76.2183
      vertex -5.88821 -11.0161 76.2183
      vertex -4.24013 -10.2366 75.0603
    endloop
  endfacet
  facet normal -0.495503 -0.668079 -0.55511
    outer loop
      vertex -8.86343 -13.2651 80.4377
      vertex -9.47762 -11.5485 78.92
      vertex -8.30003 -12.4219 78.92
    endloop
  endfacet
  facet normal -0.397592 -0.663367 -0.633928
    outer loop
      vertex -7.04251 -13.1756 78.92
      vertex -8.30003 -12.4219 78.92
      vertex -7.6567 -11.4591 77.509
    endloop
  endfacet
  facet normal -0.584267 -0.787823 -0.194851
    outer loop
      vertex -10.2218 -15.2979 87.2708
      vertex -11.672 -14.2224 87.2708
      vertex -10.0239 -15.0019 85.4806
    endloop
  endfacet
  facet normal -0.409218 -0.86514 -0.289953
    outer loop
      vertex -6.9046 -16.6692 85.4806
      vertex -8.50521 -15.9121 85.4806
      vertex -8.25544 -15.4448 83.7338
    endloop
  endfacet
  facet normal -0.135599 -0.914033 -0.382305
    outer loop
      vertex -1.71655 -17.4284 83.7338
      vertex -3.41656 -17.1762 83.7338
      vertex -3.28029 -16.4911 82.0475
    endloop
  endfacet
  facet normal -0.140426 -0.946684 -0.289947
    outer loop
      vertex -1.76848 -17.9557 85.4806
      vertex -3.51993 -17.6959 85.4806
      vertex -1.71655 -17.4284 83.7338
    endloop
  endfacet
  facet normal -0.653617 -0.592457 -0.470935
    outer loop
      vertex -11.8894 -11.8894 82.0475
      vertex -12.9976 -10.6668 82.0475
      vertex -11.281 -11.281 80.4377
    endloop
  endfacet
  facet normal -0.592457 -0.653617 -0.470935
    outer loop
      vertex -10.6668 -12.9976 82.0475
      vertex -11.8894 -11.8894 82.0475
      vertex -11.281 -11.281 80.4377
    endloop
  endfacet
  facet normal -0.0469439 -0.955891 -0.289947
    outer loop
      vertex 0 -17.5127 83.7338
      vertex -1.76848 -17.9557 85.4806
      vertex -1.71655 -17.4284 83.7338
    endloop
  endfacet
  facet normal 0.0433042 -0.881096 -0.47095
    outer loop
      vertex 1.64808 -16.7332 82.0475
      vertex 0 -16.8142 82.0475
      vertex 1.56374 -15.8769 80.4377
    endloop
  endfacet
  facet normal -0.0453245 -0.922916 -0.382325
    outer loop
      vertex 0 -17.5127 83.7338
      vertex -1.71655 -17.4284 83.7338
      vertex -1.64808 -16.7332 82.0475
    endloop
  endfacet
  facet normal 0.135575 -0.914028 -0.382325
    outer loop
      vertex 1.71655 -17.4284 83.7338
      vertex 1.64808 -16.7332 82.0475
      vertex 3.28029 -16.4911 82.0475
    endloop
  endfacet
  facet normal -0.232546 -0.928351 -0.289979
    outer loop
      vertex -3.41656 -17.1762 83.7338
      vertex -5.23748 -17.2657 85.4806
      vertex -5.08367 -16.7586 83.7338
    endloop
  endfacet
  facet normal -0.322421 -0.901087 -0.289978
    outer loop
      vertex -5.23748 -17.2657 85.4806
      vertex -6.70183 -16.1796 83.7338
      vertex -5.08367 -16.7586 83.7338
    endloop
  endfacet
  facet normal 0.425511 -0.899642 0.0979056
    outer loop
      vertex 8.67308 -16.2262 92.7292
      vertex 7.04087 -16.9982 92.7292
      vertex 7.10934 -17.1635 90.9127
    endloop
  endfacet
  facet normal 0.113467 -0.765017 -0.633936
    outer loop
      vertex 1.46434 -14.8677 78.92
      vertex 1.35084 -13.7153 77.509
      vertex 2.91458 -14.6526 78.92
    endloop
  endfacet
  facet normal 0.122035 -0.82278 -0.555103
    outer loop
      vertex 1.56374 -15.8769 80.4377
      vertex 1.46434 -14.8677 78.92
      vertex 2.91458 -14.6526 78.92
    endloop
  endfacet
  facet normal 0.202098 -0.806856 -0.555104
    outer loop
      vertex 3.11242 -15.6472 80.4377
      vertex 2.91458 -14.6526 78.92
      vertex 4.63113 -15.2668 80.4377
    endloop
  endfacet
  facet normal 0.129426 -0.872616 -0.470945
    outer loop
      vertex 3.28029 -16.4911 82.0475
      vertex 1.56374 -15.8769 80.4377
      vertex 3.11242 -15.6472 80.4377
    endloop
  endfacet
  facet normal 0.377134 -0.797492 -0.470932
    outer loop
      vertex 7.92616 -14.8288 82.0475
      vertex 6.10524 -14.7393 80.4377
      vertex 7.52055 -14.07 80.4377
    endloop
  endfacet
  facet normal 0.37717 -0.797452 -0.470971
    outer loop
      vertex 6.43452 -15.5343 82.0475
      vertex 6.10524 -14.7393 80.4377
      vertex 7.92616 -14.8288 82.0475
    endloop
  endfacet
  facet normal 0.427622 -0.713436 -0.555111
    outer loop
      vertex 8.86343 -13.2651 80.4377
      vertex 7.52055 -14.07 80.4377
      vertex 8.30003 -12.4219 78.92
    endloop
  endfacet
  facet normal 0.330643 -0.699155 -0.633923
    outer loop
      vertex 7.04251 -13.1756 78.92
      vertex 5.27402 -12.7326 77.509
      vertex 6.49664 -12.1544 77.509
    endloop
  endfacet
  facet normal 0.241824 -0.965373 -0.0978631
    outer loop
      vertex 3.62431 -18.2206 89.0873
      vertex 3.5894 -18.0452 87.2708
      vertex 5.39279 -17.7776 89.0873
    endloop
  endfacet
  facet normal 0.570103 -0.768704 -0.289959
    outer loop
      vertex 10.0239 -15.0019 85.4806
      vertex 9.72955 -14.5613 83.7338
      vertex 11.11 -13.5375 83.7338
    endloop
  endfacet
  facet normal 0.135599 -0.914033 -0.382305
    outer loop
      vertex 3.41656 -17.1762 83.7338
      vertex 1.71655 -17.4284 83.7338
      vertex 3.28029 -16.4911 82.0475
    endloop
  endfacet
  facet normal 0.140442 -0.946677 -0.289962
    outer loop
      vertex 3.51993 -17.6959 85.4806
      vertex 1.71655 -17.4284 83.7338
      vertex 3.41656 -17.1762 83.7338
    endloop
  endfacet
  facet normal 0.427602 -0.713438 -0.555123
    outer loop
      vertex 7.52055 -14.07 80.4377
      vertex 7.04251 -13.1756 78.92
      vertex 8.30003 -12.4219 78.92
    endloop
  endfacet
  facet normal 0.558598 -0.616285 -0.555122
    outer loop
      vertex 11.281 -11.281 80.4377
      vertex 9.47762 -11.5485 78.92
      vertex 10.5639 -10.5639 78.92
    endloop
  endfacet
  facet normal 0.592433 -0.653625 -0.470954
    outer loop
      vertex 10.6668 -12.9976 82.0475
      vertex 10.121 -12.3324 80.4377
      vertex 11.281 -11.281 80.4377
    endloop
  endfacet
  facet normal 0.525508 -0.708548 -0.470958
    outer loop
      vertex 10.6668 -12.9976 82.0475
      vertex 8.86343 -13.2651 80.4377
      vertex 10.121 -12.3324 80.4377
    endloop
  endfacet
  facet normal 0.642698 -0.709135 0.289943
    outer loop
      vertex 12.3834 -12.3834 96.2662
      vertex 11.11 -13.5375 96.2662
      vertex 11.4461 -13.9471 94.5194
    endloop
  endfacet
  facet normal 0.511645 -0.853599 -0.0979207
    outer loop
      vertex 10.3212 -15.4467 89.0873
      vertex 8.67308 -16.2262 87.2708
      vertex 10.2218 -15.2979 87.2708
    endloop
  endfacet
  facet normal 0.511635 -0.853606 -0.0979083
    outer loop
      vertex 8.75742 -16.384 89.0873
      vertex 8.67308 -16.2262 87.2708
      vertex 10.3212 -15.4467 89.0873
    endloop
  endfacet
  facet normal 0.620533 -0.684678 -0.382303
    outer loop
      vertex 11.11 -13.5375 83.7338
      vertex 10.6668 -12.9976 82.0475
      vertex 12.3834 -12.3834 83.7338
    endloop
  endfacet
  facet normal 0.419366 -0.88665 -0.194892
    outer loop
      vertex 8.67308 -16.2262 87.2708
      vertex 7.04087 -16.9982 87.2708
      vertex 8.50521 -15.9121 85.4806
    endloop
  endfacet
  facet normal -0.238385 -0.666144 -0.7067
    outer loop
      vertex -4.00061 -13.1883 77.509
      vertex -5.27402 -12.7326 77.509
      vertex -3.62594 -11.9531 76.2183
    endloop
  endfacet
  facet normal -0.238332 -0.666199 -0.706666
    outer loop
      vertex -3.62594 -11.9531 76.2183
      vertex -5.27402 -12.7326 77.509
      vertex -4.7801 -11.5402 76.2183
    endloop
  endfacet
  facet normal 0.751938 -0.355618 -0.555091
    outer loop
      vertex 14.275 -7.08698 80.4377
      vertex 13.6772 -6.74185 79.4068
      vertex 14.7393 -6.10524 80.4377
    endloop
  endfacet
  facet normal 0.797441 -0.377195 -0.47097
    outer loop
      vertex 15.5343 -6.43452 82.0475
      vertex 14.8025 -7.39155 81.5749
      vertex 14.7393 -6.10524 80.4377
    endloop
  endfacet
  facet normal 0.797422 -0.377146 -0.471041
    outer loop
      vertex 14.8025 -7.39155 81.5749
      vertex 15.5343 -6.43452 82.0475
      vertex 15.0218 -7.51813 82.0475
    endloop
  endfacet
  facet normal 0.187906 -0.750215 -0.633931
    outer loop
      vertex 4.33675 -14.2964 78.92
      vertex 2.68867 -13.5169 77.509
      vertex 4.00061 -13.1883 77.509
    endloop
  endfacet
  facet normal 0.238385 -0.666144 -0.7067
    outer loop
      vertex 4.00061 -13.1883 77.509
      vertex 3.62594 -11.9531 76.2183
      vertex 5.27402 -12.7326 77.509
    endloop
  endfacet
  facet normal 0.0931248 -0.628018 -0.772607
    outer loop
      vertex 1.22433 -12.4308 76.2183
      vertex 1.08603 -11.0267 75.0603
      vertex 2.43687 -12.251 76.2183
    endloop
  endfacet
  facet normal 0.668365 -0.737363 -0.0978941
    outer loop
      vertex 13.1363 -13.1363 89.0873
      vertex 11.7855 -14.3607 89.0873
      vertex 13.0098 -13.0098 87.2708
    endloop
  endfacet
  facet normal 0.653625 -0.592433 -0.470954
    outer loop
      vertex 12.9976 -10.6668 82.0475
      vertex 11.281 -11.281 80.4377
      vertex 12.3324 -10.121 80.4377
    endloop
  endfacet
  facet normal 0.570119 -0.768698 -0.289945
    outer loop
      vertex 11.4461 -13.9471 85.4806
      vertex 10.0239 -15.0019 85.4806
      vertex 11.11 -13.5375 83.7338
    endloop
  endfacet
  facet normal 0.65871 -0.726721 -0.194877
    outer loop
      vertex 11.672 -14.2224 87.2708
      vertex 11.4461 -13.9471 85.4806
      vertex 13.0098 -13.0098 87.2708
    endloop
  endfacet
  facet normal 0.799359 -0.592822 -0.0979196
    outer loop
      vertex 15.4467 -10.3212 89.0873
      vertex 14.2224 -11.672 87.2708
      vertex 15.2979 -10.2218 87.2708
    endloop
  endfacet
  facet normal 0.737367 -0.66836 -0.0979008
    outer loop
      vertex 14.3607 -11.7855 89.0873
      vertex 13.0098 -13.0098 87.2708
      vertex 14.2224 -11.672 87.2708
    endloop
  endfacet
  facet normal 0.427602 0.713438 -0.555123
    outer loop
      vertex 8.30003 12.4219 78.92
      vertex 7.04251 13.1756 78.92
      vertex 7.52055 14.07 80.4377
    endloop
  endfacet
  facet normal 0.363737 0.60687 -0.706685
    outer loop
      vertex 6.93963 10.3859 76.2183
      vertex 6.49664 12.1544 77.509
      vertex 7.6567 11.4591 77.509
    endloop
  endfacet
  facet normal 0.355611 0.751928 -0.555108
    outer loop
      vertex 7.04251 13.1756 78.92
      vertex 5.71716 13.8024 78.92
      vertex 6.10524 14.7393 80.4377
    endloop
  endfacet
  facet normal 0.260586 0.728169 -0.633928
    outer loop
      vertex 5.27402 12.7326 77.509
      vertex 4.33675 14.2964 78.92
      vertex 5.71716 13.8024 78.92
    endloop
  endfacet
  facet normal -0.140442 0.946677 -0.289962
    outer loop
      vertex -3.41656 17.1762 83.7338
      vertex -3.51993 17.6959 85.4806
      vertex -1.71655 17.4284 83.7338
    endloop
  endfacet
  facet normal -0.0470174 0.955872 -0.289998
    outer loop
      vertex -1 17.7632 84.7215
      vertex -1.76848 17.9557 85.4806
      vertex -1 17.9935 85.4806
    endloop
  endfacet
  facet normal -0.330431 0.923501 -0.194837
    outer loop
      vertex -5.23748 17.2657 85.4806
      vertex -6.9046 16.6692 85.4806
      vertex -5.34086 17.6064 87.2708
    endloop
  endfacet
  facet normal -0.232529 0.92836 -0.289962
    outer loop
      vertex -3.41656 17.1762 83.7338
      vertex -5.23748 17.2657 85.4806
      vertex -3.51993 17.6959 85.4806
    endloop
  endfacet
  facet normal 0.0432928 0.88108 -0.470982
    outer loop
      vertex 1.56374 15.8769 80.4377
      vertex 1 15.9046 80.4377
      vertex 1 16.2148 81.018
    endloop
  endfacet
  facet normal 0.037929 0.772454 -0.633937
    outer loop
      vertex 1.46434 14.8677 78.92
      vertex 1 14.0333 77.8755
      vertex 1 14.8905 78.92
    endloop
  endfacet
  facet normal 0.03792 0.772456 -0.633935
    outer loop
      vertex 1 14.0333 77.8755
      vertex 1.46434 14.8677 78.92
      vertex 1.35084 13.7153 77.509
    endloop
  endfacet
  facet normal 0.202098 0.806856 -0.555104
    outer loop
      vertex 4.63113 15.2668 80.4377
      vertex 2.91458 14.6526 78.92
      vertex 3.11242 15.6472 80.4377
    endloop
  endfacet
  facet normal 0.122035 0.82278 -0.555103
    outer loop
      vertex 2.91458 14.6526 78.92
      vertex 1.46434 14.8677 78.92
      vertex 1.56374 15.8769 80.4377
    endloop
  endfacet
  facet normal 0.421487 -0.568283 -0.706684
    outer loop
      vertex 7.6567 -11.4591 77.509
      vertex 6.93963 -10.3859 76.2183
      vertex 8.74301 -10.6534 77.509
    endloop
  endfacet
  facet normal 0.285836 -0.476885 -0.831191
    outer loop
      vertex 5.22308 -9.77169 75.0603
      vertex 4.94967 -9.26017 74.6728
      vertex 5.25727 -9.0758 74.6728
    endloop
  endfacet
  facet normal 0.628018 -0.0931248 -0.772607
    outer loop
      vertex 12.251 -2.43687 76.2183
      vertex 11.0267 -1.08603 75.0603
      vertex 12.4308 -1.22433 76.2183
    endloop
  endfacet
  facet normal 0.621197 -0.460697 -0.633934
    outer loop
      vertex 12.3899 -8.30803 78.8945
      vertex 10.6534 -8.74301 77.509
      vertex 11.3999 -7.73644 77.509
    endloop
  endfacet
  facet normal 0.271439 -0.573899 -0.772632
    outer loop
      vertex 5.88821 -11.0161 76.2183
      vertex 4.24013 -10.2366 75.0603
      vertex 5.22308 -9.77169 75.0603
    endloop
  endfacet
  facet normal 0.237717 -0.502599 -0.831195
    outer loop
      vertex 4.24013 -10.2366 75.0603
      vertex 4.62547 -9.4135 74.6728
      vertex 5.22308 -9.77169 75.0603
    endloop
  endfacet
  facet normal 0.237714 -0.502599 -0.831196
    outer loop
      vertex 4.62547 -9.4135 74.6728
      vertex 4.24013 -10.2366 75.0603
      vertex 4.01818 -9.70073 74.6728
    endloop
  endfacet
  facet normal 0.82278 -0.122035 -0.555104
    outer loop
      vertex 15.6472 -3.11242 80.4377
      vertex 14.6526 -2.91458 78.92
      vertex 15.8769 -1.56374 80.4377
    endloop
  endfacet
  facet normal 0.806856 -0.202098 -0.555104
    outer loop
      vertex 15.2668 -4.63113 80.4377
      vertex 14.6526 -2.91458 78.92
      vertex 15.6472 -3.11242 80.4377
    endloop
  endfacet
  facet normal 0.615823 -0.154283 -0.772631
    outer loop
      vertex 11.9531 -3.62594 76.2183
      vertex 10.8671 -2.1616 75.0603
      vertex 12.251 -2.43687 76.2183
    endloop
  endfacet
  facet normal 0.699875 0.10378 -0.706685
    outer loop
      vertex 12.4308 1.22433 76.2183
      vertex 12.251 2.43687 76.2183
      vertex 13.7153 1.35084 77.509
    endloop
  endfacet
  facet normal 0.699879 0.103792 -0.70668
    outer loop
      vertex 13.7153 1.35084 77.509
      vertex 12.251 2.43687 76.2183
      vertex 13.5169 2.68867 77.509
    endloop
  endfacet
  facet normal 0.728169 0.260586 -0.633928
    outer loop
      vertex 14.2964 4.33675 78.92
      vertex 12.7326 5.27402 77.509
      vertex 13.8024 5.71716 78.92
    endloop
  endfacet
  facet normal 0.797481 -0.377158 -0.470931
    outer loop
      vertex 14.8025 -7.39155 81.5749
      vertex 14.275 -7.08698 80.4377
      vertex 14.7393 -6.10524 80.4377
    endloop
  endfacet
  facet normal 0.830571 -0.297214 -0.470972
    outer loop
      vertex 15.5343 -6.43452 82.0475
      vertex 14.7393 -6.10524 80.4377
      vertex 15.2668 -4.63113 80.4377
    endloop
  endfacet
  facet normal 0.668081 -0.495494 -0.555116
    outer loop
      vertex 12.3324 -10.121 80.4377
      vertex 11.5485 -9.47762 78.92
      vertex 13.2651 -8.86343 80.4377
    endloop
  endfacet
  facet normal 0.742198 -0.550445 -0.382299
    outer loop
      vertex 13.5375 -11.11 83.7338
      vertex 12.9976 -10.6668 82.0475
      vertex 14.5613 -9.72955 83.7338
    endloop
  endfacet
  facet normal 0.928351 -0.232546 -0.289979
    outer loop
      vertex 17.2657 -5.23748 85.4806
      vertex 16.7586 -5.08367 83.7338
      vertex 17.1762 -3.41656 83.7338
    endloop
  endfacet
  facet normal 0.970212 -0.143916 -0.194876
    outer loop
      vertex 18.3101 -1.80339 87.2708
      vertex 17.6959 -3.51993 85.4806
      vertex 17.9557 -1.76848 85.4806
    endloop
  endfacet
  facet normal 0.841364 -0.503957 -0.19528
    outer loop
      vertex 15.1256 -9.88744 85.6614
      vertex 15.0019 -10.0239 85.4806
      vertex 15.0944 -9.86947 85.4806
    endloop
  endfacet
  facet normal 0.709135 -0.642698 -0.289943
    outer loop
      vertex 13.9471 -11.4461 85.4806
      vertex 12.3834 -12.3834 83.7338
      vertex 13.5375 -11.11 83.7338
    endloop
  endfacet
  facet normal 0.799349 -0.592838 -0.0979009
    outer loop
      vertex 14.3607 -11.7855 89.0873
      vertex 14.2224 -11.672 87.2708
      vertex 15.4467 -10.3212 89.0873
    endloop
  endfacet
  facet normal 0.787823 -0.584267 -0.194851
    outer loop
      vertex 15.2979 -10.2218 87.2708
      vertex 14.2224 -11.672 87.2708
      vertex 15.0019 -10.0239 85.4806
    endloop
  endfacet
  facet normal 0.886657 -0.419363 -0.19487
    outer loop
      vertex 16.1578 -8.174 85.8855
      vertex 16.6692 -6.9046 85.4806
      vertex 16.9982 -7.04087 87.2708
    endloop
  endfacet
  facet normal 0.886657 -0.419363 -0.19487
    outer loop
      vertex 16.6692 -6.9046 85.4806
      vertex 16.1578 -8.174 85.8855
      vertex 16.0879 -8.13364 85.4806
    endloop
  endfacet
  facet normal 0.951421 -0.238363 -0.194889
    outer loop
      vertex 18.0452 -3.5894 87.2708
      vertex 17.6064 -5.34086 87.2708
      vertex 17.6959 -3.51993 85.4806
    endloop
  endfacet
  facet normal -0.98443 0.14601 0.097874
    outer loop
      vertex -18.0452 3.5894 92.7292
      vertex -18.4881 1.82092 90.9127
      vertex -18.3101 1.80339 92.7292
    endloop
  endfacet
  facet normal -0.984429 0.146022 0.0978621
    outer loop
      vertex -18.2206 3.62431 90.9127
      vertex -18.4881 1.82092 90.9127
      vertex -18.0452 3.5894 92.7292
    endloop
  endfacet
  facet normal -0.993997 -0.0488559 -0.0978949
    outer loop
      vertex -18.4881 -1.82092 89.0873
      vertex -18.5776 0 89.0873
      vertex -18.3987 0 87.2708
    endloop
  endfacet
  facet normal -0.937037 0.335227 -0.0978966
    outer loop
      vertex -17.6064 5.34086 87.2708
      vertex -17.7776 5.39279 89.0873
      vertex -17.1635 7.10934 89.0873
    endloop
  endfacet
  facet normal -0.965373 0.241824 -0.0978631
    outer loop
      vertex -18.0452 3.5894 87.2708
      vertex -18.2206 3.62431 89.0873
      vertex -17.7776 5.39279 89.0873
    endloop
  endfacet
  facet normal -0.903986 0.427562 0
    outer loop
      vertex -17.1635 7.10934 89.0873
      vertex -16.384 8.75742 90.9127
      vertex -16.384 8.75742 89.0873
    endloop
  endfacet
  facet normal -0.903986 0.427562 0
    outer loop
      vertex -16.384 8.75742 90.9127
      vertex -17.1635 7.10934 89.0873
      vertex -17.1635 7.10934 90.9127
    endloop
  endfacet
  facet normal -0.989177 0.146726 0
    outer loop
      vertex -18.4881 1.82092 89.0873
      vertex -18.2206 3.62431 90.9127
      vertex -18.2206 3.62431 89.0873
    endloop
  endfacet
  facet normal -0.989177 0.146726 0
    outer loop
      vertex -18.2206 3.62431 90.9127
      vertex -18.4881 1.82092 89.0873
      vertex -18.4881 1.82092 90.9127
    endloop
  endfacet
  facet normal -0.923501 0.330431 -0.194837
    outer loop
      vertex -17.2657 5.23748 85.4806
      vertex -17.6064 5.34086 87.2708
      vertex -16.6692 6.9046 85.4806
    endloop
  endfacet
  facet normal -0.951421 0.238363 -0.194889
    outer loop
      vertex -17.6959 3.51993 85.4806
      vertex -18.0452 3.5894 87.2708
      vertex -17.6064 5.34086 87.2708
    endloop
  endfacet
  facet normal -0.756659 0.453529 -0.470934
    outer loop
      vertex -14.07 7.52055 80.4377
      vertex -14.8288 7.92616 82.0475
      vertex -13.2651 8.86343 80.4377
    endloop
  endfacet
  facet normal -0.797492 0.377134 -0.470932
    outer loop
      vertex -14.7393 6.10524 80.4377
      vertex -14.8288 7.92616 82.0475
      vertex -14.07 7.52055 80.4377
    endloop
  endfacet
  facet normal -0.620562 0.684623 -0.382353
    outer loop
      vertex -11.8894 11.8894 82.0475
      vertex -12.3834 12.3834 83.7338
      vertex -10.6668 12.9976 82.0475
    endloop
  endfacet
  facet normal -0.668079 0.495503 -0.55511
    outer loop
      vertex -12.4219 8.30003 78.92
      vertex -13.2651 8.86343 80.4377
      vertex -11.5485 9.47762 78.92
    endloop
  endfacet
  facet normal -0.653617 0.592457 -0.470935
    outer loop
      vertex -11.281 11.281 80.4377
      vertex -12.9976 10.6668 82.0475
      vertex -11.8894 11.8894 82.0475
    endloop
  endfacet
  facet normal -0.616293 0.558595 -0.555117
    outer loop
      vertex -11.5485 9.47762 78.92
      vertex -12.3324 10.121 80.4377
      vertex -11.281 11.281 80.4377
    endloop
  endfacet
  facet normal -0.899642 0.425511 -0.0979056
    outer loop
      vertex -16.9982 7.04087 87.2708
      vertex -17.1635 7.10934 89.0873
      vertex -16.2262 8.67308 87.2708
    endloop
  endfacet
  facet normal -0.899643 0.425508 -0.0979086
    outer loop
      vertex -16.2262 8.67308 87.2708
      vertex -17.1635 7.10934 89.0873
      vertex -16.384 8.75742 89.0873
    endloop
  endfacet
  facet normal -0.835326 0.395078 -0.382288
    outer loop
      vertex -14.8288 7.92616 82.0475
      vertex -16.1796 6.70183 83.7338
      vertex -15.4448 8.25544 83.7338
    endloop
  endfacet
  facet normal -0.634119 0.0311795 -0.772607
    outer loop
      vertex -11.0267 1.08603 75.0603
      vertex -12.491 0 76.2183
      vertex -12.4308 1.22433 76.2183
    endloop
  endfacet
  facet normal -0.951421 -0.238363 -0.194889
    outer loop
      vertex -17.6064 -5.34086 87.2708
      vertex -18.0452 -3.5894 87.2708
      vertex -17.6959 -3.51993 85.4806
    endloop
  endfacet
  facet normal -0.853588 -0.511663 -0.0979232
    outer loop
      vertex -15.2979 -10.2218 87.2708
      vertex -15.539 -10.1261 88.8724
      vertex -15.4025 -10.0473 87.2708
    endloop
  endfacet
  facet normal -0.853579 -0.511679 -0.0979209
    outer loop
      vertex -15.539 -10.1261 88.8724
      vertex -15.2979 -10.2218 87.2708
      vertex -15.4467 -10.3212 89.0873
    endloop
  endfacet
  facet normal -0.621197 -0.460697 -0.633934
    outer loop
      vertex -10.6534 -8.74301 77.509
      vertex -12.3899 -8.30803 78.8945
      vertex -11.3999 -7.73644 77.509
    endloop
  endfacet
  facet normal -0.621195 -0.460708 -0.633928
    outer loop
      vertex -11.5485 -9.47762 78.92
      vertex -12.3899 -8.30803 78.8945
      vertex -10.6534 -8.74301 77.509
    endloop
  endfacet
  facet normal -0.62147 -0.460897 -0.633521
    outer loop
      vertex -12.3899 -8.30803 78.8945
      vertex -11.5485 -9.47762 78.92
      vertex -12.4081 -8.31854 78.92
    endloop
  endfacet
  facet normal -0.5194 0.573039 -0.633916
    outer loop
      vertex -9.74513 9.74513 77.509
      vertex -10.5639 10.5639 78.92
      vertex -9.47762 11.5485 78.92
    endloop
  endfacet
  facet normal -0.616285 0.558598 -0.555122
    outer loop
      vertex -10.5639 10.5639 78.92
      vertex -11.5485 9.47762 78.92
      vertex -11.281 11.281 80.4377
    endloop
  endfacet
  facet normal -0.495503 0.668079 -0.55511
    outer loop
      vertex -8.30003 12.4219 78.92
      vertex -9.47762 11.5485 78.92
      vertex -8.86343 13.2651 80.4377
    endloop
  endfacet
  facet normal -0.260586 0.728169 -0.633928
    outer loop
      vertex -5.27402 12.7326 77.509
      vertex -5.71716 13.8024 78.92
      vertex -4.33675 14.2964 78.92
    endloop
  endfacet
  facet normal -0.663366 0.397599 -0.633924
    outer loop
      vertex -12.1544 6.49664 77.509
      vertex -13.1756 7.04251 78.92
      vertex -11.4591 7.6567 77.509
    endloop
  endfacet
  facet normal -0.663367 0.397592 -0.633928
    outer loop
      vertex -11.4591 7.6567 77.509
      vertex -13.1756 7.04251 78.92
      vertex -12.4219 8.30003 78.92
    endloop
  endfacet
  facet normal -0.524249 0.475147 -0.706681
    outer loop
      vertex -9.65567 7.9242 76.2183
      vertex -10.6534 8.74301 77.509
      vertex -8.83247 8.83247 76.2183
    endloop
  endfacet
  facet normal -0.213875 0.597759 -0.77262
    outer loop
      vertex -3.21636 10.6029 75.0603
      vertex -4.24013 10.2366 75.0603
      vertex -3.62594 11.9531 76.2183
    endloop
  endfacet
  facet normal -0.378187 0.509924 -0.772627
    outer loop
      vertex -7.02908 8.56496 75.0603
      vertex -7.9242 9.65567 76.2183
      vertex -6.15572 9.21269 75.0603
    endloop
  endfacet
  facet normal -0.60687 0.363737 -0.706685
    outer loop
      vertex -10.3859 6.93963 76.2183
      vertex -12.1544 6.49664 77.509
      vertex -11.4591 7.6567 77.509
    endloop
  endfacet
  facet normal -0.639614 0.302517 -0.706667
    outer loop
      vertex -11.5402 4.7801 76.2183
      vertex -12.7326 5.27402 77.509
      vertex -11.0161 5.88821 76.2183
    endloop
  endfacet
  facet normal -0.686322 0.171946 -0.70668
    outer loop
      vertex -12.251 2.43687 76.2183
      vertex -13.5169 2.68867 77.509
      vertex -11.9531 3.62594 76.2183
    endloop
  endfacet
  facet normal -0.750219 0.187902 -0.633928
    outer loop
      vertex -13.5169 2.68867 77.509
      vertex -14.6526 2.91458 78.92
      vertex -14.2964 4.33675 78.92
    endloop
  endfacet
  facet normal -0.750219 -0.187902 -0.633928
    outer loop
      vertex -14.2964 -4.33675 78.92
      vertex -14.6526 -2.91458 78.92
      vertex -13.5169 -2.68867 77.509
    endloop
  endfacet
  facet normal -0.783141 -0.280259 -0.555108
    outer loop
      vertex -13.8024 -5.71716 78.92
      vertex -14.7393 -6.10524 80.4377
      vertex -14.2964 -4.33675 78.92
    endloop
  endfacet
  facet normal -0.70668 0.0347366 -0.70668
    outer loop
      vertex -12.491 0 76.2183
      vertex -13.7817 0 77.509
      vertex -13.7153 1.35084 77.509
    endloop
  endfacet
  facet normal -0.98443 -0.14601 -0.097874
    outer loop
      vertex -18.0452 -3.5894 87.2708
      vertex -18.4881 -1.82092 89.0873
      vertex -18.3101 -1.80339 87.2708
    endloop
  endfacet
  facet normal -0.549909 0.081599 -0.831229
    outer loop
      vertex -10.4494 1.02918 74.6728
      vertex -11.0267 1.08603 75.0603
      vertex -10.8671 2.1616 75.0603
    endloop
  endfacet
  facet normal -0.550031 0.0815284 -0.831155
    outer loop
      vertex -10.3509 1.69371 74.6728
      vertex -10.4494 1.02918 74.6728
      vertex -10.8671 2.1616 75.0603
    endloop
  endfacet
  facet normal -0.597759 -0.213875 -0.77262
    outer loop
      vertex -10.2366 -4.24013 75.0603
      vertex -11.9531 -3.62594 76.2183
      vertex -10.6029 -3.21636 75.0603
    endloop
  endfacet
  facet normal -0.509924 0.378187 -0.772627
    outer loop
      vertex -9.21269 6.15572 75.0603
      vertex -9.65567 7.9242 76.2183
      vertex -8.56496 7.02908 75.0603
    endloop
  endfacet
  facet normal -0.502599 0.237714 -0.831196
    outer loop
      vertex -10.2366 4.24013 75.0603
      vertex -9.4135 4.62547 74.6728
      vertex -9.70073 4.01818 74.6728
    endloop
  endfacet
  facet normal -0.502599 0.237717 -0.831195
    outer loop
      vertex -9.4135 4.62547 74.6728
      vertex -10.2366 4.24013 75.0603
      vertex -9.77169 5.22308 75.0603
    endloop
  endfacet
  facet normal 0.285832 -0.476886 -0.831192
    outer loop
      vertex 6.15572 -9.21269 75.0603
      vertex 5.25727 -9.0758 74.6728
      vertex 5.83349 -8.73043 74.6728
    endloop
  endfacet
  facet normal 0.285832 -0.476885 -0.831192
    outer loop
      vertex 5.25727 -9.0758 74.6728
      vertex 6.15572 -9.21269 75.0603
      vertex 5.22308 -9.77169 75.0603
    endloop
  endfacet
  facet normal -0.427622 0.713436 -0.555111
    outer loop
      vertex -8.30003 12.4219 78.92
      vertex -8.86343 13.2651 80.4377
      vertex -7.52055 14.07 80.4377
    endloop
  endfacet
  facet normal -0.355611 0.751928 -0.555108
    outer loop
      vertex -5.71716 13.8024 78.92
      vertex -7.04251 13.1756 78.92
      vertex -6.10524 14.7393 80.4377
    endloop
  endfacet
  facet normal -0.453529 0.756659 -0.470934
    outer loop
      vertex -7.52055 14.07 80.4377
      vertex -8.86343 13.2651 80.4377
      vertex -7.92616 14.8288 82.0475
    endloop
  endfacet
  facet normal -0.395078 0.835326 -0.382288
    outer loop
      vertex -7.92616 14.8288 82.0475
      vertex -8.25544 15.4448 83.7338
      vertex -6.70183 16.1796 83.7338
    endloop
  endfacet
  facet normal -0.550436 0.742201 -0.382306
    outer loop
      vertex -9.34147 13.9805 82.0475
      vertex -10.6668 12.9976 82.0475
      vertex -9.72955 14.5613 83.7338
    endloop
  endfacet
  facet normal -0.592838 0.799349 -0.0979009
    outer loop
      vertex -11.672 14.2224 87.2708
      vertex -11.7855 14.3607 89.0873
      vertex -10.3212 15.4467 89.0873
    endloop
  endfacet
  facet normal -0.66836 0.737367 0.0979008
    outer loop
      vertex -11.7855 14.3607 90.9127
      vertex -13.0098 13.0098 92.7292
      vertex -11.672 14.2224 92.7292
    endloop
  endfacet
  facet normal -0.491997 0.820891 -0.289961
    outer loop
      vertex -9.72955 14.5613 83.7338
      vertex -10.0239 15.0019 85.4806
      vertex -8.25544 15.4448 83.7338
    endloop
  endfacet
  facet normal 0.0348412 0.706572 -0.706783
    outer loop
      vertex 1.35084 13.7153 77.509
      vertex 1 13.3973 77.1738
      vertex 1 13.7326 77.509
    endloop
  endfacet
  facet normal -0.0348412 0.706572 -0.706783
    outer loop
      vertex -1 13.3973 77.1738
      vertex -1.35084 13.7153 77.509
      vertex -1 13.7326 77.509
    endloop
  endfacet
  facet normal 0.260581 0.728169 -0.63393
    outer loop
      vertex 5.27402 12.7326 77.509
      vertex 4.00061 13.1883 77.509
      vertex 4.33675 14.2964 78.92
    endloop
  endfacet
  facet normal 0.113453 0.765026 -0.633927
    outer loop
      vertex 2.68867 13.5169 77.509
      vertex 1.35084 13.7153 77.509
      vertex 2.91458 14.6526 78.92
    endloop
  endfacet
  facet normal -0.171946 0.686322 -0.70668
    outer loop
      vertex -2.43687 12.251 76.2183
      vertex -3.62594 11.9531 76.2183
      vertex -2.68867 13.5169 77.509
    endloop
  endfacet
  facet normal -0.103792 0.699879 -0.70668
    outer loop
      vertex -2.43687 12.251 76.2183
      vertex -2.68867 13.5169 77.509
      vertex -1.35084 13.7153 77.509
    endloop
  endfacet
  facet normal 0.446575 0.331199 -0.831191
    outer loop
      vertex 8.11661 6.66113 74.6728
      vertex 8.56496 7.02908 75.0603
      vertex 8.33024 6.37308 74.6728
    endloop
  endfacet
  facet normal 0.470403 0.426344 -0.772627
    outer loop
      vertex 9.65567 7.9242 76.2183
      vertex 8.56496 7.02908 75.0603
      vertex 8.83247 8.83247 76.2183
    endloop
  endfacet
  facet normal -0.502609 0.237708 -0.831191
    outer loop
      vertex -9.77169 5.22308 75.0603
      vertex -9.26017 4.94967 74.6728
      vertex -9.4135 4.62547 74.6728
    endloop
  endfacet
  facet normal -0.330649 0.699147 -0.633928
    outer loop
      vertex -5.27402 12.7326 77.509
      vertex -7.04251 13.1756 78.92
      vertex -5.71716 13.8024 78.92
    endloop
  endfacet
  facet normal -0.260581 0.728169 -0.63393
    outer loop
      vertex -4.00061 13.1883 77.509
      vertex -5.27402 12.7326 77.509
      vertex -4.33675 14.2964 78.92
    endloop
  endfacet
  facet normal -0.65871 0.726721 0.194877
    outer loop
      vertex -11.672 14.2224 92.7292
      vertex -13.0098 13.0098 92.7292
      vertex -11.4461 13.9471 94.5194
    endloop
  endfacet
  facet normal -0.0470174 0.955872 0.289998
    outer loop
      vertex -1 17.9935 94.5194
      vertex -1.76848 17.9557 94.5194
      vertex -1 17.7632 95.2785
    endloop
  endfacet
  facet normal -0.24299 0.970029 0
    outer loop
      vertex -3.62431 18.2206 89.0873
      vertex -5.39279 17.7776 90.9127
      vertex -3.62431 18.2206 90.9127
    endloop
  endfacet
  facet normal -0.24299 0.970029 0
    outer loop
      vertex -5.39279 17.7776 90.9127
      vertex -3.62431 18.2206 89.0873
      vertex -5.39279 17.7776 89.0873
    endloop
  endfacet
  facet normal -0.511645 0.853599 0.0979207
    outer loop
      vertex -8.67308 16.2262 92.7292
      vertex -10.3212 15.4467 90.9127
      vertex -10.2218 15.2979 92.7292
    endloop
  endfacet
  facet normal -0.311335 0.870061 0.382183
    outer loop
      vertex -5.08367 16.7586 96.2662
      vertex -6.43852 16.1667 96.51
      vertex -5.05435 16.662 96.51
    endloop
  endfacet
  facet normal -0.311311 0.870036 0.382259
    outer loop
      vertex -6.43852 16.1667 96.51
      vertex -5.08367 16.7586 96.2662
      vertex -6.70183 16.1796 96.2662
    endloop
  endfacet
  facet normal -0.0481872 0.979654 0.194823
    outer loop
      vertex -1 18.1482 93.7415
      vertex -1.76848 17.9557 94.5194
      vertex -1 17.9935 94.5194
    endloop
  endfacet
  facet normal -0.335236 0.937033 0.0979054
    outer loop
      vertex -5.34086 17.6064 92.7292
      vertex -7.10934 17.1635 90.9127
      vertex -7.04087 16.9982 92.7292
    endloop
  endfacet
  facet normal -0.709135 0.642698 0.289943
    outer loop
      vertex -12.3834 12.3834 96.2662
      vertex -13.9471 11.4461 94.5194
      vertex -13.5375 11.11 96.2662
    endloop
  endfacet
  facet normal -0.642698 0.709135 0.289943
    outer loop
      vertex -11.4461 13.9471 94.5194
      vertex -12.3834 12.3834 96.2662
      vertex -11.11 13.5375 96.2662
    endloop
  endfacet
  facet normal -0.322412 0.901088 0.289986
    outer loop
      vertex -5.23748 17.2657 94.5194
      vertex -6.9046 16.6692 94.5194
      vertex -6.70183 16.1796 96.2662
    endloop
  endfacet
  facet normal 0.946677 0.140442 0.289962
    outer loop
      vertex 17.6959 3.51993 94.5194
      vertex 17.1762 3.41656 96.2662
      vertex 17.4284 1.71655 96.2662
    endloop
  endfacet
  facet normal 0.946684 0.140426 0.289947
    outer loop
      vertex 17.6959 3.51993 94.5194
      vertex 17.4284 1.71655 96.2662
      vertex 17.9557 1.76848 94.5194
    endloop
  endfacet
  facet normal 0.841364 -0.503957 0.19528
    outer loop
      vertex 15.0944 -9.86947 94.5194
      vertex 15.0019 -10.0239 94.5194
      vertex 15.1256 -9.88744 94.3386
    endloop
  endfacet
  facet normal 0.82111 -0.491826 0.289632
    outer loop
      vertex 15.0474 -9.84229 94.6988
      vertex 15.0019 -10.0239 94.5194
      vertex 15.0944 -9.86947 94.5194
    endloop
  endfacet
  facet normal 0.937037 -0.335227 0.0978966
    outer loop
      vertex 17.6064 -5.34086 92.7292
      vertex 17.1635 -7.10934 90.9127
      vertex 17.7776 -5.39279 90.9127
    endloop
  endfacet
  facet normal 0.965361 -0.241856 0.0978967
    outer loop
      vertex 18.0452 -3.5894 92.7292
      vertex 17.6064 -5.34086 92.7292
      vertex 17.7776 -5.39279 90.9127
    endloop
  endfacet
  facet normal 0.584287 -0.787801 0.194879
    outer loop
      vertex 11.4461 -13.9471 94.5194
      vertex 10.0239 -15.0019 94.5194
      vertex 11.672 -14.2224 92.7292
    endloop
  endfacet
  facet normal 0.737363 -0.668365 0.0978941
    outer loop
      vertex 14.3607 -11.7855 90.9127
      vertex 13.0098 -13.0098 92.7292
      vertex 13.1363 -13.1363 90.9127
    endloop
  endfacet
  facet normal 0.592838 -0.799349 0.0979009
    outer loop
      vertex 11.672 -14.2224 92.7292
      vertex 10.3212 -15.4467 90.9127
      vertex 11.7855 -14.3607 90.9127
    endloop
  endfacet
  facet normal 0.5957 -0.803207 0
    outer loop
      vertex 10.3212 -15.4467 89.0873
      vertex 11.7855 -14.3607 90.9127
      vertex 10.3212 -15.4467 90.9127
    endloop
  endfacet
  facet normal 0.5957 -0.803207 0
    outer loop
      vertex 11.7855 -14.3607 90.9127
      vertex 10.3212 -15.4467 89.0873
      vertex 11.7855 -14.3607 89.0873
    endloop
  endfacet
  facet normal 0.511645 -0.853599 0.0979207
    outer loop
      vertex 10.2218 -15.2979 92.7292
      vertex 8.67308 -16.2262 92.7292
      vertex 10.3212 -15.4467 90.9127
    endloop
  endfacet
  facet normal 0.504263 -0.841281 0.194846
    outer loop
      vertex 10.0239 -15.0019 94.5194
      vertex 8.67308 -16.2262 92.7292
      vertex 10.2218 -15.2979 92.7292
    endloop
  endfacet
  facet normal 0.709135 -0.642698 0.289943
    outer loop
      vertex 13.5375 -11.11 96.2662
      vertex 12.3834 -12.3834 96.2662
      vertex 13.9471 -11.4461 94.5194
    endloop
  endfacet
  facet normal 0.821028 -0.491748 0.289997
    outer loop
      vertex 14.5613 -9.72955 96.2662
      vertex 15.0474 -9.84229 94.6988
      vertex 14.636 -9.60483 96.2662
    endloop
  endfacet
  facet normal 0.820838 -0.492084 0.289962
    outer loop
      vertex 15.0474 -9.84229 94.6988
      vertex 14.5613 -9.72955 96.2662
      vertex 15.0019 -10.0239 94.5194
    endloop
  endfacet
  facet normal 0.914044 0.135552 0.382294
    outer loop
      vertex 17.4284 1.71655 96.2662
      vertex 17.2929 1.94266 96.51
      vertex 17.3279 1.70665 96.51
    endloop
  endfacet
  facet normal 0.922929 0.0453187 0.382293
    outer loop
      vertex 17.4 0.238312 96.51
      vertex 17.4284 1.71655 96.2662
      vertex 17.3279 1.70665 96.51
    endloop
  endfacet
  facet normal 0.922915 0.0453245 0.382326
    outer loop
      vertex 17.4284 1.71655 96.2662
      vertex 17.4 0.238312 96.51
      vertex 17.5127 0 96.2662
    endloop
  endfacet
  facet normal 0.869995 0.311362 0.382312
    outer loop
      vertex 16.1796 6.70183 96.2662
      vertex 16.0863 6.66317 96.51
      vertex 16.1667 6.43852 96.51
    endloop
  endfacet
  facet normal 0.922911 -0.0453106 0.382338
    outer loop
      vertex 17.4117 0 96.51
      vertex 17.4 -0.238312 96.51
      vertex 17.5127 0 96.2662
    endloop
  endfacet
  facet normal 0.993997 -0.0488559 0.0978949
    outer loop
      vertex 18.5776 0 90.9127
      vertex 18.3987 0 92.7292
      vertex 18.4881 -1.82092 90.9127
    endloop
  endfacet
  facet normal 0.955882 -0.0469704 0.289971
    outer loop
      vertex 18.0426 0 94.5194
      vertex 17.5127 0 96.2662
      vertex 17.9557 -1.76848 94.5194
    endloop
  endfacet
  facet normal 0.979648 -0.0481382 0.194868
    outer loop
      vertex 18.0426 0 94.5194
      vertex 17.9557 -1.76848 94.5194
      vertex 18.3987 0 92.7292
    endloop
  endfacet
  facet normal 0.965373 -0.241824 -0.0978631
    outer loop
      vertex 18.2206 -3.62431 89.0873
      vertex 17.7776 -5.39279 89.0873
      vertex 18.0452 -3.5894 87.2708
    endloop
  endfacet
  facet normal 0.419366 -0.88665 0.194892
    outer loop
      vertex 8.50521 -15.9121 94.5194
      vertex 7.04087 -16.9982 92.7292
      vertex 8.67308 -16.2262 92.7292
    endloop
  endfacet
  facet normal 0.642738 -0.709115 0.289904
    outer loop
      vertex 12.3834 -12.3834 96.2662
      vertex 11.4461 -13.9471 94.5194
      vertex 12.758 -12.758 94.5194
    endloop
  endfacet
  facet normal 0.238363 -0.951421 0.194889
    outer loop
      vertex 5.34086 -17.6064 92.7292
      vertex 3.51993 -17.6959 94.5194
      vertex 3.5894 -18.0452 92.7292
    endloop
  endfacet
  facet normal 0.241856 -0.965361 0.0978967
    outer loop
      vertex 5.34086 -17.6064 92.7292
      vertex 3.5894 -18.0452 92.7292
      vertex 5.39279 -17.7776 90.9127
    endloop
  endfacet
  facet normal 0.570119 -0.768698 0.289945
    outer loop
      vertex 11.11 -13.5375 96.2662
      vertex 10.0239 -15.0019 94.5194
      vertex 11.4461 -13.9471 94.5194
    endloop
  endfacet
  facet normal 0.491997 -0.820891 0.289961
    outer loop
      vertex 9.72955 -14.5613 96.2662
      vertex 8.25544 -15.4448 96.2662
      vertex 10.0239 -15.0019 94.5194
    endloop
  endfacet
  facet normal 0.841206 -0.504388 0.194847
    outer loop
      vertex 15.2979 -10.2218 92.7292
      vertex 15.1256 -9.88744 94.3386
      vertex 15.0019 -10.0239 94.5194
    endloop
  endfacet
  facet normal 0.841273 -0.504282 0.194832
    outer loop
      vertex 15.1256 -9.88744 94.3386
      vertex 15.2979 -10.2218 92.7292
      vertex 15.4025 -10.0473 92.7292
    endloop
  endfacet
  facet normal 0.768698 -0.570119 0.289945
    outer loop
      vertex 15.0019 -10.0239 94.5194
      vertex 13.5375 -11.11 96.2662
      vertex 13.9471 -11.4461 94.5194
    endloop
  endfacet
  facet normal 0.550347 -0.742214 0.382409
    outer loop
      vertex 9.86507 -14.3352 96.51
      vertex 9.67343 -14.4773 96.51
      vertex 9.72955 -14.5613 96.2662
    endloop
  endfacet
  facet normal 0.550437 -0.742186 0.382334
    outer loop
      vertex 11.11 -13.5375 96.2662
      vertex 9.86507 -14.3352 96.51
      vertex 9.72955 -14.5613 96.2662
    endloop
  endfacet
  facet normal 0.550425 -0.742132 0.382456
    outer loop
      vertex 9.86507 -14.3352 96.51
      vertex 11.11 -13.5375 96.2662
      vertex 11.0459 -13.4594 96.51
    endloop
  endfacet
  facet normal 0.322412 -0.901088 0.289986
    outer loop
      vertex 6.70183 -16.1796 96.2662
      vertex 5.23748 -17.2657 94.5194
      vertex 6.9046 -16.6692 94.5194
    endloop
  endfacet
  facet normal 0.409182 -0.865147 0.289985
    outer loop
      vertex 8.25544 -15.4448 96.2662
      vertex 6.70183 -16.1796 96.2662
      vertex 6.9046 -16.6692 94.5194
    endloop
  endfacet
  facet normal 0.311362 -0.869995 0.382312
    outer loop
      vertex 6.66317 -16.0863 96.51
      vertex 6.43852 -16.1667 96.51
      vertex 6.70183 -16.1796 96.2662
    endloop
  endfacet
  facet normal -0.0469574 0.955889 0.289951
    outer loop
      vertex -1 17.7632 95.2785
      vertex -1.71655 17.4284 96.2662
      vertex -1 17.4636 96.2662
    endloop
  endfacet
  facet normal -0.0469628 0.95589 0.289947
    outer loop
      vertex -1.71655 17.4284 96.2662
      vertex -1 17.7632 95.2785
      vertex -1.76848 17.9557 94.5194
    endloop
  endfacet
  facet normal 0.14601 0.98443 0.097874
    outer loop
      vertex 1.82092 18.4881 90.9127
      vertex 1.80339 18.3101 92.7292
      vertex 3.5894 18.0452 92.7292
    endloop
  endfacet
  facet normal 0.241856 0.965361 0.0978967
    outer loop
      vertex 5.39279 17.7776 90.9127
      vertex 3.5894 18.0452 92.7292
      vertex 5.34086 17.6064 92.7292
    endloop
  endfacet
  facet normal 0.0469574 0.955889 0.289951
    outer loop
      vertex 1.71655 17.4284 96.2662
      vertex 1 17.7632 95.2785
      vertex 1 17.4636 96.2662
    endloop
  endfacet
  facet normal 0.0469628 0.95589 0.289947
    outer loop
      vertex 1 17.7632 95.2785
      vertex 1.71655 17.4284 96.2662
      vertex 1.76848 17.9557 94.5194
    endloop
  endfacet
  facet normal 0.0453382 0.922928 0.382293
    outer loop
      vertex 1 17.4636 96.2662
      vertex 1.70665 17.3279 96.51
      vertex 1.71655 17.4284 96.2662
    endloop
  endfacet
  facet normal 0.0453195 0.922911 0.382338
    outer loop
      vertex 1.70665 17.3279 96.51
      vertex 1 17.4636 96.2662
      vertex 1 17.3626 96.51
    endloop
  endfacet
  facet normal 0.0470174 0.955872 -0.289998
    outer loop
      vertex 1.76848 17.9557 85.4806
      vertex 1 17.7632 84.7215
      vertex 1 17.9935 85.4806
    endloop
  endfacet
  facet normal -0.238363 0.951421 -0.194889
    outer loop
      vertex -3.51993 17.6959 85.4806
      vertex -5.34086 17.6064 87.2708
      vertex -3.5894 18.0452 87.2708
    endloop
  endfacet
  facet normal 0.79247 0.475134 0.382412
    outer loop
      vertex 14.5613 9.72955 96.2662
      vertex 14.4773 9.67343 96.51
      vertex 14.6 9.46878 96.51
    endloop
  endfacet
  facet normal 0.820898 0.49199 0.289953
    outer loop
      vertex 15.9121 8.50521 94.5194
      vertex 15.0019 10.0239 94.5194
      vertex 15.4448 8.25544 96.2662
    endloop
  endfacet
  facet normal 0.419389 0.886644 0.19487
    outer loop
      vertex 7.04087 16.9982 92.7292
      vertex 6.9046 16.6692 94.5194
      vertex 8.50521 15.9121 94.5194
    endloop
  endfacet
  facet normal 0.330396 0.923506 0.19487
    outer loop
      vertex 7.04087 16.9982 92.7292
      vertex 5.34086 17.6064 92.7292
      vertex 6.9046 16.6692 94.5194
    endloop
  endfacet
  facet normal 0.311311 0.870036 0.382259
    outer loop
      vertex 5.08367 16.7586 96.2662
      vertex 6.43852 16.1667 96.51
      vertex 6.70183 16.1796 96.2662
    endloop
  endfacet
  facet normal 0.311335 0.870061 0.382183
    outer loop
      vertex 6.43852 16.1667 96.51
      vertex 5.08367 16.7586 96.2662
      vertex 5.05435 16.662 96.51
    endloop
  endfacet
  facet normal 0.135552 0.914044 0.382294
    outer loop
      vertex 1.71655 17.4284 96.2662
      vertex 1.70665 17.3279 96.51
      vertex 1.94266 17.2929 96.51
    endloop
  endfacet
  facet normal 0.750219 0.187902 -0.633928
    outer loop
      vertex 14.6526 2.91458 78.92
      vertex 13.5169 2.68867 77.509
      vertex 14.2964 4.33675 78.92
    endloop
  endfacet
  facet normal 0.82278 0.122035 -0.555104
    outer loop
      vertex 15.8769 1.56374 80.4377
      vertex 14.6526 2.91458 78.92
      vertex 15.6472 3.11242 80.4377
    endloop
  endfacet
  facet normal 0.901087 0.322421 -0.289978
    outer loop
      vertex 16.7586 5.08367 83.7338
      vertex 16.1796 6.70183 83.7338
      vertex 17.2657 5.23748 85.4806
    endloop
  endfacet
  facet normal 0.872616 0.129426 -0.470945
    outer loop
      vertex 15.8769 1.56374 80.4377
      vertex 15.6472 3.11242 80.4377
      vertex 16.4911 3.28029 82.0475
    endloop
  endfacet
  facet normal 0.830774 0.040855 -0.555108
    outer loop
      vertex 15.9538 0 80.4377
      vertex 14.9397 0 78.92
      vertex 15.8769 1.56374 80.4377
    endloop
  endfacet
  facet normal 0.830777 0.0408484 -0.555104
    outer loop
      vertex 14.9397 0 78.92
      vertex 14.8677 1.46434 78.92
      vertex 15.8769 1.56374 80.4377
    endloop
  endfacet
  facet normal 0.922916 0.0453245 -0.382325
    outer loop
      vertex 17.5127 0 83.7338
      vertex 16.7332 1.64808 82.0475
      vertex 17.4284 1.71655 83.7338
    endloop
  endfacet
  facet normal 0.946684 0.140426 -0.289947
    outer loop
      vertex 17.9557 1.76848 85.4806
      vertex 17.4284 1.71655 83.7338
      vertex 17.6959 3.51993 85.4806
    endloop
  endfacet
  facet normal 0.955882 0.0469704 -0.289971
    outer loop
      vertex 18.0426 0 85.4806
      vertex 17.5127 0 83.7338
      vertex 17.9557 1.76848 85.4806
    endloop
  endfacet
  facet normal 0.946684 -0.140426 -0.289947
    outer loop
      vertex 17.6959 -3.51993 85.4806
      vertex 17.4284 -1.71655 83.7338
      vertex 17.9557 -1.76848 85.4806
    endloop
  endfacet
  facet normal 0.922926 -0.0453601 -0.382295
    outer loop
      vertex 17.5127 0 83.7338
      vertex 16.7332 -1.64808 82.0475
      vertex 16.8142 0 82.0475
    endloop
  endfacet
  facet normal 0.922916 -0.0453245 -0.382325
    outer loop
      vertex 17.4284 -1.71655 83.7338
      vertex 16.7332 -1.64808 82.0475
      vertex 17.5127 0 83.7338
    endloop
  endfacet
  facet normal 0.970029 0.24299 0
    outer loop
      vertex 18.2206 3.62431 90.9127
      vertex 17.7776 5.39279 89.0873
      vertex 17.7776 5.39279 90.9127
    endloop
  endfacet
  facet normal 0.970029 0.24299 0
    outer loop
      vertex 17.7776 5.39279 89.0873
      vertex 18.2206 3.62431 90.9127
      vertex 18.2206 3.62431 89.0873
    endloop
  endfacet
  facet normal 0.989177 0.146726 0
    outer loop
      vertex 18.4881 1.82092 90.9127
      vertex 18.2206 3.62431 89.0873
      vertex 18.2206 3.62431 90.9127
    endloop
  endfacet
  facet normal 0.989177 0.146726 0
    outer loop
      vertex 18.2206 3.62431 89.0873
      vertex 18.4881 1.82092 90.9127
      vertex 18.4881 1.82092 89.0873
    endloop
  endfacet
  facet normal 0.970212 0.143901 0.19489
    outer loop
      vertex 18.0452 3.5894 92.7292
      vertex 17.6959 3.51993 94.5194
      vertex 18.3101 1.80339 92.7292
    endloop
  endfacet
  facet normal 0.98443 0.14601 0.097874
    outer loop
      vertex 18.4881 1.82092 90.9127
      vertex 18.0452 3.5894 92.7292
      vertex 18.3101 1.80339 92.7292
    endloop
  endfacet
  facet normal 0.653617 0.592457 -0.470935
    outer loop
      vertex 12.9976 10.6668 82.0475
      vertex 11.281 11.281 80.4377
      vertex 11.8894 11.8894 82.0475
    endloop
  endfacet
  facet normal 0.584287 0.787801 -0.194879
    outer loop
      vertex 11.4461 13.9471 85.4806
      vertex 10.0239 15.0019 85.4806
      vertex 11.672 14.2224 87.2708
    endloop
  endfacet
  facet normal 0.570103 0.768704 -0.289959
    outer loop
      vertex 11.11 13.5375 83.7338
      vertex 9.72955 14.5613 83.7338
      vertex 10.0239 15.0019 85.4806
    endloop
  endfacet
  facet normal 0.570119 0.768698 -0.289945
    outer loop
      vertex 11.11 13.5375 83.7338
      vertex 10.0239 15.0019 85.4806
      vertex 11.4461 13.9471 85.4806
    endloop
  endfacet
  facet normal 0.737363 0.668365 -0.0978941
    outer loop
      vertex 14.3607 11.7855 89.0873
      vertex 13.0098 13.0098 87.2708
      vertex 13.1363 13.1363 89.0873
    endloop
  endfacet
  facet normal 0.726721 0.65871 -0.194877
    outer loop
      vertex 13.9471 11.4461 85.4806
      vertex 13.0098 13.0098 87.2708
      vertex 14.2224 11.672 87.2708
    endloop
  endfacet
  facet normal 0.616293 0.558595 -0.555117
    outer loop
      vertex 11.5485 9.47762 78.92
      vertex 11.281 11.281 80.4377
      vertex 12.3324 10.121 80.4377
    endloop
  endfacet
  facet normal 0.558598 0.616285 -0.555122
    outer loop
      vertex 10.5639 10.5639 78.92
      vertex 9.47762 11.5485 78.92
      vertex 11.281 11.281 80.4377
    endloop
  endfacet
  facet normal 0.853606 0.511635 -0.0979083
    outer loop
      vertex 16.2262 8.67308 87.2708
      vertex 15.4467 10.3212 89.0873
      vertex 16.384 8.75742 89.0873
    endloop
  endfacet
  facet normal 0.853599 0.511645 -0.0979207
    outer loop
      vertex 16.2262 8.67308 87.2708
      vertex 15.2979 10.2218 87.2708
      vertex 15.4467 10.3212 89.0873
    endloop
  endfacet
  facet normal 0.709135 0.642698 -0.289943
    outer loop
      vertex 13.5375 11.11 83.7338
      vertex 12.3834 12.3834 83.7338
      vertex 13.9471 11.4461 85.4806
    endloop
  endfacet
  facet normal 0.709115 0.642738 -0.289904
    outer loop
      vertex 13.9471 11.4461 85.4806
      vertex 12.3834 12.3834 83.7338
      vertex 12.758 12.758 85.4806
    endloop
  endfacet
  facet normal 0.555307 0.0272533 -0.831199
    outer loop
      vertex 10.4824 0.35819 74.6728
      vertex 11.0267 1.08603 75.0603
      vertex 11.08 0 75.0603
    endloop
  endfacet
  facet normal 0.555256 0.0273081 -0.831231
    outer loop
      vertex 11.0267 1.08603 75.0603
      vertex 10.4824 0.35819 74.6728
      vertex 10.4494 1.02918 74.6728
    endloop
  endfacet
  facet normal 0.615844 0.154259 -0.772619
    outer loop
      vertex 10.8671 2.1616 75.0603
      vertex 10.6029 3.21636 75.0603
      vertex 11.9531 3.62594 76.2183
    endloop
  endfacet
  facet normal 0.568283 0.421487 -0.706684
    outer loop
      vertex 11.4591 7.6567 77.509
      vertex 10.3859 6.93963 76.2183
      vertex 10.6534 8.74301 77.509
    endloop
  endfacet
  facet normal 0.524249 0.475147 -0.706681
    outer loop
      vertex 9.65567 7.9242 76.2183
      vertex 8.83247 8.83247 76.2183
      vertex 10.6534 8.74301 77.509
    endloop
  endfacet
  facet normal 0.597756 0.213847 -0.77263
    outer loop
      vertex 11.9531 3.62594 76.2183
      vertex 10.2366 4.24013 75.0603
      vertex 11.5402 4.7801 76.2183
    endloop
  endfacet
  facet normal 0.639614 0.302517 -0.706667
    outer loop
      vertex 11.5402 4.7801 76.2183
      vertex 11.0161 5.88821 76.2183
      vertex 12.7326 5.27402 77.509
    endloop
  endfacet
  facet normal 0.783141 0.280259 -0.555108
    outer loop
      vertex 14.2964 4.33675 78.92
      vertex 13.8024 5.71716 78.92
      vertex 14.7393 6.10524 80.4377
    endloop
  endfacet
  facet normal 0.830571 0.297214 -0.470972
    outer loop
      vertex 15.2668 4.63113 80.4377
      vertex 14.7393 6.10524 80.4377
      vertex 15.5343 6.43452 82.0475
    endloop
  endfacet
  facet normal 0.684678 0.620533 -0.382303
    outer loop
      vertex 12.9976 10.6668 82.0475
      vertex 12.3834 12.3834 83.7338
      vertex 13.5375 11.11 83.7338
    endloop
  endfacet
  facet normal 0.75666 0.453522 -0.470938
    outer loop
      vertex 14.8288 7.92616 82.0475
      vertex 13.2651 8.86343 80.4377
      vertex 13.9805 9.34147 82.0475
    endloop
  endfacet
  facet normal 0.621184 0.460722 -0.633928
    outer loop
      vertex 12.4219 8.30003 78.92
      vertex 10.6534 8.74301 77.509
      vertex 11.5485 9.47762 78.92
    endloop
  endfacet
  facet normal 0.668079 0.495503 -0.55511
    outer loop
      vertex 12.4219 8.30003 78.92
      vertex 11.5485 9.47762 78.92
      vertex 13.2651 8.86343 80.4377
    endloop
  endfacet
  facet normal 0.663366 0.397599 -0.633924
    outer loop
      vertex 12.1544 6.49664 77.509
      vertex 11.4591 7.6567 77.509
      vertex 13.1756 7.04251 78.92
    endloop
  endfacet
  facet normal 0.699155 0.330643 -0.633923
    outer loop
      vertex 12.7326 5.27402 77.509
      vertex 12.1544 6.49664 77.509
      vertex 13.1756 7.04251 78.92
    endloop
  endfacet
  facet normal 0.709115 0.642738 0.289904
    outer loop
      vertex 12.758 12.758 94.5194
      vertex 12.3834 12.3834 96.2662
      vertex 13.9471 11.4461 94.5194
    endloop
  endfacet
  facet normal 0.709135 0.642698 0.289943
    outer loop
      vertex 13.9471 11.4461 94.5194
      vertex 12.3834 12.3834 96.2662
      vertex 13.5375 11.11 96.2662
    endloop
  endfacet
  facet normal 0.453522 0.75666 -0.470938
    outer loop
      vertex 8.86343 13.2651 80.4377
      vertex 7.92616 14.8288 82.0475
      vertex 9.34147 13.9805 82.0475
    endloop
  endfacet
  facet normal 0.475048 0.792573 -0.382306
    outer loop
      vertex 9.34147 13.9805 82.0475
      vertex 7.92616 14.8288 82.0475
      vertex 9.72955 14.5613 83.7338
    endloop
  endfacet
  facet normal 0.143901 0.970212 -0.19489
    outer loop
      vertex 3.51993 17.6959 85.4806
      vertex 1.80339 18.3101 87.2708
      vertex 3.5894 18.0452 87.2708
    endloop
  endfacet
  facet normal 0.238311 0.951445 -0.194835
    outer loop
      vertex 5.23748 17.2657 85.4806
      vertex 3.51993 17.6959 85.4806
      vertex 5.34086 17.6064 87.2708
    endloop
  endfacet
  facet normal 0.311304 0.870028 -0.382283
    outer loop
      vertex 6.43452 15.5343 82.0475
      vertex 4.8809 16.0902 82.0475
      vertex 6.70183 16.1796 83.7338
    endloop
  endfacet
  facet normal 0.297193 0.830591 -0.470952
    outer loop
      vertex 6.43452 15.5343 82.0475
      vertex 4.63113 15.2668 80.4377
      vertex 4.8809 16.0902 82.0475
    endloop
  endfacet
  facet normal 0.427562 0.903986 -0
    outer loop
      vertex 8.75742 16.384 89.0873
      vertex 7.10934 17.1635 90.9127
      vertex 8.75742 16.384 90.9127
    endloop
  endfacet
  facet normal 0.427562 0.903986 0
    outer loop
      vertex 7.10934 17.1635 90.9127
      vertex 8.75742 16.384 89.0873
      vertex 7.10934 17.1635 89.0873
    endloop
  endfacet
  facet normal 0.330431 0.923501 -0.194837
    outer loop
      vertex 6.9046 16.6692 85.4806
      vertex 5.23748 17.2657 85.4806
      vertex 5.34086 17.6064 87.2708
    endloop
  endfacet
  facet normal 0.5957 0.803207 -0
    outer loop
      vertex 11.7855 14.3607 89.0873
      vertex 10.3212 15.4467 90.9127
      vertex 11.7855 14.3607 90.9127
    endloop
  endfacet
  facet normal 0.5957 0.803207 0
    outer loop
      vertex 10.3212 15.4467 90.9127
      vertex 11.7855 14.3607 89.0873
      vertex 10.3212 15.4467 89.0873
    endloop
  endfacet
  facet normal 0.592822 0.799359 0.0979196
    outer loop
      vertex 10.3212 15.4467 90.9127
      vertex 10.2218 15.2979 92.7292
      vertex 11.672 14.2224 92.7292
    endloop
  endfacet
  facet normal 0.511635 0.853606 0.0979083
    outer loop
      vertex 8.75742 16.384 90.9127
      vertex 8.67308 16.2262 92.7292
      vertex 10.3212 15.4467 90.9127
    endloop
  endfacet
  facet normal -0.923506 0.330396 0.19487
    outer loop
      vertex -16.9982 7.04087 92.7292
      vertex -17.6064 5.34086 92.7292
      vertex -16.6692 6.9046 94.5194
    endloop
  endfacet
  facet normal -0.86514 0.409218 0.289953
    outer loop
      vertex -15.9121 8.50521 94.5194
      vertex -16.6692 6.9046 94.5194
      vertex -15.4448 8.25544 96.2662
    endloop
  endfacet
  facet normal -0.88665 0.419366 0.194892
    outer loop
      vertex -16.2262 8.67308 92.7292
      vertex -16.9982 7.04087 92.7292
      vertex -15.9121 8.50521 94.5194
    endloop
  endfacet
  facet normal -0.899642 0.425511 0.0979056
    outer loop
      vertex -16.2262 8.67308 92.7292
      vertex -17.1635 7.10934 90.9127
      vertex -16.9982 7.04087 92.7292
    endloop
  endfacet
  facet normal -0.946677 -0.140442 0.289962
    outer loop
      vertex -17.4284 -1.71655 96.2662
      vertex -17.6959 -3.51993 94.5194
      vertex -17.1762 -3.41656 96.2662
    endloop
  endfacet
  facet normal -0.896465 -0.224262 0.382174
    outer loop
      vertex -16.7199 -4.8229 96.51
      vertex -16.7586 -5.08367 96.2662
      vertex -16.662 -5.05435 96.51
    endloop
  endfacet
  facet normal -0.799349 -0.592838 0.0979009
    outer loop
      vertex -14.2224 -11.672 92.7292
      vertex -15.4467 -10.3212 90.9127
      vertex -14.3607 -11.7855 90.9127
    endloop
  endfacet
  facet normal -0.841364 -0.503957 0.19528
    outer loop
      vertex -15.0944 -9.86947 94.5194
      vertex -15.1256 -9.88744 94.3386
      vertex -15.0019 -10.0239 94.5194
    endloop
  endfacet
  facet normal -0.570119 -0.768698 0.289945
    outer loop
      vertex -11.11 -13.5375 96.2662
      vertex -11.4461 -13.9471 94.5194
      vertex -10.0239 -15.0019 94.5194
    endloop
  endfacet
  facet normal -0.570103 -0.768704 0.289959
    outer loop
      vertex -9.72955 -14.5613 96.2662
      vertex -11.11 -13.5375 96.2662
      vertex -10.0239 -15.0019 94.5194
    endloop
  endfacet
  facet normal -0.768704 -0.570103 0.289959
    outer loop
      vertex -14.5613 -9.72955 96.2662
      vertex -15.0019 -10.0239 94.5194
      vertex -13.5375 -11.11 96.2662
    endloop
  endfacet
  facet normal -0.768698 -0.570119 0.289945
    outer loop
      vertex -13.5375 -11.11 96.2662
      vertex -15.0019 -10.0239 94.5194
      vertex -13.9471 -11.4461 94.5194
    endloop
  endfacet
  facet normal -0.65871 -0.726721 -0.194877
    outer loop
      vertex -11.672 -14.2224 87.2708
      vertex -13.0098 -13.0098 87.2708
      vertex -11.4461 -13.9471 85.4806
    endloop
  endfacet
  facet normal -0.504263 -0.841281 -0.194846
    outer loop
      vertex -8.67308 -16.2262 87.2708
      vertex -10.2218 -15.2979 87.2708
      vertex -10.0239 -15.0019 85.4806
    endloop
  endfacet
  facet normal -0.668365 -0.737363 0.0978941
    outer loop
      vertex -13.0098 -13.0098 92.7292
      vertex -13.1363 -13.1363 90.9127
      vertex -11.7855 -14.3607 90.9127
    endloop
  endfacet
  facet normal -0.584287 -0.787801 0.194879
    outer loop
      vertex -11.4461 -13.9471 94.5194
      vertex -11.672 -14.2224 92.7292
      vertex -10.0239 -15.0019 94.5194
    endloop
  endfacet
  facet normal -0.504263 -0.841281 0.194846
    outer loop
      vertex -10.0239 -15.0019 94.5194
      vertex -10.2218 -15.2979 92.7292
      vertex -8.67308 -16.2262 92.7292
    endloop
  endfacet
  facet normal -0.425508 -0.899643 -0.0979086
    outer loop
      vertex -7.10934 -17.1635 89.0873
      vertex -8.75742 -16.384 89.0873
      vertex -8.67308 -16.2262 87.2708
    endloop
  endfacet
  facet normal -0.511645 -0.853599 -0.0979207
    outer loop
      vertex -8.67308 -16.2262 87.2708
      vertex -10.3212 -15.4467 89.0873
      vertex -10.2218 -15.2979 87.2708
    endloop
  endfacet
  facet normal -0.143901 -0.970212 0.19489
    outer loop
      vertex -3.51993 -17.6959 94.5194
      vertex -3.5894 -18.0452 92.7292
      vertex -1.80339 -18.3101 92.7292
    endloop
  endfacet
  facet normal -0.140442 -0.946677 0.289962
    outer loop
      vertex -3.41656 -17.1762 96.2662
      vertex -3.51993 -17.6959 94.5194
      vertex -1.71655 -17.4284 96.2662
    endloop
  endfacet
  facet normal 0.135602 -0.914054 0.382253
    outer loop
      vertex 3.41656 -17.1762 96.2662
      vertex 1.94266 -17.2929 96.51
      vertex 1.71655 -17.4284 96.2662
    endloop
  endfacet
  facet normal 0.135588 -0.914101 0.382146
    outer loop
      vertex 1.94266 -17.2929 96.51
      vertex 3.41656 -17.1762 96.2662
      vertex 3.39686 -17.0772 96.51
    endloop
  endfacet
  facet normal 0.140442 -0.946677 0.289962
    outer loop
      vertex 3.41656 -17.1762 96.2662
      vertex 1.71655 -17.4284 96.2662
      vertex 3.51993 -17.6959 94.5194
    endloop
  endfacet
  facet normal -0.425511 -0.899642 0.0979056
    outer loop
      vertex -7.04087 -16.9982 92.7292
      vertex -8.67308 -16.2262 92.7292
      vertex -7.10934 -17.1635 90.9127
    endloop
  endfacet
  facet normal -0.0469439 -0.955891 0.289947
    outer loop
      vertex -1.71655 -17.4284 96.2662
      vertex -1.76848 -17.9557 94.5194
      vertex 0 -17.5127 96.2662
    endloop
  endfacet
  facet normal -0.232529 -0.92836 0.289962
    outer loop
      vertex -3.41656 -17.1762 96.2662
      vertex -5.23748 -17.2657 94.5194
      vertex -3.51993 -17.6959 94.5194
    endloop
  endfacet
  facet normal -0.140426 -0.946684 0.289947
    outer loop
      vertex -1.71655 -17.4284 96.2662
      vertex -3.51993 -17.6959 94.5194
      vertex -1.76848 -17.9557 94.5194
    endloop
  endfacet
  facet normal -0.0481297 -0.979646 0.194876
    outer loop
      vertex -1.76848 -17.9557 94.5194
      vertex -1.80339 -18.3101 92.7292
      vertex 0 -18.3987 92.7292
    endloop
  endfacet
  facet normal 0.0469704 -0.955882 0.289971
    outer loop
      vertex 0 -17.5127 96.2662
      vertex 0 -18.0426 94.5194
      vertex 1.76848 -17.9557 94.5194
    endloop
  endfacet
  facet normal -0.322412 -0.901088 0.289986
    outer loop
      vertex -6.70183 -16.1796 96.2662
      vertex -6.9046 -16.6692 94.5194
      vertex -5.23748 -17.2657 94.5194
    endloop
  endfacet
  facet normal -0.322421 -0.901087 0.289978
    outer loop
      vertex -5.08367 -16.7586 96.2662
      vertex -6.70183 -16.1796 96.2662
      vertex -5.23748 -17.2657 94.5194
    endloop
  endfacet
  facet normal -0.49199 -0.820898 0.289953
    outer loop
      vertex -8.25544 -15.4448 96.2662
      vertex -10.0239 -15.0019 94.5194
      vertex -8.50521 -15.9121 94.5194
    endloop
  endfacet
  facet normal -0.504217 -0.841298 0.194891
    outer loop
      vertex -8.50521 -15.9121 94.5194
      vertex -10.0239 -15.0019 94.5194
      vertex -8.67308 -16.2262 92.7292
    endloop
  endfacet
  facet normal -0.143916 -0.970212 -0.194876
    outer loop
      vertex -1.80339 -18.3101 87.2708
      vertex -3.51993 -17.6959 85.4806
      vertex -1.76848 -17.9557 85.4806
    endloop
  endfacet
  facet normal 0.146726 -0.989177 0
    outer loop
      vertex 1.82092 -18.4881 89.0873
      vertex 3.62431 -18.2206 90.9127
      vertex 1.82092 -18.4881 90.9127
    endloop
  endfacet
  facet normal 0.146726 -0.989177 0
    outer loop
      vertex 3.62431 -18.2206 90.9127
      vertex 1.82092 -18.4881 89.0873
      vertex 3.62431 -18.2206 89.0873
    endloop
  endfacet
  facet normal 0.241856 -0.965361 -0.0978967
    outer loop
      vertex 5.39279 -17.7776 89.0873
      vertex 3.5894 -18.0452 87.2708
      vertex 5.34086 -17.6064 87.2708
    endloop
  endfacet
  facet normal 0.335227 -0.937037 -0.0978966
    outer loop
      vertex 5.39279 -17.7776 89.0873
      vertex 5.34086 -17.6064 87.2708
      vertex 7.10934 -17.1635 89.0873
    endloop
  endfacet
  facet normal -0.584267 -0.787823 0.194851
    outer loop
      vertex -10.0239 -15.0019 94.5194
      vertex -11.672 -14.2224 92.7292
      vertex -10.2218 -15.2979 92.7292
    endloop
  endfacet
  facet normal -0.592822 -0.799359 0.0979196
    outer loop
      vertex -10.2218 -15.2979 92.7292
      vertex -11.672 -14.2224 92.7292
      vertex -10.3212 -15.4467 90.9127
    endloop
  endfacet
  facet normal -0.330431 -0.923501 -0.194837
    outer loop
      vertex -5.34086 -17.6064 87.2708
      vertex -6.9046 -16.6692 85.4806
      vertex -5.23748 -17.2657 85.4806
    endloop
  endfacet
  facet normal -0.143901 -0.970212 -0.19489
    outer loop
      vertex -1.80339 -18.3101 87.2708
      vertex -3.5894 -18.0452 87.2708
      vertex -3.51993 -17.6959 85.4806
    endloop
  endfacet
  facet normal -0.0481297 -0.979646 -0.194876
    outer loop
      vertex 0 -18.3987 87.2708
      vertex -1.80339 -18.3101 87.2708
      vertex -1.76848 -17.9557 85.4806
    endloop
  endfacet
  facet normal -0.140442 -0.946677 -0.289962
    outer loop
      vertex -1.71655 -17.4284 83.7338
      vertex -3.51993 -17.6959 85.4806
      vertex -3.41656 -17.1762 83.7338
    endloop
  endfacet
  facet normal -0.946684 -0.140426 -0.289947
    outer loop
      vertex -17.6959 -3.51993 85.4806
      vertex -17.9557 -1.76848 85.4806
      vertex -17.4284 -1.71655 83.7338
    endloop
  endfacet
  facet normal -0.955882 -0.0469704 -0.289971
    outer loop
      vertex -17.9557 -1.76848 85.4806
      vertex -18.0426 0 85.4806
      vertex -17.5127 0 83.7338
    endloop
  endfacet
  facet normal -0.79275 -0.474811 -0.382232
    outer loop
      vertex -14.5613 -9.72955 83.7338
      vertex -14.636 -9.60483 83.7338
      vertex -14.5842 -9.57491 83.5892
    endloop
  endfacet
  facet normal -0.568298 -0.421465 -0.706686
    outer loop
      vertex -10.6534 -8.74301 77.509
      vertex -11.3999 -7.73644 77.509
      vertex -10.4202 -7.17079 76.3838
    endloop
  endfacet
  facet normal -0.737367 -0.66836 0.0979008
    outer loop
      vertex -14.2224 -11.672 92.7292
      vertex -14.3607 -11.7855 90.9127
      vertex -13.0098 -13.0098 92.7292
    endloop
  endfacet
  facet normal -0.709135 -0.642698 0.289943
    outer loop
      vertex -13.5375 -11.11 96.2662
      vertex -13.9471 -11.4461 94.5194
      vertex -12.3834 -12.3834 96.2662
    endloop
  endfacet
  facet normal -0.965361 -0.241856 0.0978967
    outer loop
      vertex -17.6064 -5.34086 92.7292
      vertex -18.0452 -3.5894 92.7292
      vertex -17.7776 -5.39279 90.9127
    endloop
  endfacet
  facet normal -0.937037 -0.335227 0.0978966
    outer loop
      vertex -17.6064 -5.34086 92.7292
      vertex -17.7776 -5.39279 90.9127
      vertex -17.1635 -7.10934 90.9127
    endloop
  endfacet
  facet normal -0.896393 -0.224595 0.382147
    outer loop
      vertex -17.1762 -3.41656 96.2662
      vertex -16.7199 -4.8229 96.51
      vertex -17.0772 -3.39686 96.51
    endloop
  endfacet
  facet normal -0.896297 -0.224516 0.382419
    outer loop
      vertex -16.7199 -4.8229 96.51
      vertex -17.1762 -3.41656 96.2662
      vertex -16.7586 -5.08367 96.2662
    endloop
  endfacet
  facet normal -0.928351 -0.232546 0.289979
    outer loop
      vertex -17.1762 -3.41656 96.2662
      vertex -17.2657 -5.23748 94.5194
      vertex -16.7586 -5.08367 96.2662
    endloop
  endfacet
  facet normal -0.92836 -0.232529 0.289962
    outer loop
      vertex -17.1762 -3.41656 96.2662
      vertex -17.6959 -3.51993 94.5194
      vertex -17.2657 -5.23748 94.5194
    endloop
  endfacet
  facet normal -0.154259 -0.615844 -0.772619
    outer loop
      vertex -2.1616 -10.8671 75.0603
      vertex -3.62594 -11.9531 76.2183
      vertex -3.21636 -10.6029 75.0603
    endloop
  endfacet
  facet normal -0.154283 -0.615823 -0.772631
    outer loop
      vertex -2.43687 -12.251 76.2183
      vertex -3.62594 -11.9531 76.2183
      vertex -2.1616 -10.8671 75.0603
    endloop
  endfacet
  facet normal -0.326382 -0.544532 -0.772632
    outer loop
      vertex -5.88821 -11.0161 76.2183
      vertex -6.93963 -10.3859 76.2183
      vertex -5.22308 -9.77169 75.0603
    endloop
  endfacet
  facet normal -0.237708 -0.502609 -0.831191
    outer loop
      vertex -5.22308 -9.77169 75.0603
      vertex -4.94967 -9.26017 74.6728
      vertex -4.62547 -9.4135 74.6728
    endloop
  endfacet
  facet normal -0.213847 -0.597756 -0.77263
    outer loop
      vertex -3.62594 -11.9531 76.2183
      vertex -4.7801 -11.5402 76.2183
      vertex -4.24013 -10.2366 75.0603
    endloop
  endfacet
  facet normal -0.302517 -0.639614 -0.706667
    outer loop
      vertex -5.27402 -12.7326 77.509
      vertex -5.88821 -11.0161 76.2183
      vertex -4.7801 -11.5402 76.2183
    endloop
  endfacet
  facet normal -0.0815117 -0.549919 -0.831231
    outer loop
      vertex -1.08603 -11.0267 75.0603
      vertex -1.69371 -10.3509 74.6728
      vertex -1.02918 -10.4494 74.6728
    endloop
  endfacet
  facet normal -0.0816093 -0.549978 -0.831182
    outer loop
      vertex -1.69371 -10.3509 74.6728
      vertex -1.08603 -11.0267 75.0603
      vertex -2.1616 -10.8671 75.0603
    endloop
  endfacet
  facet normal -0.373383 -0.411955 -0.831191
    outer loop
      vertex -6.66113 -8.11661 74.6728
      vertex -7.02908 -8.56496 75.0603
      vertex -6.92685 -7.87577 74.6728
    endloop
  endfacet
  facet normal -0.539306 0.135062 -0.831209
    outer loop
      vertex -10.8671 2.1616 75.0603
      vertex -10.135 2.70011 74.6728
      vertex -10.2982 2.04845 74.6728
    endloop
  endfacet
  facet normal -0.539319 0.135091 -0.831195
    outer loop
      vertex -10.135 2.70011 74.6728
      vertex -10.8671 2.1616 75.0603
      vertex -10.6029 3.21636 75.0603
    endloop
  endfacet
  facet normal -0.686322 -0.171946 -0.70668
    outer loop
      vertex -11.9531 -3.62594 76.2183
      vertex -13.5169 -2.68867 77.509
      vertex -12.251 -2.43687 76.2183
    endloop
  endfacet
  facet normal -0.427602 -0.713438 -0.555123
    outer loop
      vertex -7.52055 -14.07 80.4377
      vertex -8.30003 -12.4219 78.92
      vertex -7.04251 -13.1756 78.92
    endloop
  endfacet
  facet normal -0.355611 -0.751928 -0.555108
    outer loop
      vertex -6.10524 -14.7393 80.4377
      vertex -7.04251 -13.1756 78.92
      vertex -5.71716 -13.8024 78.92
    endloop
  endfacet
  facet normal -0.260586 -0.728169 -0.633928
    outer loop
      vertex -4.33675 -14.2964 78.92
      vertex -5.71716 -13.8024 78.92
      vertex -5.27402 -12.7326 77.509
    endloop
  endfacet
  facet normal -0.427622 -0.713436 -0.555111
    outer loop
      vertex -7.52055 -14.07 80.4377
      vertex -8.86343 -13.2651 80.4377
      vertex -8.30003 -12.4219 78.92
    endloop
  endfacet
  facet normal -0.584287 -0.787801 -0.194879
    outer loop
      vertex -10.0239 -15.0019 85.4806
      vertex -11.672 -14.2224 87.2708
      vertex -11.4461 -13.9471 85.4806
    endloop
  endfacet
  facet normal -0.570119 -0.768698 -0.289945
    outer loop
      vertex -10.0239 -15.0019 85.4806
      vertex -11.4461 -13.9471 85.4806
      vertex -11.11 -13.5375 83.7338
    endloop
  endfacet
  facet normal -0.297214 -0.830571 -0.470972
    outer loop
      vertex -4.63113 -15.2668 80.4377
      vertex -6.43452 -15.5343 82.0475
      vertex -6.10524 -14.7393 80.4377
    endloop
  endfacet
  facet normal -0.37717 -0.797452 -0.470971
    outer loop
      vertex -6.43452 -15.5343 82.0475
      vertex -7.92616 -14.8288 82.0475
      vertex -6.10524 -14.7393 80.4377
    endloop
  endfacet
  facet normal -0.668081 -0.495494 -0.555116
    outer loop
      vertex -12.3324 -10.121 80.4377
      vertex -13.2651 -8.86343 80.4377
      vertex -11.5485 -9.47762 78.92
    endloop
  endfacet
  facet normal -0.558598 -0.616285 -0.555122
    outer loop
      vertex -9.47762 -11.5485 78.92
      vertex -11.281 -11.281 80.4377
      vertex -10.5639 -10.5639 78.92
    endloop
  endfacet
  facet normal -0.620562 -0.684623 -0.382353
    outer loop
      vertex -10.6668 -12.9976 82.0475
      vertex -12.3834 -12.3834 83.7338
      vertex -11.8894 -11.8894 82.0475
    endloop
  endfacet
  facet normal -0.620533 -0.684678 -0.382303
    outer loop
      vertex -11.11 -13.5375 83.7338
      vertex -12.3834 -12.3834 83.7338
      vertex -10.6668 -12.9976 82.0475
    endloop
  endfacet
  facet normal -0.238363 -0.951421 -0.194889
    outer loop
      vertex -3.5894 -18.0452 87.2708
      vertex -5.34086 -17.6064 87.2708
      vertex -3.51993 -17.6959 85.4806
    endloop
  endfacet
  facet normal 0.0453601 -0.922926 -0.382295
    outer loop
      vertex 1.64808 -16.7332 82.0475
      vertex 0 -17.5127 83.7338
      vertex 0 -16.8142 82.0475
    endloop
  endfacet
  facet normal -0.0453601 -0.922926 -0.382295
    outer loop
      vertex 0 -17.5127 83.7338
      vertex -1.64808 -16.7332 82.0475
      vertex 0 -16.8142 82.0475
    endloop
  endfacet
  facet normal -0.214339 -0.855727 -0.470946
    outer loop
      vertex -3.28029 -16.4911 82.0475
      vertex -4.63113 -15.2668 80.4377
      vertex -3.11242 -15.6472 80.4377
    endloop
  endfacet
  facet normal -0.224508 -0.896356 -0.382285
    outer loop
      vertex -3.28029 -16.4911 82.0475
      vertex -5.08367 -16.7586 83.7338
      vertex -4.8809 -16.0902 82.0475
    endloop
  endfacet
  facet normal -0.224528 -0.896343 -0.382305
    outer loop
      vertex -3.41656 -17.1762 83.7338
      vertex -5.08367 -16.7586 83.7338
      vertex -3.28029 -16.4911 82.0475
    endloop
  endfacet
  facet normal 0.0379806 -0.772452 -0.633937
    outer loop
      vertex 1.46434 -14.8677 78.92
      vertex 0 -14.9397 78.92
      vertex 1.35084 -13.7153 77.509
    endloop
  endfacet
  facet normal 0.0408484 -0.830777 -0.555104
    outer loop
      vertex 1.56374 -15.8769 80.4377
      vertex 0 -14.9397 78.92
      vertex 1.46434 -14.8677 78.92
    endloop
  endfacet
  facet normal 0.280246 -0.783153 -0.555097
    outer loop
      vertex 4.63113 -15.2668 80.4377
      vertex 4.33675 -14.2964 78.92
      vertex 6.10524 -14.7393 80.4377
    endloop
  endfacet
  facet normal 0.297214 -0.830571 -0.470972
    outer loop
      vertex 6.43452 -15.5343 82.0475
      vertex 4.63113 -15.2668 80.4377
      vertex 6.10524 -14.7393 80.4377
    endloop
  endfacet
  facet normal 0.280259 -0.783141 -0.555108
    outer loop
      vertex 6.10524 -14.7393 80.4377
      vertex 4.33675 -14.2964 78.92
      vertex 5.71716 -13.8024 78.92
    endloop
  endfacet
  facet normal 0.260586 -0.728169 -0.633928
    outer loop
      vertex 5.71716 -13.8024 78.92
      vertex 4.33675 -14.2964 78.92
      vertex 5.27402 -12.7326 77.509
    endloop
  endfacet
  facet normal 0.355587 -0.751929 -0.555123
    outer loop
      vertex 7.52055 -14.07 80.4377
      vertex 6.10524 -14.7393 80.4377
      vertex 7.04251 -13.1756 78.92
    endloop
  endfacet
  facet normal 0.460723 -0.621184 -0.633928
    outer loop
      vertex 8.30003 -12.4219 78.92
      vertex 7.6567 -11.4591 77.509
      vertex 8.74301 -10.6534 77.509
    endloop
  endfacet
  facet normal 0.397599 -0.663366 -0.633924
    outer loop
      vertex 7.04251 -13.1756 78.92
      vertex 6.49664 -12.1544 77.509
      vertex 7.6567 -11.4591 77.509
    endloop
  endfacet
  facet normal 0.32638 -0.544535 -0.772631
    outer loop
      vertex 6.93963 -10.3859 76.2183
      vertex 5.22308 -9.77169 75.0603
      vertex 6.15572 -9.21269 75.0603
    endloop
  endfacet
  facet normal 0.427562 -0.903986 0
    outer loop
      vertex 7.10934 -17.1635 89.0873
      vertex 8.75742 -16.384 90.9127
      vertex 7.10934 -17.1635 90.9127
    endloop
  endfacet
  facet normal 0.427562 -0.903986 0
    outer loop
      vertex 8.75742 -16.384 90.9127
      vertex 7.10934 -17.1635 89.0873
      vertex 8.75742 -16.384 89.0873
    endloop
  endfacet
  facet normal 0.0469439 -0.955891 -0.289947
    outer loop
      vertex 1.76848 -17.9557 85.4806
      vertex 0 -17.5127 83.7338
      vertex 1.71655 -17.4284 83.7338
    endloop
  endfacet
  facet normal 0.0469704 -0.955882 -0.289971
    outer loop
      vertex 1.76848 -17.9557 85.4806
      vertex 0 -18.0426 85.4806
      vertex 0 -17.5127 83.7338
    endloop
  endfacet
  facet normal 0.475147 -0.524249 -0.706681
    outer loop
      vertex 8.74301 -10.6534 77.509
      vertex 7.9242 -9.65567 76.2183
      vertex 8.83247 -8.83247 76.2183
    endloop
  endfacet
  facet normal 0.421485 -0.568288 -0.706682
    outer loop
      vertex 8.74301 -10.6534 77.509
      vertex 6.93963 -10.3859 76.2183
      vertex 7.9242 -9.65567 76.2183
    endloop
  endfacet
  facet normal 0.511635 -0.853606 0.0979083
    outer loop
      vertex 10.3212 -15.4467 90.9127
      vertex 8.67308 -16.2262 92.7292
      vertex 8.75742 -16.384 90.9127
    endloop
  endfacet
  facet normal 0.514105 -0.857727 0
    outer loop
      vertex 8.75742 -16.384 89.0873
      vertex 10.3212 -15.4467 90.9127
      vertex 8.75742 -16.384 90.9127
    endloop
  endfacet
  facet normal 0.514105 -0.857727 0
    outer loop
      vertex 10.3212 -15.4467 90.9127
      vertex 8.75742 -16.384 89.0873
      vertex 10.3212 -15.4467 89.0873
    endloop
  endfacet
  facet normal 0.335236 -0.937033 -0.0979054
    outer loop
      vertex 7.10934 -17.1635 89.0873
      vertex 5.34086 -17.6064 87.2708
      vertex 7.04087 -16.9982 87.2708
    endloop
  endfacet
  facet normal 0.330396 -0.923506 -0.19487
    outer loop
      vertex 7.04087 -16.9982 87.2708
      vertex 5.34086 -17.6064 87.2708
      vertex 6.9046 -16.6692 85.4806
    endloop
  endfacet
  facet normal 0.504217 -0.841298 -0.194891
    outer loop
      vertex 8.67308 -16.2262 87.2708
      vertex 8.50521 -15.9121 85.4806
      vertex 10.0239 -15.0019 85.4806
    endloop
  endfacet
  facet normal 0.395078 -0.835326 -0.382288
    outer loop
      vertex 8.25544 -15.4448 83.7338
      vertex 6.70183 -16.1796 83.7338
      vertex 7.92616 -14.8288 82.0475
    endloop
  endfacet
  facet normal -0.187902 -0.750219 -0.633928
    outer loop
      vertex -2.91458 -14.6526 78.92
      vertex -4.33675 -14.2964 78.92
      vertex -2.68867 -13.5169 77.509
    endloop
  endfacet
  facet normal -0.103792 -0.699879 -0.70668
    outer loop
      vertex -1.35084 -13.7153 77.509
      vertex -2.68867 -13.5169 77.509
      vertex -2.43687 -12.251 76.2183
    endloop
  endfacet
  facet normal -0.129426 -0.872616 -0.470945
    outer loop
      vertex -1.56374 -15.8769 80.4377
      vertex -3.28029 -16.4911 82.0475
      vertex -3.11242 -15.6472 80.4377
    endloop
  endfacet
  facet normal -0.202098 -0.806856 -0.555104
    outer loop
      vertex -3.11242 -15.6472 80.4377
      vertex -4.63113 -15.2668 80.4377
      vertex -2.91458 -14.6526 78.92
    endloop
  endfacet
  facet normal -0.187906 -0.750215 -0.633931
    outer loop
      vertex -2.68867 -13.5169 77.509
      vertex -4.33675 -14.2964 78.92
      vertex -4.00061 -13.1883 77.509
    endloop
  endfacet
  facet normal -0.260581 -0.728169 -0.63393
    outer loop
      vertex -4.33675 -14.2964 78.92
      vertex -5.27402 -12.7326 77.509
      vertex -4.00061 -13.1883 77.509
    endloop
  endfacet
  facet normal 0.713664 -0.427241 -0.555112
    outer loop
      vertex 13.2651 -8.86343 80.4377
      vertex 12.713 -8.49455 79.444
      vertex 13.2874 -8.82618 80.4377
    endloop
  endfacet
  facet normal 0.668082 -0.495487 -0.555121
    outer loop
      vertex 11.5485 -9.47762 78.92
      vertex 12.713 -8.49455 79.444
      vertex 13.2651 -8.86343 80.4377
    endloop
  endfacet
  facet normal 0.668074 -0.495459 -0.555155
    outer loop
      vertex 12.713 -8.49455 79.444
      vertex 11.5485 -9.47762 78.92
      vertex 12.4081 -8.31854 78.92
    endloop
  endfacet
  facet normal 0.728169 -0.260586 -0.633928
    outer loop
      vertex 13.8024 -5.71716 78.92
      vertex 12.7326 -5.27402 77.509
      vertex 14.2964 -4.33675 78.92
    endloop
  endfacet
  facet normal 0.783141 -0.280259 -0.555108
    outer loop
      vertex 14.7393 -6.10524 80.4377
      vertex 13.8024 -5.71716 78.92
      vertex 14.2964 -4.33675 78.92
    endloop
  endfacet
  facet normal 0.187902 -0.750219 -0.633928
    outer loop
      vertex 2.91458 -14.6526 78.92
      vertex 2.68867 -13.5169 77.509
      vertex 4.33675 -14.2964 78.92
    endloop
  endfacet
  facet normal 0.113453 -0.765026 -0.633927
    outer loop
      vertex 2.91458 -14.6526 78.92
      vertex 1.35084 -13.7153 77.509
      vertex 2.68867 -13.5169 77.509
    endloop
  endfacet
  facet normal 0.034747 -0.706674 -0.706685
    outer loop
      vertex 1.35084 -13.7153 77.509
      vertex 0 -12.491 76.2183
      vertex 1.22433 -12.4308 76.2183
    endloop
  endfacet
  facet normal 0.0273081 -0.555256 -0.831231
    outer loop
      vertex 1.08603 -11.0267 75.0603
      vertex 0.35819 -10.4824 74.6728
      vertex 1.02918 -10.4494 74.6728
    endloop
  endfacet
  facet normal 0.0272533 -0.555307 -0.831199
    outer loop
      vertex 0.35819 -10.4824 74.6728
      vertex 1.08603 -11.0267 75.0603
      vertex 0 -11.08 75.0603
    endloop
  endfacet
  facet normal -0.0931833 -0.627977 -0.772633
    outer loop
      vertex -1.08603 -11.0267 75.0603
      vertex -2.43687 -12.251 76.2183
      vertex -2.1616 -10.8671 75.0603
    endloop
  endfacet
  facet normal 0.642698 -0.709135 -0.289943
    outer loop
      vertex 11.4461 -13.9471 85.4806
      vertex 11.11 -13.5375 83.7338
      vertex 12.3834 -12.3834 83.7338
    endloop
  endfacet
  facet normal 0.642738 -0.709115 -0.289904
    outer loop
      vertex 12.758 -12.758 85.4806
      vertex 11.4461 -13.9471 85.4806
      vertex 12.3834 -12.3834 83.7338
    endloop
  endfacet
  facet normal 0.768698 -0.570119 -0.289945
    outer loop
      vertex 13.9471 -11.4461 85.4806
      vertex 13.5375 -11.11 83.7338
      vertex 15.0019 -10.0239 85.4806
    endloop
  endfacet
  facet normal 0.853576 -0.511683 0.0979259
    outer loop
      vertex 15.539 -10.1261 91.1276
      vertex 15.4467 -10.3212 90.9127
      vertex 15.5573 -10.1367 90.9127
    endloop
  endfacet
  facet normal 0.726721 -0.65871 -0.194877
    outer loop
      vertex 14.2224 -11.672 87.2708
      vertex 13.0098 -13.0098 87.2708
      vertex 13.9471 -11.4461 85.4806
    endloop
  endfacet
  facet normal 0.726729 -0.658704 -0.194868
    outer loop
      vertex 13.0098 -13.0098 87.2708
      vertex 12.758 -12.758 85.4806
      vertex 13.9471 -11.4461 85.4806
    endloop
  endfacet
  facet normal 0.427622 0.713436 -0.555111
    outer loop
      vertex 8.30003 12.4219 78.92
      vertex 7.52055 14.07 80.4377
      vertex 8.86343 13.2651 80.4377
    endloop
  endfacet
  facet normal 0.495503 0.668079 -0.55511
    outer loop
      vertex 9.47762 11.5485 78.92
      vertex 8.30003 12.4219 78.92
      vertex 8.86343 13.2651 80.4377
    endloop
  endfacet
  facet normal 0.397599 0.663366 -0.633924
    outer loop
      vertex 7.6567 11.4591 77.509
      vertex 6.49664 12.1544 77.509
      vertex 7.04251 13.1756 78.92
    endloop
  endfacet
  facet normal 0.475147 0.524249 -0.706681
    outer loop
      vertex 8.83247 8.83247 76.2183
      vertex 7.9242 9.65567 76.2183
      vertex 8.74301 10.6534 77.509
    endloop
  endfacet
  facet normal 0.0453386 0.922937 -0.382272
    outer loop
      vertex 1.71655 17.4284 83.7338
      vertex 1 17.0398 82.7106
      vertex 1 17.4636 83.7338
    endloop
  endfacet
  facet normal 0.0454315 0.92291 -0.382327
    outer loop
      vertex 1 17.0398 82.7106
      vertex 1.71655 17.4284 83.7338
      vertex 1.64808 16.7332 82.0475
    endloop
  endfacet
  facet normal 0.0469628 0.95589 -0.289947
    outer loop
      vertex 1.71655 17.4284 83.7338
      vertex 1 17.7632 84.7215
      vertex 1.76848 17.9557 85.4806
    endloop
  endfacet
  facet normal 0.0469574 0.955889 -0.289951
    outer loop
      vertex 1 17.7632 84.7215
      vertex 1.71655 17.4284 83.7338
      vertex 1 17.4636 83.7338
    endloop
  endfacet
  facet normal -0.140426 0.946684 -0.289947
    outer loop
      vertex -1.71655 17.4284 83.7338
      vertex -3.51993 17.6959 85.4806
      vertex -1.76848 17.9557 85.4806
    endloop
  endfacet
  facet normal -0.122035 0.82278 -0.555104
    outer loop
      vertex -2.91458 14.6526 78.92
      vertex -3.11242 15.6472 80.4377
      vertex -1.56374 15.8769 80.4377
    endloop
  endfacet
  facet normal -0.241824 0.965373 -0.0978631
    outer loop
      vertex -3.5894 18.0452 87.2708
      vertex -5.39279 17.7776 89.0873
      vertex -3.62431 18.2206 89.0873
    endloop
  endfacet
  facet normal -0.146022 0.984429 -0.0978621
    outer loop
      vertex -3.5894 18.0452 87.2708
      vertex -3.62431 18.2206 89.0873
      vertex -1.82092 18.4881 89.0873
    endloop
  endfacet
  facet normal -0.043369 0.881084 -0.470967
    outer loop
      vertex -1 16.2148 81.018
      vertex -1.64808 16.7332 82.0475
      vertex -1 16.7651 82.0475
    endloop
  endfacet
  facet normal -0.0433343 0.881095 -0.470951
    outer loop
      vertex -1.64808 16.7332 82.0475
      vertex -1 16.2148 81.018
      vertex -1.56374 15.8769 80.4377
    endloop
  endfacet
  facet normal -0.113467 0.765017 -0.633936
    outer loop
      vertex -1.35084 13.7153 77.509
      vertex -2.91458 14.6526 78.92
      vertex -1.46434 14.8677 78.92
    endloop
  endfacet
  facet normal -0.037929 0.772454 -0.633937
    outer loop
      vertex -1 14.0333 77.8755
      vertex -1.46434 14.8677 78.92
      vertex -1 14.8905 78.92
    endloop
  endfacet
  facet normal -0.03792 0.772456 -0.633935
    outer loop
      vertex -1.46434 14.8677 78.92
      vertex -1 14.0333 77.8755
      vertex -1.35084 13.7153 77.509
    endloop
  endfacet
  facet normal -0.0432928 0.88108 -0.470982
    outer loop
      vertex -1 15.9046 80.4377
      vertex -1.56374 15.8769 80.4377
      vertex -1 16.2148 81.018
    endloop
  endfacet
  facet normal 0.378191 0.509916 -0.77263
    outer loop
      vertex 7.9242 9.65567 76.2183
      vertex 6.15572 9.21269 75.0603
      vertex 6.93963 10.3859 76.2183
    endloop
  endfacet
  facet normal 0.202089 0.806863 -0.555097
    outer loop
      vertex 4.33675 14.2964 78.92
      vertex 2.91458 14.6526 78.92
      vertex 4.63113 15.2668 80.4377
    endloop
  endfacet
  facet normal 0.043369 0.881084 -0.470967
    outer loop
      vertex 1.64808 16.7332 82.0475
      vertex 1 16.2148 81.018
      vertex 1 16.7651 82.0475
    endloop
  endfacet
  facet normal 0.0433343 0.881095 -0.470951
    outer loop
      vertex 1 16.2148 81.018
      vertex 1.64808 16.7332 82.0475
      vertex 1.56374 15.8769 80.4377
    endloop
  endfacet
  facet normal 0.135575 0.914028 -0.382325
    outer loop
      vertex 3.28029 16.4911 82.0475
      vertex 1.64808 16.7332 82.0475
      vertex 1.71655 17.4284 83.7338
    endloop
  endfacet
  facet normal 0.62147 -0.460897 -0.633521
    outer loop
      vertex 11.5485 -9.47762 78.92
      vertex 12.3899 -8.30803 78.8945
      vertex 12.4081 -8.31854 78.92
    endloop
  endfacet
  facet normal 0.621195 -0.460708 -0.633928
    outer loop
      vertex 12.3899 -8.30803 78.8945
      vertex 11.5485 -9.47762 78.92
      vertex 10.6534 -8.74301 77.509
    endloop
  endfacet
  facet normal 0.574007 -0.271439 -0.772552
    outer loop
      vertex 10.5718 -4.94895 75.5584
      vertex 10.0452 -4.64488 75.0603
      vertex 10.2366 -4.24013 75.0603
    endloop
  endfacet
  facet normal 0.639609 -0.302504 -0.706676
    outer loop
      vertex 12.3899 -5.99862 77.509
      vertex 11.7462 -5.62697 76.7673
      vertex 12.7326 -5.27402 77.509
    endloop
  endfacet
  facet normal 0.426344 -0.470402 -0.772627
    outer loop
      vertex 8.83247 -8.83247 76.2183
      vertex 7.02908 -8.56496 75.0603
      vertex 7.83475 -7.83475 75.0603
    endloop
  endfacet
  facet normal 0.765017 -0.113467 -0.633936
    outer loop
      vertex 14.6526 -2.91458 78.92
      vertex 13.7153 -1.35084 77.509
      vertex 14.8677 -1.46434 78.92
    endloop
  endfacet
  facet normal 0.830777 -0.0408484 -0.555104
    outer loop
      vertex 15.8769 -1.56374 80.4377
      vertex 14.8677 -1.46434 78.92
      vertex 14.9397 0 78.92
    endloop
  endfacet
  facet normal 0.870028 -0.311304 -0.382283
    outer loop
      vertex 16.1796 -6.70183 83.7338
      vertex 15.5343 -6.43452 82.0475
      vertex 16.0902 -4.8809 82.0475
    endloop
  endfacet
  facet normal 0.830591 -0.297193 -0.470952
    outer loop
      vertex 15.5343 -6.43452 82.0475
      vertex 15.2668 -4.63113 80.4377
      vertex 16.0902 -4.8809 82.0475
    endloop
  endfacet
  facet normal 0.835333 -0.395067 -0.382284
    outer loop
      vertex 15.1789 -7.60884 82.4845
      vertex 15.5343 -6.43452 82.0475
      vertex 16.1796 -6.70183 83.7338
    endloop
  endfacet
  facet normal 0.835323 -0.395071 -0.382302
    outer loop
      vertex 15.5343 -6.43452 82.0475
      vertex 15.1789 -7.60884 82.4845
      vertex 15.0218 -7.51813 82.0475
    endloop
  endfacet
  facet normal 0.835333 -0.395066 -0.382285
    outer loop
      vertex 15.628 -7.86814 83.7338
      vertex 15.1789 -7.60884 82.4845
      vertex 16.1796 -6.70183 83.7338
    endloop
  endfacet
  facet normal 0.742201 -0.550436 -0.382306
    outer loop
      vertex 14.5613 -9.72955 83.7338
      vertex 12.9976 -10.6668 82.0475
      vertex 13.9805 -9.34147 82.0475
    endloop
  endfacet
  facet normal 0.616293 -0.558595 -0.555117
    outer loop
      vertex 12.3324 -10.121 80.4377
      vertex 11.281 -11.281 80.4377
      vertex 11.5485 -9.47762 78.92
    endloop
  endfacet
  facet normal 0.946677 -0.140442 -0.289962
    outer loop
      vertex 17.6959 -3.51993 85.4806
      vertex 17.1762 -3.41656 83.7338
      vertex 17.4284 -1.71655 83.7338
    endloop
  endfacet
  facet normal 0.92836 -0.232529 -0.289962
    outer loop
      vertex 17.2657 -5.23748 85.4806
      vertex 17.1762 -3.41656 83.7338
      vertex 17.6959 -3.51993 85.4806
    endloop
  endfacet
  facet normal 0.684678 -0.620533 -0.382303
    outer loop
      vertex 13.5375 -11.11 83.7338
      vertex 12.3834 -12.3834 83.7338
      vertex 12.9976 -10.6668 82.0475
    endloop
  endfacet
  facet normal 0.684623 -0.620562 -0.382353
    outer loop
      vertex 12.3834 -12.3834 83.7338
      vertex 11.8894 -11.8894 82.0475
      vertex 12.9976 -10.6668 82.0475
    endloop
  endfacet
  facet normal 0.841273 -0.504282 -0.194832
    outer loop
      vertex 15.2979 -10.2218 87.2708
      vertex 15.1256 -9.88744 85.6614
      vertex 15.4025 -10.0473 87.2708
    endloop
  endfacet
  facet normal 0.841206 -0.504388 -0.194847
    outer loop
      vertex 15.1256 -9.88744 85.6614
      vertex 15.2979 -10.2218 87.2708
      vertex 15.0019 -10.0239 85.4806
    endloop
  endfacet
  facet normal 0.787801 -0.584287 -0.194879
    outer loop
      vertex 14.2224 -11.672 87.2708
      vertex 13.9471 -11.4461 85.4806
      vertex 15.0019 -10.0239 85.4806
    endloop
  endfacet
  facet normal 0.923506 -0.330396 -0.19487
    outer loop
      vertex 16.9982 -7.04087 87.2708
      vertex 16.6692 -6.9046 85.4806
      vertex 17.6064 -5.34086 87.2708
    endloop
  endfacet
  facet normal 0.923501 -0.330431 -0.194837
    outer loop
      vertex 17.6064 -5.34086 87.2708
      vertex 16.6692 -6.9046 85.4806
      vertex 17.2657 -5.23748 85.4806
    endloop
  endfacet
  facet normal -0.865147 0.409182 -0.289985
    outer loop
      vertex -16.1796 6.70183 83.7338
      vertex -16.6692 6.9046 85.4806
      vertex -15.4448 8.25544 83.7338
    endloop
  endfacet
  facet normal -0.835325 0.395083 -0.382284
    outer loop
      vertex -15.5343 6.43452 82.0475
      vertex -16.1796 6.70183 83.7338
      vertex -14.8288 7.92616 82.0475
    endloop
  endfacet
  facet normal -0.742201 0.550436 -0.382306
    outer loop
      vertex -13.9805 9.34147 82.0475
      vertex -14.5613 9.72955 83.7338
      vertex -12.9976 10.6668 82.0475
    endloop
  endfacet
  facet normal -0.742198 0.550445 -0.382299
    outer loop
      vertex -12.9976 10.6668 82.0475
      vertex -14.5613 9.72955 83.7338
      vertex -13.5375 11.11 83.7338
    endloop
  endfacet
  facet normal -0.621184 0.460722 -0.633928
    outer loop
      vertex -10.6534 8.74301 77.509
      vertex -12.4219 8.30003 78.92
      vertex -11.5485 9.47762 78.92
    endloop
  endfacet
  facet normal -0.573045 0.519378 -0.633929
    outer loop
      vertex -10.6534 8.74301 77.509
      vertex -11.5485 9.47762 78.92
      vertex -9.74513 9.74513 77.509
    endloop
  endfacet
  facet normal -0.592457 0.653617 -0.470935
    outer loop
      vertex -11.281 11.281 80.4377
      vertex -11.8894 11.8894 82.0475
      vertex -10.6668 12.9976 82.0475
    endloop
  endfacet
  facet normal -0.709135 0.642698 -0.289943
    outer loop
      vertex -13.5375 11.11 83.7338
      vertex -13.9471 11.4461 85.4806
      vertex -12.3834 12.3834 83.7338
    endloop
  endfacet
  facet normal -0.88665 0.419366 -0.194892
    outer loop
      vertex -15.9121 8.50521 85.4806
      vertex -16.9982 7.04087 87.2708
      vertex -16.2262 8.67308 87.2708
    endloop
  endfacet
  facet normal -0.841298 0.504217 -0.194891
    outer loop
      vertex -15.9121 8.50521 85.4806
      vertex -16.2262 8.67308 87.2708
      vertex -15.0019 10.0239 85.4806
    endloop
  endfacet
  facet normal -0.886644 0.419389 -0.19487
    outer loop
      vertex -16.6692 6.9046 85.4806
      vertex -16.9982 7.04087 87.2708
      vertex -15.9121 8.50521 85.4806
    endloop
  endfacet
  facet normal -0.923506 0.330396 -0.19487
    outer loop
      vertex -16.6692 6.9046 85.4806
      vertex -17.6064 5.34086 87.2708
      vertex -16.9982 7.04087 87.2708
    endloop
  endfacet
  facet normal -0.901088 0.322412 -0.289986
    outer loop
      vertex -16.1796 6.70183 83.7338
      vertex -17.2657 5.23748 85.4806
      vertex -16.6692 6.9046 85.4806
    endloop
  endfacet
  facet normal -0.946677 0.140442 -0.289962
    outer loop
      vertex -17.4284 1.71655 83.7338
      vertex -17.6959 3.51993 85.4806
      vertex -17.1762 3.41656 83.7338
    endloop
  endfacet
  facet normal -0.830571 -0.297214 -0.470972
    outer loop
      vertex -14.7393 -6.10524 80.4377
      vertex -15.5343 -6.43452 82.0475
      vertex -15.2668 -4.63113 80.4377
    endloop
  endfacet
  facet normal -0.799359 -0.592822 -0.0979196
    outer loop
      vertex -14.2224 -11.672 87.2708
      vertex -15.4467 -10.3212 89.0873
      vertex -15.2979 -10.2218 87.2708
    endloop
  endfacet
  facet normal -0.899632 -0.425529 -0.0979168
    outer loop
      vertex -16.5522 -8.40172 89.0873
      vertex -17.1635 -7.10934 89.0873
      vertex -16.4308 -8.33165 87.6674
    endloop
  endfacet
  facet normal -0.853576 -0.511683 -0.0979259
    outer loop
      vertex -15.4467 -10.3212 89.0873
      vertex -15.5573 -10.1367 89.0873
      vertex -15.539 -10.1261 88.8724
    endloop
  endfacet
  facet normal -0.896343 -0.224528 -0.382305
    outer loop
      vertex -16.7586 -5.08367 83.7338
      vertex -17.1762 -3.41656 83.7338
      vertex -16.4911 -3.28029 82.0475
    endloop
  endfacet
  facet normal -0.768698 -0.570119 -0.289945
    outer loop
      vertex -13.9471 -11.4461 85.4806
      vertex -15.0019 -10.0239 85.4806
      vertex -13.5375 -11.11 83.7338
    endloop
  endfacet
  facet normal -0.378187 -0.509924 -0.772627
    outer loop
      vertex -6.15572 -9.21269 75.0603
      vertex -7.9242 -9.65567 76.2183
      vertex -7.02908 -8.56496 75.0603
    endloop
  endfacet
  facet normal -0.426344 -0.470403 -0.772627
    outer loop
      vertex -7.9242 -9.65567 76.2183
      vertex -8.83247 -8.83247 76.2183
      vertex -7.02908 -8.56496 75.0603
    endloop
  endfacet
  facet normal -0.509955 -0.378209 -0.772596
    outer loop
      vertex -8.56496 -7.02908 75.0603
      vertex -9.30579 -6.5274 75.3037
      vertex -9.04759 -6.37833 75.0603
    endloop
  endfacet
  facet normal -0.509938 -0.378169 -0.772626
    outer loop
      vertex -9.30579 -6.5274 75.3037
      vertex -8.56496 -7.02908 75.0603
      vertex -9.65567 -7.9242 76.2183
    endloop
  endfacet
  facet normal -0.524248 -0.475151 -0.706679
    outer loop
      vertex -9.74513 -9.74513 77.509
      vertex -10.6534 -8.74301 77.509
      vertex -8.83247 -8.83247 76.2183
    endloop
  endfacet
  facet normal -0.475147 0.524249 -0.706681
    outer loop
      vertex -7.9242 9.65567 76.2183
      vertex -8.83247 8.83247 76.2183
      vertex -8.74301 10.6534 77.509
    endloop
  endfacet
  facet normal -0.32638 0.544535 -0.772631
    outer loop
      vertex -6.15572 9.21269 75.0603
      vertex -6.93963 10.3859 76.2183
      vertex -5.22308 9.77169 75.0603
    endloop
  endfacet
  facet normal -0.363737 0.60687 -0.706685
    outer loop
      vertex -6.93963 10.3859 76.2183
      vertex -7.6567 11.4591 77.509
      vertex -6.49664 12.1544 77.509
    endloop
  endfacet
  facet normal -0.460722 0.621184 -0.633928
    outer loop
      vertex -8.74301 10.6534 77.509
      vertex -9.47762 11.5485 78.92
      vertex -8.30003 12.4219 78.92
    endloop
  endfacet
  facet normal -0.524248 0.475151 -0.706679
    outer loop
      vertex -8.83247 8.83247 76.2183
      vertex -10.6534 8.74301 77.509
      vertex -9.74513 9.74513 77.509
    endloop
  endfacet
  facet normal -0.573902 0.271437 -0.772631
    outer loop
      vertex -10.2366 4.24013 75.0603
      vertex -11.5402 4.7801 76.2183
      vertex -11.0161 5.88821 76.2183
    endloop
  endfacet
  facet normal -0.470403 0.426344 -0.772627
    outer loop
      vertex -8.56496 7.02908 75.0603
      vertex -9.65567 7.9242 76.2183
      vertex -8.83247 8.83247 76.2183
    endloop
  endfacet
  facet normal -0.544532 0.326382 -0.772632
    outer loop
      vertex -9.77169 5.22308 75.0603
      vertex -11.0161 5.88821 76.2183
      vertex -10.3859 6.93963 76.2183
    endloop
  endfacet
  facet normal -0.411957 0.373374 -0.831194
    outer loop
      vertex -7.87577 6.92685 74.6728
      vertex -7.83475 7.83475 75.0603
      vertex -7.42462 7.42462 74.6728
    endloop
  endfacet
  facet normal -0.411958 0.373374 -0.831193
    outer loop
      vertex -7.83475 7.83475 75.0603
      vertex -7.87577 6.92685 74.6728
      vertex -8.56496 7.02908 75.0603
    endloop
  endfacet
  facet normal -0.271439 0.573899 -0.772632
    outer loop
      vertex -5.22308 9.77169 75.0603
      vertex -5.88821 11.0161 76.2183
      vertex -4.24013 10.2366 75.0603
    endloop
  endfacet
  facet normal -0.728169 0.260581 -0.63393
    outer loop
      vertex -13.1883 4.00061 77.509
      vertex -14.2964 4.33675 78.92
      vertex -12.7326 5.27402 77.509
    endloop
  endfacet
  facet normal -0.666144 0.238385 -0.7067
    outer loop
      vertex -11.9531 3.62594 76.2183
      vertex -13.1883 4.00061 77.509
      vertex -12.7326 5.27402 77.509
    endloop
  endfacet
  facet normal -0.639613 0.302485 -0.706681
    outer loop
      vertex -11.0161 5.88821 76.2183
      vertex -12.7326 5.27402 77.509
      vertex -12.1544 6.49664 77.509
    endloop
  endfacet
  facet normal -0.699155 0.330643 -0.633923
    outer loop
      vertex -12.7326 5.27402 77.509
      vertex -13.1756 7.04251 78.92
      vertex -12.1544 6.49664 77.509
    endloop
  endfacet
  facet normal -0.574007 -0.271439 -0.772552
    outer loop
      vertex -10.0452 -4.64488 75.0603
      vertex -10.5718 -4.94895 75.5584
      vertex -10.2366 -4.24013 75.0603
    endloop
  endfacet
  facet normal -0.699879 0.103792 -0.70668
    outer loop
      vertex -12.251 2.43687 76.2183
      vertex -13.7153 1.35084 77.509
      vertex -13.5169 2.68867 77.509
    endloop
  endfacet
  facet normal -0.855726 -0.214331 -0.470952
    outer loop
      vertex -16.0902 -4.8809 82.0475
      vertex -16.4911 -3.28029 82.0475
      vertex -15.2668 -4.63113 80.4377
    endloop
  endfacet
  facet normal -0.751929 -0.355593 -0.555118
    outer loop
      vertex -13.6772 -6.74185 79.4068
      vertex -13.8024 -5.71716 78.92
      vertex -13.3949 -6.57885 78.92
    endloop
  endfacet
  facet normal -0.751938 -0.35559 -0.555108
    outer loop
      vertex -13.8024 -5.71716 78.92
      vertex -13.6772 -6.74185 79.4068
      vertex -14.7393 -6.10524 80.4377
    endloop
  endfacet
  facet normal -0.699879 -0.103792 -0.70668
    outer loop
      vertex -13.5169 -2.68867 77.509
      vertex -13.7153 -1.35084 77.509
      vertex -12.251 -2.43687 76.2183
    endloop
  endfacet
  facet normal -0.728169 -0.260586 -0.633928
    outer loop
      vertex -13.8024 -5.71716 78.92
      vertex -14.2964 -4.33675 78.92
      vertex -12.7326 -5.27402 77.509
    endloop
  endfacet
  facet normal -0.955882 0.0469704 -0.289971
    outer loop
      vertex -17.5127 0 83.7338
      vertex -18.0426 0 85.4806
      vertex -17.9557 1.76848 85.4806
    endloop
  endfacet
  facet normal -0.881106 0.0433301 -0.47093
    outer loop
      vertex -15.9538 0 80.4377
      vertex -16.8142 0 82.0475
      vertex -15.8769 1.56374 80.4377
    endloop
  endfacet
  facet normal -0.82278 0.122035 -0.555104
    outer loop
      vertex -14.6526 2.91458 78.92
      vertex -15.8769 1.56374 80.4377
      vertex -15.6472 3.11242 80.4377
    endloop
  endfacet
  facet normal -0.872616 0.129426 -0.470945
    outer loop
      vertex -15.8769 1.56374 80.4377
      vertex -16.4911 3.28029 82.0475
      vertex -15.6472 3.11242 80.4377
    endloop
  endfacet
  facet normal -0.765026 -0.113453 -0.633927
    outer loop
      vertex -13.5169 -2.68867 77.509
      vertex -14.6526 -2.91458 78.92
      vertex -13.7153 -1.35084 77.509
    endloop
  endfacet
  facet normal -0.830777 -0.0408484 -0.555104
    outer loop
      vertex -14.8677 -1.46434 78.92
      vertex -15.8769 -1.56374 80.4377
      vertex -14.9397 0 78.92
    endloop
  endfacet
  facet normal -0.555256 0.0273081 -0.831231
    outer loop
      vertex -10.4824 0.35819 74.6728
      vertex -11.0267 1.08603 75.0603
      vertex -10.4494 1.02918 74.6728
    endloop
  endfacet
  facet normal -0.555307 0.0272533 -0.831199
    outer loop
      vertex -11.0267 1.08603 75.0603
      vertex -10.4824 0.35819 74.6728
      vertex -11.08 0 75.0603
    endloop
  endfacet
  facet normal -0.55532 -0.0272862 -0.831189
    outer loop
      vertex -10.4824 -0.35819 74.6728
      vertex -11.08 0 75.0603
      vertex -10.5 0 74.6728
    endloop
  endfacet
  facet normal -0.238332 0.666199 -0.706666
    outer loop
      vertex -4.7801 11.5402 76.2183
      vertex -5.27402 12.7326 77.509
      vertex -3.62594 11.9531 76.2183
    endloop
  endfacet
  facet normal -0.302517 0.639614 -0.706667
    outer loop
      vertex -4.7801 11.5402 76.2183
      vertex -5.88821 11.0161 76.2183
      vertex -5.27402 12.7326 77.509
    endloop
  endfacet
  facet normal -0.453522 0.75666 -0.470938
    outer loop
      vertex -8.86343 13.2651 80.4377
      vertex -9.34147 13.9805 82.0475
      vertex -7.92616 14.8288 82.0475
    endloop
  endfacet
  facet normal -0.475034 0.792589 -0.382289
    outer loop
      vertex -7.92616 14.8288 82.0475
      vertex -9.72955 14.5613 83.7338
      vertex -8.25544 15.4448 83.7338
    endloop
  endfacet
  facet normal -0.475048 0.792573 -0.382306
    outer loop
      vertex -9.34147 13.9805 82.0475
      vertex -9.72955 14.5613 83.7338
      vertex -7.92616 14.8288 82.0475
    endloop
  endfacet
  facet normal -0.409182 0.865147 -0.289985
    outer loop
      vertex -6.70183 16.1796 83.7338
      vertex -8.25544 15.4448 83.7338
      vertex -6.9046 16.6692 85.4806
    endloop
  endfacet
  facet normal -0.154259 0.615844 -0.772619
    outer loop
      vertex -3.21636 10.6029 75.0603
      vertex -3.62594 11.9531 76.2183
      vertex -2.1616 10.8671 75.0603
    endloop
  endfacet
  facet normal -0.10378 0.699875 -0.706685
    outer loop
      vertex -1.22433 12.4308 76.2183
      vertex -2.43687 12.251 76.2183
      vertex -1.35084 13.7153 77.509
    endloop
  endfacet
  facet normal 0.397592 0.663367 -0.633928
    outer loop
      vertex 7.6567 11.4591 77.509
      vertex 7.04251 13.1756 78.92
      vertex 8.30003 12.4219 78.92
    endloop
  endfacet
  facet normal -0.799359 0.592822 0.0979196
    outer loop
      vertex -14.2224 11.672 92.7292
      vertex -15.4467 10.3212 90.9127
      vertex -15.2979 10.2218 92.7292
    endloop
  endfacet
  facet normal -0.511635 0.853606 -0.0979083
    outer loop
      vertex -8.67308 16.2262 87.2708
      vertex -10.3212 15.4467 89.0873
      vertex -8.75742 16.384 89.0873
    endloop
  endfacet
  facet normal -0.570103 0.768704 -0.289959
    outer loop
      vertex -9.72955 14.5613 83.7338
      vertex -11.11 13.5375 83.7338
      vertex -10.0239 15.0019 85.4806
    endloop
  endfacet
  facet normal -0.584287 0.787801 -0.194879
    outer loop
      vertex -11.4461 13.9471 85.4806
      vertex -11.672 14.2224 87.2708
      vertex -10.0239 15.0019 85.4806
    endloop
  endfacet
  facet normal -0.550445 0.742198 -0.382299
    outer loop
      vertex -10.6668 12.9976 82.0475
      vertex -11.11 13.5375 83.7338
      vertex -9.72955 14.5613 83.7338
    endloop
  endfacet
  facet normal 0.0491536 0.998791 -0
    outer loop
      vertex 1.82092 18.4881 89.0873
      vertex 1 18.5285 90.9127
      vertex 1.82092 18.4881 90.9127
    endloop
  endfacet
  facet normal 0.0491536 0.998791 0
    outer loop
      vertex 1 18.5285 90.9127
      vertex 1.82092 18.4881 89.0873
      vertex 1 18.5285 89.0873
    endloop
  endfacet
  facet normal -0.0491536 0.998791 0
    outer loop
      vertex -1 18.5285 89.0873
      vertex -1.82092 18.4881 90.9127
      vertex -1 18.5285 90.9127
    endloop
  endfacet
  facet normal -0.0491536 0.998791 0
    outer loop
      vertex -1.82092 18.4881 90.9127
      vertex -1 18.5285 89.0873
      vertex -1.82092 18.4881 89.0873
    endloop
  endfacet
  facet normal -0.335227 0.937037 0.0978966
    outer loop
      vertex -5.39279 17.7776 90.9127
      vertex -7.10934 17.1635 90.9127
      vertex -5.34086 17.6064 92.7292
    endloop
  endfacet
  facet normal -0.146022 0.984429 0.0978621
    outer loop
      vertex -1.82092 18.4881 90.9127
      vertex -3.62431 18.2206 90.9127
      vertex -3.5894 18.0452 92.7292
    endloop
  endfacet
  facet normal -0.39508 0.83533 0.382276
    outer loop
      vertex -8.25544 15.4448 96.2662
      vertex -6.87886 15.9843 96.51
      vertex -6.70183 16.1796 96.2662
    endloop
  endfacet
  facet normal -0.395081 0.835396 0.382133
    outer loop
      vertex -6.87886 15.9843 96.51
      vertex -8.25544 15.4448 96.2662
      vertex -8.20782 15.3558 96.51
    endloop
  endfacet
  facet normal -0.592838 0.799349 0.0979009
    outer loop
      vertex -10.3212 15.4467 90.9127
      vertex -11.7855 14.3607 90.9127
      vertex -11.672 14.2224 92.7292
    endloop
  endfacet
  facet normal -0.241856 0.965361 0.0978967
    outer loop
      vertex -3.5894 18.0452 92.7292
      vertex -5.39279 17.7776 90.9127
      vertex -5.34086 17.6064 92.7292
    endloop
  endfacet
  facet normal -0.409182 0.865147 0.289985
    outer loop
      vertex -6.9046 16.6692 94.5194
      vertex -8.25544 15.4448 96.2662
      vertex -6.70183 16.1796 96.2662
    endloop
  endfacet
  facet normal -0.330396 0.923506 0.19487
    outer loop
      vertex -5.34086 17.6064 92.7292
      vertex -7.04087 16.9982 92.7292
      vertex -6.9046 16.6692 94.5194
    endloop
  endfacet
  facet normal -0.232546 0.928351 0.289979
    outer loop
      vertex -3.41656 17.1762 96.2662
      vertex -5.23748 17.2657 94.5194
      vertex -5.08367 16.7586 96.2662
    endloop
  endfacet
  facet normal 0.0470174 0.955872 0.289998
    outer loop
      vertex 1 17.9935 94.5194
      vertex 1 17.7632 95.2785
      vertex 1.76848 17.9557 94.5194
    endloop
  endfacet
  facet normal -0.143901 0.970212 0.19489
    outer loop
      vertex -1.80339 18.3101 92.7292
      vertex -3.5894 18.0452 92.7292
      vertex -3.51993 17.6959 94.5194
    endloop
  endfacet
  facet normal -0.768698 0.570119 0.289945
    outer loop
      vertex -13.9471 11.4461 94.5194
      vertex -15.0019 10.0239 94.5194
      vertex -13.5375 11.11 96.2662
    endloop
  endfacet
  facet normal -0.570119 0.768698 0.289945
    outer loop
      vertex -10.0239 15.0019 94.5194
      vertex -11.4461 13.9471 94.5194
      vertex -11.11 13.5375 96.2662
    endloop
  endfacet
  facet normal -0.419366 0.88665 0.194892
    outer loop
      vertex -7.04087 16.9982 92.7292
      vertex -8.67308 16.2262 92.7292
      vertex -8.50521 15.9121 94.5194
    endloop
  endfacet
  facet normal -0.311362 0.869995 0.382312
    outer loop
      vertex -6.43852 16.1667 96.51
      vertex -6.70183 16.1796 96.2662
      vertex -6.66317 16.0863 96.51
    endloop
  endfacet
  facet normal 0.799349 -0.592838 0.0979009
    outer loop
      vertex 15.4467 -10.3212 90.9127
      vertex 14.2224 -11.672 92.7292
      vertex 14.3607 -11.7855 90.9127
    endloop
  endfacet
  facet normal 0.853588 -0.511663 0.0979232
    outer loop
      vertex 15.2979 -10.2218 92.7292
      vertex 15.539 -10.1261 91.1276
      vertex 15.4025 -10.0473 92.7292
    endloop
  endfacet
  facet normal 0.853579 -0.511679 0.0979209
    outer loop
      vertex 15.539 -10.1261 91.1276
      vertex 15.2979 -10.2218 92.7292
      vertex 15.4467 -10.3212 90.9127
    endloop
  endfacet
  facet normal 0.951421 -0.238363 0.194889
    outer loop
      vertex 17.6959 -3.51993 94.5194
      vertex 17.6064 -5.34086 92.7292
      vertex 18.0452 -3.5894 92.7292
    endloop
  endfacet
  facet normal 0.886647 -0.4194 0.194834
    outer loop
      vertex 16.9982 -7.04087 92.7292
      vertex 16.1578 -8.174 94.1145
      vertex 16.3969 -8.31207 92.7292
    endloop
  endfacet
  facet normal 0.79275 -0.474811 0.382232
    outer loop
      vertex 14.5842 -9.57491 96.4108
      vertex 14.5613 -9.72955 96.2662
      vertex 14.636 -9.60483 96.2662
    endloop
  endfacet
  facet normal 0.989177 -0.146726 0
    outer loop
      vertex 18.2206 -3.62431 90.9127
      vertex 18.4881 -1.82092 89.0873
      vertex 18.4881 -1.82092 90.9127
    endloop
  endfacet
  facet normal 0.989177 -0.146726 0
    outer loop
      vertex 18.4881 -1.82092 89.0873
      vertex 18.2206 -3.62431 90.9127
      vertex 18.2206 -3.62431 89.0873
    endloop
  endfacet
  facet normal 0.993997 -0.0488559 -0.0978949
    outer loop
      vertex 18.4881 -1.82092 89.0873
      vertex 18.3987 0 87.2708
      vertex 18.5776 0 89.0873
    endloop
  endfacet
  facet normal 0.998794 -0.0490917 0
    outer loop
      vertex 18.4881 -1.82092 90.9127
      vertex 18.5776 0 89.0873
      vertex 18.5776 0 90.9127
    endloop
  endfacet
  facet normal 0.998794 -0.0490917 0
    outer loop
      vertex 18.5776 0 89.0873
      vertex 18.4881 -1.82092 90.9127
      vertex 18.4881 -1.82092 89.0873
    endloop
  endfacet
  facet normal 0.984429 -0.146022 0.0978621
    outer loop
      vertex 18.4881 -1.82092 90.9127
      vertex 18.0452 -3.5894 92.7292
      vertex 18.2206 -3.62431 90.9127
    endloop
  endfacet
  facet normal 0.970212 -0.143901 -0.19489
    outer loop
      vertex 18.0452 -3.5894 87.2708
      vertex 17.6959 -3.51993 85.4806
      vertex 18.3101 -1.80339 87.2708
    endloop
  endfacet
  facet normal 0.994 -0.0488349 -0.097874
    outer loop
      vertex 18.4881 -1.82092 89.0873
      vertex 18.3101 -1.80339 87.2708
      vertex 18.3987 0 87.2708
    endloop
  endfacet
  facet normal 0.946684 -0.140426 0.289947
    outer loop
      vertex 17.9557 -1.76848 94.5194
      vertex 17.4284 -1.71655 96.2662
      vertex 17.6959 -3.51993 94.5194
    endloop
  endfacet
  facet normal 0.955891 -0.0469439 0.289947
    outer loop
      vertex 17.5127 0 96.2662
      vertex 17.4284 -1.71655 96.2662
      vertex 17.9557 -1.76848 94.5194
    endloop
  endfacet
  facet normal 0.979648 0.0481382 0.194868
    outer loop
      vertex 18.3987 0 92.7292
      vertex 17.9557 1.76848 94.5194
      vertex 18.0426 0 94.5194
    endloop
  endfacet
  facet normal 0.955882 0.0469704 0.289971
    outer loop
      vertex 17.9557 1.76848 94.5194
      vertex 17.5127 0 96.2662
      vertex 18.0426 0 94.5194
    endloop
  endfacet
  facet normal 0.955882 -0.0469704 -0.289971
    outer loop
      vertex 17.9557 -1.76848 85.4806
      vertex 17.5127 0 83.7338
      vertex 18.0426 0 85.4806
    endloop
  endfacet
  facet normal 0.979648 -0.0481382 -0.194868
    outer loop
      vertex 18.3987 0 87.2708
      vertex 17.9557 -1.76848 85.4806
      vertex 18.0426 0 85.4806
    endloop
  endfacet
  facet normal 0.14601 -0.98443 0.097874
    outer loop
      vertex 3.5894 -18.0452 92.7292
      vertex 1.80339 -18.3101 92.7292
      vertex 1.82092 -18.4881 90.9127
    endloop
  endfacet
  facet normal 0.146022 -0.984429 0.0978621
    outer loop
      vertex 3.5894 -18.0452 92.7292
      vertex 1.82092 -18.4881 90.9127
      vertex 3.62431 -18.2206 90.9127
    endloop
  endfacet
  facet normal 0.504217 -0.841298 0.194891
    outer loop
      vertex 10.0239 -15.0019 94.5194
      vertex 8.50521 -15.9121 94.5194
      vertex 8.67308 -16.2262 92.7292
    endloop
  endfacet
  facet normal 0.49199 -0.820898 0.289953
    outer loop
      vertex 10.0239 -15.0019 94.5194
      vertex 8.25544 -15.4448 96.2662
      vertex 8.50521 -15.9121 94.5194
    endloop
  endfacet
  facet normal 0.592822 -0.799359 0.0979196
    outer loop
      vertex 11.672 -14.2224 92.7292
      vertex 10.2218 -15.2979 92.7292
      vertex 10.3212 -15.4467 90.9127
    endloop
  endfacet
  facet normal 0.66836 -0.737367 0.0979008
    outer loop
      vertex 13.0098 -13.0098 92.7292
      vertex 11.672 -14.2224 92.7292
      vertex 11.7855 -14.3607 90.9127
    endloop
  endfacet
  facet normal 0.475134 -0.79247 0.382412
    outer loop
      vertex 9.67343 -14.4773 96.51
      vertex 9.46878 -14.6 96.51
      vertex 9.72955 -14.5613 96.2662
    endloop
  endfacet
  facet normal 0.475088 -0.792626 0.382147
    outer loop
      vertex 8.25544 -15.4448 96.2662
      vertex 9.46878 -14.6 96.51
      vertex 8.20782 -15.3558 96.51
    endloop
  endfacet
  facet normal 0.475035 -0.79259 0.382287
    outer loop
      vertex 9.46878 -14.6 96.51
      vertex 8.25544 -15.4448 96.2662
      vertex 9.72955 -14.5613 96.2662
    endloop
  endfacet
  facet normal 0.726729 -0.658704 0.194868
    outer loop
      vertex 13.9471 -11.4461 94.5194
      vertex 12.758 -12.758 94.5194
      vertex 13.0098 -13.0098 92.7292
    endloop
  endfacet
  facet normal 0.787801 -0.584287 0.194879
    outer loop
      vertex 15.0019 -10.0239 94.5194
      vertex 13.9471 -11.4461 94.5194
      vertex 14.2224 -11.672 92.7292
    endloop
  endfacet
  facet normal 0.620745 -0.684252 0.382721
    outer loop
      vertex 12.3119 -12.3119 96.51
      vertex 12.1352 -12.4722 96.51
      vertex 12.3834 -12.3834 96.2662
    endloop
  endfacet
  facet normal 0.684252 -0.620745 0.382721
    outer loop
      vertex 12.4722 -12.1352 96.51
      vertex 12.3119 -12.3119 96.51
      vertex 12.3834 -12.3834 96.2662
    endloop
  endfacet
  facet normal 0.869995 -0.311362 0.382312
    outer loop
      vertex 16.1667 -6.43852 96.51
      vertex 16.0863 -6.66317 96.51
      vertex 16.1796 -6.70183 96.2662
    endloop
  endfacet
  facet normal 0.870061 -0.311335 0.382183
    outer loop
      vertex 16.1667 -6.43852 96.51
      vertex 16.7586 -5.08367 96.2662
      vertex 16.662 -5.05435 96.51
    endloop
  endfacet
  facet normal 0.870036 -0.311311 0.382259
    outer loop
      vertex 16.7586 -5.08367 96.2662
      vertex 16.1667 -6.43852 96.51
      vertex 16.1796 -6.70183 96.2662
    endloop
  endfacet
  facet normal 0.742214 0.550347 0.382409
    outer loop
      vertex 14.5613 9.72955 96.2662
      vertex 14.3352 9.86507 96.51
      vertex 14.4773 9.67343 96.51
    endloop
  endfacet
  facet normal 0.742132 0.550425 0.382456
    outer loop
      vertex 14.3352 9.86507 96.51
      vertex 13.5375 11.11 96.2662
      vertex 13.4594 11.0459 96.51
    endloop
  endfacet
  facet normal 0.742186 0.550437 0.382334
    outer loop
      vertex 13.5375 11.11 96.2662
      vertex 14.3352 9.86507 96.51
      vertex 14.5613 9.72955 96.2662
    endloop
  endfacet
  facet normal -0.140426 0.946684 0.289947
    outer loop
      vertex -1.76848 17.9557 94.5194
      vertex -3.51993 17.6959 94.5194
      vertex -1.71655 17.4284 96.2662
    endloop
  endfacet
  facet normal 0.335227 0.937037 0.0978966
    outer loop
      vertex 5.39279 17.7776 90.9127
      vertex 5.34086 17.6064 92.7292
      vertex 7.10934 17.1635 90.9127
    endloop
  endfacet
  facet normal 0.146022 0.984429 0.0978621
    outer loop
      vertex 3.62431 18.2206 90.9127
      vertex 1.82092 18.4881 90.9127
      vertex 3.5894 18.0452 92.7292
    endloop
  endfacet
  facet normal 0.14601 0.98443 -0.097874
    outer loop
      vertex 3.5894 18.0452 87.2708
      vertex 1.80339 18.3101 87.2708
      vertex 1.82092 18.4881 89.0873
    endloop
  endfacet
  facet normal 0.232529 0.92836 -0.289962
    outer loop
      vertex 5.23748 17.2657 85.4806
      vertex 3.41656 17.1762 83.7338
      vertex 3.51993 17.6959 85.4806
    endloop
  endfacet
  facet normal -0.0481872 0.979654 -0.194823
    outer loop
      vertex -1 17.9935 85.4806
      vertex -1.76848 17.9557 85.4806
      vertex -1 18.1482 86.2585
    endloop
  endfacet
  facet normal 0.0481872 0.979654 -0.194823
    outer loop
      vertex 1.76848 17.9557 85.4806
      vertex 1 17.9935 85.4806
      vertex 1 18.1482 86.2585
    endloop
  endfacet
  facet normal 0.896465 0.224262 0.382174
    outer loop
      vertex 16.7586 5.08367 96.2662
      vertex 16.662 5.05435 96.51
      vertex 16.7199 4.8229 96.51
    endloop
  endfacet
  facet normal 0.870036 0.311311 0.382259
    outer loop
      vertex 16.1667 6.43852 96.51
      vertex 16.7586 5.08367 96.2662
      vertex 16.1796 6.70183 96.2662
    endloop
  endfacet
  facet normal 0.870061 0.311335 0.382183
    outer loop
      vertex 16.7586 5.08367 96.2662
      vertex 16.1667 6.43852 96.51
      vertex 16.662 5.05435 96.51
    endloop
  endfacet
  facet normal 0.79259 0.475035 0.382287
    outer loop
      vertex 14.6 9.46878 96.51
      vertex 15.4448 8.25544 96.2662
      vertex 14.5613 9.72955 96.2662
    endloop
  endfacet
  facet normal 0.792626 0.475088 0.382147
    outer loop
      vertex 15.4448 8.25544 96.2662
      vertex 14.6 9.46878 96.51
      vertex 15.3558 8.20782 96.51
    endloop
  endfacet
  facet normal 0.835396 0.395081 0.382133
    outer loop
      vertex 15.9843 6.87886 96.51
      vertex 15.4448 8.25544 96.2662
      vertex 15.3558 8.20782 96.51
    endloop
  endfacet
  facet normal 0.83533 0.39508 0.382276
    outer loop
      vertex 15.4448 8.25544 96.2662
      vertex 15.9843 6.87886 96.51
      vertex 16.1796 6.70183 96.2662
    endloop
  endfacet
  facet normal 0.395031 0.835335 0.382316
    outer loop
      vertex 6.70183 16.1796 96.2662
      vertex 6.66317 16.0863 96.51
      vertex 6.87886 15.9843 96.51
    endloop
  endfacet
  facet normal 0.395081 0.835396 0.382133
    outer loop
      vertex 8.25544 15.4448 96.2662
      vertex 6.87886 15.9843 96.51
      vertex 8.20782 15.3558 96.51
    endloop
  endfacet
  facet normal 0.39508 0.83533 0.382276
    outer loop
      vertex 6.87886 15.9843 96.51
      vertex 8.25544 15.4448 96.2662
      vertex 6.70183 16.1796 96.2662
    endloop
  endfacet
  facet normal 0.135588 0.914101 0.382146
    outer loop
      vertex 3.41656 17.1762 96.2662
      vertex 1.94266 17.2929 96.51
      vertex 3.39686 17.0772 96.51
    endloop
  endfacet
  facet normal 0.135602 0.914054 0.382253
    outer loop
      vertex 1.94266 17.2929 96.51
      vertex 3.41656 17.1762 96.2662
      vertex 1.71655 17.4284 96.2662
    endloop
  endfacet
  facet normal 0.750215 0.187906 -0.633931
    outer loop
      vertex 13.5169 2.68867 77.509
      vertex 13.1883 4.00061 77.509
      vertex 14.2964 4.33675 78.92
    endloop
  endfacet
  facet normal 0.728169 0.260581 -0.63393
    outer loop
      vertex 13.1883 4.00061 77.509
      vertex 12.7326 5.27402 77.509
      vertex 14.2964 4.33675 78.92
    endloop
  endfacet
  facet normal 0.928351 0.232546 -0.289979
    outer loop
      vertex 17.1762 3.41656 83.7338
      vertex 16.7586 5.08367 83.7338
      vertex 17.2657 5.23748 85.4806
    endloop
  endfacet
  facet normal 0.92836 0.232529 -0.289962
    outer loop
      vertex 17.6959 3.51993 85.4806
      vertex 17.1762 3.41656 83.7338
      vertex 17.2657 5.23748 85.4806
    endloop
  endfacet
  facet normal 0.797452 0.37717 -0.470971
    outer loop
      vertex 15.5343 6.43452 82.0475
      vertex 14.7393 6.10524 80.4377
      vertex 14.8288 7.92616 82.0475
    endloop
  endfacet
  facet normal 0.835325 0.395083 -0.382284
    outer loop
      vertex 15.5343 6.43452 82.0475
      vertex 14.8288 7.92616 82.0475
      vertex 16.1796 6.70183 83.7338
    endloop
  endfacet
  facet normal 0.881106 0.0433301 -0.47093
    outer loop
      vertex 15.9538 0 80.4377
      vertex 15.8769 1.56374 80.4377
      vertex 16.8142 0 82.0475
    endloop
  endfacet
  facet normal 0.881106 -0.0433301 -0.47093
    outer loop
      vertex 16.8142 0 82.0475
      vertex 15.8769 -1.56374 80.4377
      vertex 15.9538 0 80.4377
    endloop
  endfacet
  facet normal 0.965361 0.241856 -0.0978967
    outer loop
      vertex 18.0452 3.5894 87.2708
      vertex 17.6064 5.34086 87.2708
      vertex 17.7776 5.39279 89.0873
    endloop
  endfacet
  facet normal 0.937037 0.335227 -0.0978966
    outer loop
      vertex 17.6064 5.34086 87.2708
      vertex 17.1635 7.10934 89.0873
      vertex 17.7776 5.39279 89.0873
    endloop
  endfacet
  facet normal 0.620562 0.684623 -0.382353
    outer loop
      vertex 11.8894 11.8894 82.0475
      vertex 10.6668 12.9976 82.0475
      vertex 12.3834 12.3834 83.7338
    endloop
  endfacet
  facet normal 0.684623 0.620562 -0.382353
    outer loop
      vertex 12.9976 10.6668 82.0475
      vertex 11.8894 11.8894 82.0475
      vertex 12.3834 12.3834 83.7338
    endloop
  endfacet
  facet normal 0.620533 0.684678 -0.382303
    outer loop
      vertex 12.3834 12.3834 83.7338
      vertex 10.6668 12.9976 82.0475
      vertex 11.11 13.5375 83.7338
    endloop
  endfacet
  facet normal 0.550445 0.742198 -0.382299
    outer loop
      vertex 10.6668 12.9976 82.0475
      vertex 9.72955 14.5613 83.7338
      vertex 11.11 13.5375 83.7338
    endloop
  endfacet
  facet normal 0.592822 0.799359 -0.0979196
    outer loop
      vertex 11.672 14.2224 87.2708
      vertex 10.2218 15.2979 87.2708
      vertex 10.3212 15.4467 89.0873
    endloop
  endfacet
  facet normal 0.592838 0.799349 -0.0979009
    outer loop
      vertex 11.672 14.2224 87.2708
      vertex 10.3212 15.4467 89.0873
      vertex 11.7855 14.3607 89.0873
    endloop
  endfacet
  facet normal 0.592433 0.653625 -0.470954
    outer loop
      vertex 11.281 11.281 80.4377
      vertex 10.121 12.3324 80.4377
      vertex 10.6668 12.9976 82.0475
    endloop
  endfacet
  facet normal 0.558595 0.616293 -0.555117
    outer loop
      vertex 11.281 11.281 80.4377
      vertex 9.47762 11.5485 78.92
      vertex 10.121 12.3324 80.4377
    endloop
  endfacet
  facet normal 0.573039 0.5194 -0.633916
    outer loop
      vertex 11.5485 9.47762 78.92
      vertex 9.74513 9.74513 77.509
      vertex 10.5639 10.5639 78.92
    endloop
  endfacet
  facet normal 0.5194 0.573039 -0.633916
    outer loop
      vertex 9.74513 9.74513 77.509
      vertex 9.47762 11.5485 78.92
      vertex 10.5639 10.5639 78.92
    endloop
  endfacet
  facet normal 0.726729 0.658704 -0.194868
    outer loop
      vertex 13.9471 11.4461 85.4806
      vertex 12.758 12.758 85.4806
      vertex 13.0098 13.0098 87.2708
    endloop
  endfacet
  facet normal 0.787801 0.584287 -0.194879
    outer loop
      vertex 15.0019 10.0239 85.4806
      vertex 13.9471 11.4461 85.4806
      vertex 14.2224 11.672 87.2708
    endloop
  endfacet
  facet normal 0.55532 0.0272862 -0.831189
    outer loop
      vertex 10.5 0 74.6728
      vertex 10.4824 0.35819 74.6728
      vertex 11.08 0 75.0603
    endloop
  endfacet
  facet normal 0.627977 -0.0931833 -0.772633
    outer loop
      vertex 12.251 -2.43687 76.2183
      vertex 10.8671 -2.1616 75.0603
      vertex 11.0267 -1.08603 75.0603
    endloop
  endfacet
  facet normal 0.539306 0.135062 -0.831209
    outer loop
      vertex 10.135 2.70011 74.6728
      vertex 10.8671 2.1616 75.0603
      vertex 10.2982 2.04845 74.6728
    endloop
  endfacet
  facet normal 0.539319 0.135091 -0.831195
    outer loop
      vertex 10.8671 2.1616 75.0603
      vertex 10.135 2.70011 74.6728
      vertex 10.6029 3.21636 75.0603
    endloop
  endfacet
  facet normal 0.509916 0.378191 -0.77263
    outer loop
      vertex 10.3859 6.93963 76.2183
      vertex 9.21269 6.15572 75.0603
      vertex 9.65567 7.9242 76.2183
    endloop
  endfacet
  facet normal 0.421487 0.568283 -0.706684
    outer loop
      vertex 8.74301 10.6534 77.509
      vertex 6.93963 10.3859 76.2183
      vertex 7.6567 11.4591 77.509
    endloop
  endfacet
  facet normal 0.597759 0.213875 -0.77262
    outer loop
      vertex 10.6029 3.21636 75.0603
      vertex 10.2366 4.24013 75.0603
      vertex 11.9531 3.62594 76.2183
    endloop
  endfacet
  facet normal 0.549922 0.0816961 -0.831211
    outer loop
      vertex 10.2982 2.04845 74.6728
      vertex 10.8671 2.1616 75.0603
      vertex 10.3509 1.69371 74.6728
    endloop
  endfacet
  facet normal 0.615823 0.154283 -0.772631
    outer loop
      vertex 12.251 2.43687 76.2183
      vertex 10.8671 2.1616 75.0603
      vertex 11.9531 3.62594 76.2183
    endloop
  endfacet
  facet normal 0.549919 0.0815117 -0.831231
    outer loop
      vertex 10.3509 1.69371 74.6728
      vertex 11.0267 1.08603 75.0603
      vertex 10.4494 1.02918 74.6728
    endloop
  endfacet
  facet normal 0.549978 0.0816093 -0.831182
    outer loop
      vertex 11.0267 1.08603 75.0603
      vertex 10.3509 1.69371 74.6728
      vertex 10.8671 2.1616 75.0603
    endloop
  endfacet
  facet normal 0.768698 0.570119 -0.289945
    outer loop
      vertex 15.0019 10.0239 85.4806
      vertex 13.5375 11.11 83.7338
      vertex 13.9471 11.4461 85.4806
    endloop
  endfacet
  facet normal 0.820891 0.491997 -0.289961
    outer loop
      vertex 15.4448 8.25544 83.7338
      vertex 14.5613 9.72955 83.7338
      vertex 15.0019 10.0239 85.4806
    endloop
  endfacet
  facet normal 0.232546 0.928351 -0.289979
    outer loop
      vertex 5.08367 16.7586 83.7338
      vertex 3.41656 17.1762 83.7338
      vertex 5.23748 17.2657 85.4806
    endloop
  endfacet
  facet normal 0.322421 0.901087 -0.289978
    outer loop
      vertex 6.70183 16.1796 83.7338
      vertex 5.08367 16.7586 83.7338
      vertex 5.23748 17.2657 85.4806
    endloop
  endfacet
  facet normal 0.140442 0.946677 -0.289962
    outer loop
      vertex 3.41656 17.1762 83.7338
      vertex 1.71655 17.4284 83.7338
      vertex 3.51993 17.6959 85.4806
    endloop
  endfacet
  facet normal 0.140426 0.946684 -0.289947
    outer loop
      vertex 3.51993 17.6959 85.4806
      vertex 1.71655 17.4284 83.7338
      vertex 1.76848 17.9557 85.4806
    endloop
  endfacet
  facet normal 0.224508 0.896356 -0.382285
    outer loop
      vertex 4.8809 16.0902 82.0475
      vertex 3.28029 16.4911 82.0475
      vertex 5.08367 16.7586 83.7338
    endloop
  endfacet
  facet normal 0.214331 0.855726 -0.470952
    outer loop
      vertex 4.63113 15.2668 80.4377
      vertex 3.28029 16.4911 82.0475
      vertex 4.8809 16.0902 82.0475
    endloop
  endfacet
  facet normal 0.335227 0.937037 -0.0978966
    outer loop
      vertex 7.10934 17.1635 89.0873
      vertex 5.34086 17.6064 87.2708
      vertex 5.39279 17.7776 89.0873
    endloop
  endfacet
  facet normal 0.335236 0.937033 -0.0979054
    outer loop
      vertex 7.04087 16.9982 87.2708
      vertex 5.34086 17.6064 87.2708
      vertex 7.10934 17.1635 89.0873
    endloop
  endfacet
  facet normal 0.504263 0.841281 0.194846
    outer loop
      vertex 10.2218 15.2979 92.7292
      vertex 8.67308 16.2262 92.7292
      vertex 10.0239 15.0019 94.5194
    endloop
  endfacet
  facet normal 0.584267 0.787823 0.194851
    outer loop
      vertex 10.2218 15.2979 92.7292
      vertex 10.0239 15.0019 94.5194
      vertex 11.672 14.2224 92.7292
    endloop
  endfacet
  facet normal -0.620745 -0.684252 0.382721
    outer loop
      vertex -12.3119 -12.3119 96.51
      vertex -12.3834 -12.3834 96.2662
      vertex -12.1352 -12.4722 96.51
    endloop
  endfacet
  facet normal -0.550425 -0.742132 0.382456
    outer loop
      vertex -11.11 -13.5375 96.2662
      vertex -9.86507 -14.3352 96.51
      vertex -11.0459 -13.4594 96.51
    endloop
  endfacet
  facet normal -0.550437 -0.742186 0.382334
    outer loop
      vertex -9.86507 -14.3352 96.51
      vertex -11.11 -13.5375 96.2662
      vertex -9.72955 -14.5613 96.2662
    endloop
  endfacet
  facet normal -0.684252 -0.620745 0.382721
    outer loop
      vertex -12.3119 -12.3119 96.51
      vertex -12.4722 -12.1352 96.51
      vertex -12.3834 -12.3834 96.2662
    endloop
  endfacet
  facet normal -0.787801 -0.584287 0.194879
    outer loop
      vertex -13.9471 -11.4461 94.5194
      vertex -15.0019 -10.0239 94.5194
      vertex -14.2224 -11.672 92.7292
    endloop
  endfacet
  facet normal -0.742214 -0.550347 0.382409
    outer loop
      vertex -14.4773 -9.67343 96.51
      vertex -14.5613 -9.72955 96.2662
      vertex -14.3352 -9.86507 96.51
    endloop
  endfacet
  facet normal -0.803207 -0.5957 0
    outer loop
      vertex -14.3607 -11.7855 89.0873
      vertex -15.4467 -10.3212 90.9127
      vertex -15.4467 -10.3212 89.0873
    endloop
  endfacet
  facet normal -0.803207 -0.5957 0
    outer loop
      vertex -15.4467 -10.3212 90.9127
      vertex -14.3607 -11.7855 89.0873
      vertex -14.3607 -11.7855 90.9127
    endloop
  endfacet
  facet normal -0.799349 -0.592838 -0.0979009
    outer loop
      vertex -14.3607 -11.7855 89.0873
      vertex -15.4467 -10.3212 89.0873
      vertex -14.2224 -11.672 87.2708
    endloop
  endfacet
  facet normal -0.671591 -0.740922 0
    outer loop
      vertex -13.1363 -13.1363 89.0873
      vertex -11.7855 -14.3607 90.9127
      vertex -13.1363 -13.1363 90.9127
    endloop
  endfacet
  facet normal -0.671591 -0.740922 -0
    outer loop
      vertex -11.7855 -14.3607 90.9127
      vertex -13.1363 -13.1363 89.0873
      vertex -11.7855 -14.3607 89.0873
    endloop
  endfacet
  facet normal -0.427562 -0.903986 0
    outer loop
      vertex -8.75742 -16.384 89.0873
      vertex -7.10934 -17.1635 90.9127
      vertex -8.75742 -16.384 90.9127
    endloop
  endfacet
  facet normal -0.427562 -0.903986 -0
    outer loop
      vertex -7.10934 -17.1635 90.9127
      vertex -8.75742 -16.384 89.0873
      vertex -7.10934 -17.1635 89.0873
    endloop
  endfacet
  facet normal -0.425508 -0.899643 0.0979086
    outer loop
      vertex -8.67308 -16.2262 92.7292
      vertex -8.75742 -16.384 90.9127
      vertex -7.10934 -17.1635 90.9127
    endloop
  endfacet
  facet normal -0.335227 -0.937037 -0.0978966
    outer loop
      vertex -5.39279 -17.7776 89.0873
      vertex -7.10934 -17.1635 89.0873
      vertex -5.34086 -17.6064 87.2708
    endloop
  endfacet
  facet normal -0.241856 -0.965361 0.0978967
    outer loop
      vertex -5.34086 -17.6064 92.7292
      vertex -5.39279 -17.7776 90.9127
      vertex -3.5894 -18.0452 92.7292
    endloop
  endfacet
  facet normal -0.135588 -0.914101 0.382146
    outer loop
      vertex -3.41656 -17.1762 96.2662
      vertex -1.94266 -17.2929 96.51
      vertex -3.39686 -17.0772 96.51
    endloop
  endfacet
  facet normal -0.135602 -0.914054 0.382253
    outer loop
      vertex -1.94266 -17.2929 96.51
      vertex -3.41656 -17.1762 96.2662
      vertex -1.71655 -17.4284 96.2662
    endloop
  endfacet
  facet normal -0.224516 -0.896297 0.382419
    outer loop
      vertex -3.41656 -17.1762 96.2662
      vertex -4.8229 -16.7199 96.51
      vertex -5.08367 -16.7586 96.2662
    endloop
  endfacet
  facet normal -0.224595 -0.896393 0.382147
    outer loop
      vertex -4.8229 -16.7199 96.51
      vertex -3.41656 -17.1762 96.2662
      vertex -3.39686 -17.0772 96.51
    endloop
  endfacet
  facet normal -0.330431 -0.923501 0.194837
    outer loop
      vertex -5.23748 -17.2657 94.5194
      vertex -6.9046 -16.6692 94.5194
      vertex -5.34086 -17.6064 92.7292
    endloop
  endfacet
  facet normal -0.335236 -0.937033 0.0979054
    outer loop
      vertex -7.04087 -16.9982 92.7292
      vertex -7.10934 -17.1635 90.9127
      vertex -5.34086 -17.6064 92.7292
    endloop
  endfacet
  facet normal -0.238311 -0.951445 0.194835
    outer loop
      vertex -5.23748 -17.2657 94.5194
      vertex -5.34086 -17.6064 92.7292
      vertex -3.51993 -17.6959 94.5194
    endloop
  endfacet
  facet normal -0.238363 -0.951421 0.194889
    outer loop
      vertex -3.51993 -17.6959 94.5194
      vertex -5.34086 -17.6064 92.7292
      vertex -3.5894 -18.0452 92.7292
    endloop
  endfacet
  facet normal -0.395031 -0.835335 0.382316
    outer loop
      vertex -6.66317 -16.0863 96.51
      vertex -6.87886 -15.9843 96.51
      vertex -6.70183 -16.1796 96.2662
    endloop
  endfacet
  facet normal -0.311311 -0.870036 0.382259
    outer loop
      vertex -5.08367 -16.7586 96.2662
      vertex -6.43852 -16.1667 96.51
      vertex -6.70183 -16.1796 96.2662
    endloop
  endfacet
  facet normal -0.311335 -0.870061 0.382183
    outer loop
      vertex -6.43852 -16.1667 96.51
      vertex -5.08367 -16.7586 96.2662
      vertex -5.05435 -16.662 96.51
    endloop
  endfacet
  facet normal -0.0481382 -0.979648 0.194868
    outer loop
      vertex 0 -18.0426 94.5194
      vertex -1.76848 -17.9557 94.5194
      vertex 0 -18.3987 92.7292
    endloop
  endfacet
  facet normal 0.336845 -0.94156 0
    outer loop
      vertex 5.39279 -17.7776 89.0873
      vertex 7.10934 -17.1635 90.9127
      vertex 5.39279 -17.7776 90.9127
    endloop
  endfacet
  facet normal 0.336845 -0.94156 0
    outer loop
      vertex 7.10934 -17.1635 90.9127
      vertex 5.39279 -17.7776 89.0873
      vertex 7.10934 -17.1635 89.0873
    endloop
  endfacet
  facet normal -0.65871 -0.726721 0.194877
    outer loop
      vertex -11.4461 -13.9471 94.5194
      vertex -13.0098 -13.0098 92.7292
      vertex -11.672 -14.2224 92.7292
    endloop
  endfacet
  facet normal -0.66836 -0.737367 0.0979008
    outer loop
      vertex -11.672 -14.2224 92.7292
      vertex -13.0098 -13.0098 92.7292
      vertex -11.7855 -14.3607 90.9127
    endloop
  endfacet
  facet normal -0.335236 -0.937033 -0.0979054
    outer loop
      vertex -5.34086 -17.6064 87.2708
      vertex -7.10934 -17.1635 89.0873
      vertex -7.04087 -16.9982 87.2708
    endloop
  endfacet
  facet normal -0.330396 -0.923506 -0.19487
    outer loop
      vertex -5.34086 -17.6064 87.2708
      vertex -7.04087 -16.9982 87.2708
      vertex -6.9046 -16.6692 85.4806
    endloop
  endfacet
  facet normal -0.922916 -0.0453245 -0.382325
    outer loop
      vertex -17.4284 -1.71655 83.7338
      vertex -17.5127 0 83.7338
      vertex -16.7332 -1.64808 82.0475
    endloop
  endfacet
  facet normal -0.855727 -0.214339 -0.470946
    outer loop
      vertex -15.2668 -4.63113 80.4377
      vertex -16.4911 -3.28029 82.0475
      vertex -15.6472 -3.11242 80.4377
    endloop
  endfacet
  facet normal -0.951445 -0.238311 -0.194835
    outer loop
      vertex -17.6064 -5.34086 87.2708
      vertex -17.6959 -3.51993 85.4806
      vertex -17.2657 -5.23748 85.4806
    endloop
  endfacet
  facet normal -0.713664 -0.427241 -0.555112
    outer loop
      vertex -13.2651 -8.86343 80.4377
      vertex -13.2874 -8.82618 80.4377
      vertex -12.713 -8.49455 79.444
    endloop
  endfacet
  facet normal -0.726721 -0.65871 0.194877
    outer loop
      vertex -13.9471 -11.4461 94.5194
      vertex -14.2224 -11.672 92.7292
      vertex -13.0098 -13.0098 92.7292
    endloop
  endfacet
  facet normal -0.726729 -0.658704 0.194868
    outer loop
      vertex -12.758 -12.758 94.5194
      vertex -13.9471 -11.4461 94.5194
      vertex -13.0098 -13.0098 92.7292
    endloop
  endfacet
  facet normal -0.841273 -0.504282 0.194832
    outer loop
      vertex -15.2979 -10.2218 92.7292
      vertex -15.1256 -9.88744 94.3386
      vertex -15.4025 -10.0473 92.7292
    endloop
  endfacet
  facet normal -0.841206 -0.504388 0.194847
    outer loop
      vertex -15.1256 -9.88744 94.3386
      vertex -15.2979 -10.2218 92.7292
      vertex -15.0019 -10.0239 94.5194
    endloop
  endfacet
  facet normal -0.853588 -0.511663 0.0979232
    outer loop
      vertex -15.539 -10.1261 91.1276
      vertex -15.2979 -10.2218 92.7292
      vertex -15.4025 -10.0473 92.7292
    endloop
  endfacet
  facet normal -0.853579 -0.511679 0.0979209
    outer loop
      vertex -15.2979 -10.2218 92.7292
      vertex -15.539 -10.1261 91.1276
      vertex -15.4467 -10.3212 90.9127
    endloop
  endfacet
  facet normal -0.363745 -0.60687 -0.706681
    outer loop
      vertex -6.49664 -12.1544 77.509
      vertex -6.93963 -10.3859 76.2183
      vertex -5.88821 -11.0161 76.2183
    endloop
  endfacet
  facet normal -0.32638 -0.544535 -0.772631
    outer loop
      vertex -5.22308 -9.77169 75.0603
      vertex -6.93963 -10.3859 76.2183
      vertex -6.15572 -9.21269 75.0603
    endloop
  endfacet
  facet normal -0.363737 -0.60687 -0.706685
    outer loop
      vertex -6.49664 -12.1544 77.509
      vertex -7.6567 -11.4591 77.509
      vertex -6.93963 -10.3859 76.2183
    endloop
  endfacet
  facet normal -0.331202 -0.446571 -0.831191
    outer loop
      vertex -6.15572 -9.21269 75.0603
      vertex -6.37308 -8.33024 74.6728
      vertex -5.83349 -8.73043 74.6728
    endloop
  endfacet
  facet normal -0.331201 -0.446571 -0.831192
    outer loop
      vertex -6.37308 -8.33024 74.6728
      vertex -6.15572 -9.21269 75.0603
      vertex -7.02908 -8.56496 75.0603
    endloop
  endfacet
  facet normal 0.0816093 -0.549978 -0.831182
    outer loop
      vertex 1.08603 -11.0267 75.0603
      vertex 1.69371 -10.3509 74.6728
      vertex 2.1616 -10.8671 75.0603
    endloop
  endfacet
  facet normal 0.0815117 -0.549919 -0.831231
    outer loop
      vertex 1.08603 -11.0267 75.0603
      vertex 1.02918 -10.4494 74.6728
      vertex 1.69371 -10.3509 74.6728
    endloop
  endfacet
  facet normal -0.539359 0.135041 -0.831177
    outer loop
      vertex -10.135 2.70011 74.6728
      vertex -10.6029 3.21636 75.0603
      vertex -10.0479 3.04799 74.6728
    endloop
  endfacet
  facet normal -0.523493 0.187345 -0.831178
    outer loop
      vertex -9.92706 3.38565 74.6728
      vertex -10.0479 3.04799 74.6728
      vertex -10.6029 3.21636 75.0603
    endloop
  endfacet
  facet normal -0.411957 -0.373374 -0.831194
    outer loop
      vertex -7.83475 -7.83475 75.0603
      vertex -7.87577 -6.92685 74.6728
      vertex -7.42462 -7.42462 74.6728
    endloop
  endfacet
  facet normal -0.411958 -0.373374 -0.831193
    outer loop
      vertex -7.87577 -6.92685 74.6728
      vertex -7.83475 -7.83475 75.0603
      vertex -8.56496 -7.02908 75.0603
    endloop
  endfacet
  facet normal -0.285836 -0.476885 -0.831191
    outer loop
      vertex -5.22308 -9.77169 75.0603
      vertex -5.25727 -9.0758 74.6728
      vertex -4.94967 -9.26017 74.6728
    endloop
  endfacet
  facet normal -0.285832 -0.476885 -0.831192
    outer loop
      vertex -6.15572 -9.21269 75.0603
      vertex -5.25727 -9.0758 74.6728
      vertex -5.22308 -9.77169 75.0603
    endloop
  endfacet
  facet normal -0.285832 -0.476886 -0.831192
    outer loop
      vertex -5.25727 -9.0758 74.6728
      vertex -6.15572 -9.21269 75.0603
      vertex -5.83349 -8.73043 74.6728
    endloop
  endfacet
  facet normal -0.495494 -0.668081 -0.555116
    outer loop
      vertex -8.86343 -13.2651 80.4377
      vertex -10.121 -12.3324 80.4377
      vertex -9.47762 -11.5485 78.92
    endloop
  endfacet
  facet normal -0.525508 -0.708548 -0.470958
    outer loop
      vertex -8.86343 -13.2651 80.4377
      vertex -10.6668 -12.9976 82.0475
      vertex -10.121 -12.3324 80.4377
    endloop
  endfacet
  facet normal -0.491997 -0.820891 -0.289961
    outer loop
      vertex -8.25544 -15.4448 83.7338
      vertex -10.0239 -15.0019 85.4806
      vertex -9.72955 -14.5613 83.7338
    endloop
  endfacet
  facet normal -0.570103 -0.768704 -0.289959
    outer loop
      vertex -10.0239 -15.0019 85.4806
      vertex -11.11 -13.5375 83.7338
      vertex -9.72955 -14.5613 83.7338
    endloop
  endfacet
  facet normal -0.311304 -0.870028 -0.382283
    outer loop
      vertex -4.8809 -16.0902 82.0475
      vertex -6.70183 -16.1796 83.7338
      vertex -6.43452 -15.5343 82.0475
    endloop
  endfacet
  facet normal -0.297193 -0.830591 -0.470952
    outer loop
      vertex -4.8809 -16.0902 82.0475
      vertex -6.43452 -15.5343 82.0475
      vertex -4.63113 -15.2668 80.4377
    endloop
  endfacet
  facet normal -0.280259 -0.783141 -0.555108
    outer loop
      vertex -4.33675 -14.2964 78.92
      vertex -6.10524 -14.7393 80.4377
      vertex -5.71716 -13.8024 78.92
    endloop
  endfacet
  facet normal -0.280246 -0.783153 -0.555097
    outer loop
      vertex -4.63113 -15.2668 80.4377
      vertex -6.10524 -14.7393 80.4377
      vertex -4.33675 -14.2964 78.92
    endloop
  endfacet
  facet normal -0.616293 -0.558595 -0.555117
    outer loop
      vertex -11.281 -11.281 80.4377
      vertex -12.3324 -10.121 80.4377
      vertex -11.5485 -9.47762 78.92
    endloop
  endfacet
  facet normal -0.653625 -0.592433 -0.470954
    outer loop
      vertex -11.281 -11.281 80.4377
      vertex -12.9976 -10.6668 82.0475
      vertex -12.3324 -10.121 80.4377
    endloop
  endfacet
  facet normal -0.573039 -0.5194 -0.633916
    outer loop
      vertex -10.5639 -10.5639 78.92
      vertex -11.5485 -9.47762 78.92
      vertex -9.74513 -9.74513 77.509
    endloop
  endfacet
  facet normal -0.5194 -0.573039 -0.633916
    outer loop
      vertex -9.47762 -11.5485 78.92
      vertex -10.5639 -10.5639 78.92
      vertex -9.74513 -9.74513 77.509
    endloop
  endfacet
  facet normal -0.709115 -0.642738 -0.289904
    outer loop
      vertex -12.758 -12.758 85.4806
      vertex -13.9471 -11.4461 85.4806
      vertex -12.3834 -12.3834 83.7338
    endloop
  endfacet
  facet normal -0.642738 -0.709115 -0.289904
    outer loop
      vertex -11.4461 -13.9471 85.4806
      vertex -12.758 -12.758 85.4806
      vertex -12.3834 -12.3834 83.7338
    endloop
  endfacet
  facet normal -0.0488349 -0.994 -0.097874
    outer loop
      vertex 0 -18.3987 87.2708
      vertex -1.82092 -18.4881 89.0873
      vertex -1.80339 -18.3101 87.2708
    endloop
  endfacet
  facet normal -0.241824 -0.965373 -0.0978631
    outer loop
      vertex -3.62431 -18.2206 89.0873
      vertex -5.39279 -17.7776 89.0873
      vertex -3.5894 -18.0452 87.2708
    endloop
  endfacet
  facet normal -0.238311 -0.951445 -0.194835
    outer loop
      vertex -3.51993 -17.6959 85.4806
      vertex -5.34086 -17.6064 87.2708
      vertex -5.23748 -17.2657 85.4806
    endloop
  endfacet
  facet normal -0.232529 -0.92836 -0.289962
    outer loop
      vertex -3.51993 -17.6959 85.4806
      vertex -5.23748 -17.2657 85.4806
      vertex -3.41656 -17.1762 83.7338
    endloop
  endfacet
  facet normal -0.0408484 -0.830777 -0.555104
    outer loop
      vertex 0 -14.9397 78.92
      vertex -1.56374 -15.8769 80.4377
      vertex -1.46434 -14.8677 78.92
    endloop
  endfacet
  facet normal -0.0433301 -0.881106 -0.47093
    outer loop
      vertex 0 -16.8142 82.0475
      vertex -1.56374 -15.8769 80.4377
      vertex 0 -15.9538 80.4377
    endloop
  endfacet
  facet normal 0.363737 -0.60687 -0.706685
    outer loop
      vertex 7.6567 -11.4591 77.509
      vertex 6.49664 -12.1544 77.509
      vertex 6.93963 -10.3859 76.2183
    endloop
  endfacet
  facet normal 0.363745 -0.60687 -0.706681
    outer loop
      vertex 6.49664 -12.1544 77.509
      vertex 5.88821 -11.0161 76.2183
      vertex 6.93963 -10.3859 76.2183
    endloop
  endfacet
  facet normal 0.460722 -0.621184 -0.633928
    outer loop
      vertex 9.47762 -11.5485 78.92
      vertex 8.30003 -12.4219 78.92
      vertex 8.74301 -10.6534 77.509
    endloop
  endfacet
  facet normal 0.495503 -0.668079 -0.55511
    outer loop
      vertex 8.86343 -13.2651 80.4377
      vertex 8.30003 -12.4219 78.92
      vertex 9.47762 -11.5485 78.92
    endloop
  endfacet
  facet normal 0.409182 -0.865147 -0.289985
    outer loop
      vertex 6.9046 -16.6692 85.4806
      vertex 6.70183 -16.1796 83.7338
      vertex 8.25544 -15.4448 83.7338
    endloop
  endfacet
  facet normal 0.475034 -0.792589 -0.382289
    outer loop
      vertex 8.25544 -15.4448 83.7338
      vertex 7.92616 -14.8288 82.0475
      vertex 9.72955 -14.5613 83.7338
    endloop
  endfacet
  facet normal 0.475048 -0.792573 -0.382306
    outer loop
      vertex 9.72955 -14.5613 83.7338
      vertex 7.92616 -14.8288 82.0475
      vertex 9.34147 -13.9805 82.0475
    endloop
  endfacet
  facet normal 0.453522 -0.75666 -0.470938
    outer loop
      vertex 9.34147 -13.9805 82.0475
      vertex 7.92616 -14.8288 82.0475
      vertex 8.86343 -13.2651 80.4377
    endloop
  endfacet
  facet normal 0.750215 -0.187906 -0.633931
    outer loop
      vertex 14.2964 -4.33675 78.92
      vertex 13.1883 -4.00061 77.509
      vertex 13.5169 -2.68867 77.509
    endloop
  endfacet
  facet normal 0.806863 -0.202089 -0.555097
    outer loop
      vertex 15.2668 -4.63113 80.4377
      vertex 14.2964 -4.33675 78.92
      vertex 14.6526 -2.91458 78.92
    endloop
  endfacet
  facet normal 0.154259 -0.615844 -0.772619
    outer loop
      vertex 3.62594 -11.9531 76.2183
      vertex 2.1616 -10.8671 75.0603
      vertex 3.21636 -10.6029 75.0603
    endloop
  endfacet
  facet normal -0.0347366 -0.70668 -0.70668
    outer loop
      vertex 0 -13.7817 77.509
      vertex -1.35084 -13.7153 77.509
      vertex 0 -12.491 76.2183
    endloop
  endfacet
  facet normal 0.0311199 -0.634093 -0.77263
    outer loop
      vertex 1.08603 -11.0267 75.0603
      vertex 0 -12.491 76.2183
      vertex 0 -11.08 75.0603
    endloop
  endfacet
  facet normal 0.171946 -0.686322 -0.70668
    outer loop
      vertex 2.68867 -13.5169 77.509
      vertex 2.43687 -12.251 76.2183
      vertex 3.62594 -11.9531 76.2183
    endloop
  endfacet
  facet normal 0.103792 -0.699879 -0.70668
    outer loop
      vertex 2.68867 -13.5169 77.509
      vertex 1.35084 -13.7153 77.509
      vertex 2.43687 -12.251 76.2183
    endloop
  endfacet
  facet normal 0.584287 -0.787801 -0.194879
    outer loop
      vertex 11.672 -14.2224 87.2708
      vertex 10.0239 -15.0019 85.4806
      vertex 11.4461 -13.9471 85.4806
    endloop
  endfacet
  facet normal 0.584267 -0.787823 -0.194851
    outer loop
      vertex 10.2218 -15.2979 87.2708
      vertex 10.0239 -15.0019 85.4806
      vertex 11.672 -14.2224 87.2708
    endloop
  endfacet
  facet normal 0.768704 -0.570103 -0.289959
    outer loop
      vertex 15.0019 -10.0239 85.4806
      vertex 13.5375 -11.11 83.7338
      vertex 14.5613 -9.72955 83.7338
    endloop
  endfacet
  facet normal 0.821028 -0.491748 -0.289997
    outer loop
      vertex 15.0474 -9.84229 85.3012
      vertex 14.5613 -9.72955 83.7338
      vertex 14.636 -9.60483 83.7338
    endloop
  endfacet
  facet normal 0.820838 -0.492084 -0.289962
    outer loop
      vertex 14.5613 -9.72955 83.7338
      vertex 15.0474 -9.84229 85.3012
      vertex 15.0019 -10.0239 85.4806
    endloop
  endfacet
  facet normal 0.460723 0.621184 -0.633928
    outer loop
      vertex 8.74301 10.6534 77.509
      vertex 7.6567 11.4591 77.509
      vertex 8.30003 12.4219 78.92
    endloop
  endfacet
  facet normal 0.426344 0.470402 -0.772627
    outer loop
      vertex 7.83475 7.83475 75.0603
      vertex 7.02908 8.56496 75.0603
      vertex 8.83247 8.83247 76.2183
    endloop
  endfacet
  facet normal 0.421485 0.568288 -0.706682
    outer loop
      vertex 7.9242 9.65567 76.2183
      vertex 6.93963 10.3859 76.2183
      vertex 8.74301 10.6534 77.509
    endloop
  endfacet
  facet normal 0.171946 0.686322 -0.70668
    outer loop
      vertex 3.62594 11.9531 76.2183
      vertex 2.43687 12.251 76.2183
      vertex 2.68867 13.5169 77.509
    endloop
  endfacet
  facet normal -0.238311 0.951445 -0.194835
    outer loop
      vertex -5.23748 17.2657 85.4806
      vertex -5.34086 17.6064 87.2708
      vertex -3.51993 17.6959 85.4806
    endloop
  endfacet
  facet normal -0.143916 0.970212 -0.194876
    outer loop
      vertex -1.76848 17.9557 85.4806
      vertex -3.51993 17.6959 85.4806
      vertex -1.80339 18.3101 87.2708
    endloop
  endfacet
  facet normal -0.0469574 0.955889 -0.289951
    outer loop
      vertex -1.71655 17.4284 83.7338
      vertex -1 17.7632 84.7215
      vertex -1 17.4636 83.7338
    endloop
  endfacet
  facet normal -0.0469628 0.95589 -0.289947
    outer loop
      vertex -1 17.7632 84.7215
      vertex -1.71655 17.4284 83.7338
      vertex -1.76848 17.9557 85.4806
    endloop
  endfacet
  facet normal -0.0453386 0.922937 -0.382272
    outer loop
      vertex -1 17.0398 82.7106
      vertex -1.71655 17.4284 83.7338
      vertex -1 17.4636 83.7338
    endloop
  endfacet
  facet normal -0.0454315 0.92291 -0.382327
    outer loop
      vertex -1.71655 17.4284 83.7338
      vertex -1 17.0398 82.7106
      vertex -1.64808 16.7332 82.0475
    endloop
  endfacet
  facet normal -0.143901 0.970212 -0.19489
    outer loop
      vertex -3.51993 17.6959 85.4806
      vertex -3.5894 18.0452 87.2708
      vertex -1.80339 18.3101 87.2708
    endloop
  endfacet
  facet normal -0.14601 0.98443 -0.097874
    outer loop
      vertex -1.80339 18.3101 87.2708
      vertex -3.5894 18.0452 87.2708
      vertex -1.82092 18.4881 89.0873
    endloop
  endfacet
  facet normal -0.335236 0.937033 -0.0979054
    outer loop
      vertex -7.04087 16.9982 87.2708
      vertex -7.10934 17.1635 89.0873
      vertex -5.34086 17.6064 87.2708
    endloop
  endfacet
  facet normal -0.335227 0.937037 -0.0978966
    outer loop
      vertex -5.34086 17.6064 87.2708
      vertex -7.10934 17.1635 89.0873
      vertex -5.39279 17.7776 89.0873
    endloop
  endfacet
  facet normal -0.202098 0.806856 -0.555104
    outer loop
      vertex -2.91458 14.6526 78.92
      vertex -4.63113 15.2668 80.4377
      vertex -3.11242 15.6472 80.4377
    endloop
  endfacet
  facet normal -0.224528 0.896343 -0.382305
    outer loop
      vertex -3.28029 16.4911 82.0475
      vertex -5.08367 16.7586 83.7338
      vertex -3.41656 17.1762 83.7338
    endloop
  endfacet
  facet normal -0.0408221 0.830796 -0.555078
    outer loop
      vertex -1 15.539 79.8905
      vertex -1.56374 15.8769 80.4377
      vertex -1 15.9046 80.4377
    endloop
  endfacet
  facet normal 0.0408582 0.830777 -0.555104
    outer loop
      vertex 1.46434 14.8677 78.92
      vertex 1 15.539 79.8905
      vertex 1.56374 15.8769 80.4377
    endloop
  endfacet
  facet normal 0.0407922 0.830765 -0.555127
    outer loop
      vertex 1 15.539 79.8905
      vertex 1.46434 14.8677 78.92
      vertex 1 14.8905 78.92
    endloop
  endfacet
  facet normal 0.129426 0.872616 -0.470945
    outer loop
      vertex 3.11242 15.6472 80.4377
      vertex 1.56374 15.8769 80.4377
      vertex 3.28029 16.4911 82.0475
    endloop
  endfacet
  facet normal 0.214339 0.855727 -0.470946
    outer loop
      vertex 4.63113 15.2668 80.4377
      vertex 3.11242 15.6472 80.4377
      vertex 3.28029 16.4911 82.0475
    endloop
  endfacet
  facet normal 0.331201 -0.446571 -0.831192
    outer loop
      vertex 6.15572 -9.21269 75.0603
      vertex 6.37308 -8.33024 74.6728
      vertex 7.02908 -8.56496 75.0603
    endloop
  endfacet
  facet normal 0.331202 -0.446571 -0.831191
    outer loop
      vertex 6.37308 -8.33024 74.6728
      vertex 6.15572 -9.21269 75.0603
      vertex 5.83349 -8.73043 74.6728
    endloop
  endfacet
  facet normal 0.411955 -0.373383 -0.831191
    outer loop
      vertex 8.56496 -7.02908 75.0603
      vertex 7.87577 -6.92685 74.6728
      vertex 8.11661 -6.66113 74.6728
    endloop
  endfacet
  facet normal 0.573045 -0.519378 -0.633929
    outer loop
      vertex 11.5485 -9.47762 78.92
      vertex 9.74513 -9.74513 77.509
      vertex 10.6534 -8.74301 77.509
    endloop
  endfacet
  facet normal 0.568298 -0.421465 -0.706686
    outer loop
      vertex 10.6534 -8.74301 77.509
      vertex 10.4202 -7.17079 76.3838
      vertex 11.3999 -7.73644 77.509
    endloop
  endfacet
  facet normal 0.446575 -0.331199 -0.831191
    outer loop
      vertex 8.56496 -7.02908 75.0603
      vertex 8.11661 -6.66113 74.6728
      vertex 8.33024 -6.37308 74.6728
    endloop
  endfacet
  facet normal 0.555307 -0.0272533 -0.831199
    outer loop
      vertex 11.0267 -1.08603 75.0603
      vertex 10.4824 -0.35819 74.6728
      vertex 11.08 0 75.0603
    endloop
  endfacet
  facet normal 0.555256 -0.0273081 -0.831231
    outer loop
      vertex 10.4824 -0.35819 74.6728
      vertex 11.0267 -1.08603 75.0603
      vertex 10.4494 -1.02918 74.6728
    endloop
  endfacet
  facet normal 0.666199 -0.238332 -0.706666
    outer loop
      vertex 12.7326 -5.27402 77.509
      vertex 11.5402 -4.7801 76.2183
      vertex 11.9531 -3.62594 76.2183
    endloop
  endfacet
  facet normal 0.597756 -0.213847 -0.77263
    outer loop
      vertex 11.5402 -4.7801 76.2183
      vertex 10.2366 -4.24013 75.0603
      vertex 11.9531 -3.62594 76.2183
    endloop
  endfacet
  facet normal 0.573849 -0.271474 -0.772658
    outer loop
      vertex 10.5718 -4.94895 75.5584
      vertex 11.5402 -4.7801 76.2183
      vertex 11.2697 -5.35189 76.2183
    endloop
  endfacet
  facet normal 0.573845 -0.271568 -0.772627
    outer loop
      vertex 11.5402 -4.7801 76.2183
      vertex 10.5718 -4.94895 75.5584
      vertex 10.2366 -4.24013 75.0603
    endloop
  endfacet
  facet normal 0.597759 -0.213875 -0.77262
    outer loop
      vertex 11.9531 -3.62594 76.2183
      vertex 10.2366 -4.24013 75.0603
      vertex 10.6029 -3.21636 75.0603
    endloop
  endfacet
  facet normal 0.98443 -0.14601 -0.097874
    outer loop
      vertex 18.4881 -1.82092 89.0873
      vertex 18.0452 -3.5894 87.2708
      vertex 18.3101 -1.80339 87.2708
    endloop
  endfacet
  facet normal 0.984429 -0.146022 -0.0978621
    outer loop
      vertex 18.2206 -3.62431 89.0873
      vertex 18.0452 -3.5894 87.2708
      vertex 18.4881 -1.82092 89.0873
    endloop
  endfacet
  facet normal 0.899632 -0.425529 -0.0979168
    outer loop
      vertex 16.5522 -8.40172 89.0873
      vertex 16.4308 -8.33165 87.6674
      vertex 17.1635 -7.10934 89.0873
    endloop
  endfacet
  facet normal -0.708548 0.525508 -0.470958
    outer loop
      vertex -12.3324 10.121 80.4377
      vertex -13.2651 8.86343 80.4377
      vertex -12.9976 10.6668 82.0475
    endloop
  endfacet
  facet normal -0.653625 0.592433 -0.470954
    outer loop
      vertex -12.3324 10.121 80.4377
      vertex -12.9976 10.6668 82.0475
      vertex -11.281 11.281 80.4377
    endloop
  endfacet
  facet normal -0.568283 0.421487 -0.706684
    outer loop
      vertex -10.3859 6.93963 76.2183
      vertex -11.4591 7.6567 77.509
      vertex -10.6534 8.74301 77.509
    endloop
  endfacet
  facet normal -0.621184 0.460723 -0.633928
    outer loop
      vertex -11.4591 7.6567 77.509
      vertex -12.4219 8.30003 78.92
      vertex -10.6534 8.74301 77.509
    endloop
  endfacet
  facet normal -0.525508 0.708548 -0.470958
    outer loop
      vertex -10.121 12.3324 80.4377
      vertex -10.6668 12.9976 82.0475
      vertex -8.86343 13.2651 80.4377
    endloop
  endfacet
  facet normal -0.495494 0.668081 -0.555116
    outer loop
      vertex -9.47762 11.5485 78.92
      vertex -10.121 12.3324 80.4377
      vertex -8.86343 13.2651 80.4377
    endloop
  endfacet
  facet normal -0.86514 0.409218 -0.289953
    outer loop
      vertex -15.4448 8.25544 83.7338
      vertex -16.6692 6.9046 85.4806
      vertex -15.9121 8.50521 85.4806
    endloop
  endfacet
  facet normal -0.820898 0.49199 -0.289953
    outer loop
      vertex -15.4448 8.25544 83.7338
      vertex -15.9121 8.50521 85.4806
      vertex -15.0019 10.0239 85.4806
    endloop
  endfacet
  facet normal -0.92836 0.232529 -0.289962
    outer loop
      vertex -17.1762 3.41656 83.7338
      vertex -17.6959 3.51993 85.4806
      vertex -17.2657 5.23748 85.4806
    endloop
  endfacet
  facet normal -0.951445 0.238311 -0.194835
    outer loop
      vertex -17.2657 5.23748 85.4806
      vertex -17.6959 3.51993 85.4806
      vertex -17.6064 5.34086 87.2708
    endloop
  endfacet
  facet normal -0.896343 0.224528 -0.382305
    outer loop
      vertex -16.4911 3.28029 82.0475
      vertex -17.1762 3.41656 83.7338
      vertex -16.7586 5.08367 83.7338
    endloop
  endfacet
  facet normal -0.896356 0.224508 -0.382285
    outer loop
      vertex -16.4911 3.28029 82.0475
      vertex -16.7586 5.08367 83.7338
      vertex -16.0902 4.8809 82.0475
    endloop
  endfacet
  facet normal -0.709135 -0.642698 -0.289943
    outer loop
      vertex -12.3834 -12.3834 83.7338
      vertex -13.9471 -11.4461 85.4806
      vertex -13.5375 -11.11 83.7338
    endloop
  endfacet
  facet normal -0.841206 -0.504388 -0.194847
    outer loop
      vertex -15.2979 -10.2218 87.2708
      vertex -15.1256 -9.88744 85.6614
      vertex -15.0019 -10.0239 85.4806
    endloop
  endfacet
  facet normal -0.841273 -0.504282 -0.194832
    outer loop
      vertex -15.1256 -9.88744 85.6614
      vertex -15.2979 -10.2218 87.2708
      vertex -15.4025 -10.0473 87.2708
    endloop
  endfacet
  facet normal -0.923501 -0.330431 -0.194837
    outer loop
      vertex -16.6692 -6.9046 85.4806
      vertex -17.6064 -5.34086 87.2708
      vertex -17.2657 -5.23748 85.4806
    endloop
  endfacet
  facet normal -0.857698 -0.514154 0
    outer loop
      vertex -15.4467 -10.3212 89.0873
      vertex -15.5573 -10.1367 90.9127
      vertex -15.5573 -10.1367 89.0873
    endloop
  endfacet
  facet normal -0.857698 -0.514154 0
    outer loop
      vertex -15.5573 -10.1367 90.9127
      vertex -15.4467 -10.3212 89.0873
      vertex -15.4467 -10.3212 90.9127
    endloop
  endfacet
  facet normal -0.830591 -0.297193 -0.470952
    outer loop
      vertex -15.5343 -6.43452 82.0475
      vertex -16.0902 -4.8809 82.0475
      vertex -15.2668 -4.63113 80.4377
    endloop
  endfacet
  facet normal -0.797481 -0.377158 -0.470931
    outer loop
      vertex -14.275 -7.08698 80.4377
      vertex -14.8025 -7.39155 81.5749
      vertex -14.7393 -6.10524 80.4377
    endloop
  endfacet
  facet normal -0.475151 -0.524248 -0.706679
    outer loop
      vertex -8.74301 -10.6534 77.509
      vertex -9.74513 -9.74513 77.509
      vertex -8.83247 -8.83247 76.2183
    endloop
  endfacet
  facet normal -0.573045 -0.519378 -0.633929
    outer loop
      vertex -9.74513 -9.74513 77.509
      vertex -11.5485 -9.47762 78.92
      vertex -10.6534 -8.74301 77.509
    endloop
  endfacet
  facet normal -0.519378 -0.573045 -0.633929
    outer loop
      vertex -9.47762 -11.5485 78.92
      vertex -9.74513 -9.74513 77.509
      vertex -8.74301 -10.6534 77.509
    endloop
  endfacet
  facet normal -0.509927 -0.378175 -0.772631
    outer loop
      vertex -9.65567 -7.9242 76.2183
      vertex -10.2761 -7.08762 76.2183
      vertex -9.30579 -6.5274 75.3037
    endloop
  endfacet
  facet normal -0.446575 -0.331199 -0.831191
    outer loop
      vertex -8.11661 -6.66113 74.6728
      vertex -8.56496 -7.02908 75.0603
      vertex -8.33024 -6.37308 74.6728
    endloop
  endfacet
  facet normal -0.373374 -0.411958 -0.831193
    outer loop
      vertex -7.83475 -7.83475 75.0603
      vertex -6.92685 -7.87577 74.6728
      vertex -7.02908 -8.56496 75.0603
    endloop
  endfacet
  facet normal -0.373374 -0.411957 -0.831194
    outer loop
      vertex -6.92685 -7.87577 74.6728
      vertex -7.83475 -7.83475 75.0603
      vertex -7.42462 -7.42462 74.6728
    endloop
  endfacet
  facet normal -0.421487 0.568283 -0.706684
    outer loop
      vertex -6.93963 10.3859 76.2183
      vertex -8.74301 10.6534 77.509
      vertex -7.6567 11.4591 77.509
    endloop
  endfacet
  facet normal -0.363745 0.60687 -0.706681
    outer loop
      vertex -5.88821 11.0161 76.2183
      vertex -6.93963 10.3859 76.2183
      vertex -6.49664 12.1544 77.509
    endloop
  endfacet
  facet normal -0.460723 0.621184 -0.633928
    outer loop
      vertex -7.6567 11.4591 77.509
      vertex -8.74301 10.6534 77.509
      vertex -8.30003 12.4219 78.92
    endloop
  endfacet
  facet normal -0.397592 0.663367 -0.633928
    outer loop
      vertex -7.6567 11.4591 77.509
      vertex -8.30003 12.4219 78.92
      vertex -7.04251 13.1756 78.92
    endloop
  endfacet
  facet normal -0.476886 0.285832 -0.831192
    outer loop
      vertex -9.21269 6.15572 75.0603
      vertex -8.73043 5.83349 74.6728
      vertex -9.0758 5.25727 74.6728
    endloop
  endfacet
  facet normal -0.476885 0.285832 -0.831192
    outer loop
      vertex -9.21269 6.15572 75.0603
      vertex -9.0758 5.25727 74.6728
      vertex -9.77169 5.22308 75.0603
    endloop
  endfacet
  facet normal -0.426344 0.470402 -0.772627
    outer loop
      vertex -7.83475 7.83475 75.0603
      vertex -8.83247 8.83247 76.2183
      vertex -7.02908 8.56496 75.0603
    endloop
  endfacet
  facet normal -0.470402 0.426344 -0.772627
    outer loop
      vertex -8.56496 7.02908 75.0603
      vertex -8.83247 8.83247 76.2183
      vertex -7.83475 7.83475 75.0603
    endloop
  endfacet
  facet normal -0.373383 0.411955 -0.831191
    outer loop
      vertex -6.92685 7.87577 74.6728
      vertex -7.02908 8.56496 75.0603
      vertex -6.66113 8.11661 74.6728
    endloop
  endfacet
  facet normal -0.285832 0.476886 -0.831192
    outer loop
      vertex -6.15572 9.21269 75.0603
      vertex -5.25727 9.0758 74.6728
      vertex -5.83349 8.73043 74.6728
    endloop
  endfacet
  facet normal -0.285832 0.476885 -0.831192
    outer loop
      vertex -5.25727 9.0758 74.6728
      vertex -6.15572 9.21269 75.0603
      vertex -5.22308 9.77169 75.0603
    endloop
  endfacet
  facet normal -0.285836 0.476885 -0.831191
    outer loop
      vertex -4.94967 9.26017 74.6728
      vertex -5.25727 9.0758 74.6728
      vertex -5.22308 9.77169 75.0603
    endloop
  endfacet
  facet normal -0.237708 0.502609 -0.831191
    outer loop
      vertex -4.94967 9.26017 74.6728
      vertex -5.22308 9.77169 75.0603
      vertex -4.62547 9.4135 74.6728
    endloop
  endfacet
  facet normal -0.331199 0.446575 -0.831191
    outer loop
      vertex -6.66113 8.11661 74.6728
      vertex -7.02908 8.56496 75.0603
      vertex -6.37308 8.33024 74.6728
    endloop
  endfacet
  facet normal -0.0306673 0.634159 -0.772594
    outer loop
      vertex -1.22433 12.4308 76.2183
      vertex -1 11.1427 75.1521
      vertex -1.08603 11.0267 75.0603
    endloop
  endfacet
  facet normal -0.0313743 0.634072 -0.772637
    outer loop
      vertex -1 11.1427 75.1521
      vertex -1.22433 12.4308 76.2183
      vertex -1 12.4419 76.2183
    endloop
  endfacet
  facet normal -0.030966 0.634288 -0.772477
    outer loop
      vertex -1 11.0309 75.0603
      vertex -1.08603 11.0267 75.0603
      vertex -1 11.1427 75.1521
    endloop
  endfacet
  facet normal -0.82278 0.122035 -0.555103
    outer loop
      vertex -14.8677 1.46434 78.92
      vertex -15.8769 1.56374 80.4377
      vertex -14.6526 2.91458 78.92
    endloop
  endfacet
  facet normal -0.706674 -0.034747 -0.706685
    outer loop
      vertex -12.4308 -1.22433 76.2183
      vertex -13.7153 -1.35084 77.509
      vertex -12.491 0 76.2183
    endloop
  endfacet
  facet normal -0.756924 -0.453138 -0.470884
    outer loop
      vertex -13.2651 -8.86343 80.4377
      vertex -13.3077 -8.83789 80.4816
      vertex -13.2874 -8.82618 80.4377
    endloop
  endfacet
  facet normal -0.79244 -0.475297 -0.382272
    outer loop
      vertex -13.9805 -9.34147 82.0475
      vertex -14.5842 -9.57491 83.5892
      vertex -14.0318 -9.25594 82.0475
    endloop
  endfacet
  facet normal -0.792683 -0.474867 -0.382302
    outer loop
      vertex -14.5842 -9.57491 83.5892
      vertex -13.9805 -9.34147 82.0475
      vertex -14.5613 -9.72955 83.7338
    endloop
  endfacet
  facet normal -0.783153 -0.280246 -0.555097
    outer loop
      vertex -14.7393 -6.10524 80.4377
      vertex -15.2668 -4.63113 80.4377
      vertex -14.2964 -4.33675 78.92
    endloop
  endfacet
  facet normal -0.797441 -0.377195 -0.47097
    outer loop
      vertex -14.8025 -7.39155 81.5749
      vertex -15.5343 -6.43452 82.0475
      vertex -14.7393 -6.10524 80.4377
    endloop
  endfacet
  facet normal -0.797422 -0.377146 -0.471041
    outer loop
      vertex -15.5343 -6.43452 82.0475
      vertex -14.8025 -7.39155 81.5749
      vertex -15.0218 -7.51813 82.0475
    endloop
  endfacet
  facet normal -0.750215 -0.187906 -0.633931
    outer loop
      vertex -13.1883 -4.00061 77.509
      vertex -14.2964 -4.33675 78.92
      vertex -13.5169 -2.68867 77.509
    endloop
  endfacet
  facet normal -0.615823 -0.154283 -0.772631
    outer loop
      vertex -11.9531 -3.62594 76.2183
      vertex -12.251 -2.43687 76.2183
      vertex -10.8671 -2.1616 75.0603
    endloop
  endfacet
  facet normal -0.855726 0.214331 -0.470952
    outer loop
      vertex -15.2668 4.63113 80.4377
      vertex -16.4911 3.28029 82.0475
      vertex -16.0902 4.8809 82.0475
    endloop
  endfacet
  facet normal -0.855727 0.214339 -0.470946
    outer loop
      vertex -15.6472 3.11242 80.4377
      vertex -16.4911 3.28029 82.0475
      vertex -15.2668 4.63113 80.4377
    endloop
  endfacet
  facet normal -0.914028 -0.135575 -0.382325
    outer loop
      vertex -16.4911 -3.28029 82.0475
      vertex -17.4284 -1.71655 83.7338
      vertex -16.7332 -1.64808 82.0475
    endloop
  endfacet
  facet normal -0.955891 0.0469439 -0.289947
    outer loop
      vertex -17.5127 0 83.7338
      vertex -17.9557 1.76848 85.4806
      vertex -17.4284 1.71655 83.7338
    endloop
  endfacet
  facet normal -0.750215 0.187906 -0.633931
    outer loop
      vertex -13.5169 2.68867 77.509
      vertex -14.2964 4.33675 78.92
      vertex -13.1883 4.00061 77.509
    endloop
  endfacet
  facet normal -0.686312 0.1719 -0.706701
    outer loop
      vertex -11.9531 3.62594 76.2183
      vertex -13.5169 2.68867 77.509
      vertex -13.1883 4.00061 77.509
    endloop
  endfacet
  facet normal -0.765026 0.113453 -0.633927
    outer loop
      vertex -13.7153 1.35084 77.509
      vertex -14.6526 2.91458 78.92
      vertex -13.5169 2.68867 77.509
    endloop
  endfacet
  facet normal -0.549978 -0.0816093 -0.831182
    outer loop
      vertex -11.0267 -1.08603 75.0603
      vertex -10.3509 -1.69371 74.6728
      vertex -10.8671 -2.1616 75.0603
    endloop
  endfacet
  facet normal -0.549919 -0.0815117 -0.831231
    outer loop
      vertex -10.3509 -1.69371 74.6728
      vertex -11.0267 -1.08603 75.0603
      vertex -10.4494 -1.02918 74.6728
    endloop
  endfacet
  facet normal -0.634119 -0.0311795 -0.772607
    outer loop
      vertex -12.4308 -1.22433 76.2183
      vertex -12.491 0 76.2183
      vertex -11.0267 -1.08603 75.0603
    endloop
  endfacet
  facet normal -0.634093 -0.0311199 -0.77263
    outer loop
      vertex -11.0267 -1.08603 75.0603
      vertex -12.491 0 76.2183
      vertex -11.08 0 75.0603
    endloop
  endfacet
  facet normal -0.628018 0.0931248 -0.772607
    outer loop
      vertex -11.0267 1.08603 75.0603
      vertex -12.4308 1.22433 76.2183
      vertex -12.251 2.43687 76.2183
    endloop
  endfacet
  facet normal -0.627977 0.0931833 -0.772633
    outer loop
      vertex -11.0267 1.08603 75.0603
      vertex -12.251 2.43687 76.2183
      vertex -10.8671 2.1616 75.0603
    endloop
  endfacet
  facet normal 0.0816093 0.549978 -0.831182
    outer loop
      vertex 1.69371 10.3509 74.6728
      vertex 1.08603 11.0267 75.0603
      vertex 2.1616 10.8671 75.0603
    endloop
  endfacet
  facet normal 0.0815117 0.549919 -0.831231
    outer loop
      vertex 1.02918 10.4494 74.6728
      vertex 1.08603 11.0267 75.0603
      vertex 1.69371 10.3509 74.6728
    endloop
  endfacet
  facet normal -0.395083 0.835325 -0.382284
    outer loop
      vertex -6.43452 15.5343 82.0475
      vertex -7.92616 14.8288 82.0475
      vertex -6.70183 16.1796 83.7338
    endloop
  endfacet
  facet normal -0.37717 0.797452 -0.470971
    outer loop
      vertex -6.10524 14.7393 80.4377
      vertex -7.92616 14.8288 82.0475
      vertex -6.43452 15.5343 82.0475
    endloop
  endfacet
  facet normal -0.232546 0.928351 -0.289979
    outer loop
      vertex -5.08367 16.7586 83.7338
      vertex -5.23748 17.2657 85.4806
      vertex -3.41656 17.1762 83.7338
    endloop
  endfacet
  facet normal -0.214331 0.855726 -0.470952
    outer loop
      vertex -4.63113 15.2668 80.4377
      vertex -4.8809 16.0902 82.0475
      vertex -3.28029 16.4911 82.0475
    endloop
  endfacet
  facet normal -0.0285453 0.555301 -0.83116
    outer loop
      vertex -1.02918 10.4494 74.6728
      vertex -1 11.0309 75.0603
      vertex -1 10.4509 74.6728
    endloop
  endfacet
  facet normal -0.0271085 0.555273 -0.831226
    outer loop
      vertex -1 11.0309 75.0603
      vertex -1.02918 10.4494 74.6728
      vertex -1.08603 11.0267 75.0603
    endloop
  endfacet
  facet normal -0.154283 0.615823 -0.772631
    outer loop
      vertex -2.1616 10.8671 75.0603
      vertex -3.62594 11.9531 76.2183
      vertex -2.43687 12.251 76.2183
    endloop
  endfacet
  facet normal 0.470402 0.426344 -0.772627
    outer loop
      vertex 8.56496 7.02908 75.0603
      vertex 7.83475 7.83475 75.0603
      vertex 8.83247 8.83247 76.2183
    endloop
  endfacet
  facet normal 0.331199 0.446575 -0.831191
    outer loop
      vertex 6.66113 8.11661 74.6728
      vertex 6.37308 8.33024 74.6728
      vertex 7.02908 8.56496 75.0603
    endloop
  endfacet
  facet normal 0.285832 0.476886 -0.831192
    outer loop
      vertex 5.25727 9.0758 74.6728
      vertex 6.15572 9.21269 75.0603
      vertex 5.83349 8.73043 74.6728
    endloop
  endfacet
  facet normal 0.285832 0.476885 -0.831192
    outer loop
      vertex 6.15572 9.21269 75.0603
      vertex 5.25727 9.0758 74.6728
      vertex 5.22308 9.77169 75.0603
    endloop
  endfacet
  facet normal 0.0306673 0.634159 -0.772594
    outer loop
      vertex 1 11.1427 75.1521
      vertex 1.22433 12.4308 76.2183
      vertex 1.08603 11.0267 75.0603
    endloop
  endfacet
  facet normal 0.0313743 0.634072 -0.772637
    outer loop
      vertex 1.22433 12.4308 76.2183
      vertex 1 11.1427 75.1521
      vertex 1 12.4419 76.2183
    endloop
  endfacet
  facet normal 0.187345 0.523493 -0.831178
    outer loop
      vertex 3.04799 10.0479 74.6728
      vertex 3.21636 10.6029 75.0603
      vertex 3.38565 9.92706 74.6728
    endloop
  endfacet
  facet normal -0.331202 0.446571 -0.831191
    outer loop
      vertex -6.37308 8.33024 74.6728
      vertex -6.15572 9.21269 75.0603
      vertex -5.83349 8.73043 74.6728
    endloop
  endfacet
  facet normal -0.331201 0.446571 -0.831192
    outer loop
      vertex -6.15572 9.21269 75.0603
      vertex -6.37308 8.33024 74.6728
      vertex -7.02908 8.56496 75.0603
    endloop
  endfacet
  facet normal -0.504263 0.841281 0.194846
    outer loop
      vertex -8.67308 16.2262 92.7292
      vertex -10.2218 15.2979 92.7292
      vertex -10.0239 15.0019 94.5194
    endloop
  endfacet
  facet normal -0.5957 0.803207 0
    outer loop
      vertex -10.3212 15.4467 89.0873
      vertex -11.7855 14.3607 90.9127
      vertex -10.3212 15.4467 90.9127
    endloop
  endfacet
  facet normal -0.5957 0.803207 0
    outer loop
      vertex -11.7855 14.3607 90.9127
      vertex -10.3212 15.4467 89.0873
      vertex -11.7855 14.3607 89.0873
    endloop
  endfacet
  facet normal -0.504217 0.841298 -0.194891
    outer loop
      vertex -8.50521 15.9121 85.4806
      vertex -10.0239 15.0019 85.4806
      vertex -8.67308 16.2262 87.2708
    endloop
  endfacet
  facet normal -0.49199 0.820898 -0.289953
    outer loop
      vertex -8.25544 15.4448 83.7338
      vertex -10.0239 15.0019 85.4806
      vertex -8.50521 15.9121 85.4806
    endloop
  endfacet
  facet normal -0.511635 0.853606 0.0979083
    outer loop
      vertex -8.75742 16.384 90.9127
      vertex -10.3212 15.4467 90.9127
      vertex -8.67308 16.2262 92.7292
    endloop
  endfacet
  facet normal -0.427562 0.903986 0
    outer loop
      vertex -7.10934 17.1635 89.0873
      vertex -8.75742 16.384 90.9127
      vertex -7.10934 17.1635 90.9127
    endloop
  endfacet
  facet normal -0.427562 0.903986 0
    outer loop
      vertex -8.75742 16.384 90.9127
      vertex -7.10934 17.1635 89.0873
      vertex -8.75742 16.384 89.0873
    endloop
  endfacet
  facet normal -0.642698 0.709135 -0.289943
    outer loop
      vertex -11.11 13.5375 83.7338
      vertex -12.3834 12.3834 83.7338
      vertex -11.4461 13.9471 85.4806
    endloop
  endfacet
  facet normal -0.570119 0.768698 -0.289945
    outer loop
      vertex -11.11 13.5375 83.7338
      vertex -11.4461 13.9471 85.4806
      vertex -10.0239 15.0019 85.4806
    endloop
  endfacet
  facet normal -0.620533 0.684678 -0.382303
    outer loop
      vertex -10.6668 12.9976 82.0475
      vertex -12.3834 12.3834 83.7338
      vertex -11.11 13.5375 83.7338
    endloop
  endfacet
  facet normal -0.709115 0.642738 -0.289904
    outer loop
      vertex -12.3834 12.3834 83.7338
      vertex -13.9471 11.4461 85.4806
      vertex -12.758 12.758 85.4806
    endloop
  endfacet
  facet normal 0.0489172 0.993988 -0.0979544
    outer loop
      vertex 1.82092 18.4881 89.0873
      vertex 1 18.4478 88.2684
      vertex 1 18.5285 89.0873
    endloop
  endfacet
  facet normal -0.0489172 0.993988 -0.0979544
    outer loop
      vertex -1 18.4478 88.2684
      vertex -1.82092 18.4881 89.0873
      vertex -1 18.5285 89.0873
    endloop
  endfacet
  facet normal -0.330431 0.923501 0.194837
    outer loop
      vertex -5.34086 17.6064 92.7292
      vertex -6.9046 16.6692 94.5194
      vertex -5.23748 17.2657 94.5194
    endloop
  endfacet
  facet normal -0.425511 0.899642 0.0979056
    outer loop
      vertex -7.10934 17.1635 90.9127
      vertex -8.67308 16.2262 92.7292
      vertex -7.04087 16.9982 92.7292
    endloop
  endfacet
  facet normal -0.504217 0.841298 0.194891
    outer loop
      vertex -8.67308 16.2262 92.7292
      vertex -10.0239 15.0019 94.5194
      vertex -8.50521 15.9121 94.5194
    endloop
  endfacet
  facet normal -0.49199 0.820898 0.289953
    outer loop
      vertex -8.50521 15.9121 94.5194
      vertex -10.0239 15.0019 94.5194
      vertex -8.25544 15.4448 96.2662
    endloop
  endfacet
  facet normal -0.135602 0.914054 0.382253
    outer loop
      vertex -3.41656 17.1762 96.2662
      vertex -1.94266 17.2929 96.51
      vertex -1.71655 17.4284 96.2662
    endloop
  endfacet
  facet normal -0.135588 0.914101 0.382146
    outer loop
      vertex -1.94266 17.2929 96.51
      vertex -3.41656 17.1762 96.2662
      vertex -3.39686 17.0772 96.51
    endloop
  endfacet
  facet normal -0.0481656 0.979639 0.194902
    outer loop
      vertex -1.80339 18.3101 92.7292
      vertex -1 18.1482 93.7415
      vertex -1 18.3496 92.7292
    endloop
  endfacet
  facet normal -0.0481313 0.979646 0.194876
    outer loop
      vertex -1 18.1482 93.7415
      vertex -1.80339 18.3101 92.7292
      vertex -1.76848 17.9557 94.5194
    endloop
  endfacet
  facet normal 0.0481872 0.979654 0.194823
    outer loop
      vertex 1 18.1482 93.7415
      vertex 1 17.9935 94.5194
      vertex 1.76848 17.9557 94.5194
    endloop
  endfacet
  facet normal 0.0481313 0.979646 0.194876
    outer loop
      vertex 1.80339 18.3101 92.7292
      vertex 1 18.1482 93.7415
      vertex 1.76848 17.9557 94.5194
    endloop
  endfacet
  facet normal 0.0481656 0.979639 0.194902
    outer loop
      vertex 1 18.1482 93.7415
      vertex 1.80339 18.3101 92.7292
      vertex 1 18.3496 92.7292
    endloop
  endfacet
  facet normal -0.768704 0.570103 0.289959
    outer loop
      vertex -13.5375 11.11 96.2662
      vertex -15.0019 10.0239 94.5194
      vertex -14.5613 9.72955 96.2662
    endloop
  endfacet
  facet normal -0.820891 0.491997 0.289961
    outer loop
      vertex -15.0019 10.0239 94.5194
      vertex -15.4448 8.25544 96.2662
      vertex -14.5613 9.72955 96.2662
    endloop
  endfacet
  facet normal -0.491997 0.820891 0.289961
    outer loop
      vertex -8.25544 15.4448 96.2662
      vertex -10.0239 15.0019 94.5194
      vertex -9.72955 14.5613 96.2662
    endloop
  endfacet
  facet normal -0.570103 0.768704 0.289959
    outer loop
      vertex -10.0239 15.0019 94.5194
      vertex -11.11 13.5375 96.2662
      vertex -9.72955 14.5613 96.2662
    endloop
  endfacet
  facet normal -0.395031 0.835335 0.382316
    outer loop
      vertex -6.70183 16.1796 96.2662
      vertex -6.87886 15.9843 96.51
      vertex -6.66317 16.0863 96.51
    endloop
  endfacet
  facet normal -0.475134 0.79247 0.382412
    outer loop
      vertex -9.46878 14.6 96.51
      vertex -9.72955 14.5613 96.2662
      vertex -9.67343 14.4773 96.51
    endloop
  endfacet
  facet normal -0.224262 0.896465 0.382174
    outer loop
      vertex -4.8229 16.7199 96.51
      vertex -5.08367 16.7586 96.2662
      vertex -5.05435 16.662 96.51
    endloop
  endfacet
  facet normal 0.857698 -0.514154 0
    outer loop
      vertex 15.4467 -10.3212 90.9127
      vertex 15.5573 -10.1367 89.0873
      vertex 15.5573 -10.1367 90.9127
    endloop
  endfacet
  facet normal 0.857698 -0.514154 0
    outer loop
      vertex 15.5573 -10.1367 89.0873
      vertex 15.4467 -10.3212 90.9127
      vertex 15.4467 -10.3212 89.0873
    endloop
  endfacet
  facet normal 0.899628 -0.42554 -0.0979054
    outer loop
      vertex 16.4308 -8.33165 87.6674
      vertex 16.9982 -7.04087 87.2708
      vertex 17.1635 -7.10934 89.0873
    endloop
  endfacet
  facet normal 0.899628 -0.42554 -0.0979058
    outer loop
      vertex 16.9982 -7.04087 87.2708
      vertex 16.4308 -8.33165 87.6674
      vertex 16.3969 -8.31207 87.2708
    endloop
  endfacet
  facet normal 0.787823 -0.584267 0.194851
    outer loop
      vertex 15.0019 -10.0239 94.5194
      vertex 14.2224 -11.672 92.7292
      vertex 15.2979 -10.2218 92.7292
    endloop
  endfacet
  facet normal 0.799359 -0.592822 0.0979196
    outer loop
      vertex 15.2979 -10.2218 92.7292
      vertex 14.2224 -11.672 92.7292
      vertex 15.4467 -10.3212 90.9127
    endloop
  endfacet
  facet normal 0.92836 -0.232529 0.289962
    outer loop
      vertex 17.6959 -3.51993 94.5194
      vertex 17.1762 -3.41656 96.2662
      vertex 17.2657 -5.23748 94.5194
    endloop
  endfacet
  facet normal 0.928351 -0.232546 0.289979
    outer loop
      vertex 17.1762 -3.41656 96.2662
      vertex 16.7586 -5.08367 96.2662
      vertex 17.2657 -5.23748 94.5194
    endloop
  endfacet
  facet normal 0.792552 -0.475331 0.381997
    outer loop
      vertex 14.4773 -9.67343 96.51
      vertex 14.5842 -9.57491 96.4108
      vertex 14.5487 -9.55438 96.51
    endloop
  endfacet
  facet normal 0.792582 -0.47495 0.382408
    outer loop
      vertex 14.5842 -9.57491 96.4108
      vertex 14.4773 -9.67343 96.51
      vertex 14.5613 -9.72955 96.2662
    endloop
  endfacet
  facet normal 0.993997 0.0488559 -0.0978949
    outer loop
      vertex 18.5776 0 89.0873
      vertex 18.3987 0 87.2708
      vertex 18.4881 1.82092 89.0873
    endloop
  endfacet
  facet normal 0.998794 0.0490917 0
    outer loop
      vertex 18.5776 0 90.9127
      vertex 18.4881 1.82092 89.0873
      vertex 18.4881 1.82092 90.9127
    endloop
  endfacet
  facet normal 0.998794 0.0490917 0
    outer loop
      vertex 18.4881 1.82092 89.0873
      vertex 18.5776 0 90.9127
      vertex 18.5776 0 89.0873
    endloop
  endfacet
  facet normal 0.671591 -0.740922 0
    outer loop
      vertex 11.7855 -14.3607 89.0873
      vertex 13.1363 -13.1363 90.9127
      vertex 11.7855 -14.3607 90.9127
    endloop
  endfacet
  facet normal 0.671591 -0.740922 0
    outer loop
      vertex 13.1363 -13.1363 90.9127
      vertex 11.7855 -14.3607 89.0873
      vertex 13.1363 -13.1363 89.0873
    endloop
  endfacet
  facet normal 0.668365 -0.737363 0.0978941
    outer loop
      vertex 13.0098 -13.0098 92.7292
      vertex 11.7855 -14.3607 90.9127
      vertex 13.1363 -13.1363 90.9127
    endloop
  endfacet
  facet normal 0.65871 -0.726721 0.194877
    outer loop
      vertex 13.0098 -13.0098 92.7292
      vertex 11.4461 -13.9471 94.5194
      vertex 11.672 -14.2224 92.7292
    endloop
  endfacet
  facet normal 0.658704 -0.726729 0.194868
    outer loop
      vertex 12.758 -12.758 94.5194
      vertex 11.4461 -13.9471 94.5194
      vertex 13.0098 -13.0098 92.7292
    endloop
  endfacet
  facet normal 0.684252 0.620745 0.382721
    outer loop
      vertex 12.3834 12.3834 96.2662
      vertex 12.3119 12.3119 96.51
      vertex 12.4722 12.1352 96.51
    endloop
  endfacet
  facet normal 0.620745 0.684252 0.382721
    outer loop
      vertex 12.3834 12.3834 96.2662
      vertex 12.1352 12.4722 96.51
      vertex 12.3119 12.3119 96.51
    endloop
  endfacet
  facet normal -0.135552 0.914044 0.382294
    outer loop
      vertex -1.71655 17.4284 96.2662
      vertex -1.94266 17.2929 96.51
      vertex -1.70665 17.3279 96.51
    endloop
  endfacet
  facet normal -0.0453195 0.922911 0.382338
    outer loop
      vertex -1 17.4636 96.2662
      vertex -1.70665 17.3279 96.51
      vertex -1 17.3626 96.51
    endloop
  endfacet
  facet normal -0.0453382 0.922928 0.382293
    outer loop
      vertex -1.70665 17.3279 96.51
      vertex -1 17.4636 96.2662
      vertex -1.71655 17.4284 96.2662
    endloop
  endfacet
  facet normal 0.0489172 0.993988 0.0979544
    outer loop
      vertex 1 18.5285 90.9127
      vertex 1 18.4478 91.7316
      vertex 1.82092 18.4881 90.9127
    endloop
  endfacet
  facet normal 0.0488717 0.994001 0.0978457
    outer loop
      vertex 1.80339 18.3101 92.7292
      vertex 1 18.4478 91.7316
      vertex 1 18.3496 92.7292
    endloop
  endfacet
  facet normal 0.0488364 0.994 0.097874
    outer loop
      vertex 1 18.4478 91.7316
      vertex 1.80339 18.3101 92.7292
      vertex 1.82092 18.4881 90.9127
    endloop
  endfacet
  facet normal 0.322421 0.901087 0.289978
    outer loop
      vertex 5.23748 17.2657 94.5194
      vertex 5.08367 16.7586 96.2662
      vertex 6.70183 16.1796 96.2662
    endloop
  endfacet
  facet normal 0.224516 0.896297 0.382419
    outer loop
      vertex 3.41656 17.1762 96.2662
      vertex 4.8229 16.7199 96.51
      vertex 5.08367 16.7586 96.2662
    endloop
  endfacet
  facet normal 0.224595 0.896393 0.382147
    outer loop
      vertex 4.8229 16.7199 96.51
      vertex 3.41656 17.1762 96.2662
      vertex 3.39686 17.0772 96.51
    endloop
  endfacet
  facet normal 0.806863 0.202089 -0.555097
    outer loop
      vertex 14.6526 2.91458 78.92
      vertex 14.2964 4.33675 78.92
      vertex 15.2668 4.63113 80.4377
    endloop
  endfacet
  facet normal 0.783153 0.280246 -0.555097
    outer loop
      vertex 15.2668 4.63113 80.4377
      vertex 14.2964 4.33675 78.92
      vertex 14.7393 6.10524 80.4377
    endloop
  endfacet
  facet normal 0.914033 0.135599 -0.382305
    outer loop
      vertex 17.4284 1.71655 83.7338
      vertex 16.4911 3.28029 82.0475
      vertex 17.1762 3.41656 83.7338
    endloop
  endfacet
  facet normal 0.914028 0.135575 -0.382325
    outer loop
      vertex 16.7332 1.64808 82.0475
      vertex 16.4911 3.28029 82.0475
      vertex 17.4284 1.71655 83.7338
    endloop
  endfacet
  facet normal 0.896356 0.224508 -0.382285
    outer loop
      vertex 16.4911 3.28029 82.0475
      vertex 16.0902 4.8809 82.0475
      vertex 16.7586 5.08367 83.7338
    endloop
  endfacet
  facet normal 0.870026 0.311307 -0.382286
    outer loop
      vertex 16.7586 5.08367 83.7338
      vertex 16.0902 4.8809 82.0475
      vertex 16.1796 6.70183 83.7338
    endloop
  endfacet
  facet normal 0.65871 0.726721 -0.194877
    outer loop
      vertex 13.0098 13.0098 87.2708
      vertex 11.4461 13.9471 85.4806
      vertex 11.672 14.2224 87.2708
    endloop
  endfacet
  facet normal 0.658704 0.726729 -0.194868
    outer loop
      vertex 12.758 12.758 85.4806
      vertex 11.4461 13.9471 85.4806
      vertex 13.0098 13.0098 87.2708
    endloop
  endfacet
  facet normal 0.799349 0.592838 -0.0979009
    outer loop
      vertex 15.4467 10.3212 89.0873
      vertex 14.2224 11.672 87.2708
      vertex 14.3607 11.7855 89.0873
    endloop
  endfacet
  facet normal 0.799359 0.592822 -0.0979196
    outer loop
      vertex 15.2979 10.2218 87.2708
      vertex 14.2224 11.672 87.2708
      vertex 15.4467 10.3212 89.0873
    endloop
  endfacet
  facet normal 0.549919 -0.0815117 -0.831231
    outer loop
      vertex 11.0267 -1.08603 75.0603
      vertex 10.3509 -1.69371 74.6728
      vertex 10.4494 -1.02918 74.6728
    endloop
  endfacet
  facet normal 0.549978 -0.0816093 -0.831182
    outer loop
      vertex 10.3509 -1.69371 74.6728
      vertex 11.0267 -1.08603 75.0603
      vertex 10.8671 -2.1616 75.0603
    endloop
  endfacet
  facet normal 0.539359 0.135041 -0.831177
    outer loop
      vertex 10.135 2.70011 74.6728
      vertex 10.0479 3.04799 74.6728
      vertex 10.6029 3.21636 75.0603
    endloop
  endfacet
  facet normal 0.627977 0.0931833 -0.772633
    outer loop
      vertex 11.0267 1.08603 75.0603
      vertex 10.8671 2.1616 75.0603
      vertex 12.251 2.43687 76.2183
    endloop
  endfacet
  facet normal 0.628018 0.0931248 -0.772607
    outer loop
      vertex 12.4308 1.22433 76.2183
      vertex 11.0267 1.08603 75.0603
      vertex 12.251 2.43687 76.2183
    endloop
  endfacet
  facet normal 0.768704 0.570103 -0.289959
    outer loop
      vertex 14.5613 9.72955 83.7338
      vertex 13.5375 11.11 83.7338
      vertex 15.0019 10.0239 85.4806
    endloop
  endfacet
  facet normal 0.742198 0.550445 -0.382299
    outer loop
      vertex 14.5613 9.72955 83.7338
      vertex 12.9976 10.6668 82.0475
      vertex 13.5375 11.11 83.7338
    endloop
  endfacet
  facet normal 0.570103 0.768704 0.289959
    outer loop
      vertex 10.0239 15.0019 94.5194
      vertex 9.72955 14.5613 96.2662
      vertex 11.11 13.5375 96.2662
    endloop
  endfacet
  facet normal 0.570119 0.768698 0.289945
    outer loop
      vertex 11.4461 13.9471 94.5194
      vertex 10.0239 15.0019 94.5194
      vertex 11.11 13.5375 96.2662
    endloop
  endfacet
  facet normal -0.241856 -0.965361 -0.0978967
    outer loop
      vertex -3.5894 -18.0452 87.2708
      vertex -5.39279 -17.7776 89.0873
      vertex -5.34086 -17.6064 87.2708
    endloop
  endfacet
  facet normal -0.14601 -0.98443 -0.097874
    outer loop
      vertex -1.82092 -18.4881 89.0873
      vertex -3.5894 -18.0452 87.2708
      vertex -1.80339 -18.3101 87.2708
    endloop
  endfacet
  facet normal -0.419389 -0.886644 0.19487
    outer loop
      vertex -6.9046 -16.6692 94.5194
      vertex -8.50521 -15.9121 94.5194
      vertex -7.04087 -16.9982 92.7292
    endloop
  endfacet
  facet normal -0.419366 -0.88665 0.194892
    outer loop
      vertex -8.50521 -15.9121 94.5194
      vertex -8.67308 -16.2262 92.7292
      vertex -7.04087 -16.9982 92.7292
    endloop
  endfacet
  facet normal 0.0488559 -0.993997 0.0978949
    outer loop
      vertex 0 -18.3987 92.7292
      vertex 0 -18.5776 90.9127
      vertex 1.82092 -18.4881 90.9127
    endloop
  endfacet
  facet normal 0.0488349 -0.994 0.097874
    outer loop
      vertex 1.80339 -18.3101 92.7292
      vertex 0 -18.3987 92.7292
      vertex 1.82092 -18.4881 90.9127
    endloop
  endfacet
  facet normal -0.881106 -0.0433301 -0.47093
    outer loop
      vertex -15.8769 -1.56374 80.4377
      vertex -16.8142 0 82.0475
      vertex -15.9538 0 80.4377
    endloop
  endfacet
  facet normal -0.765017 -0.113467 -0.633936
    outer loop
      vertex -14.6526 -2.91458 78.92
      vertex -14.8677 -1.46434 78.92
      vertex -13.7153 -1.35084 77.509
    endloop
  endfacet
  facet normal -0.899628 -0.42554 -0.0979058
    outer loop
      vertex -16.4308 -8.33165 87.6674
      vertex -16.9982 -7.04087 87.2708
      vertex -16.3969 -8.31207 87.2708
    endloop
  endfacet
  facet normal -0.899628 -0.42554 -0.0979054
    outer loop
      vertex -16.9982 -7.04087 87.2708
      vertex -16.4308 -8.33165 87.6674
      vertex -17.1635 -7.10934 89.0873
    endloop
  endfacet
  facet normal -0.965373 -0.241824 -0.0978631
    outer loop
      vertex -17.7776 -5.39279 89.0873
      vertex -18.2206 -3.62431 89.0873
      vertex -18.0452 -3.5894 87.2708
    endloop
  endfacet
  facet normal -0.979648 0.0481382 -0.194868
    outer loop
      vertex -18.0426 0 85.4806
      vertex -18.3987 0 87.2708
      vertex -17.9557 1.76848 85.4806
    endloop
  endfacet
  facet normal -0.922926 0.0453601 -0.382295
    outer loop
      vertex -16.8142 0 82.0475
      vertex -17.5127 0 83.7338
      vertex -16.7332 1.64808 82.0475
    endloop
  endfacet
  facet normal -0.914033 -0.135599 -0.382305
    outer loop
      vertex -17.1762 -3.41656 83.7338
      vertex -17.4284 -1.71655 83.7338
      vertex -16.4911 -3.28029 82.0475
    endloop
  endfacet
  facet normal -0.870026 -0.311307 -0.382286
    outer loop
      vertex -16.1796 -6.70183 83.7338
      vertex -16.7586 -5.08367 83.7338
      vertex -16.0902 -4.8809 82.0475
    endloop
  endfacet
  facet normal -0.937033 -0.335236 -0.0979054
    outer loop
      vertex -17.1635 -7.10934 89.0873
      vertex -17.6064 -5.34086 87.2708
      vertex -16.9982 -7.04087 87.2708
    endloop
  endfacet
  facet normal -0.923506 -0.330396 -0.19487
    outer loop
      vertex -16.9982 -7.04087 87.2708
      vertex -17.6064 -5.34086 87.2708
      vertex -16.6692 -6.9046 85.4806
    endloop
  endfacet
  facet normal -0.271439 -0.573899 -0.772632
    outer loop
      vertex -4.24013 -10.2366 75.0603
      vertex -5.88821 -11.0161 76.2183
      vertex -5.22308 -9.77169 75.0603
    endloop
  endfacet
  facet normal -0.502599 -0.237671 -0.831208
    outer loop
      vertex -10.2366 -4.24013 75.0603
      vertex -9.54178 -4.35425 74.6728
      vertex -10.0452 -4.64488 75.0603
    endloop
  endfacet
  facet normal -0.502599 -0.237713 -0.831196
    outer loop
      vertex -9.54178 -4.35425 74.6728
      vertex -10.2366 -4.24013 75.0603
      vertex -9.70073 -4.01818 74.6728
    endloop
  endfacet
  facet normal -0.525494 -0.70857 -0.47094
    outer loop
      vertex -9.34147 -13.9805 82.0475
      vertex -10.6668 -12.9976 82.0475
      vertex -8.86343 -13.2651 80.4377
    endloop
  endfacet
  facet normal -0.453522 -0.75666 -0.470938
    outer loop
      vertex -7.92616 -14.8288 82.0475
      vertex -9.34147 -13.9805 82.0475
      vertex -8.86343 -13.2651 80.4377
    endloop
  endfacet
  facet normal -0.592433 -0.653625 -0.470954
    outer loop
      vertex -10.6668 -12.9976 82.0475
      vertex -11.281 -11.281 80.4377
      vertex -10.121 -12.3324 80.4377
    endloop
  endfacet
  facet normal -0.558595 -0.616293 -0.555117
    outer loop
      vertex -10.121 -12.3324 80.4377
      vertex -11.281 -11.281 80.4377
      vertex -9.47762 -11.5485 78.92
    endloop
  endfacet
  facet normal -0.355587 -0.751929 -0.555123
    outer loop
      vertex -6.10524 -14.7393 80.4377
      vertex -7.52055 -14.07 80.4377
      vertex -7.04251 -13.1756 78.92
    endloop
  endfacet
  facet normal -0.377134 -0.797492 -0.470932
    outer loop
      vertex -6.10524 -14.7393 80.4377
      vertex -7.92616 -14.8288 82.0475
      vertex -7.52055 -14.07 80.4377
    endloop
  endfacet
  facet normal 0.0488559 -0.993997 -0.0978949
    outer loop
      vertex 1.82092 -18.4881 89.0873
      vertex 0 -18.5776 89.0873
      vertex 0 -18.3987 87.2708
    endloop
  endfacet
  facet normal -0.040855 -0.830774 -0.555108
    outer loop
      vertex 0 -15.9538 80.4377
      vertex -1.56374 -15.8769 80.4377
      vertex 0 -14.9397 78.92
    endloop
  endfacet
  facet normal 0.040855 -0.830774 -0.555108
    outer loop
      vertex 1.56374 -15.8769 80.4377
      vertex 0 -15.9538 80.4377
      vertex 0 -14.9397 78.92
    endloop
  endfacet
  facet normal -0.129432 -0.872613 -0.47095
    outer loop
      vertex -1.64808 -16.7332 82.0475
      vertex -3.28029 -16.4911 82.0475
      vertex -1.56374 -15.8769 80.4377
    endloop
  endfacet
  facet normal -0.0433042 -0.881096 -0.47095
    outer loop
      vertex 0 -16.8142 82.0475
      vertex -1.64808 -16.7332 82.0475
      vertex -1.56374 -15.8769 80.4377
    endloop
  endfacet
  facet normal 0.311307 -0.870026 -0.382286
    outer loop
      vertex 5.08367 -16.7586 83.7338
      vertex 4.8809 -16.0902 82.0475
      vertex 6.70183 -16.1796 83.7338
    endloop
  endfacet
  facet normal 0.311304 -0.870028 -0.382283
    outer loop
      vertex 6.70183 -16.1796 83.7338
      vertex 4.8809 -16.0902 82.0475
      vertex 6.43452 -15.5343 82.0475
    endloop
  endfacet
  facet normal 0.135041 -0.539359 -0.831177
    outer loop
      vertex 3.21636 -10.6029 75.0603
      vertex 2.70011 -10.135 74.6728
      vertex 3.04799 -10.0479 74.6728
    endloop
  endfacet
  facet normal -0.034747 -0.706674 -0.706685
    outer loop
      vertex 0 -12.491 76.2183
      vertex -1.35084 -13.7153 77.509
      vertex -1.22433 -12.4308 76.2183
    endloop
  endfacet
  facet normal -0.10378 -0.699875 -0.706685
    outer loop
      vertex -1.35084 -13.7153 77.509
      vertex -2.43687 -12.251 76.2183
      vertex -1.22433 -12.4308 76.2183
    endloop
  endfacet
  facet normal -0.0272862 -0.55532 -0.831189
    outer loop
      vertex 0 -11.08 75.0603
      vertex -0.35819 -10.4824 74.6728
      vertex 0 -10.5 74.6728
    endloop
  endfacet
  facet normal 0.0272862 -0.55532 -0.831189
    outer loop
      vertex 0.35819 -10.4824 74.6728
      vertex 0 -11.08 75.0603
      vertex 0 -10.5 74.6728
    endloop
  endfacet
  facet normal 0.330643 0.699155 -0.633923
    outer loop
      vertex 6.49664 12.1544 77.509
      vertex 5.27402 12.7326 77.509
      vertex 7.04251 13.1756 78.92
    endloop
  endfacet
  facet normal 0.135041 0.539359 -0.831177
    outer loop
      vertex 3.04799 10.0479 74.6728
      vertex 2.70011 10.135 74.6728
      vertex 3.21636 10.6029 75.0603
    endloop
  endfacet
  facet normal -0.224508 0.896356 -0.382285
    outer loop
      vertex -4.8809 16.0902 82.0475
      vertex -5.08367 16.7586 83.7338
      vertex -3.28029 16.4911 82.0475
    endloop
  endfacet
  facet normal -0.214339 0.855727 -0.470946
    outer loop
      vertex -3.11242 15.6472 80.4377
      vertex -4.63113 15.2668 80.4377
      vertex -3.28029 16.4911 82.0475
    endloop
  endfacet
  facet normal 0.0380937 0.772531 -0.633834
    outer loop
      vertex 1.35084 13.7153 77.509
      vertex 1 13.7326 77.509
      vertex 1 14.0333 77.8755
    endloop
  endfacet
  facet normal -0.0380937 0.772531 -0.633834
    outer loop
      vertex -1 13.7326 77.509
      vertex -1.35084 13.7153 77.509
      vertex -1 14.0333 77.8755
    endloop
  endfacet
  facet normal 0.524248 -0.475151 -0.706679
    outer loop
      vertex 9.74513 -9.74513 77.509
      vertex 8.83247 -8.83247 76.2183
      vertex 10.6534 -8.74301 77.509
    endloop
  endfacet
  facet normal 0.475151 -0.524248 -0.706679
    outer loop
      vertex 9.74513 -9.74513 77.509
      vertex 8.74301 -10.6534 77.509
      vertex 8.83247 -8.83247 76.2183
    endloop
  endfacet
  facet normal 0.549922 -0.0816961 -0.831211
    outer loop
      vertex 10.8671 -2.1616 75.0603
      vertex 10.2982 -2.04845 74.6728
      vertex 10.3509 -1.69371 74.6728
    endloop
  endfacet
  facet normal 0.634119 0.0311795 -0.772607
    outer loop
      vertex 12.491 0 76.2183
      vertex 11.0267 1.08603 75.0603
      vertex 12.4308 1.22433 76.2183
    endloop
  endfacet
  facet normal 0.634093 -0.0311199 -0.77263
    outer loop
      vertex 12.491 0 76.2183
      vertex 11.0267 -1.08603 75.0603
      vertex 11.08 0 75.0603
    endloop
  endfacet
  facet normal 0.446572 -0.331201 -0.831192
    outer loop
      vertex 8.33024 -6.37308 74.6728
      vertex 9.04759 -6.37833 75.0603
      vertex 8.56496 -7.02908 75.0603
    endloop
  endfacet
  facet normal 0.446571 -0.331201 -0.831192
    outer loop
      vertex 9.04759 -6.37833 75.0603
      vertex 8.33024 -6.37308 74.6728
      vertex 8.54259 -6.08676 74.6728
    endloop
  endfacet
  facet normal 0.523489 -0.187302 -0.83119
    outer loop
      vertex 10.2366 -4.24013 75.0603
      vertex 9.92706 -3.38565 74.6728
      vertex 10.6029 -3.21636 75.0603
    endloop
  endfacet
  facet normal 0.523477 -0.187309 -0.831196
    outer loop
      vertex 9.92706 -3.38565 74.6728
      vertex 10.2366 -4.24013 75.0603
      vertex 9.70073 -4.01818 74.6728
    endloop
  endfacet
  facet normal 0.94156 -0.336845 0
    outer loop
      vertex 17.1635 -7.10934 90.9127
      vertex 17.7776 -5.39279 89.0873
      vertex 17.7776 -5.39279 90.9127
    endloop
  endfacet
  facet normal 0.94156 -0.336845 0
    outer loop
      vertex 17.7776 -5.39279 89.0873
      vertex 17.1635 -7.10934 90.9127
      vertex 17.1635 -7.10934 89.0873
    endloop
  endfacet
  facet normal -0.830777 0.0408484 -0.555104
    outer loop
      vertex -14.9397 0 78.92
      vertex -15.8769 1.56374 80.4377
      vertex -14.8677 1.46434 78.92
    endloop
  endfacet
  facet normal -0.914028 0.135575 -0.382325
    outer loop
      vertex -16.7332 1.64808 82.0475
      vertex -17.4284 1.71655 83.7338
      vertex -16.4911 3.28029 82.0475
    endloop
  endfacet
  facet normal -0.787823 -0.584267 -0.194851
    outer loop
      vertex -14.2224 -11.672 87.2708
      vertex -15.2979 -10.2218 87.2708
      vertex -15.0019 -10.0239 85.4806
    endloop
  endfacet
  facet normal -0.742198 -0.550445 -0.382299
    outer loop
      vertex -13.5375 -11.11 83.7338
      vertex -14.5613 -9.72955 83.7338
      vertex -12.9976 -10.6668 82.0475
    endloop
  endfacet
  facet normal -0.821028 -0.491748 -0.289997
    outer loop
      vertex -14.5613 -9.72955 83.7338
      vertex -15.0474 -9.84229 85.3012
      vertex -14.636 -9.60483 83.7338
    endloop
  endfacet
  facet normal -0.820838 -0.492084 -0.289962
    outer loop
      vertex -15.0474 -9.84229 85.3012
      vertex -14.5613 -9.72955 83.7338
      vertex -15.0019 -10.0239 85.4806
    endloop
  endfacet
  facet normal -0.768704 -0.570103 -0.289959
    outer loop
      vertex -13.5375 -11.11 83.7338
      vertex -15.0019 -10.0239 85.4806
      vertex -14.5613 -9.72955 83.7338
    endloop
  endfacet
  facet normal -0.460723 -0.621184 -0.633928
    outer loop
      vertex -8.30003 -12.4219 78.92
      vertex -8.74301 -10.6534 77.509
      vertex -7.6567 -11.4591 77.509
    endloop
  endfacet
  facet normal -0.460722 -0.621184 -0.633928
    outer loop
      vertex -8.30003 -12.4219 78.92
      vertex -9.47762 -11.5485 78.92
      vertex -8.74301 -10.6534 77.509
    endloop
  endfacet
  facet normal -0.378191 -0.509916 -0.77263
    outer loop
      vertex -6.93963 -10.3859 76.2183
      vertex -7.9242 -9.65567 76.2183
      vertex -6.15572 -9.21269 75.0603
    endloop
  endfacet
  facet normal -0.421485 -0.568288 -0.706682
    outer loop
      vertex -6.93963 -10.3859 76.2183
      vertex -8.74301 -10.6534 77.509
      vertex -7.9242 -9.65567 76.2183
    endloop
  endfacet
  facet normal -0.524249 -0.475147 -0.706681
    outer loop
      vertex -8.83247 -8.83247 76.2183
      vertex -10.6534 -8.74301 77.509
      vertex -9.65567 -7.9242 76.2183
    endloop
  endfacet
  facet normal -0.568326 -0.421486 -0.706651
    outer loop
      vertex -9.65567 -7.9242 76.2183
      vertex -10.4202 -7.17079 76.3838
      vertex -10.2761 -7.08762 76.2183
    endloop
  endfacet
  facet normal -0.568307 -0.42146 -0.706681
    outer loop
      vertex -10.4202 -7.17079 76.3838
      vertex -9.65567 -7.9242 76.2183
      vertex -10.6534 -8.74301 77.509
    endloop
  endfacet
  facet normal -0.639609 -0.302504 -0.706676
    outer loop
      vertex -12.3899 -5.99862 77.509
      vertex -12.7326 -5.27402 77.509
      vertex -11.7462 -5.62697 76.7673
    endloop
  endfacet
  facet normal -0.699108 -0.330643 -0.633974
    outer loop
      vertex -12.3899 -5.99862 77.509
      vertex -13.0028 -6.35244 78.3694
      vertex -12.7326 -5.27402 77.509
    endloop
  endfacet
  facet normal -0.426344 -0.470402 -0.772627
    outer loop
      vertex -7.02908 -8.56496 75.0603
      vertex -8.83247 -8.83247 76.2183
      vertex -7.83475 -7.83475 75.0603
    endloop
  endfacet
  facet normal -0.411955 -0.373383 -0.831191
    outer loop
      vertex -7.87577 -6.92685 74.6728
      vertex -8.56496 -7.02908 75.0603
      vertex -8.11661 -6.66113 74.6728
    endloop
  endfacet
  facet normal -0.539319 -0.135091 -0.831195
    outer loop
      vertex -10.8671 -2.1616 75.0603
      vertex -10.135 -2.70011 74.6728
      vertex -10.6029 -3.21636 75.0603
    endloop
  endfacet
  facet normal -0.539306 -0.135062 -0.831209
    outer loop
      vertex -10.135 -2.70011 74.6728
      vertex -10.8671 -2.1616 75.0603
      vertex -10.2982 -2.04845 74.6728
    endloop
  endfacet
  facet normal -0.523477 0.187309 -0.831196
    outer loop
      vertex -9.92706 3.38565 74.6728
      vertex -10.2366 4.24013 75.0603
      vertex -9.70073 4.01818 74.6728
    endloop
  endfacet
  facet normal -0.523489 0.187302 -0.83119
    outer loop
      vertex -10.2366 4.24013 75.0603
      vertex -9.92706 3.38565 74.6728
      vertex -10.6029 3.21636 75.0603
    endloop
  endfacet
  facet normal -0.597759 0.213875 -0.77262
    outer loop
      vertex -10.6029 3.21636 75.0603
      vertex -11.9531 3.62594 76.2183
      vertex -10.2366 4.24013 75.0603
    endloop
  endfacet
  facet normal -0.544535 0.32638 -0.772631
    outer loop
      vertex -9.77169 5.22308 75.0603
      vertex -10.3859 6.93963 76.2183
      vertex -9.21269 6.15572 75.0603
    endloop
  endfacet
  facet normal -0.509916 0.378191 -0.77263
    outer loop
      vertex -9.21269 6.15572 75.0603
      vertex -10.3859 6.93963 76.2183
      vertex -9.65567 7.9242 76.2183
    endloop
  endfacet
  facet normal -0.476885 0.285836 -0.831191
    outer loop
      vertex -9.26017 4.94967 74.6728
      vertex -9.77169 5.22308 75.0603
      vertex -9.0758 5.25727 74.6728
    endloop
  endfacet
  facet normal -0.187309 0.523477 -0.831196
    outer loop
      vertex -4.24013 10.2366 75.0603
      vertex -3.38565 9.92706 74.6728
      vertex -4.01818 9.70073 74.6728
    endloop
  endfacet
  facet normal -0.187302 0.523489 -0.83119
    outer loop
      vertex -3.38565 9.92706 74.6728
      vertex -4.24013 10.2366 75.0603
      vertex -3.21636 10.6029 75.0603
    endloop
  endfacet
  facet normal -0.135041 0.539359 -0.831177
    outer loop
      vertex -3.04799 10.0479 74.6728
      vertex -3.21636 10.6029 75.0603
      vertex -2.70011 10.135 74.6728
    endloop
  endfacet
  facet normal -0.756933 -0.453078 -0.470928
    outer loop
      vertex -13.9805 -9.34147 82.0475
      vertex -13.3077 -8.83789 80.4816
      vertex -13.2651 -8.86343 80.4377
    endloop
  endfacet
  facet normal -0.756511 -0.453747 -0.470961
    outer loop
      vertex -13.3077 -8.83789 80.4816
      vertex -13.9805 -9.34147 82.0475
      vertex -14.0318 -9.25594 82.0475
    endloop
  endfacet
  facet normal -0.70857 -0.525494 -0.47094
    outer loop
      vertex -12.9976 -10.6668 82.0475
      vertex -13.9805 -9.34147 82.0475
      vertex -13.2651 -8.86343 80.4377
    endloop
  endfacet
  facet normal -0.835323 -0.395071 -0.382302
    outer loop
      vertex -15.1789 -7.60884 82.4845
      vertex -15.5343 -6.43452 82.0475
      vertex -15.0218 -7.51813 82.0475
    endloop
  endfacet
  facet normal -0.835333 -0.395067 -0.382284
    outer loop
      vertex -15.5343 -6.43452 82.0475
      vertex -15.1789 -7.60884 82.4845
      vertex -16.1796 -6.70183 83.7338
    endloop
  endfacet
  facet normal -0.870028 -0.311304 -0.382283
    outer loop
      vertex -15.5343 -6.43452 82.0475
      vertex -16.1796 -6.70183 83.7338
      vertex -16.0902 -4.8809 82.0475
    endloop
  endfacet
  facet normal -0.881096 0.0433042 -0.47095
    outer loop
      vertex -15.8769 1.56374 80.4377
      vertex -16.8142 0 82.0475
      vertex -16.7332 1.64808 82.0475
    endloop
  endfacet
  facet normal -0.872613 0.129432 -0.47095
    outer loop
      vertex -15.8769 1.56374 80.4377
      vertex -16.7332 1.64808 82.0475
      vertex -16.4911 3.28029 82.0475
    endloop
  endfacet
  facet normal -0.922926 -0.0453601 -0.382295
    outer loop
      vertex -16.7332 -1.64808 82.0475
      vertex -17.5127 0 83.7338
      vertex -16.8142 0 82.0475
    endloop
  endfacet
  facet normal -0.970212 -0.143916 -0.194876
    outer loop
      vertex -17.6959 -3.51993 85.4806
      vertex -18.3101 -1.80339 87.2708
      vertex -17.9557 -1.76848 85.4806
    endloop
  endfacet
  facet normal -0.881096 -0.0433042 -0.47095
    outer loop
      vertex -16.7332 -1.64808 82.0475
      vertex -16.8142 0 82.0475
      vertex -15.8769 -1.56374 80.4377
    endloop
  endfacet
  facet normal -0.872613 -0.129432 -0.47095
    outer loop
      vertex -16.4911 -3.28029 82.0475
      vertex -16.7332 -1.64808 82.0475
      vertex -15.8769 -1.56374 80.4377
    endloop
  endfacet
  facet normal -0.70668 -0.0347366 -0.70668
    outer loop
      vertex -13.7153 -1.35084 77.509
      vertex -13.7817 0 77.509
      vertex -12.491 0 76.2183
    endloop
  endfacet
  facet normal -0.765017 0.113467 -0.633936
    outer loop
      vertex -13.7153 1.35084 77.509
      vertex -14.8677 1.46434 78.92
      vertex -14.6526 2.91458 78.92
    endloop
  endfacet
  facet normal -0.555256 -0.0273081 -0.831231
    outer loop
      vertex -11.0267 -1.08603 75.0603
      vertex -10.4824 -0.35819 74.6728
      vertex -10.4494 -1.02918 74.6728
    endloop
  endfacet
  facet normal -0.555307 -0.0272533 -0.831199
    outer loop
      vertex -10.4824 -0.35819 74.6728
      vertex -11.0267 -1.08603 75.0603
      vertex -11.08 0 75.0603
    endloop
  endfacet
  facet normal -0.699875 -0.10378 -0.706685
    outer loop
      vertex -12.251 -2.43687 76.2183
      vertex -13.7153 -1.35084 77.509
      vertex -12.4308 -1.22433 76.2183
    endloop
  endfacet
  facet normal -0.0815117 0.549919 -0.831231
    outer loop
      vertex -1.69371 10.3509 74.6728
      vertex -1.08603 11.0267 75.0603
      vertex -1.02918 10.4494 74.6728
    endloop
  endfacet
  facet normal -0.0816093 0.549978 -0.831182
    outer loop
      vertex -1.08603 11.0267 75.0603
      vertex -1.69371 10.3509 74.6728
      vertex -2.1616 10.8671 75.0603
    endloop
  endfacet
  facet normal -0.0816961 0.549922 -0.831211
    outer loop
      vertex -2.04845 10.2982 74.6728
      vertex -2.1616 10.8671 75.0603
      vertex -1.69371 10.3509 74.6728
    endloop
  endfacet
  facet normal 0.0931248 0.628018 -0.772607
    outer loop
      vertex 2.43687 12.251 76.2183
      vertex 1.08603 11.0267 75.0603
      vertex 1.22433 12.4308 76.2183
    endloop
  endfacet
  facet normal 0.10378 0.699875 -0.706685
    outer loop
      vertex 2.43687 12.251 76.2183
      vertex 1.22433 12.4308 76.2183
      vertex 1.35084 13.7153 77.509
    endloop
  endfacet
  facet normal 0.0816961 0.549922 -0.831211
    outer loop
      vertex 2.1616 10.8671 75.0603
      vertex 2.04845 10.2982 74.6728
      vertex 1.69371 10.3509 74.6728
    endloop
  endfacet
  facet normal 0.154259 0.615844 -0.772619
    outer loop
      vertex 3.21636 10.6029 75.0603
      vertex 2.1616 10.8671 75.0603
      vertex 3.62594 11.9531 76.2183
    endloop
  endfacet
  facet normal 0.1719 0.686312 -0.706701
    outer loop
      vertex 3.62594 11.9531 76.2183
      vertex 2.68867 13.5169 77.509
      vertex 4.00061 13.1883 77.509
    endloop
  endfacet
  facet normal -0.726729 0.658704 0.194868
    outer loop
      vertex -13.0098 13.0098 92.7292
      vertex -13.9471 11.4461 94.5194
      vertex -12.758 12.758 94.5194
    endloop
  endfacet
  facet normal -0.658704 0.726729 0.194868
    outer loop
      vertex -11.4461 13.9471 94.5194
      vertex -13.0098 13.0098 92.7292
      vertex -12.758 12.758 94.5194
    endloop
  endfacet
  facet normal -0.592822 0.799359 -0.0979196
    outer loop
      vertex -10.2218 15.2979 87.2708
      vertex -11.672 14.2224 87.2708
      vertex -10.3212 15.4467 89.0873
    endloop
  endfacet
  facet normal -0.419389 0.886644 -0.19487
    outer loop
      vertex -6.9046 16.6692 85.4806
      vertex -8.50521 15.9121 85.4806
      vertex -7.04087 16.9982 87.2708
    endloop
  endfacet
  facet normal -0.841281 0.504263 -0.194846
    outer loop
      vertex -15.0019 10.0239 85.4806
      vertex -16.2262 8.67308 87.2708
      vertex -15.2979 10.2218 87.2708
    endloop
  endfacet
  facet normal -0.799359 0.592822 -0.0979196
    outer loop
      vertex -15.2979 10.2218 87.2708
      vertex -15.4467 10.3212 89.0873
      vertex -14.2224 11.672 87.2708
    endloop
  endfacet
  facet normal -0.425508 0.899643 0.0979086
    outer loop
      vertex -7.10934 17.1635 90.9127
      vertex -8.75742 16.384 90.9127
      vertex -8.67308 16.2262 92.7292
    endloop
  endfacet
  facet normal -0.425508 0.899643 -0.0979086
    outer loop
      vertex -8.67308 16.2262 87.2708
      vertex -8.75742 16.384 89.0873
      vertex -7.10934 17.1635 89.0873
    endloop
  endfacet
  facet normal -0.668365 0.737363 -0.0978941
    outer loop
      vertex -13.0098 13.0098 87.2708
      vertex -13.1363 13.1363 89.0873
      vertex -11.7855 14.3607 89.0873
    endloop
  endfacet
  facet normal -0.668365 0.737363 0.0978941
    outer loop
      vertex -11.7855 14.3607 90.9127
      vertex -13.1363 13.1363 90.9127
      vertex -13.0098 13.0098 92.7292
    endloop
  endfacet
  facet normal -0.803207 0.5957 0
    outer loop
      vertex -15.4467 10.3212 89.0873
      vertex -14.3607 11.7855 90.9127
      vertex -14.3607 11.7855 89.0873
    endloop
  endfacet
  facet normal -0.803207 0.5957 0
    outer loop
      vertex -14.3607 11.7855 90.9127
      vertex -15.4467 10.3212 89.0873
      vertex -15.4467 10.3212 90.9127
    endloop
  endfacet
  facet normal -0.726729 0.658704 -0.194868
    outer loop
      vertex -12.758 12.758 85.4806
      vertex -13.9471 11.4461 85.4806
      vertex -13.0098 13.0098 87.2708
    endloop
  endfacet
  facet normal -0.684623 0.620562 -0.382353
    outer loop
      vertex -11.8894 11.8894 82.0475
      vertex -12.9976 10.6668 82.0475
      vertex -12.3834 12.3834 83.7338
    endloop
  endfacet
  facet normal -0.684678 0.620533 -0.382303
    outer loop
      vertex -12.9976 10.6668 82.0475
      vertex -13.5375 11.11 83.7338
      vertex -12.3834 12.3834 83.7338
    endloop
  endfacet
  facet normal -0.642738 0.709115 -0.289904
    outer loop
      vertex -12.3834 12.3834 83.7338
      vertex -12.758 12.758 85.4806
      vertex -11.4461 13.9471 85.4806
    endloop
  endfacet
  facet normal -0.726721 0.65871 -0.194877
    outer loop
      vertex -13.9471 11.4461 85.4806
      vertex -14.2224 11.672 87.2708
      vertex -13.0098 13.0098 87.2708
    endloop
  endfacet
  facet normal -0.238311 0.951445 0.194835
    outer loop
      vertex -3.51993 17.6959 94.5194
      vertex -5.34086 17.6064 92.7292
      vertex -5.23748 17.2657 94.5194
    endloop
  endfacet
  facet normal -0.238363 0.951421 0.194889
    outer loop
      vertex -3.5894 18.0452 92.7292
      vertex -5.34086 17.6064 92.7292
      vertex -3.51993 17.6959 94.5194
    endloop
  endfacet
  facet normal -0.0488717 0.994001 0.0978457
    outer loop
      vertex -1 18.4478 91.7316
      vertex -1.80339 18.3101 92.7292
      vertex -1 18.3496 92.7292
    endloop
  endfacet
  facet normal -0.0488364 0.994 0.097874
    outer loop
      vertex -1.80339 18.3101 92.7292
      vertex -1 18.4478 91.7316
      vertex -1.82092 18.4881 90.9127
    endloop
  endfacet
  facet normal -0.14601 0.98443 0.097874
    outer loop
      vertex -1.82092 18.4881 90.9127
      vertex -3.5894 18.0452 92.7292
      vertex -1.80339 18.3101 92.7292
    endloop
  endfacet
  facet normal -0.584267 0.787823 0.194851
    outer loop
      vertex -10.2218 15.2979 92.7292
      vertex -11.672 14.2224 92.7292
      vertex -10.0239 15.0019 94.5194
    endloop
  endfacet
  facet normal -0.584287 0.787801 0.194879
    outer loop
      vertex -10.0239 15.0019 94.5194
      vertex -11.672 14.2224 92.7292
      vertex -11.4461 13.9471 94.5194
    endloop
  endfacet
  facet normal -0.550347 0.742214 0.382409
    outer loop
      vertex -9.72955 14.5613 96.2662
      vertex -9.86507 14.3352 96.51
      vertex -9.67343 14.4773 96.51
    endloop
  endfacet
  facet normal 0.726721 -0.65871 0.194877
    outer loop
      vertex 13.9471 -11.4461 94.5194
      vertex 13.0098 -13.0098 92.7292
      vertex 14.2224 -11.672 92.7292
    endloop
  endfacet
  facet normal 0.737367 -0.66836 0.0979008
    outer loop
      vertex 14.2224 -11.672 92.7292
      vertex 13.0098 -13.0098 92.7292
      vertex 14.3607 -11.7855 90.9127
    endloop
  endfacet
  facet normal 0.865163 -0.409174 0.289949
    outer loop
      vertex 15.7382 -7.93176 95.8476
      vertex 16.1796 -6.70183 96.2662
      vertex 15.628 -7.86814 96.2662
    endloop
  endfacet
  facet normal 0.865147 -0.409181 0.289985
    outer loop
      vertex 16.1796 -6.70183 96.2662
      vertex 15.7382 -7.93176 95.8476
      vertex 16.6692 -6.9046 94.5194
    endloop
  endfacet
  facet normal 0.865146 -0.409189 0.289978
    outer loop
      vertex 16.6692 -6.9046 94.5194
      vertex 15.7382 -7.93176 95.8476
      vertex 16.0879 -8.13364 94.5194
    endloop
  endfacet
  facet normal 0.768704 -0.570103 0.289959
    outer loop
      vertex 14.5613 -9.72955 96.2662
      vertex 13.5375 -11.11 96.2662
      vertex 15.0019 -10.0239 94.5194
    endloop
  endfacet
  facet normal 0.742132 -0.550425 0.382456
    outer loop
      vertex 13.5375 -11.11 96.2662
      vertex 14.3352 -9.86507 96.51
      vertex 13.4594 -11.0459 96.51
    endloop
  endfacet
  facet normal 0.742186 -0.550437 0.382334
    outer loop
      vertex 14.3352 -9.86507 96.51
      vertex 13.5375 -11.11 96.2662
      vertex 14.5613 -9.72955 96.2662
    endloop
  endfacet
  facet normal 0.740922 -0.671591 0
    outer loop
      vertex 13.1363 -13.1363 90.9127
      vertex 14.3607 -11.7855 89.0873
      vertex 14.3607 -11.7855 90.9127
    endloop
  endfacet
  facet normal 0.740922 -0.671591 0
    outer loop
      vertex 14.3607 -11.7855 89.0873
      vertex 13.1363 -13.1363 90.9127
      vertex 13.1363 -13.1363 89.0873
    endloop
  endfacet
  facet normal 0.232546 0.928351 0.289979
    outer loop
      vertex 5.23748 17.2657 94.5194
      vertex 3.41656 17.1762 96.2662
      vertex 5.08367 16.7586 96.2662
    endloop
  endfacet
  facet normal 0.232529 0.92836 0.289962
    outer loop
      vertex 3.51993 17.6959 94.5194
      vertex 3.41656 17.1762 96.2662
      vertex 5.23748 17.2657 94.5194
    endloop
  endfacet
  facet normal 0.476885 0.285832 -0.831192
    outer loop
      vertex 9.0758 5.25727 74.6728
      vertex 9.21269 6.15572 75.0603
      vertex 9.77169 5.22308 75.0603
    endloop
  endfacet
  facet normal 0.476886 0.285832 -0.831192
    outer loop
      vertex 8.73043 5.83349 74.6728
      vertex 9.21269 6.15572 75.0603
      vertex 9.0758 5.25727 74.6728
    endloop
  endfacet
  facet normal 0.476885 0.285836 -0.831191
    outer loop
      vertex 9.26017 4.94967 74.6728
      vertex 9.0758 5.25727 74.6728
      vertex 9.77169 5.22308 75.0603
    endloop
  endfacet
  facet normal 0.523493 0.187345 -0.831178
    outer loop
      vertex 10.6029 3.21636 75.0603
      vertex 10.0479 3.04799 74.6728
      vertex 9.92706 3.38565 74.6728
    endloop
  endfacet
  facet normal -0.79247 0.475134 0.382412
    outer loop
      vertex -14.5613 9.72955 96.2662
      vertex -14.6 9.46878 96.51
      vertex -14.4773 9.67343 96.51
    endloop
  endfacet
  facet normal -0.336845 -0.94156 0
    outer loop
      vertex -7.10934 -17.1635 89.0873
      vertex -5.39279 -17.7776 90.9127
      vertex -7.10934 -17.1635 90.9127
    endloop
  endfacet
  facet normal -0.336845 -0.94156 -0
    outer loop
      vertex -5.39279 -17.7776 90.9127
      vertex -7.10934 -17.1635 89.0873
      vertex -5.39279 -17.7776 89.0873
    endloop
  endfacet
  facet normal -0.14601 -0.98443 0.097874
    outer loop
      vertex -1.80339 -18.3101 92.7292
      vertex -3.5894 -18.0452 92.7292
      vertex -1.82092 -18.4881 90.9127
    endloop
  endfacet
  facet normal -0.241824 -0.965373 0.0978631
    outer loop
      vertex -3.5894 -18.0452 92.7292
      vertex -5.39279 -17.7776 90.9127
      vertex -3.62431 -18.2206 90.9127
    endloop
  endfacet
  facet normal -0.0490917 -0.998794 0
    outer loop
      vertex -1.82092 -18.4881 89.0873
      vertex 0 -18.5776 90.9127
      vertex -1.82092 -18.4881 90.9127
    endloop
  endfacet
  facet normal -0.0490917 -0.998794 -0
    outer loop
      vertex 0 -18.5776 90.9127
      vertex -1.82092 -18.4881 89.0873
      vertex 0 -18.5776 89.0873
    endloop
  endfacet
  facet normal -0.806863 -0.202089 -0.555097
    outer loop
      vertex -14.2964 -4.33675 78.92
      vertex -15.2668 -4.63113 80.4377
      vertex -14.6526 -2.91458 78.92
    endloop
  endfacet
  facet normal -0.806856 -0.202098 -0.555104
    outer loop
      vertex -15.2668 -4.63113 80.4377
      vertex -15.6472 -3.11242 80.4377
      vertex -14.6526 -2.91458 78.92
    endloop
  endfacet
  facet normal -0.955891 -0.0469439 -0.289947
    outer loop
      vertex -17.4284 -1.71655 83.7338
      vertex -17.9557 -1.76848 85.4806
      vertex -17.5127 0 83.7338
    endloop
  endfacet
  facet normal -0.970212 -0.143901 -0.19489
    outer loop
      vertex -18.0452 -3.5894 87.2708
      vertex -18.3101 -1.80339 87.2708
      vertex -17.6959 -3.51993 85.4806
    endloop
  endfacet
  facet normal -0.937037 -0.335227 -0.0978966
    outer loop
      vertex -17.1635 -7.10934 89.0873
      vertex -17.7776 -5.39279 89.0873
      vertex -17.6064 -5.34086 87.2708
    endloop
  endfacet
  facet normal -0.965361 -0.241856 -0.0978967
    outer loop
      vertex -17.7776 -5.39279 89.0873
      vertex -18.0452 -3.5894 87.2708
      vertex -17.6064 -5.34086 87.2708
    endloop
  endfacet
  facet normal -0.841364 -0.503957 -0.19528
    outer loop
      vertex -15.0019 -10.0239 85.4806
      vertex -15.1256 -9.88744 85.6614
      vertex -15.0944 -9.86947 85.4806
    endloop
  endfacet
  facet normal -0.886647 -0.4194 -0.194834
    outer loop
      vertex -16.3969 -8.31207 87.2708
      vertex -16.9982 -7.04087 87.2708
      vertex -16.1578 -8.174 85.8855
    endloop
  endfacet
  facet normal -0.187345 -0.523493 -0.831178
    outer loop
      vertex -3.04799 -10.0479 74.6728
      vertex -3.21636 -10.6029 75.0603
      vertex -3.38565 -9.92706 74.6728
    endloop
  endfacet
  facet normal -0.187302 -0.523489 -0.83119
    outer loop
      vertex -4.24013 -10.2366 75.0603
      vertex -3.38565 -9.92706 74.6728
      vertex -3.21636 -10.6029 75.0603
    endloop
  endfacet
  facet normal -0.187309 -0.523477 -0.831196
    outer loop
      vertex -3.38565 -9.92706 74.6728
      vertex -4.24013 -10.2366 75.0603
      vertex -4.01818 -9.70073 74.6728
    endloop
  endfacet
  facet normal -0.549922 -0.0816961 -0.831211
    outer loop
      vertex -10.2982 -2.04845 74.6728
      vertex -10.8671 -2.1616 75.0603
      vertex -10.3509 -1.69371 74.6728
    endloop
  endfacet
  facet normal -0.523477 -0.187309 -0.831196
    outer loop
      vertex -10.2366 -4.24013 75.0603
      vertex -9.92706 -3.38565 74.6728
      vertex -9.70073 -4.01818 74.6728
    endloop
  endfacet
  facet normal -0.523489 -0.187302 -0.83119
    outer loop
      vertex -9.92706 -3.38565 74.6728
      vertex -10.2366 -4.24013 75.0603
      vertex -10.6029 -3.21636 75.0603
    endloop
  endfacet
  facet normal 0.0490917 -0.998794 0
    outer loop
      vertex 0 -18.5776 89.0873
      vertex 1.82092 -18.4881 90.9127
      vertex 0 -18.5776 90.9127
    endloop
  endfacet
  facet normal 0.0490917 -0.998794 0
    outer loop
      vertex 1.82092 -18.4881 90.9127
      vertex 0 -18.5776 89.0873
      vertex 1.82092 -18.4881 89.0873
    endloop
  endfacet
  facet normal -0.146022 -0.984429 0.0978621
    outer loop
      vertex -3.5894 -18.0452 92.7292
      vertex -3.62431 -18.2206 90.9127
      vertex -1.82092 -18.4881 90.9127
    endloop
  endfacet
  facet normal 0.49199 -0.820898 -0.289953
    outer loop
      vertex 8.50521 -15.9121 85.4806
      vertex 8.25544 -15.4448 83.7338
      vertex 10.0239 -15.0019 85.4806
    endloop
  endfacet
  facet normal 0.419389 -0.886644 -0.19487
    outer loop
      vertex 7.04087 -16.9982 87.2708
      vertex 6.9046 -16.6692 85.4806
      vertex 8.50521 -15.9121 85.4806
    endloop
  endfacet
  facet normal 0.330431 -0.923501 -0.194837
    outer loop
      vertex 5.34086 -17.6064 87.2708
      vertex 5.23748 -17.2657 85.4806
      vertex 6.9046 -16.6692 85.4806
    endloop
  endfacet
  facet normal 0.238311 -0.951445 -0.194835
    outer loop
      vertex 5.34086 -17.6064 87.2708
      vertex 3.51993 -17.6959 85.4806
      vertex 5.23748 -17.2657 85.4806
    endloop
  endfacet
  facet normal 0.135091 -0.539319 -0.831195
    outer loop
      vertex 2.1616 -10.8671 75.0603
      vertex 2.70011 -10.135 74.6728
      vertex 3.21636 -10.6029 75.0603
    endloop
  endfacet
  facet normal 0.135062 -0.539306 -0.831209
    outer loop
      vertex 2.70011 -10.135 74.6728
      vertex 2.1616 -10.8671 75.0603
      vertex 2.04845 -10.2982 74.6728
    endloop
  endfacet
  facet normal 0.0816961 -0.549922 -0.831211
    outer loop
      vertex 2.04845 -10.2982 74.6728
      vertex 2.1616 -10.8671 75.0603
      vertex 1.69371 -10.3509 74.6728
    endloop
  endfacet
  facet normal -0.0311199 -0.634093 -0.77263
    outer loop
      vertex 0 -12.491 76.2183
      vertex -1.08603 -11.0267 75.0603
      vertex 0 -11.08 75.0603
    endloop
  endfacet
  facet normal -0.0311795 -0.634119 -0.772607
    outer loop
      vertex 0 -12.491 76.2183
      vertex -1.22433 -12.4308 76.2183
      vertex -1.08603 -11.0267 75.0603
    endloop
  endfacet
  facet normal 0.238385 0.666144 -0.7067
    outer loop
      vertex 5.27402 12.7326 77.509
      vertex 3.62594 11.9531 76.2183
      vertex 4.00061 13.1883 77.509
    endloop
  endfacet
  facet normal 0.135091 0.539319 -0.831195
    outer loop
      vertex 2.70011 10.135 74.6728
      vertex 2.1616 10.8671 75.0603
      vertex 3.21636 10.6029 75.0603
    endloop
  endfacet
  facet normal 0.135062 0.539306 -0.831209
    outer loop
      vertex 2.1616 10.8671 75.0603
      vertex 2.70011 10.135 74.6728
      vertex 2.04845 10.2982 74.6728
    endloop
  endfacet
  facet normal -0.135599 0.914033 -0.382305
    outer loop
      vertex -3.28029 16.4911 82.0475
      vertex -3.41656 17.1762 83.7338
      vertex -1.71655 17.4284 83.7338
    endloop
  endfacet
  facet normal -0.135575 0.914028 -0.382325
    outer loop
      vertex -1.64808 16.7332 82.0475
      vertex -3.28029 16.4911 82.0475
      vertex -1.71655 17.4284 83.7338
    endloop
  endfacet
  facet normal 0.378187 -0.509924 -0.772627
    outer loop
      vertex 7.9242 -9.65567 76.2183
      vertex 6.15572 -9.21269 75.0603
      vertex 7.02908 -8.56496 75.0603
    endloop
  endfacet
  facet normal 0.426344 -0.470403 -0.772627
    outer loop
      vertex 7.9242 -9.65567 76.2183
      vertex 7.02908 -8.56496 75.0603
      vertex 8.83247 -8.83247 76.2183
    endloop
  endfacet
  facet normal 0.470403 -0.426344 -0.772627
    outer loop
      vertex 8.83247 -8.83247 76.2183
      vertex 8.56496 -7.02908 75.0603
      vertex 9.65567 -7.9242 76.2183
    endloop
  endfacet
  facet normal 0.373374 -0.411958 -0.831193
    outer loop
      vertex 6.92685 -7.87577 74.6728
      vertex 7.83475 -7.83475 75.0603
      vertex 7.02908 -8.56496 75.0603
    endloop
  endfacet
  facet normal 0.373374 -0.411957 -0.831194
    outer loop
      vertex 7.83475 -7.83475 75.0603
      vertex 6.92685 -7.87577 74.6728
      vertex 7.42462 -7.42462 74.6728
    endloop
  endfacet
  facet normal 0.373383 -0.411955 -0.831191
    outer loop
      vertex 7.02908 -8.56496 75.0603
      vertex 6.66113 -8.11661 74.6728
      vertex 6.92685 -7.87577 74.6728
    endloop
  endfacet
  facet normal 0.539319 -0.135091 -0.831195
    outer loop
      vertex 10.135 -2.70011 74.6728
      vertex 10.8671 -2.1616 75.0603
      vertex 10.6029 -3.21636 75.0603
    endloop
  endfacet
  facet normal 0.539306 -0.135062 -0.831209
    outer loop
      vertex 10.8671 -2.1616 75.0603
      vertex 10.135 -2.70011 74.6728
      vertex 10.2982 -2.04845 74.6728
    endloop
  endfacet
  facet normal 0.539359 -0.135041 -0.831177
    outer loop
      vertex 10.6029 -3.21636 75.0603
      vertex 10.0479 -3.04799 74.6728
      vertex 10.135 -2.70011 74.6728
    endloop
  endfacet
  facet normal 0.70668 0.0347366 -0.70668
    outer loop
      vertex 13.7817 0 77.509
      vertex 12.491 0 76.2183
      vertex 13.7153 1.35084 77.509
    endloop
  endfacet
  facet normal 0.772447 -0.0379693 -0.633943
    outer loop
      vertex 14.9397 0 78.92
      vertex 13.7153 -1.35084 77.509
      vertex 13.7817 0 77.509
    endloop
  endfacet
  facet normal 0.728169 -0.260581 -0.63393
    outer loop
      vertex 14.2964 -4.33675 78.92
      vertex 12.7326 -5.27402 77.509
      vertex 13.1883 -4.00061 77.509
    endloop
  endfacet
  facet normal 0.686322 -0.171946 -0.70668
    outer loop
      vertex 13.5169 -2.68867 77.509
      vertex 11.9531 -3.62594 76.2183
      vertex 12.251 -2.43687 76.2183
    endloop
  endfacet
  facet normal 0.502599 -0.237671 -0.831208
    outer loop
      vertex 9.54178 -4.35425 74.6728
      vertex 10.2366 -4.24013 75.0603
      vertex 10.0452 -4.64488 75.0603
    endloop
  endfacet
  facet normal 0.502599 -0.237713 -0.831196
    outer loop
      vertex 10.2366 -4.24013 75.0603
      vertex 9.54178 -4.35425 74.6728
      vertex 9.70073 -4.01818 74.6728
    endloop
  endfacet
  facet normal -0.666144 -0.238385 -0.7067
    outer loop
      vertex -12.7326 -5.27402 77.509
      vertex -13.1883 -4.00061 77.509
      vertex -11.9531 -3.62594 76.2183
    endloop
  endfacet
  facet normal -0.686312 -0.1719 -0.706701
    outer loop
      vertex -13.1883 -4.00061 77.509
      vertex -13.5169 -2.68867 77.509
      vertex -11.9531 -3.62594 76.2183
    endloop
  endfacet
  facet normal -0.573849 -0.271474 -0.772658
    outer loop
      vertex -11.5402 -4.7801 76.2183
      vertex -10.5718 -4.94895 75.5584
      vertex -11.2697 -5.35189 76.2183
    endloop
  endfacet
  facet normal -0.573845 -0.271568 -0.772627
    outer loop
      vertex -10.5718 -4.94895 75.5584
      vertex -11.5402 -4.7801 76.2183
      vertex -10.2366 -4.24013 75.0603
    endloop
  endfacet
  facet normal -0.639558 -0.30256 -0.706699
    outer loop
      vertex -11.7462 -5.62697 76.7673
      vertex -11.5402 -4.7801 76.2183
      vertex -11.2697 -5.35189 76.2183
    endloop
  endfacet
  facet normal -0.63961 -0.302526 -0.706666
    outer loop
      vertex -11.5402 -4.7801 76.2183
      vertex -11.7462 -5.62697 76.7673
      vertex -12.7326 -5.27402 77.509
    endloop
  endfacet
  facet normal -0.470402 -0.426344 -0.772627
    outer loop
      vertex -7.83475 -7.83475 75.0603
      vertex -8.83247 -8.83247 76.2183
      vertex -8.56496 -7.02908 75.0603
    endloop
  endfacet
  facet normal -0.470403 -0.426344 -0.772627
    outer loop
      vertex -8.83247 -8.83247 76.2183
      vertex -9.65567 -7.9242 76.2183
      vertex -8.56496 -7.02908 75.0603
    endloop
  endfacet
  facet normal -0.446575 0.331199 -0.831191
    outer loop
      vertex -8.33024 6.37308 74.6728
      vertex -8.56496 7.02908 75.0603
      vertex -8.11661 6.66113 74.6728
    endloop
  endfacet
  facet normal -0.446571 0.331202 -0.831191
    outer loop
      vertex -9.21269 6.15572 75.0603
      vertex -8.33024 6.37308 74.6728
      vertex -8.73043 5.83349 74.6728
    endloop
  endfacet
  facet normal -0.446571 0.331201 -0.831192
    outer loop
      vertex -8.33024 6.37308 74.6728
      vertex -9.21269 6.15572 75.0603
      vertex -8.56496 7.02908 75.0603
    endloop
  endfacet
  facet normal -0.92836 -0.232529 -0.289962
    outer loop
      vertex -17.2657 -5.23748 85.4806
      vertex -17.6959 -3.51993 85.4806
      vertex -17.1762 -3.41656 83.7338
    endloop
  endfacet
  facet normal -0.896356 -0.224508 -0.382285
    outer loop
      vertex -16.0902 -4.8809 82.0475
      vertex -16.7586 -5.08367 83.7338
      vertex -16.4911 -3.28029 82.0475
    endloop
  endfacet
  facet normal -0.82278 -0.122035 -0.555103
    outer loop
      vertex -14.6526 -2.91458 78.92
      vertex -15.8769 -1.56374 80.4377
      vertex -14.8677 -1.46434 78.92
    endloop
  endfacet
  facet normal -0.82278 -0.122035 -0.555104
    outer loop
      vertex -15.6472 -3.11242 80.4377
      vertex -15.8769 -1.56374 80.4377
      vertex -14.6526 -2.91458 78.92
    endloop
  endfacet
  facet normal -0.772447 -0.0379693 -0.633943
    outer loop
      vertex -13.7153 -1.35084 77.509
      vertex -14.9397 0 78.92
      vertex -13.7817 0 77.509
    endloop
  endfacet
  facet normal -0.772452 -0.0379806 -0.633937
    outer loop
      vertex -14.8677 -1.46434 78.92
      vertex -14.9397 0 78.92
      vertex -13.7153 -1.35084 77.509
    endloop
  endfacet
  facet normal -0.772452 0.0379806 -0.633937
    outer loop
      vertex -13.7153 1.35084 77.509
      vertex -14.9397 0 78.92
      vertex -14.8677 1.46434 78.92
    endloop
  endfacet
  facet normal -0.772447 0.0379693 -0.633943
    outer loop
      vertex -13.7817 0 77.509
      vertex -14.9397 0 78.92
      vertex -13.7153 1.35084 77.509
    endloop
  endfacet
  facet normal -0.627977 -0.0931833 -0.772633
    outer loop
      vertex -10.8671 -2.1616 75.0603
      vertex -12.251 -2.43687 76.2183
      vertex -11.0267 -1.08603 75.0603
    endloop
  endfacet
  facet normal -0.628018 -0.0931248 -0.772607
    outer loop
      vertex -12.251 -2.43687 76.2183
      vertex -12.4308 -1.22433 76.2183
      vertex -11.0267 -1.08603 75.0603
    endloop
  endfacet
  facet normal 0.55532 -0.0272862 -0.831189
    outer loop
      vertex 11.08 0 75.0603
      vertex 10.4824 -0.35819 74.6728
      vertex 10.5 0 74.6728
    endloop
  endfacet
  facet normal 0.213847 0.597756 -0.77263
    outer loop
      vertex 4.24013 10.2366 75.0603
      vertex 3.62594 11.9531 76.2183
      vertex 4.7801 11.5402 76.2183
    endloop
  endfacet
  facet normal 0.302485 0.639613 -0.706681
    outer loop
      vertex 5.88821 11.0161 76.2183
      vertex 5.27402 12.7326 77.509
      vertex 6.49664 12.1544 77.509
    endloop
  endfacet
  facet normal 0.411958 0.373374 -0.831193
    outer loop
      vertex 7.87577 6.92685 74.6728
      vertex 7.83475 7.83475 75.0603
      vertex 8.56496 7.02908 75.0603
    endloop
  endfacet
  facet normal 0.411957 0.373374 -0.831194
    outer loop
      vertex 7.83475 7.83475 75.0603
      vertex 7.87577 6.92685 74.6728
      vertex 7.42462 7.42462 74.6728
    endloop
  endfacet
  facet normal 0.331201 0.446571 -0.831192
    outer loop
      vertex 6.37308 8.33024 74.6728
      vertex 6.15572 9.21269 75.0603
      vertex 7.02908 8.56496 75.0603
    endloop
  endfacet
  facet normal 0.331202 0.446571 -0.831191
    outer loop
      vertex 6.15572 9.21269 75.0603
      vertex 6.37308 8.33024 74.6728
      vertex 5.83349 8.73043 74.6728
    endloop
  endfacet
  facet normal 0.271439 0.573899 -0.772632
    outer loop
      vertex 5.22308 9.77169 75.0603
      vertex 4.24013 10.2366 75.0603
      vertex 5.88821 11.0161 76.2183
    endloop
  endfacet
  facet normal 0.285836 0.476885 -0.831191
    outer loop
      vertex 5.25727 9.0758 74.6728
      vertex 4.94967 9.26017 74.6728
      vertex 5.22308 9.77169 75.0603
    endloop
  endfacet
  facet normal -0.787801 0.584287 0.194879
    outer loop
      vertex -14.2224 11.672 92.7292
      vertex -15.0019 10.0239 94.5194
      vertex -13.9471 11.4461 94.5194
    endloop
  endfacet
  facet normal -0.726721 0.65871 0.194877
    outer loop
      vertex -13.0098 13.0098 92.7292
      vertex -14.2224 11.672 92.7292
      vertex -13.9471 11.4461 94.5194
    endloop
  endfacet
  facet normal -0.425511 0.899642 -0.0979056
    outer loop
      vertex -7.04087 16.9982 87.2708
      vertex -8.67308 16.2262 87.2708
      vertex -7.10934 17.1635 89.0873
    endloop
  endfacet
  facet normal -0.419366 0.88665 -0.194892
    outer loop
      vertex -8.50521 15.9121 85.4806
      vertex -8.67308 16.2262 87.2708
      vertex -7.04087 16.9982 87.2708
    endloop
  endfacet
  facet normal -0.514105 0.857727 0
    outer loop
      vertex -8.75742 16.384 89.0873
      vertex -10.3212 15.4467 90.9127
      vertex -8.75742 16.384 90.9127
    endloop
  endfacet
  facet normal -0.514105 0.857727 0
    outer loop
      vertex -10.3212 15.4467 90.9127
      vertex -8.75742 16.384 89.0873
      vertex -10.3212 15.4467 89.0873
    endloop
  endfacet
  facet normal -0.671591 0.740922 0
    outer loop
      vertex -11.7855 14.3607 89.0873
      vertex -13.1363 13.1363 90.9127
      vertex -11.7855 14.3607 90.9127
    endloop
  endfacet
  facet normal -0.671591 0.740922 0
    outer loop
      vertex -13.1363 13.1363 90.9127
      vertex -11.7855 14.3607 89.0873
      vertex -13.1363 13.1363 89.0873
    endloop
  endfacet
  facet normal -0.66836 0.737367 -0.0979008
    outer loop
      vertex -11.672 14.2224 87.2708
      vertex -13.0098 13.0098 87.2708
      vertex -11.7855 14.3607 89.0873
    endloop
  endfacet
  facet normal -0.853599 0.511645 -0.0979207
    outer loop
      vertex -15.2979 10.2218 87.2708
      vertex -16.2262 8.67308 87.2708
      vertex -15.4467 10.3212 89.0873
    endloop
  endfacet
  facet normal -0.853606 0.511635 -0.0979083
    outer loop
      vertex -16.2262 8.67308 87.2708
      vertex -16.384 8.75742 89.0873
      vertex -15.4467 10.3212 89.0873
    endloop
  endfacet
  facet normal -0.799349 0.592838 0.0979009
    outer loop
      vertex -14.3607 11.7855 90.9127
      vertex -15.4467 10.3212 90.9127
      vertex -14.2224 11.672 92.7292
    endloop
  endfacet
  facet normal -0.737367 0.66836 0.0979008
    outer loop
      vertex -13.0098 13.0098 92.7292
      vertex -14.3607 11.7855 90.9127
      vertex -14.2224 11.672 92.7292
    endloop
  endfacet
  facet normal 0.937033 -0.335236 0.0979054
    outer loop
      vertex 17.6064 -5.34086 92.7292
      vertex 16.9982 -7.04087 92.7292
      vertex 17.1635 -7.10934 90.9127
    endloop
  endfacet
  facet normal 0.923506 -0.330396 0.19487
    outer loop
      vertex 17.6064 -5.34086 92.7292
      vertex 16.6692 -6.9046 94.5194
      vertex 16.9982 -7.04087 92.7292
    endloop
  endfacet
  facet normal -0.684252 0.620745 0.382721
    outer loop
      vertex -12.3834 12.3834 96.2662
      vertex -12.4722 12.1352 96.51
      vertex -12.3119 12.3119 96.51
    endloop
  endfacet
  facet normal -0.684665 0.620522 0.382343
    outer loop
      vertex -13.5375 11.11 96.2662
      vertex -12.4722 12.1352 96.51
      vertex -12.3834 12.3834 96.2662
    endloop
  endfacet
  facet normal -0.684645 0.620473 0.382457
    outer loop
      vertex -12.4722 12.1352 96.51
      vertex -13.5375 11.11 96.2662
      vertex -13.4594 11.0459 96.51
    endloop
  endfacet
  facet normal -0.24299 -0.970029 0
    outer loop
      vertex -5.39279 -17.7776 89.0873
      vertex -3.62431 -18.2206 90.9127
      vertex -5.39279 -17.7776 90.9127
    endloop
  endfacet
  facet normal -0.24299 -0.970029 -0
    outer loop
      vertex -3.62431 -18.2206 90.9127
      vertex -5.39279 -17.7776 89.0873
      vertex -3.62431 -18.2206 89.0873
    endloop
  endfacet
  facet normal -0.311362 -0.869995 0.382312
    outer loop
      vertex -6.66317 -16.0863 96.51
      vertex -6.70183 -16.1796 96.2662
      vertex -6.43852 -16.1667 96.51
    endloop
  endfacet
  facet normal -0.979646 -0.0481297 -0.194876
    outer loop
      vertex -18.3101 -1.80339 87.2708
      vertex -18.3987 0 87.2708
      vertex -17.9557 -1.76848 85.4806
    endloop
  endfacet
  facet normal -0.979648 -0.0481382 -0.194868
    outer loop
      vertex -17.9557 -1.76848 85.4806
      vertex -18.3987 0 87.2708
      vertex -18.0426 0 85.4806
    endloop
  endfacet
  facet normal -0.615844 -0.154259 -0.772619
    outer loop
      vertex -10.6029 -3.21636 75.0603
      vertex -11.9531 -3.62594 76.2183
      vertex -10.8671 -2.1616 75.0603
    endloop
  endfacet
  facet normal -0.523493 -0.187345 -0.831178
    outer loop
      vertex -10.6029 -3.21636 75.0603
      vertex -10.0479 -3.04799 74.6728
      vertex -9.92706 -3.38565 74.6728
    endloop
  endfacet
  facet normal -0.446572 -0.331201 -0.831192
    outer loop
      vertex -9.04759 -6.37833 75.0603
      vertex -8.33024 -6.37308 74.6728
      vertex -8.56496 -7.02908 75.0603
    endloop
  endfacet
  facet normal -0.446571 -0.331201 -0.831192
    outer loop
      vertex -8.33024 -6.37308 74.6728
      vertex -9.04759 -6.37833 75.0603
      vertex -8.54259 -6.08676 74.6728
    endloop
  endfacet
  facet normal -0.331199 -0.446575 -0.831191
    outer loop
      vertex -6.37308 -8.33024 74.6728
      vertex -7.02908 -8.56496 75.0603
      vertex -6.66113 -8.11661 74.6728
    endloop
  endfacet
  facet normal 0.232546 -0.928351 -0.289979
    outer loop
      vertex 5.23748 -17.2657 85.4806
      vertex 3.41656 -17.1762 83.7338
      vertex 5.08367 -16.7586 83.7338
    endloop
  endfacet
  facet normal 0.322421 -0.901087 -0.289978
    outer loop
      vertex 5.23748 -17.2657 85.4806
      vertex 5.08367 -16.7586 83.7338
      vertex 6.70183 -16.1796 83.7338
    endloop
  endfacet
  facet normal 0.154283 0.615823 -0.772631
    outer loop
      vertex 3.62594 11.9531 76.2183
      vertex 2.1616 10.8671 75.0603
      vertex 2.43687 12.251 76.2183
    endloop
  endfacet
  facet normal 0.0931833 0.627977 -0.772633
    outer loop
      vertex 2.1616 10.8671 75.0603
      vertex 1.08603 11.0267 75.0603
      vertex 2.43687 12.251 76.2183
    endloop
  endfacet
  facet normal 0.411958 -0.373374 -0.831193
    outer loop
      vertex 7.83475 -7.83475 75.0603
      vertex 7.87577 -6.92685 74.6728
      vertex 8.56496 -7.02908 75.0603
    endloop
  endfacet
  facet normal 0.411957 -0.373374 -0.831194
    outer loop
      vertex 7.87577 -6.92685 74.6728
      vertex 7.83475 -7.83475 75.0603
      vertex 7.42462 -7.42462 74.6728
    endloop
  endfacet
  facet normal 0.470402 -0.426344 -0.772627
    outer loop
      vertex 8.83247 -8.83247 76.2183
      vertex 7.83475 -7.83475 75.0603
      vertex 8.56496 -7.02908 75.0603
    endloop
  endfacet
  facet normal 0.568307 -0.42146 -0.706681
    outer loop
      vertex 9.65567 -7.9242 76.2183
      vertex 10.4202 -7.17079 76.3838
      vertex 10.6534 -8.74301 77.509
    endloop
  endfacet
  facet normal 0.568326 -0.421486 -0.706651
    outer loop
      vertex 10.4202 -7.17079 76.3838
      vertex 9.65567 -7.9242 76.2183
      vertex 10.2761 -7.08762 76.2183
    endloop
  endfacet
  facet normal 0.524249 -0.475147 -0.706681
    outer loop
      vertex 10.6534 -8.74301 77.509
      vertex 8.83247 -8.83247 76.2183
      vertex 9.65567 -7.9242 76.2183
    endloop
  endfacet
  facet normal 0.706674 -0.034747 -0.706685
    outer loop
      vertex 13.7153 -1.35084 77.509
      vertex 12.4308 -1.22433 76.2183
      vertex 12.491 0 76.2183
    endloop
  endfacet
  facet normal 0.70668 -0.0347366 -0.70668
    outer loop
      vertex 13.7153 -1.35084 77.509
      vertex 12.491 0 76.2183
      vertex 13.7817 0 77.509
    endloop
  endfacet
  facet normal 0.666144 -0.238385 -0.7067
    outer loop
      vertex 12.7326 -5.27402 77.509
      vertex 11.9531 -3.62594 76.2183
      vertex 13.1883 -4.00061 77.509
    endloop
  endfacet
  facet normal 0.686312 -0.1719 -0.706701
    outer loop
      vertex 13.1883 -4.00061 77.509
      vertex 11.9531 -3.62594 76.2183
      vertex 13.5169 -2.68867 77.509
    endloop
  endfacet
  facet normal 0.509927 -0.378175 -0.772631
    outer loop
      vertex 9.65567 -7.9242 76.2183
      vertex 9.30579 -6.5274 75.3037
      vertex 10.2761 -7.08762 76.2183
    endloop
  endfacet
  facet normal 0.509938 -0.378169 -0.772626
    outer loop
      vertex 8.56496 -7.02908 75.0603
      vertex 9.30579 -6.5274 75.3037
      vertex 9.65567 -7.9242 76.2183
    endloop
  endfacet
  facet normal 0.509955 -0.378209 -0.772596
    outer loop
      vertex 9.30579 -6.5274 75.3037
      vertex 8.56496 -7.02908 75.0603
      vertex 9.04759 -6.37833 75.0603
    endloop
  endfacet
  facet normal -0.597756 -0.213847 -0.77263
    outer loop
      vertex -11.5402 -4.7801 76.2183
      vertex -11.9531 -3.62594 76.2183
      vertex -10.2366 -4.24013 75.0603
    endloop
  endfacet
  facet normal -0.666199 -0.238332 -0.706666
    outer loop
      vertex -11.5402 -4.7801 76.2183
      vertex -12.7326 -5.27402 77.509
      vertex -11.9531 -3.62594 76.2183
    endloop
  endfacet
  facet normal -0.865163 -0.409174 -0.289949
    outer loop
      vertex -15.7382 -7.93176 84.1524
      vertex -16.1796 -6.70183 83.7338
      vertex -15.628 -7.86814 83.7338
    endloop
  endfacet
  facet normal -0.865147 -0.409181 -0.289985
    outer loop
      vertex -16.1796 -6.70183 83.7338
      vertex -15.7382 -7.93176 84.1524
      vertex -16.6692 -6.9046 85.4806
    endloop
  endfacet
  facet normal -0.928351 -0.232546 -0.289979
    outer loop
      vertex -16.7586 -5.08367 83.7338
      vertex -17.2657 -5.23748 85.4806
      vertex -17.1762 -3.41656 83.7338
    endloop
  endfacet
  facet normal -0.865146 -0.409189 -0.289978
    outer loop
      vertex -16.0879 -8.13364 85.4806
      vertex -16.6692 -6.9046 85.4806
      vertex -15.7382 -7.93176 84.1524
    endloop
  endfacet
  facet normal -0.886657 -0.419363 -0.19487
    outer loop
      vertex -16.1578 -8.174 85.8855
      vertex -16.6692 -6.9046 85.4806
      vertex -16.0879 -8.13364 85.4806
    endloop
  endfacet
  facet normal -0.886657 -0.419363 -0.19487
    outer loop
      vertex -16.6692 -6.9046 85.4806
      vertex -16.1578 -8.174 85.8855
      vertex -16.9982 -7.04087 87.2708
    endloop
  endfacet
  facet normal -0.830774 -0.040855 -0.555108
    outer loop
      vertex -15.8769 -1.56374 80.4377
      vertex -15.9538 0 80.4377
      vertex -14.9397 0 78.92
    endloop
  endfacet
  facet normal -0.830774 0.040855 -0.555108
    outer loop
      vertex -14.9397 0 78.92
      vertex -15.9538 0 80.4377
      vertex -15.8769 1.56374 80.4377
    endloop
  endfacet
  facet normal 0.0285377 0.555154 -0.831258
    outer loop
      vertex 1 10.4509 74.6728
      vertex 1.08603 11.0267 75.0603
      vertex 1.02918 10.4494 74.6728
    endloop
  endfacet
  facet normal 0.027111 0.555323 -0.831193
    outer loop
      vertex 1.08603 11.0267 75.0603
      vertex 1 10.4509 74.6728
      vertex 1 11.0309 75.0603
    endloop
  endfacet
  facet normal 0.426344 0.470403 -0.772627
    outer loop
      vertex 8.83247 8.83247 76.2183
      vertex 7.02908 8.56496 75.0603
      vertex 7.9242 9.65567 76.2183
    endloop
  endfacet
  facet normal 0.378187 0.509924 -0.772627
    outer loop
      vertex 7.02908 8.56496 75.0603
      vertex 6.15572 9.21269 75.0603
      vertex 7.9242 9.65567 76.2183
    endloop
  endfacet
  facet normal 0.271437 0.573902 -0.772631
    outer loop
      vertex 5.88821 11.0161 76.2183
      vertex 4.24013 10.2366 75.0603
      vertex 4.7801 11.5402 76.2183
    endloop
  endfacet
  facet normal 0.32638 0.544535 -0.772631
    outer loop
      vertex 6.15572 9.21269 75.0603
      vertex 5.22308 9.77169 75.0603
      vertex 6.93963 10.3859 76.2183
    endloop
  endfacet
  facet normal 0.213875 0.597759 -0.77262
    outer loop
      vertex 4.24013 10.2366 75.0603
      vertex 3.21636 10.6029 75.0603
      vertex 3.62594 11.9531 76.2183
    endloop
  endfacet
  facet normal -0.504263 0.841281 -0.194846
    outer loop
      vertex -10.0239 15.0019 85.4806
      vertex -10.2218 15.2979 87.2708
      vertex -8.67308 16.2262 87.2708
    endloop
  endfacet
  facet normal -0.584267 0.787823 -0.194851
    outer loop
      vertex -10.0239 15.0019 85.4806
      vertex -11.672 14.2224 87.2708
      vertex -10.2218 15.2979 87.2708
    endloop
  endfacet
  facet normal -0.740922 0.671591 0
    outer loop
      vertex -14.3607 11.7855 89.0873
      vertex -13.1363 13.1363 90.9127
      vertex -13.1363 13.1363 89.0873
    endloop
  endfacet
  facet normal -0.740922 0.671591 0
    outer loop
      vertex -13.1363 13.1363 90.9127
      vertex -14.3607 11.7855 89.0873
      vertex -14.3607 11.7855 90.9127
    endloop
  endfacet
  facet normal -0.737363 0.668365 -0.0978941
    outer loop
      vertex -13.0098 13.0098 87.2708
      vertex -14.3607 11.7855 89.0873
      vertex -13.1363 13.1363 89.0873
    endloop
  endfacet
  facet normal -0.742132 0.550425 0.382456
    outer loop
      vertex -13.5375 11.11 96.2662
      vertex -14.3352 9.86507 96.51
      vertex -13.4594 11.0459 96.51
    endloop
  endfacet
  facet normal -0.742186 0.550437 0.382334
    outer loop
      vertex -14.3352 9.86507 96.51
      vertex -13.5375 11.11 96.2662
      vertex -14.5613 9.72955 96.2662
    endloop
  endfacet
  facet normal -0.742214 0.550347 0.382409
    outer loop
      vertex -14.3352 9.86507 96.51
      vertex -14.5613 9.72955 96.2662
      vertex -14.4773 9.67343 96.51
    endloop
  endfacet
  facet normal 0.373383 0.411955 -0.831191
    outer loop
      vertex 6.92685 7.87577 74.6728
      vertex 6.66113 8.11661 74.6728
      vertex 7.02908 8.56496 75.0603
    endloop
  endfacet
  facet normal 0.509924 0.378187 -0.772627
    outer loop
      vertex 9.21269 6.15572 75.0603
      vertex 8.56496 7.02908 75.0603
      vertex 9.65567 7.9242 76.2183
    endloop
  endfacet
  facet normal 0.446571 0.331202 -0.831191
    outer loop
      vertex 8.33024 6.37308 74.6728
      vertex 9.21269 6.15572 75.0603
      vertex 8.73043 5.83349 74.6728
    endloop
  endfacet
  facet normal 0.446571 0.331201 -0.831192
    outer loop
      vertex 9.21269 6.15572 75.0603
      vertex 8.33024 6.37308 74.6728
      vertex 8.56496 7.02908 75.0603
    endloop
  endfacet
  facet normal -0.0488559 -0.993997 0.0978949
    outer loop
      vertex 0 -18.3987 92.7292
      vertex -1.82092 -18.4881 90.9127
      vertex 0 -18.5776 90.9127
    endloop
  endfacet
  facet normal -0.146022 -0.984429 -0.0978621
    outer loop
      vertex -1.82092 -18.4881 89.0873
      vertex -3.62431 -18.2206 89.0873
      vertex -3.5894 -18.0452 87.2708
    endloop
  endfacet
  facet normal -0.146726 -0.989177 0
    outer loop
      vertex -3.62431 -18.2206 89.0873
      vertex -1.82092 -18.4881 90.9127
      vertex -3.62431 -18.2206 90.9127
    endloop
  endfacet
  facet normal -0.146726 -0.989177 -0
    outer loop
      vertex -1.82092 -18.4881 90.9127
      vertex -3.62431 -18.2206 89.0873
      vertex -1.82092 -18.4881 89.0873
    endloop
  endfacet
  facet normal 0.765026 -0.113453 -0.633927
    outer loop
      vertex 14.6526 -2.91458 78.92
      vertex 13.5169 -2.68867 77.509
      vertex 13.7153 -1.35084 77.509
    endloop
  endfacet
  facet normal 0.699879 -0.103792 -0.70668
    outer loop
      vertex 13.5169 -2.68867 77.509
      vertex 12.251 -2.43687 76.2183
      vertex 13.7153 -1.35084 77.509
    endloop
  endfacet
  facet normal -0.901087 -0.322421 -0.289978
    outer loop
      vertex -16.1796 -6.70183 83.7338
      vertex -17.2657 -5.23748 85.4806
      vertex -16.7586 -5.08367 83.7338
    endloop
  endfacet
  facet normal -0.901088 -0.322412 -0.289986
    outer loop
      vertex -16.6692 -6.9046 85.4806
      vertex -17.2657 -5.23748 85.4806
      vertex -16.1796 -6.70183 83.7338
    endloop
  endfacet
  facet normal 0.187309 0.523477 -0.831196
    outer loop
      vertex 3.38565 9.92706 74.6728
      vertex 4.24013 10.2366 75.0603
      vertex 4.01818 9.70073 74.6728
    endloop
  endfacet
  facet normal 0.187302 0.523489 -0.83119
    outer loop
      vertex 4.24013 10.2366 75.0603
      vertex 3.38565 9.92706 74.6728
      vertex 3.21636 10.6029 75.0603
    endloop
  endfacet
  facet normal 0.237717 0.502599 -0.831195
    outer loop
      vertex 4.62547 9.4135 74.6728
      vertex 4.24013 10.2366 75.0603
      vertex 5.22308 9.77169 75.0603
    endloop
  endfacet
  facet normal 0.237714 0.502599 -0.831196
    outer loop
      vertex 4.24013 10.2366 75.0603
      vertex 4.62547 9.4135 74.6728
      vertex 4.01818 9.70073 74.6728
    endloop
  endfacet
  facet normal 0.363745 0.60687 -0.706681
    outer loop
      vertex 6.93963 10.3859 76.2183
      vertex 5.88821 11.0161 76.2183
      vertex 6.49664 12.1544 77.509
    endloop
  endfacet
  facet normal 0.326382 0.544532 -0.772632
    outer loop
      vertex 6.93963 10.3859 76.2183
      vertex 5.22308 9.77169 75.0603
      vertex 5.88821 11.0161 76.2183
    endloop
  endfacet
  facet normal -0.737367 0.66836 -0.0979008
    outer loop
      vertex -14.2224 11.672 87.2708
      vertex -14.3607 11.7855 89.0873
      vertex -13.0098 13.0098 87.2708
    endloop
  endfacet
  facet normal -0.799349 0.592838 -0.0979009
    outer loop
      vertex -14.2224 11.672 87.2708
      vertex -15.4467 10.3212 89.0873
      vertex -14.3607 11.7855 89.0873
    endloop
  endfacet
  facet normal 0.411955 0.373383 -0.831191
    outer loop
      vertex 8.11661 6.66113 74.6728
      vertex 7.87577 6.92685 74.6728
      vertex 8.56496 7.02908 75.0603
    endloop
  endfacet
  facet normal 0.237708 0.502609 -0.831191
    outer loop
      vertex 5.22308 9.77169 75.0603
      vertex 4.94967 9.26017 74.6728
      vertex 4.62547 9.4135 74.6728
    endloop
  endfacet
  facet normal 0.238332 0.666199 -0.706666
    outer loop
      vertex 4.7801 11.5402 76.2183
      vertex 3.62594 11.9531 76.2183
      vertex 5.27402 12.7326 77.509
    endloop
  endfacet
  facet normal 0.302517 0.639614 -0.706667
    outer loop
      vertex 5.88821 11.0161 76.2183
      vertex 4.7801 11.5402 76.2183
      vertex 5.27402 12.7326 77.509
    endloop
  endfacet
  facet normal 0.989144 0.146947 0
    outer loop
      vertex 10.3509 1.69371 74.6728
      vertex 10.2982 2.04845 0
      vertex 10.2982 2.04845 74.6728
    endloop
  endfacet
  facet normal 0.989192 0.146623 -1.57165e-06
    outer loop
      vertex 10.4494 1.02918 74.6728
      vertex 10.2982 2.04845 0
      vertex 10.3509 1.69371 74.6728
    endloop
  endfacet
  facet normal 0.989176 0.146736 0
    outer loop
      vertex 10.2982 2.04845 0
      vertex 10.4494 1.02918 74.6728
      vertex 10.4494 1.02918 0
    endloop
  endfacet
  facet normal 0.998793 0.0491217 0
    outer loop
      vertex 10.4824 0.35819 74.6728
      vertex 10.4494 1.02918 0
      vertex 10.4494 1.02918 74.6728
    endloop
  endfacet
  facet normal 0.998795 0.0490767 -4.05014e-07
    outer loop
      vertex 10.5 0 74.6728
      vertex 10.4494 1.02918 0
      vertex 10.4824 0.35819 74.6728
    endloop
  endfacet
  facet normal 0.998794 0.049106 0
    outer loop
      vertex 10.4494 1.02918 0
      vertex 10.5 0 74.6728
      vertex 10.5 0 0
    endloop
  endfacet
  facet normal 0.970057 0.242877 0
    outer loop
      vertex 10.135 2.70011 74.6728
      vertex 10.0479 3.04799 0
      vertex 10.0479 3.04799 74.6728
    endloop
  endfacet
  facet normal 0.970043 0.242935 2.87656e-07
    outer loop
      vertex 10.2982 2.04845 74.6728
      vertex 10.0479 3.04799 0
      vertex 10.135 2.70011 74.6728
    endloop
  endfacet
  facet normal 0.970048 0.242915 0
    outer loop
      vertex 10.2982 2.04845 74.6728
      vertex 10.2982 2.04845 0
      vertex 10.0479 3.04799 0
    endloop
  endfacet
  facet normal 0.336947 -0.941523 0
    outer loop
      vertex 3.04799 -10.0479 0
      vertex 3.38565 -9.92706 74.6728
      vertex 3.04799 -10.0479 74.6728
    endloop
  endfacet
  facet normal 0.336899 -0.941541 2.45934e-07
    outer loop
      vertex 3.38565 -9.92706 74.6728
      vertex 3.04799 -10.0479 0
      vertex 4.01818 -9.70073 74.6728
    endloop
  endfacet
  facet normal 0.336916 -0.941535 0
    outer loop
      vertex 4.01818 -9.70073 74.6728
      vertex 3.04799 -10.0479 0
      vertex 4.01818 -9.70073 0
    endloop
  endfacet
  facet normal 0.671557 0.740953 -0
    outer loop
      vertex 7.42462 7.42462 0
      vertex 6.92685 7.87577 74.6728
      vertex 7.42462 7.42462 74.6728
    endloop
  endfacet
  facet normal 0.671567 0.740944 1.25051e-07
    outer loop
      vertex 6.92685 7.87577 74.6728
      vertex 7.42462 7.42462 0
      vertex 6.66113 8.11661 74.6728
    endloop
  endfacet
  facet normal 0.671561 0.74095 0
    outer loop
      vertex 6.66113 8.11661 74.6728
      vertex 7.42462 7.42462 0
      vertex 6.66113 8.11661 0
    endloop
  endfacet
  facet normal 0.941541 0.336899 0
    outer loop
      vertex 9.92706 3.38565 74.6728
      vertex 9.70073 4.01818 0
      vertex 9.70073 4.01818 74.6728
    endloop
  endfacet
  facet normal 0.941523 0.336947 4.60694e-07
    outer loop
      vertex 10.0479 3.04799 74.6728
      vertex 9.70073 4.01818 0
      vertex 9.92706 3.38565 74.6728
    endloop
  endfacet
  facet normal 0.941535 0.336916 0
    outer loop
      vertex 9.70073 4.01818 0
      vertex 10.0479 3.04799 74.6728
      vertex 10.0479 3.04799 0
    endloop
  endfacet
  facet normal -0.514099 -0.857731 0
    outer loop
      vertex -5.83349 -8.73043 0
      vertex -5.25727 -9.0758 74.6728
      vertex -5.83349 -8.73043 74.6728
    endloop
  endfacet
  facet normal -0.514106 -0.857727 6.98075e-08
    outer loop
      vertex -5.25727 -9.0758 74.6728
      vertex -5.83349 -8.73043 0
      vertex -4.94967 -9.26017 74.6728
    endloop
  endfacet
  facet normal -0.514102 -0.857729 0
    outer loop
      vertex -4.94967 -9.26017 0
      vertex -4.94967 -9.26017 74.6728
      vertex -5.83349 -8.73043 0
    endloop
  endfacet
  facet normal 0.740953 0.671557 0
    outer loop
      vertex 7.87577 6.92685 74.6728
      vertex 7.42462 7.42462 0
      vertex 7.42462 7.42462 74.6728
    endloop
  endfacet
  facet normal 0.740944 0.671567 1.25051e-07
    outer loop
      vertex 8.11661 6.66113 74.6728
      vertex 7.42462 7.42462 0
      vertex 7.87577 6.92685 74.6728
    endloop
  endfacet
  facet normal 0.74095 0.671561 0
    outer loop
      vertex 7.42462 7.42462 0
      vertex 8.11661 6.66113 74.6728
      vertex 8.11661 6.66113 0
    endloop
  endfacet
  facet normal 0.514106 -0.857727 0
    outer loop
      vertex 4.94967 -9.26017 0
      vertex 5.25727 -9.0758 74.6728
      vertex 4.94967 -9.26017 74.6728
    endloop
  endfacet
  facet normal 0.514099 -0.857731 3.72651e-08
    outer loop
      vertex 5.25727 -9.0758 74.6728
      vertex 4.94967 -9.26017 0
      vertex 5.83349 -8.73043 74.6728
    endloop
  endfacet
  facet normal 0.514102 -0.857729 0
    outer loop
      vertex 5.83349 -8.73043 74.6728
      vertex 4.94967 -9.26017 0
      vertex 5.83349 -8.73043 0
    endloop
  endfacet
  facet normal -0.427559 0.903987 0
    outer loop
      vertex -4.01818 9.70073 0
      vertex -4.62547 9.4135 74.6728
      vertex -4.01818 9.70073 74.6728
    endloop
  endfacet
  facet normal -0.427543 0.903995 1.56472e-07
    outer loop
      vertex -4.62547 9.4135 74.6728
      vertex -4.01818 9.70073 0
      vertex -4.94967 9.26017 74.6728
    endloop
  endfacet
  facet normal -0.427554 0.90399 0
    outer loop
      vertex -4.94967 9.26017 74.6728
      vertex -4.01818 9.70073 0
      vertex -4.94967 9.26017 0
    endloop
  endfacet
  facet normal 0.989192 -0.146623 0
    outer loop
      vertex 10.3509 -1.69371 74.6728
      vertex 10.4494 -1.02918 0
      vertex 10.4494 -1.02918 74.6728
    endloop
  endfacet
  facet normal 0.989144 -0.146947 -2.94401e-06
    outer loop
      vertex 10.2982 -2.04845 74.6728
      vertex 10.4494 -1.02918 0
      vertex 10.3509 -1.69371 74.6728
    endloop
  endfacet
  facet normal 0.989176 -0.146736 0
    outer loop
      vertex 10.4494 -1.02918 0
      vertex 10.2982 -2.04845 74.6728
      vertex 10.2982 -2.04845 0
    endloop
  endfacet
  facet normal 0.242935 -0.970043 0
    outer loop
      vertex 2.04845 -10.2982 0
      vertex 2.70011 -10.135 74.6728
      vertex 2.04845 -10.2982 74.6728
    endloop
  endfacet
  facet normal 0.242877 -0.970057 5.38855e-07
    outer loop
      vertex 2.70011 -10.135 74.6728
      vertex 2.04845 -10.2982 0
      vertex 3.04799 -10.0479 74.6728
    endloop
  endfacet
  facet normal 0.242915 -0.970048 0
    outer loop
      vertex 3.04799 -10.0479 0
      vertex 3.04799 -10.0479 74.6728
      vertex 2.04845 -10.2982 0
    endloop
  endfacet
  facet normal -0.242935 0.970043 0
    outer loop
      vertex -2.04845 10.2982 0
      vertex -2.70011 10.135 74.6728
      vertex -2.04845 10.2982 74.6728
    endloop
  endfacet
  facet normal -0.242877 0.970057 5.38855e-07
    outer loop
      vertex -2.70011 10.135 74.6728
      vertex -2.04845 10.2982 0
      vertex -3.04799 10.0479 74.6728
    endloop
  endfacet
  facet normal -0.242915 0.970048 0
    outer loop
      vertex -3.04799 10.0479 0
      vertex -3.04799 10.0479 74.6728
      vertex -2.04845 10.2982 0
    endloop
  endfacet
  facet normal -0.941523 -0.336947 0
    outer loop
      vertex -10.0479 -3.04799 0
      vertex -9.92706 -3.38565 74.6728
      vertex -10.0479 -3.04799 74.6728
    endloop
  endfacet
  facet normal -0.941535 -0.336916 1.6034e-07
    outer loop
      vertex -9.70073 -4.01818 0
      vertex -9.92706 -3.38565 74.6728
      vertex -10.0479 -3.04799 0
    endloop
  endfacet
  facet normal -0.941541 -0.336899 0
    outer loop
      vertex -9.92706 -3.38565 74.6728
      vertex -9.70073 -4.01818 0
      vertex -9.70073 -4.01818 74.6728
    endloop
  endfacet
  facet normal 0.803204 -0.595704 0
    outer loop
      vertex 8.54259 -6.08676 74.6728
      vertex 8.73043 -5.83349 78.5131
      vertex 8.54259 -6.08676 78.4973
    endloop
  endfacet
  facet normal 0.803204 -0.595704 0
    outer loop
      vertex 8.73043 -5.83349 78.5131
      vertex 8.54259 -6.08676 74.6728
      vertex 8.73043 -5.83349 0
    endloop
  endfacet
  facet normal 0.803207 -0.5957 1.74426e-08
    outer loop
      vertex 8.33024 -6.37308 74.6728
      vertex 8.73043 -5.83349 0
      vertex 8.54259 -6.08676 74.6728
    endloop
  endfacet
  facet normal 0.803211 -0.595695 7.90832e-08
    outer loop
      vertex 8.11661 -6.66113 74.6728
      vertex 8.73043 -5.83349 0
      vertex 8.33024 -6.37308 74.6728
    endloop
  endfacet
  facet normal 0.803207 -0.5957 0
    outer loop
      vertex 8.73043 -5.83349 0
      vertex 8.11661 -6.66113 74.6728
      vertex 8.11661 -6.66113 0
    endloop
  endfacet
  facet normal -0.514106 0.857727 0
    outer loop
      vertex -4.94967 9.26017 0
      vertex -5.25727 9.0758 74.6728
      vertex -4.94967 9.26017 74.6728
    endloop
  endfacet
  facet normal -0.514099 0.857731 3.72651e-08
    outer loop
      vertex -5.25727 9.0758 74.6728
      vertex -4.94967 9.26017 0
      vertex -5.83349 8.73043 74.6728
    endloop
  endfacet
  facet normal -0.514102 0.857729 0
    outer loop
      vertex -5.83349 8.73043 74.6728
      vertex -4.94967 9.26017 0
      vertex -5.83349 8.73043 0
    endloop
  endfacet
  facet normal -0.146947 -0.989144 0
    outer loop
      vertex -2.04845 -10.2982 0
      vertex -1.69371 -10.3509 74.6728
      vertex -2.04845 -10.2982 74.6728
    endloop
  endfacet
  facet normal -0.146623 -0.989192 -1.57165e-06
    outer loop
      vertex -1.69371 -10.3509 74.6728
      vertex -2.04845 -10.2982 0
      vertex -1.02918 -10.4494 74.6728
    endloop
  endfacet
  facet normal -0.146736 -0.989176 -0
    outer loop
      vertex -1.02918 -10.4494 74.6728
      vertex -2.04845 -10.2982 0
      vertex -1.02918 -10.4494 0
    endloop
  endfacet
  facet normal 0.595702 -0.803206 0
    outer loop
      vertex 5.83349 -8.73043 0
      vertex 6.37308 -8.33024 74.6728
      vertex 5.83349 -8.73043 74.6728
    endloop
  endfacet
  facet normal 0.595695 -0.803211 7.90832e-08
    outer loop
      vertex 6.37308 -8.33024 74.6728
      vertex 5.83349 -8.73043 0
      vertex 6.66113 -8.11661 74.6728
    endloop
  endfacet
  facet normal 0.5957 -0.803207 0
    outer loop
      vertex 6.66113 -8.11661 74.6728
      vertex 5.83349 -8.73043 0
      vertex 6.66113 -8.11661 0
    endloop
  endfacet
  facet normal -0.242877 -0.970057 0
    outer loop
      vertex -3.04799 -10.0479 0
      vertex -2.70011 -10.135 74.6728
      vertex -3.04799 -10.0479 74.6728
    endloop
  endfacet
  facet normal -0.242935 -0.970043 2.87656e-07
    outer loop
      vertex -2.70011 -10.135 74.6728
      vertex -3.04799 -10.0479 0
      vertex -2.04845 -10.2982 74.6728
    endloop
  endfacet
  facet normal -0.242915 -0.970048 0
    outer loop
      vertex -2.04845 -10.2982 0
      vertex -2.04845 -10.2982 74.6728
      vertex -3.04799 -10.0479 0
    endloop
  endfacet
  facet normal 0.903991 -0.427552 0
    outer loop
      vertex 9.54178 -4.35425 78.363
      vertex 9.26017 -4.94967 78.4615
      vertex 9.54178 -4.35425 74.6728
    endloop
  endfacet
  facet normal 0.903989 -0.427557 0
    outer loop
      vertex 9.54178 -4.35425 74.6728
      vertex 9.70073 -4.01818 0
      vertex 9.70073 -4.01818 74.6728
    endloop
  endfacet
  facet normal 0.903991 -0.427552 0
    outer loop
      vertex 9.26017 -4.94967 0
      vertex 9.54178 -4.35425 74.6728
      vertex 9.26017 -4.94967 78.4615
    endloop
  endfacet
  facet normal 0.90399 -0.427554 1.73671e-08
    outer loop
      vertex 9.54178 -4.35425 74.6728
      vertex 9.26017 -4.94967 0
      vertex 9.70073 -4.01818 0
    endloop
  endfacet
  facet normal 0.514099 0.857731 -0
    outer loop
      vertex 5.83349 8.73043 0
      vertex 5.25727 9.0758 74.6728
      vertex 5.83349 8.73043 74.6728
    endloop
  endfacet
  facet normal 0.514106 0.857727 6.98075e-08
    outer loop
      vertex 5.25727 9.0758 74.6728
      vertex 5.83349 8.73043 0
      vertex 4.94967 9.26017 74.6728
    endloop
  endfacet
  facet normal 0.514102 0.857729 -0
    outer loop
      vertex 4.94967 9.26017 0
      vertex 4.94967 9.26017 74.6728
      vertex 5.83349 8.73043 0
    endloop
  endfacet
  facet normal 0.970043 -0.242935 0
    outer loop
      vertex 10.135 -2.70011 74.6728
      vertex 10.2982 -2.04845 0
      vertex 10.2982 -2.04845 74.6728
    endloop
  endfacet
  facet normal 0.970057 -0.242877 5.38855e-07
    outer loop
      vertex 10.0479 -3.04799 74.6728
      vertex 10.2982 -2.04845 0
      vertex 10.135 -2.70011 74.6728
    endloop
  endfacet
  facet normal 0.970048 -0.242915 0
    outer loop
      vertex 10.0479 -3.04799 74.6728
      vertex 10.0479 -3.04799 0
      vertex 10.2982 -2.04845 0
    endloop
  endfacet
  facet normal -0.857731 0.514099 0
    outer loop
      vertex -8.73043 5.83349 0
      vertex -9.0758 5.25727 74.6728
      vertex -8.73043 5.83349 74.6728
    endloop
  endfacet
  facet normal -0.857727 0.514106 6.98075e-08
    outer loop
      vertex -8.73043 5.83349 0
      vertex -9.26017 4.94967 74.6728
      vertex -9.0758 5.25727 74.6728
    endloop
  endfacet
  facet normal -0.857729 0.514102 0
    outer loop
      vertex -9.26017 4.94967 0
      vertex -9.26017 4.94967 74.6728
      vertex -8.73043 5.83349 0
    endloop
  endfacet
  facet normal -0.595702 0.803206 0
    outer loop
      vertex -5.83349 8.73043 0
      vertex -6.37308 8.33024 74.6728
      vertex -5.83349 8.73043 74.6728
    endloop
  endfacet
  facet normal -0.595695 0.803211 7.90832e-08
    outer loop
      vertex -6.37308 8.33024 74.6728
      vertex -5.83349 8.73043 0
      vertex -6.66113 8.11661 74.6728
    endloop
  endfacet
  facet normal -0.5957 0.803207 0
    outer loop
      vertex -6.66113 8.11661 74.6728
      vertex -5.83349 8.73043 0
      vertex -6.66113 8.11661 0
    endloop
  endfacet
  facet normal -0.803204 -0.595704 0
    outer loop
      vertex -8.73043 -5.83349 0
      vertex -8.54259 -6.08676 74.6728
      vertex -8.73043 -5.83349 78.5131
    endloop
  endfacet
  facet normal -0.803207 -0.5957 1.74426e-08
    outer loop
      vertex -8.73043 -5.83349 0
      vertex -8.33024 -6.37308 74.6728
      vertex -8.54259 -6.08676 74.6728
    endloop
  endfacet
  facet normal -0.803207 -0.5957 2.75238e-08
    outer loop
      vertex -8.11661 -6.66113 0
      vertex -8.33024 -6.37308 74.6728
      vertex -8.73043 -5.83349 0
    endloop
  endfacet
  facet normal -0.803211 -0.595695 0
    outer loop
      vertex -8.33024 -6.37308 74.6728
      vertex -8.11661 -6.66113 0
      vertex -8.11661 -6.66113 74.6728
    endloop
  endfacet
  facet normal -0.803204 -0.595704 0
    outer loop
      vertex -8.73043 -5.83349 78.5131
      vertex -8.54259 -6.08676 74.6728
      vertex -8.54259 -6.08676 78.4973
    endloop
  endfacet
  facet normal 0.427543 0.903995 -0
    outer loop
      vertex 4.94967 9.26017 0
      vertex 4.62547 9.4135 74.6728
      vertex 4.94967 9.26017 74.6728
    endloop
  endfacet
  facet normal 0.427559 0.903987 8.35312e-08
    outer loop
      vertex 4.62547 9.4135 74.6728
      vertex 4.94967 9.26017 0
      vertex 4.01818 9.70073 74.6728
    endloop
  endfacet
  facet normal 0.427554 0.90399 0
    outer loop
      vertex 4.01818 9.70073 74.6728
      vertex 4.94967 9.26017 0
      vertex 4.01818 9.70073 0
    endloop
  endfacet
  facet normal 0.146623 -0.989192 0
    outer loop
      vertex 1.02918 -10.4494 0
      vertex 1.69371 -10.3509 74.6728
      vertex 1.02918 -10.4494 74.6728
    endloop
  endfacet
  facet normal 0.146947 -0.989144 -2.94401e-06
    outer loop
      vertex 1.69371 -10.3509 74.6728
      vertex 1.02918 -10.4494 0
      vertex 2.04845 -10.2982 74.6728
    endloop
  endfacet
  facet normal 0.146736 -0.989176 0
    outer loop
      vertex 2.04845 -10.2982 74.6728
      vertex 1.02918 -10.4494 0
      vertex 2.04845 -10.2982 0
    endloop
  endfacet
  facet normal -0.146623 0.989192 0
    outer loop
      vertex -1.02918 10.4494 0
      vertex -1.69371 10.3509 74.6728
      vertex -1.02918 10.4494 74.6728
    endloop
  endfacet
  facet normal -0.146947 0.989144 -2.94401e-06
    outer loop
      vertex -1.69371 10.3509 74.6728
      vertex -1.02918 10.4494 0
      vertex -2.04845 10.2982 74.6728
    endloop
  endfacet
  facet normal -0.146736 0.989176 0
    outer loop
      vertex -2.04845 10.2982 74.6728
      vertex -1.02918 10.4494 0
      vertex -2.04845 10.2982 0
    endloop
  endfacet
  facet normal -0.903989 -0.427557 0
    outer loop
      vertex -9.70073 -4.01818 0
      vertex -9.54178 -4.35425 74.6728
      vertex -9.70073 -4.01818 74.6728
    endloop
  endfacet
  facet normal -0.90399 -0.427554 1.73671e-08
    outer loop
      vertex -9.26017 -4.94967 0
      vertex -9.54178 -4.35425 74.6728
      vertex -9.70073 -4.01818 0
    endloop
  endfacet
  facet normal -0.903991 -0.427552 -0
    outer loop
      vertex -9.26017 -4.94967 78.4615
      vertex -9.54178 -4.35425 74.6728
      vertex -9.26017 -4.94967 0
    endloop
  endfacet
  facet normal -0.903991 -0.427552 0
    outer loop
      vertex -9.54178 -4.35425 74.6728
      vertex -9.26017 -4.94967 78.4615
      vertex -9.54178 -4.35425 78.363
    endloop
  endfacet
  facet normal 0.998795 -0.0490767 0
    outer loop
      vertex 10.4824 -0.35819 74.6728
      vertex 10.5 0 0
      vertex 10.5 0 74.6728
    endloop
  endfacet
  facet normal 0.998793 -0.0491217 -2.16205e-07
    outer loop
      vertex 10.4494 -1.02918 74.6728
      vertex 10.5 0 0
      vertex 10.4824 -0.35819 74.6728
    endloop
  endfacet
  facet normal 0.998794 -0.049106 0
    outer loop
      vertex 10.4494 -1.02918 74.6728
      vertex 10.4494 -1.02918 0
      vertex 10.5 0 0
    endloop
  endfacet
  facet normal 0.242877 0.970057 -0
    outer loop
      vertex 3.04799 10.0479 0
      vertex 2.70011 10.135 74.6728
      vertex 3.04799 10.0479 74.6728
    endloop
  endfacet
  facet normal 0.242935 0.970043 2.87656e-07
    outer loop
      vertex 2.70011 10.135 74.6728
      vertex 3.04799 10.0479 0
      vertex 2.04845 10.2982 74.6728
    endloop
  endfacet
  facet normal 0.242915 0.970048 -0
    outer loop
      vertex 2.04845 10.2982 0
      vertex 2.04845 10.2982 74.6728
      vertex 3.04799 10.0479 0
    endloop
  endfacet
  facet normal -0.595695 -0.803211 0
    outer loop
      vertex -6.66113 -8.11661 0
      vertex -6.37308 -8.33024 74.6728
      vertex -6.66113 -8.11661 74.6728
    endloop
  endfacet
  facet normal -0.595702 -0.803206 4.22168e-08
    outer loop
      vertex -6.37308 -8.33024 74.6728
      vertex -6.66113 -8.11661 0
      vertex -5.83349 -8.73043 74.6728
    endloop
  endfacet
  facet normal -0.5957 -0.803207 0
    outer loop
      vertex -5.83349 -8.73043 0
      vertex -5.83349 -8.73043 74.6728
      vertex -6.66113 -8.11661 0
    endloop
  endfacet
  facet normal -0.740953 0.671557 0
    outer loop
      vertex -7.42462 7.42462 0
      vertex -7.87577 6.92685 74.6728
      vertex -7.42462 7.42462 74.6728
    endloop
  endfacet
  facet normal -0.74095 0.671561 4.35223e-08
    outer loop
      vertex -8.11661 6.66113 0
      vertex -7.87577 6.92685 74.6728
      vertex -7.42462 7.42462 0
    endloop
  endfacet
  facet normal -0.740944 0.671567 0
    outer loop
      vertex -7.87577 6.92685 74.6728
      vertex -8.11661 6.66113 0
      vertex -8.11661 6.66113 74.6728
    endloop
  endfacet
  facet normal 0.595695 0.803211 -0
    outer loop
      vertex 6.66113 8.11661 0
      vertex 6.37308 8.33024 74.6728
      vertex 6.66113 8.11661 74.6728
    endloop
  endfacet
  facet normal 0.595702 0.803206 4.22168e-08
    outer loop
      vertex 6.37308 8.33024 74.6728
      vertex 6.66113 8.11661 0
      vertex 5.83349 8.73043 74.6728
    endloop
  endfacet
  facet normal 0.5957 0.803207 -0
    outer loop
      vertex 5.83349 8.73043 0
      vertex 5.83349 8.73043 74.6728
      vertex 6.66113 8.11661 0
    endloop
  endfacet
  facet normal 0.336899 0.941541 -0
    outer loop
      vertex 4.01818 9.70073 0
      vertex 3.38565 9.92706 74.6728
      vertex 4.01818 9.70073 74.6728
    endloop
  endfacet
  facet normal 0.336947 0.941523 4.60694e-07
    outer loop
      vertex 3.38565 9.92706 74.6728
      vertex 4.01818 9.70073 0
      vertex 3.04799 10.0479 74.6728
    endloop
  endfacet
  facet normal 0.336916 0.941535 0
    outer loop
      vertex 3.04799 10.0479 74.6728
      vertex 4.01818 9.70073 0
      vertex 3.04799 10.0479 0
    endloop
  endfacet
  facet normal 0.803211 0.595695 0
    outer loop
      vertex 8.33024 6.37308 74.6728
      vertex 8.11661 6.66113 0
      vertex 8.11661 6.66113 74.6728
    endloop
  endfacet
  facet normal 0.803206 0.595702 4.22168e-08
    outer loop
      vertex 8.73043 5.83349 74.6728
      vertex 8.11661 6.66113 0
      vertex 8.33024 6.37308 74.6728
    endloop
  endfacet
  facet normal 0.803207 0.5957 0
    outer loop
      vertex 8.73043 5.83349 74.6728
      vertex 8.73043 5.83349 0
      vertex 8.11661 6.66113 0
    endloop
  endfacet
  facet normal -0.427543 -0.903995 0
    outer loop
      vertex -4.94967 -9.26017 0
      vertex -4.62547 -9.4135 74.6728
      vertex -4.94967 -9.26017 74.6728
    endloop
  endfacet
  facet normal -0.427559 -0.903987 8.35312e-08
    outer loop
      vertex -4.62547 -9.4135 74.6728
      vertex -4.94967 -9.26017 0
      vertex -4.01818 -9.70073 74.6728
    endloop
  endfacet
  facet normal -0.427554 -0.90399 -0
    outer loop
      vertex -4.01818 -9.70073 74.6728
      vertex -4.94967 -9.26017 0
      vertex -4.01818 -9.70073 0
    endloop
  endfacet
  facet normal -0.970043 -0.242935 0
    outer loop
      vertex -10.2982 -2.04845 0
      vertex -10.135 -2.70011 74.6728
      vertex -10.2982 -2.04845 74.6728
    endloop
  endfacet
  facet normal -0.970057 -0.242877 5.38855e-07
    outer loop
      vertex -10.2982 -2.04845 0
      vertex -10.0479 -3.04799 74.6728
      vertex -10.135 -2.70011 74.6728
    endloop
  endfacet
  facet normal -0.970048 -0.242915 0
    outer loop
      vertex -10.0479 -3.04799 0
      vertex -10.0479 -3.04799 74.6728
      vertex -10.2982 -2.04845 0
    endloop
  endfacet
  facet normal 0.903995 0.427543 0
    outer loop
      vertex 9.4135 4.62547 74.6728
      vertex 9.26017 4.94967 0
      vertex 9.26017 4.94967 74.6728
    endloop
  endfacet
  facet normal 0.903987 0.427559 8.35312e-08
    outer loop
      vertex 9.70073 4.01818 74.6728
      vertex 9.26017 4.94967 0
      vertex 9.4135 4.62547 74.6728
    endloop
  endfacet
  facet normal 0.90399 0.427554 0
    outer loop
      vertex 9.26017 4.94967 0
      vertex 9.70073 4.01818 74.6728
      vertex 9.70073 4.01818 0
    endloop
  endfacet
  facet normal 0.427559 -0.903987 0
    outer loop
      vertex 4.01818 -9.70073 0
      vertex 4.62547 -9.4135 74.6728
      vertex 4.01818 -9.70073 74.6728
    endloop
  endfacet
  facet normal 0.427543 -0.903995 1.56472e-07
    outer loop
      vertex 4.62547 -9.4135 74.6728
      vertex 4.01818 -9.70073 0
      vertex 4.94967 -9.26017 74.6728
    endloop
  endfacet
  facet normal 0.427554 -0.90399 0
    outer loop
      vertex 4.94967 -9.26017 74.6728
      vertex 4.01818 -9.70073 0
      vertex 4.94967 -9.26017 0
    endloop
  endfacet
  facet normal 0.857731 0.514099 0
    outer loop
      vertex 9.0758 5.25727 74.6728
      vertex 8.73043 5.83349 0
      vertex 8.73043 5.83349 74.6728
    endloop
  endfacet
  facet normal 0.857727 0.514106 6.98075e-08
    outer loop
      vertex 9.26017 4.94967 74.6728
      vertex 8.73043 5.83349 0
      vertex 9.0758 5.25727 74.6728
    endloop
  endfacet
  facet normal 0.857729 0.514102 0
    outer loop
      vertex 9.26017 4.94967 74.6728
      vertex 9.26017 4.94967 0
      vertex 8.73043 5.83349 0
    endloop
  endfacet
  facet normal 0.146947 0.989144 -0
    outer loop
      vertex 2.04845 10.2982 0
      vertex 1.69371 10.3509 74.6728
      vertex 2.04845 10.2982 74.6728
    endloop
  endfacet
  facet normal 0.146623 0.989192 -1.57165e-06
    outer loop
      vertex 1.69371 10.3509 74.6728
      vertex 2.04845 10.2982 0
      vertex 1.02918 10.4494 74.6728
    endloop
  endfacet
  facet normal 0.146736 0.989176 0
    outer loop
      vertex 1.02918 10.4494 74.6728
      vertex 2.04845 10.2982 0
      vertex 1.02918 10.4494 0
    endloop
  endfacet
  facet normal -0.671567 0.740944 0
    outer loop
      vertex -6.66113 8.11661 0
      vertex -6.92685 7.87577 74.6728
      vertex -6.66113 8.11661 74.6728
    endloop
  endfacet
  facet normal -0.671557 0.740953 6.67557e-08
    outer loop
      vertex -6.92685 7.87577 74.6728
      vertex -6.66113 8.11661 0
      vertex -7.42462 7.42462 74.6728
    endloop
  endfacet
  facet normal -0.671561 0.74095 0
    outer loop
      vertex -7.42462 7.42462 74.6728
      vertex -6.66113 8.11661 0
      vertex -7.42462 7.42462 0
    endloop
  endfacet
  facet normal -0.989144 0.146947 0
    outer loop
      vertex -10.2982 2.04845 0
      vertex -10.3509 1.69371 74.6728
      vertex -10.2982 2.04845 74.6728
    endloop
  endfacet
  facet normal -0.989176 0.146736 -1.02465e-06
    outer loop
      vertex -10.4494 1.02918 0
      vertex -10.3509 1.69371 74.6728
      vertex -10.2982 2.04845 0
    endloop
  endfacet
  facet normal -0.989192 0.146623 0
    outer loop
      vertex -10.3509 1.69371 74.6728
      vertex -10.4494 1.02918 0
      vertex -10.4494 1.02918 74.6728
    endloop
  endfacet
  facet normal -0.941541 0.336899 0
    outer loop
      vertex -9.70073 4.01818 0
      vertex -9.92706 3.38565 74.6728
      vertex -9.70073 4.01818 74.6728
    endloop
  endfacet
  facet normal -0.941535 0.336916 1.6034e-07
    outer loop
      vertex -10.0479 3.04799 0
      vertex -9.92706 3.38565 74.6728
      vertex -9.70073 4.01818 0
    endloop
  endfacet
  facet normal -0.941523 0.336947 0
    outer loop
      vertex -9.92706 3.38565 74.6728
      vertex -10.0479 3.04799 0
      vertex -10.0479 3.04799 74.6728
    endloop
  endfacet
  facet normal -0.336947 0.941523 0
    outer loop
      vertex -3.04799 10.0479 0
      vertex -3.38565 9.92706 74.6728
      vertex -3.04799 10.0479 74.6728
    endloop
  endfacet
  facet normal -0.336899 0.941541 2.45934e-07
    outer loop
      vertex -3.38565 9.92706 74.6728
      vertex -3.04799 10.0479 0
      vertex -4.01818 9.70073 74.6728
    endloop
  endfacet
  facet normal -0.336916 0.941535 0
    outer loop
      vertex -4.01818 9.70073 74.6728
      vertex -3.04799 10.0479 0
      vertex -4.01818 9.70073 0
    endloop
  endfacet
  facet normal -0.998795 -0.0490767 0
    outer loop
      vertex -10.5 0 0
      vertex -10.4824 -0.35819 74.6728
      vertex -10.5 0 74.6728
    endloop
  endfacet
  facet normal -0.998793 -0.0491217 -2.16205e-07
    outer loop
      vertex -10.5 0 0
      vertex -10.4494 -1.02918 74.6728
      vertex -10.4824 -0.35819 74.6728
    endloop
  endfacet
  facet normal -0.998794 -0.049106 0
    outer loop
      vertex -10.4494 -1.02918 0
      vertex -10.4494 -1.02918 74.6728
      vertex -10.5 0 0
    endloop
  endfacet
  facet normal 0.671567 -0.740944 0
    outer loop
      vertex 6.66113 -8.11661 0
      vertex 6.92685 -7.87577 74.6728
      vertex 6.66113 -8.11661 74.6728
    endloop
  endfacet
  facet normal 0.671557 -0.740953 6.67557e-08
    outer loop
      vertex 6.92685 -7.87577 74.6728
      vertex 6.66113 -8.11661 0
      vertex 7.42462 -7.42462 74.6728
    endloop
  endfacet
  facet normal 0.671561 -0.74095 0
    outer loop
      vertex 7.42462 -7.42462 74.6728
      vertex 6.66113 -8.11661 0
      vertex 7.42462 -7.42462 0
    endloop
  endfacet
  facet normal -0.0490409 0.998797 0
    outer loop
      vertex 0 10.5 78.3074
      vertex -1 10.4509 74.6728
      vertex -1 10.4509 78.4571
    endloop
  endfacet
  facet normal -0.0490409 0.998797 0
    outer loop
      vertex 0 10.5 0
      vertex -1 10.4509 74.6728
      vertex 0 10.5 78.3074
    endloop
  endfacet
  facet normal -0.049106 0.998794 -8.74162e-07
    outer loop
      vertex -1.02918 10.4494 0
      vertex -1 10.4509 74.6728
      vertex 0 10.5 0
    endloop
  endfacet
  facet normal -0.0513373 0.998681 0
    outer loop
      vertex -1 10.4509 74.6728
      vertex -1.02918 10.4494 0
      vertex -1.02918 10.4494 74.6728
    endloop
  endfacet
  facet normal -0.803211 0.595695 0
    outer loop
      vertex -8.11661 6.66113 0
      vertex -8.33024 6.37308 74.6728
      vertex -8.11661 6.66113 74.6728
    endloop
  endfacet
  facet normal -0.803206 0.595702 4.22168e-08
    outer loop
      vertex -8.11661 6.66113 0
      vertex -8.73043 5.83349 74.6728
      vertex -8.33024 6.37308 74.6728
    endloop
  endfacet
  facet normal -0.803207 0.5957 0
    outer loop
      vertex -8.73043 5.83349 0
      vertex -8.73043 5.83349 74.6728
      vertex -8.11661 6.66113 0
    endloop
  endfacet
  facet normal -0.740944 -0.671567 0
    outer loop
      vertex -8.11661 -6.66113 0
      vertex -7.87577 -6.92685 74.6728
      vertex -8.11661 -6.66113 74.6728
    endloop
  endfacet
  facet normal -0.74095 -0.671561 4.35223e-08
    outer loop
      vertex -7.42462 -7.42462 0
      vertex -7.87577 -6.92685 74.6728
      vertex -8.11661 -6.66113 0
    endloop
  endfacet
  facet normal -0.740953 -0.671557 0
    outer loop
      vertex -7.87577 -6.92685 74.6728
      vertex -7.42462 -7.42462 0
      vertex -7.42462 -7.42462 74.6728
    endloop
  endfacet
  facet normal 0.0490767 -0.998795 0
    outer loop
      vertex 0 -10.5 0
      vertex 0.35819 -10.4824 74.6728
      vertex 0 -10.5 74.6728
    endloop
  endfacet
  facet normal 0.0491217 -0.998793 -2.16205e-07
    outer loop
      vertex 0.35819 -10.4824 74.6728
      vertex 0 -10.5 0
      vertex 1.02918 -10.4494 74.6728
    endloop
  endfacet
  facet normal 0.049106 -0.998794 0
    outer loop
      vertex 1.02918 -10.4494 0
      vertex 1.02918 -10.4494 74.6728
      vertex 0 -10.5 0
    endloop
  endfacet
  facet normal -0.989192 -0.146623 0
    outer loop
      vertex -10.4494 -1.02918 0
      vertex -10.3509 -1.69371 74.6728
      vertex -10.4494 -1.02918 74.6728
    endloop
  endfacet
  facet normal -0.989176 -0.146736 -1.02465e-06
    outer loop
      vertex -10.2982 -2.04845 0
      vertex -10.3509 -1.69371 74.6728
      vertex -10.4494 -1.02918 0
    endloop
  endfacet
  facet normal -0.989144 -0.146947 0
    outer loop
      vertex -10.3509 -1.69371 74.6728
      vertex -10.2982 -2.04845 0
      vertex -10.2982 -2.04845 74.6728
    endloop
  endfacet
  facet normal 0.0513373 0.998681 0
    outer loop
      vertex 1 10.4509 74.6728
      vertex 1.02918 10.4494 74.6728
      vertex 1.02918 10.4494 0
    endloop
  endfacet
  facet normal 0.0490409 0.998797 -0
    outer loop
      vertex 1 10.4509 74.6728
      vertex 0 10.5 78.3074
      vertex 1 10.4509 78.4571
    endloop
  endfacet
  facet normal 0.049106 0.998794 -8.74162e-07
    outer loop
      vertex 0 10.5 0
      vertex 1 10.4509 74.6728
      vertex 1.02918 10.4494 0
    endloop
  endfacet
  facet normal 0.0490409 0.998797 0
    outer loop
      vertex 1 10.4509 74.6728
      vertex 0 10.5 0
      vertex 0 10.5 78.3074
    endloop
  endfacet
  facet normal -0.970057 0.242877 0
    outer loop
      vertex -10.0479 3.04799 0
      vertex -10.135 2.70011 74.6728
      vertex -10.0479 3.04799 74.6728
    endloop
  endfacet
  facet normal -0.970043 0.242935 2.87656e-07
    outer loop
      vertex -10.0479 3.04799 0
      vertex -10.2982 2.04845 74.6728
      vertex -10.135 2.70011 74.6728
    endloop
  endfacet
  facet normal -0.970048 0.242915 0
    outer loop
      vertex -10.2982 2.04845 0
      vertex -10.2982 2.04845 74.6728
      vertex -10.0479 3.04799 0
    endloop
  endfacet
  facet normal -0.903995 0.427543 0
    outer loop
      vertex -9.26017 4.94967 0
      vertex -9.4135 4.62547 74.6728
      vertex -9.26017 4.94967 74.6728
    endloop
  endfacet
  facet normal -0.90399 0.427554 5.44588e-08
    outer loop
      vertex -9.70073 4.01818 0
      vertex -9.4135 4.62547 74.6728
      vertex -9.26017 4.94967 0
    endloop
  endfacet
  facet normal -0.903987 0.427559 0
    outer loop
      vertex -9.4135 4.62547 74.6728
      vertex -9.70073 4.01818 0
      vertex -9.70073 4.01818 74.6728
    endloop
  endfacet
  facet normal 0.941523 -0.336947 0
    outer loop
      vertex 9.92706 -3.38565 74.6728
      vertex 10.0479 -3.04799 0
      vertex 10.0479 -3.04799 74.6728
    endloop
  endfacet
  facet normal 0.941541 -0.336899 2.45934e-07
    outer loop
      vertex 9.70073 -4.01818 74.6728
      vertex 10.0479 -3.04799 0
      vertex 9.92706 -3.38565 74.6728
    endloop
  endfacet
  facet normal 0.941535 -0.336916 0
    outer loop
      vertex 10.0479 -3.04799 0
      vertex 9.70073 -4.01818 74.6728
      vertex 9.70073 -4.01818 0
    endloop
  endfacet
  facet normal -0.671557 -0.740953 0
    outer loop
      vertex -7.42462 -7.42462 0
      vertex -6.92685 -7.87577 74.6728
      vertex -7.42462 -7.42462 74.6728
    endloop
  endfacet
  facet normal -0.671567 -0.740944 1.25051e-07
    outer loop
      vertex -6.92685 -7.87577 74.6728
      vertex -7.42462 -7.42462 0
      vertex -6.66113 -8.11661 74.6728
    endloop
  endfacet
  facet normal -0.671561 -0.74095 -0
    outer loop
      vertex -6.66113 -8.11661 74.6728
      vertex -7.42462 -7.42462 0
      vertex -6.66113 -8.11661 0
    endloop
  endfacet
  facet normal -0.336899 -0.941541 0
    outer loop
      vertex -4.01818 -9.70073 0
      vertex -3.38565 -9.92706 74.6728
      vertex -4.01818 -9.70073 74.6728
    endloop
  endfacet
  facet normal -0.336947 -0.941523 4.60694e-07
    outer loop
      vertex -3.38565 -9.92706 74.6728
      vertex -4.01818 -9.70073 0
      vertex -3.04799 -10.0479 74.6728
    endloop
  endfacet
  facet normal -0.336916 -0.941535 -0
    outer loop
      vertex -3.04799 -10.0479 74.6728
      vertex -4.01818 -9.70073 0
      vertex -3.04799 -10.0479 0
    endloop
  endfacet
  facet normal -0.0491217 -0.998793 0
    outer loop
      vertex -1.02918 -10.4494 0
      vertex -0.35819 -10.4824 74.6728
      vertex -1.02918 -10.4494 74.6728
    endloop
  endfacet
  facet normal -0.0490767 -0.998795 -4.05014e-07
    outer loop
      vertex -0.35819 -10.4824 74.6728
      vertex -1.02918 -10.4494 0
      vertex 0 -10.5 74.6728
    endloop
  endfacet
  facet normal -0.049106 -0.998794 -0
    outer loop
      vertex 0 -10.5 74.6728
      vertex -1.02918 -10.4494 0
      vertex 0 -10.5 0
    endloop
  endfacet
  facet normal -0.998793 0.0491217 0
    outer loop
      vertex -10.4494 1.02918 0
      vertex -10.4824 0.35819 74.6728
      vertex -10.4494 1.02918 74.6728
    endloop
  endfacet
  facet normal -0.998794 0.049106 -1.40959e-07
    outer loop
      vertex -10.5 0 0
      vertex -10.4824 0.35819 74.6728
      vertex -10.4494 1.02918 0
    endloop
  endfacet
  facet normal -0.998795 0.0490767 0
    outer loop
      vertex -10.4824 0.35819 74.6728
      vertex -10.5 0 0
      vertex -10.5 0 74.6728
    endloop
  endfacet
  facet normal 0.740944 -0.671567 0
    outer loop
      vertex 7.87577 -6.92685 74.6728
      vertex 8.11661 -6.66113 0
      vertex 8.11661 -6.66113 74.6728
    endloop
  endfacet
  facet normal 0.740953 -0.671557 6.67557e-08
    outer loop
      vertex 7.42462 -7.42462 74.6728
      vertex 8.11661 -6.66113 0
      vertex 7.87577 -6.92685 74.6728
    endloop
  endfacet
  facet normal 0.74095 -0.671561 0
    outer loop
      vertex 8.11661 -6.66113 0
      vertex 7.42462 -7.42462 74.6728
      vertex 7.42462 -7.42462 0
    endloop
  endfacet
  facet normal -1 0 0
    outer loop
      vertex 1 17.9935 85.4806
      vertex 1 15.0244 85.7456
      vertex 1 15.4937 86.8786
    endloop
  endfacet
  facet normal -1 0 0
    outer loop
      vertex 1 13.1046 81.1109
      vertex 1 15.539 79.8905
      vertex 1 14.8905 78.92
    endloop
  endfacet
  facet normal -1 0 0
    outer loop
      vertex 1 13.1046 81.1109
      vertex 1 14.8905 78.92
      vertex 1 14.0333 77.8755
    endloop
  endfacet
  facet normal -1 0 0
    outer loop
      vertex 1 10.4509 78.4571
      vertex 1 14.0333 77.8755
      vertex 1 13.7326 77.509
    endloop
  endfacet
  facet normal -1 0 0
    outer loop
      vertex 1 10.4509 78.4571
      vertex 1 13.7326 77.509
      vertex 1 13.3973 77.1738
    endloop
  endfacet
  facet normal -1 0 0
    outer loop
      vertex 1 15.9046 80.4377
      vertex 1 13.1046 81.1109
      vertex 1 15.0244 85.7456
    endloop
  endfacet
  facet normal -1 0 0
    outer loop
      vertex 1 10.4509 78.4571
      vertex 1 13.3973 77.1738
      vertex 1 12.4419 76.2183
    endloop
  endfacet
  facet normal -1 0 0
    outer loop
      vertex 1 10.4509 78.4571
      vertex 1 12.4419 76.2183
      vertex 1 11.1427 75.1521
    endloop
  endfacet
  facet normal -1 0 0
    outer loop
      vertex 1 10.4509 78.4571
      vertex 1 11.1427 75.1521
      vertex 1 11.0309 75.0603
    endloop
  endfacet
  facet normal -1 0 0
    outer loop
      vertex 1 10.4509 78.4571
      vertex 1 11.0309 75.0603
      vertex 1 10.4509 74.6728
    endloop
  endfacet
  facet normal -1 0 0
    outer loop
      vertex 1 14.0333 77.8755
      vertex 1 10.4509 78.4571
      vertex 1 13.1046 81.1109
    endloop
  endfacet
  facet normal -1 0 0
    outer loop
      vertex 1 15.4937 86.8786
      vertex 1 18.5285 89.0873
      vertex 1 18.4478 88.2684
    endloop
  endfacet
  facet normal -1 -0 0
    outer loop
      vertex 1 18.5285 89.0873
      vertex 1 15.4937 86.8786
      vertex 1 18.5285 90.9127
    endloop
  endfacet
  facet normal -1 0 0
    outer loop
      vertex 1 15.4937 86.8786
      vertex 1 18.4478 88.2684
      vertex 1 18.3496 87.2708
    endloop
  endfacet
  facet normal -1 0 0
    outer loop
      vertex 1 15.4937 93.1214
      vertex 1 18.5285 90.9127
      vertex 1 15.4937 86.8786
    endloop
  endfacet
  facet normal -1 0 0
    outer loop
      vertex 1 15.4937 86.8786
      vertex 1 18.3496 87.2708
      vertex 1 18.1482 86.2585
    endloop
  endfacet
  facet normal -1 0 0
    outer loop
      vertex 1 18.5285 90.9127
      vertex 1 15.4937 93.1214
      vertex 1 18.4478 91.7316
    endloop
  endfacet
  facet normal -1 0 0
    outer loop
      vertex 1 15.4937 86.8786
      vertex 1 18.1482 86.2585
      vertex 1 17.9935 85.4806
    endloop
  endfacet
  facet normal -1 0 0
    outer loop
      vertex 1 18.4478 91.7316
      vertex 1 15.4937 93.1214
      vertex 1 18.3496 92.7292
    endloop
  endfacet
  facet normal -1 0 0
    outer loop
      vertex 1 15.0244 85.7456
      vertex 1 17.9935 85.4806
      vertex 1 17.7632 84.7215
    endloop
  endfacet
  facet normal -1 0 0
    outer loop
      vertex 1 18.3496 92.7292
      vertex 1 15.4937 93.1214
      vertex 1 18.1482 93.7415
    endloop
  endfacet
  facet normal -1 0 0
    outer loop
      vertex 1 15.0244 85.7456
      vertex 1 17.7632 84.7215
      vertex 1 17.4636 83.7338
    endloop
  endfacet
  facet normal -1 -0 0
    outer loop
      vertex 1 18.1482 93.7415
      vertex 1 15.4937 93.1214
      vertex 1 17.9935 94.5194
    endloop
  endfacet
  facet normal -1 -0 0
    outer loop
      vertex 1 17.9935 94.5194
      vertex 1 15.0244 94.2544
      vertex 1 17.7632 95.2785
    endloop
  endfacet
  facet normal -1 0 0
    outer loop
      vertex 1 15.0244 85.7456
      vertex 1 17.4636 83.7338
      vertex 1 17.0398 82.7106
    endloop
  endfacet
  facet normal -1 0 0
    outer loop
      vertex 1 15.0244 85.7456
      vertex 1 17.0398 82.7106
      vertex 1 16.7651 82.0475
    endloop
  endfacet
  facet normal -1 0 0
    outer loop
      vertex 1 15.0244 85.7456
      vertex 1 16.7651 82.0475
      vertex 1 16.2148 81.018
    endloop
  endfacet
  facet normal -1 0 0
    outer loop
      vertex 1 15.0244 85.7456
      vertex 1 16.2148 81.018
      vertex 1 15.9046 80.4377
    endloop
  endfacet
  facet normal -1 0 0
    outer loop
      vertex 1 13.1046 81.1109
      vertex 1 15.9046 80.4377
      vertex 1 15.539 79.8905
    endloop
  endfacet
  facet normal -1 0 0
    outer loop
      vertex 1 15.0244 94.2544
      vertex 1 17.9935 94.5194
      vertex 1 15.4937 93.1214
    endloop
  endfacet
  facet normal -1 -0 0
    outer loop
      vertex 1 17.7632 95.2785
      vertex 1 15.0244 94.2544
      vertex 1 17.4636 96.2662
    endloop
  endfacet
  facet normal -1 -0 0
    outer loop
      vertex 1 17.4636 96.2662
      vertex 1 15.0244 94.2544
      vertex 1 17.3626 96.51
    endloop
  endfacet
  facet normal -1 -0 0
    outer loop
      vertex 1 17.3626 96.51
      vertex 1 15.0244 94.2544
      vertex 1 14.0901 96.51
    endloop
  endfacet
  facet normal 1 0 0
    outer loop
      vertex -1 15.4937 93.1214
      vertex -1 18.5285 90.9127
      vertex -1 18.4478 91.7316
    endloop
  endfacet
  facet normal 1 0 0
    outer loop
      vertex -1 18.5285 90.9127
      vertex -1 15.4937 93.1214
      vertex -1 18.5285 89.0873
    endloop
  endfacet
  facet normal 1 0 0
    outer loop
      vertex -1 15.4937 93.1214
      vertex -1 18.4478 91.7316
      vertex -1 18.3496 92.7292
    endloop
  endfacet
  facet normal 1 0 0
    outer loop
      vertex -1 15.4937 86.8786
      vertex -1 18.5285 89.0873
      vertex -1 15.4937 93.1214
    endloop
  endfacet
  facet normal 1 -0 0
    outer loop
      vertex -1 15.4937 93.1214
      vertex -1 18.3496 92.7292
      vertex -1 18.1482 93.7415
    endloop
  endfacet
  facet normal 1 0 0
    outer loop
      vertex -1 18.5285 89.0873
      vertex -1 15.4937 86.8786
      vertex -1 18.4478 88.2684
    endloop
  endfacet
  facet normal 1 0 0
    outer loop
      vertex -1 15.4937 93.1214
      vertex -1 18.1482 93.7415
      vertex -1 17.9935 94.5194
    endloop
  endfacet
  facet normal 1 0 0
    outer loop
      vertex -1 18.4478 88.2684
      vertex -1 15.4937 86.8786
      vertex -1 18.3496 87.2708
    endloop
  endfacet
  facet normal 1 0 0
    outer loop
      vertex -1 15.0244 94.2544
      vertex -1 17.9935 94.5194
      vertex -1 17.7632 95.2785
    endloop
  endfacet
  facet normal 1 0 0
    outer loop
      vertex -1 18.3496 87.2708
      vertex -1 15.4937 86.8786
      vertex -1 18.1482 86.2585
    endloop
  endfacet
  facet normal 1 0 0
    outer loop
      vertex -1 15.0244 94.2544
      vertex -1 17.7632 95.2785
      vertex -1 17.4636 96.2662
    endloop
  endfacet
  facet normal 1 0 0
    outer loop
      vertex -1 18.1482 86.2585
      vertex -1 15.4937 86.8786
      vertex -1 17.9935 85.4806
    endloop
  endfacet
  facet normal 1 0 0
    outer loop
      vertex -1 15.0244 94.2544
      vertex -1 17.4636 96.2662
      vertex -1 17.3626 96.51
    endloop
  endfacet
  facet normal 1 -0 0
    outer loop
      vertex -1 15.0244 85.7456
      vertex -1 17.9935 85.4806
      vertex -1 15.4937 86.8786
    endloop
  endfacet
  facet normal 1 0 0
    outer loop
      vertex -1 17.7632 84.7215
      vertex -1 15.0244 85.7456
      vertex -1 17.4636 83.7338
    endloop
  endfacet
  facet normal 1 0 0
    outer loop
      vertex -1 17.4636 83.7338
      vertex -1 15.0244 85.7456
      vertex -1 17.0398 82.7106
    endloop
  endfacet
  facet normal 1 0 0
    outer loop
      vertex -1 17.0398 82.7106
      vertex -1 15.0244 85.7456
      vertex -1 16.7651 82.0475
    endloop
  endfacet
  facet normal 1 0 0
    outer loop
      vertex -1 13.1046 81.1109
      vertex -1 16.7651 82.0475
      vertex -1 15.0244 85.7456
    endloop
  endfacet
  facet normal 1 0 0
    outer loop
      vertex -1 17.9935 85.4806
      vertex -1 15.0244 85.7456
      vertex -1 17.7632 84.7215
    endloop
  endfacet
  facet normal 1 0 0
    outer loop
      vertex -1 17.9935 94.5194
      vertex -1 15.0244 94.2544
      vertex -1 15.4937 93.1214
    endloop
  endfacet
  facet normal 1 0 -0
    outer loop
      vertex -1 15.0244 94.2544
      vertex -1 17.3626 96.51
      vertex -1 14.0901 96.51
    endloop
  endfacet
  facet normal 1 0 0
    outer loop
      vertex -1 16.7651 82.0475
      vertex -1 13.1046 81.1109
      vertex -1 16.2148 81.018
    endloop
  endfacet
  facet normal 1 0 0
    outer loop
      vertex -1 16.2148 81.018
      vertex -1 13.1046 81.1109
      vertex -1 15.9046 80.4377
    endloop
  endfacet
  facet normal 1 0 0
    outer loop
      vertex -1 15.9046 80.4377
      vertex -1 13.1046 81.1109
      vertex -1 15.539 79.8905
    endloop
  endfacet
  facet normal 1 0 0
    outer loop
      vertex -1 15.539 79.8905
      vertex -1 13.1046 81.1109
      vertex -1 14.8905 78.92
    endloop
  endfacet
  facet normal 1 0 0
    outer loop
      vertex -1 14.8905 78.92
      vertex -1 13.1046 81.1109
      vertex -1 14.0333 77.8755
    endloop
  endfacet
  facet normal 1 -0 0
    outer loop
      vertex -1 10.4509 78.4571
      vertex -1 14.0333 77.8755
      vertex -1 13.1046 81.1109
    endloop
  endfacet
  facet normal 1 0 0
    outer loop
      vertex -1 14.0333 77.8755
      vertex -1 10.4509 78.4571
      vertex -1 13.7326 77.509
    endloop
  endfacet
  facet normal 1 0 0
    outer loop
      vertex -1 13.7326 77.509
      vertex -1 10.4509 78.4571
      vertex -1 13.3973 77.1738
    endloop
  endfacet
  facet normal 1 0 0
    outer loop
      vertex -1 13.3973 77.1738
      vertex -1 10.4509 78.4571
      vertex -1 12.4419 76.2183
    endloop
  endfacet
  facet normal 1 0 0
    outer loop
      vertex -1 12.4419 76.2183
      vertex -1 10.4509 78.4571
      vertex -1 11.1427 75.1521
    endloop
  endfacet
  facet normal 1 0 0
    outer loop
      vertex -1 11.1427 75.1521
      vertex -1 10.4509 78.4571
      vertex -1 11.0309 75.0603
    endloop
  endfacet
  facet normal 1 0 0
    outer loop
      vertex -1 11.0309 75.0603
      vertex -1 10.4509 78.4571
      vertex -1 10.4509 74.6728
    endloop
  endfacet
  facet normal 0.499989 -0.866032 0.000126665
    outer loop
      vertex -15.628 -7.86814 96.2662
      vertex -12.7196 -6.18899 96.51
      vertex -15.5404 -7.81753 96.51
    endloop
  endfacet
  facet normal 0.499997 -0.866027 -7.2172e-06
    outer loop
      vertex -15.7382 -7.93176 95.8476
      vertex -12.7196 -6.18899 96.51
      vertex -15.628 -7.86814 96.2662
    endloop
  endfacet
  facet normal 0.499992 -0.86603 -9.84164e-06
    outer loop
      vertex -13.9144 -6.87878 93.1214
      vertex -15.7382 -7.93176 95.8476
      vertex -16.0879 -8.13364 94.5194
    endloop
  endfacet
  facet normal 0.5 -0.866025 6.86074e-06
    outer loop
      vertex -13.9144 -6.87878 93.1214
      vertex -16.0879 -8.13364 94.5194
      vertex -16.1578 -8.174 94.1145
    endloop
  endfacet
  facet normal 0.499997 -0.866027 -5.64376e-06
    outer loop
      vertex -15.7382 -7.93176 95.8476
      vertex -13.9144 -6.87878 93.1214
      vertex -12.7196 -6.18899 96.51
    endloop
  endfacet
  facet normal 0.500003 -0.866024 1.53093e-05
    outer loop
      vertex -16.3969 -8.31207 92.7292
      vertex -13.9144 -6.87878 93.1214
      vertex -16.1578 -8.174 94.1145
    endloop
  endfacet
  facet normal 0.500003 -0.866024 1.67799e-05
    outer loop
      vertex -16.4308 -8.33165 92.3326
      vertex -13.9144 -6.87878 93.1214
      vertex -16.3969 -8.31207 92.7292
    endloop
  endfacet
  facet normal 0.50001 -0.86602 -1.3516e-05
    outer loop
      vertex -16.5522 -8.40172 90.9127
      vertex -13.9144 -6.87878 93.1214
      vertex -16.4308 -8.33165 92.3326
    endloop
  endfacet
  facet normal 0.500001 -0.866025 0
    outer loop
      vertex -16.5522 -8.40172 89.0873
      vertex -13.9144 -6.87878 93.1214
      vertex -16.5522 -8.40172 90.9127
    endloop
  endfacet
  facet normal 0.50001 -0.86602 1.3516e-05
    outer loop
      vertex -13.9144 -6.87878 86.8786
      vertex -16.5522 -8.40172 89.0873
      vertex -16.4308 -8.33165 87.6674
    endloop
  endfacet
  facet normal 0.500003 -0.866024 -1.67799e-05
    outer loop
      vertex -13.9144 -6.87878 86.8786
      vertex -16.4308 -8.33165 87.6674
      vertex -16.3969 -8.31207 87.2708
    endloop
  endfacet
  facet normal 0.500001 -0.866025 0
    outer loop
      vertex -16.5522 -8.40172 89.0873
      vertex -13.9144 -6.87878 86.8786
      vertex -13.9144 -6.87878 93.1214
    endloop
  endfacet
  facet normal 0.500003 -0.866024 -1.53093e-05
    outer loop
      vertex -16.1578 -8.174 85.8855
      vertex -13.9144 -6.87878 86.8786
      vertex -16.3969 -8.31207 87.2708
    endloop
  endfacet
  facet normal 0.5 -0.866025 -6.86074e-06
    outer loop
      vertex -16.0879 -8.13364 85.4806
      vertex -13.9144 -6.87878 86.8786
      vertex -16.1578 -8.174 85.8855
    endloop
  endfacet
  facet normal 0.499992 -0.86603 9.84164e-06
    outer loop
      vertex -15.7382 -7.93176 84.1524
      vertex -13.9144 -6.87878 86.8786
      vertex -16.0879 -8.13364 85.4806
    endloop
  endfacet
  facet normal 0.499996 -0.866028 6.70765e-06
    outer loop
      vertex -15.628 -7.86814 83.7338
      vertex -13.9144 -6.87878 86.8786
      vertex -15.7382 -7.93176 84.1524
    endloop
  endfacet
  facet normal 0.499996 -0.866027 -1.00323e-05
    outer loop
      vertex -12.1391 -5.85382 81.8435
      vertex -15.628 -7.86814 83.7338
      vertex -15.1789 -7.60884 82.4845
    endloop
  endfacet
  facet normal 0.499995 -0.866028 -1.87752e-05
    outer loop
      vertex -12.1391 -5.85382 81.8435
      vertex -15.1789 -7.60884 82.4845
      vertex -15.0218 -7.51813 82.0475
    endloop
  endfacet
  facet normal 0.500001 -0.866025 2.39811e-06
    outer loop
      vertex -15.628 -7.86814 83.7338
      vertex -12.1391 -5.85382 81.8435
      vertex -13.9144 -6.87878 86.8786
    endloop
  endfacet
  facet normal 0.499999 -0.866026 5.9822e-05
    outer loop
      vertex -14.8025 -7.39155 81.5749
      vertex -12.1391 -5.85382 81.8435
      vertex -15.0218 -7.51813 82.0475
    endloop
  endfacet
  facet normal 0.500005 -0.866023 -1.06974e-05
    outer loop
      vertex -14.275 -7.08698 80.4377
      vertex -12.1391 -5.85382 81.8435
      vertex -14.8025 -7.39155 81.5749
    endloop
  endfacet
  facet normal 0.5 -0.866026 -6.91337e-07
    outer loop
      vertex -12.1391 -5.85382 81.8435
      vertex -14.275 -7.08698 80.4377
      vertex -11.8808 -5.70469 81.1109
    endloop
  endfacet
  facet normal 0.499998 -0.866027 6.85311e-06
    outer loop
      vertex -13.6772 -6.74185 79.4068
      vertex -11.8808 -5.70469 81.1109
      vertex -14.275 -7.08698 80.4377
    endloop
  endfacet
  facet normal 0.500016 -0.866016 -1.8494e-05
    outer loop
      vertex -11.8808 -5.70469 81.1109
      vertex -13.6772 -6.74185 79.4068
      vertex -11.1954 -5.30894 80.3056
    endloop
  endfacet
  facet normal 0.500015 -0.866017 -1.35702e-05
    outer loop
      vertex -13.3949 -6.57885 78.92
      vertex -11.1954 -5.30894 80.3056
      vertex -13.6772 -6.74185 79.4068
    endloop
  endfacet
  facet normal 0.500022 -0.866013 -2.8179e-05
    outer loop
      vertex -13.0028 -6.35244 78.3694
      vertex -11.1954 -5.30894 80.3056
      vertex -13.3949 -6.57885 78.92
    endloop
  endfacet
  facet normal 0.499982 -0.866036 2.11257e-05
    outer loop
      vertex -12.3899 -5.99862 77.509
      vertex -11.1954 -5.30894 80.3056
      vertex -13.0028 -6.35244 78.3694
    endloop
  endfacet
  facet normal 0.499999 -0.866026 1.1402e-05
    outer loop
      vertex -11.1954 -5.30894 80.3056
      vertex -12.3899 -5.99862 77.509
      vertex -9.54178 -4.35425 78.363
    endloop
  endfacet
  facet normal 0.500003 -0.866023 -7.42644e-06
    outer loop
      vertex -11.7462 -5.62697 76.7673
      vertex -9.54178 -4.35425 78.363
      vertex -12.3899 -5.99862 77.509
    endloop
  endfacet
  facet normal 0.499985 -0.866034 2.6029e-05
    outer loop
      vertex -11.2697 -5.35189 76.2183
      vertex -9.54178 -4.35425 78.363
      vertex -11.7462 -5.62697 76.7673
    endloop
  endfacet
  facet normal 0.500008 -0.866021 1.59973e-06
    outer loop
      vertex -10.5718 -4.94895 75.5584
      vertex -9.54178 -4.35425 78.363
      vertex -11.2697 -5.35189 76.2183
    endloop
  endfacet
  facet normal 0.500037 -0.866004 -1.26907e-05
    outer loop
      vertex -10.0452 -4.64488 75.0603
      vertex -9.54178 -4.35425 78.363
      vertex -10.5718 -4.94895 75.5584
    endloop
  endfacet
  facet normal 0.499975 -0.86604 0
    outer loop
      vertex -9.54178 -4.35425 78.363
      vertex -10.0452 -4.64488 75.0603
      vertex -9.54178 -4.35425 74.6728
    endloop
  endfacet
  facet normal -0.499993 0.866029 7.09787e-05
    outer loop
      vertex -11.7271 -7.92533 96.167
      vertex -14.5487 -9.55438 96.51
      vertex -11.6061 -7.8555 96.51
    endloop
  endfacet
  facet normal -0.500026 0.866011 -0.000285152
    outer loop
      vertex -14.5487 -9.55438 96.51
      vertex -11.7271 -7.92533 96.167
      vertex -14.5842 -9.57491 96.4108
    endloop
  endfacet
  facet normal -0.500012 0.866018 -7.36074e-05
    outer loop
      vertex -14.5842 -9.57491 96.4108
      vertex -11.7271 -7.92533 96.167
      vertex -14.636 -9.60483 96.2662
    endloop
  endfacet
  facet normal -0.500009 0.86602 3.74453e-05
    outer loop
      vertex -11.7271 -7.92533 96.167
      vertex -15.0474 -9.84229 94.6988
      vertex -14.636 -9.60483 96.2662
    endloop
  endfacet
  facet normal -0.499997 0.866027 1.18331e-06
    outer loop
      vertex -12.8009 -8.54528 93.1214
      vertex -15.0474 -9.84229 94.6988
      vertex -11.7271 -7.92533 96.167
    endloop
  endfacet
  facet normal -0.500094 0.865971 -0.00018221
    outer loop
      vertex -15.0474 -9.84229 94.6988
      vertex -12.8009 -8.54528 93.1214
      vertex -15.0944 -9.86947 94.5194
    endloop
  endfacet
  facet normal -0.499924 0.866069 0.000189989
    outer loop
      vertex -15.0944 -9.86947 94.5194
      vertex -12.8009 -8.54528 93.1214
      vertex -15.1256 -9.88744 94.3386
    endloop
  endfacet
  facet normal -0.499997 0.866027 3.72919e-06
    outer loop
      vertex -12.8009 -8.54528 93.1214
      vertex -15.4025 -10.0473 92.7292
      vertex -15.1256 -9.88744 94.3386
    endloop
  endfacet
  facet normal -0.499997 0.866027 4.13729e-06
    outer loop
      vertex -12.8009 -8.54528 93.1214
      vertex -15.539 -10.1261 91.1276
      vertex -15.4025 -10.0473 92.7292
    endloop
  endfacet
  facet normal -0.499913 0.866075 -0.000148842
    outer loop
      vertex -12.8009 -8.54528 93.1214
      vertex -15.5573 -10.1367 90.9127
      vertex -15.539 -10.1261 91.1276
    endloop
  endfacet
  facet normal -0.500003 0.866024 0
    outer loop
      vertex -12.8009 -8.54528 93.1214
      vertex -15.5573 -10.1367 89.0873
      vertex -15.5573 -10.1367 90.9127
    endloop
  endfacet
  facet normal -0.500003 0.866024 0
    outer loop
      vertex -12.8009 -8.54528 86.8786
      vertex -15.5573 -10.1367 89.0873
      vertex -12.8009 -8.54528 93.1214
    endloop
  endfacet
  facet normal -0.499913 0.866075 0.000148842
    outer loop
      vertex -15.5573 -10.1367 89.0873
      vertex -12.8009 -8.54528 86.8786
      vertex -15.539 -10.1261 88.8724
    endloop
  endfacet
  facet normal -0.499997 0.866027 -4.13729e-06
    outer loop
      vertex -15.539 -10.1261 88.8724
      vertex -12.8009 -8.54528 86.8786
      vertex -15.4025 -10.0473 87.2708
    endloop
  endfacet
  facet normal -0.499997 0.866027 -3.72919e-06
    outer loop
      vertex -12.8009 -8.54528 86.8786
      vertex -15.1256 -9.88744 85.6614
      vertex -15.4025 -10.0473 87.2708
    endloop
  endfacet
  facet normal -0.499924 0.866069 -0.000189989
    outer loop
      vertex -12.8009 -8.54528 86.8786
      vertex -15.0944 -9.86947 85.4806
      vertex -15.1256 -9.88744 85.6614
    endloop
  endfacet
  facet normal -0.500094 0.865971 0.00018221
    outer loop
      vertex -12.8009 -8.54528 86.8786
      vertex -15.0474 -9.84229 85.3012
      vertex -15.0944 -9.86947 85.4806
    endloop
  endfacet
  facet normal -0.499997 0.866027 -1.18331e-06
    outer loop
      vertex -11.7271 -7.92533 83.833
      vertex -15.0474 -9.84229 85.3012
      vertex -12.8009 -8.54528 86.8786
    endloop
  endfacet
  facet normal -0.500009 0.86602 -3.74453e-05
    outer loop
      vertex -11.7271 -7.92533 83.833
      vertex -14.636 -9.60483 83.7338
      vertex -15.0474 -9.84229 85.3012
    endloop
  endfacet
  facet normal -0.500012 0.866018 7.36074e-05
    outer loop
      vertex -11.7271 -7.92533 83.833
      vertex -14.5842 -9.57491 83.5892
      vertex -14.636 -9.60483 83.7338
    endloop
  endfacet
  facet normal -0.500009 0.86602 1.93056e-05
    outer loop
      vertex -11.7271 -7.92533 83.833
      vertex -14.0318 -9.25594 82.0475
      vertex -14.5842 -9.57491 83.5892
    endloop
  endfacet
  facet normal -0.499996 0.866027 -1.74206e-06
    outer loop
      vertex -10.7673 -7.3712 81.1109
      vertex -14.0318 -9.25594 82.0475
      vertex -11.7271 -7.92533 83.833
    endloop
  endfacet
  facet normal -0.499997 0.866027 -3.12702e-06
    outer loop
      vertex -10.7673 -7.3712 81.1109
      vertex -13.3077 -8.83789 80.4816
      vertex -14.0318 -9.25594 82.0475
    endloop
  endfacet
  facet normal -0.499964 0.866046 -0.000179224
    outer loop
      vertex -10.7673 -7.3712 81.1109
      vertex -13.2874 -8.82618 80.4377
      vertex -13.3077 -8.83789 80.4816
    endloop
  endfacet
  facet normal -0.5 0.866025 7.51917e-08
    outer loop
      vertex -10.7673 -7.3712 81.1109
      vertex -12.713 -8.49455 79.444
      vertex -13.2874 -8.82618 80.4377
    endloop
  endfacet
  facet normal -0.499983 0.866035 -2.65051e-05
    outer loop
      vertex -10.7673 -7.3712 81.1109
      vertex -12.4081 -8.31854 78.92
      vertex -12.713 -8.49455 79.444
    endloop
  endfacet
  facet normal -0.500044 0.866 3.4125e-05
    outer loop
      vertex -10.7673 -7.3712 81.1109
      vertex -12.3899 -8.30803 78.8945
      vertex -12.4081 -8.31854 78.92
    endloop
  endfacet
  facet normal -0.500002 0.866024 -1.46358e-06
    outer loop
      vertex -11.3999 -7.73644 77.509
      vertex -10.7673 -7.3712 81.1109
      vertex -8.54259 -6.08676 78.4973
    endloop
  endfacet
  facet normal -0.500009 0.86602 4.56175e-08
    outer loop
      vertex -10.7673 -7.3712 81.1109
      vertex -11.3999 -7.73644 77.509
      vertex -12.3899 -8.30803 78.8945
    endloop
  endfacet
  facet normal -0.500005 0.866022 9.50335e-06
    outer loop
      vertex -8.54259 -6.08676 78.4973
      vertex -10.4202 -7.17079 76.3838
      vertex -11.3999 -7.73644 77.509
    endloop
  endfacet
  facet normal -0.49994 0.86606 -6.74203e-05
    outer loop
      vertex -8.54259 -6.08676 78.4973
      vertex -10.2761 -7.08762 76.2183
      vertex -10.4202 -7.17079 76.3838
    endloop
  endfacet
  facet normal -0.500007 0.866021 5.71508e-07
    outer loop
      vertex -8.54259 -6.08676 78.4973
      vertex -9.30579 -6.5274 75.3037
      vertex -10.2761 -7.08762 76.2183
    endloop
  endfacet
  facet normal -0.499997 0.866027 -2.59204e-06
    outer loop
      vertex -8.54259 -6.08676 78.4973
      vertex -9.04759 -6.37833 75.0603
      vertex -9.30579 -6.5274 75.3037
    endloop
  endfacet
  facet normal -0.50001 0.866019 0
    outer loop
      vertex -9.04759 -6.37833 75.0603
      vertex -8.54259 -6.08676 78.4973
      vertex -8.54259 -6.08676 74.6728
    endloop
  endfacet
  facet normal 0.500026 0.866011 -0.000285152
    outer loop
      vertex 11.7271 -7.92533 96.167
      vertex 14.5487 -9.55438 96.51
      vertex 14.5842 -9.57491 96.4108
    endloop
  endfacet
  facet normal 0.500012 0.866018 -7.36074e-05
    outer loop
      vertex 11.7271 -7.92533 96.167
      vertex 14.5842 -9.57491 96.4108
      vertex 14.636 -9.60483 96.2662
    endloop
  endfacet
  facet normal 0.499993 0.866029 7.09787e-05
    outer loop
      vertex 14.5487 -9.55438 96.51
      vertex 11.7271 -7.92533 96.167
      vertex 11.6061 -7.8555 96.51
    endloop
  endfacet
  facet normal 0.500009 0.86602 3.74453e-05
    outer loop
      vertex 15.0474 -9.84229 94.6988
      vertex 11.7271 -7.92533 96.167
      vertex 14.636 -9.60483 96.2662
    endloop
  endfacet
  facet normal 0.500094 0.865971 -0.00018221
    outer loop
      vertex 12.8009 -8.54528 93.1214
      vertex 15.0474 -9.84229 94.6988
      vertex 15.0944 -9.86947 94.5194
    endloop
  endfacet
  facet normal 0.499924 0.866069 0.000189989
    outer loop
      vertex 12.8009 -8.54528 93.1214
      vertex 15.0944 -9.86947 94.5194
      vertex 15.1256 -9.88744 94.3386
    endloop
  endfacet
  facet normal 0.499997 0.866027 1.18331e-06
    outer loop
      vertex 15.0474 -9.84229 94.6988
      vertex 12.8009 -8.54528 93.1214
      vertex 11.7271 -7.92533 96.167
    endloop
  endfacet
  facet normal 0.499997 0.866027 3.72919e-06
    outer loop
      vertex 15.4025 -10.0473 92.7292
      vertex 12.8009 -8.54528 93.1214
      vertex 15.1256 -9.88744 94.3386
    endloop
  endfacet
  facet normal 0.499997 0.866027 4.13729e-06
    outer loop
      vertex 15.539 -10.1261 91.1276
      vertex 12.8009 -8.54528 93.1214
      vertex 15.4025 -10.0473 92.7292
    endloop
  endfacet
  facet normal 0.499913 0.866075 -0.000148842
    outer loop
      vertex 15.5573 -10.1367 90.9127
      vertex 12.8009 -8.54528 93.1214
      vertex 15.539 -10.1261 91.1276
    endloop
  endfacet
  facet normal 0.500003 0.866024 -0
    outer loop
      vertex 15.5573 -10.1367 89.0873
      vertex 12.8009 -8.54528 93.1214
      vertex 15.5573 -10.1367 90.9127
    endloop
  endfacet
  facet normal 0.499913 0.866075 0.000148842
    outer loop
      vertex 12.8009 -8.54528 86.8786
      vertex 15.5573 -10.1367 89.0873
      vertex 15.539 -10.1261 88.8724
    endloop
  endfacet
  facet normal 0.499997 0.866027 -4.13729e-06
    outer loop
      vertex 12.8009 -8.54528 86.8786
      vertex 15.539 -10.1261 88.8724
      vertex 15.4025 -10.0473 87.2708
    endloop
  endfacet
  facet normal 0.500003 0.866024 0
    outer loop
      vertex 15.5573 -10.1367 89.0873
      vertex 12.8009 -8.54528 86.8786
      vertex 12.8009 -8.54528 93.1214
    endloop
  endfacet
  facet normal 0.499997 0.866027 -3.72919e-06
    outer loop
      vertex 15.1256 -9.88744 85.6614
      vertex 12.8009 -8.54528 86.8786
      vertex 15.4025 -10.0473 87.2708
    endloop
  endfacet
  facet normal 0.499924 0.866069 -0.000189989
    outer loop
      vertex 15.0944 -9.86947 85.4806
      vertex 12.8009 -8.54528 86.8786
      vertex 15.1256 -9.88744 85.6614
    endloop
  endfacet
  facet normal 0.500094 0.865971 0.00018221
    outer loop
      vertex 15.0474 -9.84229 85.3012
      vertex 12.8009 -8.54528 86.8786
      vertex 15.0944 -9.86947 85.4806
    endloop
  endfacet
  facet normal 0.499997 0.866027 -1.18331e-06
    outer loop
      vertex 15.0474 -9.84229 85.3012
      vertex 11.7271 -7.92533 83.833
      vertex 12.8009 -8.54528 86.8786
    endloop
  endfacet
  facet normal 0.500009 0.86602 -3.74453e-05
    outer loop
      vertex 14.636 -9.60483 83.7338
      vertex 11.7271 -7.92533 83.833
      vertex 15.0474 -9.84229 85.3012
    endloop
  endfacet
  facet normal 0.500012 0.866018 7.36074e-05
    outer loop
      vertex 14.5842 -9.57491 83.5892
      vertex 11.7271 -7.92533 83.833
      vertex 14.636 -9.60483 83.7338
    endloop
  endfacet
  facet normal 0.500009 0.86602 1.93056e-05
    outer loop
      vertex 14.0318 -9.25594 82.0475
      vertex 11.7271 -7.92533 83.833
      vertex 14.5842 -9.57491 83.5892
    endloop
  endfacet
  facet normal 0.499996 0.866027 -1.74206e-06
    outer loop
      vertex 14.0318 -9.25594 82.0475
      vertex 10.7673 -7.3712 81.1109
      vertex 11.7271 -7.92533 83.833
    endloop
  endfacet
  facet normal 0.499997 0.866027 -3.12702e-06
    outer loop
      vertex 13.3077 -8.83789 80.4816
      vertex 10.7673 -7.3712 81.1109
      vertex 14.0318 -9.25594 82.0475
    endloop
  endfacet
  facet normal 0.499964 0.866046 -0.000179224
    outer loop
      vertex 13.2874 -8.82618 80.4377
      vertex 10.7673 -7.3712 81.1109
      vertex 13.3077 -8.83789 80.4816
    endloop
  endfacet
  facet normal 0.5 0.866025 7.51917e-08
    outer loop
      vertex 12.713 -8.49455 79.444
      vertex 10.7673 -7.3712 81.1109
      vertex 13.2874 -8.82618 80.4377
    endloop
  endfacet
  facet normal 0.499983 0.866035 -2.65051e-05
    outer loop
      vertex 12.4081 -8.31854 78.92
      vertex 10.7673 -7.3712 81.1109
      vertex 12.713 -8.49455 79.444
    endloop
  endfacet
  facet normal 0.500044 0.866 3.4125e-05
    outer loop
      vertex 12.3899 -8.30803 78.8945
      vertex 10.7673 -7.3712 81.1109
      vertex 12.4081 -8.31854 78.92
    endloop
  endfacet
  facet normal 0.500009 0.86602 4.56175e-08
    outer loop
      vertex 11.3999 -7.73644 77.509
      vertex 10.7673 -7.3712 81.1109
      vertex 12.3899 -8.30803 78.8945
    endloop
  endfacet
  facet normal 0.500002 0.866024 -1.46358e-06
    outer loop
      vertex 10.7673 -7.3712 81.1109
      vertex 11.3999 -7.73644 77.509
      vertex 8.54259 -6.08676 78.4973
    endloop
  endfacet
  facet normal 0.500005 0.866022 9.50335e-06
    outer loop
      vertex 10.4202 -7.17079 76.3838
      vertex 8.54259 -6.08676 78.4973
      vertex 11.3999 -7.73644 77.509
    endloop
  endfacet
  facet normal 0.49994 0.86606 -6.74203e-05
    outer loop
      vertex 10.2761 -7.08762 76.2183
      vertex 8.54259 -6.08676 78.4973
      vertex 10.4202 -7.17079 76.3838
    endloop
  endfacet
  facet normal 0.500007 0.866021 5.71508e-07
    outer loop
      vertex 9.30579 -6.5274 75.3037
      vertex 8.54259 -6.08676 78.4973
      vertex 10.2761 -7.08762 76.2183
    endloop
  endfacet
  facet normal 0.499997 0.866027 -2.59204e-06
    outer loop
      vertex 9.04759 -6.37833 75.0603
      vertex 8.54259 -6.08676 78.4973
      vertex 9.30579 -6.5274 75.3037
    endloop
  endfacet
  facet normal 0.50001 0.866019 0
    outer loop
      vertex 8.54259 -6.08676 78.4973
      vertex 9.04759 -6.37833 75.0603
      vertex 8.54259 -6.08676 74.6728
    endloop
  endfacet
  facet normal -0.499989 -0.866032 0.000126665
    outer loop
      vertex 12.7196 -6.18899 96.51
      vertex 15.628 -7.86814 96.2662
      vertex 15.5404 -7.81753 96.51
    endloop
  endfacet
  facet normal -0.499997 -0.866027 -7.2172e-06
    outer loop
      vertex 12.7196 -6.18899 96.51
      vertex 15.7382 -7.93176 95.8476
      vertex 15.628 -7.86814 96.2662
    endloop
  endfacet
  facet normal -0.499997 -0.866027 -5.64376e-06
    outer loop
      vertex 13.9144 -6.87878 93.1214
      vertex 15.7382 -7.93176 95.8476
      vertex 12.7196 -6.18899 96.51
    endloop
  endfacet
  facet normal -0.499992 -0.86603 -9.84164e-06
    outer loop
      vertex 15.7382 -7.93176 95.8476
      vertex 13.9144 -6.87878 93.1214
      vertex 16.0879 -8.13364 94.5194
    endloop
  endfacet
  facet normal -0.5 -0.866025 6.86074e-06
    outer loop
      vertex 16.0879 -8.13364 94.5194
      vertex 13.9144 -6.87878 93.1214
      vertex 16.1578 -8.174 94.1145
    endloop
  endfacet
  facet normal -0.500003 -0.866024 1.53093e-05
    outer loop
      vertex 13.9144 -6.87878 93.1214
      vertex 16.3969 -8.31207 92.7292
      vertex 16.1578 -8.174 94.1145
    endloop
  endfacet
  facet normal -0.500003 -0.866024 1.67799e-05
    outer loop
      vertex 13.9144 -6.87878 93.1214
      vertex 16.4308 -8.33165 92.3326
      vertex 16.3969 -8.31207 92.7292
    endloop
  endfacet
  facet normal -0.50001 -0.86602 -1.3516e-05
    outer loop
      vertex 13.9144 -6.87878 93.1214
      vertex 16.5522 -8.40172 90.9127
      vertex 16.4308 -8.33165 92.3326
    endloop
  endfacet
  facet normal -0.500001 -0.866025 0
    outer loop
      vertex 13.9144 -6.87878 93.1214
      vertex 16.5522 -8.40172 89.0873
      vertex 16.5522 -8.40172 90.9127
    endloop
  endfacet
  facet normal -0.500001 -0.866025 0
    outer loop
      vertex 13.9144 -6.87878 86.8786
      vertex 16.5522 -8.40172 89.0873
      vertex 13.9144 -6.87878 93.1214
    endloop
  endfacet
  facet normal -0.50001 -0.86602 1.3516e-05
    outer loop
      vertex 16.5522 -8.40172 89.0873
      vertex 13.9144 -6.87878 86.8786
      vertex 16.4308 -8.33165 87.6674
    endloop
  endfacet
  facet normal -0.500003 -0.866024 -1.67799e-05
    outer loop
      vertex 16.4308 -8.33165 87.6674
      vertex 13.9144 -6.87878 86.8786
      vertex 16.3969 -8.31207 87.2708
    endloop
  endfacet
  facet normal -0.500003 -0.866024 -1.53093e-05
    outer loop
      vertex 13.9144 -6.87878 86.8786
      vertex 16.1578 -8.174 85.8855
      vertex 16.3969 -8.31207 87.2708
    endloop
  endfacet
  facet normal -0.5 -0.866025 -6.86074e-06
    outer loop
      vertex 13.9144 -6.87878 86.8786
      vertex 16.0879 -8.13364 85.4806
      vertex 16.1578 -8.174 85.8855
    endloop
  endfacet
  facet normal -0.499992 -0.86603 9.84164e-06
    outer loop
      vertex 13.9144 -6.87878 86.8786
      vertex 15.7382 -7.93176 84.1524
      vertex 16.0879 -8.13364 85.4806
    endloop
  endfacet
  facet normal -0.499996 -0.866028 6.70765e-06
    outer loop
      vertex 13.9144 -6.87878 86.8786
      vertex 15.628 -7.86814 83.7338
      vertex 15.7382 -7.93176 84.1524
    endloop
  endfacet
  facet normal -0.500001 -0.866025 2.39811e-06
    outer loop
      vertex 12.1391 -5.85382 81.8435
      vertex 15.628 -7.86814 83.7338
      vertex 13.9144 -6.87878 86.8786
    endloop
  endfacet
  facet normal -0.499996 -0.866027 -1.00323e-05
    outer loop
      vertex 15.628 -7.86814 83.7338
      vertex 12.1391 -5.85382 81.8435
      vertex 15.1789 -7.60884 82.4845
    endloop
  endfacet
  facet normal -0.499995 -0.866028 -1.87752e-05
    outer loop
      vertex 15.1789 -7.60884 82.4845
      vertex 12.1391 -5.85382 81.8435
      vertex 15.0218 -7.51813 82.0475
    endloop
  endfacet
  facet normal -0.499999 -0.866026 5.9822e-05
    outer loop
      vertex 12.1391 -5.85382 81.8435
      vertex 14.8025 -7.39155 81.5749
      vertex 15.0218 -7.51813 82.0475
    endloop
  endfacet
  facet normal -0.5 -0.866026 -6.91337e-07
    outer loop
      vertex 14.275 -7.08698 80.4377
      vertex 12.1391 -5.85382 81.8435
      vertex 11.8808 -5.70469 81.1109
    endloop
  endfacet
  facet normal -0.500005 -0.866023 -1.06974e-05
    outer loop
      vertex 12.1391 -5.85382 81.8435
      vertex 14.275 -7.08698 80.4377
      vertex 14.8025 -7.39155 81.5749
    endloop
  endfacet
  facet normal -0.500016 -0.866016 -1.8494e-05
    outer loop
      vertex 13.6772 -6.74185 79.4068
      vertex 11.8808 -5.70469 81.1109
      vertex 11.1954 -5.30894 80.3056
    endloop
  endfacet
  facet normal -0.499998 -0.866027 6.85311e-06
    outer loop
      vertex 11.8808 -5.70469 81.1109
      vertex 13.6772 -6.74185 79.4068
      vertex 14.275 -7.08698 80.4377
    endloop
  endfacet
  facet normal -0.500015 -0.866017 -1.35702e-05
    outer loop
      vertex 11.1954 -5.30894 80.3056
      vertex 13.3949 -6.57885 78.92
      vertex 13.6772 -6.74185 79.4068
    endloop
  endfacet
  facet normal -0.500022 -0.866013 -2.8179e-05
    outer loop
      vertex 11.1954 -5.30894 80.3056
      vertex 13.0028 -6.35244 78.3694
      vertex 13.3949 -6.57885 78.92
    endloop
  endfacet
  facet normal -0.499999 -0.866026 1.1402e-05
    outer loop
      vertex 12.3899 -5.99862 77.509
      vertex 11.1954 -5.30894 80.3056
      vertex 9.54178 -4.35425 78.363
    endloop
  endfacet
  facet normal -0.499982 -0.866036 2.11257e-05
    outer loop
      vertex 11.1954 -5.30894 80.3056
      vertex 12.3899 -5.99862 77.509
      vertex 13.0028 -6.35244 78.3694
    endloop
  endfacet
  facet normal -0.500003 -0.866023 -7.42644e-06
    outer loop
      vertex 9.54178 -4.35425 78.363
      vertex 11.7462 -5.62697 76.7673
      vertex 12.3899 -5.99862 77.509
    endloop
  endfacet
  facet normal -0.499985 -0.866034 2.6029e-05
    outer loop
      vertex 9.54178 -4.35425 78.363
      vertex 11.2697 -5.35189 76.2183
      vertex 11.7462 -5.62697 76.7673
    endloop
  endfacet
  facet normal -0.500008 -0.866021 1.59973e-06
    outer loop
      vertex 9.54178 -4.35425 78.363
      vertex 10.5718 -4.94895 75.5584
      vertex 11.2697 -5.35189 76.2183
    endloop
  endfacet
  facet normal -0.500037 -0.866004 -1.26907e-05
    outer loop
      vertex 9.54178 -4.35425 78.363
      vertex 10.0452 -4.64488 75.0603
      vertex 10.5718 -4.94895 75.5584
    endloop
  endfacet
  facet normal -0.499975 -0.86604 0
    outer loop
      vertex 10.0452 -4.64488 75.0603
      vertex 9.54178 -4.35425 78.363
      vertex 9.54178 -4.35425 74.6728
    endloop
  endfacet
  facet normal -0.908672 -0.180734 -0.376365
    outer loop
      vertex 14.498 6.00528 93.1214
      vertex 13.694 2.99102 96.51
      vertex 13.2013 5.46816 96.51
    endloop
  endfacet
  facet normal -0.908661 -0.180755 -0.376382
    outer loop
      vertex 13.694 2.99102 96.51
      vertex 14.498 6.00528 93.1214
      vertex 15.6926 0 93.1214
    endloop
  endfacet
  facet normal 0.770332 -0.514717 -0.376371
    outer loop
      vertex -11.7981 7.56817 96.51
      vertex -14.498 6.00528 93.1214
      vertex -11.0963 11.0963 93.1214
    endloop
  endfacet
  facet normal 0.770329 -0.514724 -0.376366
    outer loop
      vertex -14.498 6.00528 93.1214
      vertex -11.7981 7.56817 96.51
      vertex -13.2013 5.46816 96.51
    endloop
  endfacet
  facet normal 0.908672 0.180734 -0.376365
    outer loop
      vertex -14.498 -6.00528 93.1214
      vertex -13.694 -2.99102 96.51
      vertex -13.2013 -5.46816 96.51
    endloop
  endfacet
  facet normal 0.908661 0.180755 -0.376382
    outer loop
      vertex -13.694 -2.99102 96.51
      vertex -14.498 -6.00528 93.1214
      vertex -15.6926 0 93.1214
    endloop
  endfacet
  facet normal -0.770277 0.514694 -0.376515
    outer loop
      vertex 11.7271 -7.92533 96.167
      vertex 10.1038 -10.1038 96.51
      vertex 11.6061 -7.8555 96.51
    endloop
  endfacet
  facet normal -0.770311 0.51474 -0.376383
    outer loop
      vertex 10.1038 -10.1038 96.51
      vertex 11.7271 -7.92533 96.167
      vertex 11.0963 -11.0963 93.1214
    endloop
  endfacet
  facet normal -0.770321 -0.514726 -0.376382
    outer loop
      vertex 11.0963 11.0963 93.1214
      vertex 11.7981 7.56817 96.51
      vertex 10.1038 10.1038 96.51
    endloop
  endfacet
  facet normal -0.180772 -0.908659 -0.376379
    outer loop
      vertex 1 15.0244 94.2544
      vertex 2.99102 13.694 96.51
      vertex 1 14.0901 96.51
    endloop
  endfacet
  facet normal -0.770332 -0.514717 -0.376371
    outer loop
      vertex 14.498 6.00528 93.1214
      vertex 11.7981 7.56817 96.51
      vertex 11.0963 11.0963 93.1214
    endloop
  endfacet
  facet normal -0.770329 -0.514724 -0.376366
    outer loop
      vertex 11.7981 7.56817 96.51
      vertex 14.498 6.00528 93.1214
      vertex 13.2013 5.46816 96.51
    endloop
  endfacet
  facet normal 0.555569 -0.83147 0
    outer loop
      vertex -11.0963 11.0963 86.8786
      vertex -6.00528 14.498 93.1214
      vertex -11.0963 11.0963 93.1214
    endloop
  endfacet
  facet normal 0.555569 -0.83147 0
    outer loop
      vertex -6.00528 14.498 93.1214
      vertex -11.0963 11.0963 86.8786
      vertex -6.00528 14.498 86.8786
    endloop
  endfacet
  facet normal 0.514726 -0.770321 -0.376382
    outer loop
      vertex -7.56817 11.7981 96.51
      vertex -10.1038 10.1038 96.51
      vertex -11.0963 11.0963 93.1214
    endloop
  endfacet
  facet normal 0.980783 0.195102 0
    outer loop
      vertex -14.498 -6.00528 93.1214
      vertex -15.6926 0 86.8786
      vertex -15.6926 0 93.1214
    endloop
  endfacet
  facet normal 0.980783 0.195102 0
    outer loop
      vertex -15.6926 0 86.8786
      vertex -14.498 -6.00528 93.1214
      vertex -14.498 -6.00528 86.8786
    endloop
  endfacet
  facet normal 0.180734 -0.908672 -0.376365
    outer loop
      vertex -6.00528 14.498 93.1214
      vertex -2.99102 13.694 96.51
      vertex -5.46816 13.2013 96.51
    endloop
  endfacet
  facet normal 0.180762 -0.908657 -0.376387
    outer loop
      vertex -2.99102 13.694 96.51
      vertex -6.00528 14.498 93.1214
      vertex -1 15.0244 94.2544
    endloop
  endfacet
  facet normal 0.18076 -0.908662 -0.376377
    outer loop
      vertex -1 15.0244 94.2544
      vertex -6.00528 14.498 93.1214
      vertex -1 15.4937 93.1214
    endloop
  endfacet
  facet normal -0.831493 0.555535 0
    outer loop
      vertex 13.9144 -6.87878 86.8786
      vertex 14.498 -6.00528 93.1214
      vertex 14.498 -6.00528 86.8786
    endloop
  endfacet
  facet normal -0.831493 0.555535 0
    outer loop
      vertex 14.498 -6.00528 93.1214
      vertex 13.9144 -6.87878 86.8786
      vertex 13.9144 -6.87878 93.1214
    endloop
  endfacet
  facet normal -0.83146 0.555584 0
    outer loop
      vertex 11.0963 -11.0963 86.8786
      vertex 12.8009 -8.54528 93.1214
      vertex 12.8009 -8.54528 86.8786
    endloop
  endfacet
  facet normal -0.83146 0.555584 0
    outer loop
      vertex 12.8009 -8.54528 93.1214
      vertex 11.0963 -11.0963 86.8786
      vertex 11.0963 -11.0963 93.1214
    endloop
  endfacet
  facet normal 0.908672 -0.180734 -0.376365
    outer loop
      vertex -13.694 2.99102 96.51
      vertex -14.498 6.00528 93.1214
      vertex -13.2013 5.46816 96.51
    endloop
  endfacet
  facet normal 0.908661 -0.180755 -0.376382
    outer loop
      vertex -14.498 6.00528 93.1214
      vertex -13.694 2.99102 96.51
      vertex -15.6926 0 93.1214
    endloop
  endfacet
  facet normal -0.980783 -0.195102 0
    outer loop
      vertex 15.6926 0 86.8786
      vertex 14.498 6.00528 93.1214
      vertex 14.498 6.00528 86.8786
    endloop
  endfacet
  facet normal -0.980783 -0.195102 0
    outer loop
      vertex 14.498 6.00528 93.1214
      vertex 15.6926 0 86.8786
      vertex 15.6926 0 93.1214
    endloop
  endfacet
  facet normal -0.555569 -0.83147 0
    outer loop
      vertex 6.00528 14.498 86.8786
      vertex 11.0963 11.0963 93.1214
      vertex 6.00528 14.498 93.1214
    endloop
  endfacet
  facet normal -0.555569 -0.83147 -0
    outer loop
      vertex 11.0963 11.0963 93.1214
      vertex 6.00528 14.498 86.8786
      vertex 11.0963 11.0963 86.8786
    endloop
  endfacet
  facet normal 0.180759 0.908661 -0.376379
    outer loop
      vertex 0 -14.289 96.51
      vertex 0 -15.6926 93.1214
      vertex -2.99102 -13.694 96.51
    endloop
  endfacet
  facet normal 0.195102 0.980783 -0
    outer loop
      vertex 0 -15.6926 86.8786
      vertex -6.00528 -14.498 93.1214
      vertex 0 -15.6926 93.1214
    endloop
  endfacet
  facet normal 0.195102 0.980783 0
    outer loop
      vertex -6.00528 -14.498 93.1214
      vertex 0 -15.6926 86.8786
      vertex -6.00528 -14.498 86.8786
    endloop
  endfacet
  facet normal 0.514726 0.770321 -0.376382
    outer loop
      vertex -10.1038 -10.1038 96.51
      vertex -7.56817 -11.7981 96.51
      vertex -11.0963 -11.0963 93.1214
    endloop
  endfacet
  facet normal 0.831493 0.555535 0
    outer loop
      vertex -13.9144 -6.87878 93.1214
      vertex -14.498 -6.00528 86.8786
      vertex -14.498 -6.00528 93.1214
    endloop
  endfacet
  facet normal 0.831493 0.555535 0
    outer loop
      vertex -14.498 -6.00528 86.8786
      vertex -13.9144 -6.87878 93.1214
      vertex -13.9144 -6.87878 86.8786
    endloop
  endfacet
  facet normal 0.83146 0.555584 0
    outer loop
      vertex -11.0963 -11.0963 93.1214
      vertex -12.8009 -8.54528 86.8786
      vertex -12.8009 -8.54528 93.1214
    endloop
  endfacet
  facet normal 0.83146 0.555584 0
    outer loop
      vertex -12.8009 -8.54528 86.8786
      vertex -11.0963 -11.0963 93.1214
      vertex -11.0963 -11.0963 86.8786
    endloop
  endfacet
  facet normal 0.980783 -0.195102 0
    outer loop
      vertex -15.6926 0 93.1214
      vertex -14.498 6.00528 86.8786
      vertex -14.498 6.00528 93.1214
    endloop
  endfacet
  facet normal 0.980783 -0.195102 0
    outer loop
      vertex -14.498 6.00528 86.8786
      vertex -15.6926 0 93.1214
      vertex -15.6926 0 86.8786
    endloop
  endfacet
  facet normal 0.908661 -0.180759 -0.376379
    outer loop
      vertex -13.694 2.99102 96.51
      vertex -14.289 0 96.51
      vertex -15.6926 0 93.1214
    endloop
  endfacet
  facet normal -0.980783 0.195102 0
    outer loop
      vertex 14.498 -6.00528 86.8786
      vertex 15.6926 0 93.1214
      vertex 15.6926 0 86.8786
    endloop
  endfacet
  facet normal -0.980783 0.195102 0
    outer loop
      vertex 15.6926 0 93.1214
      vertex 14.498 -6.00528 86.8786
      vertex 14.498 -6.00528 93.1214
    endloop
  endfacet
  facet normal -0.908661 0.180759 -0.376379
    outer loop
      vertex 14.289 0 96.51
      vertex 15.6926 0 93.1214
      vertex 13.694 -2.99102 96.51
    endloop
  endfacet
  facet normal -0.908661 -0.180759 -0.376379
    outer loop
      vertex 15.6926 0 93.1214
      vertex 14.289 0 96.51
      vertex 13.694 2.99102 96.51
    endloop
  endfacet
  facet normal -0.908661 0.180755 -0.376382
    outer loop
      vertex 14.498 -6.00528 93.1214
      vertex 13.694 -2.99102 96.51
      vertex 15.6926 0 93.1214
    endloop
  endfacet
  facet normal -0.908672 0.180734 -0.376365
    outer loop
      vertex 13.694 -2.99102 96.51
      vertex 14.498 -6.00528 93.1214
      vertex 13.2013 -5.46816 96.51
    endloop
  endfacet
  facet normal -0.770305 0.514762 -0.376363
    outer loop
      vertex 14.498 -6.00528 93.1214
      vertex 12.7196 -6.18899 96.51
      vertex 13.2013 -5.46816 96.51
    endloop
  endfacet
  facet normal -0.770347 0.514682 -0.376389
    outer loop
      vertex 12.7196 -6.18899 96.51
      vertex 14.498 -6.00528 93.1214
      vertex 13.9144 -6.87878 93.1214
    endloop
  endfacet
  facet normal -0.770322 0.514731 -0.376372
    outer loop
      vertex 11.7271 -7.92533 96.167
      vertex 12.8009 -8.54528 93.1214
      vertex 11.0963 -11.0963 93.1214
    endloop
  endfacet
  facet normal -0.83147 -0.555569 0
    outer loop
      vertex 14.498 6.00528 86.8786
      vertex 11.0963 11.0963 93.1214
      vertex 11.0963 11.0963 86.8786
    endloop
  endfacet
  facet normal -0.83147 -0.555569 0
    outer loop
      vertex 11.0963 11.0963 93.1214
      vertex 14.498 6.00528 86.8786
      vertex 14.498 6.00528 93.1214
    endloop
  endfacet
  facet normal 0.180772 -0.908659 -0.376379
    outer loop
      vertex -1 15.0244 94.2544
      vertex -1 14.0901 96.51
      vertex -2.99102 13.694 96.51
    endloop
  endfacet
  facet normal -0.180762 -0.908657 -0.376387
    outer loop
      vertex 6.00528 14.498 93.1214
      vertex 2.99102 13.694 96.51
      vertex 1 15.0244 94.2544
    endloop
  endfacet
  facet normal -0.18076 -0.908662 -0.376377
    outer loop
      vertex 6.00528 14.498 93.1214
      vertex 1 15.0244 94.2544
      vertex 1 15.4937 93.1214
    endloop
  endfacet
  facet normal -0.180734 -0.908672 -0.376365
    outer loop
      vertex 2.99102 13.694 96.51
      vertex 6.00528 14.498 93.1214
      vertex 5.46816 13.2013 96.51
    endloop
  endfacet
  facet normal -0.195102 0.980783 0
    outer loop
      vertex 6.00528 -14.498 86.8786
      vertex 0 -15.6926 93.1214
      vertex 6.00528 -14.498 93.1214
    endloop
  endfacet
  facet normal -0.195102 0.980783 0
    outer loop
      vertex 0 -15.6926 93.1214
      vertex 6.00528 -14.498 86.8786
      vertex 0 -15.6926 86.8786
    endloop
  endfacet
  facet normal -0.514726 0.770321 -0.376382
    outer loop
      vertex 10.1038 -10.1038 96.51
      vertex 11.0963 -11.0963 93.1214
      vertex 7.56817 -11.7981 96.51
    endloop
  endfacet
  facet normal 0.770277 0.514694 -0.376515
    outer loop
      vertex -10.1038 -10.1038 96.51
      vertex -11.7271 -7.92533 96.167
      vertex -11.6061 -7.8555 96.51
    endloop
  endfacet
  facet normal 0.770311 0.51474 -0.376383
    outer loop
      vertex -11.7271 -7.92533 96.167
      vertex -10.1038 -10.1038 96.51
      vertex -11.0963 -11.0963 93.1214
    endloop
  endfacet
  facet normal 0.770305 0.514762 -0.376363
    outer loop
      vertex -12.7196 -6.18899 96.51
      vertex -14.498 -6.00528 93.1214
      vertex -13.2013 -5.46816 96.51
    endloop
  endfacet
  facet normal 0.770347 0.514682 -0.376389
    outer loop
      vertex -14.498 -6.00528 93.1214
      vertex -12.7196 -6.18899 96.51
      vertex -13.9144 -6.87878 93.1214
    endloop
  endfacet
  facet normal 0.770322 0.514731 -0.376372
    outer loop
      vertex -11.7271 -7.92533 96.167
      vertex -11.0963 -11.0963 93.1214
      vertex -12.8009 -8.54528 93.1214
    endloop
  endfacet
  facet normal 0.908661 0.180759 -0.376379
    outer loop
      vertex -14.289 0 96.51
      vertex -13.694 -2.99102 96.51
      vertex -15.6926 0 93.1214
    endloop
  endfacet
  facet normal -0.514726 -0.770321 -0.376382
    outer loop
      vertex 11.0963 11.0963 93.1214
      vertex 10.1038 10.1038 96.51
      vertex 7.56817 11.7981 96.51
    endloop
  endfacet
  facet normal -0.514724 -0.770329 -0.376366
    outer loop
      vertex 6.00528 14.498 93.1214
      vertex 7.56817 11.7981 96.51
      vertex 5.46816 13.2013 96.51
    endloop
  endfacet
  facet normal -0.514717 -0.770332 -0.376371
    outer loop
      vertex 7.56817 11.7981 96.51
      vertex 6.00528 14.498 93.1214
      vertex 11.0963 11.0963 93.1214
    endloop
  endfacet
  facet normal 0.514717 -0.770332 -0.376371
    outer loop
      vertex -6.00528 14.498 93.1214
      vertex -7.56817 11.7981 96.51
      vertex -11.0963 11.0963 93.1214
    endloop
  endfacet
  facet normal 0.514724 -0.770329 -0.376366
    outer loop
      vertex -7.56817 11.7981 96.51
      vertex -6.00528 14.498 93.1214
      vertex -5.46816 13.2013 96.51
    endloop
  endfacet
  facet normal -0.195107 -0.980782 0
    outer loop
      vertex 1 15.4937 86.8786
      vertex 6.00528 14.498 93.1214
      vertex 1 15.4937 93.1214
    endloop
  endfacet
  facet normal -0.195107 -0.980782 -0
    outer loop
      vertex 6.00528 14.498 93.1214
      vertex 1 15.4937 86.8786
      vertex 6.00528 14.498 86.8786
    endloop
  endfacet
  facet normal 0.195107 -0.980782 0
    outer loop
      vertex -6.00528 14.498 86.8786
      vertex -1 15.4937 93.1214
      vertex -6.00528 14.498 93.1214
    endloop
  endfacet
  facet normal 0.195107 -0.980782 0
    outer loop
      vertex -1 15.4937 93.1214
      vertex -6.00528 14.498 86.8786
      vertex -1 15.4937 86.8786
    endloop
  endfacet
  facet normal 0.555569 0.83147 -0
    outer loop
      vertex -6.00528 -14.498 86.8786
      vertex -11.0963 -11.0963 93.1214
      vertex -6.00528 -14.498 93.1214
    endloop
  endfacet
  facet normal 0.555569 0.83147 0
    outer loop
      vertex -11.0963 -11.0963 93.1214
      vertex -6.00528 -14.498 86.8786
      vertex -11.0963 -11.0963 86.8786
    endloop
  endfacet
  facet normal 0.83147 -0.555569 0
    outer loop
      vertex -14.498 6.00528 93.1214
      vertex -11.0963 11.0963 86.8786
      vertex -11.0963 11.0963 93.1214
    endloop
  endfacet
  facet normal 0.83147 -0.555569 0
    outer loop
      vertex -11.0963 11.0963 86.8786
      vertex -14.498 6.00528 93.1214
      vertex -14.498 6.00528 86.8786
    endloop
  endfacet
  facet normal 0.770321 -0.514726 -0.376382
    outer loop
      vertex -11.0963 11.0963 93.1214
      vertex -10.1038 10.1038 96.51
      vertex -11.7981 7.56817 96.51
    endloop
  endfacet
  facet normal -0.180759 0.908661 -0.376379
    outer loop
      vertex 0 -14.289 96.51
      vertex 2.99102 -13.694 96.51
      vertex 0 -15.6926 93.1214
    endloop
  endfacet
  facet normal -0.555569 0.83147 0
    outer loop
      vertex 11.0963 -11.0963 86.8786
      vertex 6.00528 -14.498 93.1214
      vertex 11.0963 -11.0963 93.1214
    endloop
  endfacet
  facet normal -0.555569 0.83147 0
    outer loop
      vertex 6.00528 -14.498 93.1214
      vertex 11.0963 -11.0963 86.8786
      vertex 6.00528 -14.498 86.8786
    endloop
  endfacet
  facet normal 0.514724 0.770329 -0.376366
    outer loop
      vertex -6.00528 -14.498 93.1214
      vertex -7.56817 -11.7981 96.51
      vertex -5.46816 -13.2013 96.51
    endloop
  endfacet
  facet normal 0.514717 0.770332 -0.376371
    outer loop
      vertex -7.56817 -11.7981 96.51
      vertex -6.00528 -14.498 93.1214
      vertex -11.0963 -11.0963 93.1214
    endloop
  endfacet
  facet normal 0.180755 0.908661 -0.376382
    outer loop
      vertex -6.00528 -14.498 93.1214
      vertex -2.99102 -13.694 96.51
      vertex 0 -15.6926 93.1214
    endloop
  endfacet
  facet normal 0.180734 0.908672 -0.376365
    outer loop
      vertex -2.99102 -13.694 96.51
      vertex -6.00528 -14.498 93.1214
      vertex -5.46816 -13.2013 96.51
    endloop
  endfacet
  facet normal -0.180734 0.908672 -0.376365
    outer loop
      vertex 6.00528 -14.498 93.1214
      vertex 2.99102 -13.694 96.51
      vertex 5.46816 -13.2013 96.51
    endloop
  endfacet
  facet normal -0.180755 0.908661 -0.376382
    outer loop
      vertex 2.99102 -13.694 96.51
      vertex 6.00528 -14.498 93.1214
      vertex 0 -15.6926 93.1214
    endloop
  endfacet
  facet normal -0.514717 0.770332 -0.376371
    outer loop
      vertex 6.00528 -14.498 93.1214
      vertex 7.56817 -11.7981 96.51
      vertex 11.0963 -11.0963 93.1214
    endloop
  endfacet
  facet normal -0.514724 0.770329 -0.376366
    outer loop
      vertex 7.56817 -11.7981 96.51
      vertex 6.00528 -14.498 93.1214
      vertex 5.46816 -13.2013 96.51
    endloop
  endfacet
  facet normal -0 0 1
    outer loop
      vertex -1.70665 17.3279 96.51
      vertex -1 14.0901 96.51
      vertex -1 17.3626 96.51
    endloop
  endfacet
  facet normal -0 0 1
    outer loop
      vertex -1.94266 17.2929 96.51
      vertex -1 14.0901 96.51
      vertex -1.70665 17.3279 96.51
    endloop
  endfacet
  facet normal 0 0 1
    outer loop
      vertex -1.94266 17.2929 96.51
      vertex -2.99102 13.694 96.51
      vertex -1 14.0901 96.51
    endloop
  endfacet
  facet normal -0 0 1
    outer loop
      vertex -3.39686 17.0772 96.51
      vertex -2.99102 13.694 96.51
      vertex -1.94266 17.2929 96.51
    endloop
  endfacet
  facet normal -0 0 1
    outer loop
      vertex -4.8229 16.7199 96.51
      vertex -2.99102 13.694 96.51
      vertex -3.39686 17.0772 96.51
    endloop
  endfacet
  facet normal -0 0 1
    outer loop
      vertex -5.05435 16.662 96.51
      vertex -2.99102 13.694 96.51
      vertex -4.8229 16.7199 96.51
    endloop
  endfacet
  facet normal 0 0 1
    outer loop
      vertex -5.05435 16.662 96.51
      vertex -5.46816 13.2013 96.51
      vertex -2.99102 13.694 96.51
    endloop
  endfacet
  facet normal -0 0 1
    outer loop
      vertex -6.43852 16.1667 96.51
      vertex -5.46816 13.2013 96.51
      vertex -5.05435 16.662 96.51
    endloop
  endfacet
  facet normal -0 0 1
    outer loop
      vertex -6.66317 16.0863 96.51
      vertex -5.46816 13.2013 96.51
      vertex -6.43852 16.1667 96.51
    endloop
  endfacet
  facet normal -0 0 1
    outer loop
      vertex -6.87886 15.9843 96.51
      vertex -5.46816 13.2013 96.51
      vertex -6.66317 16.0863 96.51
    endloop
  endfacet
  facet normal -0 0 1
    outer loop
      vertex -8.20782 15.3558 96.51
      vertex -5.46816 13.2013 96.51
      vertex -6.87886 15.9843 96.51
    endloop
  endfacet
  facet normal 0 0 1
    outer loop
      vertex -5.46816 13.2013 96.51
      vertex -8.20782 15.3558 96.51
      vertex -7.56817 11.7981 96.51
    endloop
  endfacet
  facet normal -0 0 1
    outer loop
      vertex -9.46878 14.6 96.51
      vertex -7.56817 11.7981 96.51
      vertex -8.20782 15.3558 96.51
    endloop
  endfacet
  facet normal -0 0 1
    outer loop
      vertex -9.67343 14.4773 96.51
      vertex -7.56817 11.7981 96.51
      vertex -9.46878 14.6 96.51
    endloop
  endfacet
  facet normal -0 0 1
    outer loop
      vertex -9.86507 14.3352 96.51
      vertex -7.56817 11.7981 96.51
      vertex -9.67343 14.4773 96.51
    endloop
  endfacet
  facet normal -0 0 1
    outer loop
      vertex -11.0459 13.4594 96.51
      vertex -7.56817 11.7981 96.51
      vertex -9.86507 14.3352 96.51
    endloop
  endfacet
  facet normal 0 0 1
    outer loop
      vertex -7.56817 11.7981 96.51
      vertex -11.0459 13.4594 96.51
      vertex -10.1038 10.1038 96.51
    endloop
  endfacet
  facet normal -0 0 1
    outer loop
      vertex -12.1352 12.4722 96.51
      vertex -10.1038 10.1038 96.51
      vertex -11.0459 13.4594 96.51
    endloop
  endfacet
  facet normal -0 0 1
    outer loop
      vertex -12.3119 12.3119 96.51
      vertex -10.1038 10.1038 96.51
      vertex -12.1352 12.4722 96.51
    endloop
  endfacet
  facet normal 0 0 1
    outer loop
      vertex -10.1038 10.1038 96.51
      vertex -12.3119 12.3119 96.51
      vertex -12.4722 12.1352 96.51
    endloop
  endfacet
  facet normal -0 0 1
    outer loop
      vertex -13.4594 11.0459 96.51
      vertex -10.1038 10.1038 96.51
      vertex -12.4722 12.1352 96.51
    endloop
  endfacet
  facet normal 0 0 1
    outer loop
      vertex -10.1038 10.1038 96.51
      vertex -13.4594 11.0459 96.51
      vertex -11.7981 7.56817 96.51
    endloop
  endfacet
  facet normal -0 0 1
    outer loop
      vertex -14.3352 9.86507 96.51
      vertex -11.7981 7.56817 96.51
      vertex -13.4594 11.0459 96.51
    endloop
  endfacet
  facet normal -0 0 1
    outer loop
      vertex -14.4773 9.67343 96.51
      vertex -11.7981 7.56817 96.51
      vertex -14.3352 9.86507 96.51
    endloop
  endfacet
  facet normal -0 0 1
    outer loop
      vertex -15.3558 8.20782 96.51
      vertex -11.7981 7.56817 96.51
      vertex -14.6 9.46878 96.51
    endloop
  endfacet
  facet normal 0 0 1
    outer loop
      vertex -11.7981 7.56817 96.51
      vertex -15.3558 8.20782 96.51
      vertex -13.2013 5.46816 96.51
    endloop
  endfacet
  facet normal 0 0 1
    outer loop
      vertex -11.7981 7.56817 96.51
      vertex -14.4773 9.67343 96.51
      vertex -14.6 9.46878 96.51
    endloop
  endfacet
  facet normal -0 0 1
    outer loop
      vertex -15.9843 6.87886 96.51
      vertex -13.2013 5.46816 96.51
      vertex -15.3558 8.20782 96.51
    endloop
  endfacet
  facet normal -0 0 1
    outer loop
      vertex -16.0863 6.66317 96.51
      vertex -13.2013 5.46816 96.51
      vertex -15.9843 6.87886 96.51
    endloop
  endfacet
  facet normal 0 0 1
    outer loop
      vertex -13.2013 -5.46816 96.51
      vertex -15.5404 -7.81753 96.51
      vertex -12.7196 -6.18899 96.51
    endloop
  endfacet
  facet normal -0 0 1
    outer loop
      vertex -16.662 -5.05435 96.51
      vertex -13.2013 -5.46816 96.51
      vertex -13.694 -2.99102 96.51
    endloop
  endfacet
  facet normal -0 0 1
    outer loop
      vertex -17.2929 -1.94266 96.51
      vertex -13.694 -2.99102 96.51
      vertex -14.289 0 96.51
    endloop
  endfacet
  facet normal 0 0 1
    outer loop
      vertex -16.662 5.05435 96.51
      vertex -13.2013 5.46816 96.51
      vertex -16.1667 6.43852 96.51
    endloop
  endfacet
  facet normal 0 0 1
    outer loop
      vertex -13.2013 5.46816 96.51
      vertex -16.662 5.05435 96.51
      vertex -13.694 2.99102 96.51
    endloop
  endfacet
  facet normal 0 0 1
    outer loop
      vertex -13.2013 -5.46816 96.51
      vertex -15.9843 -6.87886 96.51
      vertex -15.5404 -7.81753 96.51
    endloop
  endfacet
  facet normal 0 0 1
    outer loop
      vertex -13.2013 5.46816 96.51
      vertex -16.0863 6.66317 96.51
      vertex -16.1667 6.43852 96.51
    endloop
  endfacet
  facet normal -0 0 1
    outer loop
      vertex -16.7199 4.8229 96.51
      vertex -13.694 2.99102 96.51
      vertex -16.662 5.05435 96.51
    endloop
  endfacet
  facet normal 0 -0 1
    outer loop
      vertex -16.0863 -6.66317 96.51
      vertex -13.2013 -5.46816 96.51
      vertex -16.1667 -6.43852 96.51
    endloop
  endfacet
  facet normal 0 0 1
    outer loop
      vertex -13.2013 -5.46816 96.51
      vertex -16.0863 -6.66317 96.51
      vertex -15.9843 -6.87886 96.51
    endloop
  endfacet
  facet normal -0 0 1
    outer loop
      vertex -17.0772 3.39686 96.51
      vertex -13.694 2.99102 96.51
      vertex -16.7199 4.8229 96.51
    endloop
  endfacet
  facet normal 0 0 1
    outer loop
      vertex -17.2929 1.94266 96.51
      vertex -13.694 2.99102 96.51
      vertex -17.0772 3.39686 96.51
    endloop
  endfacet
  facet normal 0 0 1
    outer loop
      vertex -13.694 -2.99102 96.51
      vertex -16.7199 -4.8229 96.51
      vertex -16.662 -5.05435 96.51
    endloop
  endfacet
  facet normal 0 0 1
    outer loop
      vertex -13.2013 -5.46816 96.51
      vertex -16.662 -5.05435 96.51
      vertex -16.1667 -6.43852 96.51
    endloop
  endfacet
  facet normal 0 0 1
    outer loop
      vertex -13.694 2.99102 96.51
      vertex -17.2929 1.94266 96.51
      vertex -14.289 0 96.51
    endloop
  endfacet
  facet normal -0 0 1
    outer loop
      vertex -17.3279 1.70665 96.51
      vertex -14.289 0 96.51
      vertex -17.2929 1.94266 96.51
    endloop
  endfacet
  facet normal 0 0 1
    outer loop
      vertex -13.694 -2.99102 96.51
      vertex -17.2929 -1.94266 96.51
      vertex -17.0772 -3.39686 96.51
    endloop
  endfacet
  facet normal 0 0 1
    outer loop
      vertex -13.694 -2.99102 96.51
      vertex -17.0772 -3.39686 96.51
      vertex -16.7199 -4.8229 96.51
    endloop
  endfacet
  facet normal 0 0 1
    outer loop
      vertex -14.289 0 96.51
      vertex -17.3279 1.70665 96.51
      vertex -17.4 0.238312 96.51
    endloop
  endfacet
  facet normal 0 0 1
    outer loop
      vertex -17.4117 0 96.51
      vertex -14.289 0 96.51
      vertex -17.4 0.238312 96.51
    endloop
  endfacet
  facet normal 0 -0 1
    outer loop
      vertex -17.3279 -1.70665 96.51
      vertex -14.289 0 96.51
      vertex -17.4 -0.238312 96.51
    endloop
  endfacet
  facet normal 0 0 1
    outer loop
      vertex -14.289 0 96.51
      vertex -17.3279 -1.70665 96.51
      vertex -17.2929 -1.94266 96.51
    endloop
  endfacet
  facet normal 0 0 1
    outer loop
      vertex -14.289 0 96.51
      vertex -17.4117 0 96.51
      vertex -17.4 -0.238312 96.51
    endloop
  endfacet
  facet normal 0 0 1
    outer loop
      vertex 11.6061 -7.8555 96.51
      vertex 14.4773 -9.67343 96.51
      vertex 14.5487 -9.55438 96.51
    endloop
  endfacet
  facet normal 0 0 1
    outer loop
      vertex 14.4773 -9.67343 96.51
      vertex 11.6061 -7.8555 96.51
      vertex 14.3352 -9.86507 96.51
    endloop
  endfacet
  facet normal 0 0 1
    outer loop
      vertex 14.3352 -9.86507 96.51
      vertex 11.6061 -7.8555 96.51
      vertex 13.4594 -11.0459 96.51
    endloop
  endfacet
  facet normal -0 0 1
    outer loop
      vertex 10.1038 -10.1038 96.51
      vertex 13.4594 -11.0459 96.51
      vertex 11.6061 -7.8555 96.51
    endloop
  endfacet
  facet normal 0 0 1
    outer loop
      vertex 12.4722 -12.1352 96.51
      vertex 10.1038 -10.1038 96.51
      vertex 12.3119 -12.3119 96.51
    endloop
  endfacet
  facet normal 0 0 1
    outer loop
      vertex 13.4594 -11.0459 96.51
      vertex 10.1038 -10.1038 96.51
      vertex 12.4722 -12.1352 96.51
    endloop
  endfacet
  facet normal 0 0 1
    outer loop
      vertex 12.3119 -12.3119 96.51
      vertex 10.1038 -10.1038 96.51
      vertex 12.1352 -12.4722 96.51
    endloop
  endfacet
  facet normal 0 0 1
    outer loop
      vertex 12.1352 -12.4722 96.51
      vertex 10.1038 -10.1038 96.51
      vertex 11.0459 -13.4594 96.51
    endloop
  endfacet
  facet normal -0 0 1
    outer loop
      vertex 7.56817 -11.7981 96.51
      vertex 11.0459 -13.4594 96.51
      vertex 10.1038 -10.1038 96.51
    endloop
  endfacet
  facet normal 0 0 1
    outer loop
      vertex 11.0459 -13.4594 96.51
      vertex 7.56817 -11.7981 96.51
      vertex 9.86507 -14.3352 96.51
    endloop
  endfacet
  facet normal 0 0 1
    outer loop
      vertex 9.86507 -14.3352 96.51
      vertex 7.56817 -11.7981 96.51
      vertex 9.67343 -14.4773 96.51
    endloop
  endfacet
  facet normal 0 0 1
    outer loop
      vertex 9.67343 -14.4773 96.51
      vertex 7.56817 -11.7981 96.51
      vertex 9.46878 -14.6 96.51
    endloop
  endfacet
  facet normal 0 0 1
    outer loop
      vertex 9.46878 -14.6 96.51
      vertex 7.56817 -11.7981 96.51
      vertex 8.20782 -15.3558 96.51
    endloop
  endfacet
  facet normal -0 0 1
    outer loop
      vertex 5.46816 -13.2013 96.51
      vertex 8.20782 -15.3558 96.51
      vertex 7.56817 -11.7981 96.51
    endloop
  endfacet
  facet normal 0 0 1
    outer loop
      vertex 8.20782 -15.3558 96.51
      vertex 5.46816 -13.2013 96.51
      vertex 6.87886 -15.9843 96.51
    endloop
  endfacet
  facet normal 0 0 1
    outer loop
      vertex 6.87886 -15.9843 96.51
      vertex 5.46816 -13.2013 96.51
      vertex 6.66317 -16.0863 96.51
    endloop
  endfacet
  facet normal 0 0 1
    outer loop
      vertex 6.66317 -16.0863 96.51
      vertex 5.46816 -13.2013 96.51
      vertex 6.43852 -16.1667 96.51
    endloop
  endfacet
  facet normal 0 0 1
    outer loop
      vertex 5.46816 -13.2013 96.51
      vertex 5.05435 -16.662 96.51
      vertex 6.43852 -16.1667 96.51
    endloop
  endfacet
  facet normal -0 0 1
    outer loop
      vertex 2.99102 -13.694 96.51
      vertex 5.05435 -16.662 96.51
      vertex 5.46816 -13.2013 96.51
    endloop
  endfacet
  facet normal 0 0 1
    outer loop
      vertex 5.05435 -16.662 96.51
      vertex 2.99102 -13.694 96.51
      vertex 4.8229 -16.7199 96.51
    endloop
  endfacet
  facet normal 0 0 1
    outer loop
      vertex 4.8229 -16.7199 96.51
      vertex 2.99102 -13.694 96.51
      vertex 3.39686 -17.0772 96.51
    endloop
  endfacet
  facet normal 0 0 1
    outer loop
      vertex 2.99102 -13.694 96.51
      vertex 1.94266 -17.2929 96.51
      vertex 3.39686 -17.0772 96.51
    endloop
  endfacet
  facet normal -0 0 1
    outer loop
      vertex 0 -14.289 96.51
      vertex 1.94266 -17.2929 96.51
      vertex 2.99102 -13.694 96.51
    endloop
  endfacet
  facet normal 0 0 1
    outer loop
      vertex 1.94266 -17.2929 96.51
      vertex 0 -14.289 96.51
      vertex 1.70665 -17.3279 96.51
    endloop
  endfacet
  facet normal 0 0 1
    outer loop
      vertex 1.70665 -17.3279 96.51
      vertex 0 -14.289 96.51
      vertex 0.238312 -17.4 96.51
    endloop
  endfacet
  facet normal 0 0 1
    outer loop
      vertex 0 -14.289 96.51
      vertex 0 -17.4117 96.51
      vertex 0.238312 -17.4 96.51
    endloop
  endfacet
  facet normal 0 0 1
    outer loop
      vertex 0 -14.289 96.51
      vertex -0.238312 -17.4 96.51
      vertex 0 -17.4117 96.51
    endloop
  endfacet
  facet normal 0 0 1
    outer loop
      vertex 0 -14.289 96.51
      vertex -1.70665 -17.3279 96.51
      vertex -0.238312 -17.4 96.51
    endloop
  endfacet
  facet normal 0 0 1
    outer loop
      vertex 0 -14.289 96.51
      vertex -1.94266 -17.2929 96.51
      vertex -1.70665 -17.3279 96.51
    endloop
  endfacet
  facet normal 0 0 1
    outer loop
      vertex -2.99102 -13.694 96.51
      vertex -1.94266 -17.2929 96.51
      vertex 0 -14.289 96.51
    endloop
  endfacet
  facet normal 0 0 1
    outer loop
      vertex -2.99102 -13.694 96.51
      vertex -3.39686 -17.0772 96.51
      vertex -1.94266 -17.2929 96.51
    endloop
  endfacet
  facet normal 0 0 1
    outer loop
      vertex -2.99102 -13.694 96.51
      vertex -4.8229 -16.7199 96.51
      vertex -3.39686 -17.0772 96.51
    endloop
  endfacet
  facet normal 0 0 1
    outer loop
      vertex -2.99102 -13.694 96.51
      vertex -5.05435 -16.662 96.51
      vertex -4.8229 -16.7199 96.51
    endloop
  endfacet
  facet normal 0 0 1
    outer loop
      vertex -5.46816 -13.2013 96.51
      vertex -5.05435 -16.662 96.51
      vertex -2.99102 -13.694 96.51
    endloop
  endfacet
  facet normal 0 0 1
    outer loop
      vertex -5.46816 -13.2013 96.51
      vertex -6.43852 -16.1667 96.51
      vertex -5.05435 -16.662 96.51
    endloop
  endfacet
  facet normal 0 0 1
    outer loop
      vertex -5.46816 -13.2013 96.51
      vertex -6.66317 -16.0863 96.51
      vertex -6.43852 -16.1667 96.51
    endloop
  endfacet
  facet normal 0 0 1
    outer loop
      vertex -5.46816 -13.2013 96.51
      vertex -6.87886 -15.9843 96.51
      vertex -6.66317 -16.0863 96.51
    endloop
  endfacet
  facet normal 0 0 1
    outer loop
      vertex -8.20782 -15.3558 96.51
      vertex -5.46816 -13.2013 96.51
      vertex -7.56817 -11.7981 96.51
    endloop
  endfacet
  facet normal 0 0 1
    outer loop
      vertex -5.46816 -13.2013 96.51
      vertex -8.20782 -15.3558 96.51
      vertex -6.87886 -15.9843 96.51
    endloop
  endfacet
  facet normal 0 0 1
    outer loop
      vertex -7.56817 -11.7981 96.51
      vertex -9.46878 -14.6 96.51
      vertex -8.20782 -15.3558 96.51
    endloop
  endfacet
  facet normal 0 0 1
    outer loop
      vertex -7.56817 -11.7981 96.51
      vertex -9.67343 -14.4773 96.51
      vertex -9.46878 -14.6 96.51
    endloop
  endfacet
  facet normal 0 0 1
    outer loop
      vertex -7.56817 -11.7981 96.51
      vertex -9.86507 -14.3352 96.51
      vertex -9.67343 -14.4773 96.51
    endloop
  endfacet
  facet normal 0 0 1
    outer loop
      vertex -11.0459 -13.4594 96.51
      vertex -7.56817 -11.7981 96.51
      vertex -10.1038 -10.1038 96.51
    endloop
  endfacet
  facet normal 0 0 1
    outer loop
      vertex -7.56817 -11.7981 96.51
      vertex -11.0459 -13.4594 96.51
      vertex -9.86507 -14.3352 96.51
    endloop
  endfacet
  facet normal 0 0 1
    outer loop
      vertex -13.4594 -11.0459 96.51
      vertex -10.1038 -10.1038 96.51
      vertex -11.6061 -7.8555 96.51
    endloop
  endfacet
  facet normal 0 0 1
    outer loop
      vertex -10.1038 -10.1038 96.51
      vertex -12.1352 -12.4722 96.51
      vertex -11.0459 -13.4594 96.51
    endloop
  endfacet
  facet normal 0 -0 1
    outer loop
      vertex -12.3119 -12.3119 96.51
      vertex -10.1038 -10.1038 96.51
      vertex -12.4722 -12.1352 96.51
    endloop
  endfacet
  facet normal 0 0 1
    outer loop
      vertex -10.1038 -10.1038 96.51
      vertex -12.3119 -12.3119 96.51
      vertex -12.1352 -12.4722 96.51
    endloop
  endfacet
  facet normal 0 0 1
    outer loop
      vertex -10.1038 -10.1038 96.51
      vertex -13.4594 -11.0459 96.51
      vertex -12.4722 -12.1352 96.51
    endloop
  endfacet
  facet normal 0 0 1
    outer loop
      vertex -11.6061 -7.8555 96.51
      vertex -14.3352 -9.86507 96.51
      vertex -13.4594 -11.0459 96.51
    endloop
  endfacet
  facet normal 0 0 1
    outer loop
      vertex -11.6061 -7.8555 96.51
      vertex -14.4773 -9.67343 96.51
      vertex -14.3352 -9.86507 96.51
    endloop
  endfacet
  facet normal 0 -0 1
    outer loop
      vertex -14.4773 -9.67343 96.51
      vertex -11.6061 -7.8555 96.51
      vertex -14.5487 -9.55438 96.51
    endloop
  endfacet
  facet normal 0 0 1
    outer loop
      vertex 17.2929 1.94266 96.51
      vertex 13.694 2.99102 96.51
      vertex 14.289 0 96.51
    endloop
  endfacet
  facet normal 0 0 1
    outer loop
      vertex 11.7981 7.56817 96.51
      vertex 14.3352 9.86507 96.51
      vertex 13.4594 11.0459 96.51
    endloop
  endfacet
  facet normal 0 0 1
    outer loop
      vertex 14.6 9.46878 96.51
      vertex 13.2013 5.46816 96.51
      vertex 13.694 2.99102 96.51
    endloop
  endfacet
  facet normal 0 0 1
    outer loop
      vertex 10.1038 10.1038 96.51
      vertex 13.4594 11.0459 96.51
      vertex 12.4722 12.1352 96.51
    endloop
  endfacet
  facet normal 0 0 1
    outer loop
      vertex 10.1038 10.1038 96.51
      vertex 12.4722 12.1352 96.51
      vertex 12.3119 12.3119 96.51
    endloop
  endfacet
  facet normal 0 0 1
    outer loop
      vertex 10.1038 10.1038 96.51
      vertex 12.3119 12.3119 96.51
      vertex 12.1352 12.4722 96.51
    endloop
  endfacet
  facet normal 0 0 1
    outer loop
      vertex 14.6 9.46878 96.51
      vertex 11.7981 7.56817 96.51
      vertex 13.2013 5.46816 96.51
    endloop
  endfacet
  facet normal 0 0 1
    outer loop
      vertex 10.1038 10.1038 96.51
      vertex 12.1352 12.4722 96.51
      vertex 11.0459 13.4594 96.51
    endloop
  endfacet
  facet normal 0 0 1
    outer loop
      vertex 13.4594 11.0459 96.51
      vertex 10.1038 10.1038 96.51
      vertex 11.7981 7.56817 96.51
    endloop
  endfacet
  facet normal 0 0 1
    outer loop
      vertex 7.56817 11.7981 96.51
      vertex 11.0459 13.4594 96.51
      vertex 9.86507 14.3352 96.51
    endloop
  endfacet
  facet normal 0 0 1
    outer loop
      vertex 7.56817 11.7981 96.51
      vertex 9.86507 14.3352 96.51
      vertex 9.67343 14.4773 96.51
    endloop
  endfacet
  facet normal 0 0 1
    outer loop
      vertex 7.56817 11.7981 96.51
      vertex 9.67343 14.4773 96.51
      vertex 9.46878 14.6 96.51
    endloop
  endfacet
  facet normal 0 0 1
    outer loop
      vertex 7.56817 11.7981 96.51
      vertex 9.46878 14.6 96.51
      vertex 8.20782 15.3558 96.51
    endloop
  endfacet
  facet normal 0 0 1
    outer loop
      vertex 11.0459 13.4594 96.51
      vertex 7.56817 11.7981 96.51
      vertex 10.1038 10.1038 96.51
    endloop
  endfacet
  facet normal 0 0 1
    outer loop
      vertex 5.46816 13.2013 96.51
      vertex 8.20782 15.3558 96.51
      vertex 6.87886 15.9843 96.51
    endloop
  endfacet
  facet normal 0 0 1
    outer loop
      vertex 5.46816 13.2013 96.51
      vertex 6.87886 15.9843 96.51
      vertex 6.66317 16.0863 96.51
    endloop
  endfacet
  facet normal 0 0 1
    outer loop
      vertex 5.46816 13.2013 96.51
      vertex 6.66317 16.0863 96.51
      vertex 6.43852 16.1667 96.51
    endloop
  endfacet
  facet normal 0 0 1
    outer loop
      vertex 8.20782 15.3558 96.51
      vertex 5.46816 13.2013 96.51
      vertex 7.56817 11.7981 96.51
    endloop
  endfacet
  facet normal 0 0 1
    outer loop
      vertex 5.05435 16.662 96.51
      vertex 5.46816 13.2013 96.51
      vertex 6.43852 16.1667 96.51
    endloop
  endfacet
  facet normal 0 0 1
    outer loop
      vertex 2.99102 13.694 96.51
      vertex 5.05435 16.662 96.51
      vertex 4.8229 16.7199 96.51
    endloop
  endfacet
  facet normal 0 0 1
    outer loop
      vertex 2.99102 13.694 96.51
      vertex 4.8229 16.7199 96.51
      vertex 3.39686 17.0772 96.51
    endloop
  endfacet
  facet normal 0 0 1
    outer loop
      vertex 5.05435 16.662 96.51
      vertex 2.99102 13.694 96.51
      vertex 5.46816 13.2013 96.51
    endloop
  endfacet
  facet normal 0 0 1
    outer loop
      vertex 1.94266 17.2929 96.51
      vertex 2.99102 13.694 96.51
      vertex 3.39686 17.0772 96.51
    endloop
  endfacet
  facet normal 0 0 1
    outer loop
      vertex 1 14.0901 96.51
      vertex 1.94266 17.2929 96.51
      vertex 1.70665 17.3279 96.51
    endloop
  endfacet
  facet normal 0 0 1
    outer loop
      vertex 1 14.0901 96.51
      vertex 1.70665 17.3279 96.51
      vertex 1 17.3626 96.51
    endloop
  endfacet
  facet normal 0 0 1
    outer loop
      vertex 1.94266 17.2929 96.51
      vertex 1 14.0901 96.51
      vertex 2.99102 13.694 96.51
    endloop
  endfacet
  facet normal 0 0 1
    outer loop
      vertex 14.289 0 96.51
      vertex 17.4117 0 96.51
      vertex 17.4 0.238312 96.51
    endloop
  endfacet
  facet normal 0 0 1
    outer loop
      vertex 14.289 0 96.51
      vertex 17.4 0.238312 96.51
      vertex 17.3279 1.70665 96.51
    endloop
  endfacet
  facet normal 0 0 1
    outer loop
      vertex 17.4117 0 96.51
      vertex 14.289 0 96.51
      vertex 17.4 -0.238312 96.51
    endloop
  endfacet
  facet normal 0 0 1
    outer loop
      vertex 14.289 0 96.51
      vertex 17.3279 1.70665 96.51
      vertex 17.2929 1.94266 96.51
    endloop
  endfacet
  facet normal 0 0 1
    outer loop
      vertex 17.4 -0.238312 96.51
      vertex 14.289 0 96.51
      vertex 17.3279 -1.70665 96.51
    endloop
  endfacet
  facet normal -0 0 1
    outer loop
      vertex 13.694 2.99102 96.51
      vertex 17.2929 1.94266 96.51
      vertex 17.0772 3.39686 96.51
    endloop
  endfacet
  facet normal 0 0 1
    outer loop
      vertex 17.3279 -1.70665 96.51
      vertex 14.289 0 96.51
      vertex 17.2929 -1.94266 96.51
    endloop
  endfacet
  facet normal 0 0 1
    outer loop
      vertex 13.694 2.99102 96.51
      vertex 17.0772 3.39686 96.51
      vertex 16.7199 4.8229 96.51
    endloop
  endfacet
  facet normal 0 0 1
    outer loop
      vertex 13.694 -2.99102 96.51
      vertex 17.2929 -1.94266 96.51
      vertex 14.289 0 96.51
    endloop
  endfacet
  facet normal 0 0 1
    outer loop
      vertex 13.694 2.99102 96.51
      vertex 16.7199 4.8229 96.51
      vertex 16.662 5.05435 96.51
    endloop
  endfacet
  facet normal 0 0 1
    outer loop
      vertex 17.2929 -1.94266 96.51
      vertex 13.694 -2.99102 96.51
      vertex 17.0772 -3.39686 96.51
    endloop
  endfacet
  facet normal 0 0 1
    outer loop
      vertex 13.694 2.99102 96.51
      vertex 16.662 5.05435 96.51
      vertex 16.1667 6.43852 96.51
    endloop
  endfacet
  facet normal 0 0 1
    outer loop
      vertex 17.0772 -3.39686 96.51
      vertex 13.694 -2.99102 96.51
      vertex 16.7199 -4.8229 96.51
    endloop
  endfacet
  facet normal 0 0 1
    outer loop
      vertex 15.9843 6.87886 96.51
      vertex 16.1667 6.43852 96.51
      vertex 16.0863 6.66317 96.51
    endloop
  endfacet
  facet normal 0 0 1
    outer loop
      vertex 16.7199 -4.8229 96.51
      vertex 13.694 -2.99102 96.51
      vertex 16.662 -5.05435 96.51
    endloop
  endfacet
  facet normal 0 0 1
    outer loop
      vertex 13.694 2.99102 96.51
      vertex 16.1667 6.43852 96.51
      vertex 15.9843 6.87886 96.51
    endloop
  endfacet
  facet normal 0 0 1
    outer loop
      vertex 13.2013 -5.46816 96.51
      vertex 16.662 -5.05435 96.51
      vertex 13.694 -2.99102 96.51
    endloop
  endfacet
  facet normal 0 0 1
    outer loop
      vertex 16.662 -5.05435 96.51
      vertex 13.2013 -5.46816 96.51
      vertex 16.1667 -6.43852 96.51
    endloop
  endfacet
  facet normal 0 0 1
    outer loop
      vertex 13.694 2.99102 96.51
      vertex 15.9843 6.87886 96.51
      vertex 15.3558 8.20782 96.51
    endloop
  endfacet
  facet normal 0 0 1
    outer loop
      vertex 13.694 2.99102 96.51
      vertex 15.3558 8.20782 96.51
      vertex 14.6 9.46878 96.51
    endloop
  endfacet
  facet normal 0 0 1
    outer loop
      vertex 11.7981 7.56817 96.51
      vertex 14.4773 9.67343 96.51
      vertex 14.3352 9.86507 96.51
    endloop
  endfacet
  facet normal 0 0 1
    outer loop
      vertex 14.4773 9.67343 96.51
      vertex 11.7981 7.56817 96.51
      vertex 14.6 9.46878 96.51
    endloop
  endfacet
  facet normal 0 0 1
    outer loop
      vertex 16.1667 -6.43852 96.51
      vertex 13.2013 -5.46816 96.51
      vertex 16.0863 -6.66317 96.51
    endloop
  endfacet
  facet normal 0 0 1
    outer loop
      vertex 16.0863 -6.66317 96.51
      vertex 13.2013 -5.46816 96.51
      vertex 15.9843 -6.87886 96.51
    endloop
  endfacet
  facet normal 0 0 1
    outer loop
      vertex 15.9843 -6.87886 96.51
      vertex 13.2013 -5.46816 96.51
      vertex 15.5404 -7.81753 96.51
    endloop
  endfacet
  facet normal 0 0 1
    outer loop
      vertex 15.5404 -7.81753 96.51
      vertex 13.2013 -5.46816 96.51
      vertex 12.7196 -6.18899 96.51
    endloop
  endfacet
  facet normal -0.857729 -0.514102 0
    outer loop
      vertex -8.73043 -5.83349 0
      vertex -9.26017 -4.94967 78.4615
      vertex -9.26017 -4.94967 0
    endloop
  endfacet
  facet normal -0.857728 -0.514105 4.2476e-08
    outer loop
      vertex -9.26017 -4.94967 78.4615
      vertex -8.73043 -5.83349 0
      vertex -8.75373 -5.79461 78.5108
    endloop
  endfacet
  facet normal -0.857765 -0.514041 0
    outer loop
      vertex -8.75373 -5.79461 78.5108
      vertex -8.73043 -5.83349 0
      vertex -8.73043 -5.83349 78.5131
    endloop
  endfacet
  facet normal 0 0 -1
    outer loop
      vertex 10.4494 -1.02918 0
      vertex 10.4494 1.02918 0
      vertex 10.5 0 0
    endloop
  endfacet
  facet normal 0 0 -1
    outer loop
      vertex 10.2982 -2.04845 0
      vertex 10.4494 1.02918 0
      vertex 10.4494 -1.02918 0
    endloop
  endfacet
  facet normal 0 0 -1
    outer loop
      vertex 10.2982 -2.04845 0
      vertex 10.2982 2.04845 0
      vertex 10.4494 1.02918 0
    endloop
  endfacet
  facet normal 0 0 -1
    outer loop
      vertex 10.0479 -3.04799 0
      vertex 10.2982 2.04845 0
      vertex 10.2982 -2.04845 0
    endloop
  endfacet
  facet normal 0 0 -1
    outer loop
      vertex 10.0479 -3.04799 0
      vertex 10.0479 3.04799 0
      vertex 10.2982 2.04845 0
    endloop
  endfacet
  facet normal 0 0 -1
    outer loop
      vertex 9.70073 -4.01818 0
      vertex 10.0479 3.04799 0
      vertex 10.0479 -3.04799 0
    endloop
  endfacet
  facet normal 0 0 -1
    outer loop
      vertex 9.70073 -4.01818 0
      vertex 9.70073 4.01818 0
      vertex 10.0479 3.04799 0
    endloop
  endfacet
  facet normal 0 0 -1
    outer loop
      vertex 9.26017 -4.94967 0
      vertex 9.70073 4.01818 0
      vertex 9.70073 -4.01818 0
    endloop
  endfacet
  facet normal 0 0 -1
    outer loop
      vertex 9.26017 -4.94967 0
      vertex 9.26017 4.94967 0
      vertex 9.70073 4.01818 0
    endloop
  endfacet
  facet normal 0 0 -1
    outer loop
      vertex 8.73043 -5.83349 0
      vertex 9.26017 4.94967 0
      vertex 9.26017 -4.94967 0
    endloop
  endfacet
  facet normal 0 0 -1
    outer loop
      vertex 8.73043 -5.83349 0
      vertex 8.73043 5.83349 0
      vertex 9.26017 4.94967 0
    endloop
  endfacet
  facet normal 0 0 -1
    outer loop
      vertex 8.11661 -6.66113 0
      vertex 8.73043 5.83349 0
      vertex 8.73043 -5.83349 0
    endloop
  endfacet
  facet normal 0 0 -1
    outer loop
      vertex 8.11661 -6.66113 0
      vertex 8.11661 6.66113 0
      vertex 8.73043 5.83349 0
    endloop
  endfacet
  facet normal 0 0 -1
    outer loop
      vertex 7.42462 -7.42462 0
      vertex 8.11661 6.66113 0
      vertex 8.11661 -6.66113 0
    endloop
  endfacet
  facet normal 0 0 -1
    outer loop
      vertex 7.42462 -7.42462 0
      vertex 7.42462 7.42462 0
      vertex 8.11661 6.66113 0
    endloop
  endfacet
  facet normal 0 0 -1
    outer loop
      vertex 6.66113 -8.11661 0
      vertex 7.42462 7.42462 0
      vertex 7.42462 -7.42462 0
    endloop
  endfacet
  facet normal 0 0 -1
    outer loop
      vertex 6.66113 -8.11661 0
      vertex 6.66113 8.11661 0
      vertex 7.42462 7.42462 0
    endloop
  endfacet
  facet normal 0 0 -1
    outer loop
      vertex 5.83349 -8.73043 0
      vertex 6.66113 8.11661 0
      vertex 6.66113 -8.11661 0
    endloop
  endfacet
  facet normal 0 0 -1
    outer loop
      vertex 5.83349 -8.73043 0
      vertex 5.83349 8.73043 0
      vertex 6.66113 8.11661 0
    endloop
  endfacet
  facet normal 0 0 -1
    outer loop
      vertex 4.94967 -9.26017 0
      vertex 5.83349 8.73043 0
      vertex 5.83349 -8.73043 0
    endloop
  endfacet
  facet normal 0 0 -1
    outer loop
      vertex 4.94967 -9.26017 0
      vertex 4.94967 9.26017 0
      vertex 5.83349 8.73043 0
    endloop
  endfacet
  facet normal 0 0 -1
    outer loop
      vertex 4.01818 -9.70073 0
      vertex 4.94967 9.26017 0
      vertex 4.94967 -9.26017 0
    endloop
  endfacet
  facet normal 0 0 -1
    outer loop
      vertex 4.01818 -9.70073 0
      vertex 4.01818 9.70073 0
      vertex 4.94967 9.26017 0
    endloop
  endfacet
  facet normal 0 0 -1
    outer loop
      vertex 3.04799 -10.0479 0
      vertex 4.01818 9.70073 0
      vertex 4.01818 -9.70073 0
    endloop
  endfacet
  facet normal 0 0 -1
    outer loop
      vertex 3.04799 -10.0479 0
      vertex 3.04799 10.0479 0
      vertex 4.01818 9.70073 0
    endloop
  endfacet
  facet normal 0 0 -1
    outer loop
      vertex 2.04845 -10.2982 0
      vertex 3.04799 10.0479 0
      vertex 3.04799 -10.0479 0
    endloop
  endfacet
  facet normal 0 0 -1
    outer loop
      vertex 2.04845 -10.2982 0
      vertex 2.04845 10.2982 0
      vertex 3.04799 10.0479 0
    endloop
  endfacet
  facet normal 0 0 -1
    outer loop
      vertex 1.02918 -10.4494 0
      vertex 2.04845 10.2982 0
      vertex 2.04845 -10.2982 0
    endloop
  endfacet
  facet normal 0 0 -1
    outer loop
      vertex 1.02918 -10.4494 0
      vertex 1.02918 10.4494 0
      vertex 2.04845 10.2982 0
    endloop
  endfacet
  facet normal 0 0 -1
    outer loop
      vertex 0 -10.5 0
      vertex 1.02918 10.4494 0
      vertex 1.02918 -10.4494 0
    endloop
  endfacet
  facet normal 0 0 -1
    outer loop
      vertex 0 -10.5 0
      vertex 0 10.5 0
      vertex 1.02918 10.4494 0
    endloop
  endfacet
  facet normal 0 0 -1
    outer loop
      vertex -1.02918 -10.4494 0
      vertex 0 10.5 0
      vertex 0 -10.5 0
    endloop
  endfacet
  facet normal 0 0 -1
    outer loop
      vertex -1.02918 -10.4494 0
      vertex -1.02918 10.4494 0
      vertex 0 10.5 0
    endloop
  endfacet
  facet normal 0 0 -1
    outer loop
      vertex -2.04845 -10.2982 0
      vertex -1.02918 10.4494 0
      vertex -1.02918 -10.4494 0
    endloop
  endfacet
  facet normal 0 0 -1
    outer loop
      vertex -2.04845 -10.2982 0
      vertex -2.04845 10.2982 0
      vertex -1.02918 10.4494 0
    endloop
  endfacet
  facet normal 0 0 -1
    outer loop
      vertex -3.04799 -10.0479 0
      vertex -2.04845 10.2982 0
      vertex -2.04845 -10.2982 0
    endloop
  endfacet
  facet normal 0 0 -1
    outer loop
      vertex -3.04799 -10.0479 0
      vertex -3.04799 10.0479 0
      vertex -2.04845 10.2982 0
    endloop
  endfacet
  facet normal 0 0 -1
    outer loop
      vertex -4.01818 -9.70073 0
      vertex -3.04799 10.0479 0
      vertex -3.04799 -10.0479 0
    endloop
  endfacet
  facet normal 0 0 -1
    outer loop
      vertex -4.01818 -9.70073 0
      vertex -4.01818 9.70073 0
      vertex -3.04799 10.0479 0
    endloop
  endfacet
  facet normal 0 0 -1
    outer loop
      vertex -4.94967 -9.26017 0
      vertex -4.01818 9.70073 0
      vertex -4.01818 -9.70073 0
    endloop
  endfacet
  facet normal 0 0 -1
    outer loop
      vertex -4.94967 -9.26017 0
      vertex -4.94967 9.26017 0
      vertex -4.01818 9.70073 0
    endloop
  endfacet
  facet normal 0 0 -1
    outer loop
      vertex -5.83349 -8.73043 0
      vertex -4.94967 9.26017 0
      vertex -4.94967 -9.26017 0
    endloop
  endfacet
  facet normal 0 0 -1
    outer loop
      vertex -5.83349 -8.73043 0
      vertex -5.83349 8.73043 0
      vertex -4.94967 9.26017 0
    endloop
  endfacet
  facet normal 0 0 -1
    outer loop
      vertex -6.66113 -8.11661 0
      vertex -5.83349 8.73043 0
      vertex -5.83349 -8.73043 0
    endloop
  endfacet
  facet normal 0 0 -1
    outer loop
      vertex -6.66113 -8.11661 0
      vertex -6.66113 8.11661 0
      vertex -5.83349 8.73043 0
    endloop
  endfacet
  facet normal 0 0 -1
    outer loop
      vertex -7.42462 -7.42462 0
      vertex -6.66113 8.11661 0
      vertex -6.66113 -8.11661 0
    endloop
  endfacet
  facet normal 0 0 -1
    outer loop
      vertex -7.42462 -7.42462 0
      vertex -7.42462 7.42462 0
      vertex -6.66113 8.11661 0
    endloop
  endfacet
  facet normal 0 0 -1
    outer loop
      vertex -8.11661 -6.66113 0
      vertex -7.42462 7.42462 0
      vertex -7.42462 -7.42462 0
    endloop
  endfacet
  facet normal 0 0 -1
    outer loop
      vertex -8.11661 -6.66113 0
      vertex -8.11661 6.66113 0
      vertex -7.42462 7.42462 0
    endloop
  endfacet
  facet normal 0 0 -1
    outer loop
      vertex -8.73043 -5.83349 0
      vertex -8.11661 6.66113 0
      vertex -8.11661 -6.66113 0
    endloop
  endfacet
  facet normal 0 0 -1
    outer loop
      vertex -8.73043 -5.83349 0
      vertex -8.73043 5.83349 0
      vertex -8.11661 6.66113 0
    endloop
  endfacet
  facet normal 0 0 -1
    outer loop
      vertex -9.26017 -4.94967 0
      vertex -8.73043 5.83349 0
      vertex -8.73043 -5.83349 0
    endloop
  endfacet
  facet normal 0 0 -1
    outer loop
      vertex -9.26017 -4.94967 0
      vertex -9.26017 4.94967 0
      vertex -8.73043 5.83349 0
    endloop
  endfacet
  facet normal 0 0 -1
    outer loop
      vertex -9.70073 -4.01818 0
      vertex -9.26017 4.94967 0
      vertex -9.26017 -4.94967 0
    endloop
  endfacet
  facet normal 0 0 -1
    outer loop
      vertex -9.70073 -4.01818 0
      vertex -9.70073 4.01818 0
      vertex -9.26017 4.94967 0
    endloop
  endfacet
  facet normal 0 0 -1
    outer loop
      vertex -10.0479 -3.04799 0
      vertex -9.70073 4.01818 0
      vertex -9.70073 -4.01818 0
    endloop
  endfacet
  facet normal 0 0 -1
    outer loop
      vertex -10.0479 -3.04799 0
      vertex -10.0479 3.04799 0
      vertex -9.70073 4.01818 0
    endloop
  endfacet
  facet normal 0 0 -1
    outer loop
      vertex -10.2982 -2.04845 0
      vertex -10.0479 3.04799 0
      vertex -10.0479 -3.04799 0
    endloop
  endfacet
  facet normal 0 0 -1
    outer loop
      vertex -10.2982 -2.04845 0
      vertex -10.2982 2.04845 0
      vertex -10.0479 3.04799 0
    endloop
  endfacet
  facet normal 0 0 -1
    outer loop
      vertex -10.4494 -1.02918 0
      vertex -10.2982 2.04845 0
      vertex -10.2982 -2.04845 0
    endloop
  endfacet
  facet normal 0 0 -1
    outer loop
      vertex -10.4494 -1.02918 0
      vertex -10.4494 1.02918 0
      vertex -10.2982 2.04845 0
    endloop
  endfacet
  facet normal 0 -0 -1
    outer loop
      vertex -10.4494 1.02918 0
      vertex -10.4494 -1.02918 0
      vertex -10.5 0 0
    endloop
  endfacet
  facet normal 0.857728 -0.514105 4.2476e-08
    outer loop
      vertex 8.73043 -5.83349 0
      vertex 9.26017 -4.94967 78.4615
      vertex 8.75373 -5.79461 78.5108
    endloop
  endfacet
  facet normal 0.857765 -0.514041 0
    outer loop
      vertex 8.73043 -5.83349 0
      vertex 8.75373 -5.79461 78.5108
      vertex 8.73043 -5.83349 78.5131
    endloop
  endfacet
  facet normal 0.857729 -0.514102 0
    outer loop
      vertex 9.26017 -4.94967 78.4615
      vertex 8.73043 -5.83349 0
      vertex 9.26017 -4.94967 0
    endloop
  endfacet
  facet normal -0.514715 0.770329 0.37638
    outer loop
      vertex 6.00528 -14.498 86.8786
      vertex 11.0963 -11.0963 86.8786
      vertex 5.09103 -12.2908 81.1109
    endloop
  endfacet
  facet normal -0.700219 -0.139281 0.70021
    outer loop
      vertex 8.88912 0 76.6965
      vertex 12.2908 5.09103 81.1109
      vertex 8.21248 3.40172 76.6965
    endloop
  endfacet
  facet normal 0.700216 0.139286 0.700212
    outer loop
      vertex -12.2908 -5.09103 81.1109
      vertex -8.88912 0 76.6965
      vertex -13.3035 0 81.1109
    endloop
  endfacet
  facet normal -0.180749 0.90866 0.376386
    outer loop
      vertex 5.09103 -12.2908 81.1109
      vertex 0 -13.3035 81.1109
      vertex 0 -15.6926 86.8786
    endloop
  endfacet
  facet normal -0.700216 -0.139286 0.700212
    outer loop
      vertex 13.3035 0 81.1109
      vertex 12.2908 5.09103 81.1109
      vertex 8.88912 0 76.6965
    endloop
  endfacet
  facet normal 0.18076 -0.908662 0.376377
    outer loop
      vertex -6.00528 14.498 86.8786
      vertex -1 15.0244 85.7456
      vertex -1 15.4937 86.8786
    endloop
  endfacet
  facet normal 0.180761 -0.90866 0.376381
    outer loop
      vertex -1 15.0244 85.7456
      vertex -6.00528 14.498 86.8786
      vertex -5.09103 12.2908 81.1109
    endloop
  endfacet
  facet normal 0.90866 0.180749 0.376386
    outer loop
      vertex -12.2908 -5.09103 81.1109
      vertex -13.3035 0 81.1109
      vertex -15.6926 0 86.8786
    endloop
  endfacet
  facet normal 0.770332 -0.514713 0.376376
    outer loop
      vertex -9.407 9.407 81.1109
      vertex -11.0963 11.0963 86.8786
      vertex -12.2908 5.09103 81.1109
    endloop
  endfacet
  facet normal -0.381586 0.0759017 0.921212
    outer loop
      vertex 8.21248 -3.40172 76.6965
      vertex 8.88912 0 76.6965
      vertex 3.12144 0 74.3074
    endloop
  endfacet
  facet normal 0.139281 0.700219 0.70021
    outer loop
      vertex 0 -8.88912 76.6965
      vertex -3.40172 -8.21248 76.6965
      vertex -5.09103 -12.2908 81.1109
    endloop
  endfacet
  facet normal -0.77032 0.51472 0.376391
    outer loop
      vertex 9.407 -9.407 81.1109
      vertex 11.7271 -7.92533 83.833
      vertex 10.7673 -7.3712 81.1109
    endloop
  endfacet
  facet normal -0.770315 0.514736 0.376378
    outer loop
      vertex 11.7271 -7.92533 83.833
      vertex 9.407 -9.407 81.1109
      vertex 11.0963 -11.0963 86.8786
    endloop
  endfacet
  facet normal -0.770348 0.514687 0.37638
    outer loop
      vertex 12.1391 -5.85382 81.8435
      vertex 12.2908 -5.09103 81.1109
      vertex 11.8808 -5.70469 81.1109
    endloop
  endfacet
  facet normal 0.396637 -0.593617 0.700213
    outer loop
      vertex -6.28556 6.28556 76.6965
      vertex -5.09103 12.2908 81.1109
      vertex -9.407 9.407 81.1109
    endloop
  endfacet
  facet normal -0.908661 -0.180755 0.376381
    outer loop
      vertex 15.6926 0 86.8786
      vertex 14.498 6.00528 86.8786
      vertex 12.2908 5.09103 81.1109
    endloop
  endfacet
  facet normal 0.908661 0.180755 0.376381
    outer loop
      vertex -14.498 -6.00528 86.8786
      vertex -12.2908 -5.09103 81.1109
      vertex -15.6926 0 86.8786
    endloop
  endfacet
  facet normal -0.323493 -0.216151 0.921212
    outer loop
      vertex 8.21248 3.40172 76.6965
      vertex 6.28556 6.28556 76.6965
      vertex 2.88384 1.19452 74.3074
    endloop
  endfacet
  facet normal 0.0759008 -0.381587 0.921212
    outer loop
      vertex -1.19452 2.88384 74.3074
      vertex 0 3.12144 74.3074
      vertex -3.40172 8.21248 76.6965
    endloop
  endfacet
  facet normal -0.323493 0.216151 0.921212
    outer loop
      vertex 6.28556 -6.28556 76.6965
      vertex 8.21248 -3.40172 76.6965
      vertex 2.88384 -1.19452 74.3074
    endloop
  endfacet
  facet normal 0.593611 0.396638 0.700217
    outer loop
      vertex -8.21248 -3.40172 76.6965
      vertex -8.75373 -5.79461 78.5108
      vertex -6.28556 -6.28556 76.6965
    endloop
  endfacet
  facet normal 0.593597 0.396647 0.700224
    outer loop
      vertex -8.21248 -3.40172 76.6965
      vertex -9.26017 -4.94967 78.4615
      vertex -8.75373 -5.79461 78.5108
    endloop
  endfacet
  facet normal 0.59364 0.396604 0.700212
    outer loop
      vertex -8.21248 -3.40172 76.6965
      vertex -9.54178 -4.35425 78.363
      vertex -9.26017 -4.94967 78.4615
    endloop
  endfacet
  facet normal 0.593625 0.396626 0.700212
    outer loop
      vertex -12.2908 -5.09103 81.1109
      vertex -9.54178 -4.35425 78.363
      vertex -8.21248 -3.40172 76.6965
    endloop
  endfacet
  facet normal 0.593667 0.396532 0.700229
    outer loop
      vertex -9.54178 -4.35425 78.363
      vertex -12.2908 -5.09103 81.1109
      vertex -11.1954 -5.30894 80.3056
    endloop
  endfacet
  facet normal 0.396642 0.593617 0.70021
    outer loop
      vertex -5.09103 -12.2908 81.1109
      vertex -3.40172 -8.21248 76.6965
      vertex -6.28556 -6.28556 76.6965
    endloop
  endfacet
  facet normal 0.139291 -0.700227 0.7002
    outer loop
      vertex -1 13.1046 81.1109
      vertex -5.09103 12.2908 81.1109
      vertex -1 10.4509 78.4571
    endloop
  endfacet
  facet normal 0.139204 -0.700227 0.700218
    outer loop
      vertex -1 10.4509 78.4571
      vertex 0 8.88912 76.6965
      vertex 0 10.5 78.3074
    endloop
  endfacet
  facet normal 0.139349 -0.700168 0.700248
    outer loop
      vertex 0 8.88912 76.6965
      vertex -1 10.4509 78.4571
      vertex -5.09103 12.2908 81.1109
    endloop
  endfacet
  facet normal -0.180753 -0.908659 0.376387
    outer loop
      vertex 5.09103 12.2908 81.1109
      vertex 1 15.0244 85.7456
      vertex 1 13.1046 81.1109
    endloop
  endfacet
  facet normal 0.770346 0.514688 0.376382
    outer loop
      vertex -14.498 -6.00528 86.8786
      vertex -12.1391 -5.85382 81.8435
      vertex -12.2908 -5.09103 81.1109
    endloop
  endfacet
  facet normal 0.770349 0.514683 0.376384
    outer loop
      vertex -12.1391 -5.85382 81.8435
      vertex -14.498 -6.00528 86.8786
      vertex -13.9144 -6.87878 86.8786
    endloop
  endfacet
  facet normal 0.770322 0.514731 0.376372
    outer loop
      vertex -11.0963 -11.0963 86.8786
      vertex -11.7271 -7.92533 83.833
      vertex -12.8009 -8.54528 86.8786
    endloop
  endfacet
  facet normal -0.139286 0.700216 0.700212
    outer loop
      vertex 5.09103 -12.2908 81.1109
      vertex 0 -8.88912 76.6965
      vertex 0 -13.3035 81.1109
    endloop
  endfacet
  facet normal 0.593654 0.396633 0.700184
    outer loop
      vertex -11.8808 -5.70469 81.1109
      vertex -11.1954 -5.30894 80.3056
      vertex -12.2908 -5.09103 81.1109
    endloop
  endfacet
  facet normal 0.593624 0.396583 0.700237
    outer loop
      vertex -6.28556 -6.28556 76.6965
      vertex -8.73043 -5.83349 78.5131
      vertex -8.54259 -6.08676 78.4973
    endloop
  endfacet
  facet normal 0.593548 0.397111 0.700003
    outer loop
      vertex -8.73043 -5.83349 78.5131
      vertex -6.28556 -6.28556 76.6965
      vertex -8.75373 -5.79461 78.5108
    endloop
  endfacet
  facet normal 0.593611 0.396645 0.700214
    outer loop
      vertex -8.54259 -6.08676 78.4973
      vertex -9.407 -9.407 81.1109
      vertex -6.28556 -6.28556 76.6965
    endloop
  endfacet
  facet normal 0.593611 0.396645 0.700214
    outer loop
      vertex -9.407 -9.407 81.1109
      vertex -8.54259 -6.08676 78.4973
      vertex -10.7673 -7.3712 81.1109
    endloop
  endfacet
  facet normal 0.396642 -0.593617 0.70021
    outer loop
      vertex -3.40172 8.21248 76.6965
      vertex -5.09103 12.2908 81.1109
      vertex -6.28556 6.28556 76.6965
    endloop
  endfacet
  facet normal 0.593617 -0.396642 0.70021
    outer loop
      vertex -8.21248 3.40172 76.6965
      vertex -6.28556 6.28556 76.6965
      vertex -12.2908 5.09103 81.1109
    endloop
  endfacet
  facet normal -0.381587 0.0759008 0.921212
    outer loop
      vertex 8.21248 -3.40172 76.6965
      vertex 3.12144 0 74.3074
      vertex 2.88384 -1.19452 74.3074
    endloop
  endfacet
  facet normal -0.514713 0.770332 0.376376
    outer loop
      vertex 11.0963 -11.0963 86.8786
      vertex 9.407 -9.407 81.1109
      vertex 5.09103 -12.2908 81.1109
    endloop
  endfacet
  facet normal -0.90866 0.180749 0.376386
    outer loop
      vertex 15.6926 0 86.8786
      vertex 13.3035 0 81.1109
      vertex 12.2908 -5.09103 81.1109
    endloop
  endfacet
  facet normal -0.396637 0.593617 0.700213
    outer loop
      vertex 9.407 -9.407 81.1109
      vertex 6.28556 -6.28556 76.6965
      vertex 5.09103 -12.2908 81.1109
    endloop
  endfacet
  facet normal -0.908661 0.180755 0.376381
    outer loop
      vertex 14.498 -6.00528 86.8786
      vertex 15.6926 0 86.8786
      vertex 12.2908 -5.09103 81.1109
    endloop
  endfacet
  facet normal -0.770322 0.514731 0.376372
    outer loop
      vertex 12.8009 -8.54528 86.8786
      vertex 11.7271 -7.92533 83.833
      vertex 11.0963 -11.0963 86.8786
    endloop
  endfacet
  facet normal -0.770346 0.514688 0.376382
    outer loop
      vertex 12.1391 -5.85382 81.8435
      vertex 14.498 -6.00528 86.8786
      vertex 12.2908 -5.09103 81.1109
    endloop
  endfacet
  facet normal -0.770349 0.514683 0.376384
    outer loop
      vertex 14.498 -6.00528 86.8786
      vertex 12.1391 -5.85382 81.8435
      vertex 13.9144 -6.87878 86.8786
    endloop
  endfacet
  facet normal -0.90866 -0.180749 0.376386
    outer loop
      vertex 13.3035 0 81.1109
      vertex 15.6926 0 86.8786
      vertex 12.2908 5.09103 81.1109
    endloop
  endfacet
  facet normal -0.593617 -0.396642 0.70021
    outer loop
      vertex 8.21248 3.40172 76.6965
      vertex 12.2908 5.09103 81.1109
      vertex 6.28556 6.28556 76.6965
    endloop
  endfacet
  facet normal 0.514715 -0.770329 0.37638
    outer loop
      vertex -5.09103 12.2908 81.1109
      vertex -6.00528 14.498 86.8786
      vertex -11.0963 11.0963 86.8786
    endloop
  endfacet
  facet normal 0.0759017 -0.381586 0.921212
    outer loop
      vertex 0 3.12144 74.3074
      vertex 0 8.88912 76.6965
      vertex -3.40172 8.21248 76.6965
    endloop
  endfacet
  facet normal -0.18076 -0.908662 0.376377
    outer loop
      vertex 1 15.0244 85.7456
      vertex 6.00528 14.498 86.8786
      vertex 1 15.4937 86.8786
    endloop
  endfacet
  facet normal -0.180761 -0.90866 0.376381
    outer loop
      vertex 6.00528 14.498 86.8786
      vertex 1 15.0244 85.7456
      vertex 5.09103 12.2908 81.1109
    endloop
  endfacet
  facet normal 0.180755 0.908661 0.376381
    outer loop
      vertex 0 -15.6926 86.8786
      vertex -5.09103 -12.2908 81.1109
      vertex -6.00528 -14.498 86.8786
    endloop
  endfacet
  facet normal -0.180755 0.908661 0.376381
    outer loop
      vertex 6.00528 -14.498 86.8786
      vertex 5.09103 -12.2908 81.1109
      vertex 0 -15.6926 86.8786
    endloop
  endfacet
  facet normal 0.180749 0.90866 0.376386
    outer loop
      vertex 0 -15.6926 86.8786
      vertex 0 -13.3035 81.1109
      vertex -5.09103 -12.2908 81.1109
    endloop
  endfacet
  facet normal 0.139286 0.700216 0.700212
    outer loop
      vertex 0 -13.3035 81.1109
      vertex 0 -8.88912 76.6965
      vertex -5.09103 -12.2908 81.1109
    endloop
  endfacet
  facet normal 0.396637 0.593617 0.700213
    outer loop
      vertex -5.09103 -12.2908 81.1109
      vertex -6.28556 -6.28556 76.6965
      vertex -9.407 -9.407 81.1109
    endloop
  endfacet
  facet normal 0.770348 0.514687 0.37638
    outer loop
      vertex -12.1391 -5.85382 81.8435
      vertex -11.8808 -5.70469 81.1109
      vertex -12.2908 -5.09103 81.1109
    endloop
  endfacet
  facet normal 0.77032 0.51472 0.376391
    outer loop
      vertex -11.7271 -7.92533 83.833
      vertex -9.407 -9.407 81.1109
      vertex -10.7673 -7.3712 81.1109
    endloop
  endfacet
  facet normal 0.770315 0.514736 0.376378
    outer loop
      vertex -9.407 -9.407 81.1109
      vertex -11.7271 -7.92533 83.833
      vertex -11.0963 -11.0963 86.8786
    endloop
  endfacet
  facet normal 0.180753 -0.908659 0.376387
    outer loop
      vertex -1 13.1046 81.1109
      vertex -1 15.0244 85.7456
      vertex -5.09103 12.2908 81.1109
    endloop
  endfacet
  facet normal 0.139281 -0.700219 0.70021
    outer loop
      vertex -3.40172 8.21248 76.6965
      vertex 0 8.88912 76.6965
      vertex -5.09103 12.2908 81.1109
    endloop
  endfacet
  facet normal 0.700216 -0.139286 0.700212
    outer loop
      vertex -8.88912 0 76.6965
      vertex -12.2908 5.09103 81.1109
      vertex -13.3035 0 81.1109
    endloop
  endfacet
  facet normal 0.0759017 0.381586 0.921212
    outer loop
      vertex 0 -8.88912 76.6965
      vertex 0 -3.12144 74.3074
      vertex -3.40172 -8.21248 76.6965
    endloop
  endfacet
  facet normal 0.216151 0.323493 0.921212
    outer loop
      vertex -3.40172 -8.21248 76.6965
      vertex -1.19452 -2.88384 74.3074
      vertex -6.28556 -6.28556 76.6965
    endloop
  endfacet
  facet normal -0.396642 0.593617 0.70021
    outer loop
      vertex 5.09103 -12.2908 81.1109
      vertex 6.28556 -6.28556 76.6965
      vertex 3.40172 -8.21248 76.6965
    endloop
  endfacet
  facet normal -0.139281 0.700219 0.70021
    outer loop
      vertex 5.09103 -12.2908 81.1109
      vertex 3.40172 -8.21248 76.6965
      vertex 0 -8.88912 76.6965
    endloop
  endfacet
  facet normal -0.593548 0.397111 0.700003
    outer loop
      vertex 6.28556 -6.28556 76.6965
      vertex 8.73043 -5.83349 78.5131
      vertex 8.75373 -5.79461 78.5108
    endloop
  endfacet
  facet normal -0.593624 0.396583 0.700237
    outer loop
      vertex 8.73043 -5.83349 78.5131
      vertex 6.28556 -6.28556 76.6965
      vertex 8.54259 -6.08676 78.4973
    endloop
  endfacet
  facet normal -0.593611 0.396645 0.700214
    outer loop
      vertex 8.54259 -6.08676 78.4973
      vertex 9.407 -9.407 81.1109
      vertex 10.7673 -7.3712 81.1109
    endloop
  endfacet
  facet normal -0.593611 0.396645 0.700214
    outer loop
      vertex 9.407 -9.407 81.1109
      vertex 8.54259 -6.08676 78.4973
      vertex 6.28556 -6.28556 76.6965
    endloop
  endfacet
  facet normal -0.593654 0.396633 0.700184
    outer loop
      vertex 11.8808 -5.70469 81.1109
      vertex 12.2908 -5.09103 81.1109
      vertex 11.1954 -5.30894 80.3056
    endloop
  endfacet
  facet normal -0.593667 0.396532 0.700229
    outer loop
      vertex 12.2908 -5.09103 81.1109
      vertex 9.54178 -4.35425 78.363
      vertex 11.1954 -5.30894 80.3056
    endloop
  endfacet
  facet normal -0.59364 0.396604 0.700212
    outer loop
      vertex 8.21248 -3.40172 76.6965
      vertex 9.26017 -4.94967 78.4615
      vertex 9.54178 -4.35425 78.363
    endloop
  endfacet
  facet normal -0.593625 0.396626 0.700212
    outer loop
      vertex 8.21248 -3.40172 76.6965
      vertex 9.54178 -4.35425 78.363
      vertex 12.2908 -5.09103 81.1109
    endloop
  endfacet
  facet normal -0.593597 0.396647 0.700224
    outer loop
      vertex 9.26017 -4.94967 78.4615
      vertex 8.21248 -3.40172 76.6965
      vertex 8.75373 -5.79461 78.5108
    endloop
  endfacet
  facet normal -0.593611 0.396638 0.700217
    outer loop
      vertex 8.75373 -5.79461 78.5108
      vertex 8.21248 -3.40172 76.6965
      vertex 6.28556 -6.28556 76.6965
    endloop
  endfacet
  facet normal -0.514715 -0.770329 0.37638
    outer loop
      vertex 11.0963 11.0963 86.8786
      vertex 6.00528 14.498 86.8786
      vertex 5.09103 12.2908 81.1109
    endloop
  endfacet
  facet normal -0.770329 -0.514715 0.37638
    outer loop
      vertex 12.2908 5.09103 81.1109
      vertex 14.498 6.00528 86.8786
      vertex 11.0963 11.0963 86.8786
    endloop
  endfacet
  facet normal -0.700216 0.139286 0.700212
    outer loop
      vertex 12.2908 -5.09103 81.1109
      vertex 13.3035 0 81.1109
      vertex 8.88912 0 76.6965
    endloop
  endfacet
  facet normal -0.700219 0.139281 0.70021
    outer loop
      vertex 12.2908 -5.09103 81.1109
      vertex 8.88912 0 76.6965
      vertex 8.21248 -3.40172 76.6965
    endloop
  endfacet
  facet normal -0.216151 0.323493 0.921212
    outer loop
      vertex 3.40172 -8.21248 76.6965
      vertex 6.28556 -6.28556 76.6965
      vertex 1.19452 -2.88384 74.3074
    endloop
  endfacet
  facet normal 0.381586 -0.0759017 0.921212
    outer loop
      vertex -3.12144 0 74.3074
      vertex -8.21248 3.40172 76.6965
      vertex -8.88912 0 76.6965
    endloop
  endfacet
  facet normal 0.770329 -0.514715 0.37638
    outer loop
      vertex -12.2908 5.09103 81.1109
      vertex -11.0963 11.0963 86.8786
      vertex -14.498 6.00528 86.8786
    endloop
  endfacet
  facet normal -0.381587 -0.0759008 0.921212
    outer loop
      vertex 3.12144 0 74.3074
      vertex 8.21248 3.40172 76.6965
      vertex 2.88384 1.19452 74.3074
    endloop
  endfacet
  facet normal -0.396637 -0.593617 0.700213
    outer loop
      vertex 6.28556 6.28556 76.6965
      vertex 9.407 9.407 81.1109
      vertex 5.09103 12.2908 81.1109
    endloop
  endfacet
  facet normal -0.514713 -0.770332 0.376376
    outer loop
      vertex 9.407 9.407 81.1109
      vertex 11.0963 11.0963 86.8786
      vertex 5.09103 12.2908 81.1109
    endloop
  endfacet
  facet normal 0.514713 0.770332 0.376376
    outer loop
      vertex -5.09103 -12.2908 81.1109
      vertex -9.407 -9.407 81.1109
      vertex -11.0963 -11.0963 86.8786
    endloop
  endfacet
  facet normal 0.514715 0.770329 0.37638
    outer loop
      vertex -6.00528 -14.498 86.8786
      vertex -5.09103 -12.2908 81.1109
      vertex -11.0963 -11.0963 86.8786
    endloop
  endfacet
  facet normal 0.700219 -0.139281 0.70021
    outer loop
      vertex -8.88912 0 76.6965
      vertex -8.21248 3.40172 76.6965
      vertex -12.2908 5.09103 81.1109
    endloop
  endfacet
  facet normal 0.514713 -0.770332 0.376376
    outer loop
      vertex -9.407 9.407 81.1109
      vertex -5.09103 12.2908 81.1109
      vertex -11.0963 11.0963 86.8786
    endloop
  endfacet
  facet normal -0.323492 0.216152 0.921212
    outer loop
      vertex 6.28556 -6.28556 76.6965
      vertex 2.88384 -1.19452 74.3074
      vertex 2.20719 -2.20719 74.3074
    endloop
  endfacet
  facet normal 0.0759008 0.381587 0.921212
    outer loop
      vertex 0 -3.12144 74.3074
      vertex -1.19452 -2.88384 74.3074
      vertex -3.40172 -8.21248 76.6965
    endloop
  endfacet
  facet normal -0.381586 -0.0759017 0.921212
    outer loop
      vertex 8.88912 0 76.6965
      vertex 8.21248 3.40172 76.6965
      vertex 3.12144 0 74.3074
    endloop
  endfacet
  facet normal 0.323492 0.216152 0.921212
    outer loop
      vertex -2.20719 -2.20719 74.3074
      vertex -2.88384 -1.19452 74.3074
      vertex -6.28556 -6.28556 76.6965
    endloop
  endfacet
  facet normal 0.216152 0.323492 0.921212
    outer loop
      vertex -1.19452 -2.88384 74.3074
      vertex -2.20719 -2.20719 74.3074
      vertex -6.28556 -6.28556 76.6965
    endloop
  endfacet
  facet normal -0.216152 -0.323492 0.921212
    outer loop
      vertex 2.20719 2.20719 74.3074
      vertex 6.28556 6.28556 76.6965
      vertex 1.19452 2.88384 74.3074
    endloop
  endfacet
  facet normal 0.593617 -0.396637 0.700213
    outer loop
      vertex -6.28556 6.28556 76.6965
      vertex -9.407 9.407 81.1109
      vertex -12.2908 5.09103 81.1109
    endloop
  endfacet
  facet normal -0.139291 -0.700227 0.7002
    outer loop
      vertex 1 10.4509 78.4571
      vertex 5.09103 12.2908 81.1109
      vertex 1 13.1046 81.1109
    endloop
  endfacet
  facet normal -0.139349 -0.700168 0.700248
    outer loop
      vertex 1 10.4509 78.4571
      vertex 0 8.88912 76.6965
      vertex 5.09103 12.2908 81.1109
    endloop
  endfacet
  facet normal -0.139204 -0.700227 0.700218
    outer loop
      vertex 0 8.88912 76.6965
      vertex 1 10.4509 78.4571
      vertex 0 10.5 78.3074
    endloop
  endfacet
  facet normal -0.0759017 -0.381586 0.921212
    outer loop
      vertex 3.40172 8.21248 76.6965
      vertex 0 8.88912 76.6965
      vertex 0 3.12144 74.3074
    endloop
  endfacet
  facet normal 0.700219 0.139281 0.70021
    outer loop
      vertex -8.21248 -3.40172 76.6965
      vertex -8.88912 0 76.6965
      vertex -12.2908 -5.09103 81.1109
    endloop
  endfacet
  facet normal 0.381586 0.0759017 0.921212
    outer loop
      vertex -8.21248 -3.40172 76.6965
      vertex -3.12144 0 74.3074
      vertex -8.88912 0 76.6965
    endloop
  endfacet
  facet normal 0.381587 -0.0759008 0.921212
    outer loop
      vertex -3.12144 0 74.3074
      vertex -2.88384 1.19452 74.3074
      vertex -8.21248 3.40172 76.6965
    endloop
  endfacet
  facet normal 0.323493 -0.216151 0.921212
    outer loop
      vertex -2.88384 1.19452 74.3074
      vertex -6.28556 6.28556 76.6965
      vertex -8.21248 3.40172 76.6965
    endloop
  endfacet
  facet normal -0.770332 -0.514713 0.376376
    outer loop
      vertex 12.2908 5.09103 81.1109
      vertex 11.0963 11.0963 86.8786
      vertex 9.407 9.407 81.1109
    endloop
  endfacet
  facet normal -0.593617 -0.396637 0.700213
    outer loop
      vertex 12.2908 5.09103 81.1109
      vertex 9.407 9.407 81.1109
      vertex 6.28556 6.28556 76.6965
    endloop
  endfacet
  facet normal -0.0759017 0.381586 0.921212
    outer loop
      vertex 3.40172 -8.21248 76.6965
      vertex 0 -3.12144 74.3074
      vertex 0 -8.88912 76.6965
    endloop
  endfacet
  facet normal 0.323492 -0.216152 0.921212
    outer loop
      vertex -2.88384 1.19452 74.3074
      vertex -2.20719 2.20719 74.3074
      vertex -6.28556 6.28556 76.6965
    endloop
  endfacet
  facet normal -0.323492 -0.216152 0.921212
    outer loop
      vertex 2.88384 1.19452 74.3074
      vertex 6.28556 6.28556 76.6965
      vertex 2.20719 2.20719 74.3074
    endloop
  endfacet
  facet normal -0.216151 -0.323493 0.921212
    outer loop
      vertex 6.28556 6.28556 76.6965
      vertex 3.40172 8.21248 76.6965
      vertex 1.19452 2.88384 74.3074
    endloop
  endfacet
  facet normal -0.0759008 -0.381587 0.921212
    outer loop
      vertex 1.19452 2.88384 74.3074
      vertex 3.40172 8.21248 76.6965
      vertex 0 3.12144 74.3074
    endloop
  endfacet
  facet normal 0.216152 -0.323492 0.921212
    outer loop
      vertex -2.20719 2.20719 74.3074
      vertex -1.19452 2.88384 74.3074
      vertex -6.28556 6.28556 76.6965
    endloop
  endfacet
  facet normal 0.216151 -0.323493 0.921212
    outer loop
      vertex -1.19452 2.88384 74.3074
      vertex -3.40172 8.21248 76.6965
      vertex -6.28556 6.28556 76.6965
    endloop
  endfacet
  facet normal 0.90866 -0.180749 0.376386
    outer loop
      vertex -13.3035 0 81.1109
      vertex -12.2908 5.09103 81.1109
      vertex -15.6926 0 86.8786
    endloop
  endfacet
  facet normal 0.908661 -0.180755 0.376381
    outer loop
      vertex -12.2908 5.09103 81.1109
      vertex -14.498 6.00528 86.8786
      vertex -15.6926 0 86.8786
    endloop
  endfacet
  facet normal -0.216152 0.323492 0.921212
    outer loop
      vertex 6.28556 -6.28556 76.6965
      vertex 2.20719 -2.20719 74.3074
      vertex 1.19452 -2.88384 74.3074
    endloop
  endfacet
  facet normal -0.0759008 0.381587 0.921212
    outer loop
      vertex 3.40172 -8.21248 76.6965
      vertex 1.19452 -2.88384 74.3074
      vertex 0 -3.12144 74.3074
    endloop
  endfacet
  facet normal 0.323493 0.216151 0.921212
    outer loop
      vertex -6.28556 -6.28556 76.6965
      vertex -2.88384 -1.19452 74.3074
      vertex -8.21248 -3.40172 76.6965
    endloop
  endfacet
  facet normal 0.381587 0.0759008 0.921212
    outer loop
      vertex -2.88384 -1.19452 74.3074
      vertex -3.12144 0 74.3074
      vertex -8.21248 -3.40172 76.6965
    endloop
  endfacet
  facet normal -0.139281 -0.700219 0.70021
    outer loop
      vertex 3.40172 8.21248 76.6965
      vertex 5.09103 12.2908 81.1109
      vertex 0 8.88912 76.6965
    endloop
  endfacet
  facet normal -0.396642 -0.593617 0.70021
    outer loop
      vertex 6.28556 6.28556 76.6965
      vertex 5.09103 12.2908 81.1109
      vertex 3.40172 8.21248 76.6965
    endloop
  endfacet
  facet normal 0 0 1
    outer loop
      vertex 2.88384 1.19452 74.3074
      vertex 2.88384 -1.19452 74.3074
      vertex 3.12144 0 74.3074
    endloop
  endfacet
  facet normal 0 0 1
    outer loop
      vertex 2.20719 2.20719 74.3074
      vertex 2.88384 -1.19452 74.3074
      vertex 2.88384 1.19452 74.3074
    endloop
  endfacet
  facet normal 0 0 1
    outer loop
      vertex 2.20719 2.20719 74.3074
      vertex 2.20719 -2.20719 74.3074
      vertex 2.88384 -1.19452 74.3074
    endloop
  endfacet
  facet normal 0 0 1
    outer loop
      vertex 1.19452 2.88384 74.3074
      vertex 2.20719 -2.20719 74.3074
      vertex 2.20719 2.20719 74.3074
    endloop
  endfacet
  facet normal 0 0 1
    outer loop
      vertex 1.19452 2.88384 74.3074
      vertex 1.19452 -2.88384 74.3074
      vertex 2.20719 -2.20719 74.3074
    endloop
  endfacet
  facet normal 0 0 1
    outer loop
      vertex 0 3.12144 74.3074
      vertex 1.19452 -2.88384 74.3074
      vertex 1.19452 2.88384 74.3074
    endloop
  endfacet
  facet normal 0 0 1
    outer loop
      vertex 0 3.12144 74.3074
      vertex 0 -3.12144 74.3074
      vertex 1.19452 -2.88384 74.3074
    endloop
  endfacet
  facet normal -0 0 1
    outer loop
      vertex -1.19452 2.88384 74.3074
      vertex 0 -3.12144 74.3074
      vertex 0 3.12144 74.3074
    endloop
  endfacet
  facet normal 0 0 1
    outer loop
      vertex -1.19452 2.88384 74.3074
      vertex -1.19452 -2.88384 74.3074
      vertex 0 -3.12144 74.3074
    endloop
  endfacet
  facet normal -0 0 1
    outer loop
      vertex -2.20719 2.20719 74.3074
      vertex -1.19452 -2.88384 74.3074
      vertex -1.19452 2.88384 74.3074
    endloop
  endfacet
  facet normal 0 0 1
    outer loop
      vertex -2.20719 2.20719 74.3074
      vertex -2.20719 -2.20719 74.3074
      vertex -1.19452 -2.88384 74.3074
    endloop
  endfacet
  facet normal -0 0 1
    outer loop
      vertex -2.88384 1.19452 74.3074
      vertex -2.20719 -2.20719 74.3074
      vertex -2.20719 2.20719 74.3074
    endloop
  endfacet
  facet normal 0 0 1
    outer loop
      vertex -2.88384 1.19452 74.3074
      vertex -2.88384 -1.19452 74.3074
      vertex -2.20719 -2.20719 74.3074
    endloop
  endfacet
  facet normal 0 -0 1
    outer loop
      vertex -2.88384 -1.19452 74.3074
      vertex -2.88384 1.19452 74.3074
      vertex -3.12144 0 74.3074
    endloop
  endfacet
endsolid OpenSCAD_Model
