solid OpenSCAD_Model
  facet normal 0.706679 0.0347839 -0.706679
    outer loop
      vertex 13 0 35.4336
      vertex 12.9808 0.390072 35.4336
      vertex 13.4112 0 35.8448
    endloop
  endfacet
  facet normal -0.928356 0.232561 -0.289951
    outer loop
      vertex -16.7145 3.32472 41.9023
      vertex -16.8015 5.09669 43.6021
      vertex -16.3081 4.94702 41.9023
    endloop
  endfacet
  facet normal 0.870087 -0.311354 0.382108
    outer loop
      vertex 15.7321 -6.26544 54.335
      vertex 16.3081 -4.94702 54.0977
      vertex 16.2141 -4.91848 54.335
    endloop
  endfacet
  facet normal 0.87002 -0.311288 0.382316
    outer loop
      vertex 16.3081 -4.94702 54.0977
      vertex 15.7321 -6.26544 54.335
      vertex 15.7447 -6.52167 54.0977
    endloop
  endfacet
  facet normal 0.241803 -0.965377 0.0978681
    outer loop
      vertex 5.19728 -17.1332 50.6558
      vertex 3.49292 -17.5601 50.6558
      vertex 3.52688 -17.7308 48.8881
    endloop
  endfacet
  facet normal 0.621166 0.460695 -0.633966
    outer loop
      vertex 12.088 8.07691 37.2178
      vertex 10.367 8.50798 35.8448
      vertex 11.2381 9.22285 37.2178
    endloop
  endfacet
  facet normal 0.592827 0.799359 -0.0978793
    outer loop
      vertex 11.3582 13.8401 45.3442
      vertex 9.94698 14.8867 45.3442
      vertex 11.4687 13.9746 47.1119
    endloop
  endfacet
  facet normal -0.984429 0.146021 0.0978678
    outer loop
      vertex -17.7308 3.52688 48.8881
      vertex -17.8179 1.75491 50.6558
      vertex -17.5601 3.49292 50.6558
    endloop
  endfacet
  facet normal -0.993996 -0.0488592 0.0978983
    outer loop
      vertex -17.9041 0 50.6558
      vertex -18.0782 0 48.8881
      vertex -17.9911 -1.77197 48.8881
    endloop
  endfacet
  facet normal 0.238311 -0.951435 -0.194883
    outer loop
      vertex 3.49292 -17.5601 45.3442
      vertex 3.42531 -17.2202 43.6021
      vertex 5.19728 -17.1332 45.3442
    endloop
  endfacet
  facet normal -0.853781 -0.511373 0.0977544
    outer loop
      vertex -15.1097 -9.87829 49.0704
      vertex -15.1252 -9.88726 48.8881
      vertex -15.0315 -10.0437 48.8881
    endloop
  endfacet
  facet normal -0.568219 -0.421527 -0.706713
    outer loop
      vertex -10.0491 -8.24711 35.4336
      vertex -10.367 -8.50798 35.8448
      vertex -10.2818 -7.93343 35.4336
    endloop
  endfacet
  facet normal 0.58428 0.78781 0.194868
    outer loop
      vertex 11.3582 13.8401 50.6558
      vertex 9.75446 14.5986 52.3979
      vertex 11.1384 13.5722 52.3979
    endloop
  endfacet
  facet normal 0.742152 0.550376 0.382487
    outer loop
      vertex 14.1699 9.468 54.0977
      vertex 13.9498 9.59988 54.335
      vertex 14.0881 9.41339 54.335
    endloop
  endfacet
  facet normal -0.187883 0.750199 -0.633957
    outer loop
      vertex -2.6164 13.1535 35.8448
      vertex -4.22017 13.9121 37.2178
      vertex -2.83623 14.2587 37.2178
    endloop
  endfacet
  facet normal 0.78781 0.58428 -0.194868
    outer loop
      vertex 14.5986 9.75446 43.6021
      vertex 13.5722 11.1384 43.6021
      vertex 13.8401 11.3582 45.3442
    endloop
  endfacet
  facet normal 0.335279 -0.937015 -0.0979269
    outer loop
      vertex 6.91823 -16.7021 47.1119
      vertex 5.24782 -17.2998 47.1119
      vertex 6.8516 -16.5412 45.3442
    endloop
  endfacet
  facet normal -0.886679 -0.419329 -0.194841
    outer loop
      vertex -15.8947 -8.02209 44.9212
      vertex -16.5412 -6.8516 45.3442
      vertex -16.2211 -6.71899 43.6021
    endloop
  endfacet
  facet normal -0.88668 -0.419339 -0.194816
    outer loop
      vertex -16.5412 -6.8516 45.3442
      vertex -15.8947 -8.02209 44.9212
      vertex -15.9677 -8.06425 45.3442
    endloop
  endfacet
  facet normal -0.901102 0.322382 0.289974
    outer loop
      vertex -16.2211 6.71899 52.3979
      vertex -16.8015 5.09669 52.3979
      vertex -15.7447 6.52167 54.0977
    endloop
  endfacet
  facet normal -0.970041 0.242941 0
    outer loop
      vertex -17.7308 3.52688 47.1119
      vertex -17.2998 5.24782 48.8881
      vertex -17.2998 5.24782 47.1119
    endloop
  endfacet
  facet normal -0.970041 0.242941 0
    outer loop
      vertex -17.2998 5.24782 48.8881
      vertex -17.7308 3.52688 47.1119
      vertex -17.7308 3.52688 48.8881
    endloop
  endfacet
  facet normal -0.671561 0.740949 0
    outer loop
      vertex -11.4687 13.9746 47.1119
      vertex -12.7832 12.7832 48.8881
      vertex -11.4687 13.9746 48.8881
    endloop
  endfacet
  facet normal -0.671561 0.740949 0
    outer loop
      vertex -12.7832 12.7832 48.8881
      vertex -11.4687 13.9746 47.1119
      vertex -12.7832 12.7832 47.1119
    endloop
  endfacet
  facet normal 0.639622 0.302454 -0.706686
    outer loop
      vertex 11.632 5.77511 35.4336
      vertex 12.3903 5.13225 35.8448
      vertex 12.0104 4.97488 35.4336
    endloop
  endfacet
  facet normal 0.639652 0.302528 -0.706627
    outer loop
      vertex 12.3903 5.13225 35.8448
      vertex 11.632 5.77511 35.4336
      vertex 11.8276 6.322 35.8448
    endloop
  endfacet
  facet normal -0.335279 -0.937015 0.0979269
    outer loop
      vertex -6.8516 -16.5412 50.6558
      vertex -6.91823 -16.7021 48.8881
      vertex -5.24782 -17.2998 48.8881
    endloop
  endfacet
  facet normal -0.592854 -0.799335 -0.0979151
    outer loop
      vertex -10.0437 -15.0315 47.1119
      vertex -11.4687 -13.9746 47.1119
      vertex -9.94698 -14.8867 45.3442
    endloop
  endfacet
  facet normal 0.922956 0.0453448 0.382224
    outer loop
      vertex 16.9323 0.231905 54.335
      vertex 16.9599 1.6704 54.0977
      vertex 16.8621 1.66077 54.335
    endloop
  endfacet
  facet normal 0.923037 0.0453119 0.382034
    outer loop
      vertex 16.9599 1.6704 54.0977
      vertex 16.9323 0.231905 54.335
      vertex 17.0419 0 54.0977
    endloop
  endfacet
  facet normal 0.592827 -0.799359 -0.0978793
    outer loop
      vertex 11.4687 -13.9746 47.1119
      vertex 9.94698 -14.8867 45.3442
      vertex 11.3582 -13.8401 45.3442
    endloop
  endfacet
  facet normal 0.394842 0.835417 0.382333
    outer loop
      vertex 8.03352 15.0297 54.0977
      vertex 7.77729 15.0422 54.335
      vertex 7.98718 14.943 54.335
    endloop
  endfacet
  facet normal 0.419366 0.886657 -0.19486
    outer loop
      vertex 8.27658 15.4844 43.6021
      vertex 6.71899 16.2211 43.6021
      vertex 8.43993 15.79 45.3442
    endloop
  endfacet
  facet normal -0.146017 0.98443 0.097864
    outer loop
      vertex -1.77197 17.9911 48.8881
      vertex -3.52688 17.7308 48.8881
      vertex -1.75491 17.8179 50.6558
    endloop
  endfacet
  facet normal 0.570124 0.768692 0.289949
    outer loop
      vertex 9.75446 14.5986 52.3979
      vertex 9.468 14.1699 54.0977
      vertex 10.8113 13.1736 54.0977
    endloop
  endfacet
  facet normal 0.965381 0.241774 -0.0978966
    outer loop
      vertex 17.7308 3.52688 47.1119
      vertex 17.1332 5.19728 45.3442
      vertex 17.2998 5.24782 47.1119
    endloop
  endfacet
  facet normal 0.78782 0.58427 0.194854
    outer loop
      vertex 14.8867 9.94698 50.6558
      vertex 13.8401 11.3582 50.6558
      vertex 14.5986 9.75446 52.3979
    endloop
  endfacet
  facet normal 0.511636 0.853605 -0.0979167
    outer loop
      vertex 9.94698 14.8867 45.3442
      vertex 8.43993 15.79 45.3442
      vertex 10.0437 15.0315 47.1119
    endloop
  endfacet
  facet normal 0.756676 0.453503 -0.470932
    outer loop
      vertex 13.6917 7.31838 38.6947
      vertex 12.9085 8.62516 38.6947
      vertex 13.6047 9.09035 40.2613
    endloop
  endfacet
  facet normal -0.742193 -0.55047 -0.382273
    outer loop
      vertex -13.1736 -10.8113 41.9023
      vertex -14.1699 -9.468 41.9023
      vertex -12.6482 -10.3801 40.2613
    endloop
  endfacet
  facet normal 0.886679 -0.419329 0.194841
    outer loop
      vertex 15.8947 -8.02209 51.0788
      vertex 16.5412 -6.8516 50.6558
      vertex 16.2211 -6.71899 52.3979
    endloop
  endfacet
  facet normal 0.88668 -0.419339 0.194816
    outer loop
      vertex 16.5412 -6.8516 50.6558
      vertex 15.8947 -8.02209 51.0788
      vertex 15.9677 -8.06425 50.6558
    endloop
  endfacet
  facet normal -0.642694 0.709132 0.289961
    outer loop
      vertex -10.8113 13.1736 54.0977
      vertex -12.4151 12.4151 52.3979
      vertex -12.0505 12.0505 54.0977
    endloop
  endfacet
  facet normal -0.914027 0.135709 0.38228
    outer loop
      vertex -16.6181 3.30554 54.335
      vertex -16.7145 3.32472 54.0977
      vertex -16.6522 3.07587 54.335
    endloop
  endfacet
  facet normal -0.841283 -0.504257 -0.194853
    outer loop
      vertex -14.8867 -9.94698 45.3442
      vertex -14.7005 -9.64203 43.7511
      vertex -14.5986 -9.75446 43.6021
    endloop
  endfacet
  facet normal -0.841332 -0.50418 -0.194844
    outer loop
      vertex -14.7005 -9.64203 43.7511
      vertex -14.8867 -9.94698 45.3442
      vertex -14.9746 -9.8003 45.3442
    endloop
  endfacet
  facet normal -0.965377 0.241803 0.0978681
    outer loop
      vertex -17.1332 5.19728 50.6558
      vertex -17.7308 3.52688 48.8881
      vertex -17.5601 3.49292 50.6558
    endloop
  endfacet
  facet normal -0.951435 -0.238311 0.194883
    outer loop
      vertex -17.2202 -3.42531 52.3979
      vertex -17.5601 -3.49292 50.6558
      vertex -17.1332 -5.19728 50.6558
    endloop
  endfacet
  facet normal -0.922956 0.0453448 0.382224
    outer loop
      vertex -16.9599 1.6704 54.0977
      vertex -16.9323 0.231905 54.335
      vertex -16.8621 1.66077 54.335
    endloop
  endfacet
  facet normal -0.923037 0.0453119 0.382034
    outer loop
      vertex -16.9323 0.231905 54.335
      vertex -16.9599 1.6704 54.0977
      vertex -17.0419 0 54.0977
    endloop
  endfacet
  facet normal -0.88111 -0.0432924 -0.470926
    outer loop
      vertex -16.2834 -1.60378 40.2613
      vertex -16.3622 0 40.2613
      vertex -15.5249 0 38.6947
    endloop
  endfacet
  facet normal -0.122023 -0.822801 -0.555076
    outer loop
      vertex -1.5217 -15.4501 38.6947
      vertex -3.02876 -15.2266 38.6947
      vertex -1.42498 -14.4681 37.2178
    endloop
  endfacet
  facet normal -0.941541 -0.336899 0
    outer loop
      vertex -16.7021 -6.91823 47.1119
      vertex -17.2998 -5.24782 48.8881
      vertex -17.2998 -5.24782 47.1119
    endloop
  endfacet
  facet normal -0.941541 -0.336899 0
    outer loop
      vertex -17.2998 -5.24782 48.8881
      vertex -16.7021 -6.91823 47.1119
      vertex -16.7021 -6.91823 48.8881
    endloop
  endfacet
  facet normal 0.85573 0.214319 -0.470949
    outer loop
      vertex 16.0478 3.19211 40.2613
      vertex 14.8564 4.50664 38.6947
      vertex 15.6577 4.7497 40.2613
    endloop
  endfacet
  facet normal 0.460695 0.621166 -0.633966
    outer loop
      vertex 8.50798 10.367 35.8448
      vertex 8.07691 12.088 37.2178
      vertex 9.22285 11.2381 37.2178
    endloop
  endfacet
  facet normal 0.841289 0.504245 -0.19486
    outer loop
      vertex 15.4844 8.27658 43.6021
      vertex 14.5986 9.75446 43.6021
      vertex 15.79 8.43993 45.3442
    endloop
  endfacet
  facet normal 0.9011 -0.322408 0.28995
    outer loop
      vertex 16.3081 -4.94702 54.0977
      vertex 15.7447 -6.52167 54.0977
      vertex 16.8015 -5.09669 52.3979
    endloop
  endfacet
  facet normal 0.592827 -0.799359 0.0978793
    outer loop
      vertex 11.3582 -13.8401 50.6558
      vertex 9.94698 -14.8867 50.6558
      vertex 11.4687 -13.9746 48.8881
    endloop
  endfacet
  facet normal -0.504245 0.841289 -0.19486
    outer loop
      vertex -8.27658 15.4844 43.6021
      vertex -9.75446 14.5986 43.6021
      vertex -8.43993 15.79 45.3442
    endloop
  endfacet
  facet normal -0.550431 0.742205 -0.382306
    outer loop
      vertex -9.09035 13.6047 40.2613
      vertex -10.3801 12.6482 40.2613
      vertex -9.468 14.1699 41.9023
    endloop
  endfacet
  facet normal -0.525518 0.708557 -0.470933
    outer loop
      vertex -8.62516 12.9085 38.6947
      vertex -9.84888 12.0009 38.6947
      vertex -9.09035 13.6047 40.2613
    endloop
  endfacet
  facet normal 0.0380054 0.772413 -0.633983
    outer loop
      vertex 1.31453 13.3466 35.8448
      vertex 1 14.1529 36.8083
      vertex 1.42498 14.4681 37.2178
    endloop
  endfacet
  facet normal 0.0380648 0.77242 -0.63397
    outer loop
      vertex 1 14.1529 36.8083
      vertex 1.31453 13.3466 35.8448
      vertex 1 13.3621 35.8448
    endloop
  endfacet
  facet normal -0.573027 0.519354 -0.633965
    outer loop
      vertex -10.367 8.50798 35.8448
      vertex -11.2381 9.22285 37.2178
      vertex -9.48316 9.48316 35.8448
    endloop
  endfacet
  facet normal -0.146017 0.98443 -0.097864
    outer loop
      vertex -1.75491 17.8179 45.3442
      vertex -3.52688 17.7308 47.1119
      vertex -1.77197 17.9911 47.1119
    endloop
  endfacet
  facet normal 0.72676 0.658678 0.194841
    outer loop
      vertex 12.6601 12.6601 50.6558
      vertex 12.4151 12.4151 52.3979
      vertex 13.5722 11.1384 52.3979
    endloop
  endfacet
  facet normal 0.475052 0.792571 -0.382306
    outer loop
      vertex 9.09035 13.6047 40.2613
      vertex 8.03352 15.0297 41.9023
      vertex 9.468 14.1699 41.9023
    endloop
  endfacet
  facet normal 0.803195 0.595717 0
    outer loop
      vertex 15.0315 10.0437 48.8881
      vertex 13.9746 11.4687 47.1119
      vertex 13.9746 11.4687 48.8881
    endloop
  endfacet
  facet normal 0.803195 0.595717 0
    outer loop
      vertex 13.9746 11.4687 47.1119
      vertex 15.0315 10.0437 48.8881
      vertex 15.0315 10.0437 47.1119
    endloop
  endfacet
  facet normal 0.68484 0.620375 0.382269
    outer loop
      vertex 12.0505 12.0505 54.0977
      vertex 11.981 11.981 54.335
      vertex 12.1369 11.8089 54.335
    endloop
  endfacet
  facet normal 0.965381 0.241774 0.0978966
    outer loop
      vertex 17.2998 5.24782 48.8881
      vertex 17.1332 5.19728 50.6558
      vertex 17.7308 3.52688 48.8881
    endloop
  endfacet
  facet normal 0.901102 0.322382 0.289974
    outer loop
      vertex 16.2211 6.71899 52.3979
      vertex 15.7447 6.52167 54.0977
      vertex 16.8015 5.09669 52.3979
    endloop
  endfacet
  facet normal 0.9011 0.322408 0.28995
    outer loop
      vertex 16.8015 5.09669 52.3979
      vertex 15.7447 6.52167 54.0977
      vertex 16.3081 4.94702 54.0977
    endloop
  endfacet
  facet normal 0.799359 0.592827 0.0978793
    outer loop
      vertex 13.9746 11.4687 48.8881
      vertex 13.8401 11.3582 50.6558
      vertex 14.8867 9.94698 50.6558
    endloop
  endfacet
  facet normal 0.73739 0.668335 -0.0978927
    outer loop
      vertex 13.9746 11.4687 47.1119
      vertex 12.6601 12.6601 45.3442
      vertex 12.7832 12.7832 47.1119
    endloop
  endfacet
  facet normal 0.901102 0.322382 -0.289974
    outer loop
      vertex 16.8015 5.09669 43.6021
      vertex 15.7447 6.52167 41.9023
      vertex 16.2211 6.71899 43.6021
    endloop
  endfacet
  facet normal 0.427589 0.903973 -0
    outer loop
      vertex 8.522 15.9435 47.1119
      vertex 6.91823 16.7021 48.8881
      vertex 8.522 15.9435 48.8881
    endloop
  endfacet
  facet normal 0.427589 0.903973 0
    outer loop
      vertex 6.91823 16.7021 48.8881
      vertex 8.522 15.9435 47.1119
      vertex 6.91823 16.7021 47.1119
    endloop
  endfacet
  facet normal -0.923486 -0.33047 0.19484
    outer loop
      vertex -16.2211 -6.71899 52.3979
      vertex -17.1332 -5.19728 50.6558
      vertex -16.5412 -6.8516 50.6558
    endloop
  endfacet
  facet normal -0.946682 -0.14043 0.289953
    outer loop
      vertex -16.9599 -1.6704 54.0977
      vertex -17.2202 -3.42531 52.3979
      vertex -16.7145 -3.32472 54.0977
    endloop
  endfacet
  facet normal -0.903973 0.427589 0
    outer loop
      vertex -16.7021 6.91823 47.1119
      vertex -15.9435 8.522 48.8881
      vertex -15.9435 8.522 47.1119
    endloop
  endfacet
  facet normal -0.903973 0.427589 0
    outer loop
      vertex -15.9435 8.522 48.8881
      vertex -16.7021 6.91823 47.1119
      vertex -16.7021 6.91823 48.8881
    endloop
  endfacet
  facet normal -0.820886 0.492016 0.289944
    outer loop
      vertex -14.5986 9.75446 52.3979
      vertex -15.4844 8.27658 52.3979
      vertex -15.0297 8.03352 54.0977
    endloop
  endfacet
  facet normal -0.923498 -0.330394 0.194913
    outer loop
      vertex -16.8015 -5.09669 52.3979
      vertex -17.1332 -5.19728 50.6558
      vertex -16.2211 -6.71899 52.3979
    endloop
  endfacet
  facet normal -0.955872 -0.0469899 0.290001
    outer loop
      vertex -17.0419 0 54.0977
      vertex -17.5576 0 52.3979
      vertex -17.473 -1.72094 52.3979
    endloop
  endfacet
  facet normal -0.946687 0.140417 0.289941
    outer loop
      vertex -17.2202 3.42531 52.3979
      vertex -17.473 1.72094 52.3979
      vertex -16.9599 1.6704 54.0977
    endloop
  endfacet
  facet normal -0.955872 0.0469899 0.290001
    outer loop
      vertex -17.473 1.72094 52.3979
      vertex -17.5576 0 52.3979
      vertex -17.0419 0 54.0977
    endloop
  endfacet
  facet normal -0.803195 0.595717 0
    outer loop
      vertex -15.0315 10.0437 47.1119
      vertex -13.9746 11.4687 48.8881
      vertex -13.9746 11.4687 47.1119
    endloop
  endfacet
  facet normal -0.803195 0.595717 0
    outer loop
      vertex -13.9746 11.4687 48.8881
      vertex -15.0315 10.0437 47.1119
      vertex -15.0315 10.0437 48.8881
    endloop
  endfacet
  facet normal -0.965377 -0.241803 0.0978681
    outer loop
      vertex -17.5601 -3.49292 50.6558
      vertex -17.7308 -3.52688 48.8881
      vertex -17.1332 -5.19728 50.6558
    endloop
  endfacet
  facet normal -0.143906 0.970211 -0.194888
    outer loop
      vertex -1.72094 17.473 43.6021
      vertex -3.42531 17.2202 43.6021
      vertex -1.75491 17.8179 45.3442
    endloop
  endfacet
  facet normal -0.135586 0.914031 -0.382313
    outer loop
      vertex -1.60378 16.2834 40.2613
      vertex -3.32472 16.7145 41.9023
      vertex -1.6704 16.9599 41.9023
    endloop
  endfacet
  facet normal -0.937015 0.335279 0.0979269
    outer loop
      vertex -16.7021 6.91823 48.8881
      vertex -17.2998 5.24782 48.8881
      vertex -16.5412 6.8516 50.6558
    endloop
  endfacet
  facet normal -0.923498 0.330394 0.194913
    outer loop
      vertex -16.2211 6.71899 52.3979
      vertex -17.1332 5.19728 50.6558
      vertex -16.8015 5.09669 52.3979
    endloop
  endfacet
  facet normal 0.241774 -0.965381 -0.0978966
    outer loop
      vertex 5.24782 -17.2998 47.1119
      vertex 3.52688 -17.7308 47.1119
      vertex 5.19728 -17.1332 45.3442
    endloop
  endfacet
  facet normal 0.202113 -0.806859 -0.555093
    outer loop
      vertex 4.50664 -14.8564 38.6947
      vertex 3.02876 -15.2266 38.6947
      vertex 4.22017 -13.9121 37.2178
    endloop
  endfacet
  facet normal 0.98443 -0.146017 -0.097864
    outer loop
      vertex 17.9911 -1.77197 47.1119
      vertex 17.7308 -3.52688 47.1119
      vertex 17.8179 -1.75491 45.3442
    endloop
  endfacet
  facet normal 0.525484 -0.708566 -0.470958
    outer loop
      vertex 10.3801 -12.6482 40.2613
      vertex 9.09035 -13.6047 40.2613
      vertex 9.84888 -12.0009 38.6947
    endloop
  endfacet
  facet normal -0.322382 -0.901102 -0.289974
    outer loop
      vertex -5.09669 -16.8015 43.6021
      vertex -6.71899 -16.2211 43.6021
      vertex -6.52167 -15.7447 41.9023
    endloop
  endfacet
  facet normal -0.994001 0.0488247 -0.0978639
    outer loop
      vertex -17.9041 0 45.3442
      vertex -17.9911 1.77197 47.1119
      vertex -17.8179 1.75491 45.3442
    endloop
  endfacet
  facet normal -0.0453474 -0.922934 -0.382278
    outer loop
      vertex 0 -17.0419 41.9023
      vertex -1.60378 -16.2834 40.2613
      vertex 0 -16.3622 40.2613
    endloop
  endfacet
  facet normal -0.514073 -0.857746 0
    outer loop
      vertex -10.0437 -15.0315 47.1119
      vertex -8.522 -15.9435 48.8881
      vertex -10.0437 -15.0315 48.8881
    endloop
  endfacet
  facet normal -0.514073 -0.857746 -0
    outer loop
      vertex -8.522 -15.9435 48.8881
      vertex -10.0437 -15.0315 47.1119
      vertex -8.522 -15.9435 47.1119
    endloop
  endfacet
  facet normal -0.58428 -0.78781 0.194868
    outer loop
      vertex -11.1384 -13.5722 52.3979
      vertex -11.3582 -13.8401 50.6558
      vertex -9.75446 -14.5986 52.3979
    endloop
  endfacet
  facet normal 0.49202 -0.820881 0.289949
    outer loop
      vertex 9.468 -14.1699 54.0977
      vertex 8.03352 -15.0297 54.0977
      vertex 9.75446 -14.5986 52.3979
    endloop
  endfacet
  facet normal 0.865169 0.409165 -0.289942
    outer loop
      vertex 15.7447 6.52167 41.9023
      vertex 15.0297 8.03352 41.9023
      vertex 15.4844 8.27658 43.6021
    endloop
  endfacet
  facet normal 0.62054 0.684688 -0.382274
    outer loop
      vertex 12.0505 12.0505 41.9023
      vertex 10.3801 12.6482 40.2613
      vertex 10.8113 13.1736 41.9023
    endloop
  endfacet
  facet normal 0.708566 0.525484 -0.470958
    outer loop
      vertex 13.6047 9.09035 40.2613
      vertex 12.0009 9.84888 38.6947
      vertex 12.6482 10.3801 40.2613
    endloop
  endfacet
  facet normal 0.993996 0.0488592 -0.0978983
    outer loop
      vertex 18.0782 0 47.1119
      vertex 17.9041 0 45.3442
      vertex 17.9911 1.77197 47.1119
    endloop
  endfacet
  facet normal 0.970211 0.143906 0.194888
    outer loop
      vertex 17.8179 1.75491 50.6558
      vertex 17.2202 3.42531 52.3979
      vertex 17.473 1.72094 52.3979
    endloop
  endfacet
  facet normal 0.33047 -0.923486 -0.19484
    outer loop
      vertex 6.8516 -16.5412 45.3442
      vertex 5.19728 -17.1332 45.3442
      vertex 6.71899 -16.2211 43.6021
    endloop
  endfacet
  facet normal 0.865139 -0.409207 -0.289972
    outer loop
      vertex 15.5515 -7.82398 43.1637
      vertex 15.2194 -7.63225 41.9023
      vertex 15.7447 -6.52167 41.9023
    endloop
  endfacet
  facet normal 0.658693 -0.72674 -0.194865
    outer loop
      vertex 11.3582 -13.8401 45.3442
      vertex 11.1384 -13.5722 43.6021
      vertex 12.6601 -12.6601 45.3442
    endloop
  endfacet
  facet normal 0.937015 0.335279 -0.0979269
    outer loop
      vertex 17.2998 5.24782 47.1119
      vertex 16.5412 6.8516 45.3442
      vertex 16.7021 6.91823 47.1119
    endloop
  endfacet
  facet normal 0.951435 0.238311 -0.194883
    outer loop
      vertex 17.2202 3.42531 43.6021
      vertex 17.1332 5.19728 45.3442
      vertex 17.5601 3.49292 45.3442
    endloop
  endfacet
  facet normal 0.865138 -0.409209 0.289973
    outer loop
      vertex 15.5515 -7.82398 52.8363
      vertex 16.2211 -6.71899 52.3979
      vertex 15.7447 -6.52167 54.0977
    endloop
  endfacet
  facet normal 0.865143 -0.40923 0.289928
    outer loop
      vertex 16.2211 -6.71899 52.3979
      vertex 15.5515 -7.82398 52.8363
      vertex 15.6669 -7.89061 52.3979
    endloop
  endfacet
  facet normal 0.409192 -0.865146 0.289974
    outer loop
      vertex 8.27658 -15.4844 52.3979
      vertex 6.52167 -15.7447 54.0977
      vertex 6.71899 -16.2211 52.3979
    endloop
  endfacet
  facet normal 0.146017 -0.98443 0.097864
    outer loop
      vertex 3.52688 -17.7308 48.8881
      vertex 1.75491 -17.8179 50.6558
      vertex 1.77197 -17.9911 48.8881
    endloop
  endfacet
  facet normal -0.427591 -0.71346 -0.555105
    outer loop
      vertex -7.31838 -13.6917 38.6947
      vertex -8.07691 -12.088 37.2178
      vertex -6.85319 -12.8214 37.2178
    endloop
  endfacet
  facet normal -0.865138 -0.409209 -0.289973
    outer loop
      vertex -15.5515 -7.82398 43.1637
      vertex -16.2211 -6.71899 43.6021
      vertex -15.7447 -6.52167 41.9023
    endloop
  endfacet
  facet normal -0.865143 -0.40923 -0.289928
    outer loop
      vertex -16.2211 -6.71899 43.6021
      vertex -15.5515 -7.82398 43.1637
      vertex -15.6669 -7.89061 43.6021
    endloop
  endfacet
  facet normal -0.922922 0.0453063 -0.382313
    outer loop
      vertex -16.2834 1.60378 40.2613
      vertex -17.0419 0 41.9023
      vertex -16.9599 1.6704 41.9023
    endloop
  endfacet
  facet normal 0.171921 0.686323 -0.706685
    outer loop
      vertex 3.39486 12.5351 35.4336
      vertex 2.6164 13.1535 35.8448
      vertex 3.89307 12.8337 35.8448
    endloop
  endfacet
  facet normal 0.171923 0.686325 -0.706683
    outer loop
      vertex 2.53617 12.7502 35.4336
      vertex 2.6164 13.1535 35.8448
      vertex 3.39486 12.5351 35.4336
    endloop
  endfacet
  facet normal -0.395063 0.835324 -0.382308
    outer loop
      vertex -7.71309 14.4302 40.2613
      vertex -8.03352 15.0297 41.9023
      vertex -6.26155 15.1167 40.2613
    endloop
  endfacet
  facet normal -0.425489 0.89965 -0.0979261
    outer loop
      vertex -6.8516 16.5412 45.3442
      vertex -8.43993 15.79 45.3442
      vertex -6.91823 16.7021 47.1119
    endloop
  endfacet
  facet normal 0.280238 0.783159 -0.555093
    outer loop
      vertex 5.94112 14.3431 38.6947
      vertex 4.22017 13.9121 37.2178
      vertex 4.50664 14.8564 38.6947
    endloop
  endfacet
  facet normal -0.642694 0.709132 -0.289961
    outer loop
      vertex -12.0505 12.0505 41.9023
      vertex -12.4151 12.4151 43.6021
      vertex -10.8113 13.1736 41.9023
    endloop
  endfacet
  facet normal -0.841286 0.504252 -0.194853
    outer loop
      vertex -14.5986 9.75446 43.6021
      vertex -15.79 8.43993 45.3442
      vertex -14.8867 9.94698 45.3442
    endloop
  endfacet
  facet normal -0.0409237 0.830736 -0.55516
    outer loop
      vertex -1 14.7832 37.6583
      vertex -1.5217 15.4501 38.6947
      vertex -1 15.4758 38.6947
    endloop
  endfacet
  facet normal -0.040657 0.830808 -0.555072
    outer loop
      vertex -1.5217 15.4501 38.6947
      vertex -1 14.7832 37.6583
      vertex -1.42498 14.4681 37.2178
    endloop
  endfacet
  facet normal 0.0348256 0.706689 -0.706666
    outer loop
      vertex 1.31453 13.3466 35.8448
      vertex 1.27422 12.9374 35.4336
      vertex 1 13.3621 35.8448
    endloop
  endfacet
  facet normal 0.0347902 0.706679 -0.706679
    outer loop
      vertex 1 13.3621 35.8448
      vertex 1.27422 12.9374 35.4336
      vertex 1 12.9509 35.4336
    endloop
  endfacet
  facet normal -0.103828 0.69989 -0.706664
    outer loop
      vertex -2.14986 12.8075 35.4336
      vertex -1.31453 13.3466 35.8448
      vertex -1.27422 12.9374 35.4336
    endloop
  endfacet
  facet normal -0.103809 0.699875 -0.706682
    outer loop
      vertex -1.31453 13.3466 35.8448
      vertex -2.14986 12.8075 35.4336
      vertex -2.6164 13.1535 35.8448
    endloop
  endfacet
  facet normal -0.0489287 0.993986 -0.0979659
    outer loop
      vertex -1 17.9532 46.3418
      vertex -1.77197 17.9911 47.1119
      vertex -1 18.0291 47.1119
    endloop
  endfacet
  facet normal -0.146021 0.984429 -0.0978678
    outer loop
      vertex -3.49292 17.5601 45.3442
      vertex -3.52688 17.7308 47.1119
      vertex -1.75491 17.8179 45.3442
    endloop
  endfacet
  facet normal -0.140417 0.946687 -0.289941
    outer loop
      vertex -1.6704 16.9599 41.9023
      vertex -3.42531 17.2202 43.6021
      vertex -1.72094 17.473 43.6021
    endloop
  endfacet
  facet normal 0.311223 0.870072 0.382249
    outer loop
      vertex 6.52167 15.7447 54.0977
      vertex 6.26544 15.7321 54.335
      vertex 6.48406 15.6539 54.335
    endloop
  endfacet
  facet normal 0.49202 0.820881 0.289949
    outer loop
      vertex 9.75446 14.5986 52.3979
      vertex 8.03352 15.0297 54.0977
      vertex 9.468 14.1699 54.0977
    endloop
  endfacet
  facet normal 0.241803 0.965377 0.0978681
    outer loop
      vertex 3.52688 17.7308 48.8881
      vertex 3.49292 17.5601 50.6558
      vertex 5.19728 17.1332 50.6558
    endloop
  endfacet
  facet normal 0.335309 0.937008 -0.0978967
    outer loop
      vertex 6.8516 16.5412 45.3442
      vertex 5.19728 17.1332 45.3442
      vertex 5.24782 17.2998 47.1119
    endloop
  endfacet
  facet normal 0.33047 0.923486 -0.19484
    outer loop
      vertex 6.71899 16.2211 43.6021
      vertex 5.19728 17.1332 45.3442
      vertex 6.8516 16.5412 45.3442
    endloop
  endfacet
  facet normal 0.425536 0.899633 0.0978771
    outer loop
      vertex 8.522 15.9435 48.8881
      vertex 6.91823 16.7021 48.8881
      vertex 8.43993 15.79 50.6558
    endloop
  endfacet
  facet normal -0.311354 0.870087 0.382108
    outer loop
      vertex -4.94702 16.3081 54.0977
      vertex -6.26544 15.7321 54.335
      vertex -4.91848 16.2141 54.335
    endloop
  endfacet
  facet normal -0.311288 0.87002 0.382316
    outer loop
      vertex -6.26544 15.7321 54.335
      vertex -4.94702 16.3081 54.0977
      vertex -6.52167 15.7447 54.0977
    endloop
  endfacet
  facet normal 0.684631 0.620488 0.38246
    outer loop
      vertex 12.1369 11.8089 54.335
      vertex 13.1736 10.8113 54.0977
      vertex 12.0505 12.0505 54.0977
    endloop
  endfacet
  facet normal 0.684635 0.620499 0.382433
    outer loop
      vertex 13.1736 10.8113 54.0977
      vertex 12.1369 11.8089 54.335
      vertex 13.0976 10.7489 54.335
    endloop
  endfacet
  facet normal 0.899633 0.425536 0.0978771
    outer loop
      vertex 15.9435 8.522 48.8881
      vertex 15.79 8.43993 50.6558
      vertex 16.7021 6.91823 48.8881
    endloop
  endfacet
  facet normal 0.886657 0.419366 0.19486
    outer loop
      vertex 15.79 8.43993 50.6558
      vertex 15.4844 8.27658 52.3979
      vertex 16.2211 6.71899 52.3979
    endloop
  endfacet
  facet normal 0.642694 0.709132 0.289961
    outer loop
      vertex 12.4151 12.4151 52.3979
      vertex 10.8113 13.1736 54.0977
      vertex 12.0505 12.0505 54.0977
    endloop
  endfacet
  facet normal 0.29721 0.83059 -0.470943
    outer loop
      vertex 5.94112 14.3431 38.6947
      vertex 4.50664 14.8564 38.6947
      vertex 6.26155 15.1167 40.2613
    endloop
  endfacet
  facet normal 0.937008 0.335309 -0.0978967
    outer loop
      vertex 17.1332 5.19728 45.3442
      vertex 16.5412 6.8516 45.3442
      vertex 17.2998 5.24782 47.1119
    endloop
  endfacet
  facet normal 0.322408 0.9011 -0.28995
    outer loop
      vertex 6.52167 15.7447 41.9023
      vertex 4.94702 16.3081 41.9023
      vertex 5.09669 16.8015 43.6021
    endloop
  endfacet
  facet normal 0.214357 0.855736 -0.470921
    outer loop
      vertex 4.50664 14.8564 38.6947
      vertex 3.02876 15.2266 38.6947
      vertex 3.19211 16.0478 40.2613
    endloop
  endfacet
  facet normal 0.709132 0.642694 -0.289961
    outer loop
      vertex 13.1736 10.8113 41.9023
      vertex 12.0505 12.0505 41.9023
      vertex 12.4151 12.4151 43.6021
    endloop
  endfacet
  facet normal 0.72674 0.658693 0.194865
    outer loop
      vertex 13.8401 11.3582 50.6558
      vertex 12.6601 12.6601 50.6558
      vertex 13.5722 11.1384 52.3979
    endloop
  endfacet
  facet normal 0.740949 0.671561 0
    outer loop
      vertex 13.9746 11.4687 48.8881
      vertex 12.7832 12.7832 47.1119
      vertex 12.7832 12.7832 48.8881
    endloop
  endfacet
  facet normal 0.740949 0.671561 0
    outer loop
      vertex 12.7832 12.7832 47.1119
      vertex 13.9746 11.4687 48.8881
      vertex 13.9746 11.4687 47.1119
    endloop
  endfacet
  facet normal 0.58428 0.78781 -0.194868
    outer loop
      vertex 11.1384 13.5722 43.6021
      vertex 9.75446 14.5986 43.6021
      vertex 11.3582 13.8401 45.3442
    endloop
  endfacet
  facet normal 0.857746 0.514073 0
    outer loop
      vertex 15.9435 8.522 48.8881
      vertex 15.0315 10.0437 47.1119
      vertex 15.0315 10.0437 48.8881
    endloop
  endfacet
  facet normal 0.857746 0.514073 0
    outer loop
      vertex 15.0315 10.0437 47.1119
      vertex 15.9435 8.522 48.8881
      vertex 15.9435 8.522 47.1119
    endloop
  endfacet
  facet normal 0.377159 0.797467 -0.470955
    outer loop
      vertex 7.31838 13.6917 38.6947
      vertex 6.26155 15.1167 40.2613
      vertex 7.71309 14.4302 40.2613
    endloop
  endfacet
  facet normal 0.377176 0.797466 -0.470942
    outer loop
      vertex 7.31838 13.6917 38.6947
      vertex 5.94112 14.3431 38.6947
      vertex 6.26155 15.1167 40.2613
    endloop
  endfacet
  facet normal -0.946687 -0.140417 -0.289941
    outer loop
      vertex -17.2202 -3.42531 43.6021
      vertex -17.473 -1.72094 43.6021
      vertex -16.9599 -1.6704 41.9023
    endloop
  endfacet
  facet normal -0.792494 0.475025 0.382499
    outer loop
      vertex -14.1699 9.468 54.0977
      vertex -14.8236 8.18634 54.335
      vertex -14.0881 9.41339 54.335
    endloop
  endfacet
  facet normal -0.792532 0.475029 0.382415
    outer loop
      vertex -14.8236 8.18634 54.335
      vertex -14.1699 9.468 54.0977
      vertex -15.0297 8.03352 54.0977
    endloop
  endfacet
  facet normal 0.135709 0.914027 0.38228
    outer loop
      vertex 3.32472 16.7145 54.0977
      vertex 3.07587 16.6522 54.335
      vertex 3.30554 16.6181 54.335
    endloop
  endfacet
  facet normal -0.841289 0.504245 0.19486
    outer loop
      vertex -14.5986 9.75446 52.3979
      vertex -15.79 8.43993 50.6558
      vertex -15.4844 8.27658 52.3979
    endloop
  endfacet
  facet normal -0.835247 0.395014 0.382527
    outer loop
      vertex -15.7447 6.52167 54.0977
      vertex -15.0422 7.77729 54.335
      vertex -15.0297 8.03352 54.0977
    endloop
  endfacet
  facet normal -0.835328 0.395111 0.38225
    outer loop
      vertex -15.0422 7.77729 54.335
      vertex -15.7447 6.52167 54.0977
      vertex -15.6539 6.48406 54.335
    endloop
  endfacet
  facet normal -0.914069 -0.135583 0.382223
    outer loop
      vertex -16.9599 -1.6704 54.0977
      vertex -16.6522 -3.07587 54.335
      vertex -16.8621 -1.66077 54.335
    endloop
  endfacet
  facet normal -0.914087 -0.135595 0.382176
    outer loop
      vertex -16.6522 -3.07587 54.335
      vertex -16.9599 -1.6704 54.0977
      vertex -16.7145 -3.32472 54.0977
    endloop
  endfacet
  facet normal -0.97965 -0.0481588 0.19485
    outer loop
      vertex -17.5576 0 52.3979
      vertex -17.9041 0 50.6558
      vertex -17.473 -1.72094 52.3979
    endloop
  endfacet
  facet normal -0.951421 -0.238342 0.194915
    outer loop
      vertex -16.8015 -5.09669 52.3979
      vertex -17.2202 -3.42531 52.3979
      vertex -17.1332 -5.19728 50.6558
    endloop
  endfacet
  facet normal -0.914087 0.135595 0.382176
    outer loop
      vertex -16.9599 1.6704 54.0977
      vertex -16.6522 3.07587 54.335
      vertex -16.7145 3.32472 54.0977
    endloop
  endfacet
  facet normal -0.914069 0.135583 0.382223
    outer loop
      vertex -16.6522 3.07587 54.335
      vertex -16.9599 1.6704 54.0977
      vertex -16.8621 1.66077 54.335
    endloop
  endfacet
  facet normal -0.820881 0.49202 -0.289949
    outer loop
      vertex -14.1699 9.468 41.9023
      vertex -15.0297 8.03352 41.9023
      vertex -14.5986 9.75446 43.6021
    endloop
  endfacet
  facet normal -0.965381 0.241774 -0.0978966
    outer loop
      vertex -17.1332 5.19728 45.3442
      vertex -17.7308 3.52688 47.1119
      vertex -17.2998 5.24782 47.1119
    endloop
  endfacet
  facet normal -0.937008 0.335309 -0.0978967
    outer loop
      vertex -17.1332 5.19728 45.3442
      vertex -17.2998 5.24782 47.1119
      vertex -16.5412 6.8516 45.3442
    endloop
  endfacet
  facet normal -0.98443 0.146017 -0.097864
    outer loop
      vertex -17.8179 1.75491 45.3442
      vertex -17.9911 1.77197 47.1119
      vertex -17.7308 3.52688 47.1119
    endloop
  endfacet
  facet normal -0.899633 0.425536 -0.0978771
    outer loop
      vertex -15.79 8.43993 45.3442
      vertex -16.7021 6.91823 47.1119
      vertex -15.9435 8.522 47.1119
    endloop
  endfacet
  facet normal -0.709132 0.642694 0.289961
    outer loop
      vertex -12.4151 12.4151 52.3979
      vertex -13.1736 10.8113 54.0977
      vertex -12.0505 12.0505 54.0977
    endloop
  endfacet
  facet normal -0.993996 0.0488592 0.0978983
    outer loop
      vertex -17.9911 1.77197 48.8881
      vertex -18.0782 0 48.8881
      vertex -17.9041 0 50.6558
    endloop
  endfacet
  facet normal -0.955894 0.0469249 0.28994
    outer loop
      vertex -16.9599 1.6704 54.0977
      vertex -17.473 1.72094 52.3979
      vertex -17.0419 0 54.0977
    endloop
  endfacet
  facet normal 0.511605 -0.853628 0.0978782
    outer loop
      vertex 10.0437 -15.0315 48.8881
      vertex 8.43993 -15.79 50.6558
      vertex 8.522 -15.9435 48.8881
    endloop
  endfacet
  facet normal -0.0481588 -0.97965 0.19485
    outer loop
      vertex 0 -17.5576 52.3979
      vertex -1.72094 -17.473 52.3979
      vertex 0 -17.9041 50.6558
    endloop
  endfacet
  facet normal -0.592854 -0.799335 0.0979151
    outer loop
      vertex -9.94698 -14.8867 50.6558
      vertex -11.4687 -13.9746 48.8881
      vertex -10.0437 -15.0315 48.8881
    endloop
  endfacet
  facet normal -0.146721 -0.989178 0
    outer loop
      vertex -3.52688 -17.7308 47.1119
      vertex -1.77197 -17.9911 48.8881
      vertex -3.52688 -17.7308 48.8881
    endloop
  endfacet
  facet normal -0.146721 -0.989178 -0
    outer loop
      vertex -1.77197 -17.9911 48.8881
      vertex -3.52688 -17.7308 47.1119
      vertex -1.77197 -17.9911 47.1119
    endloop
  endfacet
  facet normal -0.238311 -0.951435 -0.194883
    outer loop
      vertex -3.49292 -17.5601 45.3442
      vertex -5.19728 -17.1332 45.3442
      vertex -3.42531 -17.2202 43.6021
    endloop
  endfacet
  facet normal -0.835343 -0.395032 -0.382298
    outer loop
      vertex -15.0541 -7.53676 41.4422
      vertex -15.7447 -6.52167 41.9023
      vertex -15.1167 -6.26155 40.2613
    endloop
  endfacet
  facet normal -0.835374 -0.395129 -0.38213
    outer loop
      vertex -15.7447 -6.52167 41.9023
      vertex -15.0541 -7.53676 41.4422
      vertex -15.2194 -7.63225 41.9023
    endloop
  endfacet
  facet normal -0.970211 -0.143912 -0.194882
    outer loop
      vertex -17.5601 -3.49292 45.3442
      vertex -17.8179 -1.75491 45.3442
      vertex -17.2202 -3.42531 43.6021
    endloop
  endfacet
  facet normal -0.751919 0.355636 -0.555104
    outer loop
      vertex -13.4314 5.56347 37.2178
      vertex -13.6917 7.31838 38.6947
      vertex -12.8214 6.85319 37.2178
    endloop
  endfacet
  facet normal -0.989178 -0.146721 0
    outer loop
      vertex -17.7308 -3.52688 47.1119
      vertex -17.9911 -1.77197 48.8881
      vertex -17.9911 -1.77197 47.1119
    endloop
  endfacet
  facet normal -0.989178 -0.146721 0
    outer loop
      vertex -17.9911 -1.77197 48.8881
      vertex -17.7308 -3.52688 47.1119
      vertex -17.7308 -3.52688 48.8881
    endloop
  endfacet
  facet normal -0.998794 -0.0490951 0
    outer loop
      vertex -17.9911 -1.77197 47.1119
      vertex -18.0782 0 48.8881
      vertex -18.0782 0 47.1119
    endloop
  endfacet
  facet normal -0.998794 -0.0490951 0
    outer loop
      vertex -18.0782 0 48.8881
      vertex -17.9911 -1.77197 47.1119
      vertex -17.9911 -1.77197 48.8881
    endloop
  endfacet
  facet normal -0.55047 -0.742193 -0.382273
    outer loop
      vertex -9.468 -14.1699 41.9023
      vertex -10.8113 -13.1736 41.9023
      vertex -10.3801 -12.6482 40.2613
    endloop
  endfacet
  facet normal -0.742205 -0.550431 -0.382306
    outer loop
      vertex -12.6482 -10.3801 40.2613
      vertex -14.1699 -9.468 41.9023
      vertex -13.6047 -9.09035 40.2613
    endloop
  endfacet
  facet normal -0.592456 -0.653602 -0.470957
    outer loop
      vertex -10.3801 -12.6482 40.2613
      vertex -11.5698 -11.5698 40.2613
      vertex -9.84888 -12.0009 38.6947
    endloop
  endfacet
  facet normal -0.830584 -0.297216 -0.470949
    outer loop
      vertex -15.1167 -6.26155 40.2613
      vertex -15.6577 -4.7497 40.2613
      vertex -14.8564 -4.50664 38.6947
    endloop
  endfacet
  facet normal -0.835328 -0.395111 0.38225
    outer loop
      vertex -15.7447 -6.52167 54.0977
      vertex -15.1341 -7.583 54.335
      vertex -15.6539 -6.48406 54.335
    endloop
  endfacet
  facet normal -0.835323 -0.395104 0.382267
    outer loop
      vertex -15.1341 -7.583 54.335
      vertex -15.7447 -6.52167 54.0977
      vertex -15.2194 -7.63225 54.0977
    endloop
  endfacet
  facet normal 0.73739 -0.668335 0.0978927
    outer loop
      vertex 13.9746 -11.4687 48.8881
      vertex 12.6601 -12.6601 50.6558
      vertex 12.7832 -12.7832 48.8881
    endloop
  endfacet
  facet normal 0.764993 0.113509 -0.633957
    outer loop
      vertex 14.4681 1.42498 37.2178
      vertex 13.1535 2.6164 35.8448
      vertex 14.2587 2.83623 37.2178
    endloop
  endfacet
  facet normal 0.989178 -0.146721 0
    outer loop
      vertex 17.7308 -3.52688 48.8881
      vertex 17.9911 -1.77197 47.1119
      vertex 17.9911 -1.77197 48.8881
    endloop
  endfacet
  facet normal 0.989178 -0.146721 0
    outer loop
      vertex 17.9911 -1.77197 47.1119
      vertex 17.7308 -3.52688 48.8881
      vertex 17.7308 -3.52688 47.1119
    endloop
  endfacet
  facet normal 0.737385 -0.668342 -0.0978843
    outer loop
      vertex 13.9746 -11.4687 47.1119
      vertex 12.6601 -12.6601 45.3442
      vertex 13.8401 -11.3582 45.3442
    endloop
  endfacet
  facet normal 0.728142 0.260542 -0.633978
    outer loop
      vertex 12.8337 3.89307 35.8448
      vertex 12.3903 5.13225 35.8448
      vertex 13.9121 4.22017 37.2178
    endloop
  endfacet
  facet normal 0.570106 0.768699 -0.289967
    outer loop
      vertex 10.8113 13.1736 41.9023
      vertex 9.75446 14.5986 43.6021
      vertex 11.1384 13.5722 43.6021
    endloop
  endfacet
  facet normal 0.756652 0.453521 -0.470954
    outer loop
      vertex 13.6917 7.31838 38.6947
      vertex 13.6047 9.09035 40.2613
      vertex 14.4302 7.71309 40.2613
    endloop
  endfacet
  facet normal 0.783159 0.280238 -0.555093
    outer loop
      vertex 14.8564 4.50664 38.6947
      vertex 13.9121 4.22017 37.2178
      vertex 14.3431 5.94112 38.6947
    endloop
  endfacet
  facet normal 0.737385 0.668342 -0.0978843
    outer loop
      vertex 13.8401 11.3582 45.3442
      vertex 12.6601 12.6601 45.3442
      vertex 13.9746 11.4687 47.1119
    endloop
  endfacet
  facet normal 0.750173 0.187915 -0.633979
    outer loop
      vertex 13.1535 2.6164 35.8448
      vertex 12.8337 3.89307 35.8448
      vertex 13.9121 4.22017 37.2178
    endloop
  endfacet
  facet normal 0.666221 0.238385 -0.706628
    outer loop
      vertex 12.3087 4.14141 35.4336
      vertex 12.3903 5.13225 35.8448
      vertex 12.8337 3.89307 35.8448
    endloop
  endfacet
  facet normal 0.666148 0.238415 -0.706686
    outer loop
      vertex 12.0104 4.97488 35.4336
      vertex 12.3903 5.13225 35.8448
      vertex 12.3087 4.14141 35.4336
    endloop
  endfacet
  facet normal 0.928356 -0.232561 0.289951
    outer loop
      vertex 16.7145 -3.32472 54.0977
      vertex 16.3081 -4.94702 54.0977
      vertex 16.8015 -5.09669 52.3979
    endloop
  endfacet
  facet normal 0.946682 0.14043 -0.289953
    outer loop
      vertex 16.9599 1.6704 41.9023
      vertex 16.7145 3.32472 41.9023
      vertex 17.2202 3.42531 43.6021
    endloop
  endfacet
  facet normal 0.135709 -0.914027 0.38228
    outer loop
      vertex 3.30554 -16.6181 54.335
      vertex 3.07587 -16.6522 54.335
      vertex 3.32472 -16.7145 54.0977
    endloop
  endfacet
  facet normal 0.899645 -0.425509 0.0978839
    outer loop
      vertex 16.7021 -6.91823 48.8881
      vertex 16.003 -8.08462 50.2431
      vertex 16.1188 -8.15149 48.8881
    endloop
  endfacet
  facet normal 0.740949 -0.671561 0
    outer loop
      vertex 12.7832 -12.7832 48.8881
      vertex 13.9746 -11.4687 47.1119
      vertex 13.9746 -11.4687 48.8881
    endloop
  endfacet
  facet normal 0.740949 -0.671561 0
    outer loop
      vertex 13.9746 -11.4687 47.1119
      vertex 12.7832 -12.7832 48.8881
      vertex 12.7832 -12.7832 47.1119
    endloop
  endfacet
  facet normal 0.570106 -0.768699 -0.289967
    outer loop
      vertex 11.1384 -13.5722 43.6021
      vertex 9.75446 -14.5986 43.6021
      vertex 10.8113 -13.1736 41.9023
    endloop
  endfacet
  facet normal 0.642694 -0.709132 -0.289961
    outer loop
      vertex 12.4151 -12.4151 43.6021
      vertex 10.8113 -13.1736 41.9023
      vertex 12.0505 -12.0505 41.9023
    endloop
  endfacet
  facet normal 0.709132 -0.642694 -0.289961
    outer loop
      vertex 12.4151 -12.4151 43.6021
      vertex 12.0505 -12.0505 41.9023
      vertex 13.1736 -10.8113 41.9023
    endloop
  endfacet
  facet normal 0.97965 0.0481588 0.19485
    outer loop
      vertex 17.9041 0 50.6558
      vertex 17.473 1.72094 52.3979
      vertex 17.5576 0 52.3979
    endloop
  endfacet
  facet normal 0.989178 0.146721 0
    outer loop
      vertex 17.9911 1.77197 48.8881
      vertex 17.7308 3.52688 47.1119
      vertex 17.7308 3.52688 48.8881
    endloop
  endfacet
  facet normal 0.989178 0.146721 0
    outer loop
      vertex 17.7308 3.52688 47.1119
      vertex 17.9911 1.77197 48.8881
      vertex 17.9911 1.77197 47.1119
    endloop
  endfacet
  facet normal 0.914027 -0.135709 0.38228
    outer loop
      vertex 16.6522 -3.07587 54.335
      vertex 16.6181 -3.30554 54.335
      vertex 16.7145 -3.32472 54.0977
    endloop
  endfacet
  facet normal 0.821154 -0.491802 0.289547
    outer loop
      vertex 14.6361 -9.60483 52.5457
      vertex 14.5986 -9.75446 52.3979
      vertex 14.6748 -9.62723 52.3979
    endloop
  endfacet
  facet normal -0.421527 0.568219 -0.706713
    outer loop
      vertex -8.24711 10.0491 35.4336
      vertex -8.50798 10.367 35.8448
      vertex -7.93343 10.2818 35.4336
    endloop
  endfacet
  facet normal -0.187915 0.750173 -0.633979
    outer loop
      vertex -3.89307 12.8337 35.8448
      vertex -4.22017 13.9121 37.2178
      vertex -2.6164 13.1535 35.8448
    endloop
  endfacet
  facet normal -0.232563 0.928354 -0.289953
    outer loop
      vertex -3.32472 16.7145 41.9023
      vertex -5.09669 16.8015 43.6021
      vertex -3.42531 17.2202 43.6021
    endloop
  endfacet
  facet normal 0.492016 0.820886 -0.289944
    outer loop
      vertex 9.75446 14.5986 43.6021
      vertex 8.03352 15.0297 41.9023
      vertex 8.27658 15.4844 43.6021
    endloop
  endfacet
  facet normal 0.47505 0.792571 -0.382307
    outer loop
      vertex 9.09035 13.6047 40.2613
      vertex 7.71309 14.4302 40.2613
      vertex 8.03352 15.0297 41.9023
    endloop
  endfacet
  facet normal 0.568219 0.421527 -0.706713
    outer loop
      vertex 10.2818 7.93343 35.4336
      vertex 10.0491 8.24711 35.4336
      vertex 10.367 8.50798 35.8448
    endloop
  endfacet
  facet normal 0.187915 0.750173 -0.633979
    outer loop
      vertex 3.89307 12.8337 35.8448
      vertex 2.6164 13.1535 35.8448
      vertex 4.22017 13.9121 37.2178
    endloop
  endfacet
  facet normal -0.260567 0.728145 -0.633964
    outer loop
      vertex -5.13225 12.3903 35.8448
      vertex -5.56347 13.4314 37.2178
      vertex -4.22017 13.9121 37.2178
    endloop
  endfacet
  facet normal -0.397576 0.663335 -0.633972
    outer loop
      vertex -7.45087 11.151 35.8448
      vertex -8.07691 12.088 37.2178
      vertex -6.322 11.8276 35.8448
    endloop
  endfacet
  facet normal 0.103809 0.699875 -0.706682
    outer loop
      vertex 2.14986 12.8075 35.4336
      vertex 1.31453 13.3466 35.8448
      vertex 2.6164 13.1535 35.8448
    endloop
  endfacet
  facet normal 0.103828 0.69989 -0.706664
    outer loop
      vertex 1.31453 13.3466 35.8448
      vertex 2.14986 12.8075 35.4336
      vertex 1.27422 12.9374 35.4336
    endloop
  endfacet
  facet normal -0.302454 0.639622 -0.706686
    outer loop
      vertex -5.77511 11.632 35.4336
      vertex -5.13225 12.3903 35.8448
      vertex -4.97488 12.0104 35.4336
    endloop
  endfacet
  facet normal -0.302528 0.639652 -0.706627
    outer loop
      vertex -5.13225 12.3903 35.8448
      vertex -5.77511 11.632 35.4336
      vertex -6.322 11.8276 35.8448
    endloop
  endfacet
  facet normal -0.330653 0.699119 -0.633957
    outer loop
      vertex -6.322 11.8276 35.8448
      vertex -6.85319 12.8214 37.2178
      vertex -5.13225 12.3903 35.8448
    endloop
  endfacet
  facet normal -0.0469105 0.955891 -0.289951
    outer loop
      vertex -1.6704 16.9599 41.9023
      vertex -1 17.2924 42.89
      vertex -1 16.9928 41.9023
    endloop
  endfacet
  facet normal -0.0469279 0.955893 -0.28994
    outer loop
      vertex -1 17.2924 42.89
      vertex -1.6704 16.9599 41.9023
      vertex -1.72094 17.473 43.6021
    endloop
  endfacet
  facet normal -0.0488502 0.994002 -0.0978458
    outer loop
      vertex -1.75491 17.8179 45.3442
      vertex -1 17.9532 46.3418
      vertex -1 17.855 45.3442
    endloop
  endfacet
  facet normal -0.0488262 0.994001 -0.0978639
    outer loop
      vertex -1 17.9532 46.3418
      vertex -1.75491 17.8179 45.3442
      vertex -1.77197 17.9911 47.1119
    endloop
  endfacet
  facet normal -0.0469367 0.955891 0.289949
    outer loop
      vertex -1 17.5084 52.3979
      vertex -1.72094 17.473 52.3979
      vertex -1 17.2924 53.11
    endloop
  endfacet
  facet normal -0.0491652 0.998791 0
    outer loop
      vertex -1 18.0291 47.1119
      vertex -1.77197 17.9911 48.8881
      vertex -1 18.0291 48.8881
    endloop
  endfacet
  facet normal -0.0491652 0.998791 0
    outer loop
      vertex -1.77197 17.9911 48.8881
      vertex -1 18.0291 47.1119
      vertex -1.77197 17.9911 47.1119
    endloop
  endfacet
  facet normal -0.72676 0.658678 -0.194841
    outer loop
      vertex -12.4151 12.4151 43.6021
      vertex -13.5722 11.1384 43.6021
      vertex -12.6601 12.6601 45.3442
    endloop
  endfacet
  facet normal -0.355635 0.751921 -0.555103
    outer loop
      vertex -5.56347 13.4314 37.2178
      vertex -7.31838 13.6917 38.6947
      vertex -5.94112 14.3431 38.6947
    endloop
  endfacet
  facet normal -0.504252 0.841286 0.194853
    outer loop
      vertex -8.43993 15.79 50.6558
      vertex -9.94698 14.8867 50.6558
      vertex -9.75446 14.5986 52.3979
    endloop
  endfacet
  facet normal -0.311223 0.870072 0.382249
    outer loop
      vertex -6.26544 15.7321 54.335
      vertex -6.52167 15.7447 54.0977
      vertex -6.48406 15.6539 54.335
    endloop
  endfacet
  facet normal 0.238342 0.951421 -0.194915
    outer loop
      vertex 5.09669 16.8015 43.6021
      vertex 3.42531 17.2202 43.6021
      vertex 5.19728 17.1332 45.3442
    endloop
  endfacet
  facet normal 0.425489 0.89965 0.0979261
    outer loop
      vertex 6.91823 16.7021 48.8881
      vertex 6.8516 16.5412 50.6558
      vertex 8.43993 15.79 50.6558
    endloop
  endfacet
  facet normal 0.658678 0.72676 0.194841
    outer loop
      vertex 12.6601 12.6601 50.6558
      vertex 11.1384 13.5722 52.3979
      vertex 12.4151 12.4151 52.3979
    endloop
  endfacet
  facet normal 0.658693 0.72674 -0.194865
    outer loop
      vertex 12.6601 12.6601 45.3442
      vertex 11.1384 13.5722 43.6021
      vertex 11.3582 13.8401 45.3442
    endloop
  endfacet
  facet normal 0.928354 0.232563 0.289953
    outer loop
      vertex 16.8015 5.09669 52.3979
      vertex 16.7145 3.32472 54.0977
      vertex 17.2202 3.42531 52.3979
    endloop
  endfacet
  facet normal 0.993996 0.0488592 0.0978983
    outer loop
      vertex 17.9911 1.77197 48.8881
      vertex 17.9041 0 50.6558
      vertex 18.0782 0 48.8881
    endloop
  endfacet
  facet normal 0.620375 0.68484 0.382269
    outer loop
      vertex 12.0505 12.0505 54.0977
      vertex 11.8089 12.1369 54.335
      vertex 11.981 11.981 54.335
    endloop
  endfacet
  facet normal 0.41935 0.886669 0.194841
    outer loop
      vertex 6.8516 16.5412 50.6558
      vertex 6.71899 16.2211 52.3979
      vertex 8.43993 15.79 50.6558
    endloop
  endfacet
  facet normal 0.33047 0.923486 0.19484
    outer loop
      vertex 6.8516 16.5412 50.6558
      vertex 5.19728 17.1332 50.6558
      vertex 6.71899 16.2211 52.3979
    endloop
  endfacet
  facet normal 0.98443 0.146017 0.097864
    outer loop
      vertex 17.9911 1.77197 48.8881
      vertex 17.7308 3.52688 48.8881
      vertex 17.8179 1.75491 50.6558
    endloop
  endfacet
  facet normal 0.951421 0.238342 -0.194915
    outer loop
      vertex 17.2202 3.42531 43.6021
      vertex 16.8015 5.09669 43.6021
      vertex 17.1332 5.19728 45.3442
    endloop
  endfacet
  facet normal 0.792494 0.475025 0.382499
    outer loop
      vertex 14.8236 8.18634 54.335
      vertex 14.1699 9.468 54.0977
      vertex 14.0881 9.41339 54.335
    endloop
  endfacet
  facet normal 0.792532 0.475029 0.382415
    outer loop
      vertex 14.1699 9.468 54.0977
      vertex 14.8236 8.18634 54.335
      vertex 15.0297 8.03352 54.0977
    endloop
  endfacet
  facet normal 0.923498 0.330394 0.194913
    outer loop
      vertex 17.1332 5.19728 50.6558
      vertex 16.2211 6.71899 52.3979
      vertex 16.8015 5.09669 52.3979
    endloop
  endfacet
  facet normal 0.984429 0.146021 0.0978678
    outer loop
      vertex 17.7308 3.52688 48.8881
      vertex 17.5601 3.49292 50.6558
      vertex 17.8179 1.75491 50.6558
    endloop
  endfacet
  facet normal 0.928356 0.232561 0.289951
    outer loop
      vertex 16.8015 5.09669 52.3979
      vertex 16.3081 4.94702 54.0977
      vertex 16.7145 3.32472 54.0977
    endloop
  endfacet
  facet normal 0.620488 0.684631 0.38246
    outer loop
      vertex 10.8113 13.1736 54.0977
      vertex 11.8089 12.1369 54.335
      vertex 12.0505 12.0505 54.0977
    endloop
  endfacet
  facet normal 0.620499 0.684635 0.382433
    outer loop
      vertex 11.8089 12.1369 54.335
      vertex 10.8113 13.1736 54.0977
      vertex 10.7489 13.0976 54.335
    endloop
  endfacet
  facet normal 0.55043 0.742144 0.382426
    outer loop
      vertex 10.8113 13.1736 54.0977
      vertex 9.59988 13.9498 54.335
      vertex 10.7489 13.0976 54.335
    endloop
  endfacet
  facet normal 0.550428 0.742136 0.382443
    outer loop
      vertex 9.59988 13.9498 54.335
      vertex 10.8113 13.1736 54.0977
      vertex 9.468 14.1699 54.0977
    endloop
  endfacet
  facet normal 0.709127 0.642697 0.289966
    outer loop
      vertex 13.5722 11.1384 52.3979
      vertex 12.4151 12.4151 52.3979
      vertex 13.1736 10.8113 54.0977
    endloop
  endfacet
  facet normal 0.841286 0.504252 0.194853
    outer loop
      vertex 14.8867 9.94698 50.6558
      vertex 14.5986 9.75446 52.3979
      vertex 15.79 8.43993 50.6558
    endloop
  endfacet
  facet normal 0.835417 0.394842 0.382333
    outer loop
      vertex 15.0297 8.03352 54.0977
      vertex 14.943 7.98718 54.335
      vertex 15.0422 7.77729 54.335
    endloop
  endfacet
  facet normal 0.460686 0.621168 -0.633971
    outer loop
      vertex 8.50798 10.367 35.8448
      vertex 7.45087 11.151 35.8448
      vertex 8.07691 12.088 37.2178
    endloop
  endfacet
  facet normal 0.525518 0.708557 -0.470933
    outer loop
      vertex 9.84888 12.0009 38.6947
      vertex 8.62516 12.9085 38.6947
      vertex 9.09035 13.6047 40.2613
    endloop
  endfacet
  facet normal 0.653689 0.592415 -0.470888
    outer loop
      vertex 12.0009 9.84888 38.6947
      vertex 10.9778 10.9778 38.6947
      vertex 11.5698 11.5698 40.2613
    endloop
  endfacet
  facet normal 0.504245 0.841289 -0.19486
    outer loop
      vertex 9.75446 14.5986 43.6021
      vertex 8.27658 15.4844 43.6021
      vertex 8.43993 15.79 45.3442
    endloop
  endfacet
  facet normal 0.495503 0.668088 -0.555099
    outer loop
      vertex 9.84888 12.0009 38.6947
      vertex 8.07691 12.088 37.2178
      vertex 8.62516 12.9085 38.6947
    endloop
  endfacet
  facet normal 0.224492 0.896351 -0.382308
    outer loop
      vertex 4.7497 15.6577 40.2613
      vertex 3.19211 16.0478 40.2613
      vertex 3.32472 16.7145 41.9023
    endloop
  endfacet
  facet normal 0.595717 0.803195 -0
    outer loop
      vertex 11.4687 13.9746 47.1119
      vertex 10.0437 15.0315 48.8881
      vertex 11.4687 13.9746 48.8881
    endloop
  endfacet
  facet normal 0.595717 0.803195 0
    outer loop
      vertex 10.0437 15.0315 48.8881
      vertex 11.4687 13.9746 47.1119
      vertex 10.0437 15.0315 47.1119
    endloop
  endfacet
  facet normal 0.511636 0.853605 0.0979167
    outer loop
      vertex 10.0437 15.0315 48.8881
      vertex 8.43993 15.79 50.6558
      vertex 9.94698 14.8867 50.6558
    endloop
  endfacet
  facet normal 0.737385 0.668342 0.0978843
    outer loop
      vertex 13.9746 11.4687 48.8881
      vertex 12.6601 12.6601 50.6558
      vertex 13.8401 11.3582 50.6558
    endloop
  endfacet
  facet normal 0.853628 0.511605 0.0978782
    outer loop
      vertex 15.9435 8.522 48.8881
      vertex 15.0315 10.0437 48.8881
      vertex 15.79 8.43993 50.6558
    endloop
  endfacet
  facet normal 0.853628 0.511605 -0.0978782
    outer loop
      vertex 15.79 8.43993 45.3442
      vertex 15.0315 10.0437 47.1119
      vertex 15.9435 8.522 47.1119
    endloop
  endfacet
  facet normal 0.524248 0.475135 -0.70669
    outer loop
      vertex 9.45466 8.90301 35.4336
      vertex 9.19239 9.19239 35.4336
      vertex 9.48316 9.48316 35.8448
    endloop
  endfacet
  facet normal 0.397563 0.663356 -0.633958
    outer loop
      vertex 8.07691 12.088 37.2178
      vertex 6.322 11.8276 35.8448
      vertex 6.85319 12.8214 37.2178
    endloop
  endfacet
  facet normal 0.421482 0.568307 -0.706669
    outer loop
      vertex 7.93343 10.2818 35.4336
      vertex 7.45087 11.151 35.8448
      vertex 8.50798 10.367 35.8448
    endloop
  endfacet
  facet normal 0.421459 0.568302 -0.706686
    outer loop
      vertex 7.45087 11.151 35.8448
      vertex 7.93343 10.2818 35.4336
      vertex 7.22241 10.8091 35.4336
    endloop
  endfacet
  facet normal -0.841332 -0.50418 0.194844
    outer loop
      vertex -14.8867 -9.94698 50.6558
      vertex -14.7005 -9.64203 52.2489
      vertex -14.9746 -9.8003 50.6558
    endloop
  endfacet
  facet normal -0.841283 -0.504257 0.194853
    outer loop
      vertex -14.7005 -9.64203 52.2489
      vertex -14.8867 -9.94698 50.6558
      vertex -14.5986 -9.75446 52.3979
    endloop
  endfacet
  facet normal -0.768692 -0.570124 0.289949
    outer loop
      vertex -14.1699 -9.468 54.0977
      vertex -14.5986 -9.75446 52.3979
      vertex -13.1736 -10.8113 54.0977
    endloop
  endfacet
  facet normal 0.0452944 0.922959 0.382223
    outer loop
      vertex 1 16.9928 54.0977
      vertex 1.66077 16.8621 54.335
      vertex 1.6704 16.9599 54.0977
    endloop
  endfacet
  facet normal 0.0452543 0.922923 0.382315
    outer loop
      vertex 1.66077 16.8621 54.335
      vertex 1 16.9928 54.0977
      vertex 1 16.8945 54.335
    endloop
  endfacet
  facet normal -0.792512 0.475125 0.382335
    outer loop
      vertex -14.8236 8.18634 54.335
      vertex -15.0297 8.03352 54.0977
      vertex -14.943 7.98718 54.335
    endloop
  endfacet
  facet normal -0.592827 0.799359 0.0978793
    outer loop
      vertex -9.94698 14.8867 50.6558
      vertex -11.4687 13.9746 48.8881
      vertex -11.3582 13.8401 50.6558
    endloop
  endfacet
  facet normal -0.886657 0.419366 -0.19486
    outer loop
      vertex -15.4844 8.27658 43.6021
      vertex -16.2211 6.71899 43.6021
      vertex -15.79 8.43993 45.3442
    endloop
  endfacet
  facet normal -0.886679 -0.419329 0.194841
    outer loop
      vertex -16.5412 -6.8516 50.6558
      vertex -15.8947 -8.02209 51.0788
      vertex -16.2211 -6.71899 52.3979
    endloop
  endfacet
  facet normal -0.88668 -0.419339 0.194816
    outer loop
      vertex -15.8947 -8.02209 51.0788
      vertex -16.5412 -6.8516 50.6558
      vertex -15.9677 -8.06425 50.6558
    endloop
  endfacet
  facet normal -0.928354 -0.232563 0.289953
    outer loop
      vertex -16.7145 -3.32472 54.0977
      vertex -17.2202 -3.42531 52.3979
      vertex -16.8015 -5.09669 52.3979
    endloop
  endfacet
  facet normal -0.970211 -0.143912 0.194882
    outer loop
      vertex -17.2202 -3.42531 52.3979
      vertex -17.8179 -1.75491 50.6558
      vertex -17.5601 -3.49292 50.6558
    endloop
  endfacet
  facet normal -0.970211 -0.143906 0.194888
    outer loop
      vertex -17.473 -1.72094 52.3979
      vertex -17.8179 -1.75491 50.6558
      vertex -17.2202 -3.42531 52.3979
    endloop
  endfacet
  facet normal -0.946687 -0.140417 0.289941
    outer loop
      vertex -16.9599 -1.6704 54.0977
      vertex -17.473 -1.72094 52.3979
      vertex -17.2202 -3.42531 52.3979
    endloop
  endfacet
  facet normal -0.970211 0.143906 0.194888
    outer loop
      vertex -17.2202 3.42531 52.3979
      vertex -17.8179 1.75491 50.6558
      vertex -17.473 1.72094 52.3979
    endloop
  endfacet
  facet normal -0.928354 0.232563 0.289953
    outer loop
      vertex -16.8015 5.09669 52.3979
      vertex -17.2202 3.42531 52.3979
      vertex -16.7145 3.32472 54.0977
    endloop
  endfacet
  facet normal -0.946682 0.14043 0.289953
    outer loop
      vertex -16.7145 3.32472 54.0977
      vertex -17.2202 3.42531 52.3979
      vertex -16.9599 1.6704 54.0977
    endloop
  endfacet
  facet normal -0.955894 -0.0469249 0.28994
    outer loop
      vertex -17.0419 0 54.0977
      vertex -17.473 -1.72094 52.3979
      vertex -16.9599 -1.6704 54.0977
    endloop
  endfacet
  facet normal -0.923037 -0.0453119 0.382034
    outer loop
      vertex -16.9599 -1.6704 54.0977
      vertex -16.9323 -0.231905 54.335
      vertex -17.0419 0 54.0977
    endloop
  endfacet
  facet normal -0.922956 -0.0453448 0.382224
    outer loop
      vertex -16.9323 -0.231905 54.335
      vertex -16.9599 -1.6704 54.0977
      vertex -16.8621 -1.66077 54.335
    endloop
  endfacet
  facet normal -0.89637 0.224461 0.382281
    outer loop
      vertex -16.5617 3.53077 54.335
      vertex -16.7145 3.32472 54.0977
      vertex -16.6181 3.30554 54.335
    endloop
  endfacet
  facet normal -0.937015 0.335279 -0.0979269
    outer loop
      vertex -16.5412 6.8516 45.3442
      vertex -17.2998 5.24782 47.1119
      vertex -16.7021 6.91823 47.1119
    endloop
  endfacet
  facet normal -0.923486 0.33047 -0.19484
    outer loop
      vertex -16.2211 6.71899 43.6021
      vertex -17.1332 5.19728 45.3442
      vertex -16.5412 6.8516 45.3442
    endloop
  endfacet
  facet normal -0.928354 0.232563 -0.289953
    outer loop
      vertex -16.7145 3.32472 41.9023
      vertex -17.2202 3.42531 43.6021
      vertex -16.8015 5.09669 43.6021
    endloop
  endfacet
  facet normal -0.941541 0.336899 0
    outer loop
      vertex -17.2998 5.24782 47.1119
      vertex -16.7021 6.91823 48.8881
      vertex -16.7021 6.91823 47.1119
    endloop
  endfacet
  facet normal -0.941541 0.336899 0
    outer loop
      vertex -16.7021 6.91823 48.8881
      vertex -17.2998 5.24782 47.1119
      vertex -17.2998 5.24782 48.8881
    endloop
  endfacet
  facet normal -0.89965 0.425489 -0.0979261
    outer loop
      vertex -16.5412 6.8516 45.3442
      vertex -16.7021 6.91823 47.1119
      vertex -15.79 8.43993 45.3442
    endloop
  endfacet
  facet normal -0.89965 0.425489 0.0979261
    outer loop
      vertex -15.79 8.43993 50.6558
      vertex -16.7021 6.91823 48.8881
      vertex -16.5412 6.8516 50.6558
    endloop
  endfacet
  facet normal -0.886669 0.41935 0.194841
    outer loop
      vertex -15.79 8.43993 50.6558
      vertex -16.5412 6.8516 50.6558
      vertex -16.2211 6.71899 52.3979
    endloop
  endfacet
  facet normal -0.853605 0.511636 0.0979167
    outer loop
      vertex -15.0315 10.0437 48.8881
      vertex -15.79 8.43993 50.6558
      vertex -14.8867 9.94698 50.6558
    endloop
  endfacet
  facet normal -0.970211 0.143912 0.194882
    outer loop
      vertex -17.5601 3.49292 50.6558
      vertex -17.8179 1.75491 50.6558
      vertex -17.2202 3.42531 52.3979
    endloop
  endfacet
  facet normal -0.965381 0.241774 0.0978966
    outer loop
      vertex -17.2998 5.24782 48.8881
      vertex -17.7308 3.52688 48.8881
      vertex -17.1332 5.19728 50.6558
    endloop
  endfacet
  facet normal 0.214357 -0.855736 -0.470921
    outer loop
      vertex 3.19211 -16.0478 40.2613
      vertex 3.02876 -15.2266 38.6947
      vertex 4.50664 -14.8564 38.6947
    endloop
  endfacet
  facet normal 0.4955 -0.668094 -0.555095
    outer loop
      vertex 9.84888 -12.0009 38.6947
      vertex 8.07691 -12.088 37.2178
      vertex 9.22285 -11.2381 37.2178
    endloop
  endfacet
  facet normal 0.0347271 -0.706654 -0.706707
    outer loop
      vertex 0.390072 -12.9808 35.4336
      vertex 1.31453 -13.3466 35.8448
      vertex 0 -13.4112 35.8448
    endloop
  endfacet
  facet normal 0.0346896 -0.7067 -0.706663
    outer loop
      vertex 1.27422 -12.9374 35.4336
      vertex 1.31453 -13.3466 35.8448
      vertex 0.390072 -12.9808 35.4336
    endloop
  endfacet
  facet normal -0.143906 -0.970211 -0.194888
    outer loop
      vertex -1.75491 -17.8179 45.3442
      vertex -3.42531 -17.2202 43.6021
      vertex -1.72094 -17.473 43.6021
    endloop
  endfacet
  facet normal -0.146017 -0.98443 0.097864
    outer loop
      vertex -1.75491 -17.8179 50.6558
      vertex -3.52688 -17.7308 48.8881
      vertex -1.77197 -17.9911 48.8881
    endloop
  endfacet
  facet normal 0.68484 -0.620375 0.382269
    outer loop
      vertex 12.1369 -11.8089 54.335
      vertex 11.981 -11.981 54.335
      vertex 12.0505 -12.0505 54.0977
    endloop
  endfacet
  facet normal 0.0469899 -0.955872 0.290001
    outer loop
      vertex 0 -17.0419 54.0977
      vertex 0 -17.5576 52.3979
      vertex 1.72094 -17.473 52.3979
    endloop
  endfacet
  facet normal -0.33047 -0.923486 0.19484
    outer loop
      vertex -6.71899 -16.2211 52.3979
      vertex -6.8516 -16.5412 50.6558
      vertex -5.19728 -17.1332 50.6558
    endloop
  endfacet
  facet normal -0.709127 -0.642697 0.289966
    outer loop
      vertex -13.1736 -10.8113 54.0977
      vertex -13.5722 -11.1384 52.3979
      vertex -12.4151 -12.4151 52.3979
    endloop
  endfacet
  facet normal 0.146021 -0.984429 0.0978678
    outer loop
      vertex 3.49292 -17.5601 50.6558
      vertex 1.75491 -17.8179 50.6558
      vertex 3.52688 -17.7308 48.8881
    endloop
  endfacet
  facet normal -0.232561 -0.928356 0.289951
    outer loop
      vertex -4.94702 -16.3081 54.0977
      vertex -5.09669 -16.8015 52.3979
      vertex -3.32472 -16.7145 54.0977
    endloop
  endfacet
  facet normal -0.335309 -0.937008 0.0978967
    outer loop
      vertex -5.19728 -17.1332 50.6558
      vertex -6.8516 -16.5412 50.6558
      vertex -5.24782 -17.2998 48.8881
    endloop
  endfacet
  facet normal -0.504245 -0.841289 0.19486
    outer loop
      vertex -8.27658 -15.4844 52.3979
      vertex -9.75446 -14.5986 52.3979
      vertex -8.43993 -15.79 50.6558
    endloop
  endfacet
  facet normal -0.241803 -0.965377 -0.0978681
    outer loop
      vertex -3.52688 -17.7308 47.1119
      vertex -5.19728 -17.1332 45.3442
      vertex -3.49292 -17.5601 45.3442
    endloop
  endfacet
  facet normal -0.311326 -0.870014 -0.382298
    outer loop
      vertex -4.7497 -15.6577 40.2613
      vertex -6.52167 -15.7447 41.9023
      vertex -6.26155 -15.1167 40.2613
    endloop
  endfacet
  facet normal 0.0469899 -0.955872 -0.290001
    outer loop
      vertex 1.72094 -17.473 43.6021
      vertex 0 -17.5576 43.6021
      vertex 0 -17.0419 41.9023
    endloop
  endfacet
  facet normal -0.970211 0.143906 -0.194888
    outer loop
      vertex -17.473 1.72094 43.6021
      vertex -17.8179 1.75491 45.3442
      vertex -17.2202 3.42531 43.6021
    endloop
  endfacet
  facet normal -0.965377 -0.241803 -0.0978681
    outer loop
      vertex -17.1332 -5.19728 45.3442
      vertex -17.7308 -3.52688 47.1119
      vertex -17.5601 -3.49292 45.3442
    endloop
  endfacet
  facet normal -0.979644 -0.0481195 -0.194888
    outer loop
      vertex -17.8179 -1.75491 45.3442
      vertex -17.9041 0 45.3442
      vertex -17.473 -1.72094 43.6021
    endloop
  endfacet
  facet normal -0.965377 0.241803 -0.0978681
    outer loop
      vertex -17.5601 3.49292 45.3442
      vertex -17.7308 3.52688 47.1119
      vertex -17.1332 5.19728 45.3442
    endloop
  endfacet
  facet normal -0.822763 -0.122081 -0.55512
    outer loop
      vertex -14.2587 -2.83623 37.2178
      vertex -15.2266 -3.02876 38.6947
      vertex -14.4681 -1.42498 37.2178
    endloop
  endfacet
  facet normal -0.684623 -0.620575 -0.382333
    outer loop
      vertex -12.0505 -12.0505 41.9023
      vertex -12.6482 -10.3801 40.2613
      vertex -11.5698 -11.5698 40.2613
    endloop
  endfacet
  facet normal -0.797466 0.377176 -0.470942
    outer loop
      vertex -14.3431 5.94112 38.6947
      vertex -15.1167 6.26155 40.2613
      vertex -13.6917 7.31838 38.6947
    endloop
  endfacet
  facet normal -0.708566 0.525484 -0.470958
    outer loop
      vertex -12.0009 9.84888 38.6947
      vertex -13.6047 9.09035 40.2613
      vertex -12.6482 10.3801 40.2613
    endloop
  endfacet
  facet normal -0.937015 -0.335279 0.0979269
    outer loop
      vertex -16.5412 -6.8516 50.6558
      vertex -17.2998 -5.24782 48.8881
      vertex -16.7021 -6.91823 48.8881
    endloop
  endfacet
  facet normal -0.937008 -0.335309 0.0978967
    outer loop
      vertex -17.1332 -5.19728 50.6558
      vertex -17.2998 -5.24782 48.8881
      vertex -16.5412 -6.8516 50.6558
    endloop
  endfacet
  facet normal -0.979644 0.0481195 -0.194888
    outer loop
      vertex -17.473 1.72094 43.6021
      vertex -17.9041 0 45.3442
      vertex -17.8179 1.75491 45.3442
    endloop
  endfacet
  facet normal -0.922922 -0.0453063 -0.382313
    outer loop
      vertex -16.9599 -1.6704 41.9023
      vertex -17.0419 0 41.9023
      vertex -16.2834 -1.60378 40.2613
    endloop
  endfacet
  facet normal -0.709132 -0.642694 -0.289961
    outer loop
      vertex -12.4151 -12.4151 43.6021
      vertex -13.1736 -10.8113 41.9023
      vertex -12.0505 -12.0505 41.9023
    endloop
  endfacet
  facet normal -0.78782 -0.58427 -0.194854
    outer loop
      vertex -13.8401 -11.3582 45.3442
      vertex -14.8867 -9.94698 45.3442
      vertex -14.5986 -9.75446 43.6021
    endloop
  endfacet
  facet normal -0.799359 -0.592827 -0.0978793
    outer loop
      vertex -13.9746 -11.4687 47.1119
      vertex -14.8867 -9.94698 45.3442
      vertex -13.8401 -11.3582 45.3442
    endloop
  endfacet
  facet normal -0.870072 -0.311223 0.382249
    outer loop
      vertex -15.7321 -6.26544 54.335
      vertex -15.7447 -6.52167 54.0977
      vertex -15.6539 -6.48406 54.335
    endloop
  endfacet
  facet normal -0.73739 -0.668335 0.0978927
    outer loop
      vertex -12.6601 -12.6601 50.6558
      vertex -13.9746 -11.4687 48.8881
      vertex -12.7832 -12.7832 48.8881
    endloop
  endfacet
  facet normal -0.419366 -0.886657 0.19486
    outer loop
      vertex -8.27658 -15.4844 52.3979
      vertex -8.43993 -15.79 50.6558
      vertex -6.71899 -16.2211 52.3979
    endloop
  endfacet
  facet normal -0.409192 -0.865146 0.289974
    outer loop
      vertex -6.52167 -15.7447 54.0977
      vertex -8.27658 -15.4844 52.3979
      vertex -6.71899 -16.2211 52.3979
    endloop
  endfacet
  facet normal -0.768699 -0.570106 0.289967
    outer loop
      vertex -13.1736 -10.8113 54.0977
      vertex -14.5986 -9.75446 52.3979
      vertex -13.5722 -11.1384 52.3979
    endloop
  endfacet
  facet normal -0.72674 -0.658693 0.194865
    outer loop
      vertex -13.5722 -11.1384 52.3979
      vertex -13.8401 -11.3582 50.6558
      vertex -12.6601 -12.6601 50.6558
    endloop
  endfacet
  facet normal -0.684635 -0.620499 0.382433
    outer loop
      vertex -13.1736 -10.8113 54.0977
      vertex -12.1369 -11.8089 54.335
      vertex -13.0976 -10.7489 54.335
    endloop
  endfacet
  facet normal -0.684631 -0.620488 0.38246
    outer loop
      vertex -12.1369 -11.8089 54.335
      vertex -13.1736 -10.8113 54.0977
      vertex -12.0505 -12.0505 54.0977
    endloop
  endfacet
  facet normal 0.514073 -0.857746 0
    outer loop
      vertex 8.522 -15.9435 47.1119
      vertex 10.0437 -15.0315 48.8881
      vertex 8.522 -15.9435 48.8881
    endloop
  endfacet
  facet normal 0.514073 -0.857746 0
    outer loop
      vertex 10.0437 -15.0315 48.8881
      vertex 8.522 -15.9435 47.1119
      vertex 10.0437 -15.0315 47.1119
    endloop
  endfacet
  facet normal 0.0481588 -0.97965 -0.19485
    outer loop
      vertex 1.72094 -17.473 43.6021
      vertex 0 -17.9041 45.3442
      vertex 0 -17.5576 43.6021
    endloop
  endfacet
  facet normal 0.241803 -0.965377 -0.0978681
    outer loop
      vertex 3.52688 -17.7308 47.1119
      vertex 3.49292 -17.5601 45.3442
      vertex 5.19728 -17.1332 45.3442
    endloop
  endfacet
  facet normal 0.395054 -0.835333 -0.382298
    outer loop
      vertex 6.52167 -15.7447 41.9023
      vertex 6.26155 -15.1167 40.2613
      vertex 8.03352 -15.0297 41.9023
    endloop
  endfacet
  facet normal 0.7067 0.0346896 -0.706663
    outer loop
      vertex 13.3466 1.31453 35.8448
      vertex 12.9808 0.390072 35.4336
      vertex 12.9374 1.27422 35.4336
    endloop
  endfacet
  facet normal 0.706654 0.0347271 -0.706707
    outer loop
      vertex 12.9808 0.390072 35.4336
      vertex 13.3466 1.31453 35.8448
      vertex 13.4112 0 35.8448
    endloop
  endfacet
  facet normal 0.524248 -0.475135 -0.70669
    outer loop
      vertex 9.48316 -9.48316 35.8448
      vertex 9.19239 -9.19239 35.4336
      vertex 9.45466 -8.90301 35.4336
    endloop
  endfacet
  facet normal 0.751921 0.355635 -0.555103
    outer loop
      vertex 14.3431 5.94112 38.6947
      vertex 13.4314 5.56347 37.2178
      vertex 13.6917 7.31838 38.6947
    endloop
  endfacet
  facet normal 0.728145 0.260567 -0.633964
    outer loop
      vertex 13.9121 4.22017 37.2178
      vertex 12.3903 5.13225 35.8448
      vertex 13.4314 5.56347 37.2178
    endloop
  endfacet
  facet normal 0.901102 -0.322382 -0.289974
    outer loop
      vertex 16.2211 -6.71899 43.6021
      vertex 15.7447 -6.52167 41.9023
      vertex 16.8015 -5.09669 43.6021
    endloop
  endfacet
  facet normal 0.666204 0.238247 -0.70669
    outer loop
      vertex 12.8337 3.89307 35.8448
      vertex 12.4402 3.7737 35.4336
      vertex 12.3087 4.14141 35.4336
    endloop
  endfacet
  facet normal 0.699874 0.10381 -0.706682
    outer loop
      vertex 12.8075 2.14986 35.4336
      vertex 12.7502 2.53617 35.4336
      vertex 13.1535 2.6164 35.8448
    endloop
  endfacet
  facet normal 0.616332 0.55856 -0.555108
    outer loop
      vertex 12.0009 9.84888 38.6947
      vertex 10.28 10.28 37.2178
      vertex 10.9778 10.9778 38.6947
    endloop
  endfacet
  facet normal 0.592456 0.653602 -0.470957
    outer loop
      vertex 11.5698 11.5698 40.2613
      vertex 9.84888 12.0009 38.6947
      vertex 10.3801 12.6482 40.2613
    endloop
  endfacet
  facet normal 0.72676 0.658678 -0.194841
    outer loop
      vertex 13.5722 11.1384 43.6021
      vertex 12.4151 12.4151 43.6021
      vertex 12.6601 12.6601 45.3442
    endloop
  endfacet
  facet normal 0.658678 0.72676 -0.194841
    outer loop
      vertex 12.4151 12.4151 43.6021
      vertex 11.1384 13.5722 43.6021
      vertex 12.6601 12.6601 45.3442
    endloop
  endfacet
  facet normal 0.742205 0.550431 -0.382306
    outer loop
      vertex 13.6047 9.09035 40.2613
      vertex 12.6482 10.3801 40.2613
      vertex 14.1699 9.468 41.9023
    endloop
  endfacet
  facet normal 0.684688 0.62054 -0.382274
    outer loop
      vertex 12.6482 10.3801 40.2613
      vertex 12.0505 12.0505 41.9023
      vertex 13.1736 10.8113 41.9023
    endloop
  endfacet
  facet normal 0.797467 0.377159 -0.470955
    outer loop
      vertex 15.1167 6.26155 40.2613
      vertex 13.6917 7.31838 38.6947
      vertex 14.4302 7.71309 40.2613
    endloop
  endfacet
  facet normal 0.937015 -0.335279 0.0979269
    outer loop
      vertex 17.2998 -5.24782 48.8881
      vertex 16.5412 -6.8516 50.6558
      vertex 16.7021 -6.91823 48.8881
    endloop
  endfacet
  facet normal 0.946682 0.14043 0.289953
    outer loop
      vertex 17.2202 3.42531 52.3979
      vertex 16.7145 3.32472 54.0977
      vertex 16.9599 1.6704 54.0977
    endloop
  endfacet
  facet normal 0.830796 0.0408383 -0.555076
    outer loop
      vertex 15.5249 0 38.6947
      vertex 14.4681 1.42498 37.2178
      vertex 15.4501 1.5217 38.6947
    endloop
  endfacet
  facet normal 0.570106 -0.768699 0.289967
    outer loop
      vertex 10.8113 -13.1736 54.0977
      vertex 9.75446 -14.5986 52.3979
      vertex 11.1384 -13.5722 52.3979
    endloop
  endfacet
  facet normal 0.970041 -0.242941 0
    outer loop
      vertex 17.2998 -5.24782 48.8881
      vertex 17.7308 -3.52688 47.1119
      vertex 17.7308 -3.52688 48.8881
    endloop
  endfacet
  facet normal 0.970041 -0.242941 0
    outer loop
      vertex 17.7308 -3.52688 47.1119
      vertex 17.2998 -5.24782 48.8881
      vertex 17.2998 -5.24782 47.1119
    endloop
  endfacet
  facet normal 0.886631 -0.419395 0.194918
    outer loop
      vertex 16.2211 -6.71899 52.3979
      vertex 15.6669 -7.89061 52.3979
      vertex 15.8947 -8.02209 51.0788
    endloop
  endfacet
  facet normal 0.951435 -0.238311 0.194883
    outer loop
      vertex 17.2202 -3.42531 52.3979
      vertex 17.1332 -5.19728 50.6558
      vertex 17.5601 -3.49292 50.6558
    endloop
  endfacet
  facet normal 0.955894 -0.0469249 0.28994
    outer loop
      vertex 17.0419 0 54.0977
      vertex 16.9599 -1.6704 54.0977
      vertex 17.473 -1.72094 52.3979
    endloop
  endfacet
  facet normal 0.923486 -0.33047 -0.19484
    outer loop
      vertex 16.5412 -6.8516 45.3442
      vertex 16.2211 -6.71899 43.6021
      vertex 17.1332 -5.19728 45.3442
    endloop
  endfacet
  facet normal 0.98443 -0.146017 0.097864
    outer loop
      vertex 17.8179 -1.75491 50.6558
      vertex 17.7308 -3.52688 48.8881
      vertex 17.9911 -1.77197 48.8881
    endloop
  endfacet
  facet normal 0.73739 -0.668335 -0.0978927
    outer loop
      vertex 12.7832 -12.7832 47.1119
      vertex 12.6601 -12.6601 45.3442
      vertex 13.9746 -11.4687 47.1119
    endloop
  endfacet
  facet normal 0.713534 -0.427363 -0.555184
    outer loop
      vertex 12.9085 -8.62516 38.6947
      vertex 12.713 -8.49455 38.3429
      vertex 12.9164 -8.61197 38.6947
    endloop
  endfacet
  facet normal 0.550428 -0.742136 0.382443
    outer loop
      vertex 10.8113 -13.1736 54.0977
      vertex 9.59988 -13.9498 54.335
      vertex 9.468 -14.1699 54.0977
    endloop
  endfacet
  facet normal 0.55043 -0.742144 0.382426
    outer loop
      vertex 9.59988 -13.9498 54.335
      vertex 10.8113 -13.1736 54.0977
      vertex 10.7489 -13.0976 54.335
    endloop
  endfacet
  facet normal 0.668335 -0.73739 0.0978927
    outer loop
      vertex 12.6601 -12.6601 50.6558
      vertex 11.4687 -13.9746 48.8881
      vertex 12.7832 -12.7832 48.8881
    endloop
  endfacet
  facet normal 0.768699 -0.570106 -0.289967
    outer loop
      vertex 13.5722 -11.1384 43.6021
      vertex 13.1736 -10.8113 41.9023
      vertex 14.5986 -9.75446 43.6021
    endloop
  endfacet
  facet normal 0.78781 -0.58428 -0.194868
    outer loop
      vertex 13.8401 -11.3582 45.3442
      vertex 13.5722 -11.1384 43.6021
      vertex 14.5986 -9.75446 43.6021
    endloop
  endfacet
  facet normal 0.140417 -0.946687 0.289941
    outer loop
      vertex 3.42531 -17.2202 52.3979
      vertex 1.6704 -16.9599 54.0977
      vertex 1.72094 -17.473 52.3979
    endloop
  endfacet
  facet normal 0.671561 -0.740949 0
    outer loop
      vertex 11.4687 -13.9746 47.1119
      vertex 12.7832 -12.7832 48.8881
      vertex 11.4687 -13.9746 48.8881
    endloop
  endfacet
  facet normal 0.671561 -0.740949 0
    outer loop
      vertex 12.7832 -12.7832 48.8881
      vertex 11.4687 -13.9746 47.1119
      vertex 12.7832 -12.7832 47.1119
    endloop
  endfacet
  facet normal 0.708566 -0.525484 -0.470958
    outer loop
      vertex 12.6482 -10.3801 40.2613
      vertex 12.0009 -9.84888 38.6947
      vertex 13.6047 -9.09035 40.2613
    endloop
  endfacet
  facet normal 0.460686 -0.621168 -0.633971
    outer loop
      vertex 8.07691 -12.088 37.2178
      vertex 7.45087 -11.151 35.8448
      vertex 8.50798 -10.367 35.8448
    endloop
  endfacet
  facet normal 0.460695 -0.621166 -0.633966
    outer loop
      vertex 9.22285 -11.2381 37.2178
      vertex 8.07691 -12.088 37.2178
      vertex 8.50798 -10.367 35.8448
    endloop
  endfacet
  facet normal 0.955872 -0.0469899 0.290001
    outer loop
      vertex 17.5576 0 52.3979
      vertex 17.0419 0 54.0977
      vertex 17.473 -1.72094 52.3979
    endloop
  endfacet
  facet normal 0.979644 -0.0481195 0.194888
    outer loop
      vertex 17.9041 0 50.6558
      vertex 17.473 -1.72094 52.3979
      vertex 17.8179 -1.75491 50.6558
    endloop
  endfacet
  facet normal 0.937008 0.335309 0.0978967
    outer loop
      vertex 17.2998 5.24782 48.8881
      vertex 16.5412 6.8516 50.6558
      vertex 17.1332 5.19728 50.6558
    endloop
  endfacet
  facet normal 0.865146 0.409192 0.289974
    outer loop
      vertex 16.2211 6.71899 52.3979
      vertex 15.4844 8.27658 52.3979
      vertex 15.7447 6.52167 54.0977
    endloop
  endfacet
  facet normal 0.914087 0.135595 0.382176
    outer loop
      vertex 16.6522 3.07587 54.335
      vertex 16.9599 1.6704 54.0977
      vertex 16.7145 3.32472 54.0977
    endloop
  endfacet
  facet normal 0.914069 0.135583 0.382223
    outer loop
      vertex 16.9599 1.6704 54.0977
      vertex 16.6522 3.07587 54.335
      vertex 16.8621 1.66077 54.335
    endloop
  endfacet
  facet normal 0.425489 -0.89965 0.0979261
    outer loop
      vertex 8.43993 -15.79 50.6558
      vertex 6.8516 -16.5412 50.6558
      vertex 6.91823 -16.7021 48.8881
    endloop
  endfacet
  facet normal -0.238247 -0.666204 -0.70669
    outer loop
      vertex -3.7737 -12.4402 35.4336
      vertex -3.89307 -12.8337 35.8448
      vertex -4.14141 -12.3087 35.4336
    endloop
  endfacet
  facet normal -0.666148 -0.238415 -0.706686
    outer loop
      vertex -12.0104 -4.97488 35.4336
      vertex -12.3903 -5.13225 35.8448
      vertex -12.3087 -4.14141 35.4336
    endloop
  endfacet
  facet normal -0.666221 -0.238385 -0.706628
    outer loop
      vertex -12.3087 -4.14141 35.4336
      vertex -12.3903 -5.13225 35.8448
      vertex -12.8337 -3.89307 35.8448
    endloop
  endfacet
  facet normal -0.51934 -0.573031 -0.633973
    outer loop
      vertex -9.22285 -11.2381 37.2178
      vertex -10.28 -10.28 37.2178
      vertex -9.48316 -9.48316 35.8448
    endloop
  endfacet
  facet normal -0.495503 -0.668088 -0.555099
    outer loop
      vertex -8.62516 -12.9085 38.6947
      vertex -9.84888 -12.0009 38.6947
      vertex -8.07691 -12.088 37.2178
    endloop
  endfacet
  facet normal -0.708557 -0.525518 -0.470933
    outer loop
      vertex -12.0009 -9.84888 38.6947
      vertex -13.6047 -9.09035 40.2613
      vertex -12.9085 -8.62516 38.6947
    endloop
  endfacet
  facet normal -0.0481444 0.97964 -0.194902
    outer loop
      vertex -1 17.6536 44.3319
      vertex -1.75491 17.8179 45.3442
      vertex -1 17.855 45.3442
    endloop
  endfacet
  facet normal -0.0481241 0.979644 -0.194888
    outer loop
      vertex -1.75491 17.8179 45.3442
      vertex -1 17.6536 44.3319
      vertex -1.72094 17.473 43.6021
    endloop
  endfacet
  facet normal -0.0452934 0.922939 -0.382273
    outer loop
      vertex -1 16.569 40.8791
      vertex -1.6704 16.9599 41.9023
      vertex -1 16.9928 41.9023
    endloop
  endfacet
  facet normal -0.0453677 0.922918 -0.382314
    outer loop
      vertex -1.6704 16.9599 41.9023
      vertex -1 16.569 40.8791
      vertex -1.60378 16.2834 40.2613
    endloop
  endfacet
  facet normal 0.129411 0.872621 -0.470941
    outer loop
      vertex 3.02876 15.2266 38.6947
      vertex 1.5217 15.4501 38.6947
      vertex 1.60378 16.2834 40.2613
    endloop
  endfacet
  facet normal -0.0378098 0.772521 -0.633863
    outer loop
      vertex -1 14.1529 36.8083
      vertex -1.42498 14.4681 37.2178
      vertex -1 14.4889 37.2178
    endloop
  endfacet
  facet normal 0.0453989 0.922928 -0.382287
    outer loop
      vertex 1.60378 16.2834 40.2613
      vertex 1 16.3131 40.2613
      vertex 1 16.569 40.8791
    endloop
  endfacet
  facet normal 0.0409237 0.830736 -0.55516
    outer loop
      vertex 1.5217 15.4501 38.6947
      vertex 1 14.7832 37.6583
      vertex 1 15.4758 38.6947
    endloop
  endfacet
  facet normal 0.040657 0.830808 -0.555072
    outer loop
      vertex 1 14.7832 37.6583
      vertex 1.5217 15.4501 38.6947
      vertex 1.42498 14.4681 37.2178
    endloop
  endfacet
  facet normal 0.311326 0.870014 -0.382298
    outer loop
      vertex 6.26155 15.1167 40.2613
      vertex 4.7497 15.6577 40.2613
      vertex 6.52167 15.7447 41.9023
    endloop
  endfacet
  facet normal 0.0488502 0.994002 0.0978458
    outer loop
      vertex 1.75491 17.8179 50.6558
      vertex 1 17.9532 49.6582
      vertex 1 17.855 50.6558
    endloop
  endfacet
  facet normal 0.0488262 0.994001 0.0978639
    outer loop
      vertex 1 17.9532 49.6582
      vertex 1.75491 17.8179 50.6558
      vertex 1.77197 17.9911 48.8881
    endloop
  endfacet
  facet normal 0.122023 0.822801 -0.555076
    outer loop
      vertex 3.02876 15.2266 38.6947
      vertex 1.42498 14.4681 37.2178
      vertex 1.5217 15.4501 38.6947
    endloop
  endfacet
  facet normal 0.129438 0.872627 -0.470921
    outer loop
      vertex 3.02876 15.2266 38.6947
      vertex 1.60378 16.2834 40.2613
      vertex 3.19211 16.0478 40.2613
    endloop
  endfacet
  facet normal 0.202113 0.806859 -0.555093
    outer loop
      vertex 4.22017 13.9121 37.2178
      vertex 3.02876 15.2266 38.6947
      vertex 4.50664 14.8564 38.6947
    endloop
  endfacet
  facet normal -0.330659 0.699111 -0.633963
    outer loop
      vertex -5.13225 12.3903 35.8448
      vertex -6.85319 12.8214 37.2178
      vertex -5.56347 13.4314 37.2178
    endloop
  endfacet
  facet normal -0.28025 0.783148 -0.555103
    outer loop
      vertex -5.56347 13.4314 37.2178
      vertex -5.94112 14.3431 38.6947
      vertex -4.22017 13.9121 37.2178
    endloop
  endfacet
  facet normal -0.495503 0.668088 -0.555099
    outer loop
      vertex -8.07691 12.088 37.2178
      vertex -9.84888 12.0009 38.6947
      vertex -8.62516 12.9085 38.6947
    endloop
  endfacet
  facet normal -0.171923 0.686325 -0.706683
    outer loop
      vertex -3.39486 12.5351 35.4336
      vertex -2.6164 13.1535 35.8448
      vertex -2.53617 12.7502 35.4336
    endloop
  endfacet
  facet normal -0.171921 0.686323 -0.706685
    outer loop
      vertex -2.6164 13.1535 35.8448
      vertex -3.39486 12.5351 35.4336
      vertex -3.89307 12.8337 35.8448
    endloop
  endfacet
  facet normal -0.783159 0.280238 -0.555093
    outer loop
      vertex -13.9121 4.22017 37.2178
      vertex -14.8564 4.50664 38.6947
      vertex -14.3431 5.94112 38.6947
    endloop
  endfacet
  facet normal -0.524248 0.475135 -0.70669
    outer loop
      vertex -9.45466 8.90301 35.4336
      vertex -9.48316 9.48316 35.8448
      vertex -9.19239 9.19239 35.4336
    endloop
  endfacet
  facet normal -0.10381 0.699874 -0.706682
    outer loop
      vertex -2.53617 12.7502 35.4336
      vertex -2.6164 13.1535 35.8448
      vertex -2.14986 12.8075 35.4336
    endloop
  endfacet
  facet normal -0.0347902 0.706679 -0.706679
    outer loop
      vertex -1.27422 12.9374 35.4336
      vertex -1 13.3621 35.8448
      vertex -1 12.9509 35.4336
    endloop
  endfacet
  facet normal -0.0348256 0.706689 -0.706666
    outer loop
      vertex -1 13.3621 35.8448
      vertex -1.27422 12.9374 35.4336
      vertex -1.31453 13.3466 35.8448
    endloop
  endfacet
  facet normal 0.0469279 0.955893 -0.28994
    outer loop
      vertex 1.6704 16.9599 41.9023
      vertex 1 17.2924 42.89
      vertex 1.72094 17.473 43.6021
    endloop
  endfacet
  facet normal 0.0469105 0.955891 -0.289951
    outer loop
      vertex 1 17.2924 42.89
      vertex 1.6704 16.9599 41.9023
      vertex 1 16.9928 41.9023
    endloop
  endfacet
  facet normal 0.140417 0.946687 -0.289941
    outer loop
      vertex 3.42531 17.2202 43.6021
      vertex 1.6704 16.9599 41.9023
      vertex 1.72094 17.473 43.6021
    endloop
  endfacet
  facet normal -0.0469367 0.955891 -0.289949
    outer loop
      vertex -1 17.2924 42.89
      vertex -1.72094 17.473 43.6021
      vertex -1 17.5084 43.6021
    endloop
  endfacet
  facet normal -0.0481029 0.979641 -0.194908
    outer loop
      vertex -1 17.5084 43.6021
      vertex -1.72094 17.473 43.6021
      vertex -1 17.6536 44.3319
    endloop
  endfacet
  facet normal 0.146021 0.984429 0.0978678
    outer loop
      vertex 3.52688 17.7308 48.8881
      vertex 1.75491 17.8179 50.6558
      vertex 3.49292 17.5601 50.6558
    endloop
  endfacet
  facet normal -0.335279 0.937015 -0.0979269
    outer loop
      vertex -6.8516 16.5412 45.3442
      vertex -6.91823 16.7021 47.1119
      vertex -5.24782 17.2998 47.1119
    endloop
  endfacet
  facet normal -0.363749 0.606864 -0.706685
    outer loop
      vertex -7.45087 11.151 35.8448
      vertex -6.46314 11.2642 35.4336
      vertex -7.22241 10.8091 35.4336
    endloop
  endfacet
  facet normal -0.363744 0.606887 -0.706667
    outer loop
      vertex -6.46314 11.2642 35.4336
      vertex -7.45087 11.151 35.8448
      vertex -6.322 11.8276 35.8448
    endloop
  endfacet
  facet normal -0.460695 0.621166 -0.633966
    outer loop
      vertex -8.50798 10.367 35.8448
      vertex -9.22285 11.2381 37.2178
      vertex -8.07691 12.088 37.2178
    endloop
  endfacet
  facet normal -0.419366 0.886657 0.19486
    outer loop
      vertex -6.71899 16.2211 52.3979
      vertex -8.43993 15.79 50.6558
      vertex -8.27658 15.4844 52.3979
    endloop
  endfacet
  facet normal -0.658693 0.72674 -0.194865
    outer loop
      vertex -11.1384 13.5722 43.6021
      vertex -12.6601 12.6601 45.3442
      vertex -11.3582 13.8401 45.3442
    endloop
  endfacet
  facet normal -0.709132 0.642694 -0.289961
    outer loop
      vertex -12.0505 12.0505 41.9023
      vertex -13.1736 10.8113 41.9023
      vertex -12.4151 12.4151 43.6021
    endloop
  endfacet
  facet normal -0.504245 0.841289 0.19486
    outer loop
      vertex -8.43993 15.79 50.6558
      vertex -9.75446 14.5986 52.3979
      vertex -8.27658 15.4844 52.3979
    endloop
  endfacet
  facet normal 0.409165 0.865169 0.289942
    outer loop
      vertex 8.27658 15.4844 52.3979
      vertex 6.52167 15.7447 54.0977
      vertex 8.03352 15.0297 54.0977
    endloop
  endfacet
  facet normal 0.504245 0.841289 0.19486
    outer loop
      vertex 8.43993 15.79 50.6558
      vertex 8.27658 15.4844 52.3979
      vertex 9.75446 14.5986 52.3979
    endloop
  endfacet
  facet normal 0.241774 0.965381 -0.0978966
    outer loop
      vertex 5.19728 17.1332 45.3442
      vertex 3.52688 17.7308 47.1119
      vertex 5.24782 17.2998 47.1119
    endloop
  endfacet
  facet normal 0.143906 0.970211 -0.194888
    outer loop
      vertex 3.42531 17.2202 43.6021
      vertex 1.72094 17.473 43.6021
      vertex 1.75491 17.8179 45.3442
    endloop
  endfacet
  facet normal 0.146021 0.984429 -0.0978678
    outer loop
      vertex 3.49292 17.5601 45.3442
      vertex 1.75491 17.8179 45.3442
      vertex 3.52688 17.7308 47.1119
    endloop
  endfacet
  facet normal 0.146721 0.989178 -0
    outer loop
      vertex 3.52688 17.7308 47.1119
      vertex 1.77197 17.9911 48.8881
      vertex 3.52688 17.7308 48.8881
    endloop
  endfacet
  facet normal 0.146721 0.989178 0
    outer loop
      vertex 1.77197 17.9911 48.8881
      vertex 3.52688 17.7308 47.1119
      vertex 1.77197 17.9911 47.1119
    endloop
  endfacet
  facet normal 0.425536 0.899633 -0.0978771
    outer loop
      vertex 8.43993 15.79 45.3442
      vertex 6.91823 16.7021 47.1119
      vertex 8.522 15.9435 47.1119
    endloop
  endfacet
  facet normal 0.336899 0.941541 -0
    outer loop
      vertex 6.91823 16.7021 47.1119
      vertex 5.24782 17.2998 48.8881
      vertex 6.91823 16.7021 48.8881
    endloop
  endfacet
  facet normal 0.336899 0.941541 0
    outer loop
      vertex 5.24782 17.2998 48.8881
      vertex 6.91823 16.7021 47.1119
      vertex 5.24782 17.2998 47.1119
    endloop
  endfacet
  facet normal 0.89637 0.224461 0.382281
    outer loop
      vertex 16.7145 3.32472 54.0977
      vertex 16.5617 3.53077 54.335
      vertex 16.6181 3.30554 54.335
    endloop
  endfacet
  facet normal 0.896426 0.224541 0.382101
    outer loop
      vertex 16.5617 3.53077 54.335
      vertex 16.3081 4.94702 54.0977
      vertex 16.2141 4.91848 54.335
    endloop
  endfacet
  facet normal 0.896378 0.22455 0.382208
    outer loop
      vertex 16.3081 4.94702 54.0977
      vertex 16.5617 3.53077 54.335
      vertex 16.7145 3.32472 54.0977
    endloop
  endfacet
  facet normal 0.511605 0.853628 0.0978782
    outer loop
      vertex 8.522 15.9435 48.8881
      vertex 8.43993 15.79 50.6558
      vertex 10.0437 15.0315 48.8881
    endloop
  endfacet
  facet normal 0.14043 0.946682 0.289953
    outer loop
      vertex 3.42531 17.2202 52.3979
      vertex 1.6704 16.9599 54.0977
      vertex 3.32472 16.7145 54.0977
    endloop
  endfacet
  facet normal 0.419366 0.886657 0.19486
    outer loop
      vertex 8.43993 15.79 50.6558
      vertex 6.71899 16.2211 52.3979
      vertex 8.27658 15.4844 52.3979
    endloop
  endfacet
  facet normal 0.870072 0.311223 0.382249
    outer loop
      vertex 15.7447 6.52167 54.0977
      vertex 15.6539 6.48406 54.335
      vertex 15.7321 6.26544 54.335
    endloop
  endfacet
  facet normal 0.87002 0.311288 0.382316
    outer loop
      vertex 15.7321 6.26544 54.335
      vertex 16.3081 4.94702 54.0977
      vertex 15.7447 6.52167 54.0977
    endloop
  endfacet
  facet normal 0.870087 0.311354 0.382108
    outer loop
      vertex 16.3081 4.94702 54.0977
      vertex 15.7321 6.26544 54.335
      vertex 16.2141 4.91848 54.335
    endloop
  endfacet
  facet normal 0.78781 0.58428 0.194868
    outer loop
      vertex 13.8401 11.3582 50.6558
      vertex 13.5722 11.1384 52.3979
      vertex 14.5986 9.75446 52.3979
    endloop
  endfacet
  facet normal 0.820881 0.49202 0.289949
    outer loop
      vertex 14.5986 9.75446 52.3979
      vertex 14.1699 9.468 54.0977
      vertex 15.0297 8.03352 54.0977
    endloop
  endfacet
  facet normal 0.914027 0.135709 0.38228
    outer loop
      vertex 16.7145 3.32472 54.0977
      vertex 16.6181 3.30554 54.335
      vertex 16.6522 3.07587 54.335
    endloop
  endfacet
  facet normal 0.742144 0.55043 0.382426
    outer loop
      vertex 13.9498 9.59988 54.335
      vertex 13.1736 10.8113 54.0977
      vertex 13.0976 10.7489 54.335
    endloop
  endfacet
  facet normal 0.742136 0.550428 0.382443
    outer loop
      vertex 13.1736 10.8113 54.0977
      vertex 13.9498 9.59988 54.335
      vertex 14.1699 9.468 54.0977
    endloop
  endfacet
  facet normal 0.709132 0.642694 0.289961
    outer loop
      vertex 12.4151 12.4151 52.3979
      vertex 12.0505 12.0505 54.0977
      vertex 13.1736 10.8113 54.0977
    endloop
  endfacet
  facet normal 0.768692 0.570124 0.289949
    outer loop
      vertex 14.5986 9.75446 52.3979
      vertex 13.1736 10.8113 54.0977
      vertex 14.1699 9.468 54.0977
    endloop
  endfacet
  facet normal 0.73739 0.668335 0.0978927
    outer loop
      vertex 12.7832 12.7832 48.8881
      vertex 12.6601 12.6601 50.6558
      vertex 13.9746 11.4687 48.8881
    endloop
  endfacet
  facet normal 0.835247 0.395014 0.382527
    outer loop
      vertex 15.0422 7.77729 54.335
      vertex 15.7447 6.52167 54.0977
      vertex 15.0297 8.03352 54.0977
    endloop
  endfacet
  facet normal 0.835328 0.395111 0.38225
    outer loop
      vertex 15.7447 6.52167 54.0977
      vertex 15.0422 7.77729 54.335
      vertex 15.6539 6.48406 54.335
    endloop
  endfacet
  facet normal 0.792512 0.475125 0.382335
    outer loop
      vertex 15.0297 8.03352 54.0977
      vertex 14.8236 8.18634 54.335
      vertex 14.943 7.98718 54.335
    endloop
  endfacet
  facet normal 0.51934 0.573031 -0.633973
    outer loop
      vertex 9.48316 9.48316 35.8448
      vertex 9.22285 11.2381 37.2178
      vertex 10.28 10.28 37.2178
    endloop
  endfacet
  facet normal 0.113466 0.764979 -0.633981
    outer loop
      vertex 2.6164 13.1535 35.8448
      vertex 1.31453 13.3466 35.8448
      vertex 1.42498 14.4681 37.2178
    endloop
  endfacet
  facet normal 0.302528 0.639652 -0.706627
    outer loop
      vertex 5.77511 11.632 35.4336
      vertex 5.13225 12.3903 35.8448
      vertex 6.322 11.8276 35.8448
    endloop
  endfacet
  facet normal 0.302454 0.639622 -0.706686
    outer loop
      vertex 5.13225 12.3903 35.8448
      vertex 5.77511 11.632 35.4336
      vertex 4.97488 12.0104 35.4336
    endloop
  endfacet
  facet normal 0.58427 0.78782 -0.194854
    outer loop
      vertex 11.3582 13.8401 45.3442
      vertex 9.75446 14.5986 43.6021
      vertex 9.94698 14.8867 45.3442
    endloop
  endfacet
  facet normal 0.504252 0.841286 -0.194853
    outer loop
      vertex 9.75446 14.5986 43.6021
      vertex 8.43993 15.79 45.3442
      vertex 9.94698 14.8867 45.3442
    endloop
  endfacet
  facet normal 0.49202 0.820881 -0.289949
    outer loop
      vertex 9.468 14.1699 41.9023
      vertex 8.03352 15.0297 41.9023
      vertex 9.75446 14.5986 43.6021
    endloop
  endfacet
  facet normal 0.570124 0.768692 -0.289949
    outer loop
      vertex 10.8113 13.1736 41.9023
      vertex 9.468 14.1699 41.9023
      vertex 9.75446 14.5986 43.6021
    endloop
  endfacet
  facet normal 0.395054 0.835333 -0.382298
    outer loop
      vertex 8.03352 15.0297 41.9023
      vertex 6.26155 15.1167 40.2613
      vertex 6.52167 15.7447 41.9023
    endloop
  endfacet
  facet normal 0.311295 0.870039 -0.382266
    outer loop
      vertex 6.52167 15.7447 41.9023
      vertex 4.7497 15.6577 40.2613
      vertex 4.94702 16.3081 41.9023
    endloop
  endfacet
  facet normal 0.427601 0.713458 -0.555098
    outer loop
      vertex 8.07691 12.088 37.2178
      vertex 7.31838 13.6917 38.6947
      vertex 8.62516 12.9085 38.6947
    endloop
  endfacet
  facet normal 0.453521 0.756652 -0.470954
    outer loop
      vertex 9.09035 13.6047 40.2613
      vertex 7.31838 13.6917 38.6947
      vertex 7.71309 14.4302 40.2613
    endloop
  endfacet
  facet normal 0.504252 0.841286 0.194853
    outer loop
      vertex 9.94698 14.8867 50.6558
      vertex 8.43993 15.79 50.6558
      vertex 9.75446 14.5986 52.3979
    endloop
  endfacet
  facet normal 0.592827 0.799359 0.0978793
    outer loop
      vertex 11.4687 13.9746 48.8881
      vertex 9.94698 14.8867 50.6558
      vertex 11.3582 13.8401 50.6558
    endloop
  endfacet
  facet normal 0.668335 0.73739 0.0978927
    outer loop
      vertex 12.7832 12.7832 48.8881
      vertex 11.4687 13.9746 48.8881
      vertex 12.6601 12.6601 50.6558
    endloop
  endfacet
  facet normal 0.592854 0.799335 -0.0979151
    outer loop
      vertex 11.4687 13.9746 47.1119
      vertex 9.94698 14.8867 45.3442
      vertex 10.0437 15.0315 47.1119
    endloop
  endfacet
  facet normal 0.799335 0.592854 0.0979151
    outer loop
      vertex 15.0315 10.0437 48.8881
      vertex 13.9746 11.4687 48.8881
      vertex 14.8867 9.94698 50.6558
    endloop
  endfacet
  facet normal 0.853605 0.511636 0.0979167
    outer loop
      vertex 15.0315 10.0437 48.8881
      vertex 14.8867 9.94698 50.6558
      vertex 15.79 8.43993 50.6558
    endloop
  endfacet
  facet normal 0.899633 0.425536 -0.0978771
    outer loop
      vertex 16.7021 6.91823 47.1119
      vertex 15.79 8.43993 45.3442
      vertex 15.9435 8.522 47.1119
    endloop
  endfacet
  facet normal 0.903973 0.427589 0
    outer loop
      vertex 16.7021 6.91823 48.8881
      vertex 15.9435 8.522 47.1119
      vertex 15.9435 8.522 48.8881
    endloop
  endfacet
  facet normal 0.903973 0.427589 0
    outer loop
      vertex 15.9435 8.522 47.1119
      vertex 16.7021 6.91823 48.8881
      vertex 16.7021 6.91823 47.1119
    endloop
  endfacet
  facet normal 0.606887 0.363744 -0.706667
    outer loop
      vertex 11.2642 6.46314 35.4336
      vertex 11.151 7.45087 35.8448
      vertex 11.8276 6.322 35.8448
    endloop
  endfacet
  facet normal 0.606864 0.363749 -0.706685
    outer loop
      vertex 10.8091 7.22241 35.4336
      vertex 11.151 7.45087 35.8448
      vertex 11.2642 6.46314 35.4336
    endloop
  endfacet
  facet normal 0.616326 0.558579 -0.555096
    outer loop
      vertex 11.2381 9.22285 37.2178
      vertex 10.28 10.28 37.2178
      vertex 12.0009 9.84888 38.6947
    endloop
  endfacet
  facet normal 0.330653 0.699119 -0.633957
    outer loop
      vertex 6.322 11.8276 35.8448
      vertex 5.13225 12.3903 35.8448
      vertex 6.85319 12.8214 37.2178
    endloop
  endfacet
  facet normal -0.870072 0.311223 0.382249
    outer loop
      vertex -15.6539 6.48406 54.335
      vertex -15.7447 6.52167 54.0977
      vertex -15.7321 6.26544 54.335
    endloop
  endfacet
  facet normal -0.394842 0.835417 0.382333
    outer loop
      vertex -7.77729 15.0422 54.335
      vertex -8.03352 15.0297 54.0977
      vertex -7.98718 14.943 54.335
    endloop
  endfacet
  facet normal -0.78782 0.58427 0.194854
    outer loop
      vertex -13.8401 11.3582 50.6558
      vertex -14.8867 9.94698 50.6558
      vertex -14.5986 9.75446 52.3979
    endloop
  endfacet
  facet normal -0.742152 0.550376 0.382487
    outer loop
      vertex -13.9498 9.59988 54.335
      vertex -14.1699 9.468 54.0977
      vertex -14.0881 9.41339 54.335
    endloop
  endfacet
  facet normal -0.668335 0.73739 0.0978927
    outer loop
      vertex -11.4687 13.9746 48.8881
      vertex -12.7832 12.7832 48.8881
      vertex -12.6601 12.6601 50.6558
    endloop
  endfacet
  facet normal -0.642697 0.709127 -0.289966
    outer loop
      vertex -10.8113 13.1736 41.9023
      vertex -12.4151 12.4151 43.6021
      vertex -11.1384 13.5722 43.6021
    endloop
  endfacet
  facet normal -0.737385 0.668342 -0.0978843
    outer loop
      vertex -13.8401 11.3582 45.3442
      vertex -13.9746 11.4687 47.1119
      vertex -12.6601 12.6601 45.3442
    endloop
  endfacet
  facet normal -0.870087 -0.311354 0.382108
    outer loop
      vertex -16.3081 -4.94702 54.0977
      vertex -15.7321 -6.26544 54.335
      vertex -16.2141 -4.91848 54.335
    endloop
  endfacet
  facet normal -0.87002 -0.311288 0.382316
    outer loop
      vertex -15.7321 -6.26544 54.335
      vertex -16.3081 -4.94702 54.0977
      vertex -15.7447 -6.52167 54.0977
    endloop
  endfacet
  facet normal -0.896378 -0.22455 0.382208
    outer loop
      vertex -16.3081 -4.94702 54.0977
      vertex -16.5617 -3.53077 54.335
      vertex -16.7145 -3.32472 54.0977
    endloop
  endfacet
  facet normal -0.896426 -0.224541 0.382101
    outer loop
      vertex -16.5617 -3.53077 54.335
      vertex -16.3081 -4.94702 54.0977
      vertex -16.2141 -4.91848 54.335
    endloop
  endfacet
  facet normal -0.979644 -0.0481195 0.194888
    outer loop
      vertex -17.473 -1.72094 52.3979
      vertex -17.9041 0 50.6558
      vertex -17.8179 -1.75491 50.6558
    endloop
  endfacet
  facet normal -0.994001 -0.0488247 0.0978639
    outer loop
      vertex -17.9041 0 50.6558
      vertex -17.9911 -1.77197 48.8881
      vertex -17.8179 -1.75491 50.6558
    endloop
  endfacet
  facet normal -0.979644 0.0481195 0.194888
    outer loop
      vertex -17.8179 1.75491 50.6558
      vertex -17.9041 0 50.6558
      vertex -17.473 1.72094 52.3979
    endloop
  endfacet
  facet normal -0.97965 0.0481588 0.19485
    outer loop
      vertex -17.473 1.72094 52.3979
      vertex -17.9041 0 50.6558
      vertex -17.5576 0 52.3979
    endloop
  endfacet
  facet normal -0.928356 0.232561 0.289951
    outer loop
      vertex -16.3081 4.94702 54.0977
      vertex -16.8015 5.09669 52.3979
      vertex -16.7145 3.32472 54.0977
    endloop
  endfacet
  facet normal -0.896426 0.224541 0.382101
    outer loop
      vertex -16.3081 4.94702 54.0977
      vertex -16.5617 3.53077 54.335
      vertex -16.2141 4.91848 54.335
    endloop
  endfacet
  facet normal -0.896378 0.22455 0.382208
    outer loop
      vertex -16.5617 3.53077 54.335
      vertex -16.3081 4.94702 54.0977
      vertex -16.7145 3.32472 54.0977
    endloop
  endfacet
  facet normal -0.923056 0.0453756 0.381981
    outer loop
      vertex -16.9323 0.231905 54.335
      vertex -17.0419 0 54.0977
      vertex -16.9437 0 54.335
    endloop
  endfacet
  facet normal -0.923056 -0.0453756 0.381981
    outer loop
      vertex -16.9437 0 54.335
      vertex -17.0419 0 54.0977
      vertex -16.9323 -0.231905 54.335
    endloop
  endfacet
  facet normal -0.886669 0.41935 -0.194841
    outer loop
      vertex -16.2211 6.71899 43.6021
      vertex -16.5412 6.8516 45.3442
      vertex -15.79 8.43993 45.3442
    endloop
  endfacet
  facet normal -0.78781 0.58428 -0.194868
    outer loop
      vertex -13.5722 11.1384 43.6021
      vertex -14.5986 9.75446 43.6021
      vertex -13.8401 11.3582 45.3442
    endloop
  endfacet
  facet normal -0.886657 0.419366 0.19486
    outer loop
      vertex -15.79 8.43993 50.6558
      vertex -16.2211 6.71899 52.3979
      vertex -15.4844 8.27658 52.3979
    endloop
  endfacet
  facet normal -0.865146 0.409192 0.289974
    outer loop
      vertex -15.4844 8.27658 52.3979
      vertex -16.2211 6.71899 52.3979
      vertex -15.7447 6.52167 54.0977
    endloop
  endfacet
  facet normal -0.899633 0.425536 0.0978771
    outer loop
      vertex -15.9435 8.522 48.8881
      vertex -16.7021 6.91823 48.8881
      vertex -15.79 8.43993 50.6558
    endloop
  endfacet
  facet normal -0.937008 0.335309 0.0978967
    outer loop
      vertex -16.5412 6.8516 50.6558
      vertex -17.2998 5.24782 48.8881
      vertex -17.1332 5.19728 50.6558
    endloop
  endfacet
  facet normal -0.923486 0.33047 0.19484
    outer loop
      vertex -16.5412 6.8516 50.6558
      vertex -17.1332 5.19728 50.6558
      vertex -16.2211 6.71899 52.3979
    endloop
  endfacet
  facet normal 0.568302 0.421459 -0.706686
    outer loop
      vertex 10.2818 7.93343 35.4336
      vertex 11.151 7.45087 35.8448
      vertex 10.8091 7.22241 35.4336
    endloop
  endfacet
  facet normal 0.568307 0.421482 -0.706669
    outer loop
      vertex 11.151 7.45087 35.8448
      vertex 10.2818 7.93343 35.4336
      vertex 10.367 8.50798 35.8448
    endloop
  endfacet
  facet normal 0.397563 -0.663356 -0.633958
    outer loop
      vertex 6.85319 -12.8214 37.2178
      vertex 6.322 -11.8276 35.8448
      vertex 8.07691 -12.088 37.2178
    endloop
  endfacet
  facet normal 0.202071 -0.806851 -0.55512
    outer loop
      vertex 3.02876 -15.2266 38.6947
      vertex 2.83623 -14.2587 37.2178
      vertex 4.22017 -13.9121 37.2178
    endloop
  endfacet
  facet normal 0.103809 -0.699875 -0.706682
    outer loop
      vertex 1.31453 -13.3466 35.8448
      vertex 2.14986 -12.8075 35.4336
      vertex 2.6164 -13.1535 35.8448
    endloop
  endfacet
  facet normal 0.103828 -0.69989 -0.706664
    outer loop
      vertex 2.14986 -12.8075 35.4336
      vertex 1.31453 -13.3466 35.8448
      vertex 1.27422 -12.9374 35.4336
    endloop
  endfacet
  facet normal -0.260542 -0.728142 -0.633978
    outer loop
      vertex -4.22017 -13.9121 37.2178
      vertex -5.13225 -12.3903 35.8448
      vertex -3.89307 -12.8337 35.8448
    endloop
  endfacet
  facet normal 0.242941 -0.970041 0
    outer loop
      vertex 3.52688 -17.7308 47.1119
      vertex 5.24782 -17.2998 48.8881
      vertex 3.52688 -17.7308 48.8881
    endloop
  endfacet
  facet normal 0.242941 -0.970041 0
    outer loop
      vertex 5.24782 -17.2998 48.8881
      vertex 3.52688 -17.7308 47.1119
      vertex 5.24782 -17.2998 47.1119
    endloop
  endfacet
  facet normal -0.0481195 -0.979644 0.194888
    outer loop
      vertex -1.72094 -17.473 52.3979
      vertex -1.75491 -17.8179 50.6558
      vertex 0 -17.9041 50.6558
    endloop
  endfacet
  facet normal 0.311354 -0.870087 0.382108
    outer loop
      vertex 4.94702 -16.3081 54.0977
      vertex 6.26544 -15.7321 54.335
      vertex 4.91848 -16.2141 54.335
    endloop
  endfacet
  facet normal 0.311288 -0.87002 0.382316
    outer loop
      vertex 6.26544 -15.7321 54.335
      vertex 4.94702 -16.3081 54.0977
      vertex 6.52167 -15.7447 54.0977
    endloop
  endfacet
  facet normal -0.492016 -0.820886 -0.289944
    outer loop
      vertex -8.27658 -15.4844 43.6021
      vertex -9.75446 -14.5986 43.6021
      vertex -8.03352 -15.0297 41.9023
    endloop
  endfacet
  facet normal -0.658693 -0.72674 -0.194865
    outer loop
      vertex -11.3582 -13.8401 45.3442
      vertex -12.6601 -12.6601 45.3442
      vertex -11.1384 -13.5722 43.6021
    endloop
  endfacet
  facet normal -0.642697 -0.709127 0.289966
    outer loop
      vertex -10.8113 -13.1736 54.0977
      vertex -12.4151 -12.4151 52.3979
      vertex -11.1384 -13.5722 52.3979
    endloop
  endfacet
  facet normal -0.41935 -0.886669 0.194841
    outer loop
      vertex -6.71899 -16.2211 52.3979
      vertex -8.43993 -15.79 50.6558
      vertex -6.8516 -16.5412 50.6558
    endloop
  endfacet
  facet normal 0.0469249 -0.955894 0.28994
    outer loop
      vertex 1.6704 -16.9599 54.0977
      vertex 0 -17.0419 54.0977
      vertex 1.72094 -17.473 52.3979
    endloop
  endfacet
  facet normal -0.241803 -0.965377 0.0978681
    outer loop
      vertex -3.49292 -17.5601 50.6558
      vertex -5.19728 -17.1332 50.6558
      vertex -3.52688 -17.7308 48.8881
    endloop
  endfacet
  facet normal 0.0490951 -0.998794 0
    outer loop
      vertex 0 -18.0782 47.1119
      vertex 1.77197 -17.9911 48.8881
      vertex 0 -18.0782 48.8881
    endloop
  endfacet
  facet normal 0.0490951 -0.998794 0
    outer loop
      vertex 1.77197 -17.9911 48.8881
      vertex 0 -18.0782 47.1119
      vertex 1.77197 -17.9911 47.1119
    endloop
  endfacet
  facet normal 0.0488247 -0.994001 0.0978639
    outer loop
      vertex 1.75491 -17.8179 50.6558
      vertex 0 -17.9041 50.6558
      vertex 1.77197 -17.9911 48.8881
    endloop
  endfacet
  facet normal -0.0481195 -0.979644 -0.194888
    outer loop
      vertex 0 -17.9041 45.3442
      vertex -1.75491 -17.8179 45.3442
      vertex -1.72094 -17.473 43.6021
    endloop
  endfacet
  facet normal 0.0488592 -0.993996 -0.0978983
    outer loop
      vertex 1.77197 -17.9911 47.1119
      vertex 0 -18.0782 47.1119
      vertex 0 -17.9041 45.3442
    endloop
  endfacet
  facet normal -0.511605 -0.853628 -0.0978782
    outer loop
      vertex -8.522 -15.9435 47.1119
      vertex -10.0437 -15.0315 47.1119
      vertex -8.43993 -15.79 45.3442
    endloop
  endfacet
  facet normal -0.58428 -0.78781 -0.194868
    outer loop
      vertex -9.75446 -14.5986 43.6021
      vertex -11.3582 -13.8401 45.3442
      vertex -11.1384 -13.5722 43.6021
    endloop
  endfacet
  facet normal -0.425489 -0.89965 0.0979261
    outer loop
      vertex -6.8516 -16.5412 50.6558
      vertex -8.43993 -15.79 50.6558
      vertex -6.91823 -16.7021 48.8881
    endloop
  endfacet
  facet normal -0.425536 -0.899633 0.0978771
    outer loop
      vertex -8.43993 -15.79 50.6558
      vertex -8.522 -15.9435 48.8881
      vertex -6.91823 -16.7021 48.8881
    endloop
  endfacet
  facet normal -0.427601 -0.713458 -0.555098
    outer loop
      vertex -7.31838 -13.6917 38.6947
      vertex -8.62516 -12.9085 38.6947
      vertex -8.07691 -12.088 37.2178
    endloop
  endfacet
  facet normal -0.322408 -0.9011 -0.28995
    outer loop
      vertex -5.09669 -16.8015 43.6021
      vertex -6.52167 -15.7447 41.9023
      vertex -4.94702 -16.3081 41.9023
    endloop
  endfacet
  facet normal -0.994001 0.0488247 0.0978639
    outer loop
      vertex -17.8179 1.75491 50.6558
      vertex -17.9911 1.77197 48.8881
      vertex -17.9041 0 50.6558
    endloop
  endfacet
  facet normal -0.993996 -0.0488592 -0.0978983
    outer loop
      vertex -17.9911 -1.77197 47.1119
      vertex -18.0782 0 47.1119
      vertex -17.9041 0 45.3442
    endloop
  endfacet
  facet normal -0.951421 0.238342 -0.194915
    outer loop
      vertex -16.8015 5.09669 43.6021
      vertex -17.2202 3.42531 43.6021
      vertex -17.1332 5.19728 45.3442
    endloop
  endfacet
  facet normal -0.951435 0.238311 -0.194883
    outer loop
      vertex -17.2202 3.42531 43.6021
      vertex -17.5601 3.49292 45.3442
      vertex -17.1332 5.19728 45.3442
    endloop
  endfacet
  facet normal -0.870039 -0.311295 -0.382266
    outer loop
      vertex -15.7447 -6.52167 41.9023
      vertex -16.3081 -4.94702 41.9023
      vertex -15.6577 -4.7497 40.2613
    endloop
  endfacet
  facet normal -0.97965 -0.0481588 -0.19485
    outer loop
      vertex -17.473 -1.72094 43.6021
      vertex -17.9041 0 45.3442
      vertex -17.5576 0 43.6021
    endloop
  endfacet
  facet normal -0.946682 0.14043 -0.289953
    outer loop
      vertex -16.9599 1.6704 41.9023
      vertex -17.2202 3.42531 43.6021
      vertex -16.7145 3.32472 41.9023
    endloop
  endfacet
  facet normal -0.998794 0.0490951 0
    outer loop
      vertex -18.0782 0 47.1119
      vertex -17.9911 1.77197 48.8881
      vertex -17.9911 1.77197 47.1119
    endloop
  endfacet
  facet normal -0.998794 0.0490951 0
    outer loop
      vertex -17.9911 1.77197 48.8881
      vertex -18.0782 0 47.1119
      vertex -18.0782 0 48.8881
    endloop
  endfacet
  facet normal -0.699114 -0.330652 -0.633963
    outer loop
      vertex -12.6441 -6.14539 36.6531
      vertex -13.4314 -5.56347 37.2178
      vertex -12.3903 -5.13225 35.8448
    endloop
  endfacet
  facet normal -0.699103 -0.3306 -0.634002
    outer loop
      vertex -13.4314 -5.56347 37.2178
      vertex -12.6441 -6.14539 36.6531
      vertex -13.0464 -6.37761 37.2178
    endloop
  endfacet
  facet normal -0.914031 -0.135586 -0.382313
    outer loop
      vertex -16.7145 -3.32472 41.9023
      vertex -16.9599 -1.6704 41.9023
      vertex -16.2834 -1.60378 40.2613
    endloop
  endfacet
  facet normal -0.923498 0.330394 -0.194913
    outer loop
      vertex -16.8015 5.09669 43.6021
      vertex -17.1332 5.19728 45.3442
      vertex -16.2211 6.71899 43.6021
    endloop
  endfacet
  facet normal -0.830584 0.297216 -0.470949
    outer loop
      vertex -14.8564 4.50664 38.6947
      vertex -15.6577 4.7497 40.2613
      vertex -15.1167 6.26155 40.2613
    endloop
  endfacet
  facet normal -0.756676 0.453503 -0.470932
    outer loop
      vertex -12.9085 8.62516 38.6947
      vertex -13.6917 7.31838 38.6947
      vertex -13.6047 9.09035 40.2613
    endloop
  endfacet
  facet normal -0.684623 0.620575 -0.382333
    outer loop
      vertex -11.5698 11.5698 40.2613
      vertex -12.6482 10.3801 40.2613
      vertex -12.0505 12.0505 41.9023
    endloop
  endfacet
  facet normal -0.951435 -0.238311 -0.194883
    outer loop
      vertex -17.1332 -5.19728 45.3442
      vertex -17.5601 -3.49292 45.3442
      vertex -17.2202 -3.42531 43.6021
    endloop
  endfacet
  facet normal -0.965381 -0.241774 -0.0978966
    outer loop
      vertex -17.2998 -5.24782 47.1119
      vertex -17.7308 -3.52688 47.1119
      vertex -17.1332 -5.19728 45.3442
    endloop
  endfacet
  facet normal -0.799335 -0.592854 -0.0979151
    outer loop
      vertex -13.9746 -11.4687 47.1119
      vertex -15.0315 -10.0437 47.1119
      vertex -14.8867 -9.94698 45.3442
    endloop
  endfacet
  facet normal -0.984429 -0.146021 -0.0978678
    outer loop
      vertex -17.7308 -3.52688 47.1119
      vertex -17.8179 -1.75491 45.3442
      vertex -17.5601 -3.49292 45.3442
    endloop
  endfacet
  facet normal -0.970211 -0.143906 -0.194888
    outer loop
      vertex -17.2202 -3.42531 43.6021
      vertex -17.8179 -1.75491 45.3442
      vertex -17.473 -1.72094 43.6021
    endloop
  endfacet
  facet normal -0.857889 -0.513834 0
    outer loop
      vertex -15.0315 -10.0437 47.1119
      vertex -15.1252 -9.88726 48.8881
      vertex -15.1252 -9.88726 47.1119
    endloop
  endfacet
  facet normal -0.857889 -0.513834 0
    outer loop
      vertex -15.1252 -9.88726 48.8881
      vertex -15.0315 -10.0437 47.1119
      vertex -15.0315 -10.0437 48.8881
    endloop
  endfacet
  facet normal -0.923486 -0.33047 -0.19484
    outer loop
      vertex -16.5412 -6.8516 45.3442
      vertex -17.1332 -5.19728 45.3442
      vertex -16.2211 -6.71899 43.6021
    endloop
  endfacet
  facet normal -0.668342 -0.737385 -0.0978843
    outer loop
      vertex -11.4687 -13.9746 47.1119
      vertex -12.6601 -12.6601 45.3442
      vertex -11.3582 -13.8401 45.3442
    endloop
  endfacet
  facet normal -0.740949 -0.671561 0
    outer loop
      vertex -12.7832 -12.7832 47.1119
      vertex -13.9746 -11.4687 48.8881
      vertex -13.9746 -11.4687 47.1119
    endloop
  endfacet
  facet normal -0.740949 -0.671561 0
    outer loop
      vertex -13.9746 -11.4687 48.8881
      vertex -12.7832 -12.7832 47.1119
      vertex -12.7832 -12.7832 48.8881
    endloop
  endfacet
  facet normal -0.951421 -0.238342 -0.194915
    outer loop
      vertex -17.1332 -5.19728 45.3442
      vertex -17.2202 -3.42531 43.6021
      vertex -16.8015 -5.09669 43.6021
    endloop
  endfacet
  facet normal -0.896351 -0.224492 -0.382308
    outer loop
      vertex -15.6577 -4.7497 40.2613
      vertex -16.7145 -3.32472 41.9023
      vertex -16.0478 -3.19211 40.2613
    endloop
  endfacet
  facet normal -0.865139 -0.409207 0.289972
    outer loop
      vertex -15.2194 -7.63225 54.0977
      vertex -15.7447 -6.52167 54.0977
      vertex -15.5515 -7.82398 52.8363
    endloop
  endfacet
  facet normal -0.68484 -0.620375 0.382269
    outer loop
      vertex -11.981 -11.981 54.335
      vertex -12.1369 -11.8089 54.335
      vertex -12.0505 -12.0505 54.0977
    endloop
  endfacet
  facet normal -0.41935 -0.886669 -0.194841
    outer loop
      vertex -6.8516 -16.5412 45.3442
      vertex -8.43993 -15.79 45.3442
      vertex -6.71899 -16.2211 43.6021
    endloop
  endfacet
  facet normal -0.668342 -0.737385 0.0978843
    outer loop
      vertex -11.3582 -13.8401 50.6558
      vertex -12.6601 -12.6601 50.6558
      vertex -11.4687 -13.9746 48.8881
    endloop
  endfacet
  facet normal -0.49202 -0.820881 0.289949
    outer loop
      vertex -9.468 -14.1699 54.0977
      vertex -9.75446 -14.5986 52.3979
      vertex -8.03352 -15.0297 54.0977
    endloop
  endfacet
  facet normal -0.322408 -0.9011 0.28995
    outer loop
      vertex -4.94702 -16.3081 54.0977
      vertex -6.52167 -15.7447 54.0977
      vertex -5.09669 -16.8015 52.3979
    endloop
  endfacet
  facet normal -0.899659 -0.425468 0.0979262
    outer loop
      vertex -16.003 -8.08462 50.2431
      vertex -16.5412 -6.8516 50.6558
      vertex -16.7021 -6.91823 48.8881
    endloop
  endfacet
  facet normal -0.899654 -0.425474 0.0979518
    outer loop
      vertex -16.5412 -6.8516 50.6558
      vertex -16.003 -8.08462 50.2431
      vertex -15.9677 -8.06425 50.6558
    endloop
  endfacet
  facet normal -0.85365 -0.511562 0.0979089
    outer loop
      vertex -15.1097 -9.87829 49.0704
      vertex -14.8867 -9.94698 50.6558
      vertex -14.9746 -9.8003 50.6558
    endloop
  endfacet
  facet normal -0.853683 -0.511505 0.097916
    outer loop
      vertex -14.8867 -9.94698 50.6558
      vertex -15.1097 -9.87829 49.0704
      vertex -15.0315 -10.0437 48.8881
    endloop
  endfacet
  facet normal -0.72676 -0.658678 0.194841
    outer loop
      vertex -12.4151 -12.4151 52.3979
      vertex -13.5722 -11.1384 52.3979
      vertex -12.6601 -12.6601 50.6558
    endloop
  endfacet
  facet normal 0.0453756 -0.923056 0.381981
    outer loop
      vertex 0 -16.9437 54.335
      vertex 0 -17.0419 54.0977
      vertex 0.231905 -16.9323 54.335
    endloop
  endfacet
  facet normal -0.0432924 -0.88111 -0.470926
    outer loop
      vertex 0 -16.3622 40.2613
      vertex -1.60378 -16.2834 40.2613
      vertex 0 -15.5249 38.6947
    endloop
  endfacet
  facet normal 0.143906 -0.970211 -0.194888
    outer loop
      vertex 1.75491 -17.8179 45.3442
      vertex 1.72094 -17.473 43.6021
      vertex 3.42531 -17.2202 43.6021
    endloop
  endfacet
  facet normal 0.135586 -0.914031 -0.382313
    outer loop
      vertex 1.6704 -16.9599 41.9023
      vertex 1.60378 -16.2834 40.2613
      vertex 3.32472 -16.7145 41.9023
    endloop
  endfacet
  facet normal 0.129438 -0.872627 -0.470921
    outer loop
      vertex 3.19211 -16.0478 40.2613
      vertex 1.60378 -16.2834 40.2613
      vertex 3.02876 -15.2266 38.6947
    endloop
  endfacet
  facet normal 0.232563 -0.928354 -0.289953
    outer loop
      vertex 3.42531 -17.2202 43.6021
      vertex 3.32472 -16.7145 41.9023
      vertex 5.09669 -16.8015 43.6021
    endloop
  endfacet
  facet normal 0.504245 -0.841289 -0.19486
    outer loop
      vertex 8.43993 -15.79 45.3442
      vertex 8.27658 -15.4844 43.6021
      vertex 9.75446 -14.5986 43.6021
    endloop
  endfacet
  facet normal 0.642697 -0.709127 -0.289966
    outer loop
      vertex 11.1384 -13.5722 43.6021
      vertex 10.8113 -13.1736 41.9023
      vertex 12.4151 -12.4151 43.6021
    endloop
  endfacet
  facet normal 0.143912 -0.970211 -0.194882
    outer loop
      vertex 3.49292 -17.5601 45.3442
      vertex 1.75491 -17.8179 45.3442
      vertex 3.42531 -17.2202 43.6021
    endloop
  endfacet
  facet normal 0.58428 -0.78781 0.194868
    outer loop
      vertex 11.1384 -13.5722 52.3979
      vertex 9.75446 -14.5986 52.3979
      vertex 11.3582 -13.8401 50.6558
    endloop
  endfacet
  facet normal 0.668342 -0.737385 0.0978843
    outer loop
      vertex 12.6601 -12.6601 50.6558
      vertex 11.3582 -13.8401 50.6558
      vertex 11.4687 -13.9746 48.8881
    endloop
  endfacet
  facet normal 0.592854 -0.799335 -0.0979151
    outer loop
      vertex 10.0437 -15.0315 47.1119
      vertex 9.94698 -14.8867 45.3442
      vertex 11.4687 -13.9746 47.1119
    endloop
  endfacet
  facet normal 0.668088 0.495503 -0.555099
    outer loop
      vertex 12.088 8.07691 37.2178
      vertex 12.0009 9.84888 38.6947
      vertex 12.9085 8.62516 38.6947
    endloop
  endfacet
  facet normal 0.783148 0.28025 -0.555103
    outer loop
      vertex 13.9121 4.22017 37.2178
      vertex 13.4314 5.56347 37.2178
      vertex 14.3431 5.94112 38.6947
    endloop
  endfacet
  facet normal 0.764979 0.113466 -0.633981
    outer loop
      vertex 13.3466 1.31453 35.8448
      vertex 13.1535 2.6164 35.8448
      vertex 14.4681 1.42498 37.2178
    endloop
  endfacet
  facet normal 0.922922 -0.0453063 -0.382313
    outer loop
      vertex 16.9599 -1.6704 41.9023
      vertex 16.2834 -1.60378 40.2613
      vertex 17.0419 0 41.9023
    endloop
  endfacet
  facet normal 0.750199 0.187883 -0.633957
    outer loop
      vertex 14.2587 2.83623 37.2178
      vertex 13.1535 2.6164 35.8448
      vertex 13.9121 4.22017 37.2178
    endloop
  endfacet
  facet normal 0.870014 0.311326 -0.382298
    outer loop
      vertex 15.6577 4.7497 40.2613
      vertex 15.1167 6.26155 40.2613
      vertex 15.7447 6.52167 41.9023
    endloop
  endfacet
  facet normal 0.822801 0.122023 -0.555076
    outer loop
      vertex 15.4501 1.5217 38.6947
      vertex 14.4681 1.42498 37.2178
      vertex 15.2266 3.02876 38.6947
    endloop
  endfacet
  facet normal 0.872621 0.129411 -0.470941
    outer loop
      vertex 15.4501 1.5217 38.6947
      vertex 15.2266 3.02876 38.6947
      vertex 16.2834 1.60378 40.2613
    endloop
  endfacet
  facet normal 0.69989 0.103828 -0.706664
    outer loop
      vertex 12.8075 2.14986 35.4336
      vertex 13.3466 1.31453 35.8448
      vertex 12.9374 1.27422 35.4336
    endloop
  endfacet
  facet normal 0.699875 0.103809 -0.706682
    outer loop
      vertex 13.3466 1.31453 35.8448
      vertex 12.8075 2.14986 35.4336
      vertex 13.1535 2.6164 35.8448
    endloop
  endfacet
  facet normal 0.772416 0.0379589 -0.633982
    outer loop
      vertex 13.4112 0 35.8448
      vertex 13.3466 1.31453 35.8448
      vertex 14.4681 1.42498 37.2178
    endloop
  endfacet
  facet normal 0.525484 0.708566 -0.470958
    outer loop
      vertex 9.84888 12.0009 38.6947
      vertex 9.09035 13.6047 40.2613
      vertex 10.3801 12.6482 40.2613
    endloop
  endfacet
  facet normal 0.55856 0.616332 -0.555108
    outer loop
      vertex 10.28 10.28 37.2178
      vertex 9.84888 12.0009 38.6947
      vertex 10.9778 10.9778 38.6947
    endloop
  endfacet
  facet normal 0.663356 0.397563 -0.633958
    outer loop
      vertex 12.8214 6.85319 37.2178
      vertex 11.8276 6.322 35.8448
      vertex 12.088 8.07691 37.2178
    endloop
  endfacet
  facet normal 0.663335 0.397576 -0.633972
    outer loop
      vertex 11.8276 6.322 35.8448
      vertex 11.151 7.45087 35.8448
      vertex 12.088 8.07691 37.2178
    endloop
  endfacet
  facet normal 0.835333 0.395054 -0.382298
    outer loop
      vertex 15.1167 6.26155 40.2613
      vertex 15.0297 8.03352 41.9023
      vertex 15.7447 6.52167 41.9023
    endloop
  endfacet
  facet normal 0.768699 0.570106 -0.289967
    outer loop
      vertex 14.5986 9.75446 43.6021
      vertex 13.1736 10.8113 41.9023
      vertex 13.5722 11.1384 43.6021
    endloop
  endfacet
  facet normal 0.592415 0.653689 -0.470888
    outer loop
      vertex 10.9778 10.9778 38.6947
      vertex 9.84888 12.0009 38.6947
      vertex 11.5698 11.5698 40.2613
    endloop
  endfacet
  facet normal 0.653602 0.592456 -0.470957
    outer loop
      vertex 12.0009 9.84888 38.6947
      vertex 11.5698 11.5698 40.2613
      vertex 12.6482 10.3801 40.2613
    endloop
  endfacet
  facet normal 0.799359 0.592827 -0.0978793
    outer loop
      vertex 14.8867 9.94698 45.3442
      vertex 13.8401 11.3582 45.3442
      vertex 13.9746 11.4687 47.1119
    endloop
  endfacet
  facet normal 0.768692 0.570124 -0.289949
    outer loop
      vertex 14.1699 9.468 41.9023
      vertex 13.1736 10.8113 41.9023
      vertex 14.5986 9.75446 43.6021
    endloop
  endfacet
  facet normal 0.923498 0.330394 -0.194913
    outer loop
      vertex 16.8015 5.09669 43.6021
      vertex 16.2211 6.71899 43.6021
      vertex 17.1332 5.19728 45.3442
    endloop
  endfacet
  facet normal 0.830584 0.297216 -0.470949
    outer loop
      vertex 15.6577 4.7497 40.2613
      vertex 14.8564 4.50664 38.6947
      vertex 15.1167 6.26155 40.2613
    endloop
  endfacet
  facet normal 0.822763 0.122081 -0.55512
    outer loop
      vertex 14.4681 1.42498 37.2178
      vertex 14.2587 2.83623 37.2178
      vertex 15.2266 3.02876 38.6947
    endloop
  endfacet
  facet normal 0.922956 -0.0453448 0.382224
    outer loop
      vertex 16.9599 -1.6704 54.0977
      vertex 16.9323 -0.231905 54.335
      vertex 16.8621 -1.66077 54.335
    endloop
  endfacet
  facet normal 0.923037 -0.0453119 0.382034
    outer loop
      vertex 16.9323 -0.231905 54.335
      vertex 16.9599 -1.6704 54.0977
      vertex 17.0419 0 54.0977
    endloop
  endfacet
  facet normal 0.970211 -0.143912 0.194882
    outer loop
      vertex 17.8179 -1.75491 50.6558
      vertex 17.2202 -3.42531 52.3979
      vertex 17.5601 -3.49292 50.6558
    endloop
  endfacet
  facet normal 0.946687 -0.140417 0.289941
    outer loop
      vertex 17.473 -1.72094 52.3979
      vertex 16.9599 -1.6704 54.0977
      vertex 17.2202 -3.42531 52.3979
    endloop
  endfacet
  facet normal 0.946682 -0.14043 0.289953
    outer loop
      vertex 16.9599 -1.6704 54.0977
      vertex 16.7145 -3.32472 54.0977
      vertex 17.2202 -3.42531 52.3979
    endloop
  endfacet
  facet normal 0.658678 -0.72676 0.194841
    outer loop
      vertex 12.4151 -12.4151 52.3979
      vertex 11.1384 -13.5722 52.3979
      vertex 12.6601 -12.6601 50.6558
    endloop
  endfacet
  facet normal 0.937015 -0.335279 -0.0979269
    outer loop
      vertex 16.7021 -6.91823 47.1119
      vertex 16.5412 -6.8516 45.3442
      vertex 17.2998 -5.24782 47.1119
    endloop
  endfacet
  facet normal 0.937008 -0.335309 0.0978967
    outer loop
      vertex 17.1332 -5.19728 50.6558
      vertex 16.5412 -6.8516 50.6558
      vertex 17.2998 -5.24782 48.8881
    endloop
  endfacet
  facet normal 0.841403 -0.503929 0.195183
    outer loop
      vertex 14.6748 -9.62723 52.3979
      vertex 14.5986 -9.75446 52.3979
      vertex 14.7005 -9.64203 52.2489
    endloop
  endfacet
  facet normal 0.923486 -0.33047 0.19484
    outer loop
      vertex 17.1332 -5.19728 50.6558
      vertex 16.2211 -6.71899 52.3979
      vertex 16.5412 -6.8516 50.6558
    endloop
  endfacet
  facet normal 0.998794 -0.0490951 0
    outer loop
      vertex 17.9911 -1.77197 48.8881
      vertex 18.0782 0 47.1119
      vertex 18.0782 0 48.8881
    endloop
  endfacet
  facet normal 0.998794 -0.0490951 0
    outer loop
      vertex 18.0782 0 47.1119
      vertex 17.9911 -1.77197 48.8881
      vertex 17.9911 -1.77197 47.1119
    endloop
  endfacet
  facet normal 0.742193 -0.55047 -0.382273
    outer loop
      vertex 13.1736 -10.8113 41.9023
      vertex 12.6482 -10.3801 40.2613
      vertex 14.1699 -9.468 41.9023
    endloop
  endfacet
  facet normal 0.993996 -0.0488592 -0.0978983
    outer loop
      vertex 17.9911 -1.77197 47.1119
      vertex 17.9041 0 45.3442
      vertex 18.0782 0 47.1119
    endloop
  endfacet
  facet normal 0.620575 -0.684623 -0.382333
    outer loop
      vertex 12.0505 -12.0505 41.9023
      vertex 10.3801 -12.6482 40.2613
      vertex 11.5698 -11.5698 40.2613
    endloop
  endfacet
  facet normal 0.69916 -0.330615 -0.633931
    outer loop
      vertex 12.6441 -6.14539 36.6531
      vertex 12.0684 -5.81298 35.8448
      vertex 12.3903 -5.13225 35.8448
    endloop
  endfacet
  facet normal 0.475029 -0.792532 0.382415
    outer loop
      vertex 9.468 -14.1699 54.0977
      vertex 8.18634 -14.8236 54.335
      vertex 8.03352 -15.0297 54.0977
    endloop
  endfacet
  facet normal 0.475025 -0.792494 0.382499
    outer loop
      vertex 8.18634 -14.8236 54.335
      vertex 9.468 -14.1699 54.0977
      vertex 9.41339 -14.0881 54.335
    endloop
  endfacet
  facet normal 0.58427 -0.78782 0.194854
    outer loop
      vertex 11.3582 -13.8401 50.6558
      vertex 9.75446 -14.5986 52.3979
      vertex 9.94698 -14.8867 50.6558
    endloop
  endfacet
  facet normal 0.570124 -0.768692 0.289949
    outer loop
      vertex 10.8113 -13.1736 54.0977
      vertex 9.468 -14.1699 54.0977
      vertex 9.75446 -14.5986 52.3979
    endloop
  endfacet
  facet normal 0.504252 -0.841286 -0.194853
    outer loop
      vertex 9.94698 -14.8867 45.3442
      vertex 8.43993 -15.79 45.3442
      vertex 9.75446 -14.5986 43.6021
    endloop
  endfacet
  facet normal 0.62054 -0.684688 -0.382274
    outer loop
      vertex 10.8113 -13.1736 41.9023
      vertex 10.3801 -12.6482 40.2613
      vertex 12.0505 -12.0505 41.9023
    endloop
  endfacet
  facet normal 0.668342 -0.737385 -0.0978843
    outer loop
      vertex 11.4687 -13.9746 47.1119
      vertex 11.3582 -13.8401 45.3442
      vertex 12.6601 -12.6601 45.3442
    endloop
  endfacet
  facet normal 0.853781 -0.511373 0.0977544
    outer loop
      vertex 15.1097 -9.87829 49.0704
      vertex 15.0315 -10.0437 48.8881
      vertex 15.1252 -9.88726 48.8881
    endloop
  endfacet
  facet normal 0.78782 -0.58427 -0.194854
    outer loop
      vertex 14.8867 -9.94698 45.3442
      vertex 13.8401 -11.3582 45.3442
      vertex 14.5986 -9.75446 43.6021
    endloop
  endfacet
  facet normal 0.592415 -0.653689 -0.470888
    outer loop
      vertex 11.5698 -11.5698 40.2613
      vertex 9.84888 -12.0009 38.6947
      vertex 10.9778 -10.9778 38.6947
    endloop
  endfacet
  facet normal 0.616326 -0.558579 -0.555096
    outer loop
      vertex 12.0009 -9.84888 38.6947
      vertex 10.28 -10.28 37.2178
      vertex 11.2381 -9.22285 37.2178
    endloop
  endfacet
  facet normal 0.355635 -0.751921 -0.555103
    outer loop
      vertex 5.94112 -14.3431 38.6947
      vertex 5.56347 -13.4314 37.2178
      vertex 7.31838 -13.6917 38.6947
    endloop
  endfacet
  facet normal 0.55047 -0.742193 -0.382273
    outer loop
      vertex 10.8113 -13.1736 41.9023
      vertex 9.468 -14.1699 41.9023
      vertex 10.3801 -12.6482 40.2613
    endloop
  endfacet
  facet normal 0.621116 -0.460648 -0.634049
    outer loop
      vertex 11.2381 -9.22285 37.2178
      vertex 12.0194 -8.09409 37.1631
      vertex 12.0585 -8.11666 37.2178
    endloop
  endfacet
  facet normal 0.621175 -0.460684 -0.633965
    outer loop
      vertex 12.0194 -8.09409 37.1631
      vertex 11.2381 -9.22285 37.2178
      vertex 10.367 -8.50798 35.8448
    endloop
  endfacet
  facet normal 0.937015 0.335279 0.0979269
    outer loop
      vertex 16.7021 6.91823 48.8881
      vertex 16.5412 6.8516 50.6558
      vertex 17.2998 5.24782 48.8881
    endloop
  endfacet
  facet normal 0.89965 0.425489 0.0979261
    outer loop
      vertex 16.7021 6.91823 48.8881
      vertex 15.79 8.43993 50.6558
      vertex 16.5412 6.8516 50.6558
    endloop
  endfacet
  facet normal 0.97965 -0.0481588 0.19485
    outer loop
      vertex 17.5576 0 52.3979
      vertex 17.473 -1.72094 52.3979
      vertex 17.9041 0 50.6558
    endloop
  endfacet
  facet normal 0.994001 0.0488247 0.0978639
    outer loop
      vertex 17.9911 1.77197 48.8881
      vertex 17.8179 1.75491 50.6558
      vertex 17.9041 0 50.6558
    endloop
  endfacet
  facet normal 0.923056 -0.0453756 0.381981
    outer loop
      vertex 16.9437 0 54.335
      vertex 16.9323 -0.231905 54.335
      vertex 17.0419 0 54.0977
    endloop
  endfacet
  facet normal 0.768692 -0.570124 0.289949
    outer loop
      vertex 14.1699 -9.468 54.0977
      vertex 13.1736 -10.8113 54.0977
      vertex 14.5986 -9.75446 52.3979
    endloop
  endfacet
  facet normal 0.865139 -0.409207 0.289972
    outer loop
      vertex 15.7447 -6.52167 54.0977
      vertex 15.2194 -7.63225 54.0977
      vertex 15.5515 -7.82398 52.8363
    endloop
  endfacet
  facet normal 0.820968 -0.491862 0.289972
    outer loop
      vertex 14.1699 -9.468 54.0977
      vertex 14.6361 -9.60483 52.5457
      vertex 14.2288 -9.36969 54.0977
    endloop
  endfacet
  facet normal 0.820822 -0.492118 0.289951
    outer loop
      vertex 14.6361 -9.60483 52.5457
      vertex 14.1699 -9.468 54.0977
      vertex 14.5986 -9.75446 52.3979
    endloop
  endfacet
  facet normal 0.870072 -0.311223 0.382249
    outer loop
      vertex 15.7321 -6.26544 54.335
      vertex 15.6539 -6.48406 54.335
      vertex 15.7447 -6.52167 54.0977
    endloop
  endfacet
  facet normal -0.751951 -0.355591 -0.555089
    outer loop
      vertex -13.0464 -6.37761 37.2178
      vertex -13.5996 -6.69701 38.1718
      vertex -13.4314 -5.56347 37.2178
    endloop
  endfacet
  facet normal -0.460686 -0.621168 -0.633971
    outer loop
      vertex -8.07691 -12.088 37.2178
      vertex -8.50798 -10.367 35.8448
      vertex -7.45087 -11.151 35.8448
    endloop
  endfacet
  facet normal -0.713534 -0.427363 -0.555184
    outer loop
      vertex -12.9085 -8.62516 38.6947
      vertex -12.9164 -8.61197 38.6947
      vertex -12.713 -8.49455 38.3429
    endloop
  endfacet
  facet normal -0.616326 -0.558579 -0.555096
    outer loop
      vertex -10.28 -10.28 37.2178
      vertex -12.0009 -9.84888 38.6947
      vertex -11.2381 -9.22285 37.2178
    endloop
  endfacet
  facet normal -0.68632 0.171924 -0.706687
    outer loop
      vertex -12.5351 3.39486 35.4336
      vertex -12.8337 3.89307 35.8448
      vertex -12.4402 3.7737 35.4336
    endloop
  endfacet
  facet normal -0.519354 -0.573027 -0.633965
    outer loop
      vertex -9.22285 -11.2381 37.2178
      vertex -9.48316 -9.48316 35.8448
      vertex -8.50798 -10.367 35.8448
    endloop
  endfacet
  facet normal -0.397576 -0.663335 -0.633972
    outer loop
      vertex -6.322 -11.8276 35.8448
      vertex -8.07691 -12.088 37.2178
      vertex -7.45087 -11.151 35.8448
    endloop
  endfacet
  facet normal -0.62054 -0.684688 -0.382274
    outer loop
      vertex -10.8113 -13.1736 41.9023
      vertex -12.0505 -12.0505 41.9023
      vertex -10.3801 -12.6482 40.2613
    endloop
  endfacet
  facet normal -0.550431 -0.742205 -0.382306
    outer loop
      vertex -9.468 -14.1699 41.9023
      vertex -10.3801 -12.6482 40.2613
      vertex -9.09035 -13.6047 40.2613
    endloop
  endfacet
  facet normal -0.668834 -0.496037 -0.553722
    outer loop
      vertex -11.2381 -9.22285 37.2178
      vertex -12.0852 -8.13212 37.2639
      vertex -12.0585 -8.11666 37.2178
    endloop
  endfacet
  facet normal -0.66814 -0.49544 -0.555093
    outer loop
      vertex -12.0852 -8.13212 37.2639
      vertex -11.2381 -9.22285 37.2178
      vertex -12.0009 -9.84888 38.6947
    endloop
  endfacet
  facet normal -0.764993 -0.113509 -0.633957
    outer loop
      vertex -14.2587 -2.83623 37.2178
      vertex -14.4681 -1.42498 37.2178
      vertex -13.1535 -2.6164 35.8448
    endloop
  endfacet
  facet normal -0.653689 -0.592415 -0.470888
    outer loop
      vertex -11.5698 -11.5698 40.2613
      vertex -12.0009 -9.84888 38.6947
      vertex -10.9778 -10.9778 38.6947
    endloop
  endfacet
  facet normal -0.616332 -0.55856 -0.555108
    outer loop
      vertex -10.9778 -10.9778 38.6947
      vertex -12.0009 -9.84888 38.6947
      vertex -10.28 -10.28 37.2178
    endloop
  endfacet
  facet normal -0.768692 -0.570124 -0.289949
    outer loop
      vertex -13.1736 -10.8113 41.9023
      vertex -14.5986 -9.75446 43.6021
      vertex -14.1699 -9.468 41.9023
    endloop
  endfacet
  facet normal -0.75713 -0.45307 -0.470619
    outer loop
      vertex -13.6047 -9.09035 40.2613
      vertex -13.6407 -9.03019 40.2613
      vertex -13.6085 -9.0116 40.1916
    endloop
  endfacet
  facet normal -0.58427 0.78782 -0.194854
    outer loop
      vertex -9.75446 14.5986 43.6021
      vertex -11.3582 13.8401 45.3442
      vertex -9.94698 14.8867 45.3442
    endloop
  endfacet
  facet normal -0.492016 0.820886 -0.289944
    outer loop
      vertex -8.03352 15.0297 41.9023
      vertex -9.75446 14.5986 43.6021
      vertex -8.27658 15.4844 43.6021
    endloop
  endfacet
  facet normal 0.0469105 0.955891 0.289951
    outer loop
      vertex 1.6704 16.9599 54.0977
      vertex 1 17.2924 53.11
      vertex 1 16.9928 54.0977
    endloop
  endfacet
  facet normal 0.0469279 0.955893 0.28994
    outer loop
      vertex 1 17.2924 53.11
      vertex 1.6704 16.9599 54.0977
      vertex 1.72094 17.473 52.3979
    endloop
  endfacet
  facet normal -0.242941 0.970041 0
    outer loop
      vertex -3.52688 17.7308 47.1119
      vertex -5.24782 17.2998 48.8881
      vertex -3.52688 17.7308 48.8881
    endloop
  endfacet
  facet normal -0.242941 0.970041 0
    outer loop
      vertex -5.24782 17.2998 48.8881
      vertex -3.52688 17.7308 47.1119
      vertex -5.24782 17.2998 47.1119
    endloop
  endfacet
  facet normal -0.0433427 0.881126 -0.47089
    outer loop
      vertex -1 15.9979 39.6715
      vertex -1.60378 16.2834 40.2613
      vertex -1 16.3131 40.2613
    endloop
  endfacet
  facet normal -0.0406628 0.83081 -0.555068
    outer loop
      vertex -1 14.4889 37.2178
      vertex -1.42498 14.4681 37.2178
      vertex -1 14.7832 37.6583
    endloop
  endfacet
  facet normal -0.202113 0.806859 -0.555093
    outer loop
      vertex -4.22017 13.9121 37.2178
      vertex -4.50664 14.8564 38.6947
      vertex -3.02876 15.2266 38.6947
    endloop
  endfacet
  facet normal -0.0453989 0.922928 -0.382287
    outer loop
      vertex -1 16.3131 40.2613
      vertex -1.60378 16.2834 40.2613
      vertex -1 16.569 40.8791
    endloop
  endfacet
  facet normal 0.322382 0.901102 -0.289974
    outer loop
      vertex 6.52167 15.7447 41.9023
      vertex 5.09669 16.8015 43.6021
      vertex 6.71899 16.2211 43.6021
    endloop
  endfacet
  facet normal 0.224545 0.896356 -0.382265
    outer loop
      vertex 4.7497 15.6577 40.2613
      vertex 3.32472 16.7145 41.9023
      vertex 4.94702 16.3081 41.9023
    endloop
  endfacet
  facet normal 0.122081 0.822763 -0.55512
    outer loop
      vertex 2.83623 14.2587 37.2178
      vertex 1.42498 14.4681 37.2178
      vertex 3.02876 15.2266 38.6947
    endloop
  endfacet
  facet normal 0.202071 0.806851 -0.55512
    outer loop
      vertex 4.22017 13.9121 37.2178
      vertex 2.83623 14.2587 37.2178
      vertex 3.02876 15.2266 38.6947
    endloop
  endfacet
  facet normal -0.0434045 0.881094 -0.470945
    outer loop
      vertex -1.5217 15.4501 38.6947
      vertex -1 15.9979 39.6715
      vertex -1 15.4758 38.6947
    endloop
  endfacet
  facet normal -0.0434092 0.881095 -0.470943
    outer loop
      vertex -1 15.9979 39.6715
      vertex -1.5217 15.4501 38.6947
      vertex -1.60378 16.2834 40.2613
    endloop
  endfacet
  facet normal -0.280238 0.783159 -0.555093
    outer loop
      vertex -4.22017 13.9121 37.2178
      vertex -5.94112 14.3431 38.6947
      vertex -4.50664 14.8564 38.6947
    endloop
  endfacet
  facet normal -0.475116 0.524239 -0.70671
    outer loop
      vertex -8.90301 9.45466 35.4336
      vertex -8.50798 10.367 35.8448
      vertex -8.24711 10.0491 35.4336
    endloop
  endfacet
  facet normal -0.475138 0.524241 -0.706693
    outer loop
      vertex -8.50798 10.367 35.8448
      vertex -8.90301 9.45466 35.4336
      vertex -9.48316 9.48316 35.8448
    endloop
  endfacet
  facet normal -0.397563 0.663356 -0.633958
    outer loop
      vertex -6.322 11.8276 35.8448
      vertex -8.07691 12.088 37.2178
      vertex -6.85319 12.8214 37.2178
    endloop
  endfacet
  facet normal -0.525484 0.708566 -0.470958
    outer loop
      vertex -9.84888 12.0009 38.6947
      vertex -10.3801 12.6482 40.2613
      vertex -9.09035 13.6047 40.2613
    endloop
  endfacet
  facet normal -0.616326 0.558579 -0.555096
    outer loop
      vertex -11.2381 9.22285 37.2178
      vertex -12.0009 9.84888 38.6947
      vertex -10.28 10.28 37.2178
    endloop
  endfacet
  facet normal -0.4955 0.668094 -0.555095
    outer loop
      vertex -9.22285 11.2381 37.2178
      vertex -9.84888 12.0009 38.6947
      vertex -8.07691 12.088 37.2178
    endloop
  endfacet
  facet normal -0.699111 0.330659 -0.633963
    outer loop
      vertex -12.3903 5.13225 35.8448
      vertex -13.4314 5.56347 37.2178
      vertex -12.8214 6.85319 37.2178
    endloop
  endfacet
  facet normal 0.10381 0.699874 -0.706682
    outer loop
      vertex 2.53617 12.7502 35.4336
      vertex 2.14986 12.8075 35.4336
      vertex 2.6164 13.1535 35.8448
    endloop
  endfacet
  facet normal -0.113466 0.764979 -0.633981
    outer loop
      vertex -1.31453 13.3466 35.8448
      vertex -2.6164 13.1535 35.8448
      vertex -1.42498 14.4681 37.2178
    endloop
  endfacet
  facet normal -0.0380648 0.77242 -0.63397
    outer loop
      vertex -1.31453 13.3466 35.8448
      vertex -1 14.1529 36.8083
      vertex -1 13.3621 35.8448
    endloop
  endfacet
  facet normal -0.0380054 0.772413 -0.633983
    outer loop
      vertex -1 14.1529 36.8083
      vertex -1.31453 13.3466 35.8448
      vertex -1.42498 14.4681 37.2178
    endloop
  endfacet
  facet normal 0.13558 0.914035 -0.382307
    outer loop
      vertex 3.19211 16.0478 40.2613
      vertex 1.60378 16.2834 40.2613
      vertex 3.32472 16.7145 41.9023
    endloop
  endfacet
  facet normal 0.0452934 0.922939 -0.382273
    outer loop
      vertex 1.6704 16.9599 41.9023
      vertex 1 16.569 40.8791
      vertex 1 16.9928 41.9023
    endloop
  endfacet
  facet normal 0.0453677 0.922918 -0.382314
    outer loop
      vertex 1 16.569 40.8791
      vertex 1.6704 16.9599 41.9023
      vertex 1.60378 16.2834 40.2613
    endloop
  endfacet
  facet normal -0.129438 0.872627 -0.470921
    outer loop
      vertex -3.02876 15.2266 38.6947
      vertex -3.19211 16.0478 40.2613
      vertex -1.60378 16.2834 40.2613
    endloop
  endfacet
  facet normal -0.322408 0.9011 -0.28995
    outer loop
      vertex -4.94702 16.3081 41.9023
      vertex -6.52167 15.7447 41.9023
      vertex -5.09669 16.8015 43.6021
    endloop
  endfacet
  facet normal 0.0481029 0.979641 -0.194908
    outer loop
      vertex 1.72094 17.473 43.6021
      vertex 1 17.5084 43.6021
      vertex 1 17.6536 44.3319
    endloop
  endfacet
  facet normal 0.0469367 0.955891 -0.289949
    outer loop
      vertex 1.72094 17.473 43.6021
      vertex 1 17.2924 42.89
      vertex 1 17.5084 43.6021
    endloop
  endfacet
  facet normal -0.0481029 0.979641 0.194908
    outer loop
      vertex -1 17.6536 51.6681
      vertex -1.72094 17.473 52.3979
      vertex -1 17.5084 52.3979
    endloop
  endfacet
  facet normal 0.146017 0.98443 0.097864
    outer loop
      vertex 1.77197 17.9911 48.8881
      vertex 1.75491 17.8179 50.6558
      vertex 3.52688 17.7308 48.8881
    endloop
  endfacet
  facet normal -0.146721 0.989178 0
    outer loop
      vertex -1.77197 17.9911 47.1119
      vertex -3.52688 17.7308 48.8881
      vertex -1.77197 17.9911 48.8881
    endloop
  endfacet
  facet normal -0.146721 0.989178 0
    outer loop
      vertex -3.52688 17.7308 48.8881
      vertex -1.77197 17.9911 47.1119
      vertex -3.52688 17.7308 47.1119
    endloop
  endfacet
  facet normal 0.0481241 0.979644 0.194888
    outer loop
      vertex 1.75491 17.8179 50.6558
      vertex 1 17.6536 51.6681
      vertex 1.72094 17.473 52.3979
    endloop
  endfacet
  facet normal 0.0481444 0.97964 0.194902
    outer loop
      vertex 1 17.6536 51.6681
      vertex 1.75491 17.8179 50.6558
      vertex 1 17.855 50.6558
    endloop
  endfacet
  facet normal 0.143912 0.970211 0.194882
    outer loop
      vertex 3.49292 17.5601 50.6558
      vertex 1.75491 17.8179 50.6558
      vertex 3.42531 17.2202 52.3979
    endloop
  endfacet
  facet normal -0.224545 0.896356 -0.382265
    outer loop
      vertex -4.7497 15.6577 40.2613
      vertex -4.94702 16.3081 41.9023
      vertex -3.32472 16.7145 41.9023
    endloop
  endfacet
  facet normal -0.232561 0.928356 -0.289951
    outer loop
      vertex -4.94702 16.3081 41.9023
      vertex -5.09669 16.8015 43.6021
      vertex -3.32472 16.7145 41.9023
    endloop
  endfacet
  facet normal -0.592854 0.799335 0.0979151
    outer loop
      vertex -10.0437 15.0315 48.8881
      vertex -11.4687 13.9746 48.8881
      vertex -9.94698 14.8867 50.6558
    endloop
  endfacet
  facet normal -0.72674 0.658693 0.194865
    outer loop
      vertex -12.6601 12.6601 50.6558
      vertex -13.8401 11.3582 50.6558
      vertex -13.5722 11.1384 52.3979
    endloop
  endfacet
  facet normal -0.58427 0.78782 0.194854
    outer loop
      vertex -9.94698 14.8867 50.6558
      vertex -11.3582 13.8401 50.6558
      vertex -9.75446 14.5986 52.3979
    endloop
  endfacet
  facet normal -0.595717 0.803195 0
    outer loop
      vertex -10.0437 15.0315 47.1119
      vertex -11.4687 13.9746 48.8881
      vertex -10.0437 15.0315 48.8881
    endloop
  endfacet
  facet normal -0.595717 0.803195 0
    outer loop
      vertex -11.4687 13.9746 48.8881
      vertex -10.0437 15.0315 47.1119
      vertex -11.4687 13.9746 47.1119
    endloop
  endfacet
  facet normal 0.241774 0.965381 0.0978966
    outer loop
      vertex 5.24782 17.2998 48.8881
      vertex 3.52688 17.7308 48.8881
      vertex 5.19728 17.1332 50.6558
    endloop
  endfacet
  facet normal 0.335309 0.937008 0.0978967
    outer loop
      vertex 5.24782 17.2998 48.8881
      vertex 5.19728 17.1332 50.6558
      vertex 6.8516 16.5412 50.6558
    endloop
  endfacet
  facet normal 0.0481444 0.97964 -0.194902
    outer loop
      vertex 1.75491 17.8179 45.3442
      vertex 1 17.6536 44.3319
      vertex 1 17.855 45.3442
    endloop
  endfacet
  facet normal 0.0481241 0.979644 -0.194888
    outer loop
      vertex 1 17.6536 44.3319
      vertex 1.75491 17.8179 45.3442
      vertex 1.72094 17.473 43.6021
    endloop
  endfacet
  facet normal 0.143912 0.970211 -0.194882
    outer loop
      vertex 3.42531 17.2202 43.6021
      vertex 1.75491 17.8179 45.3442
      vertex 3.49292 17.5601 45.3442
    endloop
  endfacet
  facet normal 0.514073 0.857746 -0
    outer loop
      vertex 10.0437 15.0315 47.1119
      vertex 8.522 15.9435 48.8881
      vertex 10.0437 15.0315 48.8881
    endloop
  endfacet
  facet normal 0.514073 0.857746 0
    outer loop
      vertex 8.522 15.9435 48.8881
      vertex 10.0437 15.0315 47.1119
      vertex 8.522 15.9435 47.1119
    endloop
  endfacet
  facet normal 0.511605 0.853628 -0.0978782
    outer loop
      vertex 10.0437 15.0315 47.1119
      vertex 8.43993 15.79 45.3442
      vertex 8.522 15.9435 47.1119
    endloop
  endfacet
  facet normal 0.224541 0.896426 0.382101
    outer loop
      vertex 4.94702 16.3081 54.0977
      vertex 3.53077 16.5617 54.335
      vertex 4.91848 16.2141 54.335
    endloop
  endfacet
  facet normal 0.22455 0.896378 0.382208
    outer loop
      vertex 3.53077 16.5617 54.335
      vertex 4.94702 16.3081 54.0977
      vertex 3.32472 16.7145 54.0977
    endloop
  endfacet
  facet normal 0.492016 0.820886 0.289944
    outer loop
      vertex 8.27658 15.4844 52.3979
      vertex 8.03352 15.0297 54.0977
      vertex 9.75446 14.5986 52.3979
    endloop
  endfacet
  facet normal 0.330394 0.923498 0.194913
    outer loop
      vertex 5.19728 17.1332 50.6558
      vertex 5.09669 16.8015 52.3979
      vertex 6.71899 16.2211 52.3979
    endloop
  endfacet
  facet normal 0.232563 0.928354 0.289953
    outer loop
      vertex 3.42531 17.2202 52.3979
      vertex 3.32472 16.7145 54.0977
      vertex 5.09669 16.8015 52.3979
    endloop
  endfacet
  facet normal 0.409192 0.865146 0.289974
    outer loop
      vertex 6.71899 16.2211 52.3979
      vertex 6.52167 15.7447 54.0977
      vertex 8.27658 15.4844 52.3979
    endloop
  endfacet
  facet normal 0.224461 0.89637 0.382281
    outer loop
      vertex 3.32472 16.7145 54.0977
      vertex 3.30554 16.6181 54.335
      vertex 3.53077 16.5617 54.335
    endloop
  endfacet
  facet normal 0.865169 0.409165 0.289942
    outer loop
      vertex 15.4844 8.27658 52.3979
      vertex 15.0297 8.03352 54.0977
      vertex 15.7447 6.52167 54.0977
    endloop
  endfacet
  facet normal 0.768699 0.570106 0.289967
    outer loop
      vertex 13.5722 11.1384 52.3979
      vertex 13.1736 10.8113 54.0977
      vertex 14.5986 9.75446 52.3979
    endloop
  endfacet
  facet normal 0.550376 0.742152 0.382487
    outer loop
      vertex 9.468 14.1699 54.0977
      vertex 9.41339 14.0881 54.335
      vertex 9.59988 13.9498 54.335
    endloop
  endfacet
  facet normal 0.820886 0.492016 0.289944
    outer loop
      vertex 15.4844 8.27658 52.3979
      vertex 14.5986 9.75446 52.3979
      vertex 15.0297 8.03352 54.0977
    endloop
  endfacet
  facet normal 0.841289 0.504245 0.19486
    outer loop
      vertex 15.79 8.43993 50.6558
      vertex 14.5986 9.75446 52.3979
      vertex 15.4844 8.27658 52.3979
    endloop
  endfacet
  facet normal 0.421527 0.568219 -0.706713
    outer loop
      vertex 8.24711 10.0491 35.4336
      vertex 7.93343 10.2818 35.4336
      vertex 8.50798 10.367 35.8448
    endloop
  endfacet
  facet normal 0.519354 0.573027 -0.633965
    outer loop
      vertex 9.48316 9.48316 35.8448
      vertex 8.50798 10.367 35.8448
      vertex 9.22285 11.2381 37.2178
    endloop
  endfacet
  facet normal 0.4955 0.668094 -0.555095
    outer loop
      vertex 9.22285 11.2381 37.2178
      vertex 8.07691 12.088 37.2178
      vertex 9.84888 12.0009 38.6947
    endloop
  endfacet
  facet normal 0.558579 0.616326 -0.555096
    outer loop
      vertex 10.28 10.28 37.2178
      vertex 9.22285 11.2381 37.2178
      vertex 9.84888 12.0009 38.6947
    endloop
  endfacet
  facet normal 0.355635 0.751921 -0.555103
    outer loop
      vertex 7.31838 13.6917 38.6947
      vertex 5.56347 13.4314 37.2178
      vertex 5.94112 14.3431 38.6947
    endloop
  endfacet
  facet normal 0.355636 0.751919 -0.555104
    outer loop
      vertex 6.85319 12.8214 37.2178
      vertex 5.56347 13.4314 37.2178
      vertex 7.31838 13.6917 38.6947
    endloop
  endfacet
  facet normal 0.260542 0.728142 -0.633978
    outer loop
      vertex 5.13225 12.3903 35.8448
      vertex 3.89307 12.8337 35.8448
      vertex 4.22017 13.9121 37.2178
    endloop
  endfacet
  facet normal 0.238415 0.666148 -0.706686
    outer loop
      vertex 4.14141 12.3087 35.4336
      vertex 5.13225 12.3903 35.8448
      vertex 4.97488 12.0104 35.4336
    endloop
  endfacet
  facet normal 0.238385 0.666221 -0.706628
    outer loop
      vertex 5.13225 12.3903 35.8448
      vertex 4.14141 12.3087 35.4336
      vertex 3.89307 12.8337 35.8448
    endloop
  endfacet
  facet normal 0.330394 0.923498 -0.194913
    outer loop
      vertex 6.71899 16.2211 43.6021
      vertex 5.09669 16.8015 43.6021
      vertex 5.19728 17.1332 45.3442
    endloop
  endfacet
  facet normal 0.41935 0.886669 -0.194841
    outer loop
      vertex 8.43993 15.79 45.3442
      vertex 6.71899 16.2211 43.6021
      vertex 6.8516 16.5412 45.3442
    endloop
  endfacet
  facet normal 0.395063 0.835324 -0.382308
    outer loop
      vertex 7.71309 14.4302 40.2613
      vertex 6.26155 15.1167 40.2613
      vertex 8.03352 15.0297 41.9023
    endloop
  endfacet
  facet normal 0.453503 0.756676 -0.470932
    outer loop
      vertex 8.62516 12.9085 38.6947
      vertex 7.31838 13.6917 38.6947
      vertex 9.09035 13.6047 40.2613
    endloop
  endfacet
  facet normal 0.671561 0.740949 -0
    outer loop
      vertex 12.7832 12.7832 47.1119
      vertex 11.4687 13.9746 48.8881
      vertex 12.7832 12.7832 48.8881
    endloop
  endfacet
  facet normal 0.671561 0.740949 0
    outer loop
      vertex 11.4687 13.9746 48.8881
      vertex 12.7832 12.7832 47.1119
      vertex 11.4687 13.9746 47.1119
    endloop
  endfacet
  facet normal 0.668342 0.737385 0.0978843
    outer loop
      vertex 11.4687 13.9746 48.8881
      vertex 11.3582 13.8401 50.6558
      vertex 12.6601 12.6601 50.6558
    endloop
  endfacet
  facet normal 0.592854 0.799335 0.0979151
    outer loop
      vertex 10.0437 15.0315 48.8881
      vertex 9.94698 14.8867 50.6558
      vertex 11.4687 13.9746 48.8881
    endloop
  endfacet
  facet normal 0.970041 0.242941 0
    outer loop
      vertex 17.7308 3.52688 48.8881
      vertex 17.2998 5.24782 47.1119
      vertex 17.2998 5.24782 48.8881
    endloop
  endfacet
  facet normal 0.970041 0.242941 0
    outer loop
      vertex 17.2998 5.24782 47.1119
      vertex 17.7308 3.52688 48.8881
      vertex 17.7308 3.52688 47.1119
    endloop
  endfacet
  facet normal 0.89965 0.425489 -0.0979261
    outer loop
      vertex 16.5412 6.8516 45.3442
      vertex 15.79 8.43993 45.3442
      vertex 16.7021 6.91823 47.1119
    endloop
  endfacet
  facet normal 0.639619 0.302553 -0.706646
    outer loop
      vertex 11.465 6.12816 35.4336
      vertex 11.8276 6.322 35.8448
      vertex 11.632 5.77511 35.4336
    endloop
  endfacet
  facet normal 0.475138 0.524241 -0.706693
    outer loop
      vertex 8.90301 9.45466 35.4336
      vertex 8.50798 10.367 35.8448
      vertex 9.48316 9.48316 35.8448
    endloop
  endfacet
  facet normal 0.475116 0.524239 -0.70671
    outer loop
      vertex 8.50798 10.367 35.8448
      vertex 8.90301 9.45466 35.4336
      vertex 8.24711 10.0491 35.4336
    endloop
  endfacet
  facet normal 0.475135 0.524248 -0.70669
    outer loop
      vertex 9.19239 9.19239 35.4336
      vertex 8.90301 9.45466 35.4336
      vertex 9.48316 9.48316 35.8448
    endloop
  endfacet
  facet normal -0.232561 0.928356 0.289951
    outer loop
      vertex -3.32472 16.7145 54.0977
      vertex -5.09669 16.8015 52.3979
      vertex -4.94702 16.3081 54.0977
    endloop
  endfacet
  facet normal 0.135595 0.914087 0.382176
    outer loop
      vertex 1.6704 16.9599 54.0977
      vertex 3.07587 16.6522 54.335
      vertex 3.32472 16.7145 54.0977
    endloop
  endfacet
  facet normal 0.135583 0.914069 0.382223
    outer loop
      vertex 3.07587 16.6522 54.335
      vertex 1.6704 16.9599 54.0977
      vertex 1.66077 16.8621 54.335
    endloop
  endfacet
  facet normal -0.135583 0.914069 0.382223
    outer loop
      vertex -1.6704 16.9599 54.0977
      vertex -3.07587 16.6522 54.335
      vertex -1.66077 16.8621 54.335
    endloop
  endfacet
  facet normal -0.135595 0.914087 0.382176
    outer loop
      vertex -3.07587 16.6522 54.335
      vertex -1.6704 16.9599 54.0977
      vertex -3.32472 16.7145 54.0977
    endloop
  endfacet
  facet normal -0.511636 0.853605 0.0979167
    outer loop
      vertex -8.43993 15.79 50.6558
      vertex -10.0437 15.0315 48.8881
      vertex -9.94698 14.8867 50.6558
    endloop
  endfacet
  facet normal -0.841286 0.504252 0.194853
    outer loop
      vertex -14.8867 9.94698 50.6558
      vertex -15.79 8.43993 50.6558
      vertex -14.5986 9.75446 52.3979
    endloop
  endfacet
  facet normal -0.835417 0.394842 0.382333
    outer loop
      vertex -15.0297 8.03352 54.0977
      vertex -15.0422 7.77729 54.335
      vertex -14.943 7.98718 54.335
    endloop
  endfacet
  facet normal -0.336899 0.941541 0
    outer loop
      vertex -5.24782 17.2998 47.1119
      vertex -6.91823 16.7021 48.8881
      vertex -5.24782 17.2998 48.8881
    endloop
  endfacet
  facet normal -0.336899 0.941541 0
    outer loop
      vertex -6.91823 16.7021 48.8881
      vertex -5.24782 17.2998 47.1119
      vertex -6.91823 16.7021 47.1119
    endloop
  endfacet
  facet normal -0.684631 0.620488 0.38246
    outer loop
      vertex -13.1736 10.8113 54.0977
      vertex -12.1369 11.8089 54.335
      vertex -12.0505 12.0505 54.0977
    endloop
  endfacet
  facet normal -0.684635 0.620499 0.382433
    outer loop
      vertex -12.1369 11.8089 54.335
      vertex -13.1736 10.8113 54.0977
      vertex -13.0976 10.7489 54.335
    endloop
  endfacet
  facet normal -0.658678 0.72676 0.194841
    outer loop
      vertex -11.1384 13.5722 52.3979
      vertex -12.6601 12.6601 50.6558
      vertex -12.4151 12.4151 52.3979
    endloop
  endfacet
  facet normal -0.570106 0.768699 0.289967
    outer loop
      vertex -9.75446 14.5986 52.3979
      vertex -11.1384 13.5722 52.3979
      vertex -10.8113 13.1736 54.0977
    endloop
  endfacet
  facet normal -0.742144 0.55043 0.382426
    outer loop
      vertex -13.1736 10.8113 54.0977
      vertex -13.9498 9.59988 54.335
      vertex -13.0976 10.7489 54.335
    endloop
  endfacet
  facet normal -0.742136 0.550428 0.382443
    outer loop
      vertex -13.9498 9.59988 54.335
      vertex -13.1736 10.8113 54.0977
      vertex -14.1699 9.468 54.0977
    endloop
  endfacet
  facet normal -0.642697 0.709127 0.289966
    outer loop
      vertex -11.1384 13.5722 52.3979
      vertex -12.4151 12.4151 52.3979
      vertex -10.8113 13.1736 54.0977
    endloop
  endfacet
  facet normal -0.857746 0.514073 0
    outer loop
      vertex -15.9435 8.522 47.1119
      vertex -15.0315 10.0437 48.8881
      vertex -15.0315 10.0437 47.1119
    endloop
  endfacet
  facet normal -0.857746 0.514073 0
    outer loop
      vertex -15.0315 10.0437 48.8881
      vertex -15.9435 8.522 47.1119
      vertex -15.9435 8.522 48.8881
    endloop
  endfacet
  facet normal -0.742193 0.55047 -0.382273
    outer loop
      vertex -12.6482 10.3801 40.2613
      vertex -14.1699 9.468 41.9023
      vertex -13.1736 10.8113 41.9023
    endloop
  endfacet
  facet normal -0.768699 0.570106 -0.289967
    outer loop
      vertex -13.1736 10.8113 41.9023
      vertex -14.5986 9.75446 43.6021
      vertex -13.5722 11.1384 43.6021
    endloop
  endfacet
  facet normal -0.928356 -0.232561 0.289951
    outer loop
      vertex -16.7145 -3.32472 54.0977
      vertex -16.8015 -5.09669 52.3979
      vertex -16.3081 -4.94702 54.0977
    endloop
  endfacet
  facet normal -0.914027 -0.135709 0.38228
    outer loop
      vertex -16.6522 -3.07587 54.335
      vertex -16.7145 -3.32472 54.0977
      vertex -16.6181 -3.30554 54.335
    endloop
  endfacet
  facet normal -0.9011 -0.322408 0.28995
    outer loop
      vertex -16.3081 -4.94702 54.0977
      vertex -16.8015 -5.09669 52.3979
      vertex -15.7447 -6.52167 54.0977
    endloop
  endfacet
  facet normal -0.901102 -0.322382 0.289974
    outer loop
      vertex -15.7447 -6.52167 54.0977
      vertex -16.8015 -5.09669 52.3979
      vertex -16.2211 -6.71899 52.3979
    endloop
  endfacet
  facet normal -0.87002 0.311288 0.382316
    outer loop
      vertex -16.3081 4.94702 54.0977
      vertex -15.7321 6.26544 54.335
      vertex -15.7447 6.52167 54.0977
    endloop
  endfacet
  facet normal -0.870087 0.311354 0.382108
    outer loop
      vertex -15.7321 6.26544 54.335
      vertex -16.3081 4.94702 54.0977
      vertex -16.2141 4.91848 54.335
    endloop
  endfacet
  facet normal -0.9011 0.322408 0.28995
    outer loop
      vertex -15.7447 6.52167 54.0977
      vertex -16.8015 5.09669 52.3979
      vertex -16.3081 4.94702 54.0977
    endloop
  endfacet
  facet normal -0.820881 0.49202 0.289949
    outer loop
      vertex -14.5986 9.75446 52.3979
      vertex -15.0297 8.03352 54.0977
      vertex -14.1699 9.468 54.0977
    endloop
  endfacet
  facet normal -0.865169 0.409165 0.289942
    outer loop
      vertex -15.4844 8.27658 52.3979
      vertex -15.7447 6.52167 54.0977
      vertex -15.0297 8.03352 54.0977
    endloop
  endfacet
  facet normal -0.951435 0.238311 0.194883
    outer loop
      vertex -17.1332 5.19728 50.6558
      vertex -17.5601 3.49292 50.6558
      vertex -17.2202 3.42531 52.3979
    endloop
  endfacet
  facet normal -0.951421 0.238342 0.194915
    outer loop
      vertex -17.1332 5.19728 50.6558
      vertex -17.2202 3.42531 52.3979
      vertex -16.8015 5.09669 52.3979
    endloop
  endfacet
  facet normal 0.699874 -0.10381 -0.706682
    outer loop
      vertex 13.1535 -2.6164 35.8448
      vertex 12.7502 -2.53617 35.4336
      vertex 12.8075 -2.14986 35.4336
    endloop
  endfacet
  facet normal -0.113509 -0.764993 -0.633957
    outer loop
      vertex -1.42498 -14.4681 37.2178
      vertex -2.83623 -14.2587 37.2178
      vertex -2.6164 -13.1535 35.8448
    endloop
  endfacet
  facet normal 0.171921 -0.686323 -0.706685
    outer loop
      vertex 2.6164 -13.1535 35.8448
      vertex 3.39486 -12.5351 35.4336
      vertex 3.89307 -12.8337 35.8448
    endloop
  endfacet
  facet normal 0.171923 -0.686325 -0.706683
    outer loop
      vertex 2.6164 -13.1535 35.8448
      vertex 2.53617 -12.7502 35.4336
      vertex 3.39486 -12.5351 35.4336
    endloop
  endfacet
  facet normal 0.0408383 -0.830796 -0.555076
    outer loop
      vertex 1.5217 -15.4501 38.6947
      vertex 0 -15.5249 38.6947
      vertex 1.42498 -14.4681 37.2178
    endloop
  endfacet
  facet normal -0.224492 -0.896351 -0.382308
    outer loop
      vertex -3.32472 -16.7145 41.9023
      vertex -4.7497 -15.6577 40.2613
      vertex -3.19211 -16.0478 40.2613
    endloop
  endfacet
  facet normal -0.0481588 -0.97965 -0.19485
    outer loop
      vertex 0 -17.9041 45.3442
      vertex -1.72094 -17.473 43.6021
      vertex 0 -17.5576 43.6021
    endloop
  endfacet
  facet normal -0.214357 -0.855736 -0.470921
    outer loop
      vertex -3.19211 -16.0478 40.2613
      vertex -4.50664 -14.8564 38.6947
      vertex -3.02876 -15.2266 38.6947
    endloop
  endfacet
  facet normal -0.397563 -0.663356 -0.633958
    outer loop
      vertex -6.85319 -12.8214 37.2178
      vertex -8.07691 -12.088 37.2178
      vertex -6.322 -11.8276 35.8448
    endloop
  endfacet
  facet normal 0.0488592 -0.993996 0.0978983
    outer loop
      vertex 0 -17.9041 50.6558
      vertex 0 -18.0782 48.8881
      vertex 1.77197 -17.9911 48.8881
    endloop
  endfacet
  facet normal 0.232563 -0.928354 0.289953
    outer loop
      vertex 5.09669 -16.8015 52.3979
      vertex 3.32472 -16.7145 54.0977
      vertex 3.42531 -17.2202 52.3979
    endloop
  endfacet
  facet normal -0.792529 -0.475119 -0.382307
    outer loop
      vertex -14.1699 -9.468 41.9023
      vertex -13.6661 -9.04482 40.332
      vertex -13.6047 -9.09035 40.2613
    endloop
  endfacet
  facet normal -0.792664 -0.474905 -0.382293
    outer loop
      vertex -13.6661 -9.04482 40.332
      vertex -14.1699 -9.468 41.9023
      vertex -14.2288 -9.36969 41.9023
    endloop
  endfacet
  facet normal -0.820968 -0.491862 -0.289972
    outer loop
      vertex -14.1699 -9.468 41.9023
      vertex -14.6361 -9.60483 43.4543
      vertex -14.2288 -9.36969 41.9023
    endloop
  endfacet
  facet normal -0.820822 -0.492118 -0.289951
    outer loop
      vertex -14.6361 -9.60483 43.4543
      vertex -14.1699 -9.468 41.9023
      vertex -14.5986 -9.75446 43.6021
    endloop
  endfacet
  facet normal -0.322382 -0.901102 0.289974
    outer loop
      vertex -6.52167 -15.7447 54.0977
      vertex -6.71899 -16.2211 52.3979
      vertex -5.09669 -16.8015 52.3979
    endloop
  endfacet
  facet normal -0.330394 -0.923498 0.194913
    outer loop
      vertex -5.09669 -16.8015 52.3979
      vertex -6.71899 -16.2211 52.3979
      vertex -5.19728 -17.1332 50.6558
    endloop
  endfacet
  facet normal -0.0469249 -0.955894 0.28994
    outer loop
      vertex -1.6704 -16.9599 54.0977
      vertex -1.72094 -17.473 52.3979
      vertex 0 -17.0419 54.0977
    endloop
  endfacet
  facet normal -0.0469899 -0.955872 0.290001
    outer loop
      vertex 0 -17.0419 54.0977
      vertex -1.72094 -17.473 52.3979
      vertex 0 -17.5576 52.3979
    endloop
  endfacet
  facet normal 0.238311 -0.951435 0.194883
    outer loop
      vertex 5.19728 -17.1332 50.6558
      vertex 3.42531 -17.2202 52.3979
      vertex 3.49292 -17.5601 50.6558
    endloop
  endfacet
  facet normal -0.0490951 -0.998794 0
    outer loop
      vertex -1.77197 -17.9911 47.1119
      vertex 0 -18.0782 48.8881
      vertex -1.77197 -17.9911 48.8881
    endloop
  endfacet
  facet normal -0.0490951 -0.998794 -0
    outer loop
      vertex 0 -18.0782 48.8881
      vertex -1.77197 -17.9911 47.1119
      vertex 0 -18.0782 47.1119
    endloop
  endfacet
  facet normal -0.143912 -0.970211 0.194882
    outer loop
      vertex -3.42531 -17.2202 52.3979
      vertex -3.49292 -17.5601 50.6558
      vertex -1.75491 -17.8179 50.6558
    endloop
  endfacet
  facet normal -0.146021 -0.984429 0.0978678
    outer loop
      vertex -3.49292 -17.5601 50.6558
      vertex -3.52688 -17.7308 48.8881
      vertex -1.75491 -17.8179 50.6558
    endloop
  endfacet
  facet normal -0.336899 -0.941541 0
    outer loop
      vertex -6.91823 -16.7021 47.1119
      vertex -5.24782 -17.2998 48.8881
      vertex -6.91823 -16.7021 48.8881
    endloop
  endfacet
  facet normal -0.336899 -0.941541 -0
    outer loop
      vertex -5.24782 -17.2998 48.8881
      vertex -6.91823 -16.7021 47.1119
      vertex -5.24782 -17.2998 47.1119
    endloop
  endfacet
  facet normal -0.241774 -0.965381 0.0978966
    outer loop
      vertex -5.19728 -17.1332 50.6558
      vertex -5.24782 -17.2998 48.8881
      vertex -3.52688 -17.7308 48.8881
    endloop
  endfacet
  facet normal -0.146017 -0.98443 -0.097864
    outer loop
      vertex -1.77197 -17.9911 47.1119
      vertex -3.52688 -17.7308 47.1119
      vertex -1.75491 -17.8179 45.3442
    endloop
  endfacet
  facet normal -0.0488247 -0.994001 -0.0978639
    outer loop
      vertex 0 -17.9041 45.3442
      vertex -1.77197 -17.9911 47.1119
      vertex -1.75491 -17.8179 45.3442
    endloop
  endfacet
  facet normal -0.427589 -0.903973 0
    outer loop
      vertex -8.522 -15.9435 47.1119
      vertex -6.91823 -16.7021 48.8881
      vertex -8.522 -15.9435 48.8881
    endloop
  endfacet
  facet normal -0.427589 -0.903973 -0
    outer loop
      vertex -6.91823 -16.7021 48.8881
      vertex -8.522 -15.9435 47.1119
      vertex -6.91823 -16.7021 47.1119
    endloop
  endfacet
  facet normal -0.0488592 -0.993996 -0.0978983
    outer loop
      vertex 0 -18.0782 47.1119
      vertex -1.77197 -17.9911 47.1119
      vertex 0 -17.9041 45.3442
    endloop
  endfacet
  facet normal -0.242941 -0.970041 0
    outer loop
      vertex -5.24782 -17.2998 47.1119
      vertex -3.52688 -17.7308 48.8881
      vertex -5.24782 -17.2998 48.8881
    endloop
  endfacet
  facet normal -0.242941 -0.970041 -0
    outer loop
      vertex -3.52688 -17.7308 48.8881
      vertex -5.24782 -17.2998 47.1119
      vertex -3.52688 -17.7308 47.1119
    endloop
  endfacet
  facet normal -0.33047 -0.923486 -0.19484
    outer loop
      vertex -5.19728 -17.1332 45.3442
      vertex -6.8516 -16.5412 45.3442
      vertex -6.71899 -16.2211 43.6021
    endloop
  endfacet
  facet normal -0.47505 -0.792571 -0.382307
    outer loop
      vertex -8.03352 -15.0297 41.9023
      vertex -9.09035 -13.6047 40.2613
      vertex -7.71309 -14.4302 40.2613
    endloop
  endfacet
  facet normal -0.395063 -0.835324 -0.382308
    outer loop
      vertex -6.26155 -15.1167 40.2613
      vertex -8.03352 -15.0297 41.9023
      vertex -7.71309 -14.4302 40.2613
    endloop
  endfacet
  facet normal -0.425489 -0.89965 -0.0979261
    outer loop
      vertex -6.91823 -16.7021 47.1119
      vertex -8.43993 -15.79 45.3442
      vertex -6.8516 -16.5412 45.3442
    endloop
  endfacet
  facet normal -0.511605 -0.853628 0.0978782
    outer loop
      vertex -8.43993 -15.79 50.6558
      vertex -10.0437 -15.0315 48.8881
      vertex -8.522 -15.9435 48.8881
    endloop
  endfacet
  facet normal -0.525484 -0.708566 -0.470958
    outer loop
      vertex -9.09035 -13.6047 40.2613
      vertex -10.3801 -12.6482 40.2613
      vertex -9.84888 -12.0009 38.6947
    endloop
  endfacet
  facet normal -0.224545 -0.896356 -0.382265
    outer loop
      vertex -3.32472 -16.7145 41.9023
      vertex -4.94702 -16.3081 41.9023
      vertex -4.7497 -15.6577 40.2613
    endloop
  endfacet
  facet normal -0.98443 0.146017 0.097864
    outer loop
      vertex -17.7308 3.52688 48.8881
      vertex -17.9911 1.77197 48.8881
      vertex -17.8179 1.75491 50.6558
    endloop
  endfacet
  facet normal -0.993996 0.0488592 -0.0978983
    outer loop
      vertex -17.9041 0 45.3442
      vertex -18.0782 0 47.1119
      vertex -17.9911 1.77197 47.1119
    endloop
  endfacet
  facet normal -0.896356 0.224545 -0.382265
    outer loop
      vertex -15.6577 4.7497 40.2613
      vertex -16.7145 3.32472 41.9023
      vertex -16.3081 4.94702 41.9023
    endloop
  endfacet
  facet normal -0.896351 0.224492 -0.382308
    outer loop
      vertex -16.0478 3.19211 40.2613
      vertex -16.7145 3.32472 41.9023
      vertex -15.6577 4.7497 40.2613
    endloop
  endfacet
  facet normal -0.922934 -0.0453474 -0.382278
    outer loop
      vertex -16.2834 -1.60378 40.2613
      vertex -17.0419 0 41.9023
      vertex -16.3622 0 40.2613
    endloop
  endfacet
  facet normal -0.806851 -0.202071 -0.55512
    outer loop
      vertex -13.9121 -4.22017 37.2178
      vertex -15.2266 -3.02876 38.6947
      vertex -14.2587 -2.83623 37.2178
    endloop
  endfacet
  facet normal -0.901102 0.322382 -0.289974
    outer loop
      vertex -15.7447 6.52167 41.9023
      vertex -16.8015 5.09669 43.6021
      vertex -16.2211 6.71899 43.6021
    endloop
  endfacet
  facet normal -0.830785 0.0408111 -0.555095
    outer loop
      vertex -14.5381 0 37.2178
      vertex -15.5249 0 38.6947
      vertex -14.4681 1.42498 37.2178
    endloop
  endfacet
  facet normal -0.970211 0.143912 -0.194882
    outer loop
      vertex -17.2202 3.42531 43.6021
      vertex -17.8179 1.75491 45.3442
      vertex -17.5601 3.49292 45.3442
    endloop
  endfacet
  facet normal -0.984429 0.146021 -0.0978678
    outer loop
      vertex -17.5601 3.49292 45.3442
      vertex -17.8179 1.75491 45.3442
      vertex -17.7308 3.52688 47.1119
    endloop
  endfacet
  facet normal -0.955872 0.0469899 -0.290001
    outer loop
      vertex -17.0419 0 41.9023
      vertex -17.5576 0 43.6021
      vertex -17.473 1.72094 43.6021
    endloop
  endfacet
  facet normal -0.97965 0.0481588 -0.19485
    outer loop
      vertex -17.5576 0 43.6021
      vertex -17.9041 0 45.3442
      vertex -17.473 1.72094 43.6021
    endloop
  endfacet
  facet normal -0.85573 -0.214319 -0.470949
    outer loop
      vertex -15.6577 -4.7497 40.2613
      vertex -16.0478 -3.19211 40.2613
      vertex -14.8564 -4.50664 38.6947
    endloop
  endfacet
  facet normal -0.881101 -0.043311 -0.470941
    outer loop
      vertex -15.4501 -1.5217 38.6947
      vertex -16.2834 -1.60378 40.2613
      vertex -15.5249 0 38.6947
    endloop
  endfacet
  facet normal -0.872627 -0.129438 -0.470921
    outer loop
      vertex -16.0478 -3.19211 40.2613
      vertex -16.2834 -1.60378 40.2613
      vertex -15.2266 -3.02876 38.6947
    endloop
  endfacet
  facet normal -0.9011 -0.322408 -0.28995
    outer loop
      vertex -15.7447 -6.52167 41.9023
      vertex -16.8015 -5.09669 43.6021
      vertex -16.3081 -4.94702 41.9023
    endloop
  endfacet
  facet normal -0.835333 0.395054 -0.382298
    outer loop
      vertex -15.1167 6.26155 40.2613
      vertex -15.7447 6.52167 41.9023
      vertex -15.0297 8.03352 41.9023
    endloop
  endfacet
  facet normal -0.870014 0.311326 -0.382298
    outer loop
      vertex -15.6577 4.7497 40.2613
      vertex -15.7447 6.52167 41.9023
      vertex -15.1167 6.26155 40.2613
    endloop
  endfacet
  facet normal -0.822763 0.122081 -0.55512
    outer loop
      vertex -14.4681 1.42498 37.2178
      vertex -15.2266 3.02876 38.6947
      vertex -14.2587 2.83623 37.2178
    endloop
  endfacet
  facet normal -0.83059 0.29721 -0.470943
    outer loop
      vertex -14.8564 4.50664 38.6947
      vertex -15.1167 6.26155 40.2613
      vertex -14.3431 5.94112 38.6947
    endloop
  endfacet
  facet normal -0.708557 0.525518 -0.470933
    outer loop
      vertex -12.9085 8.62516 38.6947
      vertex -13.6047 9.09035 40.2613
      vertex -12.0009 9.84888 38.6947
    endloop
  endfacet
  facet normal -0.713458 0.427601 -0.555098
    outer loop
      vertex -12.088 8.07691 37.2178
      vertex -13.6917 7.31838 38.6947
      vertex -12.9085 8.62516 38.6947
    endloop
  endfacet
  facet normal -0.355636 0.751919 -0.555104
    outer loop
      vertex -6.85319 12.8214 37.2178
      vertex -7.31838 13.6917 38.6947
      vertex -5.56347 13.4314 37.2178
    endloop
  endfacet
  facet normal -0.653602 0.592456 -0.470957
    outer loop
      vertex -12.0009 9.84888 38.6947
      vertex -12.6482 10.3801 40.2613
      vertex -11.5698 11.5698 40.2613
    endloop
  endfacet
  facet normal -0.965381 -0.241774 0.0978966
    outer loop
      vertex -17.1332 -5.19728 50.6558
      vertex -17.7308 -3.52688 48.8881
      vertex -17.2998 -5.24782 48.8881
    endloop
  endfacet
  facet normal -0.970041 -0.242941 0
    outer loop
      vertex -17.2998 -5.24782 47.1119
      vertex -17.7308 -3.52688 48.8881
      vertex -17.7308 -3.52688 47.1119
    endloop
  endfacet
  facet normal -0.970041 -0.242941 0
    outer loop
      vertex -17.7308 -3.52688 48.8881
      vertex -17.2998 -5.24782 47.1119
      vertex -17.2998 -5.24782 48.8881
    endloop
  endfacet
  facet normal -0.98443 -0.146017 -0.097864
    outer loop
      vertex -17.7308 -3.52688 47.1119
      vertex -17.9911 -1.77197 47.1119
      vertex -17.8179 -1.75491 45.3442
    endloop
  endfacet
  facet normal -0.994001 -0.0488247 -0.0978639
    outer loop
      vertex -17.8179 -1.75491 45.3442
      vertex -17.9911 -1.77197 47.1119
      vertex -17.9041 0 45.3442
    endloop
  endfacet
  facet normal -0.903986 -0.427562 0
    outer loop
      vertex -16.1188 -8.15149 47.1119
      vertex -16.7021 -6.91823 48.8881
      vertex -16.7021 -6.91823 47.1119
    endloop
  endfacet
  facet normal -0.903986 -0.427562 0
    outer loop
      vertex -16.7021 -6.91823 48.8881
      vertex -16.1188 -8.15149 47.1119
      vertex -16.1188 -8.15149 48.8881
    endloop
  endfacet
  facet normal -0.73739 -0.668335 -0.0978927
    outer loop
      vertex -12.7832 -12.7832 47.1119
      vertex -13.9746 -11.4687 47.1119
      vertex -12.6601 -12.6601 45.3442
    endloop
  endfacet
  facet normal -0.668335 -0.73739 -0.0978927
    outer loop
      vertex -11.4687 -13.9746 47.1119
      vertex -12.7832 -12.7832 47.1119
      vertex -12.6601 -12.6601 45.3442
    endloop
  endfacet
  facet normal -0.425536 -0.899633 -0.0978771
    outer loop
      vertex -6.91823 -16.7021 47.1119
      vertex -8.522 -15.9435 47.1119
      vertex -8.43993 -15.79 45.3442
    endloop
  endfacet
  facet normal -0.58427 -0.78782 -0.194854
    outer loop
      vertex -9.94698 -14.8867 45.3442
      vertex -11.3582 -13.8401 45.3442
      vertex -9.75446 -14.5986 43.6021
    endloop
  endfacet
  facet normal -0.914035 -0.13558 -0.382307
    outer loop
      vertex -16.0478 -3.19211 40.2613
      vertex -16.7145 -3.32472 41.9023
      vertex -16.2834 -1.60378 40.2613
    endloop
  endfacet
  facet normal -0.870014 -0.311326 -0.382298
    outer loop
      vertex -15.1167 -6.26155 40.2613
      vertex -15.7447 -6.52167 41.9023
      vertex -15.6577 -4.7497 40.2613
    endloop
  endfacet
  facet normal -0.865139 -0.409207 -0.289972
    outer loop
      vertex -15.5515 -7.82398 43.1637
      vertex -15.7447 -6.52167 41.9023
      vertex -15.2194 -7.63225 41.9023
    endloop
  endfacet
  facet normal -0.821154 -0.491802 -0.289547
    outer loop
      vertex -14.5986 -9.75446 43.6021
      vertex -14.6748 -9.62723 43.6021
      vertex -14.6361 -9.60483 43.4543
    endloop
  endfacet
  facet normal -0.901102 -0.322382 -0.289974
    outer loop
      vertex -16.2211 -6.71899 43.6021
      vertex -16.8015 -5.09669 43.6021
      vertex -15.7447 -6.52167 41.9023
    endloop
  endfacet
  facet normal -0.923498 -0.330394 -0.194913
    outer loop
      vertex -16.2211 -6.71899 43.6021
      vertex -17.1332 -5.19728 45.3442
      vertex -16.8015 -5.09669 43.6021
    endloop
  endfacet
  facet normal -0.55043 -0.742144 0.382426
    outer loop
      vertex -10.8113 -13.1736 54.0977
      vertex -9.59988 -13.9498 54.335
      vertex -10.7489 -13.0976 54.335
    endloop
  endfacet
  facet normal -0.550428 -0.742136 0.382443
    outer loop
      vertex -9.59988 -13.9498 54.335
      vertex -10.8113 -13.1736 54.0977
      vertex -9.468 -14.1699 54.0977
    endloop
  endfacet
  facet normal -0.658678 -0.72676 0.194841
    outer loop
      vertex -12.4151 -12.4151 52.3979
      vertex -12.6601 -12.6601 50.6558
      vertex -11.1384 -13.5722 52.3979
    endloop
  endfacet
  facet normal -0.737385 -0.668342 0.0978843
    outer loop
      vertex -13.8401 -11.3582 50.6558
      vertex -13.9746 -11.4687 48.8881
      vertex -12.6601 -12.6601 50.6558
    endloop
  endfacet
  facet normal -0.658693 -0.72674 0.194865
    outer loop
      vertex -11.1384 -13.5722 52.3979
      vertex -12.6601 -12.6601 50.6558
      vertex -11.3582 -13.8401 50.6558
    endloop
  endfacet
  facet normal -0.492016 -0.820886 0.289944
    outer loop
      vertex -8.03352 -15.0297 54.0977
      vertex -9.75446 -14.5986 52.3979
      vertex -8.27658 -15.4844 52.3979
    endloop
  endfacet
  facet normal -0.792299 -0.475601 0.382186
    outer loop
      vertex -14.2288 -9.36969 54.0977
      vertex -14.0881 -9.41339 54.335
      vertex -14.1438 -9.3206 54.335
    endloop
  endfacet
  facet normal -0.792592 -0.474862 0.382496
    outer loop
      vertex -14.0881 -9.41339 54.335
      vertex -14.2288 -9.36969 54.0977
      vertex -14.1699 -9.468 54.0977
    endloop
  endfacet
  facet normal -0.78781 -0.58428 0.194868
    outer loop
      vertex -13.5722 -11.1384 52.3979
      vertex -14.5986 -9.75446 52.3979
      vertex -13.8401 -11.3582 50.6558
    endloop
  endfacet
  facet normal -0.475125 -0.792512 0.382335
    outer loop
      vertex -7.98718 -14.943 54.335
      vertex -8.18634 -14.8236 54.335
      vertex -8.03352 -15.0297 54.0977
    endloop
  endfacet
  facet normal -0.135595 -0.914087 0.382176
    outer loop
      vertex -1.6704 -16.9599 54.0977
      vertex -3.07587 -16.6522 54.335
      vertex -3.32472 -16.7145 54.0977
    endloop
  endfacet
  facet normal -0.135583 -0.914069 0.382223
    outer loop
      vertex -3.07587 -16.6522 54.335
      vertex -1.6704 -16.9599 54.0977
      vertex -1.66077 -16.8621 54.335
    endloop
  endfacet
  facet normal -0.224461 -0.89637 0.382281
    outer loop
      vertex -3.30554 -16.6181 54.335
      vertex -3.53077 -16.5617 54.335
      vertex -3.32472 -16.7145 54.0977
    endloop
  endfacet
  facet normal 0.425536 -0.899633 0.0978771
    outer loop
      vertex 8.43993 -15.79 50.6558
      vertex 6.91823 -16.7021 48.8881
      vertex 8.522 -15.9435 48.8881
    endloop
  endfacet
  facet normal 0.425536 -0.899633 -0.0978771
    outer loop
      vertex 8.522 -15.9435 47.1119
      vertex 6.91823 -16.7021 47.1119
      vertex 8.43993 -15.79 45.3442
    endloop
  endfacet
  facet normal 0.140417 -0.946687 -0.289941
    outer loop
      vertex 1.72094 -17.473 43.6021
      vertex 1.6704 -16.9599 41.9023
      vertex 3.42531 -17.2202 43.6021
    endloop
  endfacet
  facet normal 0.0469249 -0.955894 -0.28994
    outer loop
      vertex 1.72094 -17.473 43.6021
      vertex 0 -17.0419 41.9023
      vertex 1.6704 -16.9599 41.9023
    endloop
  endfacet
  facet normal 0.146721 -0.989178 0
    outer loop
      vertex 1.77197 -17.9911 47.1119
      vertex 3.52688 -17.7308 48.8881
      vertex 1.77197 -17.9911 48.8881
    endloop
  endfacet
  facet normal 0.146721 -0.989178 0
    outer loop
      vertex 3.52688 -17.7308 48.8881
      vertex 1.77197 -17.9911 47.1119
      vertex 3.52688 -17.7308 47.1119
    endloop
  endfacet
  facet normal 0.504252 -0.841286 0.194853
    outer loop
      vertex 9.75446 -14.5986 52.3979
      vertex 8.43993 -15.79 50.6558
      vertex 9.94698 -14.8867 50.6558
    endloop
  endfacet
  facet normal 0.668335 -0.73739 -0.0978927
    outer loop
      vertex 12.7832 -12.7832 47.1119
      vertex 11.4687 -13.9746 47.1119
      vertex 12.6601 -12.6601 45.3442
    endloop
  endfacet
  facet normal 0.737385 -0.668342 0.0978843
    outer loop
      vertex 13.8401 -11.3582 50.6558
      vertex 12.6601 -12.6601 50.6558
      vertex 13.9746 -11.4687 48.8881
    endloop
  endfacet
  facet normal 0.78781 -0.58428 0.194868
    outer loop
      vertex 14.5986 -9.75446 52.3979
      vertex 13.5722 -11.1384 52.3979
      vertex 13.8401 -11.3582 50.6558
    endloop
  endfacet
  facet normal 0.425489 -0.89965 -0.0979261
    outer loop
      vertex 6.91823 -16.7021 47.1119
      vertex 6.8516 -16.5412 45.3442
      vertex 8.43993 -15.79 45.3442
    endloop
  endfacet
  facet normal 0.335279 -0.937015 0.0979269
    outer loop
      vertex 6.8516 -16.5412 50.6558
      vertex 5.24782 -17.2998 48.8881
      vertex 6.91823 -16.7021 48.8881
    endloop
  endfacet
  facet normal 0.336899 -0.941541 0
    outer loop
      vertex 5.24782 -17.2998 47.1119
      vertex 6.91823 -16.7021 48.8881
      vertex 5.24782 -17.2998 48.8881
    endloop
  endfacet
  facet normal 0.336899 -0.941541 0
    outer loop
      vertex 6.91823 -16.7021 48.8881
      vertex 5.24782 -17.2998 47.1119
      vertex 6.91823 -16.7021 47.1119
    endloop
  endfacet
  facet normal 0.742205 -0.550431 -0.382306
    outer loop
      vertex 14.1699 -9.468 41.9023
      vertex 12.6482 -10.3801 40.2613
      vertex 13.6047 -9.09035 40.2613
    endloop
  endfacet
  facet normal 0.708557 -0.525518 -0.470933
    outer loop
      vertex 13.6047 -9.09035 40.2613
      vertex 12.0009 -9.84888 38.6947
      vertex 12.9085 -8.62516 38.6947
    endloop
  endfacet
  facet normal 0.751919 0.355636 -0.555104
    outer loop
      vertex 13.4314 5.56347 37.2178
      vertex 12.8214 6.85319 37.2178
      vertex 13.6917 7.31838 38.6947
    endloop
  endfacet
  facet normal 0.699111 0.330659 -0.633963
    outer loop
      vertex 13.4314 5.56347 37.2178
      vertex 12.3903 5.13225 35.8448
      vertex 12.8214 6.85319 37.2178
    endloop
  endfacet
  facet normal 0.806851 0.202071 -0.55512
    outer loop
      vertex 14.2587 2.83623 37.2178
      vertex 13.9121 4.22017 37.2178
      vertex 15.2266 3.02876 38.6947
    endloop
  endfacet
  facet normal 0.806859 0.202113 -0.555093
    outer loop
      vertex 15.2266 3.02876 38.6947
      vertex 13.9121 4.22017 37.2178
      vertex 14.8564 4.50664 38.6947
    endloop
  endfacet
  facet normal 0.994001 0.0488247 -0.0978639
    outer loop
      vertex 17.9041 0 45.3442
      vertex 17.8179 1.75491 45.3442
      vertex 17.9911 1.77197 47.1119
    endloop
  endfacet
  facet normal 0.822801 -0.122023 -0.555076
    outer loop
      vertex 15.2266 -3.02876 38.6947
      vertex 14.4681 -1.42498 37.2178
      vertex 15.4501 -1.5217 38.6947
    endloop
  endfacet
  facet normal 0.937008 -0.335309 -0.0978967
    outer loop
      vertex 17.2998 -5.24782 47.1119
      vertex 16.5412 -6.8516 45.3442
      vertex 17.1332 -5.19728 45.3442
    endloop
  endfacet
  facet normal 0.923498 -0.330394 -0.194913
    outer loop
      vertex 17.1332 -5.19728 45.3442
      vertex 16.2211 -6.71899 43.6021
      vertex 16.8015 -5.09669 43.6021
    endloop
  endfacet
  facet normal 0.979644 0.0481195 -0.194888
    outer loop
      vertex 17.9041 0 45.3442
      vertex 17.473 1.72094 43.6021
      vertex 17.8179 1.75491 45.3442
    endloop
  endfacet
  facet normal 0.68632 0.171924 -0.706687
    outer loop
      vertex 12.5351 3.39486 35.4336
      vertex 12.4402 3.7737 35.4336
      vertex 12.8337 3.89307 35.8448
    endloop
  endfacet
  facet normal 0.686325 0.171923 -0.706683
    outer loop
      vertex 12.5351 3.39486 35.4336
      vertex 13.1535 2.6164 35.8448
      vertex 12.7502 2.53617 35.4336
    endloop
  endfacet
  facet normal 0.686323 0.171921 -0.706685
    outer loop
      vertex 13.1535 2.6164 35.8448
      vertex 12.5351 3.39486 35.4336
      vertex 12.8337 3.89307 35.8448
    endloop
  endfacet
  facet normal 0.550431 0.742205 -0.382306
    outer loop
      vertex 10.3801 12.6482 40.2613
      vertex 9.09035 13.6047 40.2613
      vertex 9.468 14.1699 41.9023
    endloop
  endfacet
  facet normal 0.55047 0.742193 -0.382273
    outer loop
      vertex 10.3801 12.6482 40.2613
      vertex 9.468 14.1699 41.9023
      vertex 10.8113 13.1736 41.9023
    endloop
  endfacet
  facet normal 0.713458 0.427601 -0.555098
    outer loop
      vertex 13.6917 7.31838 38.6947
      vertex 12.088 8.07691 37.2178
      vertex 12.9085 8.62516 38.6947
    endloop
  endfacet
  facet normal 0.708557 0.525518 -0.470933
    outer loop
      vertex 12.9085 8.62516 38.6947
      vertex 12.0009 9.84888 38.6947
      vertex 13.6047 9.09035 40.2613
    endloop
  endfacet
  facet normal 0.865146 0.409192 -0.289974
    outer loop
      vertex 15.7447 6.52167 41.9023
      vertex 15.4844 8.27658 43.6021
      vertex 16.2211 6.71899 43.6021
    endloop
  endfacet
  facet normal 0.886657 0.419366 -0.19486
    outer loop
      vertex 16.2211 6.71899 43.6021
      vertex 15.4844 8.27658 43.6021
      vertex 15.79 8.43993 45.3442
    endloop
  endfacet
  facet normal 0.835324 0.395063 -0.382308
    outer loop
      vertex 15.1167 6.26155 40.2613
      vertex 14.4302 7.71309 40.2613
      vertex 15.0297 8.03352 41.9023
    endloop
  endfacet
  facet normal 0.792571 0.47505 -0.382307
    outer loop
      vertex 14.4302 7.71309 40.2613
      vertex 13.6047 9.09035 40.2613
      vertex 15.0297 8.03352 41.9023
    endloop
  endfacet
  facet normal 0.709127 0.642697 -0.289966
    outer loop
      vertex 13.1736 10.8113 41.9023
      vertex 12.4151 12.4151 43.6021
      vertex 13.5722 11.1384 43.6021
    endloop
  endfacet
  facet normal 0.642694 0.709132 -0.289961
    outer loop
      vertex 12.0505 12.0505 41.9023
      vertex 10.8113 13.1736 41.9023
      vertex 12.4151 12.4151 43.6021
    endloop
  endfacet
  facet normal 0.799335 0.592854 -0.0979151
    outer loop
      vertex 14.8867 9.94698 45.3442
      vertex 13.9746 11.4687 47.1119
      vertex 15.0315 10.0437 47.1119
    endloop
  endfacet
  facet normal 0.853605 0.511636 -0.0979167
    outer loop
      vertex 15.79 8.43993 45.3442
      vertex 14.8867 9.94698 45.3442
      vertex 15.0315 10.0437 47.1119
    endloop
  endfacet
  facet normal 0.797466 0.377176 -0.470942
    outer loop
      vertex 14.3431 5.94112 38.6947
      vertex 13.6917 7.31838 38.6947
      vertex 15.1167 6.26155 40.2613
    endloop
  endfacet
  facet normal 0.83059 0.29721 -0.470943
    outer loop
      vertex 14.8564 4.50664 38.6947
      vertex 14.3431 5.94112 38.6947
      vertex 15.1167 6.26155 40.2613
    endloop
  endfacet
  facet normal 0.955872 0.0469899 -0.290001
    outer loop
      vertex 17.5576 0 43.6021
      vertex 17.0419 0 41.9023
      vertex 17.473 1.72094 43.6021
    endloop
  endfacet
  facet normal 0.9011 0.322408 -0.28995
    outer loop
      vertex 16.3081 4.94702 41.9023
      vertex 15.7447 6.52167 41.9023
      vertex 16.8015 5.09669 43.6021
    endloop
  endfacet
  facet normal 0.914069 -0.135583 0.382223
    outer loop
      vertex 16.6522 -3.07587 54.335
      vertex 16.9599 -1.6704 54.0977
      vertex 16.8621 -1.66077 54.335
    endloop
  endfacet
  facet normal 0.914087 -0.135595 0.382176
    outer loop
      vertex 16.9599 -1.6704 54.0977
      vertex 16.6522 -3.07587 54.335
      vertex 16.7145 -3.32472 54.0977
    endloop
  endfacet
  facet normal 0.89637 -0.224461 0.382281
    outer loop
      vertex 16.6181 -3.30554 54.335
      vertex 16.5617 -3.53077 54.335
      vertex 16.7145 -3.32472 54.0977
    endloop
  endfacet
  facet normal 0.984429 -0.146021 0.0978678
    outer loop
      vertex 17.8179 -1.75491 50.6558
      vertex 17.5601 -3.49292 50.6558
      vertex 17.7308 -3.52688 48.8881
    endloop
  endfacet
  facet normal 0.965377 -0.241803 0.0978681
    outer loop
      vertex 17.5601 -3.49292 50.6558
      vertex 17.1332 -5.19728 50.6558
      vertex 17.7308 -3.52688 48.8881
    endloop
  endfacet
  facet normal 0.742144 -0.55043 0.382426
    outer loop
      vertex 13.1736 -10.8113 54.0977
      vertex 13.9498 -9.59988 54.335
      vertex 13.0976 -10.7489 54.335
    endloop
  endfacet
  facet normal 0.742136 -0.550428 0.382443
    outer loop
      vertex 13.9498 -9.59988 54.335
      vertex 13.1736 -10.8113 54.0977
      vertex 14.1699 -9.468 54.0977
    endloop
  endfacet
  facet normal 0.684635 -0.620499 0.382433
    outer loop
      vertex 12.1369 -11.8089 54.335
      vertex 13.1736 -10.8113 54.0977
      vertex 13.0976 -10.7489 54.335
    endloop
  endfacet
  facet normal 0.684631 -0.620488 0.38246
    outer loop
      vertex 13.1736 -10.8113 54.0977
      vertex 12.1369 -11.8089 54.335
      vertex 12.0505 -12.0505 54.0977
    endloop
  endfacet
  facet normal 0.841283 -0.504257 0.194853
    outer loop
      vertex 14.8867 -9.94698 50.6558
      vertex 14.7005 -9.64203 52.2489
      vertex 14.5986 -9.75446 52.3979
    endloop
  endfacet
  facet normal 0.841332 -0.50418 0.194844
    outer loop
      vertex 14.7005 -9.64203 52.2489
      vertex 14.8867 -9.94698 50.6558
      vertex 14.9746 -9.8003 50.6558
    endloop
  endfacet
  facet normal 0.78782 -0.58427 0.194854
    outer loop
      vertex 14.5986 -9.75446 52.3979
      vertex 13.8401 -11.3582 50.6558
      vertex 14.8867 -9.94698 50.6558
    endloop
  endfacet
  facet normal 0.835328 -0.395111 0.38225
    outer loop
      vertex 15.1341 -7.583 54.335
      vertex 15.7447 -6.52167 54.0977
      vertex 15.6539 -6.48406 54.335
    endloop
  endfacet
  facet normal 0.835323 -0.395104 0.382267
    outer loop
      vertex 15.7447 -6.52167 54.0977
      vertex 15.1341 -7.583 54.335
      vertex 15.2194 -7.63225 54.0977
    endloop
  endfacet
  facet normal 0.899654 -0.425474 0.0979518
    outer loop
      vertex 16.003 -8.08462 50.2431
      vertex 16.5412 -6.8516 50.6558
      vertex 15.9677 -8.06425 50.6558
    endloop
  endfacet
  facet normal 0.899659 -0.425468 0.0979262
    outer loop
      vertex 16.5412 -6.8516 50.6558
      vertex 16.003 -8.08462 50.2431
      vertex 16.7021 -6.91823 48.8881
    endloop
  endfacet
  facet normal 0.903986 -0.427562 0
    outer loop
      vertex 16.1188 -8.15149 48.8881
      vertex 16.7021 -6.91823 47.1119
      vertex 16.7021 -6.91823 48.8881
    endloop
  endfacet
  facet normal 0.903986 -0.427562 0
    outer loop
      vertex 16.7021 -6.91823 47.1119
      vertex 16.1188 -8.15149 48.8881
      vertex 16.1188 -8.15149 47.1119
    endloop
  endfacet
  facet normal 0.998794 0.0490951 0
    outer loop
      vertex 18.0782 0 48.8881
      vertex 17.9911 1.77197 47.1119
      vertex 17.9911 1.77197 48.8881
    endloop
  endfacet
  facet normal 0.998794 0.0490951 0
    outer loop
      vertex 17.9911 1.77197 47.1119
      vertex 18.0782 0 48.8881
      vertex 18.0782 0 47.1119
    endloop
  endfacet
  facet normal 0.799335 -0.592854 -0.0979151
    outer loop
      vertex 15.0315 -10.0437 47.1119
      vertex 13.9746 -11.4687 47.1119
      vertex 14.8867 -9.94698 45.3442
    endloop
  endfacet
  facet normal 0.841332 -0.50418 -0.194844
    outer loop
      vertex 14.8867 -9.94698 45.3442
      vertex 14.7005 -9.64203 43.7511
      vertex 14.9746 -9.8003 45.3442
    endloop
  endfacet
  facet normal 0.841283 -0.504257 -0.194853
    outer loop
      vertex 14.7005 -9.64203 43.7511
      vertex 14.8867 -9.94698 45.3442
      vertex 14.5986 -9.75446 43.6021
    endloop
  endfacet
  facet normal 0.841403 -0.503929 -0.195183
    outer loop
      vertex 14.7005 -9.64203 43.7511
      vertex 14.5986 -9.75446 43.6021
      vertex 14.6748 -9.62723 43.6021
    endloop
  endfacet
  facet normal 0.768692 -0.570124 -0.289949
    outer loop
      vertex 14.5986 -9.75446 43.6021
      vertex 13.1736 -10.8113 41.9023
      vertex 14.1699 -9.468 41.9023
    endloop
  endfacet
  facet normal 0.592456 -0.653602 -0.470957
    outer loop
      vertex 10.3801 -12.6482 40.2613
      vertex 9.84888 -12.0009 38.6947
      vertex 11.5698 -11.5698 40.2613
    endloop
  endfacet
  facet normal 0.453503 -0.756676 -0.470932
    outer loop
      vertex 9.09035 -13.6047 40.2613
      vertex 7.31838 -13.6917 38.6947
      vertex 8.62516 -12.9085 38.6947
    endloop
  endfacet
  facet normal 0.658693 -0.72674 0.194865
    outer loop
      vertex 12.6601 -12.6601 50.6558
      vertex 11.1384 -13.5722 52.3979
      vertex 11.3582 -13.8401 50.6558
    endloop
  endfacet
  facet normal 0.72674 -0.658693 0.194865
    outer loop
      vertex 13.5722 -11.1384 52.3979
      vertex 12.6601 -12.6601 50.6558
      vertex 13.8401 -11.3582 50.6558
    endloop
  endfacet
  facet normal 0.322382 -0.901102 0.289974
    outer loop
      vertex 6.52167 -15.7447 54.0977
      vertex 5.09669 -16.8015 52.3979
      vertex 6.71899 -16.2211 52.3979
    endloop
  endfacet
  facet normal 0.41935 -0.886669 0.194841
    outer loop
      vertex 8.43993 -15.79 50.6558
      vertex 6.71899 -16.2211 52.3979
      vertex 6.8516 -16.5412 50.6558
    endloop
  endfacet
  facet normal 0.658678 -0.72676 -0.194841
    outer loop
      vertex 12.6601 -12.6601 45.3442
      vertex 11.1384 -13.5722 43.6021
      vertex 12.4151 -12.4151 43.6021
    endloop
  endfacet
  facet normal 0.709127 -0.642697 -0.289966
    outer loop
      vertex 13.5722 -11.1384 43.6021
      vertex 12.4151 -12.4151 43.6021
      vertex 13.1736 -10.8113 41.9023
    endloop
  endfacet
  facet normal 0.72676 -0.658678 -0.194841
    outer loop
      vertex 12.6601 -12.6601 45.3442
      vertex 12.4151 -12.4151 43.6021
      vertex 13.5722 -11.1384 43.6021
    endloop
  endfacet
  facet normal 0.72674 -0.658693 -0.194865
    outer loop
      vertex 13.8401 -11.3582 45.3442
      vertex 12.6601 -12.6601 45.3442
      vertex 13.5722 -11.1384 43.6021
    endloop
  endfacet
  facet normal 0.799359 -0.592827 -0.0978793
    outer loop
      vertex 13.9746 -11.4687 47.1119
      vertex 13.8401 -11.3582 45.3442
      vertex 14.8867 -9.94698 45.3442
    endloop
  endfacet
  facet normal 0.803195 -0.595717 0
    outer loop
      vertex 13.9746 -11.4687 48.8881
      vertex 15.0315 -10.0437 47.1119
      vertex 15.0315 -10.0437 48.8881
    endloop
  endfacet
  facet normal 0.803195 -0.595717 0
    outer loop
      vertex 15.0315 -10.0437 47.1119
      vertex 13.9746 -11.4687 48.8881
      vertex 13.9746 -11.4687 47.1119
    endloop
  endfacet
  facet normal 0.684623 -0.620575 -0.382333
    outer loop
      vertex 12.0505 -12.0505 41.9023
      vertex 11.5698 -11.5698 40.2613
      vertex 12.6482 -10.3801 40.2613
    endloop
  endfacet
  facet normal 0.684688 -0.62054 -0.382274
    outer loop
      vertex 13.1736 -10.8113 41.9023
      vertex 12.0505 -12.0505 41.9023
      vertex 12.6482 -10.3801 40.2613
    endloop
  endfacet
  facet normal 0.427591 -0.71346 -0.555105
    outer loop
      vertex 7.31838 -13.6917 38.6947
      vertex 6.85319 -12.8214 37.2178
      vertex 8.07691 -12.088 37.2178
    endloop
  endfacet
  facet normal 0.280238 -0.783159 -0.555093
    outer loop
      vertex 4.50664 -14.8564 38.6947
      vertex 4.22017 -13.9121 37.2178
      vertex 5.94112 -14.3431 38.6947
    endloop
  endfacet
  facet normal 0.14043 -0.946682 -0.289953
    outer loop
      vertex 3.42531 -17.2202 43.6021
      vertex 1.6704 -16.9599 41.9023
      vertex 3.32472 -16.7145 41.9023
    endloop
  endfacet
  facet normal 0.395063 -0.835324 -0.382308
    outer loop
      vertex 8.03352 -15.0297 41.9023
      vertex 6.26155 -15.1167 40.2613
      vertex 7.71309 -14.4302 40.2613
    endloop
  endfacet
  facet normal 0.421527 -0.568219 -0.706713
    outer loop
      vertex 8.50798 -10.367 35.8448
      vertex 7.93343 -10.2818 35.4336
      vertex 8.24711 -10.0491 35.4336
    endloop
  endfacet
  facet normal 0.621176 -0.460676 -0.63397
    outer loop
      vertex 12.0194 -8.09409 37.1631
      vertex 10.367 -8.50798 35.8448
      vertex 11.0773 -7.55021 35.8448
    endloop
  endfacet
  facet normal 0.923486 0.33047 0.19484
    outer loop
      vertex 16.5412 6.8516 50.6558
      vertex 16.2211 6.71899 52.3979
      vertex 17.1332 5.19728 50.6558
    endloop
  endfacet
  facet normal 0.886669 0.41935 0.194841
    outer loop
      vertex 16.5412 6.8516 50.6558
      vertex 15.79 8.43993 50.6558
      vertex 16.2211 6.71899 52.3979
    endloop
  endfacet
  facet normal 0.994001 -0.0488247 0.0978639
    outer loop
      vertex 17.9041 0 50.6558
      vertex 17.8179 -1.75491 50.6558
      vertex 17.9911 -1.77197 48.8881
    endloop
  endfacet
  facet normal 0.993996 -0.0488592 0.0978983
    outer loop
      vertex 18.0782 0 48.8881
      vertex 17.9041 0 50.6558
      vertex 17.9911 -1.77197 48.8881
    endloop
  endfacet
  facet normal 0.965377 0.241803 0.0978681
    outer loop
      vertex 17.7308 3.52688 48.8881
      vertex 17.1332 5.19728 50.6558
      vertex 17.5601 3.49292 50.6558
    endloop
  endfacet
  facet normal 0.955872 0.0469899 0.290001
    outer loop
      vertex 17.473 1.72094 52.3979
      vertex 17.0419 0 54.0977
      vertex 17.5576 0 52.3979
    endloop
  endfacet
  facet normal 0.970211 0.143912 0.194882
    outer loop
      vertex 17.5601 3.49292 50.6558
      vertex 17.2202 3.42531 52.3979
      vertex 17.8179 1.75491 50.6558
    endloop
  endfacet
  facet normal 0.979644 0.0481195 0.194888
    outer loop
      vertex 17.8179 1.75491 50.6558
      vertex 17.473 1.72094 52.3979
      vertex 17.9041 0 50.6558
    endloop
  endfacet
  facet normal 0.923056 0.0453756 0.381981
    outer loop
      vertex 17.0419 0 54.0977
      vertex 16.9323 0.231905 54.335
      vertex 16.9437 0 54.335
    endloop
  endfacet
  facet normal 0.620375 -0.68484 0.382269
    outer loop
      vertex 11.981 -11.981 54.335
      vertex 11.8089 -12.1369 54.335
      vertex 12.0505 -12.0505 54.0977
    endloop
  endfacet
  facet normal -0.421527 -0.568219 -0.706713
    outer loop
      vertex -7.93343 -10.2818 35.4336
      vertex -8.50798 -10.367 35.8448
      vertex -8.24711 -10.0491 35.4336
    endloop
  endfacet
  facet normal -0.460695 -0.621166 -0.633966
    outer loop
      vertex -8.07691 -12.088 37.2178
      vertex -9.22285 -11.2381 37.2178
      vertex -8.50798 -10.367 35.8448
    endloop
  endfacet
  facet normal -0.524248 -0.475135 -0.70669
    outer loop
      vertex -9.19239 -9.19239 35.4336
      vertex -9.48316 -9.48316 35.8448
      vertex -9.45466 -8.90301 35.4336
    endloop
  endfacet
  facet normal -0.0346896 -0.7067 -0.706663
    outer loop
      vertex -0.390072 -12.9808 35.4336
      vertex -1.31453 -13.3466 35.8448
      vertex -1.27422 -12.9374 35.4336
    endloop
  endfacet
  facet normal -0.0347271 -0.706654 -0.706707
    outer loop
      vertex -1.31453 -13.3466 35.8448
      vertex -0.390072 -12.9808 35.4336
      vertex 0 -13.4112 35.8448
    endloop
  endfacet
  facet normal -0.421459 -0.568302 -0.706686
    outer loop
      vertex -7.45087 -11.151 35.8448
      vertex -7.93343 -10.2818 35.4336
      vertex -7.22241 -10.8091 35.4336
    endloop
  endfacet
  facet normal -0.421482 -0.568307 -0.706669
    outer loop
      vertex -7.93343 -10.2818 35.4336
      vertex -7.45087 -11.151 35.8448
      vertex -8.50798 -10.367 35.8448
    endloop
  endfacet
  facet normal -0.363744 -0.606887 -0.706667
    outer loop
      vertex -7.45087 -11.151 35.8448
      vertex -6.46314 -11.2642 35.4336
      vertex -6.322 -11.8276 35.8448
    endloop
  endfacet
  facet normal -0.363749 -0.606864 -0.706685
    outer loop
      vertex -6.46314 -11.2642 35.4336
      vertex -7.45087 -11.151 35.8448
      vertex -7.22241 -10.8091 35.4336
    endloop
  endfacet
  facet normal -0.4955 -0.668094 -0.555095
    outer loop
      vertex -8.07691 -12.088 37.2178
      vertex -9.84888 -12.0009 38.6947
      vertex -9.22285 -11.2381 37.2178
    endloop
  endfacet
  facet normal -0.558579 -0.616326 -0.555096
    outer loop
      vertex -9.84888 -12.0009 38.6947
      vertex -10.28 -10.28 37.2178
      vertex -9.22285 -11.2381 37.2178
    endloop
  endfacet
  facet normal -0.71346 0.427591 -0.555105
    outer loop
      vertex -12.8214 6.85319 37.2178
      vertex -13.6917 7.31838 38.6947
      vertex -12.088 8.07691 37.2178
    endloop
  endfacet
  facet normal -0.728142 -0.260542 -0.633978
    outer loop
      vertex -12.3903 -5.13225 35.8448
      vertex -13.9121 -4.22017 37.2178
      vertex -12.8337 -3.89307 35.8448
    endloop
  endfacet
  facet normal -0.75681 -0.453283 -0.470929
    outer loop
      vertex -12.9085 -8.62516 38.6947
      vertex -13.6085 -9.0116 40.1916
      vertex -12.9164 -8.61197 38.6947
    endloop
  endfacet
  facet normal -0.756784 -0.453327 -0.470928
    outer loop
      vertex -13.6085 -9.0116 40.1916
      vertex -12.9085 -8.62516 38.6947
      vertex -13.6047 -9.09035 40.2613
    endloop
  endfacet
  facet normal -0.797472 -0.377175 -0.470932
    outer loop
      vertex -14.6295 -7.29165 40.2613
      vertex -15.1167 -6.26155 40.2613
      vertex -14.1225 -6.99892 39.1683
    endloop
  endfacet
  facet normal -0.55856 -0.616332 -0.555108
    outer loop
      vertex -9.84888 -12.0009 38.6947
      vertex -10.9778 -10.9778 38.6947
      vertex -10.28 -10.28 37.2178
    endloop
  endfacet
  facet normal -0.592415 -0.653689 -0.470888
    outer loop
      vertex -9.84888 -12.0009 38.6947
      vertex -11.5698 -11.5698 40.2613
      vertex -10.9778 -10.9778 38.6947
    endloop
  endfacet
  facet normal -0.708566 -0.525484 -0.470958
    outer loop
      vertex -12.6482 -10.3801 40.2613
      vertex -13.6047 -9.09035 40.2613
      vertex -12.0009 -9.84888 38.6947
    endloop
  endfacet
  facet normal -0.653602 -0.592456 -0.470957
    outer loop
      vertex -11.5698 -11.5698 40.2613
      vertex -12.6482 -10.3801 40.2613
      vertex -12.0009 -9.84888 38.6947
    endloop
  endfacet
  facet normal -0.171924 0.68632 -0.706687
    outer loop
      vertex -3.7737 12.4402 35.4336
      vertex -3.89307 12.8337 35.8448
      vertex -3.39486 12.5351 35.4336
    endloop
  endfacet
  facet normal -0.238247 0.666204 -0.70669
    outer loop
      vertex -3.89307 12.8337 35.8448
      vertex -3.7737 12.4402 35.4336
      vertex -4.14141 12.3087 35.4336
    endloop
  endfacet
  facet normal -0.750173 -0.187915 -0.633979
    outer loop
      vertex -12.8337 -3.89307 35.8448
      vertex -13.9121 -4.22017 37.2178
      vertex -13.1535 -2.6164 35.8448
    endloop
  endfacet
  facet normal -0.639609 -0.302455 -0.706698
    outer loop
      vertex -12.3903 -5.13225 35.8448
      vertex -11.7115 -5.60694 35.4336
      vertex -12.0684 -5.81298 35.8448
    endloop
  endfacet
  facet normal -0.639614 -0.302472 -0.706686
    outer loop
      vertex -11.7115 -5.60694 35.4336
      vertex -12.3903 -5.13225 35.8448
      vertex -12.0104 -4.97488 35.4336
    endloop
  endfacet
  facet normal -0.335279 0.937015 0.0979269
    outer loop
      vertex -5.24782 17.2998 48.8881
      vertex -6.91823 16.7021 48.8881
      vertex -6.8516 16.5412 50.6558
    endloop
  endfacet
  facet normal -0.592827 0.799359 -0.0978793
    outer loop
      vertex -11.3582 13.8401 45.3442
      vertex -11.4687 13.9746 47.1119
      vertex -9.94698 14.8867 45.3442
    endloop
  endfacet
  facet normal -0.41935 0.886669 -0.194841
    outer loop
      vertex -6.71899 16.2211 43.6021
      vertex -8.43993 15.79 45.3442
      vertex -6.8516 16.5412 45.3442
    endloop
  endfacet
  facet normal -0.241774 0.965381 -0.0978966
    outer loop
      vertex -5.19728 17.1332 45.3442
      vertex -5.24782 17.2998 47.1119
      vertex -3.52688 17.7308 47.1119
    endloop
  endfacet
  facet normal -0.122081 0.822763 -0.55512
    outer loop
      vertex -2.83623 14.2587 37.2178
      vertex -3.02876 15.2266 38.6947
      vertex -1.42498 14.4681 37.2178
    endloop
  endfacet
  facet normal -0.113509 0.764993 -0.633957
    outer loop
      vertex -2.6164 13.1535 35.8448
      vertex -2.83623 14.2587 37.2178
      vertex -1.42498 14.4681 37.2178
    endloop
  endfacet
  facet normal 0.0433427 0.881126 -0.47089
    outer loop
      vertex 1.60378 16.2834 40.2613
      vertex 1 15.9979 39.6715
      vertex 1 16.3131 40.2613
    endloop
  endfacet
  facet normal 0.0434092 0.881095 -0.470943
    outer loop
      vertex 1.5217 15.4501 38.6947
      vertex 1 15.9979 39.6715
      vertex 1.60378 16.2834 40.2613
    endloop
  endfacet
  facet normal 0.0434045 0.881094 -0.470945
    outer loop
      vertex 1 15.9979 39.6715
      vertex 1.5217 15.4501 38.6947
      vertex 1 15.4758 38.6947
    endloop
  endfacet
  facet normal -0.36379 0.606884 -0.706646
    outer loop
      vertex -6.12816 11.465 35.4336
      vertex -6.46314 11.2642 35.4336
      vertex -6.322 11.8276 35.8448
    endloop
  endfacet
  facet normal -0.302553 0.639619 -0.706646
    outer loop
      vertex -6.12816 11.465 35.4336
      vertex -6.322 11.8276 35.8448
      vertex -5.77511 11.632 35.4336
    endloop
  endfacet
  facet normal -0.421459 0.568302 -0.706686
    outer loop
      vertex -7.93343 10.2818 35.4336
      vertex -7.45087 11.151 35.8448
      vertex -7.22241 10.8091 35.4336
    endloop
  endfacet
  facet normal -0.421482 0.568307 -0.706669
    outer loop
      vertex -7.45087 11.151 35.8448
      vertex -7.93343 10.2818 35.4336
      vertex -8.50798 10.367 35.8448
    endloop
  endfacet
  facet normal -0.460686 0.621168 -0.633971
    outer loop
      vertex -7.45087 11.151 35.8448
      vertex -8.50798 10.367 35.8448
      vertex -8.07691 12.088 37.2178
    endloop
  endfacet
  facet normal -0.519354 0.573027 -0.633965
    outer loop
      vertex -8.50798 10.367 35.8448
      vertex -9.48316 9.48316 35.8448
      vertex -9.22285 11.2381 37.2178
    endloop
  endfacet
  facet normal -0.558579 0.616326 -0.555096
    outer loop
      vertex -9.22285 11.2381 37.2178
      vertex -10.28 10.28 37.2178
      vertex -9.84888 12.0009 38.6947
    endloop
  endfacet
  facet normal -0.621166 0.460695 -0.633966
    outer loop
      vertex -10.367 8.50798 35.8448
      vertex -12.088 8.07691 37.2178
      vertex -11.2381 9.22285 37.2178
    endloop
  endfacet
  facet normal -0.621168 0.460686 -0.633971
    outer loop
      vertex -11.151 7.45087 35.8448
      vertex -12.088 8.07691 37.2178
      vertex -10.367 8.50798 35.8448
    endloop
  endfacet
  facet normal -0.686323 -0.171921 -0.706685
    outer loop
      vertex -13.1535 -2.6164 35.8448
      vertex -12.5351 -3.39486 35.4336
      vertex -12.8337 -3.89307 35.8448
    endloop
  endfacet
  facet normal -0.686325 -0.171923 -0.706683
    outer loop
      vertex -12.5351 -3.39486 35.4336
      vertex -13.1535 -2.6164 35.8448
      vertex -12.7502 -2.53617 35.4336
    endloop
  endfacet
  facet normal -0.606864 0.363749 -0.706685
    outer loop
      vertex -11.2642 6.46314 35.4336
      vertex -11.151 7.45087 35.8448
      vertex -10.8091 7.22241 35.4336
    endloop
  endfacet
  facet normal -0.606887 0.363744 -0.706667
    outer loop
      vertex -11.151 7.45087 35.8448
      vertex -11.2642 6.46314 35.4336
      vertex -11.8276 6.322 35.8448
    endloop
  endfacet
  facet normal 0.113509 0.764993 -0.633957
    outer loop
      vertex 2.6164 13.1535 35.8448
      vertex 1.42498 14.4681 37.2178
      vertex 2.83623 14.2587 37.2178
    endloop
  endfacet
  facet normal 0.187883 0.750199 -0.633957
    outer loop
      vertex 4.22017 13.9121 37.2178
      vertex 2.6164 13.1535 35.8448
      vertex 2.83623 14.2587 37.2178
    endloop
  endfacet
  facet normal 0.135586 0.914031 -0.382313
    outer loop
      vertex 3.32472 16.7145 41.9023
      vertex 1.60378 16.2834 40.2613
      vertex 1.6704 16.9599 41.9023
    endloop
  endfacet
  facet normal 0.14043 0.946682 -0.289953
    outer loop
      vertex 3.32472 16.7145 41.9023
      vertex 1.6704 16.9599 41.9023
      vertex 3.42531 17.2202 43.6021
    endloop
  endfacet
  facet normal -0.202071 0.806851 -0.55512
    outer loop
      vertex -2.83623 14.2587 37.2178
      vertex -4.22017 13.9121 37.2178
      vertex -3.02876 15.2266 38.6947
    endloop
  endfacet
  facet normal -0.311326 0.870014 -0.382298
    outer loop
      vertex -6.26155 15.1167 40.2613
      vertex -6.52167 15.7447 41.9023
      vertex -4.7497 15.6577 40.2613
    endloop
  endfacet
  facet normal 0.0488262 0.994001 -0.0978639
    outer loop
      vertex 1.75491 17.8179 45.3442
      vertex 1 17.9532 46.3418
      vertex 1.77197 17.9911 47.1119
    endloop
  endfacet
  facet normal 0.0488502 0.994002 -0.0978458
    outer loop
      vertex 1 17.9532 46.3418
      vertex 1.75491 17.8179 45.3442
      vertex 1 17.855 45.3442
    endloop
  endfacet
  facet normal 0.0489287 0.993986 -0.0979659
    outer loop
      vertex 1.77197 17.9911 47.1119
      vertex 1 17.9532 46.3418
      vertex 1 18.0291 47.1119
    endloop
  endfacet
  facet normal -0.511605 0.853628 0.0978782
    outer loop
      vertex -8.522 15.9435 48.8881
      vertex -10.0437 15.0315 48.8881
      vertex -8.43993 15.79 50.6558
    endloop
  endfacet
  facet normal 0.0489287 0.993986 0.0979659
    outer loop
      vertex 1 18.0291 48.8881
      vertex 1 17.9532 49.6582
      vertex 1.77197 17.9911 48.8881
    endloop
  endfacet
  facet normal 0.146017 0.98443 -0.097864
    outer loop
      vertex 3.52688 17.7308 47.1119
      vertex 1.75491 17.8179 45.3442
      vertex 1.77197 17.9911 47.1119
    endloop
  endfacet
  facet normal 0.0491652 0.998791 -0
    outer loop
      vertex 1.77197 17.9911 47.1119
      vertex 1 18.0291 48.8881
      vertex 1.77197 17.9911 48.8881
    endloop
  endfacet
  facet normal 0.0491652 0.998791 0
    outer loop
      vertex 1 18.0291 48.8881
      vertex 1.77197 17.9911 47.1119
      vertex 1 18.0291 47.1119
    endloop
  endfacet
  facet normal -0.0489287 0.993986 0.0979659
    outer loop
      vertex -1 18.0291 48.8881
      vertex -1.77197 17.9911 48.8881
      vertex -1 17.9532 49.6582
    endloop
  endfacet
  facet normal -0.0488502 0.994002 0.0978458
    outer loop
      vertex -1 17.9532 49.6582
      vertex -1.75491 17.8179 50.6558
      vertex -1 17.855 50.6558
    endloop
  endfacet
  facet normal -0.0488262 0.994001 0.0978639
    outer loop
      vertex -1.75491 17.8179 50.6558
      vertex -1 17.9532 49.6582
      vertex -1.77197 17.9911 48.8881
    endloop
  endfacet
  facet normal 0.238342 0.951421 0.194915
    outer loop
      vertex 5.19728 17.1332 50.6558
      vertex 3.42531 17.2202 52.3979
      vertex 5.09669 16.8015 52.3979
    endloop
  endfacet
  facet normal 0.238311 0.951435 0.194883
    outer loop
      vertex 3.49292 17.5601 50.6558
      vertex 3.42531 17.2202 52.3979
      vertex 5.19728 17.1332 50.6558
    endloop
  endfacet
  facet normal -0.377176 0.797466 -0.470942
    outer loop
      vertex -5.94112 14.3431 38.6947
      vertex -7.31838 13.6917 38.6947
      vertex -6.26155 15.1167 40.2613
    endloop
  endfacet
  facet normal -0.427591 0.71346 -0.555105
    outer loop
      vertex -6.85319 12.8214 37.2178
      vertex -8.07691 12.088 37.2178
      vertex -7.31838 13.6917 38.6947
    endloop
  endfacet
  facet normal -0.709127 0.642697 -0.289966
    outer loop
      vertex -13.1736 10.8113 41.9023
      vertex -13.5722 11.1384 43.6021
      vertex -12.4151 12.4151 43.6021
    endloop
  endfacet
  facet normal -0.73739 0.668335 -0.0978927
    outer loop
      vertex -12.6601 12.6601 45.3442
      vertex -13.9746 11.4687 47.1119
      vertex -12.7832 12.7832 47.1119
    endloop
  endfacet
  facet normal -0.419366 0.886657 -0.19486
    outer loop
      vertex -8.27658 15.4844 43.6021
      vertex -8.43993 15.79 45.3442
      vertex -6.71899 16.2211 43.6021
    endloop
  endfacet
  facet normal -0.514073 0.857746 0
    outer loop
      vertex -8.522 15.9435 47.1119
      vertex -10.0437 15.0315 48.8881
      vertex -8.522 15.9435 48.8881
    endloop
  endfacet
  facet normal -0.514073 0.857746 0
    outer loop
      vertex -10.0437 15.0315 48.8881
      vertex -8.522 15.9435 47.1119
      vertex -10.0437 15.0315 47.1119
    endloop
  endfacet
  facet normal -0.511636 0.853605 -0.0979167
    outer loop
      vertex -9.94698 14.8867 45.3442
      vertex -10.0437 15.0315 47.1119
      vertex -8.43993 15.79 45.3442
    endloop
  endfacet
  facet normal -0.592854 0.799335 -0.0979151
    outer loop
      vertex -9.94698 14.8867 45.3442
      vertex -11.4687 13.9746 47.1119
      vertex -10.0437 15.0315 47.1119
    endloop
  endfacet
  facet normal -0.668335 0.73739 -0.0978927
    outer loop
      vertex -12.6601 12.6601 45.3442
      vertex -12.7832 12.7832 47.1119
      vertex -11.4687 13.9746 47.1119
    endloop
  endfacet
  facet normal -0.668342 0.737385 -0.0978843
    outer loop
      vertex -11.3582 13.8401 45.3442
      vertex -12.6601 12.6601 45.3442
      vertex -11.4687 13.9746 47.1119
    endloop
  endfacet
  facet normal -0.740949 0.671561 0
    outer loop
      vertex -13.9746 11.4687 47.1119
      vertex -12.7832 12.7832 48.8881
      vertex -12.7832 12.7832 47.1119
    endloop
  endfacet
  facet normal -0.740949 0.671561 0
    outer loop
      vertex -12.7832 12.7832 48.8881
      vertex -13.9746 11.4687 47.1119
      vertex -13.9746 11.4687 48.8881
    endloop
  endfacet
  facet normal 0.335279 0.937015 0.0979269
    outer loop
      vertex 6.91823 16.7021 48.8881
      vertex 5.24782 17.2998 48.8881
      vertex 6.8516 16.5412 50.6558
    endloop
  endfacet
  facet normal 0.475125 0.792512 0.382335
    outer loop
      vertex 8.03352 15.0297 54.0977
      vertex 7.98718 14.943 54.335
      vertex 8.18634 14.8236 54.335
    endloop
  endfacet
  facet normal 0.475025 0.792494 0.382499
    outer loop
      vertex 9.468 14.1699 54.0977
      vertex 8.18634 14.8236 54.335
      vertex 9.41339 14.0881 54.335
    endloop
  endfacet
  facet normal 0.475029 0.792532 0.382415
    outer loop
      vertex 8.18634 14.8236 54.335
      vertex 9.468 14.1699 54.0977
      vertex 8.03352 15.0297 54.0977
    endloop
  endfacet
  facet normal 0.395014 0.835247 0.382527
    outer loop
      vertex 6.52167 15.7447 54.0977
      vertex 7.77729 15.0422 54.335
      vertex 8.03352 15.0297 54.0977
    endloop
  endfacet
  facet normal 0.395111 0.835328 0.38225
    outer loop
      vertex 7.77729 15.0422 54.335
      vertex 6.52167 15.7447 54.0977
      vertex 6.48406 15.6539 54.335
    endloop
  endfacet
  facet normal 0.427591 0.71346 -0.555105
    outer loop
      vertex 8.07691 12.088 37.2178
      vertex 6.85319 12.8214 37.2178
      vertex 7.31838 13.6917 38.6947
    endloop
  endfacet
  facet normal 0.330659 0.699111 -0.633963
    outer loop
      vertex 6.85319 12.8214 37.2178
      vertex 5.13225 12.3903 35.8448
      vertex 5.56347 13.4314 37.2178
    endloop
  endfacet
  facet normal 0.36379 0.606884 -0.706646
    outer loop
      vertex 6.46314 11.2642 35.4336
      vertex 6.12816 11.465 35.4336
      vertex 6.322 11.8276 35.8448
    endloop
  endfacet
  facet normal 0.302553 0.639619 -0.706646
    outer loop
      vertex 6.12816 11.465 35.4336
      vertex 5.77511 11.632 35.4336
      vertex 6.322 11.8276 35.8448
    endloop
  endfacet
  facet normal 0.260567 0.728145 -0.633964
    outer loop
      vertex 5.13225 12.3903 35.8448
      vertex 4.22017 13.9121 37.2178
      vertex 5.56347 13.4314 37.2178
    endloop
  endfacet
  facet normal 0.28025 0.783148 -0.555103
    outer loop
      vertex 5.56347 13.4314 37.2178
      vertex 4.22017 13.9121 37.2178
      vertex 5.94112 14.3431 38.6947
    endloop
  endfacet
  facet normal 0.171924 0.68632 -0.706687
    outer loop
      vertex 3.7737 12.4402 35.4336
      vertex 3.39486 12.5351 35.4336
      vertex 3.89307 12.8337 35.8448
    endloop
  endfacet
  facet normal 0.238247 0.666204 -0.70669
    outer loop
      vertex 3.7737 12.4402 35.4336
      vertex 3.89307 12.8337 35.8448
      vertex 4.14141 12.3087 35.4336
    endloop
  endfacet
  facet normal 0.409192 0.865146 -0.289974
    outer loop
      vertex 8.27658 15.4844 43.6021
      vertex 6.52167 15.7447 41.9023
      vertex 6.71899 16.2211 43.6021
    endloop
  endfacet
  facet normal 0.409165 0.865169 -0.289942
    outer loop
      vertex 8.03352 15.0297 41.9023
      vertex 6.52167 15.7447 41.9023
      vertex 8.27658 15.4844 43.6021
    endloop
  endfacet
  facet normal 0.232561 0.928356 -0.289951
    outer loop
      vertex 4.94702 16.3081 41.9023
      vertex 3.32472 16.7145 41.9023
      vertex 5.09669 16.8015 43.6021
    endloop
  endfacet
  facet normal 0.232563 0.928354 -0.289953
    outer loop
      vertex 5.09669 16.8015 43.6021
      vertex 3.32472 16.7145 41.9023
      vertex 3.42531 17.2202 43.6021
    endloop
  endfacet
  facet normal 0.335279 0.937015 -0.0979269
    outer loop
      vertex 6.8516 16.5412 45.3442
      vertex 5.24782 17.2998 47.1119
      vertex 6.91823 16.7021 47.1119
    endloop
  endfacet
  facet normal 0.425489 0.89965 -0.0979261
    outer loop
      vertex 8.43993 15.79 45.3442
      vertex 6.8516 16.5412 45.3442
      vertex 6.91823 16.7021 47.1119
    endloop
  endfacet
  facet normal 0.297216 0.830584 -0.470949
    outer loop
      vertex 6.26155 15.1167 40.2613
      vertex 4.50664 14.8564 38.6947
      vertex 4.7497 15.6577 40.2613
    endloop
  endfacet
  facet normal 0.214319 0.85573 -0.470949
    outer loop
      vertex 4.50664 14.8564 38.6947
      vertex 3.19211 16.0478 40.2613
      vertex 4.7497 15.6577 40.2613
    endloop
  endfacet
  facet normal 0.58427 0.78782 0.194854
    outer loop
      vertex 9.94698 14.8867 50.6558
      vertex 9.75446 14.5986 52.3979
      vertex 11.3582 13.8401 50.6558
    endloop
  endfacet
  facet normal 0.658693 0.72674 0.194865
    outer loop
      vertex 11.3582 13.8401 50.6558
      vertex 11.1384 13.5722 52.3979
      vertex 12.6601 12.6601 50.6558
    endloop
  endfacet
  facet normal 0.941541 0.336899 0
    outer loop
      vertex 17.2998 5.24782 48.8881
      vertex 16.7021 6.91823 47.1119
      vertex 16.7021 6.91823 48.8881
    endloop
  endfacet
  facet normal 0.941541 0.336899 0
    outer loop
      vertex 16.7021 6.91823 47.1119
      vertex 17.2998 5.24782 48.8881
      vertex 17.2998 5.24782 47.1119
    endloop
  endfacet
  facet normal 0.923486 0.33047 -0.19484
    outer loop
      vertex 17.1332 5.19728 45.3442
      vertex 16.2211 6.71899 43.6021
      vertex 16.5412 6.8516 45.3442
    endloop
  endfacet
  facet normal 0.886669 0.41935 -0.194841
    outer loop
      vertex 16.2211 6.71899 43.6021
      vertex 15.79 8.43993 45.3442
      vertex 16.5412 6.8516 45.3442
    endloop
  endfacet
  facet normal 0.606884 0.36379 -0.706646
    outer loop
      vertex 11.465 6.12816 35.4336
      vertex 11.2642 6.46314 35.4336
      vertex 11.8276 6.322 35.8448
    endloop
  endfacet
  facet normal -0.135709 0.914027 0.38228
    outer loop
      vertex -3.07587 16.6522 54.335
      vertex -3.32472 16.7145 54.0977
      vertex -3.30554 16.6181 54.335
    endloop
  endfacet
  facet normal -0.0481444 0.97964 0.194902
    outer loop
      vertex -1.75491 17.8179 50.6558
      vertex -1 17.6536 51.6681
      vertex -1 17.855 50.6558
    endloop
  endfacet
  facet normal -0.0481241 0.979644 0.194888
    outer loop
      vertex -1 17.6536 51.6681
      vertex -1.75491 17.8179 50.6558
      vertex -1.72094 17.473 52.3979
    endloop
  endfacet
  facet normal -0.140417 0.946687 0.289941
    outer loop
      vertex -1.72094 17.473 52.3979
      vertex -3.42531 17.2202 52.3979
      vertex -1.6704 16.9599 54.0977
    endloop
  endfacet
  facet normal -0.550428 0.742136 0.382443
    outer loop
      vertex -10.8113 13.1736 54.0977
      vertex -9.59988 13.9498 54.335
      vertex -9.468 14.1699 54.0977
    endloop
  endfacet
  facet normal -0.55043 0.742144 0.382426
    outer loop
      vertex -9.59988 13.9498 54.335
      vertex -10.8113 13.1736 54.0977
      vertex -10.7489 13.0976 54.335
    endloop
  endfacet
  facet normal -0.395111 0.835328 0.38225
    outer loop
      vertex -6.52167 15.7447 54.0977
      vertex -7.77729 15.0422 54.335
      vertex -6.48406 15.6539 54.335
    endloop
  endfacet
  facet normal -0.395014 0.835247 0.382527
    outer loop
      vertex -7.77729 15.0422 54.335
      vertex -6.52167 15.7447 54.0977
      vertex -8.03352 15.0297 54.0977
    endloop
  endfacet
  facet normal -0.409165 0.865169 0.289942
    outer loop
      vertex -6.52167 15.7447 54.0977
      vertex -8.27658 15.4844 52.3979
      vertex -8.03352 15.0297 54.0977
    endloop
  endfacet
  facet normal -0.475125 0.792512 0.382335
    outer loop
      vertex -8.03352 15.0297 54.0977
      vertex -8.18634 14.8236 54.335
      vertex -7.98718 14.943 54.335
    endloop
  endfacet
  facet normal -0.68484 0.620375 0.382269
    outer loop
      vertex -12.0505 12.0505 54.0977
      vertex -12.1369 11.8089 54.335
      vertex -11.981 11.981 54.335
    endloop
  endfacet
  facet normal -0.322382 0.901102 0.289974
    outer loop
      vertex -5.09669 16.8015 52.3979
      vertex -6.71899 16.2211 52.3979
      vertex -6.52167 15.7447 54.0977
    endloop
  endfacet
  facet normal -0.146021 0.984429 0.0978678
    outer loop
      vertex -1.75491 17.8179 50.6558
      vertex -3.52688 17.7308 48.8881
      vertex -3.49292 17.5601 50.6558
    endloop
  endfacet
  facet normal -0.709127 0.642697 0.289966
    outer loop
      vertex -12.4151 12.4151 52.3979
      vertex -13.5722 11.1384 52.3979
      vertex -13.1736 10.8113 54.0977
    endloop
  endfacet
  facet normal -0.78781 0.58428 0.194868
    outer loop
      vertex -13.8401 11.3582 50.6558
      vertex -14.5986 9.75446 52.3979
      vertex -13.5722 11.1384 52.3979
    endloop
  endfacet
  facet normal -0.853628 0.511605 0.0978782
    outer loop
      vertex -15.0315 10.0437 48.8881
      vertex -15.9435 8.522 48.8881
      vertex -15.79 8.43993 50.6558
    endloop
  endfacet
  facet normal -0.799335 0.592854 0.0979151
    outer loop
      vertex -13.9746 11.4687 48.8881
      vertex -15.0315 10.0437 48.8881
      vertex -14.8867 9.94698 50.6558
    endloop
  endfacet
  facet normal -0.799359 0.592827 0.0978793
    outer loop
      vertex -13.9746 11.4687 48.8881
      vertex -14.8867 9.94698 50.6558
      vertex -13.8401 11.3582 50.6558
    endloop
  endfacet
  facet normal -0.72674 0.658693 -0.194865
    outer loop
      vertex -13.5722 11.1384 43.6021
      vertex -13.8401 11.3582 45.3442
      vertex -12.6601 12.6601 45.3442
    endloop
  endfacet
  facet normal -0.853628 0.511605 -0.0978782
    outer loop
      vertex -15.79 8.43993 45.3442
      vertex -15.9435 8.522 47.1119
      vertex -15.0315 10.0437 47.1119
    endloop
  endfacet
  facet normal -0.841289 0.504245 -0.19486
    outer loop
      vertex -15.4844 8.27658 43.6021
      vertex -15.79 8.43993 45.3442
      vertex -14.5986 9.75446 43.6021
    endloop
  endfacet
  facet normal -0.820886 0.492016 -0.289944
    outer loop
      vertex -15.0297 8.03352 41.9023
      vertex -15.4844 8.27658 43.6021
      vertex -14.5986 9.75446 43.6021
    endloop
  endfacet
  facet normal -0.684688 0.62054 -0.382274
    outer loop
      vertex -12.6482 10.3801 40.2613
      vertex -13.1736 10.8113 41.9023
      vertex -12.0505 12.0505 41.9023
    endloop
  endfacet
  facet normal -0.768692 0.570124 -0.289949
    outer loop
      vertex -14.1699 9.468 41.9023
      vertex -14.5986 9.75446 43.6021
      vertex -13.1736 10.8113 41.9023
    endloop
  endfacet
  facet normal -0.89637 -0.224461 0.382281
    outer loop
      vertex -16.6181 -3.30554 54.335
      vertex -16.7145 -3.32472 54.0977
      vertex -16.5617 -3.53077 54.335
    endloop
  endfacet
  facet normal 0.524239 0.475116 -0.70671
    outer loop
      vertex 9.45466 8.90301 35.4336
      vertex 10.367 8.50798 35.8448
      vertex 10.0491 8.24711 35.4336
    endloop
  endfacet
  facet normal 0.524241 0.475138 -0.706693
    outer loop
      vertex 10.367 8.50798 35.8448
      vertex 9.45466 8.90301 35.4336
      vertex 9.48316 9.48316 35.8448
    endloop
  endfacet
  facet normal 0.728142 -0.260542 -0.633978
    outer loop
      vertex 13.9121 -4.22017 37.2178
      vertex 12.3903 -5.13225 35.8448
      vertex 12.8337 -3.89307 35.8448
    endloop
  endfacet
  facet normal 0.706679 -0.0347839 -0.706679
    outer loop
      vertex 13.4112 0 35.8448
      vertex 12.9808 -0.390072 35.4336
      vertex 13 0 35.4336
    endloop
  endfacet
  facet normal 0.68632 -0.171924 -0.706687
    outer loop
      vertex 12.8337 -3.89307 35.8448
      vertex 12.4402 -3.7737 35.4336
      vertex 12.5351 -3.39486 35.4336
    endloop
  endfacet
  facet normal 0.666204 -0.238247 -0.70669
    outer loop
      vertex 12.8337 -3.89307 35.8448
      vertex 12.3087 -4.14141 35.4336
      vertex 12.4402 -3.7737 35.4336
    endloop
  endfacet
  facet normal 0.113466 -0.764979 -0.633981
    outer loop
      vertex 1.42498 -14.4681 37.2178
      vertex 1.31453 -13.3466 35.8448
      vertex 2.6164 -13.1535 35.8448
    endloop
  endfacet
  facet normal 0.187883 -0.750199 -0.633957
    outer loop
      vertex 2.83623 -14.2587 37.2178
      vertex 2.6164 -13.1535 35.8448
      vertex 4.22017 -13.9121 37.2178
    endloop
  endfacet
  facet normal 0.302528 -0.639652 -0.706627
    outer loop
      vertex 5.13225 -12.3903 35.8448
      vertex 5.77511 -11.632 35.4336
      vertex 6.322 -11.8276 35.8448
    endloop
  endfacet
  facet normal 0.302454 -0.639622 -0.706686
    outer loop
      vertex 5.77511 -11.632 35.4336
      vertex 5.13225 -12.3903 35.8448
      vertex 4.97488 -12.0104 35.4336
    endloop
  endfacet
  facet normal 0.238247 -0.666204 -0.70669
    outer loop
      vertex 3.89307 -12.8337 35.8448
      vertex 3.7737 -12.4402 35.4336
      vertex 4.14141 -12.3087 35.4336
    endloop
  endfacet
  facet normal 0.043311 -0.881101 -0.470941
    outer loop
      vertex 1.60378 -16.2834 40.2613
      vertex 0 -15.5249 38.6947
      vertex 1.5217 -15.4501 38.6947
    endloop
  endfacet
  facet normal 0.129411 -0.872621 -0.470941
    outer loop
      vertex 1.60378 -16.2834 40.2613
      vertex 1.5217 -15.4501 38.6947
      vertex 3.02876 -15.2266 38.6947
    endloop
  endfacet
  facet normal -0.311295 -0.870039 -0.382266
    outer loop
      vertex -4.94702 -16.3081 41.9023
      vertex -6.52167 -15.7447 41.9023
      vertex -4.7497 -15.6577 40.2613
    endloop
  endfacet
  facet normal -0.330653 -0.699119 -0.633957
    outer loop
      vertex -5.13225 -12.3903 35.8448
      vertex -6.85319 -12.8214 37.2178
      vertex -6.322 -11.8276 35.8448
    endloop
  endfacet
  facet normal 0.238342 -0.951421 0.194915
    outer loop
      vertex 5.09669 -16.8015 52.3979
      vertex 3.42531 -17.2202 52.3979
      vertex 5.19728 -17.1332 50.6558
    endloop
  endfacet
  facet normal 0.419366 -0.886657 0.19486
    outer loop
      vertex 8.27658 -15.4844 52.3979
      vertex 6.71899 -16.2211 52.3979
      vertex 8.43993 -15.79 50.6558
    endloop
  endfacet
  facet normal 0.409165 -0.865169 0.289942
    outer loop
      vertex 8.03352 -15.0297 54.0977
      vertex 6.52167 -15.7447 54.0977
      vertex 8.27658 -15.4844 52.3979
    endloop
  endfacet
  facet normal -0.642694 -0.709132 -0.289961
    outer loop
      vertex -10.8113 -13.1736 41.9023
      vertex -12.4151 -12.4151 43.6021
      vertex -12.0505 -12.0505 41.9023
    endloop
  endfacet
  facet normal -0.475052 -0.792571 -0.382306
    outer loop
      vertex -8.03352 -15.0297 41.9023
      vertex -9.468 -14.1699 41.9023
      vertex -9.09035 -13.6047 40.2613
    endloop
  endfacet
  facet normal -0.658678 -0.72676 -0.194841
    outer loop
      vertex -11.1384 -13.5722 43.6021
      vertex -12.6601 -12.6601 45.3442
      vertex -12.4151 -12.4151 43.6021
    endloop
  endfacet
  facet normal -0.737385 -0.668342 -0.0978843
    outer loop
      vertex -12.6601 -12.6601 45.3442
      vertex -13.9746 -11.4687 47.1119
      vertex -13.8401 -11.3582 45.3442
    endloop
  endfacet
  facet normal -0.224541 -0.896426 0.382101
    outer loop
      vertex -4.94702 -16.3081 54.0977
      vertex -3.53077 -16.5617 54.335
      vertex -4.91848 -16.2141 54.335
    endloop
  endfacet
  facet normal -0.22455 -0.896378 0.382208
    outer loop
      vertex -3.53077 -16.5617 54.335
      vertex -4.94702 -16.3081 54.0977
      vertex -3.32472 -16.7145 54.0977
    endloop
  endfacet
  facet normal -0.311288 -0.87002 0.382316
    outer loop
      vertex -4.94702 -16.3081 54.0977
      vertex -6.26544 -15.7321 54.335
      vertex -6.52167 -15.7447 54.0977
    endloop
  endfacet
  facet normal -0.311354 -0.870087 0.382108
    outer loop
      vertex -6.26544 -15.7321 54.335
      vertex -4.94702 -16.3081 54.0977
      vertex -4.91848 -16.2141 54.335
    endloop
  endfacet
  facet normal -0.238311 -0.951435 0.194883
    outer loop
      vertex -3.42531 -17.2202 52.3979
      vertex -5.19728 -17.1332 50.6558
      vertex -3.49292 -17.5601 50.6558
    endloop
  endfacet
  facet normal -0.0453448 -0.922956 0.382224
    outer loop
      vertex -1.6704 -16.9599 54.0977
      vertex -0.231905 -16.9323 54.335
      vertex -1.66077 -16.8621 54.335
    endloop
  endfacet
  facet normal -0.0453119 -0.923037 0.382034
    outer loop
      vertex -0.231905 -16.9323 54.335
      vertex -1.6704 -16.9599 54.0977
      vertex 0 -17.0419 54.0977
    endloop
  endfacet
  facet normal -0.0453756 -0.923056 0.381981
    outer loop
      vertex 0 -16.9437 54.335
      vertex -0.231905 -16.9323 54.335
      vertex 0 -17.0419 54.0977
    endloop
  endfacet
  facet normal 0.224461 -0.89637 0.382281
    outer loop
      vertex 3.53077 -16.5617 54.335
      vertex 3.30554 -16.6181 54.335
      vertex 3.32472 -16.7145 54.0977
    endloop
  endfacet
  facet normal -0.0488247 -0.994001 0.0978639
    outer loop
      vertex -1.75491 -17.8179 50.6558
      vertex -1.77197 -17.9911 48.8881
      vertex 0 -17.9041 50.6558
    endloop
  endfacet
  facet normal -0.143906 -0.970211 0.194888
    outer loop
      vertex -1.72094 -17.473 52.3979
      vertex -3.42531 -17.2202 52.3979
      vertex -1.75491 -17.8179 50.6558
    endloop
  endfacet
  facet normal -0.14043 -0.946682 0.289953
    outer loop
      vertex -3.32472 -16.7145 54.0977
      vertex -3.42531 -17.2202 52.3979
      vertex -1.6704 -16.9599 54.0977
    endloop
  endfacet
  facet normal -0.140417 -0.946687 0.289941
    outer loop
      vertex -1.6704 -16.9599 54.0977
      vertex -3.42531 -17.2202 52.3979
      vertex -1.72094 -17.473 52.3979
    endloop
  endfacet
  facet normal -0.0488592 -0.993996 0.0978983
    outer loop
      vertex 0 -17.9041 50.6558
      vertex -1.77197 -17.9911 48.8881
      vertex 0 -18.0782 48.8881
    endloop
  endfacet
  facet normal -0.335279 -0.937015 -0.0979269
    outer loop
      vertex -5.24782 -17.2998 47.1119
      vertex -6.91823 -16.7021 47.1119
      vertex -6.8516 -16.5412 45.3442
    endloop
  endfacet
  facet normal -0.0469899 -0.955872 -0.290001
    outer loop
      vertex 0 -17.5576 43.6021
      vertex -1.72094 -17.473 43.6021
      vertex 0 -17.0419 41.9023
    endloop
  endfacet
  facet normal -0.232563 -0.928354 -0.289953
    outer loop
      vertex -3.42531 -17.2202 43.6021
      vertex -5.09669 -16.8015 43.6021
      vertex -3.32472 -16.7145 41.9023
    endloop
  endfacet
  facet normal -0.238342 -0.951421 -0.194915
    outer loop
      vertex -3.42531 -17.2202 43.6021
      vertex -5.19728 -17.1332 45.3442
      vertex -5.09669 -16.8015 43.6021
    endloop
  endfacet
  facet normal -0.330394 -0.923498 -0.194913
    outer loop
      vertex -5.19728 -17.1332 45.3442
      vertex -6.71899 -16.2211 43.6021
      vertex -5.09669 -16.8015 43.6021
    endloop
  endfacet
  facet normal -0.143912 -0.970211 -0.194882
    outer loop
      vertex -1.75491 -17.8179 45.3442
      vertex -3.49292 -17.5601 45.3442
      vertex -3.42531 -17.2202 43.6021
    endloop
  endfacet
  facet normal -0.146021 -0.984429 -0.0978678
    outer loop
      vertex -1.75491 -17.8179 45.3442
      vertex -3.52688 -17.7308 47.1119
      vertex -3.49292 -17.5601 45.3442
    endloop
  endfacet
  facet normal -0.395054 -0.835333 -0.382298
    outer loop
      vertex -6.52167 -15.7447 41.9023
      vertex -8.03352 -15.0297 41.9023
      vertex -6.26155 -15.1167 40.2613
    endloop
  endfacet
  facet normal -0.409192 -0.865146 -0.289974
    outer loop
      vertex -6.71899 -16.2211 43.6021
      vertex -8.27658 -15.4844 43.6021
      vertex -6.52167 -15.7447 41.9023
    endloop
  endfacet
  facet normal -0.592827 -0.799359 0.0978793
    outer loop
      vertex -11.3582 -13.8401 50.6558
      vertex -11.4687 -13.9746 48.8881
      vertex -9.94698 -14.8867 50.6558
    endloop
  endfacet
  facet normal -0.511636 -0.853605 0.0979167
    outer loop
      vertex -9.94698 -14.8867 50.6558
      vertex -10.0437 -15.0315 48.8881
      vertex -8.43993 -15.79 50.6558
    endloop
  endfacet
  facet normal -0.668335 -0.73739 0.0978927
    outer loop
      vertex -12.6601 -12.6601 50.6558
      vertex -12.7832 -12.7832 48.8881
      vertex -11.4687 -13.9746 48.8881
    endloop
  endfacet
  facet normal -0.355635 -0.751921 -0.555103
    outer loop
      vertex -5.94112 -14.3431 38.6947
      vertex -7.31838 -13.6917 38.6947
      vertex -5.56347 -13.4314 37.2178
    endloop
  endfacet
  facet normal -0.409165 -0.865169 -0.289942
    outer loop
      vertex -6.52167 -15.7447 41.9023
      vertex -8.27658 -15.4844 43.6021
      vertex -8.03352 -15.0297 41.9023
    endloop
  endfacet
  facet normal -0.989178 0.146721 0
    outer loop
      vertex -17.9911 1.77197 47.1119
      vertex -17.7308 3.52688 48.8881
      vertex -17.7308 3.52688 47.1119
    endloop
  endfacet
  facet normal -0.989178 0.146721 0
    outer loop
      vertex -17.7308 3.52688 48.8881
      vertex -17.9911 1.77197 47.1119
      vertex -17.9911 1.77197 48.8881
    endloop
  endfacet
  facet normal -0.914031 0.135586 -0.382313
    outer loop
      vertex -16.2834 1.60378 40.2613
      vertex -16.9599 1.6704 41.9023
      vertex -16.7145 3.32472 41.9023
    endloop
  endfacet
  facet normal -0.914035 0.13558 -0.382307
    outer loop
      vertex -16.2834 1.60378 40.2613
      vertex -16.7145 3.32472 41.9023
      vertex -16.0478 3.19211 40.2613
    endloop
  endfacet
  facet normal -0.83059 -0.29721 -0.470943
    outer loop
      vertex -14.3431 -5.94112 38.6947
      vertex -15.1167 -6.26155 40.2613
      vertex -14.8564 -4.50664 38.6947
    endloop
  endfacet
  facet normal -0.783159 -0.280238 -0.555093
    outer loop
      vertex -14.3431 -5.94112 38.6947
      vertex -14.8564 -4.50664 38.6947
      vertex -13.9121 -4.22017 37.2178
    endloop
  endfacet
  facet normal -0.922934 0.0453474 -0.382278
    outer loop
      vertex -16.3622 0 40.2613
      vertex -17.0419 0 41.9023
      vertex -16.2834 1.60378 40.2613
    endloop
  endfacet
  facet normal -0.830796 0.0408383 -0.555076
    outer loop
      vertex -14.4681 1.42498 37.2178
      vertex -15.5249 0 38.6947
      vertex -15.4501 1.5217 38.6947
    endloop
  endfacet
  facet normal -0.797467 0.377159 -0.470955
    outer loop
      vertex -13.6917 7.31838 38.6947
      vertex -15.1167 6.26155 40.2613
      vertex -14.4302 7.71309 40.2613
    endloop
  endfacet
  facet normal -0.835324 0.395063 -0.382308
    outer loop
      vertex -14.4302 7.71309 40.2613
      vertex -15.1167 6.26155 40.2613
      vertex -15.0297 8.03352 41.9023
    endloop
  endfacet
  facet normal -0.865146 0.409192 -0.289974
    outer loop
      vertex -15.7447 6.52167 41.9023
      vertex -16.2211 6.71899 43.6021
      vertex -15.4844 8.27658 43.6021
    endloop
  endfacet
  facet normal -0.865169 0.409165 -0.289942
    outer loop
      vertex -15.0297 8.03352 41.9023
      vertex -15.7447 6.52167 41.9023
      vertex -15.4844 8.27658 43.6021
    endloop
  endfacet
  facet normal -0.653689 0.592415 -0.470888
    outer loop
      vertex -10.9778 10.9778 38.6947
      vertex -12.0009 9.84888 38.6947
      vertex -11.5698 11.5698 40.2613
    endloop
  endfacet
  facet normal -0.592415 0.653689 -0.470888
    outer loop
      vertex -10.9778 10.9778 38.6947
      vertex -11.5698 11.5698 40.2613
      vertex -9.84888 12.0009 38.6947
    endloop
  endfacet
  facet normal -0.984429 -0.146021 0.0978678
    outer loop
      vertex -17.5601 -3.49292 50.6558
      vertex -17.8179 -1.75491 50.6558
      vertex -17.7308 -3.52688 48.8881
    endloop
  endfacet
  facet normal -0.98443 -0.146017 0.097864
    outer loop
      vertex -17.8179 -1.75491 50.6558
      vertex -17.9911 -1.77197 48.8881
      vertex -17.7308 -3.52688 48.8881
    endloop
  endfacet
  facet normal -0.955872 -0.0469899 -0.290001
    outer loop
      vertex -17.473 -1.72094 43.6021
      vertex -17.5576 0 43.6021
      vertex -17.0419 0 41.9023
    endloop
  endfacet
  facet normal -0.955894 -0.0469249 -0.28994
    outer loop
      vertex -16.9599 -1.6704 41.9023
      vertex -17.473 -1.72094 43.6021
      vertex -17.0419 0 41.9023
    endloop
  endfacet
  facet normal -0.937015 -0.335279 -0.0979269
    outer loop
      vertex -16.7021 -6.91823 47.1119
      vertex -17.2998 -5.24782 47.1119
      vertex -16.5412 -6.8516 45.3442
    endloop
  endfacet
  facet normal -0.937008 -0.335309 -0.0978967
    outer loop
      vertex -16.5412 -6.8516 45.3442
      vertex -17.2998 -5.24782 47.1119
      vertex -17.1332 -5.19728 45.3442
    endloop
  endfacet
  facet normal -0.899645 -0.425509 -0.0978839
    outer loop
      vertex -16.1188 -8.15149 47.1119
      vertex -16.7021 -6.91823 47.1119
      vertex -16.003 -8.08462 45.7569
    endloop
  endfacet
  facet normal -0.899654 -0.425474 -0.0979518
    outer loop
      vertex -16.003 -8.08462 45.7569
      vertex -16.5412 -6.8516 45.3442
      vertex -15.9677 -8.06425 45.3442
    endloop
  endfacet
  facet normal -0.899659 -0.425468 -0.0979262
    outer loop
      vertex -16.5412 -6.8516 45.3442
      vertex -16.003 -8.08462 45.7569
      vertex -16.7021 -6.91823 47.1119
    endloop
  endfacet
  facet normal -0.671561 -0.740949 0
    outer loop
      vertex -12.7832 -12.7832 47.1119
      vertex -11.4687 -13.9746 48.8881
      vertex -12.7832 -12.7832 48.8881
    endloop
  endfacet
  facet normal -0.671561 -0.740949 -0
    outer loop
      vertex -11.4687 -13.9746 48.8881
      vertex -12.7832 -12.7832 47.1119
      vertex -11.4687 -13.9746 47.1119
    endloop
  endfacet
  facet normal -0.504245 -0.841289 -0.19486
    outer loop
      vertex -8.43993 -15.79 45.3442
      vertex -9.75446 -14.5986 43.6021
      vertex -8.27658 -15.4844 43.6021
    endloop
  endfacet
  facet normal -0.419366 -0.886657 -0.19486
    outer loop
      vertex -6.71899 -16.2211 43.6021
      vertex -8.43993 -15.79 45.3442
      vertex -8.27658 -15.4844 43.6021
    endloop
  endfacet
  facet normal -0.85365 -0.511562 -0.0979089
    outer loop
      vertex -14.8867 -9.94698 45.3442
      vertex -15.1097 -9.87829 46.9296
      vertex -14.9746 -9.8003 45.3442
    endloop
  endfacet
  facet normal -0.853683 -0.511505 -0.097916
    outer loop
      vertex -15.1097 -9.87829 46.9296
      vertex -14.8867 -9.94698 45.3442
      vertex -15.0315 -10.0437 47.1119
    endloop
  endfacet
  facet normal -0.853781 -0.511373 -0.0977544
    outer loop
      vertex -15.0315 -10.0437 47.1119
      vertex -15.1252 -9.88726 47.1119
      vertex -15.1097 -9.87829 46.9296
    endloop
  endfacet
  facet normal -0.928354 -0.232563 -0.289953
    outer loop
      vertex -16.8015 -5.09669 43.6021
      vertex -17.2202 -3.42531 43.6021
      vertex -16.7145 -3.32472 41.9023
    endloop
  endfacet
  facet normal -0.946682 -0.14043 -0.289953
    outer loop
      vertex -16.7145 -3.32472 41.9023
      vertex -17.2202 -3.42531 43.6021
      vertex -16.9599 -1.6704 41.9023
    endloop
  endfacet
  facet normal -0.799359 -0.592827 0.0978793
    outer loop
      vertex -13.8401 -11.3582 50.6558
      vertex -14.8867 -9.94698 50.6558
      vertex -13.9746 -11.4687 48.8881
    endloop
  endfacet
  facet normal -0.78782 -0.58427 0.194854
    outer loop
      vertex -14.5986 -9.75446 52.3979
      vertex -14.8867 -9.94698 50.6558
      vertex -13.8401 -11.3582 50.6558
    endloop
  endfacet
  facet normal -0.865138 -0.409209 0.289973
    outer loop
      vertex -16.2211 -6.71899 52.3979
      vertex -15.5515 -7.82398 52.8363
      vertex -15.7447 -6.52167 54.0977
    endloop
  endfacet
  facet normal -0.865143 -0.40923 0.289928
    outer loop
      vertex -15.5515 -7.82398 52.8363
      vertex -16.2211 -6.71899 52.3979
      vertex -15.6669 -7.89061 52.3979
    endloop
  endfacet
  facet normal 0.0453119 -0.923037 0.382034
    outer loop
      vertex 1.6704 -16.9599 54.0977
      vertex 0.231905 -16.9323 54.335
      vertex 0 -17.0419 54.0977
    endloop
  endfacet
  facet normal 0.0453448 -0.922956 0.382224
    outer loop
      vertex 0.231905 -16.9323 54.335
      vertex 1.6704 -16.9599 54.0977
      vertex 1.66077 -16.8621 54.335
    endloop
  endfacet
  facet normal 0.135583 -0.914069 0.382223
    outer loop
      vertex 1.6704 -16.9599 54.0977
      vertex 3.07587 -16.6522 54.335
      vertex 1.66077 -16.8621 54.335
    endloop
  endfacet
  facet normal 0.135595 -0.914087 0.382176
    outer loop
      vertex 3.07587 -16.6522 54.335
      vertex 1.6704 -16.9599 54.0977
      vertex 3.32472 -16.7145 54.0977
    endloop
  endfacet
  facet normal 0.14043 -0.946682 0.289953
    outer loop
      vertex 3.32472 -16.7145 54.0977
      vertex 1.6704 -16.9599 54.0977
      vertex 3.42531 -17.2202 52.3979
    endloop
  endfacet
  facet normal 0.224545 -0.896356 -0.382265
    outer loop
      vertex 4.94702 -16.3081 41.9023
      vertex 3.32472 -16.7145 41.9023
      vertex 4.7497 -15.6577 40.2613
    endloop
  endfacet
  facet normal 0.335309 -0.937008 -0.0978967
    outer loop
      vertex 5.24782 -17.2998 47.1119
      vertex 5.19728 -17.1332 45.3442
      vertex 6.8516 -16.5412 45.3442
    endloop
  endfacet
  facet normal 0.13558 -0.914035 -0.382307
    outer loop
      vertex 3.32472 -16.7145 41.9023
      vertex 1.60378 -16.2834 40.2613
      vertex 3.19211 -16.0478 40.2613
    endloop
  endfacet
  facet normal 0.0453063 -0.922922 -0.382313
    outer loop
      vertex 1.6704 -16.9599 41.9023
      vertex 0 -17.0419 41.9023
      vertex 1.60378 -16.2834 40.2613
    endloop
  endfacet
  facet normal 0.595717 -0.803195 0
    outer loop
      vertex 10.0437 -15.0315 47.1119
      vertex 11.4687 -13.9746 48.8881
      vertex 10.0437 -15.0315 48.8881
    endloop
  endfacet
  facet normal 0.595717 -0.803195 0
    outer loop
      vertex 11.4687 -13.9746 48.8881
      vertex 10.0437 -15.0315 47.1119
      vertex 11.4687 -13.9746 47.1119
    endloop
  endfacet
  facet normal 0.592854 -0.799335 0.0979151
    outer loop
      vertex 11.4687 -13.9746 48.8881
      vertex 9.94698 -14.8867 50.6558
      vertex 10.0437 -15.0315 48.8881
    endloop
  endfacet
  facet normal 0.511636 -0.853605 0.0979167
    outer loop
      vertex 9.94698 -14.8867 50.6558
      vertex 8.43993 -15.79 50.6558
      vertex 10.0437 -15.0315 48.8881
    endloop
  endfacet
  facet normal 0.241774 -0.965381 0.0978966
    outer loop
      vertex 5.19728 -17.1332 50.6558
      vertex 3.52688 -17.7308 48.8881
      vertex 5.24782 -17.2998 48.8881
    endloop
  endfacet
  facet normal 0.335309 -0.937008 0.0978967
    outer loop
      vertex 6.8516 -16.5412 50.6558
      vertex 5.19728 -17.1332 50.6558
      vertex 5.24782 -17.2998 48.8881
    endloop
  endfacet
  facet normal 0.71346 0.427591 -0.555105
    outer loop
      vertex 12.8214 6.85319 37.2178
      vertex 12.088 8.07691 37.2178
      vertex 13.6917 7.31838 38.6947
    endloop
  endfacet
  facet normal 0.699119 0.330653 -0.633957
    outer loop
      vertex 12.3903 5.13225 35.8448
      vertex 11.8276 6.322 35.8448
      vertex 12.8214 6.85319 37.2178
    endloop
  endfacet
  facet normal 0.965377 0.241803 -0.0978681
    outer loop
      vertex 17.5601 3.49292 45.3442
      vertex 17.1332 5.19728 45.3442
      vertex 17.7308 3.52688 47.1119
    endloop
  endfacet
  facet normal 0.970211 0.143912 -0.194882
    outer loop
      vertex 17.8179 1.75491 45.3442
      vertex 17.2202 3.42531 43.6021
      vertex 17.5601 3.49292 45.3442
    endloop
  endfacet
  facet normal 0.97965 0.0481588 -0.19485
    outer loop
      vertex 17.5576 0 43.6021
      vertex 17.473 1.72094 43.6021
      vertex 17.9041 0 45.3442
    endloop
  endfacet
  facet normal 0.994001 -0.0488247 -0.0978639
    outer loop
      vertex 17.9911 -1.77197 47.1119
      vertex 17.8179 -1.75491 45.3442
      vertex 17.9041 0 45.3442
    endloop
  endfacet
  facet normal 0.941541 -0.336899 0
    outer loop
      vertex 16.7021 -6.91823 48.8881
      vertex 17.2998 -5.24782 47.1119
      vertex 17.2998 -5.24782 48.8881
    endloop
  endfacet
  facet normal 0.941541 -0.336899 0
    outer loop
      vertex 17.2998 -5.24782 47.1119
      vertex 16.7021 -6.91823 48.8881
      vertex 16.7021 -6.91823 47.1119
    endloop
  endfacet
  facet normal 0.872621 -0.129411 -0.470941
    outer loop
      vertex 16.2834 -1.60378 40.2613
      vertex 15.2266 -3.02876 38.6947
      vertex 15.4501 -1.5217 38.6947
    endloop
  endfacet
  facet normal 0.881101 -0.043311 -0.470941
    outer loop
      vertex 16.2834 -1.60378 40.2613
      vertex 15.4501 -1.5217 38.6947
      vertex 15.5249 0 38.6947
    endloop
  endfacet
  facet normal 0.620575 0.684623 -0.382333
    outer loop
      vertex 11.5698 11.5698 40.2613
      vertex 10.3801 12.6482 40.2613
      vertex 12.0505 12.0505 41.9023
    endloop
  endfacet
  facet normal 0.684623 0.620575 -0.382333
    outer loop
      vertex 12.6482 10.3801 40.2613
      vertex 11.5698 11.5698 40.2613
      vertex 12.0505 12.0505 41.9023
    endloop
  endfacet
  facet normal 0.621168 0.460686 -0.633971
    outer loop
      vertex 11.151 7.45087 35.8448
      vertex 10.367 8.50798 35.8448
      vertex 12.088 8.07691 37.2178
    endloop
  endfacet
  facet normal 0.668094 0.4955 -0.555095
    outer loop
      vertex 12.088 8.07691 37.2178
      vertex 11.2381 9.22285 37.2178
      vertex 12.0009 9.84888 38.6947
    endloop
  endfacet
  facet normal 0.928354 0.232563 -0.289953
    outer loop
      vertex 17.2202 3.42531 43.6021
      vertex 16.7145 3.32472 41.9023
      vertex 16.8015 5.09669 43.6021
    endloop
  endfacet
  facet normal 0.928356 0.232561 -0.289951
    outer loop
      vertex 16.7145 3.32472 41.9023
      vertex 16.3081 4.94702 41.9023
      vertex 16.8015 5.09669 43.6021
    endloop
  endfacet
  facet normal 0.820886 0.492016 -0.289944
    outer loop
      vertex 15.0297 8.03352 41.9023
      vertex 14.5986 9.75446 43.6021
      vertex 15.4844 8.27658 43.6021
    endloop
  endfacet
  facet normal 0.792571 0.475052 -0.382306
    outer loop
      vertex 15.0297 8.03352 41.9023
      vertex 13.6047 9.09035 40.2613
      vertex 14.1699 9.468 41.9023
    endloop
  endfacet
  facet normal 0.72674 0.658693 -0.194865
    outer loop
      vertex 13.5722 11.1384 43.6021
      vertex 12.6601 12.6601 45.3442
      vertex 13.8401 11.3582 45.3442
    endloop
  endfacet
  facet normal 0.642697 0.709127 -0.289966
    outer loop
      vertex 12.4151 12.4151 43.6021
      vertex 10.8113 13.1736 41.9023
      vertex 11.1384 13.5722 43.6021
    endloop
  endfacet
  facet normal 0.668342 0.737385 -0.0978843
    outer loop
      vertex 12.6601 12.6601 45.3442
      vertex 11.3582 13.8401 45.3442
      vertex 11.4687 13.9746 47.1119
    endloop
  endfacet
  facet normal 0.668335 0.73739 -0.0978927
    outer loop
      vertex 12.6601 12.6601 45.3442
      vertex 11.4687 13.9746 47.1119
      vertex 12.7832 12.7832 47.1119
    endloop
  endfacet
  facet normal 0.881101 0.043311 -0.470941
    outer loop
      vertex 15.5249 0 38.6947
      vertex 15.4501 1.5217 38.6947
      vertex 16.2834 1.60378 40.2613
    endloop
  endfacet
  facet normal 0.914035 0.13558 -0.382307
    outer loop
      vertex 16.2834 1.60378 40.2613
      vertex 16.0478 3.19211 40.2613
      vertex 16.7145 3.32472 41.9023
    endloop
  endfacet
  facet normal 0.896351 0.224492 -0.382308
    outer loop
      vertex 16.0478 3.19211 40.2613
      vertex 15.6577 4.7497 40.2613
      vertex 16.7145 3.32472 41.9023
    endloop
  endfacet
  facet normal 0.914031 0.135586 -0.382313
    outer loop
      vertex 16.9599 1.6704 41.9023
      vertex 16.2834 1.60378 40.2613
      vertex 16.7145 3.32472 41.9023
    endloop
  endfacet
  facet normal 0.970211 -0.143906 0.194888
    outer loop
      vertex 17.473 -1.72094 52.3979
      vertex 17.2202 -3.42531 52.3979
      vertex 17.8179 -1.75491 50.6558
    endloop
  endfacet
  facet normal 0.896426 -0.224541 0.382101
    outer loop
      vertex 16.3081 -4.94702 54.0977
      vertex 16.5617 -3.53077 54.335
      vertex 16.2141 -4.91848 54.335
    endloop
  endfacet
  facet normal 0.896378 -0.22455 0.382208
    outer loop
      vertex 16.5617 -3.53077 54.335
      vertex 16.3081 -4.94702 54.0977
      vertex 16.7145 -3.32472 54.0977
    endloop
  endfacet
  facet normal 0.768699 -0.570106 0.289967
    outer loop
      vertex 14.5986 -9.75446 52.3979
      vertex 13.1736 -10.8113 54.0977
      vertex 13.5722 -11.1384 52.3979
    endloop
  endfacet
  facet normal 0.72676 -0.658678 0.194841
    outer loop
      vertex 13.5722 -11.1384 52.3979
      vertex 12.4151 -12.4151 52.3979
      vertex 12.6601 -12.6601 50.6558
    endloop
  endfacet
  facet normal 0.799359 -0.592827 0.0978793
    outer loop
      vertex 14.8867 -9.94698 50.6558
      vertex 13.8401 -11.3582 50.6558
      vertex 13.9746 -11.4687 48.8881
    endloop
  endfacet
  facet normal 0.857889 -0.513834 0
    outer loop
      vertex 15.0315 -10.0437 48.8881
      vertex 15.1252 -9.88726 47.1119
      vertex 15.1252 -9.88726 48.8881
    endloop
  endfacet
  facet normal 0.857889 -0.513834 0
    outer loop
      vertex 15.1252 -9.88726 47.1119
      vertex 15.0315 -10.0437 48.8881
      vertex 15.0315 -10.0437 47.1119
    endloop
  endfacet
  facet normal 0.965381 -0.241774 0.0978966
    outer loop
      vertex 17.7308 -3.52688 48.8881
      vertex 17.1332 -5.19728 50.6558
      vertex 17.2998 -5.24782 48.8881
    endloop
  endfacet
  facet normal 0.85365 -0.511562 0.0979089
    outer loop
      vertex 14.8867 -9.94698 50.6558
      vertex 15.1097 -9.87829 49.0704
      vertex 14.9746 -9.8003 50.6558
    endloop
  endfacet
  facet normal 0.853683 -0.511505 0.097916
    outer loop
      vertex 15.1097 -9.87829 49.0704
      vertex 14.8867 -9.94698 50.6558
      vertex 15.0315 -10.0437 48.8881
    endloop
  endfacet
  facet normal 0.799335 -0.592854 0.0979151
    outer loop
      vertex 14.8867 -9.94698 50.6558
      vertex 13.9746 -11.4687 48.8881
      vertex 15.0315 -10.0437 48.8881
    endloop
  endfacet
  facet normal 0.965381 -0.241774 -0.0978966
    outer loop
      vertex 17.2998 -5.24782 47.1119
      vertex 17.1332 -5.19728 45.3442
      vertex 17.7308 -3.52688 47.1119
    endloop
  endfacet
  facet normal 0.899645 -0.425509 -0.0978839
    outer loop
      vertex 16.1188 -8.15149 47.1119
      vertex 16.003 -8.08462 45.7569
      vertex 16.7021 -6.91823 47.1119
    endloop
  endfacet
  facet normal 0.653602 -0.592456 -0.470957
    outer loop
      vertex 12.6482 -10.3801 40.2613
      vertex 11.5698 -11.5698 40.2613
      vertex 12.0009 -9.84888 38.6947
    endloop
  endfacet
  facet normal 0.83059 -0.29721 -0.470943
    outer loop
      vertex 15.1167 -6.26155 40.2613
      vertex 14.3431 -5.94112 38.6947
      vertex 14.8564 -4.50664 38.6947
    endloop
  endfacet
  facet normal 0.653689 -0.592415 -0.470888
    outer loop
      vertex 11.5698 -11.5698 40.2613
      vertex 10.9778 -10.9778 38.6947
      vertex 12.0009 -9.84888 38.6947
    endloop
  endfacet
  facet normal 0.55856 -0.616332 -0.555108
    outer loop
      vertex 10.9778 -10.9778 38.6947
      vertex 9.84888 -12.0009 38.6947
      vertex 10.28 -10.28 37.2178
    endloop
  endfacet
  facet normal 0.355636 -0.751919 -0.555104
    outer loop
      vertex 7.31838 -13.6917 38.6947
      vertex 5.56347 -13.4314 37.2178
      vertex 6.85319 -12.8214 37.2178
    endloop
  endfacet
  facet normal 0.616332 -0.55856 -0.555108
    outer loop
      vertex 10.9778 -10.9778 38.6947
      vertex 10.28 -10.28 37.2178
      vertex 12.0009 -9.84888 38.6947
    endloop
  endfacet
  facet normal 0.504245 -0.841289 0.19486
    outer loop
      vertex 9.75446 -14.5986 52.3979
      vertex 8.27658 -15.4844 52.3979
      vertex 8.43993 -15.79 50.6558
    endloop
  endfacet
  facet normal 0.322408 -0.9011 0.28995
    outer loop
      vertex 6.52167 -15.7447 54.0977
      vertex 4.94702 -16.3081 54.0977
      vertex 5.09669 -16.8015 52.3979
    endloop
  endfacet
  facet normal 0.47505 -0.792571 -0.382307
    outer loop
      vertex 8.03352 -15.0297 41.9023
      vertex 7.71309 -14.4302 40.2613
      vertex 9.09035 -13.6047 40.2613
    endloop
  endfacet
  facet normal 0.41935 -0.886669 -0.194841
    outer loop
      vertex 6.8516 -16.5412 45.3442
      vertex 6.71899 -16.2211 43.6021
      vertex 8.43993 -15.79 45.3442
    endloop
  endfacet
  facet normal 0.28025 -0.783148 -0.555103
    outer loop
      vertex 5.94112 -14.3431 38.6947
      vertex 4.22017 -13.9121 37.2178
      vertex 5.56347 -13.4314 37.2178
    endloop
  endfacet
  facet normal 0.260542 -0.728142 -0.633978
    outer loop
      vertex 4.22017 -13.9121 37.2178
      vertex 3.89307 -12.8337 35.8448
      vertex 5.13225 -12.3903 35.8448
    endloop
  endfacet
  facet normal 0.260567 -0.728145 -0.633964
    outer loop
      vertex 5.56347 -13.4314 37.2178
      vertex 4.22017 -13.9121 37.2178
      vertex 5.13225 -12.3903 35.8448
    endloop
  endfacet
  facet normal 0.29721 -0.83059 -0.470943
    outer loop
      vertex 6.26155 -15.1167 40.2613
      vertex 4.50664 -14.8564 38.6947
      vertex 5.94112 -14.3431 38.6947
    endloop
  endfacet
  facet normal 0.377176 -0.797466 -0.470942
    outer loop
      vertex 6.26155 -15.1167 40.2613
      vertex 5.94112 -14.3431 38.6947
      vertex 7.31838 -13.6917 38.6947
    endloop
  endfacet
  facet normal 0.475052 -0.792571 -0.382306
    outer loop
      vertex 9.468 -14.1699 41.9023
      vertex 8.03352 -15.0297 41.9023
      vertex 9.09035 -13.6047 40.2613
    endloop
  endfacet
  facet normal 0.550431 -0.742205 -0.382306
    outer loop
      vertex 9.468 -14.1699 41.9023
      vertex 9.09035 -13.6047 40.2613
      vertex 10.3801 -12.6482 40.2613
    endloop
  endfacet
  facet normal 0.224492 -0.896351 -0.382308
    outer loop
      vertex 3.32472 -16.7145 41.9023
      vertex 3.19211 -16.0478 40.2613
      vertex 4.7497 -15.6577 40.2613
    endloop
  endfacet
  facet normal 0.330394 -0.923498 -0.194913
    outer loop
      vertex 5.19728 -17.1332 45.3442
      vertex 5.09669 -16.8015 43.6021
      vertex 6.71899 -16.2211 43.6021
    endloop
  endfacet
  facet normal 0.668041 -0.495468 -0.555188
    outer loop
      vertex 12.0009 -9.84888 38.6947
      vertex 12.713 -8.49455 38.3429
      vertex 12.9085 -8.62516 38.6947
    endloop
  endfacet
  facet normal 0.668077 -0.495474 -0.555138
    outer loop
      vertex 12.713 -8.49455 38.3429
      vertex 12.0009 -9.84888 38.6947
      vertex 12.0852 -8.13212 37.2639
    endloop
  endfacet
  facet normal 0.668834 -0.496037 -0.553722
    outer loop
      vertex 12.0852 -8.13212 37.2639
      vertex 11.2381 -9.22285 37.2178
      vertex 12.0585 -8.11666 37.2178
    endloop
  endfacet
  facet normal 0.66814 -0.49544 -0.555093
    outer loop
      vertex 11.2381 -9.22285 37.2178
      vertex 12.0852 -8.13212 37.2639
      vertex 12.0009 -9.84888 38.6947
    endloop
  endfacet
  facet normal 0.951435 0.238311 0.194883
    outer loop
      vertex 17.5601 3.49292 50.6558
      vertex 17.1332 5.19728 50.6558
      vertex 17.2202 3.42531 52.3979
    endloop
  endfacet
  facet normal 0.951421 0.238342 0.194915
    outer loop
      vertex 17.1332 5.19728 50.6558
      vertex 16.8015 5.09669 52.3979
      vertex 17.2202 3.42531 52.3979
    endloop
  endfacet
  facet normal 0.550376 -0.742152 0.382487
    outer loop
      vertex 9.59988 -13.9498 54.335
      vertex 9.41339 -14.0881 54.335
      vertex 9.468 -14.1699 54.0977
    endloop
  endfacet
  facet normal 0.620499 -0.684635 0.382433
    outer loop
      vertex 10.8113 -13.1736 54.0977
      vertex 11.8089 -12.1369 54.335
      vertex 10.7489 -13.0976 54.335
    endloop
  endfacet
  facet normal 0.620488 -0.684631 0.38246
    outer loop
      vertex 11.8089 -12.1369 54.335
      vertex 10.8113 -13.1736 54.0977
      vertex 12.0505 -12.0505 54.0977
    endloop
  endfacet
  facet normal -0.475116 -0.524239 -0.70671
    outer loop
      vertex -8.50798 -10.367 35.8448
      vertex -8.90301 -9.45466 35.4336
      vertex -8.24711 -10.0491 35.4336
    endloop
  endfacet
  facet normal -0.475138 -0.524241 -0.706693
    outer loop
      vertex -8.90301 -9.45466 35.4336
      vertex -8.50798 -10.367 35.8448
      vertex -9.48316 -9.48316 35.8448
    endloop
  endfacet
  facet normal -0.475135 -0.524248 -0.70669
    outer loop
      vertex -8.90301 -9.45466 35.4336
      vertex -9.48316 -9.48316 35.8448
      vertex -9.19239 -9.19239 35.4336
    endloop
  endfacet
  facet normal -0.171923 -0.686325 -0.706683
    outer loop
      vertex -2.6164 -13.1535 35.8448
      vertex -3.39486 -12.5351 35.4336
      vertex -2.53617 -12.7502 35.4336
    endloop
  endfacet
  facet normal -0.171921 -0.686323 -0.706685
    outer loop
      vertex -3.39486 -12.5351 35.4336
      vertex -2.6164 -13.1535 35.8448
      vertex -3.89307 -12.8337 35.8448
    endloop
  endfacet
  facet normal -0.187915 -0.750173 -0.633979
    outer loop
      vertex -2.6164 -13.1535 35.8448
      vertex -4.22017 -13.9121 37.2178
      vertex -3.89307 -12.8337 35.8448
    endloop
  endfacet
  facet normal -0.524241 -0.475138 -0.706693
    outer loop
      vertex -10.367 -8.50798 35.8448
      vertex -9.45466 -8.90301 35.4336
      vertex -9.48316 -9.48316 35.8448
    endloop
  endfacet
  facet normal -0.524239 -0.475116 -0.70671
    outer loop
      vertex -9.45466 -8.90301 35.4336
      vertex -10.367 -8.50798 35.8448
      vertex -10.0491 -8.24711 35.4336
    endloop
  endfacet
  facet normal -0.668077 -0.495474 -0.555138
    outer loop
      vertex -12.0009 -9.84888 38.6947
      vertex -12.713 -8.49455 38.3429
      vertex -12.0852 -8.13212 37.2639
    endloop
  endfacet
  facet normal -0.668041 -0.495468 -0.555188
    outer loop
      vertex -12.713 -8.49455 38.3429
      vertex -12.0009 -9.84888 38.6947
      vertex -12.9085 -8.62516 38.6947
    endloop
  endfacet
  facet normal -0.792686 -0.474347 -0.382941
    outer loop
      vertex -13.6047 -9.09035 40.2613
      vertex -13.6661 -9.04482 40.332
      vertex -13.6407 -9.03019 40.2613
    endloop
  endfacet
  facet normal -0.835306 -0.395069 -0.382341
    outer loop
      vertex -15.0541 -7.53676 41.4422
      vertex -15.1167 -6.26155 40.2613
      vertex -14.6295 -7.29165 40.2613
    endloop
  endfacet
  facet normal -0.72676 -0.658678 -0.194841
    outer loop
      vertex -12.6601 -12.6601 45.3442
      vertex -13.5722 -11.1384 43.6021
      vertex -12.4151 -12.4151 43.6021
    endloop
  endfacet
  facet normal -0.684688 -0.62054 -0.382274
    outer loop
      vertex -12.0505 -12.0505 41.9023
      vertex -13.1736 -10.8113 41.9023
      vertex -12.6482 -10.3801 40.2613
    endloop
  endfacet
  facet normal -0.260542 0.728142 -0.633978
    outer loop
      vertex -3.89307 12.8337 35.8448
      vertex -5.13225 12.3903 35.8448
      vertex -4.22017 13.9121 37.2178
    endloop
  endfacet
  facet normal -0.238415 0.666148 -0.706686
    outer loop
      vertex -5.13225 12.3903 35.8448
      vertex -4.14141 12.3087 35.4336
      vertex -4.97488 12.0104 35.4336
    endloop
  endfacet
  facet normal -0.238385 0.666221 -0.706628
    outer loop
      vertex -4.14141 12.3087 35.4336
      vertex -5.13225 12.3903 35.8448
      vertex -3.89307 12.8337 35.8448
    endloop
  endfacet
  facet normal -0.728145 -0.260567 -0.633964
    outer loop
      vertex -13.4314 -5.56347 37.2178
      vertex -13.9121 -4.22017 37.2178
      vertex -12.3903 -5.13225 35.8448
    endloop
  endfacet
  facet normal -0.806859 -0.202113 -0.555093
    outer loop
      vertex -14.8564 -4.50664 38.6947
      vertex -15.2266 -3.02876 38.6947
      vertex -13.9121 -4.22017 37.2178
    endloop
  endfacet
  facet normal -0.764979 0.113466 -0.633981
    outer loop
      vertex -13.3466 1.31453 35.8448
      vertex -14.4681 1.42498 37.2178
      vertex -13.1535 2.6164 35.8448
    endloop
  endfacet
  facet normal -0.14043 0.946682 -0.289953
    outer loop
      vertex -3.32472 16.7145 41.9023
      vertex -3.42531 17.2202 43.6021
      vertex -1.6704 16.9599 41.9023
    endloop
  endfacet
  facet normal -0.241803 0.965377 -0.0978681
    outer loop
      vertex -3.49292 17.5601 45.3442
      vertex -5.19728 17.1332 45.3442
      vertex -3.52688 17.7308 47.1119
    endloop
  endfacet
  facet normal -0.214319 0.85573 -0.470949
    outer loop
      vertex -4.50664 14.8564 38.6947
      vertex -4.7497 15.6577 40.2613
      vertex -3.19211 16.0478 40.2613
    endloop
  endfacet
  facet normal -0.214357 0.855736 -0.470921
    outer loop
      vertex -3.02876 15.2266 38.6947
      vertex -4.50664 14.8564 38.6947
      vertex -3.19211 16.0478 40.2613
    endloop
  endfacet
  facet normal 0.0406628 0.83081 -0.555068
    outer loop
      vertex 1.42498 14.4681 37.2178
      vertex 1 14.4889 37.2178
      vertex 1 14.7832 37.6583
    endloop
  endfacet
  facet normal 0.0378098 0.772521 -0.633863
    outer loop
      vertex 1.42498 14.4681 37.2178
      vertex 1 14.1529 36.8083
      vertex 1 14.4889 37.2178
    endloop
  endfacet
  facet normal -0.606884 0.36379 -0.706646
    outer loop
      vertex -11.465 6.12816 35.4336
      vertex -11.8276 6.322 35.8448
      vertex -11.2642 6.46314 35.4336
    endloop
  endfacet
  facet normal -0.668088 0.495503 -0.555099
    outer loop
      vertex -12.088 8.07691 37.2178
      vertex -12.9085 8.62516 38.6947
      vertex -12.0009 9.84888 38.6947
    endloop
  endfacet
  facet normal -0.668094 0.4955 -0.555095
    outer loop
      vertex -11.2381 9.22285 37.2178
      vertex -12.088 8.07691 37.2178
      vertex -12.0009 9.84888 38.6947
    endloop
  endfacet
  facet normal -0.699874 -0.10381 -0.706682
    outer loop
      vertex -12.7502 -2.53617 35.4336
      vertex -13.1535 -2.6164 35.8448
      vertex -12.8075 -2.14986 35.4336
    endloop
  endfacet
  facet normal -0.772424 -0.0379442 -0.633973
    outer loop
      vertex -14.4681 -1.42498 37.2178
      vertex -14.5381 0 37.2178
      vertex -13.4112 0 35.8448
    endloop
  endfacet
  facet normal -0.750199 0.187883 -0.633957
    outer loop
      vertex -13.1535 2.6164 35.8448
      vertex -14.2587 2.83623 37.2178
      vertex -13.9121 4.22017 37.2178
    endloop
  endfacet
  facet normal -0.409192 0.865146 -0.289974
    outer loop
      vertex -6.52167 15.7447 41.9023
      vertex -8.27658 15.4844 43.6021
      vertex -6.71899 16.2211 43.6021
    endloop
  endfacet
  facet normal -0.322382 0.901102 -0.289974
    outer loop
      vertex -6.52167 15.7447 41.9023
      vertex -6.71899 16.2211 43.6021
      vertex -5.09669 16.8015 43.6021
    endloop
  endfacet
  facet normal -0.224492 0.896351 -0.382308
    outer loop
      vertex -3.19211 16.0478 40.2613
      vertex -4.7497 15.6577 40.2613
      vertex -3.32472 16.7145 41.9023
    endloop
  endfacet
  facet normal -0.13558 0.914035 -0.382307
    outer loop
      vertex -3.19211 16.0478 40.2613
      vertex -3.32472 16.7145 41.9023
      vertex -1.60378 16.2834 40.2613
    endloop
  endfacet
  facet normal 0.242941 0.970041 -0
    outer loop
      vertex 5.24782 17.2998 47.1119
      vertex 3.52688 17.7308 48.8881
      vertex 5.24782 17.2998 48.8881
    endloop
  endfacet
  facet normal 0.242941 0.970041 0
    outer loop
      vertex 3.52688 17.7308 48.8881
      vertex 5.24782 17.2998 47.1119
      vertex 3.52688 17.7308 47.1119
    endloop
  endfacet
  facet normal -0.335309 0.937008 0.0978967
    outer loop
      vertex -5.24782 17.2998 48.8881
      vertex -6.8516 16.5412 50.6558
      vertex -5.19728 17.1332 50.6558
    endloop
  endfacet
  facet normal -0.143906 0.970211 0.194888
    outer loop
      vertex -1.75491 17.8179 50.6558
      vertex -3.42531 17.2202 52.3979
      vertex -1.72094 17.473 52.3979
    endloop
  endfacet
  facet normal 0.140417 0.946687 0.289941
    outer loop
      vertex 1.72094 17.473 52.3979
      vertex 1.6704 16.9599 54.0977
      vertex 3.42531 17.2202 52.3979
    endloop
  endfacet
  facet normal 0.143906 0.970211 0.194888
    outer loop
      vertex 1.75491 17.8179 50.6558
      vertex 1.72094 17.473 52.3979
      vertex 3.42531 17.2202 52.3979
    endloop
  endfacet
  facet normal -0.377159 0.797467 -0.470955
    outer loop
      vertex -7.31838 13.6917 38.6947
      vertex -7.71309 14.4302 40.2613
      vertex -6.26155 15.1167 40.2613
    endloop
  endfacet
  facet normal -0.49202 0.820881 -0.289949
    outer loop
      vertex -9.468 14.1699 41.9023
      vertex -9.75446 14.5986 43.6021
      vertex -8.03352 15.0297 41.9023
    endloop
  endfacet
  facet normal -0.592456 0.653602 -0.470957
    outer loop
      vertex -9.84888 12.0009 38.6947
      vertex -11.5698 11.5698 40.2613
      vertex -10.3801 12.6482 40.2613
    endloop
  endfacet
  facet normal -0.620575 0.684623 -0.382333
    outer loop
      vertex -11.5698 11.5698 40.2613
      vertex -12.0505 12.0505 41.9023
      vertex -10.3801 12.6482 40.2613
    endloop
  endfacet
  facet normal -0.311295 0.870039 -0.382266
    outer loop
      vertex -4.7497 15.6577 40.2613
      vertex -6.52167 15.7447 41.9023
      vertex -4.94702 16.3081 41.9023
    endloop
  endfacet
  facet normal -0.453521 0.756652 -0.470954
    outer loop
      vertex -7.31838 13.6917 38.6947
      vertex -9.09035 13.6047 40.2613
      vertex -7.71309 14.4302 40.2613
    endloop
  endfacet
  facet normal -0.570124 0.768692 -0.289949
    outer loop
      vertex -9.468 14.1699 41.9023
      vertex -10.8113 13.1736 41.9023
      vertex -9.75446 14.5986 43.6021
    endloop
  endfacet
  facet normal -0.58428 0.78781 -0.194868
    outer loop
      vertex -11.1384 13.5722 43.6021
      vertex -11.3582 13.8401 45.3442
      vertex -9.75446 14.5986 43.6021
    endloop
  endfacet
  facet normal -0.335309 0.937008 -0.0978967
    outer loop
      vertex -5.19728 17.1332 45.3442
      vertex -6.8516 16.5412 45.3442
      vertex -5.24782 17.2998 47.1119
    endloop
  endfacet
  facet normal -0.33047 0.923486 -0.19484
    outer loop
      vertex -6.71899 16.2211 43.6021
      vertex -6.8516 16.5412 45.3442
      vertex -5.19728 17.1332 45.3442
    endloop
  endfacet
  facet normal -0.658678 0.72676 -0.194841
    outer loop
      vertex -12.4151 12.4151 43.6021
      vertex -12.6601 12.6601 45.3442
      vertex -11.1384 13.5722 43.6021
    endloop
  endfacet
  facet normal -0.570106 0.768699 -0.289967
    outer loop
      vertex -10.8113 13.1736 41.9023
      vertex -11.1384 13.5722 43.6021
      vertex -9.75446 14.5986 43.6021
    endloop
  endfacet
  facet normal 0.322382 0.901102 0.289974
    outer loop
      vertex 6.71899 16.2211 52.3979
      vertex 5.09669 16.8015 52.3979
      vertex 6.52167 15.7447 54.0977
    endloop
  endfacet
  facet normal 0.311288 0.87002 0.382316
    outer loop
      vertex 4.94702 16.3081 54.0977
      vertex 6.26544 15.7321 54.335
      vertex 6.52167 15.7447 54.0977
    endloop
  endfacet
  facet normal 0.311354 0.870087 0.382108
    outer loop
      vertex 6.26544 15.7321 54.335
      vertex 4.94702 16.3081 54.0977
      vertex 4.91848 16.2141 54.335
    endloop
  endfacet
  facet normal 0.363749 0.606864 -0.706685
    outer loop
      vertex 6.46314 11.2642 35.4336
      vertex 7.45087 11.151 35.8448
      vertex 7.22241 10.8091 35.4336
    endloop
  endfacet
  facet normal 0.363744 0.606887 -0.706667
    outer loop
      vertex 7.45087 11.151 35.8448
      vertex 6.46314 11.2642 35.4336
      vertex 6.322 11.8276 35.8448
    endloop
  endfacet
  facet normal 0.397576 0.663335 -0.633972
    outer loop
      vertex 7.45087 11.151 35.8448
      vertex 6.322 11.8276 35.8448
      vertex 8.07691 12.088 37.2178
    endloop
  endfacet
  facet normal 0.570106 0.768699 0.289967
    outer loop
      vertex 11.1384 13.5722 52.3979
      vertex 9.75446 14.5986 52.3979
      vertex 10.8113 13.1736 54.0977
    endloop
  endfacet
  facet normal 0.642697 0.709127 0.289966
    outer loop
      vertex 11.1384 13.5722 52.3979
      vertex 10.8113 13.1736 54.0977
      vertex 12.4151 12.4151 52.3979
    endloop
  endfacet
  facet normal -0.224461 0.89637 0.382281
    outer loop
      vertex -3.32472 16.7145 54.0977
      vertex -3.53077 16.5617 54.335
      vertex -3.30554 16.6181 54.335
    endloop
  endfacet
  facet normal -0.22455 0.896378 0.382208
    outer loop
      vertex -4.94702 16.3081 54.0977
      vertex -3.53077 16.5617 54.335
      vertex -3.32472 16.7145 54.0977
    endloop
  endfacet
  facet normal -0.224541 0.896426 0.382101
    outer loop
      vertex -3.53077 16.5617 54.335
      vertex -4.94702 16.3081 54.0977
      vertex -4.91848 16.2141 54.335
    endloop
  endfacet
  facet normal -0.14043 0.946682 0.289953
    outer loop
      vertex -1.6704 16.9599 54.0977
      vertex -3.42531 17.2202 52.3979
      vertex -3.32472 16.7145 54.0977
    endloop
  endfacet
  facet normal -0.232563 0.928354 0.289953
    outer loop
      vertex -3.42531 17.2202 52.3979
      vertex -5.09669 16.8015 52.3979
      vertex -3.32472 16.7145 54.0977
    endloop
  endfacet
  facet normal -0.0469105 0.955891 0.289951
    outer loop
      vertex -1 17.2924 53.11
      vertex -1.6704 16.9599 54.0977
      vertex -1 16.9928 54.0977
    endloop
  endfacet
  facet normal -0.0469279 0.955893 0.28994
    outer loop
      vertex -1.6704 16.9599 54.0977
      vertex -1 17.2924 53.11
      vertex -1.72094 17.473 52.3979
    endloop
  endfacet
  facet normal -0.0452543 0.922923 0.382315
    outer loop
      vertex -1 16.9928 54.0977
      vertex -1.66077 16.8621 54.335
      vertex -1 16.8945 54.335
    endloop
  endfacet
  facet normal -0.0452944 0.922959 0.382223
    outer loop
      vertex -1.66077 16.8621 54.335
      vertex -1 16.9928 54.0977
      vertex -1.6704 16.9599 54.0977
    endloop
  endfacet
  facet normal -0.492016 0.820886 0.289944
    outer loop
      vertex -8.27658 15.4844 52.3979
      vertex -9.75446 14.5986 52.3979
      vertex -8.03352 15.0297 54.0977
    endloop
  endfacet
  facet normal -0.475029 0.792532 0.382415
    outer loop
      vertex -9.468 14.1699 54.0977
      vertex -8.18634 14.8236 54.335
      vertex -8.03352 15.0297 54.0977
    endloop
  endfacet
  facet normal -0.475025 0.792494 0.382499
    outer loop
      vertex -8.18634 14.8236 54.335
      vertex -9.468 14.1699 54.0977
      vertex -9.41339 14.0881 54.335
    endloop
  endfacet
  facet normal -0.768699 0.570106 0.289967
    outer loop
      vertex -13.5722 11.1384 52.3979
      vertex -14.5986 9.75446 52.3979
      vertex -13.1736 10.8113 54.0977
    endloop
  endfacet
  facet normal -0.768692 0.570124 0.289949
    outer loop
      vertex -13.1736 10.8113 54.0977
      vertex -14.5986 9.75446 52.3979
      vertex -14.1699 9.468 54.0977
    endloop
  endfacet
  facet normal -0.620375 0.68484 0.382269
    outer loop
      vertex -11.8089 12.1369 54.335
      vertex -12.0505 12.0505 54.0977
      vertex -11.981 11.981 54.335
    endloop
  endfacet
  facet normal -0.620499 0.684635 0.382433
    outer loop
      vertex -10.8113 13.1736 54.0977
      vertex -11.8089 12.1369 54.335
      vertex -10.7489 13.0976 54.335
    endloop
  endfacet
  facet normal -0.620488 0.684631 0.38246
    outer loop
      vertex -11.8089 12.1369 54.335
      vertex -10.8113 13.1736 54.0977
      vertex -12.0505 12.0505 54.0977
    endloop
  endfacet
  facet normal -0.668342 0.737385 0.0978843
    outer loop
      vertex -11.4687 13.9746 48.8881
      vertex -12.6601 12.6601 50.6558
      vertex -11.3582 13.8401 50.6558
    endloop
  endfacet
  facet normal -0.72676 0.658678 0.194841
    outer loop
      vertex -12.6601 12.6601 50.6558
      vertex -13.5722 11.1384 52.3979
      vertex -12.4151 12.4151 52.3979
    endloop
  endfacet
  facet normal -0.853605 0.511636 -0.0979167
    outer loop
      vertex -14.8867 9.94698 45.3442
      vertex -15.79 8.43993 45.3442
      vertex -15.0315 10.0437 47.1119
    endloop
  endfacet
  facet normal -0.799335 0.592854 -0.0979151
    outer loop
      vertex -14.8867 9.94698 45.3442
      vertex -15.0315 10.0437 47.1119
      vertex -13.9746 11.4687 47.1119
    endloop
  endfacet
  facet normal -0.742136 -0.550428 0.382443
    outer loop
      vertex -13.1736 -10.8113 54.0977
      vertex -13.9498 -9.59988 54.335
      vertex -14.1699 -9.468 54.0977
    endloop
  endfacet
  facet normal -0.742144 -0.55043 0.382426
    outer loop
      vertex -13.9498 -9.59988 54.335
      vertex -13.1736 -10.8113 54.0977
      vertex -13.0976 -10.7489 54.335
    endloop
  endfacet
  facet normal 0.9011 -0.322408 -0.28995
    outer loop
      vertex 16.8015 -5.09669 43.6021
      vertex 15.7447 -6.52167 41.9023
      vertex 16.3081 -4.94702 41.9023
    endloop
  endfacet
  facet normal 0.706654 -0.0347271 -0.706707
    outer loop
      vertex 13.3466 -1.31453 35.8448
      vertex 12.9808 -0.390072 35.4336
      vertex 13.4112 0 35.8448
    endloop
  endfacet
  facet normal 0.7067 -0.0346896 -0.706663
    outer loop
      vertex 12.9808 -0.390072 35.4336
      vertex 13.3466 -1.31453 35.8448
      vertex 12.9374 -1.27422 35.4336
    endloop
  endfacet
  facet normal 0.171924 -0.68632 -0.706687
    outer loop
      vertex 3.89307 -12.8337 35.8448
      vertex 3.39486 -12.5351 35.4336
      vertex 3.7737 -12.4402 35.4336
    endloop
  endfacet
  facet normal 0.10381 -0.699874 -0.706682
    outer loop
      vertex 2.6164 -13.1535 35.8448
      vertex 2.14986 -12.8075 35.4336
      vertex 2.53617 -12.7502 35.4336
    endloop
  endfacet
  facet normal 0.36379 -0.606884 -0.706646
    outer loop
      vertex 6.322 -11.8276 35.8448
      vertex 6.12816 -11.465 35.4336
      vertex 6.46314 -11.2642 35.4336
    endloop
  endfacet
  facet normal 0.363749 -0.606864 -0.706685
    outer loop
      vertex 7.45087 -11.151 35.8448
      vertex 6.46314 -11.2642 35.4336
      vertex 7.22241 -10.8091 35.4336
    endloop
  endfacet
  facet normal 0.363744 -0.606887 -0.706667
    outer loop
      vertex 6.46314 -11.2642 35.4336
      vertex 7.45087 -11.151 35.8448
      vertex 6.322 -11.8276 35.8448
    endloop
  endfacet
  facet normal 0.0379589 -0.772416 -0.633982
    outer loop
      vertex 1.42498 -14.4681 37.2178
      vertex 0 -13.4112 35.8448
      vertex 1.31453 -13.3466 35.8448
    endloop
  endfacet
  facet normal 0.0408111 -0.830785 -0.555095
    outer loop
      vertex 1.42498 -14.4681 37.2178
      vertex 0 -15.5249 38.6947
      vertex 0 -14.5381 37.2178
    endloop
  endfacet
  facet normal -0.0379589 -0.772416 -0.633982
    outer loop
      vertex 0 -13.4112 35.8448
      vertex -1.42498 -14.4681 37.2178
      vertex -1.31453 -13.3466 35.8448
    endloop
  endfacet
  facet normal -0.113466 -0.764979 -0.633981
    outer loop
      vertex -1.42498 -14.4681 37.2178
      vertex -2.6164 -13.1535 35.8448
      vertex -1.31453 -13.3466 35.8448
    endloop
  endfacet
  facet normal -0.302553 -0.639619 -0.706646
    outer loop
      vertex -5.77511 -11.632 35.4336
      vertex -6.322 -11.8276 35.8448
      vertex -6.12816 -11.465 35.4336
    endloop
  endfacet
  facet normal 0.568319 -0.421476 -0.706663
    outer loop
      vertex 10.2818 -7.93343 35.4336
      vertex 11.0773 -7.55021 35.8448
      vertex 10.367 -8.50798 35.8448
    endloop
  endfacet
  facet normal 0.568317 -0.421465 -0.70667
    outer loop
      vertex 11.0773 -7.55021 35.8448
      vertex 10.2818 -7.93343 35.4336
      vertex 10.7193 -7.34349 35.4336
    endloop
  endfacet
  facet normal 0.568219 -0.421527 -0.706713
    outer loop
      vertex 10.367 -8.50798 35.8448
      vertex 10.0491 -8.24711 35.4336
      vertex 10.2818 -7.93343 35.4336
    endloop
  endfacet
  facet normal 0.519354 -0.573027 -0.633965
    outer loop
      vertex 9.22285 -11.2381 37.2178
      vertex 8.50798 -10.367 35.8448
      vertex 9.48316 -9.48316 35.8448
    endloop
  endfacet
  facet normal -0.0408383 -0.830796 -0.555076
    outer loop
      vertex 0 -15.5249 38.6947
      vertex -1.5217 -15.4501 38.6947
      vertex -1.42498 -14.4681 37.2178
    endloop
  endfacet
  facet normal -0.0453063 -0.922922 -0.382313
    outer loop
      vertex 0 -17.0419 41.9023
      vertex -1.6704 -16.9599 41.9023
      vertex -1.60378 -16.2834 40.2613
    endloop
  endfacet
  facet normal 0.113509 -0.764993 -0.633957
    outer loop
      vertex 2.83623 -14.2587 37.2178
      vertex 1.42498 -14.4681 37.2178
      vertex 2.6164 -13.1535 35.8448
    endloop
  endfacet
  facet normal -0.0408111 -0.830785 -0.555095
    outer loop
      vertex 0 -15.5249 38.6947
      vertex -1.42498 -14.4681 37.2178
      vertex 0 -14.5381 37.2178
    endloop
  endfacet
  facet normal -0.377176 -0.797466 -0.470942
    outer loop
      vertex -6.26155 -15.1167 40.2613
      vertex -7.31838 -13.6917 38.6947
      vertex -5.94112 -14.3431 38.6947
    endloop
  endfacet
  facet normal -0.187883 -0.750199 -0.633957
    outer loop
      vertex -2.83623 -14.2587 37.2178
      vertex -4.22017 -13.9121 37.2178
      vertex -2.6164 -13.1535 35.8448
    endloop
  endfacet
  facet normal 0.143906 -0.970211 0.194888
    outer loop
      vertex 3.42531 -17.2202 52.3979
      vertex 1.72094 -17.473 52.3979
      vertex 1.75491 -17.8179 50.6558
    endloop
  endfacet
  facet normal 0.143912 -0.970211 0.194882
    outer loop
      vertex 3.42531 -17.2202 52.3979
      vertex 1.75491 -17.8179 50.6558
      vertex 3.49292 -17.5601 50.6558
    endloop
  endfacet
  facet normal 0.330394 -0.923498 0.194913
    outer loop
      vertex 6.71899 -16.2211 52.3979
      vertex 5.09669 -16.8015 52.3979
      vertex 5.19728 -17.1332 50.6558
    endloop
  endfacet
  facet normal 0.33047 -0.923486 0.19484
    outer loop
      vertex 6.71899 -16.2211 52.3979
      vertex 5.19728 -17.1332 50.6558
      vertex 6.8516 -16.5412 50.6558
    endloop
  endfacet
  facet normal -0.642697 -0.709127 -0.289966
    outer loop
      vertex -11.1384 -13.5722 43.6021
      vertex -12.4151 -12.4151 43.6021
      vertex -10.8113 -13.1736 41.9023
    endloop
  endfacet
  facet normal -0.620575 -0.684623 -0.382333
    outer loop
      vertex -10.3801 -12.6482 40.2613
      vertex -12.0505 -12.0505 41.9023
      vertex -11.5698 -11.5698 40.2613
    endloop
  endfacet
  facet normal -0.49202 -0.820881 -0.289949
    outer loop
      vertex -8.03352 -15.0297 41.9023
      vertex -9.75446 -14.5986 43.6021
      vertex -9.468 -14.1699 41.9023
    endloop
  endfacet
  facet normal -0.525518 -0.708557 -0.470933
    outer loop
      vertex -9.09035 -13.6047 40.2613
      vertex -9.84888 -12.0009 38.6947
      vertex -8.62516 -12.9085 38.6947
    endloop
  endfacet
  facet normal 0.0481195 -0.979644 0.194888
    outer loop
      vertex 1.72094 -17.473 52.3979
      vertex 0 -17.9041 50.6558
      vertex 1.75491 -17.8179 50.6558
    endloop
  endfacet
  facet normal 0.0481588 -0.97965 0.19485
    outer loop
      vertex 0 -17.5576 52.3979
      vertex 0 -17.9041 50.6558
      vertex 1.72094 -17.473 52.3979
    endloop
  endfacet
  facet normal -0.232563 -0.928354 0.289953
    outer loop
      vertex -3.32472 -16.7145 54.0977
      vertex -5.09669 -16.8015 52.3979
      vertex -3.42531 -17.2202 52.3979
    endloop
  endfacet
  facet normal -0.238342 -0.951421 0.194915
    outer loop
      vertex -5.09669 -16.8015 52.3979
      vertex -5.19728 -17.1332 50.6558
      vertex -3.42531 -17.2202 52.3979
    endloop
  endfacet
  facet normal -0.335309 -0.937008 -0.0978967
    outer loop
      vertex -5.24782 -17.2998 47.1119
      vertex -6.8516 -16.5412 45.3442
      vertex -5.19728 -17.1332 45.3442
    endloop
  endfacet
  facet normal -0.241774 -0.965381 -0.0978966
    outer loop
      vertex -3.52688 -17.7308 47.1119
      vertex -5.24782 -17.2998 47.1119
      vertex -5.19728 -17.1332 45.3442
    endloop
  endfacet
  facet normal 0.0488247 -0.994001 -0.0978639
    outer loop
      vertex 1.77197 -17.9911 47.1119
      vertex 0 -17.9041 45.3442
      vertex 1.75491 -17.8179 45.3442
    endloop
  endfacet
  facet normal 0.0481195 -0.979644 -0.194888
    outer loop
      vertex 1.75491 -17.8179 45.3442
      vertex 0 -17.9041 45.3442
      vertex 1.72094 -17.473 43.6021
    endloop
  endfacet
  facet normal -0.140417 -0.946687 -0.289941
    outer loop
      vertex -1.72094 -17.473 43.6021
      vertex -3.42531 -17.2202 43.6021
      vertex -1.6704 -16.9599 41.9023
    endloop
  endfacet
  facet normal -0.0469249 -0.955894 -0.28994
    outer loop
      vertex 0 -17.0419 41.9023
      vertex -1.72094 -17.473 43.6021
      vertex -1.6704 -16.9599 41.9023
    endloop
  endfacet
  facet normal -0.58427 -0.78782 0.194854
    outer loop
      vertex -9.75446 -14.5986 52.3979
      vertex -11.3582 -13.8401 50.6558
      vertex -9.94698 -14.8867 50.6558
    endloop
  endfacet
  facet normal -0.504252 -0.841286 0.194853
    outer loop
      vertex -9.75446 -14.5986 52.3979
      vertex -9.94698 -14.8867 50.6558
      vertex -8.43993 -15.79 50.6558
    endloop
  endfacet
  facet normal -0.214319 -0.85573 -0.470949
    outer loop
      vertex -3.19211 -16.0478 40.2613
      vertex -4.7497 -15.6577 40.2613
      vertex -4.50664 -14.8564 38.6947
    endloop
  endfacet
  facet normal -0.377159 -0.797467 -0.470955
    outer loop
      vertex -6.26155 -15.1167 40.2613
      vertex -7.71309 -14.4302 40.2613
      vertex -7.31838 -13.6917 38.6947
    endloop
  endfacet
  facet normal -0.29721 -0.83059 -0.470943
    outer loop
      vertex -4.50664 -14.8564 38.6947
      vertex -6.26155 -15.1167 40.2613
      vertex -5.94112 -14.3431 38.6947
    endloop
  endfacet
  facet normal -0.232561 -0.928356 -0.289951
    outer loop
      vertex -3.32472 -16.7145 41.9023
      vertex -5.09669 -16.8015 43.6021
      vertex -4.94702 -16.3081 41.9023
    endloop
  endfacet
  facet normal -0.955894 0.0469249 -0.28994
    outer loop
      vertex -17.0419 0 41.9023
      vertex -17.473 1.72094 43.6021
      vertex -16.9599 1.6704 41.9023
    endloop
  endfacet
  facet normal -0.946687 0.140417 -0.289941
    outer loop
      vertex -16.9599 1.6704 41.9023
      vertex -17.473 1.72094 43.6021
      vertex -17.2202 3.42531 43.6021
    endloop
  endfacet
  facet normal -0.783148 -0.28025 -0.555103
    outer loop
      vertex -13.4314 -5.56347 37.2178
      vertex -14.3431 -5.94112 38.6947
      vertex -13.9121 -4.22017 37.2178
    endloop
  endfacet
  facet normal -0.855736 -0.214357 -0.470921
    outer loop
      vertex -14.8564 -4.50664 38.6947
      vertex -16.0478 -3.19211 40.2613
      vertex -15.2266 -3.02876 38.6947
    endloop
  endfacet
  facet normal -0.751934 -0.355606 -0.555104
    outer loop
      vertex -13.5996 -6.69701 38.1718
      vertex -14.3431 -5.94112 38.6947
      vertex -13.4314 -5.56347 37.2178
    endloop
  endfacet
  facet normal -0.75194 -0.355628 -0.555081
    outer loop
      vertex -14.3431 -5.94112 38.6947
      vertex -13.5996 -6.69701 38.1718
      vertex -13.9028 -6.87209 38.6947
    endloop
  endfacet
  facet normal -0.797471 -0.377162 -0.470945
    outer loop
      vertex -14.1225 -6.99892 39.1683
      vertex -14.3431 -5.94112 38.6947
      vertex -13.9028 -6.87209 38.6947
    endloop
  endfacet
  facet normal -0.797473 -0.377161 -0.470943
    outer loop
      vertex -14.3431 -5.94112 38.6947
      vertex -14.1225 -6.99892 39.1683
      vertex -15.1167 -6.26155 40.2613
    endloop
  endfacet
  facet normal -0.85573 0.214319 -0.470949
    outer loop
      vertex -14.8564 4.50664 38.6947
      vertex -16.0478 3.19211 40.2613
      vertex -15.6577 4.7497 40.2613
    endloop
  endfacet
  facet normal -0.806859 0.202113 -0.555093
    outer loop
      vertex -13.9121 4.22017 37.2178
      vertex -15.2266 3.02876 38.6947
      vertex -14.8564 4.50664 38.6947
    endloop
  endfacet
  facet normal -0.830785 -0.0408111 -0.555095
    outer loop
      vertex -14.4681 -1.42498 37.2178
      vertex -15.5249 0 38.6947
      vertex -14.5381 0 37.2178
    endloop
  endfacet
  facet normal -0.830796 -0.0408383 -0.555076
    outer loop
      vertex -15.4501 -1.5217 38.6947
      vertex -15.5249 0 38.6947
      vertex -14.4681 -1.42498 37.2178
    endloop
  endfacet
  facet normal -0.792571 0.475052 -0.382306
    outer loop
      vertex -13.6047 9.09035 40.2613
      vertex -15.0297 8.03352 41.9023
      vertex -14.1699 9.468 41.9023
    endloop
  endfacet
  facet normal -0.742205 0.550431 -0.382306
    outer loop
      vertex -13.6047 9.09035 40.2613
      vertex -14.1699 9.468 41.9023
      vertex -12.6482 10.3801 40.2613
    endloop
  endfacet
  facet normal -0.9011 0.322408 -0.28995
    outer loop
      vertex -16.3081 4.94702 41.9023
      vertex -16.8015 5.09669 43.6021
      vertex -15.7447 6.52167 41.9023
    endloop
  endfacet
  facet normal -0.870039 0.311295 -0.382266
    outer loop
      vertex -15.6577 4.7497 40.2613
      vertex -16.3081 4.94702 41.9023
      vertex -15.7447 6.52167 41.9023
    endloop
  endfacet
  facet normal -0.666148 0.238415 -0.706686
    outer loop
      vertex -12.3903 5.13225 35.8448
      vertex -12.0104 4.97488 35.4336
      vertex -12.3087 4.14141 35.4336
    endloop
  endfacet
  facet normal -0.666221 0.238385 -0.706628
    outer loop
      vertex -12.3903 5.13225 35.8448
      vertex -12.3087 4.14141 35.4336
      vertex -12.8337 3.89307 35.8448
    endloop
  endfacet
  facet normal -0.772424 0.0379442 -0.633973
    outer loop
      vertex -13.4112 0 35.8448
      vertex -14.5381 0 37.2178
      vertex -14.4681 1.42498 37.2178
    endloop
  endfacet
  facet normal -0.55856 0.616332 -0.555108
    outer loop
      vertex -10.28 10.28 37.2178
      vertex -10.9778 10.9778 38.6947
      vertex -9.84888 12.0009 38.6947
    endloop
  endfacet
  facet normal -0.616332 0.55856 -0.555108
    outer loop
      vertex -10.28 10.28 37.2178
      vertex -12.0009 9.84888 38.6947
      vertex -10.9778 10.9778 38.6947
    endloop
  endfacet
  facet normal -0.886631 -0.419395 -0.194918
    outer loop
      vertex -15.8947 -8.02209 44.9212
      vertex -16.2211 -6.71899 43.6021
      vertex -15.6669 -7.89061 43.6021
    endloop
  endfacet
  facet normal -0.841403 -0.503929 -0.195183
    outer loop
      vertex -14.5986 -9.75446 43.6021
      vertex -14.7005 -9.64203 43.7511
      vertex -14.6748 -9.62723 43.6021
    endloop
  endfacet
  facet normal -0.72674 -0.658693 -0.194865
    outer loop
      vertex -12.6601 -12.6601 45.3442
      vertex -13.8401 -11.3582 45.3442
      vertex -13.5722 -11.1384 43.6021
    endloop
  endfacet
  facet normal -0.78781 -0.58428 -0.194868
    outer loop
      vertex -13.8401 -11.3582 45.3442
      vertex -14.5986 -9.75446 43.6021
      vertex -13.5722 -11.1384 43.6021
    endloop
  endfacet
  facet normal -0.592827 -0.799359 -0.0978793
    outer loop
      vertex -9.94698 -14.8867 45.3442
      vertex -11.4687 -13.9746 47.1119
      vertex -11.3582 -13.8401 45.3442
    endloop
  endfacet
  facet normal -0.928356 -0.232561 -0.289951
    outer loop
      vertex -16.3081 -4.94702 41.9023
      vertex -16.8015 -5.09669 43.6021
      vertex -16.7145 -3.32472 41.9023
    endloop
  endfacet
  facet normal -0.896356 -0.224545 -0.382265
    outer loop
      vertex -16.3081 -4.94702 41.9023
      vertex -16.7145 -3.32472 41.9023
      vertex -15.6577 -4.7497 40.2613
    endloop
  endfacet
  facet normal -0.899645 -0.425509 0.0978839
    outer loop
      vertex -16.003 -8.08462 50.2431
      vertex -16.7021 -6.91823 48.8881
      vertex -16.1188 -8.15149 48.8881
    endloop
  endfacet
  facet normal -0.799335 -0.592854 0.0979151
    outer loop
      vertex -14.8867 -9.94698 50.6558
      vertex -15.0315 -10.0437 48.8881
      vertex -13.9746 -11.4687 48.8881
    endloop
  endfacet
  facet normal -0.841403 -0.503929 0.195183
    outer loop
      vertex -14.6748 -9.62723 52.3979
      vertex -14.7005 -9.64203 52.2489
      vertex -14.5986 -9.75446 52.3979
    endloop
  endfacet
  facet normal -0.886631 -0.419395 0.194918
    outer loop
      vertex -15.6669 -7.89061 52.3979
      vertex -16.2211 -6.71899 52.3979
      vertex -15.8947 -8.02209 51.0788
    endloop
  endfacet
  facet normal -0.821154 -0.491802 0.289547
    outer loop
      vertex -14.6361 -9.60483 52.5457
      vertex -14.6748 -9.62723 52.3979
      vertex -14.5986 -9.75446 52.3979
    endloop
  endfacet
  facet normal -0.820968 -0.491862 0.289972
    outer loop
      vertex -14.6361 -9.60483 52.5457
      vertex -14.1699 -9.468 54.0977
      vertex -14.2288 -9.36969 54.0977
    endloop
  endfacet
  facet normal -0.820822 -0.492118 0.289951
    outer loop
      vertex -14.1699 -9.468 54.0977
      vertex -14.6361 -9.60483 52.5457
      vertex -14.5986 -9.75446 52.3979
    endloop
  endfacet
  facet normal -0.394842 -0.835417 0.382333
    outer loop
      vertex -7.98718 -14.943 54.335
      vertex -8.03352 -15.0297 54.0977
      vertex -7.77729 -15.0422 54.335
    endloop
  endfacet
  facet normal -0.620375 -0.68484 0.382269
    outer loop
      vertex -11.981 -11.981 54.335
      vertex -12.0505 -12.0505 54.0977
      vertex -11.8089 -12.1369 54.335
    endloop
  endfacet
  facet normal -0.620488 -0.684631 0.38246
    outer loop
      vertex -10.8113 -13.1736 54.0977
      vertex -11.8089 -12.1369 54.335
      vertex -12.0505 -12.0505 54.0977
    endloop
  endfacet
  facet normal -0.620499 -0.684635 0.382433
    outer loop
      vertex -11.8089 -12.1369 54.335
      vertex -10.8113 -13.1736 54.0977
      vertex -10.7489 -13.0976 54.335
    endloop
  endfacet
  facet normal -0.642694 -0.709132 0.289961
    outer loop
      vertex -12.0505 -12.0505 54.0977
      vertex -12.4151 -12.4151 52.3979
      vertex -10.8113 -13.1736 54.0977
    endloop
  endfacet
  facet normal -0.709132 -0.642694 0.289961
    outer loop
      vertex -12.0505 -12.0505 54.0977
      vertex -13.1736 -10.8113 54.0977
      vertex -12.4151 -12.4151 52.3979
    endloop
  endfacet
  facet normal -0.570106 -0.768699 0.289967
    outer loop
      vertex -10.8113 -13.1736 54.0977
      vertex -11.1384 -13.5722 52.3979
      vertex -9.75446 -14.5986 52.3979
    endloop
  endfacet
  facet normal -0.570124 -0.768692 0.289949
    outer loop
      vertex -9.468 -14.1699 54.0977
      vertex -10.8113 -13.1736 54.0977
      vertex -9.75446 -14.5986 52.3979
    endloop
  endfacet
  facet normal 0.322382 -0.901102 -0.289974
    outer loop
      vertex 6.71899 -16.2211 43.6021
      vertex 5.09669 -16.8015 43.6021
      vertex 6.52167 -15.7447 41.9023
    endloop
  endfacet
  facet normal 0.238342 -0.951421 -0.194915
    outer loop
      vertex 5.19728 -17.1332 45.3442
      vertex 3.42531 -17.2202 43.6021
      vertex 5.09669 -16.8015 43.6021
    endloop
  endfacet
  facet normal 0.511605 -0.853628 -0.0978782
    outer loop
      vertex 8.522 -15.9435 47.1119
      vertex 8.43993 -15.79 45.3442
      vertex 10.0437 -15.0315 47.1119
    endloop
  endfacet
  facet normal 0.511636 -0.853605 -0.0979167
    outer loop
      vertex 10.0437 -15.0315 47.1119
      vertex 8.43993 -15.79 45.3442
      vertex 9.94698 -14.8867 45.3442
    endloop
  endfacet
  facet normal 0.88111 0.0432924 -0.470926
    outer loop
      vertex 16.3622 0 40.2613
      vertex 15.5249 0 38.6947
      vertex 16.2834 1.60378 40.2613
    endloop
  endfacet
  facet normal 0.955894 0.0469249 -0.28994
    outer loop
      vertex 17.0419 0 41.9023
      vertex 16.9599 1.6704 41.9023
      vertex 17.473 1.72094 43.6021
    endloop
  endfacet
  facet normal 0.970211 -0.143912 -0.194882
    outer loop
      vertex 17.5601 -3.49292 45.3442
      vertex 17.2202 -3.42531 43.6021
      vertex 17.8179 -1.75491 45.3442
    endloop
  endfacet
  facet normal 0.984429 -0.146021 -0.0978678
    outer loop
      vertex 17.7308 -3.52688 47.1119
      vertex 17.5601 -3.49292 45.3442
      vertex 17.8179 -1.75491 45.3442
    endloop
  endfacet
  facet normal 0.764979 -0.113466 -0.633981
    outer loop
      vertex 14.4681 -1.42498 37.2178
      vertex 13.1535 -2.6164 35.8448
      vertex 13.3466 -1.31453 35.8448
    endloop
  endfacet
  facet normal 0.922934 0.0453474 -0.382278
    outer loop
      vertex 16.3622 0 40.2613
      vertex 16.2834 1.60378 40.2613
      vertex 17.0419 0 41.9023
    endloop
  endfacet
  facet normal 0.970211 -0.143906 -0.194888
    outer loop
      vertex 17.8179 -1.75491 45.3442
      vertex 17.2202 -3.42531 43.6021
      vertex 17.473 -1.72094 43.6021
    endloop
  endfacet
  facet normal 0.914031 -0.135586 -0.382313
    outer loop
      vertex 16.7145 -3.32472 41.9023
      vertex 16.2834 -1.60378 40.2613
      vertex 16.9599 -1.6704 41.9023
    endloop
  endfacet
  facet normal 0.573027 0.519354 -0.633965
    outer loop
      vertex 10.367 8.50798 35.8448
      vertex 9.48316 9.48316 35.8448
      vertex 11.2381 9.22285 37.2178
    endloop
  endfacet
  facet normal 0.573031 0.51934 -0.633973
    outer loop
      vertex 11.2381 9.22285 37.2178
      vertex 9.48316 9.48316 35.8448
      vertex 10.28 10.28 37.2178
    endloop
  endfacet
  facet normal 0.820881 0.49202 -0.289949
    outer loop
      vertex 15.0297 8.03352 41.9023
      vertex 14.1699 9.468 41.9023
      vertex 14.5986 9.75446 43.6021
    endloop
  endfacet
  facet normal 0.742193 0.55047 -0.382273
    outer loop
      vertex 14.1699 9.468 41.9023
      vertex 12.6482 10.3801 40.2613
      vertex 13.1736 10.8113 41.9023
    endloop
  endfacet
  facet normal 0.78782 0.58427 -0.194854
    outer loop
      vertex 14.5986 9.75446 43.6021
      vertex 13.8401 11.3582 45.3442
      vertex 14.8867 9.94698 45.3442
    endloop
  endfacet
  facet normal 0.841286 0.504252 -0.194853
    outer loop
      vertex 15.79 8.43993 45.3442
      vertex 14.5986 9.75446 43.6021
      vertex 14.8867 9.94698 45.3442
    endloop
  endfacet
  facet normal 0.896356 0.224545 -0.382265
    outer loop
      vertex 16.7145 3.32472 41.9023
      vertex 15.6577 4.7497 40.2613
      vertex 16.3081 4.94702 41.9023
    endloop
  endfacet
  facet normal 0.870039 0.311295 -0.382266
    outer loop
      vertex 16.3081 4.94702 41.9023
      vertex 15.6577 4.7497 40.2613
      vertex 15.7447 6.52167 41.9023
    endloop
  endfacet
  facet normal 0.872627 0.129438 -0.470921
    outer loop
      vertex 16.2834 1.60378 40.2613
      vertex 15.2266 3.02876 38.6947
      vertex 16.0478 3.19211 40.2613
    endloop
  endfacet
  facet normal 0.855736 0.214357 -0.470921
    outer loop
      vertex 15.2266 3.02876 38.6947
      vertex 14.8564 4.50664 38.6947
      vertex 16.0478 3.19211 40.2613
    endloop
  endfacet
  facet normal 0.901102 -0.322382 0.289974
    outer loop
      vertex 16.8015 -5.09669 52.3979
      vertex 15.7447 -6.52167 54.0977
      vertex 16.2211 -6.71899 52.3979
    endloop
  endfacet
  facet normal 0.923498 -0.330394 0.194913
    outer loop
      vertex 16.8015 -5.09669 52.3979
      vertex 16.2211 -6.71899 52.3979
      vertex 17.1332 -5.19728 50.6558
    endloop
  endfacet
  facet normal 0.709127 -0.642697 0.289966
    outer loop
      vertex 13.1736 -10.8113 54.0977
      vertex 12.4151 -12.4151 52.3979
      vertex 13.5722 -11.1384 52.3979
    endloop
  endfacet
  facet normal 0.709132 -0.642694 0.289961
    outer loop
      vertex 13.1736 -10.8113 54.0977
      vertex 12.0505 -12.0505 54.0977
      vertex 12.4151 -12.4151 52.3979
    endloop
  endfacet
  facet normal 0.792299 -0.475601 0.382186
    outer loop
      vertex 14.0881 -9.41339 54.335
      vertex 14.2288 -9.36969 54.0977
      vertex 14.1438 -9.3206 54.335
    endloop
  endfacet
  facet normal 0.792592 -0.474862 0.382496
    outer loop
      vertex 14.2288 -9.36969 54.0977
      vertex 14.0881 -9.41339 54.335
      vertex 14.1699 -9.468 54.0977
    endloop
  endfacet
  facet normal 0.742152 -0.550376 0.382487
    outer loop
      vertex 14.0881 -9.41339 54.335
      vertex 13.9498 -9.59988 54.335
      vertex 14.1699 -9.468 54.0977
    endloop
  endfacet
  facet normal 0.820968 -0.491862 -0.289972
    outer loop
      vertex 14.6361 -9.60483 43.4543
      vertex 14.1699 -9.468 41.9023
      vertex 14.2288 -9.36969 41.9023
    endloop
  endfacet
  facet normal 0.820822 -0.492118 -0.289951
    outer loop
      vertex 14.1699 -9.468 41.9023
      vertex 14.6361 -9.60483 43.4543
      vertex 14.5986 -9.75446 43.6021
    endloop
  endfacet
  facet normal 0.821154 -0.491802 -0.289547
    outer loop
      vertex 14.6748 -9.62723 43.6021
      vertex 14.5986 -9.75446 43.6021
      vertex 14.6361 -9.60483 43.4543
    endloop
  endfacet
  facet normal 0.951435 -0.238311 -0.194883
    outer loop
      vertex 17.5601 -3.49292 45.3442
      vertex 17.1332 -5.19728 45.3442
      vertex 17.2202 -3.42531 43.6021
    endloop
  endfacet
  facet normal 0.965377 -0.241803 -0.0978681
    outer loop
      vertex 17.7308 -3.52688 47.1119
      vertex 17.1332 -5.19728 45.3442
      vertex 17.5601 -3.49292 45.3442
    endloop
  endfacet
  facet normal 0.792664 -0.474905 -0.382293
    outer loop
      vertex 14.1699 -9.468 41.9023
      vertex 13.6661 -9.04482 40.332
      vertex 14.2288 -9.36969 41.9023
    endloop
  endfacet
  facet normal 0.792529 -0.475119 -0.382307
    outer loop
      vertex 13.6661 -9.04482 40.332
      vertex 14.1699 -9.468 41.9023
      vertex 13.6047 -9.09035 40.2613
    endloop
  endfacet
  facet normal 0.835306 -0.395069 -0.382341
    outer loop
      vertex 15.0541 -7.53676 41.4422
      vertex 14.6295 -7.29165 40.2613
      vertex 15.1167 -6.26155 40.2613
    endloop
  endfacet
  facet normal 0.475138 -0.524241 -0.706693
    outer loop
      vertex 8.50798 -10.367 35.8448
      vertex 8.90301 -9.45466 35.4336
      vertex 9.48316 -9.48316 35.8448
    endloop
  endfacet
  facet normal 0.475116 -0.524239 -0.70671
    outer loop
      vertex 8.90301 -9.45466 35.4336
      vertex 8.50798 -10.367 35.8448
      vertex 8.24711 -10.0491 35.4336
    endloop
  endfacet
  facet normal 0.573027 -0.519354 -0.633965
    outer loop
      vertex 11.2381 -9.22285 37.2178
      vertex 9.48316 -9.48316 35.8448
      vertex 10.367 -8.50798 35.8448
    endloop
  endfacet
  facet normal 0.558579 -0.616326 -0.555096
    outer loop
      vertex 9.84888 -12.0009 38.6947
      vertex 9.22285 -11.2381 37.2178
      vertex 10.28 -10.28 37.2178
    endloop
  endfacet
  facet normal 0.525518 -0.708557 -0.470933
    outer loop
      vertex 9.09035 -13.6047 40.2613
      vertex 8.62516 -12.9085 38.6947
      vertex 9.84888 -12.0009 38.6947
    endloop
  endfacet
  facet normal 0.427589 -0.903973 0
    outer loop
      vertex 6.91823 -16.7021 47.1119
      vertex 8.522 -15.9435 48.8881
      vertex 6.91823 -16.7021 48.8881
    endloop
  endfacet
  facet normal 0.427589 -0.903973 0
    outer loop
      vertex 8.522 -15.9435 48.8881
      vertex 6.91823 -16.7021 47.1119
      vertex 8.522 -15.9435 47.1119
    endloop
  endfacet
  facet normal 0.570124 -0.768692 -0.289949
    outer loop
      vertex 9.75446 -14.5986 43.6021
      vertex 9.468 -14.1699 41.9023
      vertex 10.8113 -13.1736 41.9023
    endloop
  endfacet
  facet normal 0.419366 -0.886657 -0.19486
    outer loop
      vertex 8.43993 -15.79 45.3442
      vertex 6.71899 -16.2211 43.6021
      vertex 8.27658 -15.4844 43.6021
    endloop
  endfacet
  facet normal 0.238415 -0.666148 -0.706686
    outer loop
      vertex 5.13225 -12.3903 35.8448
      vertex 4.14141 -12.3087 35.4336
      vertex 4.97488 -12.0104 35.4336
    endloop
  endfacet
  facet normal 0.238385 -0.666221 -0.706628
    outer loop
      vertex 4.14141 -12.3087 35.4336
      vertex 5.13225 -12.3903 35.8448
      vertex 3.89307 -12.8337 35.8448
    endloop
  endfacet
  facet normal 0.187915 -0.750173 -0.633979
    outer loop
      vertex 4.22017 -13.9121 37.2178
      vertex 2.6164 -13.1535 35.8448
      vertex 3.89307 -12.8337 35.8448
    endloop
  endfacet
  facet normal 0.322408 -0.9011 -0.28995
    outer loop
      vertex 5.09669 -16.8015 43.6021
      vertex 4.94702 -16.3081 41.9023
      vertex 6.52167 -15.7447 41.9023
    endloop
  endfacet
  facet normal 0.297216 -0.830584 -0.470949
    outer loop
      vertex 4.7497 -15.6577 40.2613
      vertex 4.50664 -14.8564 38.6947
      vertex 6.26155 -15.1167 40.2613
    endloop
  endfacet
  facet normal 0.409192 -0.865146 -0.289974
    outer loop
      vertex 6.71899 -16.2211 43.6021
      vertex 6.52167 -15.7447 41.9023
      vertex 8.27658 -15.4844 43.6021
    endloop
  endfacet
  facet normal 0.49202 -0.820881 -0.289949
    outer loop
      vertex 9.75446 -14.5986 43.6021
      vertex 8.03352 -15.0297 41.9023
      vertex 9.468 -14.1699 41.9023
    endloop
  endfacet
  facet normal 0.302553 -0.639619 -0.706646
    outer loop
      vertex 6.322 -11.8276 35.8448
      vertex 5.77511 -11.632 35.4336
      vertex 6.12816 -11.465 35.4336
    endloop
  endfacet
  facet normal 0.946687 0.140417 0.289941
    outer loop
      vertex 17.2202 3.42531 52.3979
      vertex 16.9599 1.6704 54.0977
      vertex 17.473 1.72094 52.3979
    endloop
  endfacet
  facet normal 0.955894 0.0469249 0.28994
    outer loop
      vertex 17.473 1.72094 52.3979
      vertex 16.9599 1.6704 54.0977
      vertex 17.0419 0 54.0977
    endloop
  endfacet
  facet normal 0.642697 -0.709127 0.289966
    outer loop
      vertex 12.4151 -12.4151 52.3979
      vertex 10.8113 -13.1736 54.0977
      vertex 11.1384 -13.5722 52.3979
    endloop
  endfacet
  facet normal 0.642694 -0.709132 0.289961
    outer loop
      vertex 12.0505 -12.0505 54.0977
      vertex 10.8113 -13.1736 54.0977
      vertex 12.4151 -12.4151 52.3979
    endloop
  endfacet
  facet normal -0.36379 -0.606884 -0.706646
    outer loop
      vertex -6.322 -11.8276 35.8448
      vertex -6.46314 -11.2642 35.4336
      vertex -6.12816 -11.465 35.4336
    endloop
  endfacet
  facet normal -0.0347839 -0.706679 -0.706679
    outer loop
      vertex 0 -13.4112 35.8448
      vertex -0.390072 -12.9808 35.4336
      vertex 0 -13 35.4336
    endloop
  endfacet
  facet normal -0.330659 -0.699111 -0.633963
    outer loop
      vertex -5.56347 -13.4314 37.2178
      vertex -6.85319 -12.8214 37.2178
      vertex -5.13225 -12.3903 35.8448
    endloop
  endfacet
  facet normal -0.171924 -0.68632 -0.706687
    outer loop
      vertex -3.39486 -12.5351 35.4336
      vertex -3.89307 -12.8337 35.8448
      vertex -3.7737 -12.4402 35.4336
    endloop
  endfacet
  facet normal -0.573027 -0.519354 -0.633965
    outer loop
      vertex -9.48316 -9.48316 35.8448
      vertex -11.2381 -9.22285 37.2178
      vertex -10.367 -8.50798 35.8448
    endloop
  endfacet
  facet normal -0.573031 -0.51934 -0.633973
    outer loop
      vertex -10.28 -10.28 37.2178
      vertex -11.2381 -9.22285 37.2178
      vertex -9.48316 -9.48316 35.8448
    endloop
  endfacet
  facet normal -0.709127 -0.642697 -0.289966
    outer loop
      vertex -12.4151 -12.4151 43.6021
      vertex -13.5722 -11.1384 43.6021
      vertex -13.1736 -10.8113 41.9023
    endloop
  endfacet
  facet normal -0.768699 -0.570106 -0.289967
    outer loop
      vertex -13.5722 -11.1384 43.6021
      vertex -14.5986 -9.75446 43.6021
      vertex -13.1736 -10.8113 41.9023
    endloop
  endfacet
  facet normal -0.68632 -0.171924 -0.706687
    outer loop
      vertex -12.4402 -3.7737 35.4336
      vertex -12.8337 -3.89307 35.8448
      vertex -12.5351 -3.39486 35.4336
    endloop
  endfacet
  facet normal -0.666204 -0.238247 -0.70669
    outer loop
      vertex -12.8337 -3.89307 35.8448
      vertex -12.4402 -3.7737 35.4336
      vertex -12.3087 -4.14141 35.4336
    endloop
  endfacet
  facet normal -0.750199 -0.187883 -0.633957
    outer loop
      vertex -13.9121 -4.22017 37.2178
      vertex -14.2587 -2.83623 37.2178
      vertex -13.1535 -2.6164 35.8448
    endloop
  endfacet
  facet normal -0.238311 0.951435 -0.194883
    outer loop
      vertex -3.42531 17.2202 43.6021
      vertex -5.19728 17.1332 45.3442
      vertex -3.49292 17.5601 45.3442
    endloop
  endfacet
  facet normal -0.143912 0.970211 -0.194882
    outer loop
      vertex -3.42531 17.2202 43.6021
      vertex -3.49292 17.5601 45.3442
      vertex -1.75491 17.8179 45.3442
    endloop
  endfacet
  facet normal -0.122023 0.822801 -0.555076
    outer loop
      vertex -1.42498 14.4681 37.2178
      vertex -3.02876 15.2266 38.6947
      vertex -1.5217 15.4501 38.6947
    endloop
  endfacet
  facet normal -0.129411 0.872621 -0.470941
    outer loop
      vertex -1.5217 15.4501 38.6947
      vertex -3.02876 15.2266 38.6947
      vertex -1.60378 16.2834 40.2613
    endloop
  endfacet
  facet normal -0.524239 0.475116 -0.70671
    outer loop
      vertex -10.367 8.50798 35.8448
      vertex -9.45466 8.90301 35.4336
      vertex -10.0491 8.24711 35.4336
    endloop
  endfacet
  facet normal -0.524241 0.475138 -0.706693
    outer loop
      vertex -9.45466 8.90301 35.4336
      vertex -10.367 8.50798 35.8448
      vertex -9.48316 9.48316 35.8448
    endloop
  endfacet
  facet normal -0.475135 0.524248 -0.70669
    outer loop
      vertex -9.19239 9.19239 35.4336
      vertex -9.48316 9.48316 35.8448
      vertex -8.90301 9.45466 35.4336
    endloop
  endfacet
  facet normal -0.699875 -0.103809 -0.706682
    outer loop
      vertex -13.3466 -1.31453 35.8448
      vertex -12.8075 -2.14986 35.4336
      vertex -13.1535 -2.6164 35.8448
    endloop
  endfacet
  facet normal -0.69989 -0.103828 -0.706664
    outer loop
      vertex -12.8075 -2.14986 35.4336
      vertex -13.3466 -1.31453 35.8448
      vertex -12.9374 -1.27422 35.4336
    endloop
  endfacet
  facet normal 0.241803 0.965377 -0.0978681
    outer loop
      vertex 5.19728 17.1332 45.3442
      vertex 3.49292 17.5601 45.3442
      vertex 3.52688 17.7308 47.1119
    endloop
  endfacet
  facet normal 0.238311 0.951435 -0.194883
    outer loop
      vertex 5.19728 17.1332 45.3442
      vertex 3.42531 17.2202 43.6021
      vertex 3.49292 17.5601 45.3442
    endloop
  endfacet
  facet normal -0.425489 0.89965 0.0979261
    outer loop
      vertex -6.91823 16.7021 48.8881
      vertex -8.43993 15.79 50.6558
      vertex -6.8516 16.5412 50.6558
    endloop
  endfacet
  facet normal -0.425536 0.899633 0.0978771
    outer loop
      vertex -6.91823 16.7021 48.8881
      vertex -8.522 15.9435 48.8881
      vertex -8.43993 15.79 50.6558
    endloop
  endfacet
  facet normal -0.453503 0.756676 -0.470932
    outer loop
      vertex -8.62516 12.9085 38.6947
      vertex -9.09035 13.6047 40.2613
      vertex -7.31838 13.6917 38.6947
    endloop
  endfacet
  facet normal -0.427601 0.713458 -0.555098
    outer loop
      vertex -8.07691 12.088 37.2178
      vertex -8.62516 12.9085 38.6947
      vertex -7.31838 13.6917 38.6947
    endloop
  endfacet
  facet normal -0.55047 0.742193 -0.382273
    outer loop
      vertex -10.3801 12.6482 40.2613
      vertex -10.8113 13.1736 41.9023
      vertex -9.468 14.1699 41.9023
    endloop
  endfacet
  facet normal -0.62054 0.684688 -0.382274
    outer loop
      vertex -10.3801 12.6482 40.2613
      vertex -12.0505 12.0505 41.9023
      vertex -10.8113 13.1736 41.9023
    endloop
  endfacet
  facet normal -0.297216 0.830584 -0.470949
    outer loop
      vertex -4.50664 14.8564 38.6947
      vertex -6.26155 15.1167 40.2613
      vertex -4.7497 15.6577 40.2613
    endloop
  endfacet
  facet normal -0.29721 0.83059 -0.470943
    outer loop
      vertex -5.94112 14.3431 38.6947
      vertex -6.26155 15.1167 40.2613
      vertex -4.50664 14.8564 38.6947
    endloop
  endfacet
  facet normal -0.504252 0.841286 -0.194853
    outer loop
      vertex -9.75446 14.5986 43.6021
      vertex -9.94698 14.8867 45.3442
      vertex -8.43993 15.79 45.3442
    endloop
  endfacet
  facet normal -0.427589 0.903973 0
    outer loop
      vertex -6.91823 16.7021 47.1119
      vertex -8.522 15.9435 48.8881
      vertex -6.91823 16.7021 48.8881
    endloop
  endfacet
  facet normal -0.427589 0.903973 0
    outer loop
      vertex -8.522 15.9435 48.8881
      vertex -6.91823 16.7021 47.1119
      vertex -8.522 15.9435 47.1119
    endloop
  endfacet
  facet normal -0.511605 0.853628 -0.0978782
    outer loop
      vertex -8.43993 15.79 45.3442
      vertex -10.0437 15.0315 47.1119
      vertex -8.522 15.9435 47.1119
    endloop
  endfacet
  facet normal -0.425536 0.899633 -0.0978771
    outer loop
      vertex -8.43993 15.79 45.3442
      vertex -8.522 15.9435 47.1119
      vertex -6.91823 16.7021 47.1119
    endloop
  endfacet
  facet normal 0.322408 0.9011 0.28995
    outer loop
      vertex 5.09669 16.8015 52.3979
      vertex 4.94702 16.3081 54.0977
      vertex 6.52167 15.7447 54.0977
    endloop
  endfacet
  facet normal 0.232561 0.928356 0.289951
    outer loop
      vertex 5.09669 16.8015 52.3979
      vertex 3.32472 16.7145 54.0977
      vertex 4.94702 16.3081 54.0977
    endloop
  endfacet
  facet normal -0.409192 0.865146 0.289974
    outer loop
      vertex -6.71899 16.2211 52.3979
      vertex -8.27658 15.4844 52.3979
      vertex -6.52167 15.7447 54.0977
    endloop
  endfacet
  facet normal -0.322408 0.9011 0.28995
    outer loop
      vertex -5.09669 16.8015 52.3979
      vertex -6.52167 15.7447 54.0977
      vertex -4.94702 16.3081 54.0977
    endloop
  endfacet
  facet normal 0.0469367 0.955891 0.289949
    outer loop
      vertex 1 17.5084 52.3979
      vertex 1 17.2924 53.11
      vertex 1.72094 17.473 52.3979
    endloop
  endfacet
  facet normal 0.0481029 0.979641 0.194908
    outer loop
      vertex 1 17.6536 51.6681
      vertex 1 17.5084 52.3979
      vertex 1.72094 17.473 52.3979
    endloop
  endfacet
  facet normal -0.49202 0.820881 0.289949
    outer loop
      vertex -8.03352 15.0297 54.0977
      vertex -9.75446 14.5986 52.3979
      vertex -9.468 14.1699 54.0977
    endloop
  endfacet
  facet normal -0.570124 0.768692 0.289949
    outer loop
      vertex -9.75446 14.5986 52.3979
      vertex -10.8113 13.1736 54.0977
      vertex -9.468 14.1699 54.0977
    endloop
  endfacet
  facet normal -0.550376 0.742152 0.382487
    outer loop
      vertex -9.468 14.1699 54.0977
      vertex -9.59988 13.9498 54.335
      vertex -9.41339 14.0881 54.335
    endloop
  endfacet
  facet normal -0.73739 0.668335 0.0978927
    outer loop
      vertex -12.7832 12.7832 48.8881
      vertex -13.9746 11.4687 48.8881
      vertex -12.6601 12.6601 50.6558
    endloop
  endfacet
  facet normal -0.737385 0.668342 0.0978843
    outer loop
      vertex -12.6601 12.6601 50.6558
      vertex -13.9746 11.4687 48.8881
      vertex -13.8401 11.3582 50.6558
    endloop
  endfacet
  facet normal -0.58428 0.78781 0.194868
    outer loop
      vertex -9.75446 14.5986 52.3979
      vertex -11.3582 13.8401 50.6558
      vertex -11.1384 13.5722 52.3979
    endloop
  endfacet
  facet normal -0.658693 0.72674 0.194865
    outer loop
      vertex -11.3582 13.8401 50.6558
      vertex -12.6601 12.6601 50.6558
      vertex -11.1384 13.5722 52.3979
    endloop
  endfacet
  facet normal -0.78782 0.58427 -0.194854
    outer loop
      vertex -14.5986 9.75446 43.6021
      vertex -14.8867 9.94698 45.3442
      vertex -13.8401 11.3582 45.3442
    endloop
  endfacet
  facet normal -0.799359 0.592827 -0.0978793
    outer loop
      vertex -13.8401 11.3582 45.3442
      vertex -14.8867 9.94698 45.3442
      vertex -13.9746 11.4687 47.1119
    endloop
  endfacet
  facet normal 0.330653 -0.699119 -0.633957
    outer loop
      vertex 6.85319 -12.8214 37.2178
      vertex 5.13225 -12.3903 35.8448
      vertex 6.322 -11.8276 35.8448
    endloop
  endfacet
  facet normal 0.330659 -0.699111 -0.633963
    outer loop
      vertex 5.56347 -13.4314 37.2178
      vertex 5.13225 -12.3903 35.8448
      vertex 6.85319 -12.8214 37.2178
    endloop
  endfacet
  facet normal 0.0347839 -0.706679 -0.706679
    outer loop
      vertex 0.390072 -12.9808 35.4336
      vertex 0 -13.4112 35.8448
      vertex 0 -13 35.4336
    endloop
  endfacet
  facet normal 0.122081 -0.822763 -0.55512
    outer loop
      vertex 3.02876 -15.2266 38.6947
      vertex 1.42498 -14.4681 37.2178
      vertex 2.83623 -14.2587 37.2178
    endloop
  endfacet
  facet normal 0.122023 -0.822801 -0.555076
    outer loop
      vertex 1.5217 -15.4501 38.6947
      vertex 1.42498 -14.4681 37.2178
      vertex 3.02876 -15.2266 38.6947
    endloop
  endfacet
  facet normal -0.135586 -0.914031 -0.382313
    outer loop
      vertex -1.6704 -16.9599 41.9023
      vertex -3.32472 -16.7145 41.9023
      vertex -1.60378 -16.2834 40.2613
    endloop
  endfacet
  facet normal -0.14043 -0.946682 -0.289953
    outer loop
      vertex -1.6704 -16.9599 41.9023
      vertex -3.42531 -17.2202 43.6021
      vertex -3.32472 -16.7145 41.9023
    endloop
  endfacet
  facet normal 0.0432924 -0.88111 -0.470926
    outer loop
      vertex 1.60378 -16.2834 40.2613
      vertex 0 -16.3622 40.2613
      vertex 0 -15.5249 38.6947
    endloop
  endfacet
  facet normal 0.0453474 -0.922934 -0.382278
    outer loop
      vertex 1.60378 -16.2834 40.2613
      vertex 0 -17.0419 41.9023
      vertex 0 -16.3622 40.2613
    endloop
  endfacet
  facet normal -0.202071 -0.806851 -0.55512
    outer loop
      vertex -3.02876 -15.2266 38.6947
      vertex -4.22017 -13.9121 37.2178
      vertex -2.83623 -14.2587 37.2178
    endloop
  endfacet
  facet normal -0.122081 -0.822763 -0.55512
    outer loop
      vertex -1.42498 -14.4681 37.2178
      vertex -3.02876 -15.2266 38.6947
      vertex -2.83623 -14.2587 37.2178
    endloop
  endfacet
  facet normal 0.232561 -0.928356 0.289951
    outer loop
      vertex 4.94702 -16.3081 54.0977
      vertex 3.32472 -16.7145 54.0977
      vertex 5.09669 -16.8015 52.3979
    endloop
  endfacet
  facet normal 0.22455 -0.896378 0.382208
    outer loop
      vertex 4.94702 -16.3081 54.0977
      vertex 3.53077 -16.5617 54.335
      vertex 3.32472 -16.7145 54.0977
    endloop
  endfacet
  facet normal 0.224541 -0.896426 0.382101
    outer loop
      vertex 3.53077 -16.5617 54.335
      vertex 4.94702 -16.3081 54.0977
      vertex 4.91848 -16.2141 54.335
    endloop
  endfacet
  facet normal 0.492016 -0.820886 0.289944
    outer loop
      vertex 9.75446 -14.5986 52.3979
      vertex 8.03352 -15.0297 54.0977
      vertex 8.27658 -15.4844 52.3979
    endloop
  endfacet
  facet normal 0.395111 -0.835328 0.38225
    outer loop
      vertex 6.52167 -15.7447 54.0977
      vertex 7.77729 -15.0422 54.335
      vertex 6.48406 -15.6539 54.335
    endloop
  endfacet
  facet normal 0.395014 -0.835247 0.382527
    outer loop
      vertex 7.77729 -15.0422 54.335
      vertex 6.52167 -15.7447 54.0977
      vertex 8.03352 -15.0297 54.0977
    endloop
  endfacet
  facet normal -0.453503 -0.756676 -0.470932
    outer loop
      vertex -7.31838 -13.6917 38.6947
      vertex -9.09035 -13.6047 40.2613
      vertex -8.62516 -12.9085 38.6947
    endloop
  endfacet
  facet normal -0.453521 -0.756652 -0.470954
    outer loop
      vertex -7.71309 -14.4302 40.2613
      vertex -9.09035 -13.6047 40.2613
      vertex -7.31838 -13.6917 38.6947
    endloop
  endfacet
  facet normal -0.570124 -0.768692 -0.289949
    outer loop
      vertex -9.75446 -14.5986 43.6021
      vertex -10.8113 -13.1736 41.9023
      vertex -9.468 -14.1699 41.9023
    endloop
  endfacet
  facet normal -0.570106 -0.768699 -0.289967
    outer loop
      vertex -9.75446 -14.5986 43.6021
      vertex -11.1384 -13.5722 43.6021
      vertex -10.8113 -13.1736 41.9023
    endloop
  endfacet
  facet normal 0.146021 -0.984429 -0.0978678
    outer loop
      vertex 3.52688 -17.7308 47.1119
      vertex 1.75491 -17.8179 45.3442
      vertex 3.49292 -17.5601 45.3442
    endloop
  endfacet
  facet normal 0.146017 -0.98443 -0.097864
    outer loop
      vertex 1.77197 -17.9911 47.1119
      vertex 1.75491 -17.8179 45.3442
      vertex 3.52688 -17.7308 47.1119
    endloop
  endfacet
  facet normal -0.355636 -0.751919 -0.555104
    outer loop
      vertex -5.56347 -13.4314 37.2178
      vertex -7.31838 -13.6917 38.6947
      vertex -6.85319 -12.8214 37.2178
    endloop
  endfacet
  facet normal -0.297216 -0.830584 -0.470949
    outer loop
      vertex -4.7497 -15.6577 40.2613
      vertex -6.26155 -15.1167 40.2613
      vertex -4.50664 -14.8564 38.6947
    endloop
  endfacet
  facet normal -0.881101 0.043311 -0.470941
    outer loop
      vertex -15.5249 0 38.6947
      vertex -16.2834 1.60378 40.2613
      vertex -15.4501 1.5217 38.6947
    endloop
  endfacet
  facet normal -0.88111 0.0432924 -0.470926
    outer loop
      vertex -15.5249 0 38.6947
      vertex -16.3622 0 40.2613
      vertex -16.2834 1.60378 40.2613
    endloop
  endfacet
  facet normal -0.872621 -0.129411 -0.470941
    outer loop
      vertex -15.2266 -3.02876 38.6947
      vertex -16.2834 -1.60378 40.2613
      vertex -15.4501 -1.5217 38.6947
    endloop
  endfacet
  facet normal -0.822801 -0.122023 -0.555076
    outer loop
      vertex -15.2266 -3.02876 38.6947
      vertex -15.4501 -1.5217 38.6947
      vertex -14.4681 -1.42498 37.2178
    endloop
  endfacet
  facet normal -0.756652 0.453521 -0.470954
    outer loop
      vertex -13.6917 7.31838 38.6947
      vertex -14.4302 7.71309 40.2613
      vertex -13.6047 9.09035 40.2613
    endloop
  endfacet
  facet normal -0.792571 0.47505 -0.382307
    outer loop
      vertex -14.4302 7.71309 40.2613
      vertex -15.0297 8.03352 41.9023
      vertex -13.6047 9.09035 40.2613
    endloop
  endfacet
  facet normal -0.783148 0.28025 -0.555103
    outer loop
      vertex -13.9121 4.22017 37.2178
      vertex -14.3431 5.94112 38.6947
      vertex -13.4314 5.56347 37.2178
    endloop
  endfacet
  facet normal -0.751921 0.355635 -0.555103
    outer loop
      vertex -13.4314 5.56347 37.2178
      vertex -14.3431 5.94112 38.6947
      vertex -13.6917 7.31838 38.6947
    endloop
  endfacet
  facet normal -0.686325 0.171921 -0.706683
    outer loop
      vertex -12.7502 2.53617 35.4336
      vertex -13.1535 2.6164 35.8448
      vertex -12.8337 3.89307 35.8448
    endloop
  endfacet
  facet normal -0.686322 0.171922 -0.706686
    outer loop
      vertex -12.5351 3.39486 35.4336
      vertex -12.7502 2.53617 35.4336
      vertex -12.8337 3.89307 35.8448
    endloop
  endfacet
  facet normal -0.699874 0.10381 -0.706682
    outer loop
      vertex -12.8075 2.14986 35.4336
      vertex -13.1535 2.6164 35.8448
      vertex -12.7502 2.53617 35.4336
    endloop
  endfacet
  facet normal -0.51934 0.573031 -0.633973
    outer loop
      vertex -9.48316 9.48316 35.8448
      vertex -10.28 10.28 37.2178
      vertex -9.22285 11.2381 37.2178
    endloop
  endfacet
  facet normal -0.573031 0.51934 -0.633973
    outer loop
      vertex -9.48316 9.48316 35.8448
      vertex -11.2381 9.22285 37.2178
      vertex -10.28 10.28 37.2178
    endloop
  endfacet
  facet normal -0.595717 -0.803195 0
    outer loop
      vertex -11.4687 -13.9746 47.1119
      vertex -10.0437 -15.0315 48.8881
      vertex -11.4687 -13.9746 48.8881
    endloop
  endfacet
  facet normal -0.595717 -0.803195 -0
    outer loop
      vertex -10.0437 -15.0315 48.8881
      vertex -11.4687 -13.9746 47.1119
      vertex -10.0437 -15.0315 47.1119
    endloop
  endfacet
  facet normal -0.803195 -0.595717 0
    outer loop
      vertex -13.9746 -11.4687 47.1119
      vertex -15.0315 -10.0437 48.8881
      vertex -15.0315 -10.0437 47.1119
    endloop
  endfacet
  facet normal -0.803195 -0.595717 0
    outer loop
      vertex -15.0315 -10.0437 48.8881
      vertex -13.9746 -11.4687 47.1119
      vertex -13.9746 -11.4687 48.8881
    endloop
  endfacet
  facet normal -0.311223 -0.870072 0.382249
    outer loop
      vertex -6.48406 -15.6539 54.335
      vertex -6.52167 -15.7447 54.0977
      vertex -6.26544 -15.7321 54.335
    endloop
  endfacet
  facet normal -0.409165 -0.865169 0.289942
    outer loop
      vertex -8.03352 -15.0297 54.0977
      vertex -8.27658 -15.4844 52.3979
      vertex -6.52167 -15.7447 54.0977
    endloop
  endfacet
  facet normal -0.395014 -0.835247 0.382527
    outer loop
      vertex -6.52167 -15.7447 54.0977
      vertex -7.77729 -15.0422 54.335
      vertex -8.03352 -15.0297 54.0977
    endloop
  endfacet
  facet normal -0.395111 -0.835328 0.38225
    outer loop
      vertex -7.77729 -15.0422 54.335
      vertex -6.52167 -15.7447 54.0977
      vertex -6.48406 -15.6539 54.335
    endloop
  endfacet
  facet normal -0.550376 -0.742152 0.382487
    outer loop
      vertex -9.41339 -14.0881 54.335
      vertex -9.59988 -13.9498 54.335
      vertex -9.468 -14.1699 54.0977
    endloop
  endfacet
  facet normal -0.475025 -0.792494 0.382499
    outer loop
      vertex -9.468 -14.1699 54.0977
      vertex -8.18634 -14.8236 54.335
      vertex -9.41339 -14.0881 54.335
    endloop
  endfacet
  facet normal -0.475029 -0.792532 0.382415
    outer loop
      vertex -8.18634 -14.8236 54.335
      vertex -9.468 -14.1699 54.0977
      vertex -8.03352 -15.0297 54.0977
    endloop
  endfacet
  facet normal 0.232561 -0.928356 -0.289951
    outer loop
      vertex 5.09669 -16.8015 43.6021
      vertex 3.32472 -16.7145 41.9023
      vertex 4.94702 -16.3081 41.9023
    endloop
  endfacet
  facet normal 0.214319 -0.85573 -0.470949
    outer loop
      vertex 4.7497 -15.6577 40.2613
      vertex 3.19211 -16.0478 40.2613
      vertex 4.50664 -14.8564 38.6947
    endloop
  endfacet
  facet normal 0.984429 0.146021 -0.0978678
    outer loop
      vertex 17.8179 1.75491 45.3442
      vertex 17.5601 3.49292 45.3442
      vertex 17.7308 3.52688 47.1119
    endloop
  endfacet
  facet normal 0.98443 0.146017 -0.097864
    outer loop
      vertex 17.8179 1.75491 45.3442
      vertex 17.7308 3.52688 47.1119
      vertex 17.9911 1.77197 47.1119
    endloop
  endfacet
  facet normal 0.772416 -0.0379589 -0.633982
    outer loop
      vertex 14.4681 -1.42498 37.2178
      vertex 13.3466 -1.31453 35.8448
      vertex 13.4112 0 35.8448
    endloop
  endfacet
  facet normal 0.822763 -0.122081 -0.55512
    outer loop
      vertex 15.2266 -3.02876 38.6947
      vertex 14.2587 -2.83623 37.2178
      vertex 14.4681 -1.42498 37.2178
    endloop
  endfacet
  facet normal 0.914035 -0.13558 -0.382307
    outer loop
      vertex 16.7145 -3.32472 41.9023
      vertex 16.0478 -3.19211 40.2613
      vertex 16.2834 -1.60378 40.2613
    endloop
  endfacet
  facet normal 0.946682 -0.14043 -0.289953
    outer loop
      vertex 17.2202 -3.42531 43.6021
      vertex 16.7145 -3.32472 41.9023
      vertex 16.9599 -1.6704 41.9023
    endloop
  endfacet
  facet normal 0.928356 -0.232561 -0.289951
    outer loop
      vertex 16.8015 -5.09669 43.6021
      vertex 16.3081 -4.94702 41.9023
      vertex 16.7145 -3.32472 41.9023
    endloop
  endfacet
  facet normal 0.835343 -0.395032 -0.382298
    outer loop
      vertex 15.7447 -6.52167 41.9023
      vertex 15.0541 -7.53676 41.4422
      vertex 15.1167 -6.26155 40.2613
    endloop
  endfacet
  facet normal 0.835374 -0.395129 -0.38213
    outer loop
      vertex 15.0541 -7.53676 41.4422
      vertex 15.7447 -6.52167 41.9023
      vertex 15.2194 -7.63225 41.9023
    endloop
  endfacet
  facet normal 0.922922 0.0453063 -0.382313
    outer loop
      vertex 17.0419 0 41.9023
      vertex 16.2834 1.60378 40.2613
      vertex 16.9599 1.6704 41.9023
    endloop
  endfacet
  facet normal 0.979644 -0.0481195 -0.194888
    outer loop
      vertex 17.8179 -1.75491 45.3442
      vertex 17.473 -1.72094 43.6021
      vertex 17.9041 0 45.3442
    endloop
  endfacet
  facet normal 0.928354 -0.232563 0.289953
    outer loop
      vertex 17.2202 -3.42531 52.3979
      vertex 16.7145 -3.32472 54.0977
      vertex 16.8015 -5.09669 52.3979
    endloop
  endfacet
  facet normal 0.951421 -0.238342 0.194915
    outer loop
      vertex 17.2202 -3.42531 52.3979
      vertex 16.8015 -5.09669 52.3979
      vertex 17.1332 -5.19728 50.6558
    endloop
  endfacet
  facet normal 0.85365 -0.511562 -0.0979089
    outer loop
      vertex 15.1097 -9.87829 46.9296
      vertex 14.8867 -9.94698 45.3442
      vertex 14.9746 -9.8003 45.3442
    endloop
  endfacet
  facet normal 0.853683 -0.511505 -0.097916
    outer loop
      vertex 14.8867 -9.94698 45.3442
      vertex 15.1097 -9.87829 46.9296
      vertex 15.0315 -10.0437 47.1119
    endloop
  endfacet
  facet normal 0.853781 -0.511373 -0.0977544
    outer loop
      vertex 15.1252 -9.88726 47.1119
      vertex 15.0315 -10.0437 47.1119
      vertex 15.1097 -9.87829 46.9296
    endloop
  endfacet
  facet normal 0.886631 -0.419395 -0.194918
    outer loop
      vertex 15.8947 -8.02209 44.9212
      vertex 15.6669 -7.89061 43.6021
      vertex 16.2211 -6.71899 43.6021
    endloop
  endfacet
  facet normal 0.865138 -0.409209 -0.289973
    outer loop
      vertex 16.2211 -6.71899 43.6021
      vertex 15.5515 -7.82398 43.1637
      vertex 15.7447 -6.52167 41.9023
    endloop
  endfacet
  facet normal 0.865143 -0.40923 -0.289928
    outer loop
      vertex 15.5515 -7.82398 43.1637
      vertex 16.2211 -6.71899 43.6021
      vertex 15.6669 -7.89061 43.6021
    endloop
  endfacet
  facet normal 0.495503 -0.668088 -0.555099
    outer loop
      vertex 8.62516 -12.9085 38.6947
      vertex 8.07691 -12.088 37.2178
      vertex 9.84888 -12.0009 38.6947
    endloop
  endfacet
  facet normal 0.427601 -0.713458 -0.555098
    outer loop
      vertex 8.62516 -12.9085 38.6947
      vertex 7.31838 -13.6917 38.6947
      vertex 8.07691 -12.088 37.2178
    endloop
  endfacet
  facet normal 0.397576 -0.663335 -0.633972
    outer loop
      vertex 8.07691 -12.088 37.2178
      vertex 6.322 -11.8276 35.8448
      vertex 7.45087 -11.151 35.8448
    endloop
  endfacet
  facet normal 0.421482 -0.568307 -0.706669
    outer loop
      vertex 7.45087 -11.151 35.8448
      vertex 7.93343 -10.2818 35.4336
      vertex 8.50798 -10.367 35.8448
    endloop
  endfacet
  facet normal 0.421459 -0.568302 -0.706686
    outer loop
      vertex 7.93343 -10.2818 35.4336
      vertex 7.45087 -11.151 35.8448
      vertex 7.22241 -10.8091 35.4336
    endloop
  endfacet
  facet normal 0.58428 -0.78781 -0.194868
    outer loop
      vertex 11.3582 -13.8401 45.3442
      vertex 9.75446 -14.5986 43.6021
      vertex 11.1384 -13.5722 43.6021
    endloop
  endfacet
  facet normal 0.58427 -0.78782 -0.194854
    outer loop
      vertex 9.94698 -14.8867 45.3442
      vertex 9.75446 -14.5986 43.6021
      vertex 11.3582 -13.8401 45.3442
    endloop
  endfacet
  facet normal 0.377159 -0.797467 -0.470955
    outer loop
      vertex 7.71309 -14.4302 40.2613
      vertex 6.26155 -15.1167 40.2613
      vertex 7.31838 -13.6917 38.6947
    endloop
  endfacet
  facet normal 0.453521 -0.756652 -0.470954
    outer loop
      vertex 7.71309 -14.4302 40.2613
      vertex 7.31838 -13.6917 38.6947
      vertex 9.09035 -13.6047 40.2613
    endloop
  endfacet
  facet normal -0.103828 -0.69989 -0.706664
    outer loop
      vertex -1.31453 -13.3466 35.8448
      vertex -2.14986 -12.8075 35.4336
      vertex -1.27422 -12.9374 35.4336
    endloop
  endfacet
  facet normal -0.103809 -0.699875 -0.706682
    outer loop
      vertex -2.14986 -12.8075 35.4336
      vertex -1.31453 -13.3466 35.8448
      vertex -2.6164 -13.1535 35.8448
    endloop
  endfacet
  facet normal -0.10381 -0.699874 -0.706682
    outer loop
      vertex -2.14986 -12.8075 35.4336
      vertex -2.6164 -13.1535 35.8448
      vertex -2.53617 -12.7502 35.4336
    endloop
  endfacet
  facet normal -0.302454 -0.639622 -0.706686
    outer loop
      vertex -5.13225 -12.3903 35.8448
      vertex -5.77511 -11.632 35.4336
      vertex -4.97488 -12.0104 35.4336
    endloop
  endfacet
  facet normal -0.302528 -0.639652 -0.706627
    outer loop
      vertex -5.77511 -11.632 35.4336
      vertex -5.13225 -12.3903 35.8448
      vertex -6.322 -11.8276 35.8448
    endloop
  endfacet
  facet normal -0.238385 -0.666221 -0.706628
    outer loop
      vertex -5.13225 -12.3903 35.8448
      vertex -4.14141 -12.3087 35.4336
      vertex -3.89307 -12.8337 35.8448
    endloop
  endfacet
  facet normal -0.238415 -0.666148 -0.706686
    outer loop
      vertex -4.14141 -12.3087 35.4336
      vertex -5.13225 -12.3903 35.8448
      vertex -4.97488 -12.0104 35.4336
    endloop
  endfacet
  facet normal -0.621175 -0.460684 -0.633965
    outer loop
      vertex -11.2381 -9.22285 37.2178
      vertex -12.0194 -8.09409 37.1631
      vertex -10.367 -8.50798 35.8448
    endloop
  endfacet
  facet normal -0.621116 -0.460648 -0.634049
    outer loop
      vertex -12.0194 -8.09409 37.1631
      vertex -11.2381 -9.22285 37.2178
      vertex -12.0585 -8.11666 37.2178
    endloop
  endfacet
  facet normal -0.764979 -0.113466 -0.633981
    outer loop
      vertex -13.1535 -2.6164 35.8448
      vertex -14.4681 -1.42498 37.2178
      vertex -13.3466 -1.31453 35.8448
    endloop
  endfacet
  facet normal -0.7067 0.0346896 -0.706663
    outer loop
      vertex -12.9808 0.390072 35.4336
      vertex -13.3466 1.31453 35.8448
      vertex -12.9374 1.27422 35.4336
    endloop
  endfacet
  facet normal -0.706654 0.0347271 -0.706707
    outer loop
      vertex -13.3466 1.31453 35.8448
      vertex -12.9808 0.390072 35.4336
      vertex -13.4112 0 35.8448
    endloop
  endfacet
  facet normal -0.330394 0.923498 -0.194913
    outer loop
      vertex -5.09669 16.8015 43.6021
      vertex -6.71899 16.2211 43.6021
      vertex -5.19728 17.1332 45.3442
    endloop
  endfacet
  facet normal -0.238342 0.951421 -0.194915
    outer loop
      vertex -5.09669 16.8015 43.6021
      vertex -5.19728 17.1332 45.3442
      vertex -3.42531 17.2202 43.6021
    endloop
  endfacet
  facet normal -0.639622 0.302454 -0.706686
    outer loop
      vertex -12.3903 5.13225 35.8448
      vertex -11.632 5.77511 35.4336
      vertex -12.0104 4.97488 35.4336
    endloop
  endfacet
  facet normal -0.639652 0.302528 -0.706627
    outer loop
      vertex -11.632 5.77511 35.4336
      vertex -12.3903 5.13225 35.8448
      vertex -11.8276 6.322 35.8448
    endloop
  endfacet
  facet normal -0.772416 0.0379589 -0.633982
    outer loop
      vertex -13.4112 0 35.8448
      vertex -14.4681 1.42498 37.2178
      vertex -13.3466 1.31453 35.8448
    endloop
  endfacet
  facet normal -0.69989 0.103828 -0.706664
    outer loop
      vertex -13.3466 1.31453 35.8448
      vertex -12.8075 2.14986 35.4336
      vertex -12.9374 1.27422 35.4336
    endloop
  endfacet
  facet normal -0.699875 0.103809 -0.706682
    outer loop
      vertex -12.8075 2.14986 35.4336
      vertex -13.3466 1.31453 35.8448
      vertex -13.1535 2.6164 35.8448
    endloop
  endfacet
  facet normal -0.47505 0.792571 -0.382307
    outer loop
      vertex -7.71309 14.4302 40.2613
      vertex -9.09035 13.6047 40.2613
      vertex -8.03352 15.0297 41.9023
    endloop
  endfacet
  facet normal -0.475052 0.792571 -0.382306
    outer loop
      vertex -9.09035 13.6047 40.2613
      vertex -9.468 14.1699 41.9023
      vertex -8.03352 15.0297 41.9023
    endloop
  endfacet
  facet normal -0.238342 0.951421 0.194915
    outer loop
      vertex -3.42531 17.2202 52.3979
      vertex -5.19728 17.1332 50.6558
      vertex -5.09669 16.8015 52.3979
    endloop
  endfacet
  facet normal -0.143912 0.970211 0.194882
    outer loop
      vertex -1.75491 17.8179 50.6558
      vertex -3.49292 17.5601 50.6558
      vertex -3.42531 17.2202 52.3979
    endloop
  endfacet
  facet normal -0.241774 0.965381 0.0978966
    outer loop
      vertex -3.52688 17.7308 48.8881
      vertex -5.24782 17.2998 48.8881
      vertex -5.19728 17.1332 50.6558
    endloop
  endfacet
  facet normal -0.41935 0.886669 0.194841
    outer loop
      vertex -6.8516 16.5412 50.6558
      vertex -8.43993 15.79 50.6558
      vertex -6.71899 16.2211 52.3979
    endloop
  endfacet
  facet normal -0.0379442 -0.772424 -0.633973
    outer loop
      vertex 0 -14.5381 37.2178
      vertex -1.42498 -14.4681 37.2178
      vertex 0 -13.4112 35.8448
    endloop
  endfacet
  facet normal 0.0379442 -0.772424 -0.633973
    outer loop
      vertex 1.42498 -14.4681 37.2178
      vertex 0 -14.5381 37.2178
      vertex 0 -13.4112 35.8448
    endloop
  endfacet
  facet normal -0.043311 -0.881101 -0.470941
    outer loop
      vertex 0 -15.5249 38.6947
      vertex -1.60378 -16.2834 40.2613
      vertex -1.5217 -15.4501 38.6947
    endloop
  endfacet
  facet normal -0.129411 -0.872621 -0.470941
    outer loop
      vertex -1.60378 -16.2834 40.2613
      vertex -3.02876 -15.2266 38.6947
      vertex -1.5217 -15.4501 38.6947
    endloop
  endfacet
  facet normal -0.129438 -0.872627 -0.470921
    outer loop
      vertex -1.60378 -16.2834 40.2613
      vertex -3.19211 -16.0478 40.2613
      vertex -3.02876 -15.2266 38.6947
    endloop
  endfacet
  facet normal -0.13558 -0.914035 -0.382307
    outer loop
      vertex -1.60378 -16.2834 40.2613
      vertex -3.32472 -16.7145 41.9023
      vertex -3.19211 -16.0478 40.2613
    endloop
  endfacet
  facet normal 0.475125 -0.792512 0.382335
    outer loop
      vertex 8.18634 -14.8236 54.335
      vertex 7.98718 -14.943 54.335
      vertex 8.03352 -15.0297 54.0977
    endloop
  endfacet
  facet normal 0.394842 -0.835417 0.382333
    outer loop
      vertex 7.98718 -14.943 54.335
      vertex 7.77729 -15.0422 54.335
      vertex 8.03352 -15.0297 54.0977
    endloop
  endfacet
  facet normal 0.311223 -0.870072 0.382249
    outer loop
      vertex 6.48406 -15.6539 54.335
      vertex 6.26544 -15.7321 54.335
      vertex 6.52167 -15.7447 54.0977
    endloop
  endfacet
  facet normal -0.135709 -0.914027 0.38228
    outer loop
      vertex -3.30554 -16.6181 54.335
      vertex -3.32472 -16.7145 54.0977
      vertex -3.07587 -16.6522 54.335
    endloop
  endfacet
  facet normal -0.280238 -0.783159 -0.555093
    outer loop
      vertex -4.50664 -14.8564 38.6947
      vertex -5.94112 -14.3431 38.6947
      vertex -4.22017 -13.9121 37.2178
    endloop
  endfacet
  facet normal -0.202113 -0.806859 -0.555093
    outer loop
      vertex -3.02876 -15.2266 38.6947
      vertex -4.50664 -14.8564 38.6947
      vertex -4.22017 -13.9121 37.2178
    endloop
  endfacet
  facet normal -0.260567 -0.728145 -0.633964
    outer loop
      vertex -4.22017 -13.9121 37.2178
      vertex -5.56347 -13.4314 37.2178
      vertex -5.13225 -12.3903 35.8448
    endloop
  endfacet
  facet normal -0.28025 -0.783148 -0.555103
    outer loop
      vertex -4.22017 -13.9121 37.2178
      vertex -5.94112 -14.3431 38.6947
      vertex -5.56347 -13.4314 37.2178
    endloop
  endfacet
  facet normal -0.872627 0.129438 -0.470921
    outer loop
      vertex -15.2266 3.02876 38.6947
      vertex -16.2834 1.60378 40.2613
      vertex -16.0478 3.19211 40.2613
    endloop
  endfacet
  facet normal -0.855736 0.214357 -0.470921
    outer loop
      vertex -15.2266 3.02876 38.6947
      vertex -16.0478 3.19211 40.2613
      vertex -14.8564 4.50664 38.6947
    endloop
  endfacet
  facet normal -0.663356 0.397563 -0.633958
    outer loop
      vertex -11.8276 6.322 35.8448
      vertex -12.8214 6.85319 37.2178
      vertex -12.088 8.07691 37.2178
    endloop
  endfacet
  facet normal -0.663335 0.397576 -0.633972
    outer loop
      vertex -11.8276 6.322 35.8448
      vertex -12.088 8.07691 37.2178
      vertex -11.151 7.45087 35.8448
    endloop
  endfacet
  facet normal -0.750173 0.187915 -0.633979
    outer loop
      vertex -13.1535 2.6164 35.8448
      vertex -13.9121 4.22017 37.2178
      vertex -12.8337 3.89307 35.8448
    endloop
  endfacet
  facet normal -0.666204 0.238247 -0.70669
    outer loop
      vertex -12.3087 4.14141 35.4336
      vertex -12.4402 3.7737 35.4336
      vertex -12.8337 3.89307 35.8448
    endloop
  endfacet
  facet normal -0.504252 -0.841286 -0.194853
    outer loop
      vertex -8.43993 -15.79 45.3442
      vertex -9.94698 -14.8867 45.3442
      vertex -9.75446 -14.5986 43.6021
    endloop
  endfacet
  facet normal -0.511636 -0.853605 -0.0979167
    outer loop
      vertex -8.43993 -15.79 45.3442
      vertex -10.0437 -15.0315 47.1119
      vertex -9.94698 -14.8867 45.3442
    endloop
  endfacet
  facet normal 0.311326 -0.870014 -0.382298
    outer loop
      vertex 6.52167 -15.7447 41.9023
      vertex 4.7497 -15.6577 40.2613
      vertex 6.26155 -15.1167 40.2613
    endloop
  endfacet
  facet normal 0.311295 -0.870039 -0.382266
    outer loop
      vertex 4.94702 -16.3081 41.9023
      vertex 4.7497 -15.6577 40.2613
      vertex 6.52167 -15.7447 41.9023
    endloop
  endfacet
  facet normal 0.772424 0.0379442 -0.633973
    outer loop
      vertex 14.5381 0 37.2178
      vertex 13.4112 0 35.8448
      vertex 14.4681 1.42498 37.2178
    endloop
  endfacet
  facet normal 0.830785 0.0408111 -0.555095
    outer loop
      vertex 14.5381 0 37.2178
      vertex 14.4681 1.42498 37.2178
      vertex 15.5249 0 38.6947
    endloop
  endfacet
  facet normal 0.792686 -0.474347 -0.382941
    outer loop
      vertex 13.6661 -9.04482 40.332
      vertex 13.6047 -9.09035 40.2613
      vertex 13.6407 -9.03019 40.2613
    endloop
  endfacet
  facet normal 0.75681 -0.453283 -0.470929
    outer loop
      vertex 13.6085 -9.0116 40.1916
      vertex 12.9085 -8.62516 38.6947
      vertex 12.9164 -8.61197 38.6947
    endloop
  endfacet
  facet normal 0.756784 -0.453327 -0.470928
    outer loop
      vertex 12.9085 -8.62516 38.6947
      vertex 13.6085 -9.0116 40.1916
      vertex 13.6047 -9.09035 40.2613
    endloop
  endfacet
  facet normal 0.666221 -0.238385 -0.706628
    outer loop
      vertex 12.3903 -5.13225 35.8448
      vertex 12.3087 -4.14141 35.4336
      vertex 12.8337 -3.89307 35.8448
    endloop
  endfacet
  facet normal 0.666148 -0.238415 -0.706686
    outer loop
      vertex 12.3903 -5.13225 35.8448
      vertex 12.0104 -4.97488 35.4336
      vertex 12.3087 -4.14141 35.4336
    endloop
  endfacet
  facet normal 0.686325 -0.171923 -0.706683
    outer loop
      vertex 13.1535 -2.6164 35.8448
      vertex 12.5351 -3.39486 35.4336
      vertex 12.7502 -2.53617 35.4336
    endloop
  endfacet
  facet normal 0.686323 -0.171921 -0.706685
    outer loop
      vertex 12.5351 -3.39486 35.4336
      vertex 13.1535 -2.6164 35.8448
      vertex 12.8337 -3.89307 35.8448
    endloop
  endfacet
  facet normal 0.699875 -0.103809 -0.706682
    outer loop
      vertex 12.8075 -2.14986 35.4336
      vertex 13.3466 -1.31453 35.8448
      vertex 13.1535 -2.6164 35.8448
    endloop
  endfacet
  facet normal 0.69989 -0.103828 -0.706664
    outer loop
      vertex 13.3466 -1.31453 35.8448
      vertex 12.8075 -2.14986 35.4336
      vertex 12.9374 -1.27422 35.4336
    endloop
  endfacet
  facet normal 0.85573 -0.214319 -0.470949
    outer loop
      vertex 15.6577 -4.7497 40.2613
      vertex 14.8564 -4.50664 38.6947
      vertex 16.0478 -3.19211 40.2613
    endloop
  endfacet
  facet normal 0.870039 -0.311295 -0.382266
    outer loop
      vertex 15.7447 -6.52167 41.9023
      vertex 15.6577 -4.7497 40.2613
      vertex 16.3081 -4.94702 41.9023
    endloop
  endfacet
  facet normal 0.951421 -0.238342 -0.194915
    outer loop
      vertex 17.1332 -5.19728 45.3442
      vertex 16.8015 -5.09669 43.6021
      vertex 17.2202 -3.42531 43.6021
    endloop
  endfacet
  facet normal 0.928354 -0.232563 -0.289953
    outer loop
      vertex 16.8015 -5.09669 43.6021
      vertex 16.7145 -3.32472 41.9023
      vertex 17.2202 -3.42531 43.6021
    endloop
  endfacet
  facet normal 0.896351 -0.224492 -0.382308
    outer loop
      vertex 16.7145 -3.32472 41.9023
      vertex 15.6577 -4.7497 40.2613
      vertex 16.0478 -3.19211 40.2613
    endloop
  endfacet
  facet normal 0.896356 -0.224545 -0.382265
    outer loop
      vertex 16.3081 -4.94702 41.9023
      vertex 15.6577 -4.7497 40.2613
      vertex 16.7145 -3.32472 41.9023
    endloop
  endfacet
  facet normal 0.946687 0.140417 -0.289941
    outer loop
      vertex 17.473 1.72094 43.6021
      vertex 16.9599 1.6704 41.9023
      vertex 17.2202 3.42531 43.6021
    endloop
  endfacet
  facet normal 0.970211 0.143906 -0.194888
    outer loop
      vertex 17.473 1.72094 43.6021
      vertex 17.2202 3.42531 43.6021
      vertex 17.8179 1.75491 45.3442
    endloop
  endfacet
  facet normal 0.946687 -0.140417 -0.289941
    outer loop
      vertex 17.2202 -3.42531 43.6021
      vertex 16.9599 -1.6704 41.9023
      vertex 17.473 -1.72094 43.6021
    endloop
  endfacet
  facet normal 0.955894 -0.0469249 -0.28994
    outer loop
      vertex 17.473 -1.72094 43.6021
      vertex 16.9599 -1.6704 41.9023
      vertex 17.0419 0 41.9023
    endloop
  endfacet
  facet normal 0.922934 -0.0453474 -0.382278
    outer loop
      vertex 17.0419 0 41.9023
      vertex 16.2834 -1.60378 40.2613
      vertex 16.3622 0 40.2613
    endloop
  endfacet
  facet normal 0.88111 -0.0432924 -0.470926
    outer loop
      vertex 16.2834 -1.60378 40.2613
      vertex 15.5249 0 38.6947
      vertex 16.3622 0 40.2613
    endloop
  endfacet
  facet normal 0.899659 -0.425468 -0.0979262
    outer loop
      vertex 16.003 -8.08462 45.7569
      vertex 16.5412 -6.8516 45.3442
      vertex 16.7021 -6.91823 47.1119
    endloop
  endfacet
  facet normal 0.899654 -0.425474 -0.0979518
    outer loop
      vertex 16.5412 -6.8516 45.3442
      vertex 16.003 -8.08462 45.7569
      vertex 15.9677 -8.06425 45.3442
    endloop
  endfacet
  facet normal 0.886679 -0.419329 -0.194841
    outer loop
      vertex 16.5412 -6.8516 45.3442
      vertex 15.8947 -8.02209 44.9212
      vertex 16.2211 -6.71899 43.6021
    endloop
  endfacet
  facet normal 0.88668 -0.419339 -0.194816
    outer loop
      vertex 15.8947 -8.02209 44.9212
      vertex 16.5412 -6.8516 45.3442
      vertex 15.9677 -8.06425 45.3442
    endloop
  endfacet
  facet normal 0.475135 -0.524248 -0.70669
    outer loop
      vertex 9.48316 -9.48316 35.8448
      vertex 8.90301 -9.45466 35.4336
      vertex 9.19239 -9.19239 35.4336
    endloop
  endfacet
  facet normal 0.524241 -0.475138 -0.706693
    outer loop
      vertex 9.45466 -8.90301 35.4336
      vertex 10.367 -8.50798 35.8448
      vertex 9.48316 -9.48316 35.8448
    endloop
  endfacet
  facet normal 0.524239 -0.475116 -0.70671
    outer loop
      vertex 10.367 -8.50798 35.8448
      vertex 9.45466 -8.90301 35.4336
      vertex 10.0491 -8.24711 35.4336
    endloop
  endfacet
  facet normal 0.409165 -0.865169 -0.289942
    outer loop
      vertex 8.27658 -15.4844 43.6021
      vertex 6.52167 -15.7447 41.9023
      vertex 8.03352 -15.0297 41.9023
    endloop
  endfacet
  facet normal 0.492016 -0.820886 -0.289944
    outer loop
      vertex 8.27658 -15.4844 43.6021
      vertex 8.03352 -15.0297 41.9023
      vertex 9.75446 -14.5986 43.6021
    endloop
  endfacet
  facet normal -0.69916 -0.330615 -0.633931
    outer loop
      vertex -12.0684 -5.81298 35.8448
      vertex -12.6441 -6.14539 36.6531
      vertex -12.3903 -5.13225 35.8448
    endloop
  endfacet
  facet normal -0.568319 -0.421476 -0.706663
    outer loop
      vertex -11.0773 -7.55021 35.8448
      vertex -10.2818 -7.93343 35.4336
      vertex -10.367 -8.50798 35.8448
    endloop
  endfacet
  facet normal -0.568317 -0.421465 -0.70667
    outer loop
      vertex -10.2818 -7.93343 35.4336
      vertex -11.0773 -7.55021 35.8448
      vertex -10.7193 -7.34349 35.4336
    endloop
  endfacet
  facet normal -0.621176 -0.460676 -0.63397
    outer loop
      vertex -10.367 -8.50798 35.8448
      vertex -12.0194 -8.09409 37.1631
      vertex -11.0773 -7.55021 35.8448
    endloop
  endfacet
  facet normal -0.568302 0.421459 -0.706686
    outer loop
      vertex -11.151 7.45087 35.8448
      vertex -10.2818 7.93343 35.4336
      vertex -10.8091 7.22241 35.4336
    endloop
  endfacet
  facet normal -0.568307 0.421482 -0.706669
    outer loop
      vertex -10.2818 7.93343 35.4336
      vertex -11.151 7.45087 35.8448
      vertex -10.367 8.50798 35.8448
    endloop
  endfacet
  facet normal -0.568219 0.421527 -0.706713
    outer loop
      vertex -10.2818 7.93343 35.4336
      vertex -10.367 8.50798 35.8448
      vertex -10.0491 8.24711 35.4336
    endloop
  endfacet
  facet normal -0.7067 -0.0346896 -0.706663
    outer loop
      vertex -13.3466 -1.31453 35.8448
      vertex -12.9808 -0.390072 35.4336
      vertex -12.9374 -1.27422 35.4336
    endloop
  endfacet
  facet normal -0.706654 -0.0347271 -0.706707
    outer loop
      vertex -12.9808 -0.390072 35.4336
      vertex -13.3466 -1.31453 35.8448
      vertex -13.4112 0 35.8448
    endloop
  endfacet
  facet normal -0.772416 -0.0379589 -0.633982
    outer loop
      vertex -13.3466 -1.31453 35.8448
      vertex -14.4681 -1.42498 37.2178
      vertex -13.4112 0 35.8448
    endloop
  endfacet
  facet normal -0.806851 0.202071 -0.55512
    outer loop
      vertex -14.2587 2.83623 37.2178
      vertex -15.2266 3.02876 38.6947
      vertex -13.9121 4.22017 37.2178
    endloop
  endfacet
  facet normal -0.764993 0.113509 -0.633957
    outer loop
      vertex -13.1535 2.6164 35.8448
      vertex -14.4681 1.42498 37.2178
      vertex -14.2587 2.83623 37.2178
    endloop
  endfacet
  facet normal -0.409165 0.865169 -0.289942
    outer loop
      vertex -8.03352 15.0297 41.9023
      vertex -8.27658 15.4844 43.6021
      vertex -6.52167 15.7447 41.9023
    endloop
  endfacet
  facet normal -0.395054 0.835333 -0.382298
    outer loop
      vertex -6.26155 15.1167 40.2613
      vertex -8.03352 15.0297 41.9023
      vertex -6.52167 15.7447 41.9023
    endloop
  endfacet
  facet normal -0.241803 0.965377 0.0978681
    outer loop
      vertex -3.52688 17.7308 48.8881
      vertex -5.19728 17.1332 50.6558
      vertex -3.49292 17.5601 50.6558
    endloop
  endfacet
  facet normal -0.238311 0.951435 0.194883
    outer loop
      vertex -3.49292 17.5601 50.6558
      vertex -5.19728 17.1332 50.6558
      vertex -3.42531 17.2202 52.3979
    endloop
  endfacet
  facet normal -0.742152 -0.550376 0.382487
    outer loop
      vertex -14.0881 -9.41339 54.335
      vertex -14.1699 -9.468 54.0977
      vertex -13.9498 -9.59988 54.335
    endloop
  endfacet
  facet normal -0.822801 0.122023 -0.555076
    outer loop
      vertex -14.4681 1.42498 37.2178
      vertex -15.4501 1.5217 38.6947
      vertex -15.2266 3.02876 38.6947
    endloop
  endfacet
  facet normal -0.872621 0.129411 -0.470941
    outer loop
      vertex -15.4501 1.5217 38.6947
      vertex -16.2834 1.60378 40.2613
      vertex -15.2266 3.02876 38.6947
    endloop
  endfacet
  facet normal -0.699119 0.330653 -0.633957
    outer loop
      vertex -12.3903 5.13225 35.8448
      vertex -12.8214 6.85319 37.2178
      vertex -11.8276 6.322 35.8448
    endloop
  endfacet
  facet normal 0.797472 -0.377175 -0.470932
    outer loop
      vertex 14.6295 -7.29165 40.2613
      vertex 14.1225 -6.99892 39.1683
      vertex 15.1167 -6.26155 40.2613
    endloop
  endfacet
  facet normal 0.75713 -0.45307 -0.470619
    outer loop
      vertex 13.6407 -9.03019 40.2613
      vertex 13.6047 -9.09035 40.2613
      vertex 13.6085 -9.0116 40.1916
    endloop
  endfacet
  facet normal 0.639609 -0.302455 -0.706698
    outer loop
      vertex 11.7115 -5.60694 35.4336
      vertex 12.3903 -5.13225 35.8448
      vertex 12.0684 -5.81298 35.8448
    endloop
  endfacet
  facet normal 0.639614 -0.302472 -0.706686
    outer loop
      vertex 12.3903 -5.13225 35.8448
      vertex 11.7115 -5.60694 35.4336
      vertex 12.0104 -4.97488 35.4336
    endloop
  endfacet
  facet normal 0.751934 -0.355606 -0.555104
    outer loop
      vertex 14.3431 -5.94112 38.6947
      vertex 13.5996 -6.69701 38.1718
      vertex 13.4314 -5.56347 37.2178
    endloop
  endfacet
  facet normal 0.75194 -0.355628 -0.555081
    outer loop
      vertex 13.5996 -6.69701 38.1718
      vertex 14.3431 -5.94112 38.6947
      vertex 13.9028 -6.87209 38.6947
    endloop
  endfacet
  facet normal 0.830796 -0.0408383 -0.555076
    outer loop
      vertex 15.4501 -1.5217 38.6947
      vertex 14.4681 -1.42498 37.2178
      vertex 15.5249 0 38.6947
    endloop
  endfacet
  facet normal 0.750173 -0.187915 -0.633979
    outer loop
      vertex 13.9121 -4.22017 37.2178
      vertex 12.8337 -3.89307 35.8448
      vertex 13.1535 -2.6164 35.8448
    endloop
  endfacet
  facet normal 0.870014 -0.311326 -0.382298
    outer loop
      vertex 15.7447 -6.52167 41.9023
      vertex 15.1167 -6.26155 40.2613
      vertex 15.6577 -4.7497 40.2613
    endloop
  endfacet
  facet normal 0.830584 -0.297216 -0.470949
    outer loop
      vertex 15.1167 -6.26155 40.2613
      vertex 14.8564 -4.50664 38.6947
      vertex 15.6577 -4.7497 40.2613
    endloop
  endfacet
  facet normal 0.97965 -0.0481588 -0.19485
    outer loop
      vertex 17.9041 0 45.3442
      vertex 17.473 -1.72094 43.6021
      vertex 17.5576 0 43.6021
    endloop
  endfacet
  facet normal 0.955872 -0.0469899 -0.290001
    outer loop
      vertex 17.473 -1.72094 43.6021
      vertex 17.0419 0 41.9023
      vertex 17.5576 0 43.6021
    endloop
  endfacet
  facet normal 0.573031 -0.51934 -0.633973
    outer loop
      vertex 10.28 -10.28 37.2178
      vertex 9.48316 -9.48316 35.8448
      vertex 11.2381 -9.22285 37.2178
    endloop
  endfacet
  facet normal 0.51934 -0.573031 -0.633973
    outer loop
      vertex 10.28 -10.28 37.2178
      vertex 9.22285 -11.2381 37.2178
      vertex 9.48316 -9.48316 35.8448
    endloop
  endfacet
  facet normal -0.706679 -0.0347839 -0.706679
    outer loop
      vertex -12.9808 -0.390072 35.4336
      vertex -13.4112 0 35.8448
      vertex -13 0 35.4336
    endloop
  endfacet
  facet normal -0.706679 0.0347839 -0.706679
    outer loop
      vertex -13 0 35.4336
      vertex -13.4112 0 35.8448
      vertex -12.9808 0.390072 35.4336
    endloop
  endfacet
  facet normal -0.33047 0.923486 0.19484
    outer loop
      vertex -5.19728 17.1332 50.6558
      vertex -6.8516 16.5412 50.6558
      vertex -6.71899 16.2211 52.3979
    endloop
  endfacet
  facet normal -0.330394 0.923498 0.194913
    outer loop
      vertex -5.19728 17.1332 50.6558
      vertex -6.71899 16.2211 52.3979
      vertex -5.09669 16.8015 52.3979
    endloop
  endfacet
  facet normal -0.728142 0.260542 -0.633978
    outer loop
      vertex -12.8337 3.89307 35.8448
      vertex -13.9121 4.22017 37.2178
      vertex -12.3903 5.13225 35.8448
    endloop
  endfacet
  facet normal -0.728145 0.260567 -0.633964
    outer loop
      vertex -12.3903 5.13225 35.8448
      vertex -13.9121 4.22017 37.2178
      vertex -13.4314 5.56347 37.2178
    endloop
  endfacet
  facet normal 0.751951 -0.355591 -0.555089
    outer loop
      vertex 13.5996 -6.69701 38.1718
      vertex 13.0464 -6.37761 37.2178
      vertex 13.4314 -5.56347 37.2178
    endloop
  endfacet
  facet normal 0.797473 -0.377161 -0.470943
    outer loop
      vertex 14.1225 -6.99892 39.1683
      vertex 14.3431 -5.94112 38.6947
      vertex 15.1167 -6.26155 40.2613
    endloop
  endfacet
  facet normal 0.797471 -0.377162 -0.470945
    outer loop
      vertex 14.3431 -5.94112 38.6947
      vertex 14.1225 -6.99892 39.1683
      vertex 13.9028 -6.87209 38.6947
    endloop
  endfacet
  facet normal 0.728145 -0.260567 -0.633964
    outer loop
      vertex 13.4314 -5.56347 37.2178
      vertex 12.3903 -5.13225 35.8448
      vertex 13.9121 -4.22017 37.2178
    endloop
  endfacet
  facet normal 0.699114 -0.330652 -0.633963
    outer loop
      vertex 13.4314 -5.56347 37.2178
      vertex 12.6441 -6.14539 36.6531
      vertex 12.3903 -5.13225 35.8448
    endloop
  endfacet
  facet normal 0.699103 -0.3306 -0.634002
    outer loop
      vertex 12.6441 -6.14539 36.6531
      vertex 13.4314 -5.56347 37.2178
      vertex 13.0464 -6.37761 37.2178
    endloop
  endfacet
  facet normal 0.806859 -0.202113 -0.555093
    outer loop
      vertex 14.8564 -4.50664 38.6947
      vertex 13.9121 -4.22017 37.2178
      vertex 15.2266 -3.02876 38.6947
    endloop
  endfacet
  facet normal 0.764993 -0.113509 -0.633957
    outer loop
      vertex 14.2587 -2.83623 37.2178
      vertex 13.1535 -2.6164 35.8448
      vertex 14.4681 -1.42498 37.2178
    endloop
  endfacet
  facet normal 0.772424 -0.0379442 -0.633973
    outer loop
      vertex 14.4681 -1.42498 37.2178
      vertex 13.4112 0 35.8448
      vertex 14.5381 0 37.2178
    endloop
  endfacet
  facet normal 0.830785 -0.0408111 -0.555095
    outer loop
      vertex 15.5249 0 38.6947
      vertex 14.4681 -1.42498 37.2178
      vertex 14.5381 0 37.2178
    endloop
  endfacet
  facet normal -0.639619 0.302553 -0.706646
    outer loop
      vertex -11.632 5.77511 35.4336
      vertex -11.8276 6.322 35.8448
      vertex -11.465 6.12816 35.4336
    endloop
  endfacet
  facet normal 0.783148 -0.28025 -0.555103
    outer loop
      vertex 14.3431 -5.94112 38.6947
      vertex 13.4314 -5.56347 37.2178
      vertex 13.9121 -4.22017 37.2178
    endloop
  endfacet
  facet normal 0.783159 -0.280238 -0.555093
    outer loop
      vertex 14.3431 -5.94112 38.6947
      vertex 13.9121 -4.22017 37.2178
      vertex 14.8564 -4.50664 38.6947
    endloop
  endfacet
  facet normal 0.872627 -0.129438 -0.470921
    outer loop
      vertex 16.0478 -3.19211 40.2613
      vertex 15.2266 -3.02876 38.6947
      vertex 16.2834 -1.60378 40.2613
    endloop
  endfacet
  facet normal 0.855736 -0.214357 -0.470921
    outer loop
      vertex 16.0478 -3.19211 40.2613
      vertex 14.8564 -4.50664 38.6947
      vertex 15.2266 -3.02876 38.6947
    endloop
  endfacet
  facet normal 0.806851 -0.202071 -0.55512
    outer loop
      vertex 15.2266 -3.02876 38.6947
      vertex 13.9121 -4.22017 37.2178
      vertex 14.2587 -2.83623 37.2178
    endloop
  endfacet
  facet normal 0.750199 -0.187883 -0.633957
    outer loop
      vertex 13.9121 -4.22017 37.2178
      vertex 13.1535 -2.6164 35.8448
      vertex 14.2587 -2.83623 37.2178
    endloop
  endfacet
  facet normal -1 0 0
    outer loop
      vertex 1 12.9509 40.0212
      vertex 1 15.4758 38.6947
      vertex 1 14.7832 37.6583
    endloop
  endfacet
  facet normal -1 0 0
    outer loop
      vertex 1 12.9509 40.0212
      vertex 1 14.7832 37.6583
      vertex 1 14.4889 37.2178
    endloop
  endfacet
  facet normal -1 0 0
    outer loop
      vertex 1 12.9509 40.0212
      vertex 1 14.4889 37.2178
      vertex 1 14.1529 36.8083
    endloop
  endfacet
  facet normal -1 0 0
    outer loop
      vertex 1 12.9509 40.0212
      vertex 1 14.1529 36.8083
      vertex 1 13.3621 35.8448
    endloop
  endfacet
  facet normal -1 0 0
    outer loop
      vertex 1 15.4758 38.6947
      vertex 1 13.0867 40.3491
      vertex 1 15.0033 44.9761
    endloop
  endfacet
  facet normal -1 0 0
    outer loop
      vertex 1 12.9509 40.0212
      vertex 1 13.3621 35.8448
      vertex 1 12.9509 35.4336
    endloop
  endfacet
  facet normal -1 0 0
    outer loop
      vertex 1 15.4758 38.6947
      vertex 1 12.9509 40.0212
      vertex 1 13.0867 40.3491
    endloop
  endfacet
  facet normal -1 0 0
    outer loop
      vertex 1 15.0033 44.9761
      vertex 1 18.0291 47.1119
      vertex 1 17.9532 46.3418
    endloop
  endfacet
  facet normal -1 -0 0
    outer loop
      vertex 1 18.0291 47.1119
      vertex 1 15.0033 44.9761
      vertex 1 18.0291 48.8881
    endloop
  endfacet
  facet normal -1 0 0
    outer loop
      vertex 1 15.0033 44.9761
      vertex 1 17.9532 46.3418
      vertex 1 17.855 45.3442
    endloop
  endfacet
  facet normal -1 0 0
    outer loop
      vertex 1 15.0033 51.0239
      vertex 1 18.0291 48.8881
      vertex 1 15.0033 44.9761
    endloop
  endfacet
  facet normal -1 0 0
    outer loop
      vertex 1 15.0033 44.9761
      vertex 1 17.855 45.3442
      vertex 1 17.6536 44.3319
    endloop
  endfacet
  facet normal -1 0 0
    outer loop
      vertex 1 18.0291 48.8881
      vertex 1 15.0033 51.0239
      vertex 1 17.9532 49.6582
    endloop
  endfacet
  facet normal -1 0 0
    outer loop
      vertex 1 15.0033 44.9761
      vertex 1 17.6536 44.3319
      vertex 1 17.5084 43.6021
    endloop
  endfacet
  facet normal -1 0 0
    outer loop
      vertex 1 17.9532 49.6582
      vertex 1 15.0033 51.0239
      vertex 1 17.855 50.6558
    endloop
  endfacet
  facet normal -1 0 0
    outer loop
      vertex 1 15.0033 44.9761
      vertex 1 17.5084 43.6021
      vertex 1 17.2924 42.89
    endloop
  endfacet
  facet normal -1 0 0
    outer loop
      vertex 1 17.855 50.6558
      vertex 1 15.0033 51.0239
      vertex 1 17.6536 51.6681
    endloop
  endfacet
  facet normal -1 0 0
    outer loop
      vertex 1 15.0033 44.9761
      vertex 1 17.2924 42.89
      vertex 1 16.9928 41.9023
    endloop
  endfacet
  facet normal -1 -0 0
    outer loop
      vertex 1 17.6536 51.6681
      vertex 1 15.0033 51.0239
      vertex 1 17.5084 52.3979
    endloop
  endfacet
  facet normal -1 -0 0
    outer loop
      vertex 1 17.2924 53.11
      vertex 1 15.0033 51.0239
      vertex 1 16.9928 54.0977
    endloop
  endfacet
  facet normal -1 0 0
    outer loop
      vertex 1 15.0033 44.9761
      vertex 1 16.9928 41.9023
      vertex 1 16.569 40.8791
    endloop
  endfacet
  facet normal -1 0 0
    outer loop
      vertex 1 15.0033 44.9761
      vertex 1 16.569 40.8791
      vertex 1 16.3131 40.2613
    endloop
  endfacet
  facet normal -1 0 0
    outer loop
      vertex 1 15.0033 44.9761
      vertex 1 16.3131 40.2613
      vertex 1 15.9979 39.6715
    endloop
  endfacet
  facet normal -1 0 0
    outer loop
      vertex 1 15.0033 44.9761
      vertex 1 15.9979 39.6715
      vertex 1 15.4758 38.6947
    endloop
  endfacet
  facet normal -1 -0 0
    outer loop
      vertex 1 17.5084 52.3979
      vertex 1 15.0033 51.0239
      vertex 1 17.2924 53.11
    endloop
  endfacet
  facet normal -1 0 0
    outer loop
      vertex 1 13.6318 54.335
      vertex 1 16.9928 54.0977
      vertex 1 15.0033 51.0239
    endloop
  endfacet
  facet normal -1 0 0
    outer loop
      vertex 1 16.9928 54.0977
      vertex 1 13.6318 54.335
      vertex 1 16.8945 54.335
    endloop
  endfacet
  facet normal 1 0 0
    outer loop
      vertex -1 15.0033 51.0239
      vertex -1 18.0291 48.8881
      vertex -1 17.9532 49.6582
    endloop
  endfacet
  facet normal 1 0 0
    outer loop
      vertex -1 18.0291 48.8881
      vertex -1 15.0033 51.0239
      vertex -1 18.0291 47.1119
    endloop
  endfacet
  facet normal 1 0 0
    outer loop
      vertex -1 15.0033 51.0239
      vertex -1 17.9532 49.6582
      vertex -1 17.855 50.6558
    endloop
  endfacet
  facet normal 1 0 0
    outer loop
      vertex -1 15.0033 44.9761
      vertex -1 18.0291 47.1119
      vertex -1 15.0033 51.0239
    endloop
  endfacet
  facet normal 1 -0 0
    outer loop
      vertex -1 15.0033 51.0239
      vertex -1 17.855 50.6558
      vertex -1 17.6536 51.6681
    endloop
  endfacet
  facet normal 1 0 0
    outer loop
      vertex -1 18.0291 47.1119
      vertex -1 15.0033 44.9761
      vertex -1 17.9532 46.3418
    endloop
  endfacet
  facet normal 1 0 0
    outer loop
      vertex -1 15.0033 51.0239
      vertex -1 17.6536 51.6681
      vertex -1 17.5084 52.3979
    endloop
  endfacet
  facet normal 1 0 0
    outer loop
      vertex -1 17.9532 46.3418
      vertex -1 15.0033 44.9761
      vertex -1 17.855 45.3442
    endloop
  endfacet
  facet normal 1 0 0
    outer loop
      vertex -1 15.0033 51.0239
      vertex -1 17.5084 52.3979
      vertex -1 17.2924 53.11
    endloop
  endfacet
  facet normal 1 0 0
    outer loop
      vertex -1 17.855 45.3442
      vertex -1 15.0033 44.9761
      vertex -1 17.6536 44.3319
    endloop
  endfacet
  facet normal 1 0 0
    outer loop
      vertex -1 15.0033 51.0239
      vertex -1 17.2924 53.11
      vertex -1 16.9928 54.0977
    endloop
  endfacet
  facet normal 1 0 0
    outer loop
      vertex -1 17.6536 44.3319
      vertex -1 15.0033 44.9761
      vertex -1 17.5084 43.6021
    endloop
  endfacet
  facet normal 1 -0 0
    outer loop
      vertex -1 13.6318 54.335
      vertex -1 16.9928 54.0977
      vertex -1 16.8945 54.335
    endloop
  endfacet
  facet normal 1 0 0
    outer loop
      vertex -1 17.5084 43.6021
      vertex -1 15.0033 44.9761
      vertex -1 17.2924 42.89
    endloop
  endfacet
  facet normal 1 0 0
    outer loop
      vertex -1 13.0867 40.3491
      vertex -1 16.9928 41.9023
      vertex -1 15.0033 44.9761
    endloop
  endfacet
  facet normal 1 0 0
    outer loop
      vertex -1 16.9928 41.9023
      vertex -1 13.0867 40.3491
      vertex -1 16.569 40.8791
    endloop
  endfacet
  facet normal 1 0 0
    outer loop
      vertex -1 16.569 40.8791
      vertex -1 13.0867 40.3491
      vertex -1 16.3131 40.2613
    endloop
  endfacet
  facet normal 1 0 0
    outer loop
      vertex -1 17.2924 42.89
      vertex -1 15.0033 44.9761
      vertex -1 16.9928 41.9023
    endloop
  endfacet
  facet normal 1 0 0
    outer loop
      vertex -1 16.9928 54.0977
      vertex -1 13.6318 54.335
      vertex -1 15.0033 51.0239
    endloop
  endfacet
  facet normal 1 0 0
    outer loop
      vertex -1 16.3131 40.2613
      vertex -1 13.0867 40.3491
      vertex -1 15.9979 39.6715
    endloop
  endfacet
  facet normal 1 0 0
    outer loop
      vertex -1 15.9979 39.6715
      vertex -1 13.0867 40.3491
      vertex -1 15.4758 38.6947
    endloop
  endfacet
  facet normal 1 -0 0
    outer loop
      vertex -1 12.9509 40.0212
      vertex -1 15.4758 38.6947
      vertex -1 13.0867 40.3491
    endloop
  endfacet
  facet normal 1 0 0
    outer loop
      vertex -1 15.4758 38.6947
      vertex -1 12.9509 40.0212
      vertex -1 14.7832 37.6583
    endloop
  endfacet
  facet normal 1 0 0
    outer loop
      vertex -1 14.7832 37.6583
      vertex -1 12.9509 40.0212
      vertex -1 14.4889 37.2178
    endloop
  endfacet
  facet normal 1 0 0
    outer loop
      vertex -1 14.4889 37.2178
      vertex -1 12.9509 40.0212
      vertex -1 14.1529 36.8083
    endloop
  endfacet
  facet normal 1 0 0
    outer loop
      vertex -1 14.1529 36.8083
      vertex -1 12.9509 40.0212
      vertex -1 13.3621 35.8448
    endloop
  endfacet
  facet normal 1 0 0
    outer loop
      vertex -1 13.3621 35.8448
      vertex -1 12.9509 40.0212
      vertex -1 12.9509 35.4336
    endloop
  endfacet
  facet normal 0.500001 -0.866025 6.99814e-06
    outer loop
      vertex -15.2194 -7.63225 54.0977
      vertex -12.3295 -5.96376 54.335
      vertex -15.1341 -7.583 54.335
    endloop
  endfacet
  facet normal 0.500002 -0.866024 -6.07101e-06
    outer loop
      vertex -15.5515 -7.82398 52.8363
      vertex -12.3295 -5.96376 54.335
      vertex -15.2194 -7.63225 54.0977
    endloop
  endfacet
  facet normal 0.500013 -0.866018 3.00808e-06
    outer loop
      vertex -13.497 -6.63778 51.0239
      vertex -15.5515 -7.82398 52.8363
      vertex -15.6669 -7.89061 52.3979
    endloop
  endfacet
  facet normal 0.499999 -0.866026 -2.62433e-05
    outer loop
      vertex -13.497 -6.63778 51.0239
      vertex -15.6669 -7.89061 52.3979
      vertex -15.8947 -8.02209 51.0788
    endloop
  endfacet
  facet normal 0.500003 -0.866023 -1.11095e-05
    outer loop
      vertex -15.5515 -7.82398 52.8363
      vertex -13.497 -6.63778 51.0239
      vertex -12.3295 -5.96376 54.335
    endloop
  endfacet
  facet normal 0.5 -0.866026 2.75584e-05
    outer loop
      vertex -15.9677 -8.06425 50.6558
      vertex -13.497 -6.63778 51.0239
      vertex -15.8947 -8.02209 51.0788
    endloop
  endfacet
  facet normal 0.500005 -0.866022 -2.25671e-05
    outer loop
      vertex -16.003 -8.08462 50.2431
      vertex -13.497 -6.63778 51.0239
      vertex -15.9677 -8.06425 50.6558
    endloop
  endfacet
  facet normal 0.499998 -0.866027 8.42337e-06
    outer loop
      vertex -16.1188 -8.15149 48.8881
      vertex -13.497 -6.63778 51.0239
      vertex -16.003 -8.08462 50.2431
    endloop
  endfacet
  facet normal 0.500003 -0.866024 0
    outer loop
      vertex -16.1188 -8.15149 47.1119
      vertex -13.497 -6.63778 51.0239
      vertex -16.1188 -8.15149 48.8881
    endloop
  endfacet
  facet normal 0.499998 -0.866027 -8.42337e-06
    outer loop
      vertex -13.497 -6.63778 44.9761
      vertex -16.1188 -8.15149 47.1119
      vertex -16.003 -8.08462 45.7569
    endloop
  endfacet
  facet normal 0.500005 -0.866022 2.25671e-05
    outer loop
      vertex -13.497 -6.63778 44.9761
      vertex -16.003 -8.08462 45.7569
      vertex -15.9677 -8.06425 45.3442
    endloop
  endfacet
  facet normal 0.500003 -0.866024 0
    outer loop
      vertex -16.1188 -8.15149 47.1119
      vertex -13.497 -6.63778 44.9761
      vertex -13.497 -6.63778 51.0239
    endloop
  endfacet
  facet normal 0.5 -0.866026 -2.75584e-05
    outer loop
      vertex -15.8947 -8.02209 44.9212
      vertex -13.497 -6.63778 44.9761
      vertex -15.9677 -8.06425 45.3442
    endloop
  endfacet
  facet normal 0.499999 -0.866026 2.62433e-05
    outer loop
      vertex -15.6669 -7.89061 43.6021
      vertex -13.497 -6.63778 44.9761
      vertex -15.8947 -8.02209 44.9212
    endloop
  endfacet
  facet normal 0.500013 -0.866018 -3.00808e-06
    outer loop
      vertex -15.5515 -7.82398 43.1637
      vertex -13.497 -6.63778 44.9761
      vertex -15.6669 -7.89061 43.6021
    endloop
  endfacet
  facet normal 0.500006 -0.866022 7.52138e-06
    outer loop
      vertex -15.2194 -7.63225 41.9023
      vertex -13.497 -6.63778 44.9761
      vertex -15.5515 -7.82398 43.1637
    endloop
  endfacet
  facet normal 0.500093 -0.865972 -5.73186e-05
    outer loop
      vertex -15.0541 -7.53676 41.4422
      vertex -13.497 -6.63778 44.9761
      vertex -15.2194 -7.63225 41.9023
    endloop
  endfacet
  facet normal 0.500002 -0.866024 2.50798e-05
    outer loop
      vertex -11.7662 -5.63852 40.0673
      vertex -15.0541 -7.53676 41.4422
      vertex -14.6295 -7.29165 40.2613
    endloop
  endfacet
  facet normal 0.499994 -0.866029 4.30372e-07
    outer loop
      vertex -15.0541 -7.53676 41.4422
      vertex -11.7662 -5.63852 40.0673
      vertex -13.497 -6.63778 44.9761
    endloop
  endfacet
  facet normal 0.5 -0.866025 -1.05421e-05
    outer loop
      vertex -14.1225 -6.99892 39.1683
      vertex -11.7662 -5.63852 40.0673
      vertex -14.6295 -7.29165 40.2613
    endloop
  endfacet
  facet normal 0.499996 -0.866028 4.02043e-06
    outer loop
      vertex -11.7662 -5.63852 40.0673
      vertex -14.1225 -6.99892 39.1683
      vertex -11.7115 -5.60694 39.9121
    endloop
  endfacet
  facet normal 0.499992 -0.86603 2.04859e-05
    outer loop
      vertex -13.9028 -6.87209 38.6947
      vertex -11.7115 -5.60694 39.9121
      vertex -14.1225 -6.99892 39.1683
    endloop
  endfacet
  facet normal 0.500015 -0.866017 -3.39125e-05
    outer loop
      vertex -13.5996 -6.69701 38.1718
      vertex -11.7115 -5.60694 39.9121
      vertex -13.9028 -6.87209 38.6947
    endloop
  endfacet
  facet normal 0.499998 -0.866026 -1.01568e-05
    outer loop
      vertex -13.0464 -6.37761 37.2178
      vertex -11.7115 -5.60694 39.9121
      vertex -13.5996 -6.69701 38.1718
    endloop
  endfacet
  facet normal 0.499947 -0.866056 2.35928e-05
    outer loop
      vertex -12.6441 -6.14539 36.6531
      vertex -11.7115 -5.60694 39.9121
      vertex -13.0464 -6.37761 37.2178
    endloop
  endfacet
  facet normal 0.500026 -0.86601 -6.55296e-06
    outer loop
      vertex -12.0684 -5.81298 35.8448
      vertex -11.7115 -5.60694 39.9121
      vertex -12.6441 -6.14539 36.6531
    endloop
  endfacet
  facet normal 0.49997 -0.866043 0
    outer loop
      vertex -11.7115 -5.60694 39.9121
      vertex -12.0684 -5.81298 35.8448
      vertex -11.7115 -5.60694 35.4336
    endloop
  endfacet
  facet normal -0.499994 0.866029 4.10565e-05
    outer loop
      vertex -11.3542 -7.71003 53.9432
      vertex -14.1438 -9.3206 54.335
      vertex -11.216 -7.63026 54.335
    endloop
  endfacet
  facet normal -0.500004 0.866023 -5.35775e-05
    outer loop
      vertex -14.1438 -9.3206 54.335
      vertex -11.3542 -7.71003 53.9432
      vertex -14.2288 -9.36969 54.0977
    endloop
  endfacet
  facet normal -0.500002 0.866024 8.8193e-06
    outer loop
      vertex -11.3542 -7.71003 53.9432
      vertex -14.6361 -9.60483 52.5457
      vertex -14.2288 -9.36969 54.0977
    endloop
  endfacet
  facet normal -0.499994 0.866029 -1.49875e-05
    outer loop
      vertex -12.3834 -8.30428 51.0239
      vertex -14.6361 -9.60483 52.5457
      vertex -11.3542 -7.71003 53.9432
    endloop
  endfacet
  facet normal -0.500131 0.86595 -0.000285513
    outer loop
      vertex -14.6361 -9.60483 52.5457
      vertex -12.3834 -8.30428 51.0239
      vertex -14.6748 -9.62723 52.3979
    endloop
  endfacet
  facet normal -0.499913 0.866076 0.000200225
    outer loop
      vertex -14.6748 -9.62723 52.3979
      vertex -12.3834 -8.30428 51.0239
      vertex -14.7005 -9.64203 52.2489
    endloop
  endfacet
  facet normal -0.499996 0.866028 -1.07829e-05
    outer loop
      vertex -12.3834 -8.30428 51.0239
      vertex -14.9746 -9.8003 50.6558
      vertex -14.7005 -9.64203 52.2489
    endloop
  endfacet
  facet normal -0.499998 0.866027 5.25246e-06
    outer loop
      vertex -12.3834 -8.30428 51.0239
      vertex -15.1097 -9.87829 49.0704
      vertex -14.9746 -9.8003 50.6558
    endloop
  endfacet
  facet normal -0.499938 0.866061 -0.000107173
    outer loop
      vertex -12.3834 -8.30428 51.0239
      vertex -15.1252 -9.88726 48.8881
      vertex -15.1097 -9.87829 49.0704
    endloop
  endfacet
  facet normal -0.5 0.866025 0
    outer loop
      vertex -12.3834 -8.30428 51.0239
      vertex -15.1252 -9.88726 47.1119
      vertex -15.1252 -9.88726 48.8881
    endloop
  endfacet
  facet normal -0.5 0.866025 0
    outer loop
      vertex -12.3834 -8.30428 44.9761
      vertex -15.1252 -9.88726 47.1119
      vertex -12.3834 -8.30428 51.0239
    endloop
  endfacet
  facet normal -0.499938 0.866061 0.000107173
    outer loop
      vertex -15.1252 -9.88726 47.1119
      vertex -12.3834 -8.30428 44.9761
      vertex -15.1097 -9.87829 46.9296
    endloop
  endfacet
  facet normal -0.499998 0.866027 -5.25246e-06
    outer loop
      vertex -15.1097 -9.87829 46.9296
      vertex -12.3834 -8.30428 44.9761
      vertex -14.9746 -9.8003 45.3442
    endloop
  endfacet
  facet normal -0.499996 0.866028 1.07829e-05
    outer loop
      vertex -12.3834 -8.30428 44.9761
      vertex -14.7005 -9.64203 43.7511
      vertex -14.9746 -9.8003 45.3442
    endloop
  endfacet
  facet normal -0.499913 0.866076 -0.000200225
    outer loop
      vertex -12.3834 -8.30428 44.9761
      vertex -14.6748 -9.62723 43.6021
      vertex -14.7005 -9.64203 43.7511
    endloop
  endfacet
  facet normal -0.500131 0.86595 0.000285513
    outer loop
      vertex -12.3834 -8.30428 44.9761
      vertex -14.6361 -9.60483 43.4543
      vertex -14.6748 -9.62723 43.6021
    endloop
  endfacet
  facet normal -0.499994 0.866029 1.49875e-05
    outer loop
      vertex -11.3542 -7.71003 42.0568
      vertex -14.6361 -9.60483 43.4543
      vertex -12.3834 -8.30428 44.9761
    endloop
  endfacet
  facet normal -0.500002 0.866024 -8.8193e-06
    outer loop
      vertex -11.3542 -7.71003 42.0568
      vertex -14.2288 -9.36969 41.9023
      vertex -14.6361 -9.60483 43.4543
    endloop
  endfacet
  facet normal -0.500002 0.866024 -3.64787e-06
    outer loop
      vertex -11.3542 -7.71003 42.0568
      vertex -13.6661 -9.04482 40.332
      vertex -14.2288 -9.36969 41.9023
    endloop
  endfacet
  facet normal -0.499909 0.866078 -0.000168717
    outer loop
      vertex -13.6085 -9.0116 40.1916
      vertex -13.6661 -9.04482 40.332
      vertex -11.3542 -7.71003 42.0568
    endloop
  endfacet
  facet normal -0.500006 0.866022 -1.24984e-05
    outer loop
      vertex -13.6085 -9.0116 40.1916
      vertex -11.3542 -7.71003 42.0568
      vertex -10.7193 -7.34349 40.2562
    endloop
  endfacet
  facet normal -0.503032 0.864266 -0.00187825
    outer loop
      vertex -13.6661 -9.04482 40.332
      vertex -13.6085 -9.0116 40.1916
      vertex -13.6407 -9.03019 40.2613
    endloop
  endfacet
  facet normal -0.500007 0.866021 2.22107e-05
    outer loop
      vertex -10.7193 -7.34349 40.2562
      vertex -12.9164 -8.61197 38.6947
      vertex -13.6085 -9.0116 40.1916
    endloop
  endfacet
  facet normal -0.499984 0.866034 -2.01311e-05
    outer loop
      vertex -10.7193 -7.34349 40.2562
      vertex -12.713 -8.49455 38.3429
      vertex -12.9164 -8.61197 38.6947
    endloop
  endfacet
  facet normal -0.499988 0.866032 -1.51841e-05
    outer loop
      vertex -10.7193 -7.34349 40.2562
      vertex -12.0852 -8.13212 37.2639
      vertex -12.713 -8.49455 38.3429
    endloop
  endfacet
  facet normal -0.50024 0.865887 0.000138001
    outer loop
      vertex -12.0194 -8.09409 37.1631
      vertex -12.0852 -8.13212 37.2639
      vertex -10.7193 -7.34349 40.2562
    endloop
  endfacet
  facet normal -0.494936 0.868917 0.00474319
    outer loop
      vertex -12.0852 -8.13212 37.2639
      vertex -12.0194 -8.09409 37.1631
      vertex -12.0585 -8.11666 37.2178
    endloop
  endfacet
  facet normal -0.499979 0.866037 -7.83562e-06
    outer loop
      vertex -10.7193 -7.34349 40.2562
      vertex -11.0773 -7.55021 35.8448
      vertex -12.0194 -8.09409 37.1631
    endloop
  endfacet
  facet normal -0.500052 0.865995 0
    outer loop
      vertex -11.0773 -7.55021 35.8448
      vertex -10.7193 -7.34349 40.2562
      vertex -10.7193 -7.34349 35.4336
    endloop
  endfacet
  facet normal 0.500004 0.866023 -5.35775e-05
    outer loop
      vertex 11.3542 -7.71003 53.9432
      vertex 14.1438 -9.3206 54.335
      vertex 14.2288 -9.36969 54.0977
    endloop
  endfacet
  facet normal 0.499994 0.866029 4.10565e-05
    outer loop
      vertex 14.1438 -9.3206 54.335
      vertex 11.3542 -7.71003 53.9432
      vertex 11.216 -7.63026 54.335
    endloop
  endfacet
  facet normal 0.500002 0.866024 8.8193e-06
    outer loop
      vertex 14.6361 -9.60483 52.5457
      vertex 11.3542 -7.71003 53.9432
      vertex 14.2288 -9.36969 54.0977
    endloop
  endfacet
  facet normal 0.500131 0.86595 -0.000285513
    outer loop
      vertex 12.3834 -8.30428 51.0239
      vertex 14.6361 -9.60483 52.5457
      vertex 14.6748 -9.62723 52.3979
    endloop
  endfacet
  facet normal 0.499913 0.866076 0.000200225
    outer loop
      vertex 12.3834 -8.30428 51.0239
      vertex 14.6748 -9.62723 52.3979
      vertex 14.7005 -9.64203 52.2489
    endloop
  endfacet
  facet normal 0.499994 0.866029 -1.49875e-05
    outer loop
      vertex 14.6361 -9.60483 52.5457
      vertex 12.3834 -8.30428 51.0239
      vertex 11.3542 -7.71003 53.9432
    endloop
  endfacet
  facet normal 0.499996 0.866028 -1.07829e-05
    outer loop
      vertex 14.9746 -9.8003 50.6558
      vertex 12.3834 -8.30428 51.0239
      vertex 14.7005 -9.64203 52.2489
    endloop
  endfacet
  facet normal 0.499998 0.866027 5.25246e-06
    outer loop
      vertex 15.1097 -9.87829 49.0704
      vertex 12.3834 -8.30428 51.0239
      vertex 14.9746 -9.8003 50.6558
    endloop
  endfacet
  facet normal 0.499938 0.866061 -0.000107173
    outer loop
      vertex 15.1252 -9.88726 48.8881
      vertex 12.3834 -8.30428 51.0239
      vertex 15.1097 -9.87829 49.0704
    endloop
  endfacet
  facet normal 0.5 0.866025 -0
    outer loop
      vertex 15.1252 -9.88726 47.1119
      vertex 12.3834 -8.30428 51.0239
      vertex 15.1252 -9.88726 48.8881
    endloop
  endfacet
  facet normal 0.499938 0.866061 0.000107173
    outer loop
      vertex 12.3834 -8.30428 44.9761
      vertex 15.1252 -9.88726 47.1119
      vertex 15.1097 -9.87829 46.9296
    endloop
  endfacet
  facet normal 0.499998 0.866027 -5.25246e-06
    outer loop
      vertex 12.3834 -8.30428 44.9761
      vertex 15.1097 -9.87829 46.9296
      vertex 14.9746 -9.8003 45.3442
    endloop
  endfacet
  facet normal 0.5 0.866025 0
    outer loop
      vertex 15.1252 -9.88726 47.1119
      vertex 12.3834 -8.30428 44.9761
      vertex 12.3834 -8.30428 51.0239
    endloop
  endfacet
  facet normal 0.499996 0.866028 1.07829e-05
    outer loop
      vertex 14.7005 -9.64203 43.7511
      vertex 12.3834 -8.30428 44.9761
      vertex 14.9746 -9.8003 45.3442
    endloop
  endfacet
  facet normal 0.499913 0.866076 -0.000200225
    outer loop
      vertex 14.6748 -9.62723 43.6021
      vertex 12.3834 -8.30428 44.9761
      vertex 14.7005 -9.64203 43.7511
    endloop
  endfacet
  facet normal 0.500131 0.86595 0.000285513
    outer loop
      vertex 14.6361 -9.60483 43.4543
      vertex 12.3834 -8.30428 44.9761
      vertex 14.6748 -9.62723 43.6021
    endloop
  endfacet
  facet normal 0.499994 0.866029 1.49875e-05
    outer loop
      vertex 14.6361 -9.60483 43.4543
      vertex 11.3542 -7.71003 42.0568
      vertex 12.3834 -8.30428 44.9761
    endloop
  endfacet
  facet normal 0.500002 0.866024 -8.8193e-06
    outer loop
      vertex 14.2288 -9.36969 41.9023
      vertex 11.3542 -7.71003 42.0568
      vertex 14.6361 -9.60483 43.4543
    endloop
  endfacet
  facet normal 0.500002 0.866024 -3.64787e-06
    outer loop
      vertex 13.6661 -9.04482 40.332
      vertex 11.3542 -7.71003 42.0568
      vertex 14.2288 -9.36969 41.9023
    endloop
  endfacet
  facet normal 0.503032 0.864266 -0.00187825
    outer loop
      vertex 13.6085 -9.0116 40.1916
      vertex 13.6661 -9.04482 40.332
      vertex 13.6407 -9.03019 40.2613
    endloop
  endfacet
  facet normal 0.499909 0.866078 -0.000168717
    outer loop
      vertex 13.6661 -9.04482 40.332
      vertex 13.6085 -9.0116 40.1916
      vertex 11.3542 -7.71003 42.0568
    endloop
  endfacet
  facet normal 0.500006 0.866022 -1.24984e-05
    outer loop
      vertex 11.3542 -7.71003 42.0568
      vertex 13.6085 -9.0116 40.1916
      vertex 10.7193 -7.34349 40.2562
    endloop
  endfacet
  facet normal 0.500007 0.866021 2.22107e-05
    outer loop
      vertex 12.9164 -8.61197 38.6947
      vertex 10.7193 -7.34349 40.2562
      vertex 13.6085 -9.0116 40.1916
    endloop
  endfacet
  facet normal 0.499984 0.866034 -2.01311e-05
    outer loop
      vertex 12.713 -8.49455 38.3429
      vertex 10.7193 -7.34349 40.2562
      vertex 12.9164 -8.61197 38.6947
    endloop
  endfacet
  facet normal 0.499988 0.866032 -1.51841e-05
    outer loop
      vertex 12.0852 -8.13212 37.2639
      vertex 10.7193 -7.34349 40.2562
      vertex 12.713 -8.49455 38.3429
    endloop
  endfacet
  facet normal 0.494936 0.868917 0.00474319
    outer loop
      vertex 12.0194 -8.09409 37.1631
      vertex 12.0852 -8.13212 37.2639
      vertex 12.0585 -8.11666 37.2178
    endloop
  endfacet
  facet normal 0.50024 0.865887 0.000138001
    outer loop
      vertex 12.0852 -8.13212 37.2639
      vertex 12.0194 -8.09409 37.1631
      vertex 10.7193 -7.34349 40.2562
    endloop
  endfacet
  facet normal 0.499979 0.866037 -7.83562e-06
    outer loop
      vertex 11.0773 -7.55021 35.8448
      vertex 10.7193 -7.34349 40.2562
      vertex 12.0194 -8.09409 37.1631
    endloop
  endfacet
  facet normal 0.500052 0.865995 0
    outer loop
      vertex 10.7193 -7.34349 40.2562
      vertex 11.0773 -7.55021 35.8448
      vertex 10.7193 -7.34349 35.4336
    endloop
  endfacet
  facet normal -0.500001 -0.866025 6.99814e-06
    outer loop
      vertex 12.3295 -5.96376 54.335
      vertex 15.2194 -7.63225 54.0977
      vertex 15.1341 -7.583 54.335
    endloop
  endfacet
  facet normal -0.500002 -0.866024 -6.07101e-06
    outer loop
      vertex 12.3295 -5.96376 54.335
      vertex 15.5515 -7.82398 52.8363
      vertex 15.2194 -7.63225 54.0977
    endloop
  endfacet
  facet normal -0.500003 -0.866023 -1.11095e-05
    outer loop
      vertex 13.497 -6.63778 51.0239
      vertex 15.5515 -7.82398 52.8363
      vertex 12.3295 -5.96376 54.335
    endloop
  endfacet
  facet normal -0.500013 -0.866018 3.00808e-06
    outer loop
      vertex 15.5515 -7.82398 52.8363
      vertex 13.497 -6.63778 51.0239
      vertex 15.6669 -7.89061 52.3979
    endloop
  endfacet
  facet normal -0.499999 -0.866026 -2.62433e-05
    outer loop
      vertex 15.6669 -7.89061 52.3979
      vertex 13.497 -6.63778 51.0239
      vertex 15.8947 -8.02209 51.0788
    endloop
  endfacet
  facet normal -0.5 -0.866026 2.75584e-05
    outer loop
      vertex 13.497 -6.63778 51.0239
      vertex 15.9677 -8.06425 50.6558
      vertex 15.8947 -8.02209 51.0788
    endloop
  endfacet
  facet normal -0.500005 -0.866022 -2.25671e-05
    outer loop
      vertex 13.497 -6.63778 51.0239
      vertex 16.003 -8.08462 50.2431
      vertex 15.9677 -8.06425 50.6558
    endloop
  endfacet
  facet normal -0.499998 -0.866027 8.42337e-06
    outer loop
      vertex 13.497 -6.63778 51.0239
      vertex 16.1188 -8.15149 48.8881
      vertex 16.003 -8.08462 50.2431
    endloop
  endfacet
  facet normal -0.500003 -0.866024 0
    outer loop
      vertex 13.497 -6.63778 51.0239
      vertex 16.1188 -8.15149 47.1119
      vertex 16.1188 -8.15149 48.8881
    endloop
  endfacet
  facet normal -0.500003 -0.866024 0
    outer loop
      vertex 13.497 -6.63778 44.9761
      vertex 16.1188 -8.15149 47.1119
      vertex 13.497 -6.63778 51.0239
    endloop
  endfacet
  facet normal -0.499998 -0.866027 -8.42337e-06
    outer loop
      vertex 16.1188 -8.15149 47.1119
      vertex 13.497 -6.63778 44.9761
      vertex 16.003 -8.08462 45.7569
    endloop
  endfacet
  facet normal -0.500005 -0.866022 2.25671e-05
    outer loop
      vertex 16.003 -8.08462 45.7569
      vertex 13.497 -6.63778 44.9761
      vertex 15.9677 -8.06425 45.3442
    endloop
  endfacet
  facet normal -0.5 -0.866026 -2.75584e-05
    outer loop
      vertex 13.497 -6.63778 44.9761
      vertex 15.8947 -8.02209 44.9212
      vertex 15.9677 -8.06425 45.3442
    endloop
  endfacet
  facet normal -0.499999 -0.866026 2.62433e-05
    outer loop
      vertex 13.497 -6.63778 44.9761
      vertex 15.6669 -7.89061 43.6021
      vertex 15.8947 -8.02209 44.9212
    endloop
  endfacet
  facet normal -0.500013 -0.866018 -3.00808e-06
    outer loop
      vertex 13.497 -6.63778 44.9761
      vertex 15.5515 -7.82398 43.1637
      vertex 15.6669 -7.89061 43.6021
    endloop
  endfacet
  facet normal -0.500006 -0.866022 7.52138e-06
    outer loop
      vertex 13.497 -6.63778 44.9761
      vertex 15.2194 -7.63225 41.9023
      vertex 15.5515 -7.82398 43.1637
    endloop
  endfacet
  facet normal -0.500093 -0.865972 -5.73186e-05
    outer loop
      vertex 13.497 -6.63778 44.9761
      vertex 15.0541 -7.53676 41.4422
      vertex 15.2194 -7.63225 41.9023
    endloop
  endfacet
  facet normal -0.499994 -0.866029 4.30372e-07
    outer loop
      vertex 11.7662 -5.63852 40.0673
      vertex 15.0541 -7.53676 41.4422
      vertex 13.497 -6.63778 44.9761
    endloop
  endfacet
  facet normal -0.500002 -0.866024 2.50798e-05
    outer loop
      vertex 15.0541 -7.53676 41.4422
      vertex 11.7662 -5.63852 40.0673
      vertex 14.6295 -7.29165 40.2613
    endloop
  endfacet
  facet normal -0.499996 -0.866028 4.02043e-06
    outer loop
      vertex 14.1225 -6.99892 39.1683
      vertex 11.7662 -5.63852 40.0673
      vertex 11.7115 -5.60694 39.9121
    endloop
  endfacet
  facet normal -0.5 -0.866025 -1.05421e-05
    outer loop
      vertex 11.7662 -5.63852 40.0673
      vertex 14.1225 -6.99892 39.1683
      vertex 14.6295 -7.29165 40.2613
    endloop
  endfacet
  facet normal -0.499992 -0.86603 2.04859e-05
    outer loop
      vertex 11.7115 -5.60694 39.9121
      vertex 13.9028 -6.87209 38.6947
      vertex 14.1225 -6.99892 39.1683
    endloop
  endfacet
  facet normal -0.500015 -0.866017 -3.39125e-05
    outer loop
      vertex 11.7115 -5.60694 39.9121
      vertex 13.5996 -6.69701 38.1718
      vertex 13.9028 -6.87209 38.6947
    endloop
  endfacet
  facet normal -0.499998 -0.866026 -1.01568e-05
    outer loop
      vertex 11.7115 -5.60694 39.9121
      vertex 13.0464 -6.37761 37.2178
      vertex 13.5996 -6.69701 38.1718
    endloop
  endfacet
  facet normal -0.499947 -0.866056 2.35928e-05
    outer loop
      vertex 11.7115 -5.60694 39.9121
      vertex 12.6441 -6.14539 36.6531
      vertex 13.0464 -6.37761 37.2178
    endloop
  endfacet
  facet normal -0.500026 -0.86601 -6.55296e-06
    outer loop
      vertex 11.7115 -5.60694 39.9121
      vertex 12.0684 -5.81298 35.8448
      vertex 12.6441 -6.14539 36.6531
    endloop
  endfacet
  facet normal -0.49997 -0.866043 0
    outer loop
      vertex 12.0684 -5.81298 35.8448
      vertex 11.7115 -5.60694 39.9121
      vertex 11.7115 -5.60694 35.4336
    endloop
  endfacet
  facet normal -0.908667 -0.180729 -0.376379
    outer loop
      vertex 14.045 5.81762 51.0239
      vertex 13.3592 2.37011 54.335
      vertex 12.7779 5.29277 54.335
    endloop
  endfacet
  facet normal -0.514728 -0.770321 -0.376379
    outer loop
      vertex 5.81762 14.045 51.0239
      vertex 7.30205 11.4353 54.335
      vertex 5.29277 12.7779 54.335
    endloop
  endfacet
  facet normal -0.514709 -0.770327 -0.376392
    outer loop
      vertex 7.30205 11.4353 54.335
      vertex 5.81762 14.045 51.0239
      vertex 10.7496 10.7496 51.0239
    endloop
  endfacet
  facet normal 0.770351 0.514697 -0.376359
    outer loop
      vertex -11.3542 -7.71003 53.9432
      vertex -10.7496 -10.7496 51.0239
      vertex -12.3834 -8.30428 51.0239
    endloop
  endfacet
  facet normal 0.770298 0.514764 -0.376376
    outer loop
      vertex -12.3295 -5.96376 54.335
      vertex -14.045 -5.81762 51.0239
      vertex -12.7779 -5.29277 54.335
    endloop
  endfacet
  facet normal 0.770329 0.514705 -0.376395
    outer loop
      vertex -14.045 -5.81762 51.0239
      vertex -12.3295 -5.96376 54.335
      vertex -13.497 -6.63778 51.0239
    endloop
  endfacet
  facet normal 0.514728 0.770321 -0.376379
    outer loop
      vertex -5.81762 -14.045 51.0239
      vertex -7.30205 -11.4353 54.335
      vertex -5.29277 -12.7779 54.335
    endloop
  endfacet
  facet normal 0.514709 0.770327 -0.376392
    outer loop
      vertex -7.30205 -11.4353 54.335
      vertex -5.81762 -14.045 51.0239
      vertex -10.7496 -10.7496 51.0239
    endloop
  endfacet
  facet normal -0.980785 0.195091 0
    outer loop
      vertex 14.045 -5.81762 44.9761
      vertex 15.2022 0 51.0239
      vertex 15.2022 0 44.9761
    endloop
  endfacet
  facet normal -0.980785 0.195091 0
    outer loop
      vertex 15.2022 0 51.0239
      vertex 14.045 -5.81762 44.9761
      vertex 14.045 -5.81762 51.0239
    endloop
  endfacet
  facet normal 0.770325 -0.514711 -0.376394
    outer loop
      vertex -10.7496 10.7496 51.0239
      vertex -9.77976 9.77976 54.335
      vertex -11.4353 7.30205 54.335
    endloop
  endfacet
  facet normal -0.770325 -0.514711 -0.376394
    outer loop
      vertex 10.7496 10.7496 51.0239
      vertex 11.4353 7.30205 54.335
      vertex 9.77976 9.77976 54.335
    endloop
  endfacet
  facet normal 0.831473 -0.555565 0
    outer loop
      vertex -14.045 5.81762 51.0239
      vertex -10.7496 10.7496 44.9761
      vertex -10.7496 10.7496 51.0239
    endloop
  endfacet
  facet normal 0.831473 -0.555565 0
    outer loop
      vertex -10.7496 10.7496 44.9761
      vertex -14.045 5.81762 51.0239
      vertex -14.045 5.81762 44.9761
    endloop
  endfacet
  facet normal 0.555565 0.831473 -0
    outer loop
      vertex -5.81762 -14.045 44.9761
      vertex -10.7496 -10.7496 51.0239
      vertex -5.81762 -14.045 51.0239
    endloop
  endfacet
  facet normal 0.555565 0.831473 0
    outer loop
      vertex -10.7496 -10.7496 51.0239
      vertex -5.81762 -14.045 44.9761
      vertex -10.7496 -10.7496 44.9761
    endloop
  endfacet
  facet normal -0.90866 0.180765 -0.376379
    outer loop
      vertex 15.2022 0 51.0239
      vertex 13.3592 -2.37011 54.335
      vertex 13.8307 0 54.335
    endloop
  endfacet
  facet normal -0.908658 0.180744 -0.376393
    outer loop
      vertex 13.3592 -2.37011 54.335
      vertex 15.2022 0 51.0239
      vertex 14.045 -5.81762 51.0239
    endloop
  endfacet
  facet normal 0.514711 0.770325 -0.376394
    outer loop
      vertex -9.77976 -9.77976 54.335
      vertex -7.30205 -11.4353 54.335
      vertex -10.7496 -10.7496 51.0239
    endloop
  endfacet
  facet normal -0.770327 -0.514709 -0.376392
    outer loop
      vertex 14.045 5.81762 51.0239
      vertex 11.4353 7.30205 54.335
      vertex 10.7496 10.7496 51.0239
    endloop
  endfacet
  facet normal -0.770321 -0.514728 -0.376379
    outer loop
      vertex 11.4353 7.30205 54.335
      vertex 14.045 5.81762 51.0239
      vertex 12.7779 5.29277 54.335
    endloop
  endfacet
  facet normal -0.908658 -0.180744 -0.376393
    outer loop
      vertex 15.2022 0 51.0239
      vertex 13.3592 2.37011 54.335
      vertex 14.045 5.81762 51.0239
    endloop
  endfacet
  facet normal -0.90866 -0.180765 -0.376379
    outer loop
      vertex 13.3592 2.37011 54.335
      vertex 15.2022 0 51.0239
      vertex 13.8307 0 54.335
    endloop
  endfacet
  facet normal -0.555565 -0.831473 0
    outer loop
      vertex 5.81762 14.045 44.9761
      vertex 10.7496 10.7496 51.0239
      vertex 5.81762 14.045 51.0239
    endloop
  endfacet
  facet normal -0.555565 -0.831473 -0
    outer loop
      vertex 10.7496 10.7496 51.0239
      vertex 5.81762 14.045 44.9761
      vertex 10.7496 10.7496 44.9761
    endloop
  endfacet
  facet normal -0.831476 0.555561 0
    outer loop
      vertex 13.497 -6.63778 44.9761
      vertex 14.045 -5.81762 51.0239
      vertex 14.045 -5.81762 44.9761
    endloop
  endfacet
  facet normal -0.831476 0.555561 0
    outer loop
      vertex 14.045 -5.81762 51.0239
      vertex 13.497 -6.63778 44.9761
      vertex 13.497 -6.63778 51.0239
    endloop
  endfacet
  facet normal -0.831487 0.555544 0
    outer loop
      vertex 10.7496 -10.7496 44.9761
      vertex 12.3834 -8.30428 51.0239
      vertex 12.3834 -8.30428 44.9761
    endloop
  endfacet
  facet normal -0.831487 0.555544 0
    outer loop
      vertex 12.3834 -8.30428 51.0239
      vertex 10.7496 -10.7496 44.9761
      vertex 10.7496 -10.7496 51.0239
    endloop
  endfacet
  facet normal -0.180729 -0.908667 -0.376379
    outer loop
      vertex 5.81762 14.045 51.0239
      vertex 5.29277 12.7779 54.335
      vertex 2.37011 13.3592 54.335
    endloop
  endfacet
  facet normal 0.180746 -0.908657 -0.376395
    outer loop
      vertex -1 15.0033 51.0239
      vertex -2.37011 13.3592 54.335
      vertex -5.81762 14.045 51.0239
    endloop
  endfacet
  facet normal 0.180788 -0.908656 -0.376377
    outer loop
      vertex -2.37011 13.3592 54.335
      vertex -1 15.0033 51.0239
      vertex -1 13.6318 54.335
    endloop
  endfacet
  facet normal 0.555565 -0.831473 0
    outer loop
      vertex -10.7496 10.7496 44.9761
      vertex -5.81762 14.045 51.0239
      vertex -10.7496 10.7496 51.0239
    endloop
  endfacet
  facet normal 0.555565 -0.831473 0
    outer loop
      vertex -5.81762 14.045 51.0239
      vertex -10.7496 10.7496 44.9761
      vertex -5.81762 14.045 44.9761
    endloop
  endfacet
  facet normal 0.770327 -0.514709 -0.376392
    outer loop
      vertex -11.4353 7.30205 54.335
      vertex -14.045 5.81762 51.0239
      vertex -10.7496 10.7496 51.0239
    endloop
  endfacet
  facet normal 0.770321 -0.514728 -0.376379
    outer loop
      vertex -14.045 5.81762 51.0239
      vertex -11.4353 7.30205 54.335
      vertex -12.7779 5.29277 54.335
    endloop
  endfacet
  facet normal 0.90866 0.180765 -0.376379
    outer loop
      vertex -13.3592 -2.37011 54.335
      vertex -15.2022 0 51.0239
      vertex -13.8307 0 54.335
    endloop
  endfacet
  facet normal 0.908658 0.180744 -0.376393
    outer loop
      vertex -15.2022 0 51.0239
      vertex -13.3592 -2.37011 54.335
      vertex -14.045 -5.81762 51.0239
    endloop
  endfacet
  facet normal 0.770291 0.514688 -0.376495
    outer loop
      vertex -9.77976 -9.77976 54.335
      vertex -11.3542 -7.71003 53.9432
      vertex -11.216 -7.63026 54.335
    endloop
  endfacet
  facet normal 0.770314 0.514725 -0.376395
    outer loop
      vertex -11.3542 -7.71003 53.9432
      vertex -9.77976 -9.77976 54.335
      vertex -10.7496 -10.7496 51.0239
    endloop
  endfacet
  facet normal -0.514711 0.770325 -0.376394
    outer loop
      vertex 9.77976 -9.77976 54.335
      vertex 10.7496 -10.7496 51.0239
      vertex 7.30205 -11.4353 54.335
    endloop
  endfacet
  facet normal -0.180788 -0.908656 -0.376377
    outer loop
      vertex 1 15.0033 51.0239
      vertex 2.37011 13.3592 54.335
      vertex 1 13.6318 54.335
    endloop
  endfacet
  facet normal -0.180746 -0.908657 -0.376395
    outer loop
      vertex 2.37011 13.3592 54.335
      vertex 1 15.0033 51.0239
      vertex 5.81762 14.045 51.0239
    endloop
  endfacet
  facet normal -0.180729 0.908667 -0.376379
    outer loop
      vertex 5.29277 -12.7779 54.335
      vertex 5.81762 -14.045 51.0239
      vertex 2.37011 -13.3592 54.335
    endloop
  endfacet
  facet normal 0.180729 0.908667 -0.376379
    outer loop
      vertex -5.29277 -12.7779 54.335
      vertex -2.37011 -13.3592 54.335
      vertex -5.81762 -14.045 51.0239
    endloop
  endfacet
  facet normal 0.831487 0.555544 0
    outer loop
      vertex -10.7496 -10.7496 51.0239
      vertex -12.3834 -8.30428 44.9761
      vertex -12.3834 -8.30428 51.0239
    endloop
  endfacet
  facet normal 0.831487 0.555544 0
    outer loop
      vertex -12.3834 -8.30428 44.9761
      vertex -10.7496 -10.7496 51.0239
      vertex -10.7496 -10.7496 44.9761
    endloop
  endfacet
  facet normal 0.831476 0.555561 0
    outer loop
      vertex -13.497 -6.63778 51.0239
      vertex -14.045 -5.81762 44.9761
      vertex -14.045 -5.81762 51.0239
    endloop
  endfacet
  facet normal 0.831476 0.555561 0
    outer loop
      vertex -14.045 -5.81762 44.9761
      vertex -13.497 -6.63778 51.0239
      vertex -13.497 -6.63778 44.9761
    endloop
  endfacet
  facet normal 0.180765 0.90866 -0.376379
    outer loop
      vertex 0 -15.2022 51.0239
      vertex -2.37011 -13.3592 54.335
      vertex 0 -13.8307 54.335
    endloop
  endfacet
  facet normal 0.180744 0.908658 -0.376393
    outer loop
      vertex -2.37011 -13.3592 54.335
      vertex 0 -15.2022 51.0239
      vertex -5.81762 -14.045 51.0239
    endloop
  endfacet
  facet normal -0.180744 0.908658 -0.376393
    outer loop
      vertex 0 -15.2022 51.0239
      vertex 2.37011 -13.3592 54.335
      vertex 5.81762 -14.045 51.0239
    endloop
  endfacet
  facet normal -0.180765 0.90866 -0.376379
    outer loop
      vertex 2.37011 -13.3592 54.335
      vertex 0 -15.2022 51.0239
      vertex 0 -13.8307 54.335
    endloop
  endfacet
  facet normal 0.195093 -0.980785 0
    outer loop
      vertex -5.81762 14.045 44.9761
      vertex -1 15.0033 51.0239
      vertex -5.81762 14.045 51.0239
    endloop
  endfacet
  facet normal 0.195093 -0.980785 0
    outer loop
      vertex -1 15.0033 51.0239
      vertex -5.81762 14.045 44.9761
      vertex -1 15.0033 44.9761
    endloop
  endfacet
  facet normal 0.908667 -0.180729 -0.376379
    outer loop
      vertex -12.7779 5.29277 54.335
      vertex -13.3592 2.37011 54.335
      vertex -14.045 5.81762 51.0239
    endloop
  endfacet
  facet normal 0.980785 -0.195091 0
    outer loop
      vertex -15.2022 0 51.0239
      vertex -14.045 5.81762 44.9761
      vertex -14.045 5.81762 51.0239
    endloop
  endfacet
  facet normal 0.980785 -0.195091 0
    outer loop
      vertex -14.045 5.81762 44.9761
      vertex -15.2022 0 51.0239
      vertex -15.2022 0 44.9761
    endloop
  endfacet
  facet normal 0.90866 -0.180765 -0.376379
    outer loop
      vertex -15.2022 0 51.0239
      vertex -13.3592 2.37011 54.335
      vertex -13.8307 0 54.335
    endloop
  endfacet
  facet normal 0.908658 -0.180744 -0.376393
    outer loop
      vertex -13.3592 2.37011 54.335
      vertex -15.2022 0 51.0239
      vertex -14.045 5.81762 51.0239
    endloop
  endfacet
  facet normal -0.980785 -0.195091 0
    outer loop
      vertex 15.2022 0 44.9761
      vertex 14.045 5.81762 51.0239
      vertex 14.045 5.81762 44.9761
    endloop
  endfacet
  facet normal -0.980785 -0.195091 0
    outer loop
      vertex 14.045 5.81762 51.0239
      vertex 15.2022 0 44.9761
      vertex 15.2022 0 51.0239
    endloop
  endfacet
  facet normal -0.831473 -0.555565 0
    outer loop
      vertex 14.045 5.81762 44.9761
      vertex 10.7496 10.7496 51.0239
      vertex 10.7496 10.7496 44.9761
    endloop
  endfacet
  facet normal -0.831473 -0.555565 0
    outer loop
      vertex 10.7496 10.7496 51.0239
      vertex 14.045 5.81762 44.9761
      vertex 14.045 5.81762 51.0239
    endloop
  endfacet
  facet normal -0.514711 -0.770325 -0.376394
    outer loop
      vertex 10.7496 10.7496 51.0239
      vertex 9.77976 9.77976 54.335
      vertex 7.30205 11.4353 54.335
    endloop
  endfacet
  facet normal -0.770298 0.514764 -0.376376
    outer loop
      vertex 14.045 -5.81762 51.0239
      vertex 12.3295 -5.96376 54.335
      vertex 12.7779 -5.29277 54.335
    endloop
  endfacet
  facet normal -0.770329 0.514705 -0.376395
    outer loop
      vertex 12.3295 -5.96376 54.335
      vertex 14.045 -5.81762 51.0239
      vertex 13.497 -6.63778 51.0239
    endloop
  endfacet
  facet normal -0.770351 0.514697 -0.376359
    outer loop
      vertex 11.3542 -7.71003 53.9432
      vertex 12.3834 -8.30428 51.0239
      vertex 10.7496 -10.7496 51.0239
    endloop
  endfacet
  facet normal 0.180729 -0.908667 -0.376379
    outer loop
      vertex -2.37011 13.3592 54.335
      vertex -5.29277 12.7779 54.335
      vertex -5.81762 14.045 51.0239
    endloop
  endfacet
  facet normal 0.514709 -0.770327 -0.376392
    outer loop
      vertex -5.81762 14.045 51.0239
      vertex -7.30205 11.4353 54.335
      vertex -10.7496 10.7496 51.0239
    endloop
  endfacet
  facet normal 0.514728 -0.770321 -0.376379
    outer loop
      vertex -7.30205 11.4353 54.335
      vertex -5.81762 14.045 51.0239
      vertex -5.29277 12.7779 54.335
    endloop
  endfacet
  facet normal -0.195093 -0.980785 0
    outer loop
      vertex 1 15.0033 44.9761
      vertex 5.81762 14.045 51.0239
      vertex 1 15.0033 51.0239
    endloop
  endfacet
  facet normal -0.195093 -0.980785 -0
    outer loop
      vertex 5.81762 14.045 51.0239
      vertex 1 15.0033 44.9761
      vertex 5.81762 14.045 44.9761
    endloop
  endfacet
  facet normal 0.908667 0.180729 -0.376379
    outer loop
      vertex -13.3592 -2.37011 54.335
      vertex -12.7779 -5.29277 54.335
      vertex -14.045 -5.81762 51.0239
    endloop
  endfacet
  facet normal 0.195091 0.980785 -0
    outer loop
      vertex 0 -15.2022 44.9761
      vertex -5.81762 -14.045 51.0239
      vertex 0 -15.2022 51.0239
    endloop
  endfacet
  facet normal 0.195091 0.980785 0
    outer loop
      vertex -5.81762 -14.045 51.0239
      vertex 0 -15.2022 44.9761
      vertex -5.81762 -14.045 44.9761
    endloop
  endfacet
  facet normal -0.770291 0.514688 -0.376495
    outer loop
      vertex 11.3542 -7.71003 53.9432
      vertex 9.77976 -9.77976 54.335
      vertex 11.216 -7.63026 54.335
    endloop
  endfacet
  facet normal -0.770314 0.514725 -0.376395
    outer loop
      vertex 9.77976 -9.77976 54.335
      vertex 11.3542 -7.71003 53.9432
      vertex 10.7496 -10.7496 51.0239
    endloop
  endfacet
  facet normal -0.908667 0.180729 -0.376379
    outer loop
      vertex 13.3592 -2.37011 54.335
      vertex 14.045 -5.81762 51.0239
      vertex 12.7779 -5.29277 54.335
    endloop
  endfacet
  facet normal -0.514709 0.770327 -0.376392
    outer loop
      vertex 5.81762 -14.045 51.0239
      vertex 7.30205 -11.4353 54.335
      vertex 10.7496 -10.7496 51.0239
    endloop
  endfacet
  facet normal -0.514728 0.770321 -0.376379
    outer loop
      vertex 7.30205 -11.4353 54.335
      vertex 5.81762 -14.045 51.0239
      vertex 5.29277 -12.7779 54.335
    endloop
  endfacet
  facet normal 0.514711 -0.770325 -0.376394
    outer loop
      vertex -7.30205 11.4353 54.335
      vertex -9.77976 9.77976 54.335
      vertex -10.7496 10.7496 51.0239
    endloop
  endfacet
  facet normal 0.980785 0.195091 0
    outer loop
      vertex -14.045 -5.81762 51.0239
      vertex -15.2022 0 44.9761
      vertex -15.2022 0 51.0239
    endloop
  endfacet
  facet normal 0.980785 0.195091 0
    outer loop
      vertex -15.2022 0 44.9761
      vertex -14.045 -5.81762 51.0239
      vertex -14.045 -5.81762 44.9761
    endloop
  endfacet
  facet normal -0.555565 0.831473 0
    outer loop
      vertex 10.7496 -10.7496 44.9761
      vertex 5.81762 -14.045 51.0239
      vertex 10.7496 -10.7496 51.0239
    endloop
  endfacet
  facet normal -0.555565 0.831473 0
    outer loop
      vertex 5.81762 -14.045 51.0239
      vertex 10.7496 -10.7496 44.9761
      vertex 5.81762 -14.045 44.9761
    endloop
  endfacet
  facet normal -0.195091 0.980785 0
    outer loop
      vertex 5.81762 -14.045 44.9761
      vertex 0 -15.2022 51.0239
      vertex 5.81762 -14.045 51.0239
    endloop
  endfacet
  facet normal -0.195091 0.980785 0
    outer loop
      vertex 0 -15.2022 51.0239
      vertex 5.81762 -14.045 44.9761
      vertex 0 -15.2022 44.9761
    endloop
  endfacet
  facet normal -0 0 1
    outer loop
      vertex -1.66077 16.8621 54.335
      vertex -1 13.6318 54.335
      vertex -1 16.8945 54.335
    endloop
  endfacet
  facet normal 0 0 1
    outer loop
      vertex -1.66077 16.8621 54.335
      vertex -2.37011 13.3592 54.335
      vertex -1 13.6318 54.335
    endloop
  endfacet
  facet normal -0 0 1
    outer loop
      vertex -3.07587 16.6522 54.335
      vertex -2.37011 13.3592 54.335
      vertex -1.66077 16.8621 54.335
    endloop
  endfacet
  facet normal -0 0 1
    outer loop
      vertex -3.30554 16.6181 54.335
      vertex -2.37011 13.3592 54.335
      vertex -3.07587 16.6522 54.335
    endloop
  endfacet
  facet normal -0 0 1
    outer loop
      vertex -3.53077 16.5617 54.335
      vertex -2.37011 13.3592 54.335
      vertex -3.30554 16.6181 54.335
    endloop
  endfacet
  facet normal -0 0 1
    outer loop
      vertex -4.91848 16.2141 54.335
      vertex -2.37011 13.3592 54.335
      vertex -3.53077 16.5617 54.335
    endloop
  endfacet
  facet normal 0 0 1
    outer loop
      vertex -4.91848 16.2141 54.335
      vertex -5.29277 12.7779 54.335
      vertex -2.37011 13.3592 54.335
    endloop
  endfacet
  facet normal -0 0 1
    outer loop
      vertex -6.26544 15.7321 54.335
      vertex -5.29277 12.7779 54.335
      vertex -4.91848 16.2141 54.335
    endloop
  endfacet
  facet normal -0 0 1
    outer loop
      vertex -6.48406 15.6539 54.335
      vertex -5.29277 12.7779 54.335
      vertex -6.26544 15.7321 54.335
    endloop
  endfacet
  facet normal -0 0 1
    outer loop
      vertex -7.77729 15.0422 54.335
      vertex -5.29277 12.7779 54.335
      vertex -6.48406 15.6539 54.335
    endloop
  endfacet
  facet normal 0 0 1
    outer loop
      vertex -5.29277 12.7779 54.335
      vertex -7.77729 15.0422 54.335
      vertex -7.30205 11.4353 54.335
    endloop
  endfacet
  facet normal -0 0 1
    outer loop
      vertex -7.98718 14.943 54.335
      vertex -7.30205 11.4353 54.335
      vertex -7.77729 15.0422 54.335
    endloop
  endfacet
  facet normal -0 0 1
    outer loop
      vertex -8.18634 14.8236 54.335
      vertex -7.30205 11.4353 54.335
      vertex -7.98718 14.943 54.335
    endloop
  endfacet
  facet normal -0 0 1
    outer loop
      vertex -9.41339 14.0881 54.335
      vertex -7.30205 11.4353 54.335
      vertex -8.18634 14.8236 54.335
    endloop
  endfacet
  facet normal -0 0 1
    outer loop
      vertex -9.59988 13.9498 54.335
      vertex -7.30205 11.4353 54.335
      vertex -9.41339 14.0881 54.335
    endloop
  endfacet
  facet normal -0 0 1
    outer loop
      vertex -10.7489 13.0976 54.335
      vertex -7.30205 11.4353 54.335
      vertex -9.59988 13.9498 54.335
    endloop
  endfacet
  facet normal 0 0 1
    outer loop
      vertex -7.30205 11.4353 54.335
      vertex -10.7489 13.0976 54.335
      vertex -9.77976 9.77976 54.335
    endloop
  endfacet
  facet normal -0 0 1
    outer loop
      vertex -11.8089 12.1369 54.335
      vertex -9.77976 9.77976 54.335
      vertex -10.7489 13.0976 54.335
    endloop
  endfacet
  facet normal -0 0 1
    outer loop
      vertex -11.981 11.981 54.335
      vertex -9.77976 9.77976 54.335
      vertex -11.8089 12.1369 54.335
    endloop
  endfacet
  facet normal 0 0 1
    outer loop
      vertex -9.77976 9.77976 54.335
      vertex -11.981 11.981 54.335
      vertex -12.1369 11.8089 54.335
    endloop
  endfacet
  facet normal -0 0 1
    outer loop
      vertex -13.0976 10.7489 54.335
      vertex -9.77976 9.77976 54.335
      vertex -12.1369 11.8089 54.335
    endloop
  endfacet
  facet normal 0 0 1
    outer loop
      vertex -9.77976 9.77976 54.335
      vertex -13.0976 10.7489 54.335
      vertex -11.4353 7.30205 54.335
    endloop
  endfacet
  facet normal -0 0 1
    outer loop
      vertex -13.9498 9.59988 54.335
      vertex -11.4353 7.30205 54.335
      vertex -13.0976 10.7489 54.335
    endloop
  endfacet
  facet normal -0 0 1
    outer loop
      vertex -14.0881 9.41339 54.335
      vertex -11.4353 7.30205 54.335
      vertex -13.9498 9.59988 54.335
    endloop
  endfacet
  facet normal -0 0 1
    outer loop
      vertex -14.8236 8.18634 54.335
      vertex -11.4353 7.30205 54.335
      vertex -14.0881 9.41339 54.335
    endloop
  endfacet
  facet normal -0 0 1
    outer loop
      vertex -14.943 7.98718 54.335
      vertex -11.4353 7.30205 54.335
      vertex -14.8236 8.18634 54.335
    endloop
  endfacet
  facet normal -0 0 1
    outer loop
      vertex -16.8621 -1.66077 54.335
      vertex -13.3592 -2.37011 54.335
      vertex -13.8307 0 54.335
    endloop
  endfacet
  facet normal 0 0 1
    outer loop
      vertex -11.4353 7.30205 54.335
      vertex -14.943 7.98718 54.335
      vertex -12.7779 5.29277 54.335
    endloop
  endfacet
  facet normal -0 0 1
    outer loop
      vertex -15.6539 6.48406 54.335
      vertex -12.7779 5.29277 54.335
      vertex -15.0422 7.77729 54.335
    endloop
  endfacet
  facet normal 0 0 1
    outer loop
      vertex -12.7779 5.29277 54.335
      vertex -14.943 7.98718 54.335
      vertex -15.0422 7.77729 54.335
    endloop
  endfacet
  facet normal -0 0 1
    outer loop
      vertex -15.7321 6.26544 54.335
      vertex -12.7779 5.29277 54.335
      vertex -15.6539 6.48406 54.335
    endloop
  endfacet
  facet normal 0 0 1
    outer loop
      vertex -12.7779 -5.29277 54.335
      vertex -15.1341 -7.583 54.335
      vertex -12.3295 -5.96376 54.335
    endloop
  endfacet
  facet normal 0 -0 1
    outer loop
      vertex -16.2141 -4.91848 54.335
      vertex -13.3592 -2.37011 54.335
      vertex -16.5617 -3.53077 54.335
    endloop
  endfacet
  facet normal 0 0 1
    outer loop
      vertex -16.2141 4.91848 54.335
      vertex -12.7779 5.29277 54.335
      vertex -15.7321 6.26544 54.335
    endloop
  endfacet
  facet normal 0 0 1
    outer loop
      vertex -12.7779 5.29277 54.335
      vertex -16.2141 4.91848 54.335
      vertex -13.3592 2.37011 54.335
    endloop
  endfacet
  facet normal -0 0 1
    outer loop
      vertex -16.5617 3.53077 54.335
      vertex -13.3592 2.37011 54.335
      vertex -16.2141 4.91848 54.335
    endloop
  endfacet
  facet normal 0 0 1
    outer loop
      vertex -12.7779 -5.29277 54.335
      vertex -15.7321 -6.26544 54.335
      vertex -15.6539 -6.48406 54.335
    endloop
  endfacet
  facet normal 0 0 1
    outer loop
      vertex -12.7779 -5.29277 54.335
      vertex -15.6539 -6.48406 54.335
      vertex -15.1341 -7.583 54.335
    endloop
  endfacet
  facet normal -0 0 1
    outer loop
      vertex -16.6181 3.30554 54.335
      vertex -13.3592 2.37011 54.335
      vertex -16.5617 3.53077 54.335
    endloop
  endfacet
  facet normal 0 0 1
    outer loop
      vertex -16.8621 1.66077 54.335
      vertex -13.3592 2.37011 54.335
      vertex -16.6522 3.07587 54.335
    endloop
  endfacet
  facet normal 0 0 1
    outer loop
      vertex -13.3592 -2.37011 54.335
      vertex -16.2141 -4.91848 54.335
      vertex -12.7779 -5.29277 54.335
    endloop
  endfacet
  facet normal 0 0 1
    outer loop
      vertex -12.7779 -5.29277 54.335
      vertex -16.2141 -4.91848 54.335
      vertex -15.7321 -6.26544 54.335
    endloop
  endfacet
  facet normal 0 0 1
    outer loop
      vertex -13.3592 2.37011 54.335
      vertex -16.6181 3.30554 54.335
      vertex -16.6522 3.07587 54.335
    endloop
  endfacet
  facet normal 0 0 1
    outer loop
      vertex -13.3592 2.37011 54.335
      vertex -16.8621 1.66077 54.335
      vertex -13.8307 0 54.335
    endloop
  endfacet
  facet normal 0 -0 1
    outer loop
      vertex -16.6181 -3.30554 54.335
      vertex -13.3592 -2.37011 54.335
      vertex -16.6522 -3.07587 54.335
    endloop
  endfacet
  facet normal 0 0 1
    outer loop
      vertex -13.3592 -2.37011 54.335
      vertex -16.6181 -3.30554 54.335
      vertex -16.5617 -3.53077 54.335
    endloop
  endfacet
  facet normal 0 0 1
    outer loop
      vertex -13.8307 0 54.335
      vertex -16.8621 1.66077 54.335
      vertex -16.9323 0.231905 54.335
    endloop
  endfacet
  facet normal 0 0 1
    outer loop
      vertex -16.9437 0 54.335
      vertex -13.8307 0 54.335
      vertex -16.9323 0.231905 54.335
    endloop
  endfacet
  facet normal 0 -0 1
    outer loop
      vertex -16.8621 -1.66077 54.335
      vertex -13.8307 0 54.335
      vertex -16.9323 -0.231905 54.335
    endloop
  endfacet
  facet normal 0 0 1
    outer loop
      vertex -13.3592 -2.37011 54.335
      vertex -16.8621 -1.66077 54.335
      vertex -16.6522 -3.07587 54.335
    endloop
  endfacet
  facet normal 0 0 1
    outer loop
      vertex -13.8307 0 54.335
      vertex -16.9437 0 54.335
      vertex -16.9323 -0.231905 54.335
    endloop
  endfacet
  facet normal 0 0 1
    outer loop
      vertex 14.1438 -9.3206 54.335
      vertex 13.9498 -9.59988 54.335
      vertex 14.0881 -9.41339 54.335
    endloop
  endfacet
  facet normal 0 0 1
    outer loop
      vertex 11.216 -7.63026 54.335
      vertex 13.9498 -9.59988 54.335
      vertex 14.1438 -9.3206 54.335
    endloop
  endfacet
  facet normal 0 0 1
    outer loop
      vertex 13.9498 -9.59988 54.335
      vertex 11.216 -7.63026 54.335
      vertex 13.0976 -10.7489 54.335
    endloop
  endfacet
  facet normal -0 0 1
    outer loop
      vertex 9.77976 -9.77976 54.335
      vertex 13.0976 -10.7489 54.335
      vertex 11.216 -7.63026 54.335
    endloop
  endfacet
  facet normal 0 0 1
    outer loop
      vertex 12.1369 -11.8089 54.335
      vertex 9.77976 -9.77976 54.335
      vertex 11.981 -11.981 54.335
    endloop
  endfacet
  facet normal 0 0 1
    outer loop
      vertex 13.0976 -10.7489 54.335
      vertex 9.77976 -9.77976 54.335
      vertex 12.1369 -11.8089 54.335
    endloop
  endfacet
  facet normal 0 0 1
    outer loop
      vertex 11.981 -11.981 54.335
      vertex 9.77976 -9.77976 54.335
      vertex 11.8089 -12.1369 54.335
    endloop
  endfacet
  facet normal 0 0 1
    outer loop
      vertex 11.8089 -12.1369 54.335
      vertex 9.77976 -9.77976 54.335
      vertex 10.7489 -13.0976 54.335
    endloop
  endfacet
  facet normal -0 0 1
    outer loop
      vertex 7.30205 -11.4353 54.335
      vertex 10.7489 -13.0976 54.335
      vertex 9.77976 -9.77976 54.335
    endloop
  endfacet
  facet normal 0 0 1
    outer loop
      vertex 10.7489 -13.0976 54.335
      vertex 7.30205 -11.4353 54.335
      vertex 9.59988 -13.9498 54.335
    endloop
  endfacet
  facet normal 0 0 1
    outer loop
      vertex 9.59988 -13.9498 54.335
      vertex 7.30205 -11.4353 54.335
      vertex 9.41339 -14.0881 54.335
    endloop
  endfacet
  facet normal 0 0 1
    outer loop
      vertex 9.41339 -14.0881 54.335
      vertex 7.30205 -11.4353 54.335
      vertex 8.18634 -14.8236 54.335
    endloop
  endfacet
  facet normal 0 0 1
    outer loop
      vertex 8.18634 -14.8236 54.335
      vertex 7.30205 -11.4353 54.335
      vertex 7.98718 -14.943 54.335
    endloop
  endfacet
  facet normal 0 0 1
    outer loop
      vertex 7.98718 -14.943 54.335
      vertex 7.30205 -11.4353 54.335
      vertex 7.77729 -15.0422 54.335
    endloop
  endfacet
  facet normal -0 0 1
    outer loop
      vertex 5.29277 -12.7779 54.335
      vertex 7.77729 -15.0422 54.335
      vertex 7.30205 -11.4353 54.335
    endloop
  endfacet
  facet normal 0 0 1
    outer loop
      vertex 7.77729 -15.0422 54.335
      vertex 5.29277 -12.7779 54.335
      vertex 6.48406 -15.6539 54.335
    endloop
  endfacet
  facet normal 0 0 1
    outer loop
      vertex 6.48406 -15.6539 54.335
      vertex 5.29277 -12.7779 54.335
      vertex 6.26544 -15.7321 54.335
    endloop
  endfacet
  facet normal 0 0 1
    outer loop
      vertex 5.29277 -12.7779 54.335
      vertex 4.91848 -16.2141 54.335
      vertex 6.26544 -15.7321 54.335
    endloop
  endfacet
  facet normal -0 0 1
    outer loop
      vertex 2.37011 -13.3592 54.335
      vertex 4.91848 -16.2141 54.335
      vertex 5.29277 -12.7779 54.335
    endloop
  endfacet
  facet normal 0 0 1
    outer loop
      vertex 4.91848 -16.2141 54.335
      vertex 2.37011 -13.3592 54.335
      vertex 3.53077 -16.5617 54.335
    endloop
  endfacet
  facet normal 0 0 1
    outer loop
      vertex 3.53077 -16.5617 54.335
      vertex 2.37011 -13.3592 54.335
      vertex 3.30554 -16.6181 54.335
    endloop
  endfacet
  facet normal 0 0 1
    outer loop
      vertex 3.30554 -16.6181 54.335
      vertex 2.37011 -13.3592 54.335
      vertex 3.07587 -16.6522 54.335
    endloop
  endfacet
  facet normal 0 0 1
    outer loop
      vertex 2.37011 -13.3592 54.335
      vertex 1.66077 -16.8621 54.335
      vertex 3.07587 -16.6522 54.335
    endloop
  endfacet
  facet normal -0 0 1
    outer loop
      vertex 0 -13.8307 54.335
      vertex 1.66077 -16.8621 54.335
      vertex 2.37011 -13.3592 54.335
    endloop
  endfacet
  facet normal 0 0 1
    outer loop
      vertex 1.66077 -16.8621 54.335
      vertex 0 -13.8307 54.335
      vertex 0.231905 -16.9323 54.335
    endloop
  endfacet
  facet normal 0 0 1
    outer loop
      vertex 0 -13.8307 54.335
      vertex 0 -16.9437 54.335
      vertex 0.231905 -16.9323 54.335
    endloop
  endfacet
  facet normal 0 0 1
    outer loop
      vertex 0 -13.8307 54.335
      vertex -0.231905 -16.9323 54.335
      vertex 0 -16.9437 54.335
    endloop
  endfacet
  facet normal 0 0 1
    outer loop
      vertex 0 -13.8307 54.335
      vertex -1.66077 -16.8621 54.335
      vertex -0.231905 -16.9323 54.335
    endloop
  endfacet
  facet normal 0 0 1
    outer loop
      vertex -2.37011 -13.3592 54.335
      vertex -1.66077 -16.8621 54.335
      vertex 0 -13.8307 54.335
    endloop
  endfacet
  facet normal 0 0 1
    outer loop
      vertex -2.37011 -13.3592 54.335
      vertex -3.07587 -16.6522 54.335
      vertex -1.66077 -16.8621 54.335
    endloop
  endfacet
  facet normal 0 0 1
    outer loop
      vertex -2.37011 -13.3592 54.335
      vertex -3.30554 -16.6181 54.335
      vertex -3.07587 -16.6522 54.335
    endloop
  endfacet
  facet normal 0 0 1
    outer loop
      vertex -2.37011 -13.3592 54.335
      vertex -3.53077 -16.5617 54.335
      vertex -3.30554 -16.6181 54.335
    endloop
  endfacet
  facet normal 0 0 1
    outer loop
      vertex -2.37011 -13.3592 54.335
      vertex -4.91848 -16.2141 54.335
      vertex -3.53077 -16.5617 54.335
    endloop
  endfacet
  facet normal 0 0 1
    outer loop
      vertex -5.29277 -12.7779 54.335
      vertex -4.91848 -16.2141 54.335
      vertex -2.37011 -13.3592 54.335
    endloop
  endfacet
  facet normal 0 0 1
    outer loop
      vertex -5.29277 -12.7779 54.335
      vertex -6.26544 -15.7321 54.335
      vertex -4.91848 -16.2141 54.335
    endloop
  endfacet
  facet normal 0 0 1
    outer loop
      vertex -5.29277 -12.7779 54.335
      vertex -6.48406 -15.6539 54.335
      vertex -6.26544 -15.7321 54.335
    endloop
  endfacet
  facet normal 0 0 1
    outer loop
      vertex -7.77729 -15.0422 54.335
      vertex -5.29277 -12.7779 54.335
      vertex -7.30205 -11.4353 54.335
    endloop
  endfacet
  facet normal 0 0 1
    outer loop
      vertex -5.29277 -12.7779 54.335
      vertex -7.77729 -15.0422 54.335
      vertex -6.48406 -15.6539 54.335
    endloop
  endfacet
  facet normal 0 0 1
    outer loop
      vertex -7.30205 -11.4353 54.335
      vertex -7.98718 -14.943 54.335
      vertex -7.77729 -15.0422 54.335
    endloop
  endfacet
  facet normal 0 0 1
    outer loop
      vertex -7.30205 -11.4353 54.335
      vertex -8.18634 -14.8236 54.335
      vertex -7.98718 -14.943 54.335
    endloop
  endfacet
  facet normal 0 0 1
    outer loop
      vertex -7.30205 -11.4353 54.335
      vertex -9.41339 -14.0881 54.335
      vertex -8.18634 -14.8236 54.335
    endloop
  endfacet
  facet normal 0 0 1
    outer loop
      vertex -7.30205 -11.4353 54.335
      vertex -9.59988 -13.9498 54.335
      vertex -9.41339 -14.0881 54.335
    endloop
  endfacet
  facet normal 0 0 1
    outer loop
      vertex -10.7489 -13.0976 54.335
      vertex -7.30205 -11.4353 54.335
      vertex -9.77976 -9.77976 54.335
    endloop
  endfacet
  facet normal 0 0 1
    outer loop
      vertex -7.30205 -11.4353 54.335
      vertex -10.7489 -13.0976 54.335
      vertex -9.59988 -13.9498 54.335
    endloop
  endfacet
  facet normal 0 0 1
    outer loop
      vertex -13.0976 -10.7489 54.335
      vertex -9.77976 -9.77976 54.335
      vertex -11.216 -7.63026 54.335
    endloop
  endfacet
  facet normal 0 0 1
    outer loop
      vertex -9.77976 -9.77976 54.335
      vertex -11.8089 -12.1369 54.335
      vertex -10.7489 -13.0976 54.335
    endloop
  endfacet
  facet normal 0 -0 1
    outer loop
      vertex -11.981 -11.981 54.335
      vertex -9.77976 -9.77976 54.335
      vertex -12.1369 -11.8089 54.335
    endloop
  endfacet
  facet normal 0 0 1
    outer loop
      vertex -9.77976 -9.77976 54.335
      vertex -11.981 -11.981 54.335
      vertex -11.8089 -12.1369 54.335
    endloop
  endfacet
  facet normal 0 0 1
    outer loop
      vertex -9.77976 -9.77976 54.335
      vertex -13.0976 -10.7489 54.335
      vertex -12.1369 -11.8089 54.335
    endloop
  endfacet
  facet normal 0 0 1
    outer loop
      vertex -11.216 -7.63026 54.335
      vertex -13.9498 -9.59988 54.335
      vertex -13.0976 -10.7489 54.335
    endloop
  endfacet
  facet normal 0 0 1
    outer loop
      vertex -11.216 -7.63026 54.335
      vertex -14.0881 -9.41339 54.335
      vertex -13.9498 -9.59988 54.335
    endloop
  endfacet
  facet normal 0 -0 1
    outer loop
      vertex -14.0881 -9.41339 54.335
      vertex -11.216 -7.63026 54.335
      vertex -14.1438 -9.3206 54.335
    endloop
  endfacet
  facet normal 0 0 1
    outer loop
      vertex 16.8621 1.66077 54.335
      vertex 13.3592 2.37011 54.335
      vertex 13.8307 0 54.335
    endloop
  endfacet
  facet normal 0 0 1
    outer loop
      vertex 11.4353 7.30205 54.335
      vertex 13.9498 9.59988 54.335
      vertex 13.0976 10.7489 54.335
    endloop
  endfacet
  facet normal 0 0 1
    outer loop
      vertex 14.0881 9.41339 54.335
      vertex 12.7779 5.29277 54.335
      vertex 13.3592 2.37011 54.335
    endloop
  endfacet
  facet normal 0 0 1
    outer loop
      vertex 9.77976 9.77976 54.335
      vertex 13.0976 10.7489 54.335
      vertex 12.1369 11.8089 54.335
    endloop
  endfacet
  facet normal 0 0 1
    outer loop
      vertex 9.77976 9.77976 54.335
      vertex 12.1369 11.8089 54.335
      vertex 11.981 11.981 54.335
    endloop
  endfacet
  facet normal 0 0 1
    outer loop
      vertex 9.77976 9.77976 54.335
      vertex 11.981 11.981 54.335
      vertex 11.8089 12.1369 54.335
    endloop
  endfacet
  facet normal 0 0 1
    outer loop
      vertex 14.0881 9.41339 54.335
      vertex 11.4353 7.30205 54.335
      vertex 12.7779 5.29277 54.335
    endloop
  endfacet
  facet normal 0 0 1
    outer loop
      vertex 9.77976 9.77976 54.335
      vertex 11.8089 12.1369 54.335
      vertex 10.7489 13.0976 54.335
    endloop
  endfacet
  facet normal 0 0 1
    outer loop
      vertex 13.0976 10.7489 54.335
      vertex 9.77976 9.77976 54.335
      vertex 11.4353 7.30205 54.335
    endloop
  endfacet
  facet normal 0 0 1
    outer loop
      vertex 7.30205 11.4353 54.335
      vertex 10.7489 13.0976 54.335
      vertex 9.59988 13.9498 54.335
    endloop
  endfacet
  facet normal 0 0 1
    outer loop
      vertex 7.30205 11.4353 54.335
      vertex 9.59988 13.9498 54.335
      vertex 9.41339 14.0881 54.335
    endloop
  endfacet
  facet normal 0 0 1
    outer loop
      vertex 7.30205 11.4353 54.335
      vertex 9.41339 14.0881 54.335
      vertex 8.18634 14.8236 54.335
    endloop
  endfacet
  facet normal 0 0 1
    outer loop
      vertex 7.30205 11.4353 54.335
      vertex 8.18634 14.8236 54.335
      vertex 7.98718 14.943 54.335
    endloop
  endfacet
  facet normal 0 0 1
    outer loop
      vertex 7.30205 11.4353 54.335
      vertex 7.98718 14.943 54.335
      vertex 7.77729 15.0422 54.335
    endloop
  endfacet
  facet normal 0 0 1
    outer loop
      vertex 10.7489 13.0976 54.335
      vertex 7.30205 11.4353 54.335
      vertex 9.77976 9.77976 54.335
    endloop
  endfacet
  facet normal 0 0 1
    outer loop
      vertex 5.29277 12.7779 54.335
      vertex 7.77729 15.0422 54.335
      vertex 6.48406 15.6539 54.335
    endloop
  endfacet
  facet normal 0 0 1
    outer loop
      vertex 5.29277 12.7779 54.335
      vertex 6.48406 15.6539 54.335
      vertex 6.26544 15.7321 54.335
    endloop
  endfacet
  facet normal 0 0 1
    outer loop
      vertex 7.77729 15.0422 54.335
      vertex 5.29277 12.7779 54.335
      vertex 7.30205 11.4353 54.335
    endloop
  endfacet
  facet normal 0 0 1
    outer loop
      vertex 4.91848 16.2141 54.335
      vertex 5.29277 12.7779 54.335
      vertex 6.26544 15.7321 54.335
    endloop
  endfacet
  facet normal 0 0 1
    outer loop
      vertex 2.37011 13.3592 54.335
      vertex 4.91848 16.2141 54.335
      vertex 3.53077 16.5617 54.335
    endloop
  endfacet
  facet normal 0 0 1
    outer loop
      vertex 2.37011 13.3592 54.335
      vertex 3.53077 16.5617 54.335
      vertex 3.30554 16.6181 54.335
    endloop
  endfacet
  facet normal 0 0 1
    outer loop
      vertex 2.37011 13.3592 54.335
      vertex 3.30554 16.6181 54.335
      vertex 3.07587 16.6522 54.335
    endloop
  endfacet
  facet normal 0 0 1
    outer loop
      vertex 4.91848 16.2141 54.335
      vertex 2.37011 13.3592 54.335
      vertex 5.29277 12.7779 54.335
    endloop
  endfacet
  facet normal 0 0 1
    outer loop
      vertex 1.66077 16.8621 54.335
      vertex 2.37011 13.3592 54.335
      vertex 3.07587 16.6522 54.335
    endloop
  endfacet
  facet normal 0 0 1
    outer loop
      vertex 1 13.6318 54.335
      vertex 1.66077 16.8621 54.335
      vertex 1 16.8945 54.335
    endloop
  endfacet
  facet normal 0 0 1
    outer loop
      vertex 1.66077 16.8621 54.335
      vertex 1 13.6318 54.335
      vertex 2.37011 13.3592 54.335
    endloop
  endfacet
  facet normal 0 0 1
    outer loop
      vertex 13.8307 0 54.335
      vertex 16.9437 0 54.335
      vertex 16.9323 0.231905 54.335
    endloop
  endfacet
  facet normal 0 0 1
    outer loop
      vertex 13.8307 0 54.335
      vertex 16.9323 0.231905 54.335
      vertex 16.8621 1.66077 54.335
    endloop
  endfacet
  facet normal 0 0 1
    outer loop
      vertex 16.9437 0 54.335
      vertex 13.8307 0 54.335
      vertex 16.9323 -0.231905 54.335
    endloop
  endfacet
  facet normal -0 0 1
    outer loop
      vertex 13.3592 2.37011 54.335
      vertex 16.8621 1.66077 54.335
      vertex 16.6522 3.07587 54.335
    endloop
  endfacet
  facet normal 0 0 1
    outer loop
      vertex 16.9323 -0.231905 54.335
      vertex 13.8307 0 54.335
      vertex 16.8621 -1.66077 54.335
    endloop
  endfacet
  facet normal 0 0 1
    outer loop
      vertex 13.3592 2.37011 54.335
      vertex 16.6181 3.30554 54.335
      vertex 16.5617 3.53077 54.335
    endloop
  endfacet
  facet normal 0 0 1
    outer loop
      vertex 13.3592 -2.37011 54.335
      vertex 16.8621 -1.66077 54.335
      vertex 13.8307 0 54.335
    endloop
  endfacet
  facet normal 0 0 1
    outer loop
      vertex 16.6181 3.30554 54.335
      vertex 13.3592 2.37011 54.335
      vertex 16.6522 3.07587 54.335
    endloop
  endfacet
  facet normal 0 0 1
    outer loop
      vertex 16.8621 -1.66077 54.335
      vertex 13.3592 -2.37011 54.335
      vertex 16.6522 -3.07587 54.335
    endloop
  endfacet
  facet normal 0 0 1
    outer loop
      vertex 13.3592 2.37011 54.335
      vertex 16.5617 3.53077 54.335
      vertex 16.2141 4.91848 54.335
    endloop
  endfacet
  facet normal 0 0 1
    outer loop
      vertex 16.6522 -3.07587 54.335
      vertex 13.3592 -2.37011 54.335
      vertex 16.6181 -3.30554 54.335
    endloop
  endfacet
  facet normal 0 0 1
    outer loop
      vertex 13.3592 2.37011 54.335
      vertex 16.2141 4.91848 54.335
      vertex 15.7321 6.26544 54.335
    endloop
  endfacet
  facet normal 0 0 1
    outer loop
      vertex 16.6181 -3.30554 54.335
      vertex 13.3592 -2.37011 54.335
      vertex 16.5617 -3.53077 54.335
    endloop
  endfacet
  facet normal 0 0 1
    outer loop
      vertex 13.3592 2.37011 54.335
      vertex 15.7321 6.26544 54.335
      vertex 15.6539 6.48406 54.335
    endloop
  endfacet
  facet normal 0 0 1
    outer loop
      vertex 16.5617 -3.53077 54.335
      vertex 13.3592 -2.37011 54.335
      vertex 16.2141 -4.91848 54.335
    endloop
  endfacet
  facet normal 0 0 1
    outer loop
      vertex 12.7779 -5.29277 54.335
      vertex 16.2141 -4.91848 54.335
      vertex 13.3592 -2.37011 54.335
    endloop
  endfacet
  facet normal 0 0 1
    outer loop
      vertex 13.3592 2.37011 54.335
      vertex 15.6539 6.48406 54.335
      vertex 15.0422 7.77729 54.335
    endloop
  endfacet
  facet normal 0 0 1
    outer loop
      vertex 14.8236 8.18634 54.335
      vertex 15.0422 7.77729 54.335
      vertex 14.943 7.98718 54.335
    endloop
  endfacet
  facet normal 0 0 1
    outer loop
      vertex 13.3592 2.37011 54.335
      vertex 15.0422 7.77729 54.335
      vertex 14.8236 8.18634 54.335
    endloop
  endfacet
  facet normal 0 0 1
    outer loop
      vertex 13.3592 2.37011 54.335
      vertex 14.8236 8.18634 54.335
      vertex 14.0881 9.41339 54.335
    endloop
  endfacet
  facet normal 0 0 1
    outer loop
      vertex 11.4353 7.30205 54.335
      vertex 14.0881 9.41339 54.335
      vertex 13.9498 9.59988 54.335
    endloop
  endfacet
  facet normal 0 0 1
    outer loop
      vertex 16.2141 -4.91848 54.335
      vertex 12.7779 -5.29277 54.335
      vertex 15.7321 -6.26544 54.335
    endloop
  endfacet
  facet normal 0 0 1
    outer loop
      vertex 15.7321 -6.26544 54.335
      vertex 12.7779 -5.29277 54.335
      vertex 15.6539 -6.48406 54.335
    endloop
  endfacet
  facet normal 0 0 1
    outer loop
      vertex 15.6539 -6.48406 54.335
      vertex 12.7779 -5.29277 54.335
      vertex 15.1341 -7.583 54.335
    endloop
  endfacet
  facet normal 0 0 1
    outer loop
      vertex 15.1341 -7.583 54.335
      vertex 12.7779 -5.29277 54.335
      vertex 12.3295 -5.96376 54.335
    endloop
  endfacet
  facet normal -0.857718 0.514121 0
    outer loop
      vertex -49.2915 46.8284 0
      vertex -48.9888 47.3334 8
      vertex -48.9888 47.3334 0
    endloop
  endfacet
  facet normal -0.857718 0.514121 0
    outer loop
      vertex -48.9888 47.3334 8
      vertex -49.2915 46.8284 0
      vertex -49.2915 46.8284 8
    endloop
  endfacet
  facet normal 0.0490821 -0.998795 0
    outer loop
      vertex 44 -50 0
      vertex 44.5881 -49.9711 8
      vertex 44 -50 8
    endloop
  endfacet
  facet normal 0.0490821 -0.998795 0
    outer loop
      vertex 44.5881 -49.9711 8
      vertex 44 -50 0
      vertex 44.5881 -49.9711 0
    endloop
  endfacet
  facet normal -0.427612 0.903962 0
    outer loop
      vertex -46.2961 49.5433 0
      vertex -46.8284 49.2915 8
      vertex -46.2961 49.5433 8
    endloop
  endfacet
  facet normal -0.427612 0.903962 0
    outer loop
      vertex -46.8284 49.2915 8
      vertex -46.2961 49.5433 0
      vertex -46.8284 49.2915 0
    endloop
  endfacet
  facet normal 0.146746 0.989174 -0
    outer loop
      vertex 45.1705 49.8847 0
      vertex 44.5881 49.9711 8
      vertex 45.1705 49.8847 8
    endloop
  endfacet
  facet normal 0.146746 0.989174 0
    outer loop
      vertex 44.5881 49.9711 8
      vertex 45.1705 49.8847 0
      vertex 44.5881 49.9711 0
    endloop
  endfacet
  facet normal -1 0 0
    outer loop
      vertex -50 -44 0
      vertex -50 44 8
      vertex -50 44 0
    endloop
  endfacet
  facet normal -1 -0 0
    outer loop
      vertex -50 44 8
      vertex -50 -44 0
      vertex -50 -44 8
    endloop
  endfacet
  facet normal 0.989174 -0.146746 0
    outer loop
      vertex 49.8847 -45.1705 8
      vertex 49.9711 -44.5881 0
      vertex 49.9711 -44.5881 8
    endloop
  endfacet
  facet normal 0.989174 -0.146746 0
    outer loop
      vertex 49.9711 -44.5881 0
      vertex 49.8847 -45.1705 8
      vertex 49.8847 -45.1705 0
    endloop
  endfacet
  facet normal -0.146746 0.989174 0
    outer loop
      vertex -44.5881 49.9711 0
      vertex -45.1705 49.8847 8
      vertex -44.5881 49.9711 8
    endloop
  endfacet
  facet normal -0.146746 0.989174 0
    outer loop
      vertex -45.1705 49.8847 8
      vertex -44.5881 49.9711 0
      vertex -45.1705 49.8847 0
    endloop
  endfacet
  facet normal -0.740823 -0.6717 0
    outer loop
      vertex -48.2426 -48.2426 0
      vertex -48.6381 -47.8064 8
      vertex -48.6381 -47.8064 0
    endloop
  endfacet
  facet normal -0.740823 -0.6717 0
    outer loop
      vertex -48.6381 -47.8064 8
      vertex -48.2426 -48.2426 0
      vertex -48.2426 -48.2426 8
    endloop
  endfacet
  facet normal -0.595589 0.803289 0
    outer loop
      vertex -47.3334 48.9888 0
      vertex -47.8064 48.6381 8
      vertex -47.3334 48.9888 8
    endloop
  endfacet
  facet normal -0.595589 0.803289 0
    outer loop
      vertex -47.8064 48.6381 8
      vertex -47.3334 48.9888 0
      vertex -47.8064 48.6381 0
    endloop
  endfacet
  facet normal -0.243015 0.970023 0
    outer loop
      vertex -45.1705 49.8847 0
      vertex -45.7417 49.7416 8
      vertex -45.1705 49.8847 8
    endloop
  endfacet
  facet normal -0.243015 0.970023 0
    outer loop
      vertex -45.7417 49.7416 8
      vertex -45.1705 49.8847 0
      vertex -45.7417 49.7416 0
    endloop
  endfacet
  facet normal -0.857718 -0.514121 0
    outer loop
      vertex -48.9888 -47.3334 0
      vertex -49.2915 -46.8284 8
      vertex -49.2915 -46.8284 0
    endloop
  endfacet
  facet normal -0.857718 -0.514121 0
    outer loop
      vertex -49.2915 -46.8284 8
      vertex -48.9888 -47.3334 0
      vertex -48.9888 -47.3334 8
    endloop
  endfacet
  facet normal 0 -1 0
    outer loop
      vertex -44 -50 0
      vertex 44 -50 8
      vertex -44 -50 8
    endloop
  endfacet
  facet normal 0 -1 -0
    outer loop
      vertex 44 -50 8
      vertex -44 -50 0
      vertex 44 -50 0
    endloop
  endfacet
  facet normal 0 1 -0
    outer loop
      vertex 44 50 0
      vertex -44 50 8
      vertex 44 50 8
    endloop
  endfacet
  facet normal 0 1 0
    outer loop
      vertex -44 50 8
      vertex 44 50 0
      vertex -44 50 0
    endloop
  endfacet
  facet normal 0.6717 0.740823 -0
    outer loop
      vertex 48.2426 48.2426 0
      vertex 47.8064 48.6381 8
      vertex 48.2426 48.2426 8
    endloop
  endfacet
  facet normal 0.6717 0.740823 0
    outer loop
      vertex 47.8064 48.6381 8
      vertex 48.2426 48.2426 0
      vertex 47.8064 48.6381 0
    endloop
  endfacet
  facet normal 0.514121 0.857718 -0
    outer loop
      vertex 47.3334 48.9888 0
      vertex 46.8284 49.2915 8
      vertex 47.3334 48.9888 8
    endloop
  endfacet
  facet normal 0.514121 0.857718 0
    outer loop
      vertex 46.8284 49.2915 8
      vertex 47.3334 48.9888 0
      vertex 46.8284 49.2915 0
    endloop
  endfacet
  facet normal 0.803289 -0.595589 0
    outer loop
      vertex 48.6381 -47.8064 8
      vertex 48.9888 -47.3334 0
      vertex 48.9888 -47.3334 8
    endloop
  endfacet
  facet normal 0.803289 -0.595589 0
    outer loop
      vertex 48.9888 -47.3334 0
      vertex 48.6381 -47.8064 8
      vertex 48.6381 -47.8064 0
    endloop
  endfacet
  facet normal 0.427612 0.903962 -0
    outer loop
      vertex 46.8284 49.2915 0
      vertex 46.2961 49.5433 8
      vertex 46.8284 49.2915 8
    endloop
  endfacet
  facet normal 0.427612 0.903962 0
    outer loop
      vertex 46.2961 49.5433 8
      vertex 46.8284 49.2915 0
      vertex 46.2961 49.5433 0
    endloop
  endfacet
  facet normal 0.427612 -0.903962 0
    outer loop
      vertex 46.2961 -49.5433 0
      vertex 46.8284 -49.2915 8
      vertex 46.2961 -49.5433 8
    endloop
  endfacet
  facet normal 0.427612 -0.903962 0
    outer loop
      vertex 46.8284 -49.2915 8
      vertex 46.2961 -49.5433 0
      vertex 46.8284 -49.2915 0
    endloop
  endfacet
  facet normal 1 -0 0
    outer loop
      vertex 50 -44 8
      vertex 50 44 0
      vertex 50 44 8
    endloop
  endfacet
  facet normal 1 0 0
    outer loop
      vertex 50 44 0
      vertex 50 -44 8
      vertex 50 -44 0
    endloop
  endfacet
  facet normal 0.740823 -0.6717 0
    outer loop
      vertex 48.2426 -48.2426 8
      vertex 48.6381 -47.8064 0
      vertex 48.6381 -47.8064 8
    endloop
  endfacet
  facet normal 0.740823 -0.6717 0
    outer loop
      vertex 48.6381 -47.8064 0
      vertex 48.2426 -48.2426 8
      vertex 48.2426 -48.2426 0
    endloop
  endfacet
  facet normal 0.595589 -0.803289 0
    outer loop
      vertex 47.3334 -48.9888 0
      vertex 47.8064 -48.6381 8
      vertex 47.3334 -48.9888 8
    endloop
  endfacet
  facet normal 0.595589 -0.803289 0
    outer loop
      vertex 47.8064 -48.6381 8
      vertex 47.3334 -48.9888 0
      vertex 47.8064 -48.6381 0
    endloop
  endfacet
  facet normal -0.336788 0.94158 0
    outer loop
      vertex -45.7417 49.7416 0
      vertex -46.2961 49.5433 8
      vertex -45.7417 49.7416 8
    endloop
  endfacet
  facet normal -0.336788 0.94158 0
    outer loop
      vertex -46.2961 49.5433 8
      vertex -45.7417 49.7416 0
      vertex -46.2961 49.5433 0
    endloop
  endfacet
  facet normal -0.0490821 0.998795 0
    outer loop
      vertex -44 50 0
      vertex -44.5881 49.9711 8
      vertex -44 50 8
    endloop
  endfacet
  facet normal -0.0490821 0.998795 0
    outer loop
      vertex -44.5881 49.9711 8
      vertex -44 50 0
      vertex -44.5881 49.9711 0
    endloop
  endfacet
  facet normal -0.803289 -0.595589 0
    outer loop
      vertex -48.6381 -47.8064 0
      vertex -48.9888 -47.3334 8
      vertex -48.9888 -47.3334 0
    endloop
  endfacet
  facet normal -0.803289 -0.595589 0
    outer loop
      vertex -48.9888 -47.3334 8
      vertex -48.6381 -47.8064 0
      vertex -48.6381 -47.8064 8
    endloop
  endfacet
  facet normal -0.6717 0.740823 0
    outer loop
      vertex -47.8064 48.6381 0
      vertex -48.2426 48.2426 8
      vertex -47.8064 48.6381 8
    endloop
  endfacet
  facet normal -0.6717 0.740823 0
    outer loop
      vertex -48.2426 48.2426 8
      vertex -47.8064 48.6381 0
      vertex -48.2426 48.2426 0
    endloop
  endfacet
  facet normal -0.998795 -0.0490821 0
    outer loop
      vertex -49.9711 -44.5881 0
      vertex -50 -44 8
      vertex -50 -44 0
    endloop
  endfacet
  facet normal -0.998795 -0.0490821 0
    outer loop
      vertex -50 -44 8
      vertex -49.9711 -44.5881 0
      vertex -49.9711 -44.5881 8
    endloop
  endfacet
  facet normal -0.803289 0.595589 0
    outer loop
      vertex -48.9888 47.3334 0
      vertex -48.6381 47.8064 8
      vertex -48.6381 47.8064 0
    endloop
  endfacet
  facet normal -0.803289 0.595589 0
    outer loop
      vertex -48.6381 47.8064 8
      vertex -48.9888 47.3334 0
      vertex -48.9888 47.3334 8
    endloop
  endfacet
  facet normal -0.243015 -0.970023 0
    outer loop
      vertex -45.7417 -49.7416 0
      vertex -45.1705 -49.8847 8
      vertex -45.7417 -49.7416 8
    endloop
  endfacet
  facet normal -0.243015 -0.970023 -0
    outer loop
      vertex -45.1705 -49.8847 8
      vertex -45.7417 -49.7416 0
      vertex -45.1705 -49.8847 0
    endloop
  endfacet
  facet normal -0.514121 -0.857718 0
    outer loop
      vertex -47.3334 -48.9888 0
      vertex -46.8284 -49.2915 8
      vertex -47.3334 -48.9888 8
    endloop
  endfacet
  facet normal -0.514121 -0.857718 -0
    outer loop
      vertex -46.8284 -49.2915 8
      vertex -47.3334 -48.9888 0
      vertex -46.8284 -49.2915 0
    endloop
  endfacet
  facet normal -0.6717 -0.740823 0
    outer loop
      vertex -48.2426 -48.2426 0
      vertex -47.8064 -48.6381 8
      vertex -48.2426 -48.2426 8
    endloop
  endfacet
  facet normal -0.6717 -0.740823 -0
    outer loop
      vertex -47.8064 -48.6381 8
      vertex -48.2426 -48.2426 0
      vertex -47.8064 -48.6381 0
    endloop
  endfacet
  facet normal -0.0490821 -0.998795 0
    outer loop
      vertex -44.5881 -49.9711 0
      vertex -44 -50 8
      vertex -44.5881 -49.9711 8
    endloop
  endfacet
  facet normal -0.0490821 -0.998795 -0
    outer loop
      vertex -44 -50 8
      vertex -44.5881 -49.9711 0
      vertex -44 -50 0
    endloop
  endfacet
  facet normal 0.336788 0.94158 -0
    outer loop
      vertex 46.2961 49.5433 0
      vertex 45.7417 49.7416 8
      vertex 46.2961 49.5433 8
    endloop
  endfacet
  facet normal 0.336788 0.94158 0
    outer loop
      vertex 45.7417 49.7416 8
      vertex 46.2961 49.5433 0
      vertex 45.7417 49.7416 0
    endloop
  endfacet
  facet normal -0.427612 -0.903962 0
    outer loop
      vertex -46.8284 -49.2915 0
      vertex -46.2961 -49.5433 8
      vertex -46.8284 -49.2915 8
    endloop
  endfacet
  facet normal -0.427612 -0.903962 -0
    outer loop
      vertex -46.2961 -49.5433 8
      vertex -46.8284 -49.2915 0
      vertex -46.2961 -49.5433 0
    endloop
  endfacet
  facet normal -0.595589 -0.803289 0
    outer loop
      vertex -47.8064 -48.6381 0
      vertex -47.3334 -48.9888 8
      vertex -47.8064 -48.6381 8
    endloop
  endfacet
  facet normal -0.595589 -0.803289 -0
    outer loop
      vertex -47.3334 -48.9888 8
      vertex -47.8064 -48.6381 0
      vertex -47.3334 -48.9888 0
    endloop
  endfacet
  facet normal -0.94158 -0.336788 0
    outer loop
      vertex -49.5433 -46.2961 0
      vertex -49.7416 -45.7417 8
      vertex -49.7416 -45.7417 0
    endloop
  endfacet
  facet normal -0.94158 -0.336788 0
    outer loop
      vertex -49.7416 -45.7417 8
      vertex -49.5433 -46.2961 0
      vertex -49.5433 -46.2961 8
    endloop
  endfacet
  facet normal -0.998795 0.0490821 0
    outer loop
      vertex -50 44 0
      vertex -49.9711 44.5881 8
      vertex -49.9711 44.5881 0
    endloop
  endfacet
  facet normal -0.998795 0.0490821 0
    outer loop
      vertex -49.9711 44.5881 8
      vertex -50 44 0
      vertex -50 44 8
    endloop
  endfacet
  facet normal -0.989174 0.146746 0
    outer loop
      vertex -49.9711 44.5881 0
      vertex -49.8847 45.1705 8
      vertex -49.8847 45.1705 0
    endloop
  endfacet
  facet normal -0.989174 0.146746 0
    outer loop
      vertex -49.8847 45.1705 8
      vertex -49.9711 44.5881 0
      vertex -49.9711 44.5881 8
    endloop
  endfacet
  facet normal 0.903962 -0.427612 0
    outer loop
      vertex 49.2915 -46.8284 8
      vertex 49.5433 -46.2961 0
      vertex 49.5433 -46.2961 8
    endloop
  endfacet
  facet normal 0.903962 -0.427612 0
    outer loop
      vertex 49.5433 -46.2961 0
      vertex 49.2915 -46.8284 8
      vertex 49.2915 -46.8284 0
    endloop
  endfacet
  facet normal -0.336788 -0.94158 0
    outer loop
      vertex -46.2961 -49.5433 0
      vertex -45.7417 -49.7416 8
      vertex -46.2961 -49.5433 8
    endloop
  endfacet
  facet normal -0.336788 -0.94158 -0
    outer loop
      vertex -45.7417 -49.7416 8
      vertex -46.2961 -49.5433 0
      vertex -45.7417 -49.7416 0
    endloop
  endfacet
  facet normal 0.740823 0.6717 0
    outer loop
      vertex 48.6381 47.8064 8
      vertex 48.2426 48.2426 0
      vertex 48.2426 48.2426 8
    endloop
  endfacet
  facet normal 0.740823 0.6717 0
    outer loop
      vertex 48.2426 48.2426 0
      vertex 48.6381 47.8064 8
      vertex 48.6381 47.8064 0
    endloop
  endfacet
  facet normal 0.595589 0.803289 -0
    outer loop
      vertex 47.8064 48.6381 0
      vertex 47.3334 48.9888 8
      vertex 47.8064 48.6381 8
    endloop
  endfacet
  facet normal 0.595589 0.803289 0
    outer loop
      vertex 47.3334 48.9888 8
      vertex 47.8064 48.6381 0
      vertex 47.3334 48.9888 0
    endloop
  endfacet
  facet normal 0.0490821 0.998795 -0
    outer loop
      vertex 44.5881 49.9711 0
      vertex 44 50 8
      vertex 44.5881 49.9711 8
    endloop
  endfacet
  facet normal 0.0490821 0.998795 0
    outer loop
      vertex 44 50 8
      vertex 44.5881 49.9711 0
      vertex 44 50 0
    endloop
  endfacet
  facet normal -0.989174 -0.146746 0
    outer loop
      vertex -49.8847 -45.1705 0
      vertex -49.9711 -44.5881 8
      vertex -49.9711 -44.5881 0
    endloop
  endfacet
  facet normal -0.989174 -0.146746 0
    outer loop
      vertex -49.9711 -44.5881 8
      vertex -49.8847 -45.1705 0
      vertex -49.8847 -45.1705 8
    endloop
  endfacet
  facet normal -0.970023 -0.243015 0
    outer loop
      vertex -49.7416 -45.7417 0
      vertex -49.8847 -45.1705 8
      vertex -49.8847 -45.1705 0
    endloop
  endfacet
  facet normal -0.970023 -0.243015 0
    outer loop
      vertex -49.8847 -45.1705 8
      vertex -49.7416 -45.7417 0
      vertex -49.7416 -45.7417 8
    endloop
  endfacet
  facet normal -0.94158 0.336788 0
    outer loop
      vertex -49.7416 45.7417 0
      vertex -49.5433 46.2961 8
      vertex -49.5433 46.2961 0
    endloop
  endfacet
  facet normal -0.94158 0.336788 0
    outer loop
      vertex -49.5433 46.2961 8
      vertex -49.7416 45.7417 0
      vertex -49.7416 45.7417 8
    endloop
  endfacet
  facet normal 0.243015 -0.970023 0
    outer loop
      vertex 45.1705 -49.8847 0
      vertex 45.7417 -49.7416 8
      vertex 45.1705 -49.8847 8
    endloop
  endfacet
  facet normal 0.243015 -0.970023 0
    outer loop
      vertex 45.7417 -49.7416 8
      vertex 45.1705 -49.8847 0
      vertex 45.7417 -49.7416 0
    endloop
  endfacet
  facet normal 0.970023 0.243015 0
    outer loop
      vertex 49.8847 45.1705 8
      vertex 49.7416 45.7417 0
      vertex 49.7416 45.7417 8
    endloop
  endfacet
  facet normal 0.970023 0.243015 0
    outer loop
      vertex 49.7416 45.7417 0
      vertex 49.8847 45.1705 8
      vertex 49.8847 45.1705 0
    endloop
  endfacet
  facet normal -0.970023 0.243015 0
    outer loop
      vertex -49.8847 45.1705 0
      vertex -49.7416 45.7417 8
      vertex -49.7416 45.7417 0
    endloop
  endfacet
  facet normal -0.970023 0.243015 0
    outer loop
      vertex -49.7416 45.7417 8
      vertex -49.8847 45.1705 0
      vertex -49.8847 45.1705 8
    endloop
  endfacet
  facet normal 0.243015 0.970023 -0
    outer loop
      vertex 45.7417 49.7416 0
      vertex 45.1705 49.8847 8
      vertex 45.7417 49.7416 8
    endloop
  endfacet
  facet normal 0.243015 0.970023 0
    outer loop
      vertex 45.1705 49.8847 8
      vertex 45.7417 49.7416 0
      vertex 45.1705 49.8847 0
    endloop
  endfacet
  facet normal -0.903962 -0.427612 0
    outer loop
      vertex -49.2915 -46.8284 0
      vertex -49.5433 -46.2961 8
      vertex -49.5433 -46.2961 0
    endloop
  endfacet
  facet normal -0.903962 -0.427612 0
    outer loop
      vertex -49.5433 -46.2961 8
      vertex -49.2915 -46.8284 0
      vertex -49.2915 -46.8284 8
    endloop
  endfacet
  facet normal 0.336788 -0.94158 0
    outer loop
      vertex 45.7417 -49.7416 0
      vertex 46.2961 -49.5433 8
      vertex 45.7417 -49.7416 8
    endloop
  endfacet
  facet normal 0.336788 -0.94158 0
    outer loop
      vertex 46.2961 -49.5433 8
      vertex 45.7417 -49.7416 0
      vertex 46.2961 -49.5433 0
    endloop
  endfacet
  facet normal 0.970023 -0.243015 0
    outer loop
      vertex 49.7416 -45.7417 8
      vertex 49.8847 -45.1705 0
      vertex 49.8847 -45.1705 8
    endloop
  endfacet
  facet normal 0.970023 -0.243015 0
    outer loop
      vertex 49.8847 -45.1705 0
      vertex 49.7416 -45.7417 8
      vertex 49.7416 -45.7417 0
    endloop
  endfacet
  facet normal 0.857718 0.514121 0
    outer loop
      vertex 49.2915 46.8284 8
      vertex 48.9888 47.3334 0
      vertex 48.9888 47.3334 8
    endloop
  endfacet
  facet normal 0.857718 0.514121 0
    outer loop
      vertex 48.9888 47.3334 0
      vertex 49.2915 46.8284 8
      vertex 49.2915 46.8284 0
    endloop
  endfacet
  facet normal 0.998795 -0.0490821 0
    outer loop
      vertex 49.9711 -44.5881 8
      vertex 50 -44 0
      vertex 50 -44 8
    endloop
  endfacet
  facet normal 0.998795 -0.0490821 0
    outer loop
      vertex 50 -44 0
      vertex 49.9711 -44.5881 8
      vertex 49.9711 -44.5881 0
    endloop
  endfacet
  facet normal -0.146746 -0.989174 0
    outer loop
      vertex -45.1705 -49.8847 0
      vertex -44.5881 -49.9711 8
      vertex -45.1705 -49.8847 8
    endloop
  endfacet
  facet normal -0.146746 -0.989174 -0
    outer loop
      vertex -44.5881 -49.9711 8
      vertex -45.1705 -49.8847 0
      vertex -44.5881 -49.9711 0
    endloop
  endfacet
  facet normal -0 0 1
    outer loop
      vertex -27.4844 24.2631 8
      vertex -17.4535 11.662 8
      vertex -27.0941 24.3608 8
    endloop
  endfacet
  facet normal 0 0 1
    outer loop
      vertex -20.9911 0 8
      vertex -24.204 -27.8824 8
      vertex -24.1843 -28.2843 8
    endloop
  endfacet
  facet normal 0 0 1
    outer loop
      vertex -17.4535 11.662 8
      vertex -27.4844 24.2631 8
      vertex -18.5118 9.89636 8
    endloop
  endfacet
  facet normal 0 0 1
    outer loop
      vertex -20.9911 0 8
      vertex -24.2631 -27.4844 8
      vertex -24.204 -27.8824 8
    endloop
  endfacet
  facet normal -0 0 1
    outer loop
      vertex -27.8824 24.204 8
      vertex -18.5118 9.89636 8
      vertex -27.4844 24.2631 8
    endloop
  endfacet
  facet normal 0 0 1
    outer loop
      vertex -20.9911 0 8
      vertex -24.3608 -27.0941 8
      vertex -24.2631 -27.4844 8
    endloop
  endfacet
  facet normal 0 0 1
    outer loop
      vertex -18.5118 9.89636 8
      vertex -27.8824 24.204 8
      vertex -18.5125 9.89514 8
    endloop
  endfacet
  facet normal 0 0 1
    outer loop
      vertex -20.9911 0 8
      vertex -24.4964 -26.7153 8
      vertex -24.3608 -27.0941 8
    endloop
  endfacet
  facet normal -0 0 1
    outer loop
      vertex -28.2843 24.1843 8
      vertex -18.5125 9.89514 8
      vertex -27.8824 24.204 8
    endloop
  endfacet
  facet normal 0 0 1
    outer loop
      vertex -20.9911 0 8
      vertex -24.6684 -26.3515 8
      vertex -24.4964 -26.7153 8
    endloop
  endfacet
  facet normal 0 0 1
    outer loop
      vertex -18.5125 9.89514 8
      vertex -28.2843 24.1843 8
      vertex -19.3927 8.03423 8
    endloop
  endfacet
  facet normal 0 0 1
    outer loop
      vertex -20.9911 0 8
      vertex -24.8752 -26.0064 8
      vertex -24.6684 -26.3515 8
    endloop
  endfacet
  facet normal 0 0 1
    outer loop
      vertex -28.6861 24.204 8
      vertex -19.3927 8.03423 8
      vertex -28.2843 24.1843 8
    endloop
  endfacet
  facet normal 0 0 1
    outer loop
      vertex -20.9911 0 8
      vertex -25.1149 -25.6833 8
      vertex -24.8752 -26.0064 8
    endloop
  endfacet
  facet normal 0 0 1
    outer loop
      vertex -19.3927 8.03423 8
      vertex -28.6861 24.204 8
      vertex -19.3933 8.03295 8
    endloop
  endfacet
  facet normal 0 0 1
    outer loop
      vertex -20.9911 0 8
      vertex -25.3851 -25.3851 8
      vertex -25.1149 -25.6833 8
    endloop
  endfacet
  facet normal 0 0 1
    outer loop
      vertex -29.0841 24.2631 8
      vertex -19.3933 8.03295 8
      vertex -28.6861 24.204 8
    endloop
  endfacet
  facet normal 0 0 1
    outer loop
      vertex -20.9911 0 8
      vertex -25.6833 -25.1149 8
      vertex -25.3851 -25.3851 8
    endloop
  endfacet
  facet normal 0 0 1
    outer loop
      vertex -19.3933 8.03295 8
      vertex -29.0841 24.2631 8
      vertex -20.0868 6.09473 8
    endloop
  endfacet
  facet normal 0 0 1
    outer loop
      vertex -20.9911 0 8
      vertex -26.0064 -24.8752 8
      vertex -25.6833 -25.1149 8
    endloop
  endfacet
  facet normal 0 0 1
    outer loop
      vertex -29.4744 24.3608 8
      vertex -20.0868 6.09473 8
      vertex -29.0841 24.2631 8
    endloop
  endfacet
  facet normal 0 0 1
    outer loop
      vertex -20.9911 0 8
      vertex -26.3515 -24.6684 8
      vertex -26.0064 -24.8752 8
    endloop
  endfacet
  facet normal 0 0 1
    outer loop
      vertex -20.0868 6.09473 8
      vertex -29.4744 24.3608 8
      vertex -20.0872 6.0934 8
    endloop
  endfacet
  facet normal 0 0 1
    outer loop
      vertex -20.9911 0 8
      vertex -26.7153 -24.4964 8
      vertex -26.3515 -24.6684 8
    endloop
  endfacet
  facet normal 0 0 1
    outer loop
      vertex -29.8533 24.4964 8
      vertex -20.0872 6.0934 8
      vertex -29.4744 24.3608 8
    endloop
  endfacet
  facet normal 0 0 1
    outer loop
      vertex -20.9911 0 8
      vertex -27.0941 -24.3608 8
      vertex -26.7153 -24.4964 8
    endloop
  endfacet
  facet normal 0 0 1
    outer loop
      vertex -20.0872 6.0934 8
      vertex -29.8533 24.4964 8
      vertex -20.5874 4.09654 8
    endloop
  endfacet
  facet normal 0 0 1
    outer loop
      vertex -20.9911 0 8
      vertex -27.4844 -24.2631 8
      vertex -27.0941 -24.3608 8
    endloop
  endfacet
  facet normal 0 0 1
    outer loop
      vertex -30.217 24.6684 8
      vertex -20.5874 4.09654 8
      vertex -29.8533 24.4964 8
    endloop
  endfacet
  facet normal 0 0 1
    outer loop
      vertex -20.9911 0 8
      vertex -27.8824 -24.204 8
      vertex -27.4844 -24.2631 8
    endloop
  endfacet
  facet normal 0 0 1
    outer loop
      vertex -20.5874 4.09654 8
      vertex -30.217 24.6684 8
      vertex -20.5878 4.09516 8
    endloop
  endfacet
  facet normal 0 0 1
    outer loop
      vertex -20.9911 0 8
      vertex -28.2843 -24.1843 8
      vertex -27.8824 -24.204 8
    endloop
  endfacet
  facet normal 0 0 1
    outer loop
      vertex -20.5878 4.09516 8
      vertex -30.217 24.6684 8
      vertex -20.588 4.09376 8
    endloop
  endfacet
  facet normal 0 0 1
    outer loop
      vertex -20.9911 0 8
      vertex -28.6861 -24.204 8
      vertex -28.2843 -24.1843 8
    endloop
  endfacet
  facet normal 0 0 1
    outer loop
      vertex -30.5621 24.8752 8
      vertex -20.588 4.09376 8
      vertex -30.217 24.6684 8
    endloop
  endfacet
  facet normal 0 0 1
    outer loop
      vertex -20.9911 0 8
      vertex -29.0841 -24.2631 8
      vertex -28.6861 -24.204 8
    endloop
  endfacet
  facet normal 0 0 1
    outer loop
      vertex -20.588 4.09376 8
      vertex -30.5621 24.8752 8
      vertex -20.89 2.05749 8
    endloop
  endfacet
  facet normal 0 0 1
    outer loop
      vertex -20.9911 0 8
      vertex -29.4744 -24.3608 8
      vertex -29.0841 -24.2631 8
    endloop
  endfacet
  facet normal 0 0 1
    outer loop
      vertex -30.8853 25.1149 8
      vertex -20.89 2.05749 8
      vertex -30.5621 24.8752 8
    endloop
  endfacet
  facet normal 0 0 1
    outer loop
      vertex -20.9911 0 8
      vertex -29.8533 -24.4964 8
      vertex -29.4744 -24.3608 8
    endloop
  endfacet
  facet normal 0 0 1
    outer loop
      vertex -20.89 2.05749 8
      vertex -30.8853 25.1149 8
      vertex -20.8901 2.05607 8
    endloop
  endfacet
  facet normal 0 0 1
    outer loop
      vertex -20.9911 0 8
      vertex -30.217 -24.6684 8
      vertex -29.8533 -24.4964 8
    endloop
  endfacet
  facet normal 0 0 1
    outer loop
      vertex -20.8901 2.05607 8
      vertex -30.8853 25.1149 8
      vertex -20.9911 0 8
    endloop
  endfacet
  facet normal 0 0 1
    outer loop
      vertex -20.9911 0 8
      vertex -30.5621 -24.8752 8
      vertex -30.217 -24.6684 8
    endloop
  endfacet
  facet normal 0 0 1
    outer loop
      vertex -31.1834 25.3851 8
      vertex -20.9911 0 8
      vertex -30.8853 25.1149 8
    endloop
  endfacet
  facet normal 0 0 1
    outer loop
      vertex -20.9911 0 8
      vertex -30.8853 -25.1149 8
      vertex -30.5621 -24.8752 8
    endloop
  endfacet
  facet normal 0 0 1
    outer loop
      vertex -31.1834 -25.3851 8
      vertex -20.9911 0 8
      vertex -31.1834 25.3851 8
    endloop
  endfacet
  facet normal 0 0 1
    outer loop
      vertex -20.9911 0 8
      vertex -31.1834 -25.3851 8
      vertex -30.8853 -25.1149 8
    endloop
  endfacet
  facet normal 0 0 1
    outer loop
      vertex -31.4536 25.6833 8
      vertex -31.1834 -25.3851 8
      vertex -31.1834 25.3851 8
    endloop
  endfacet
  facet normal 0 0 1
    outer loop
      vertex -31.4536 25.6833 8
      vertex -31.4536 -25.6833 8
      vertex -31.1834 -25.3851 8
    endloop
  endfacet
  facet normal 0 0 1
    outer loop
      vertex -31.6933 26.0064 8
      vertex -31.4536 -25.6833 8
      vertex -31.4536 25.6833 8
    endloop
  endfacet
  facet normal 0 0 1
    outer loop
      vertex -31.6933 26.0064 8
      vertex -31.6933 -26.0064 8
      vertex -31.4536 -25.6833 8
    endloop
  endfacet
  facet normal 0 0 1
    outer loop
      vertex -31.9001 26.3515 8
      vertex -31.6933 -26.0064 8
      vertex -31.6933 26.0064 8
    endloop
  endfacet
  facet normal 0 0 1
    outer loop
      vertex -31.9001 26.3515 8
      vertex -31.9001 -26.3515 8
      vertex -31.6933 -26.0064 8
    endloop
  endfacet
  facet normal 0 0 1
    outer loop
      vertex -50 44 8
      vertex -31.9001 26.3515 8
      vertex -32.0722 26.7153 8
    endloop
  endfacet
  facet normal 0 0 1
    outer loop
      vertex -31.9001 26.3515 8
      vertex -50 44 8
      vertex -31.9001 -26.3515 8
    endloop
  endfacet
  facet normal 0 0 1
    outer loop
      vertex -50 44 8
      vertex -32.0722 26.7153 8
      vertex -32.2077 27.0941 8
    endloop
  endfacet
  facet normal 0 0 1
    outer loop
      vertex -50 -44 8
      vertex -31.9001 -26.3515 8
      vertex -50 44 8
    endloop
  endfacet
  facet normal 0 0 1
    outer loop
      vertex -50 44 8
      vertex -32.2077 27.0941 8
      vertex -32.3055 27.4844 8
    endloop
  endfacet
  facet normal 0 0 1
    outer loop
      vertex -31.9001 -26.3515 8
      vertex -50 -44 8
      vertex -32.0722 -26.7153 8
    endloop
  endfacet
  facet normal 0 0 1
    outer loop
      vertex -50 44 8
      vertex -32.3055 27.4844 8
      vertex -32.3645 27.8824 8
    endloop
  endfacet
  facet normal 0 0 1
    outer loop
      vertex -32.0722 -26.7153 8
      vertex -50 -44 8
      vertex -32.2077 -27.0941 8
    endloop
  endfacet
  facet normal 0 0 1
    outer loop
      vertex -50 44 8
      vertex -32.3645 27.8824 8
      vertex -32.3843 28.2843 8
    endloop
  endfacet
  facet normal 0 0 1
    outer loop
      vertex -32.2077 -27.0941 8
      vertex -50 -44 8
      vertex -32.3055 -27.4844 8
    endloop
  endfacet
  facet normal 0 0 1
    outer loop
      vertex 32.2077 27.0941 8
      vertex 50 44 8
      vertex 32.3055 27.4844 8
    endloop
  endfacet
  facet normal 0 0 1
    outer loop
      vertex 50 -44 8
      vertex 32.3645 -27.8824 8
      vertex 32.3843 -28.2843 8
    endloop
  endfacet
  facet normal 0 0 1
    outer loop
      vertex 32.0722 26.7153 8
      vertex 50 44 8
      vertex 32.2077 27.0941 8
    endloop
  endfacet
  facet normal 0 0 1
    outer loop
      vertex 50 -44 8
      vertex 32.3055 -27.4844 8
      vertex 32.3645 -27.8824 8
    endloop
  endfacet
  facet normal 0 0 1
    outer loop
      vertex 31.9001 26.3515 8
      vertex 50 44 8
      vertex 32.0722 26.7153 8
    endloop
  endfacet
  facet normal 0 0 1
    outer loop
      vertex 50 -44 8
      vertex 32.2077 -27.0941 8
      vertex 32.3055 -27.4844 8
    endloop
  endfacet
  facet normal 0 0 1
    outer loop
      vertex 50 44 8
      vertex 31.9001 26.3515 8
      vertex 50 -44 8
    endloop
  endfacet
  facet normal 0 0 1
    outer loop
      vertex 50 -44 8
      vertex 32.0722 -26.7153 8
      vertex 32.2077 -27.0941 8
    endloop
  endfacet
  facet normal -0 0 1
    outer loop
      vertex 31.9001 -26.3515 8
      vertex 50 -44 8
      vertex 31.9001 26.3515 8
    endloop
  endfacet
  facet normal 0 0 1
    outer loop
      vertex 50 -44 8
      vertex 31.9001 -26.3515 8
      vertex 32.0722 -26.7153 8
    endloop
  endfacet
  facet normal -0 0 1
    outer loop
      vertex 31.6933 26.0064 8
      vertex 31.9001 -26.3515 8
      vertex 31.9001 26.3515 8
    endloop
  endfacet
  facet normal 0 0 1
    outer loop
      vertex 31.6933 26.0064 8
      vertex 31.6933 -26.0064 8
      vertex 31.9001 -26.3515 8
    endloop
  endfacet
  facet normal -0 0 1
    outer loop
      vertex 31.4536 25.6833 8
      vertex 31.6933 -26.0064 8
      vertex 31.6933 26.0064 8
    endloop
  endfacet
  facet normal 0 0 1
    outer loop
      vertex 31.4536 25.6833 8
      vertex 31.4536 -25.6833 8
      vertex 31.6933 -26.0064 8
    endloop
  endfacet
  facet normal -0 0 1
    outer loop
      vertex 31.1834 25.3851 8
      vertex 31.4536 -25.6833 8
      vertex 31.4536 25.6833 8
    endloop
  endfacet
  facet normal 0 0 1
    outer loop
      vertex 31.1834 25.3851 8
      vertex 31.1834 -25.3851 8
      vertex 31.4536 -25.6833 8
    endloop
  endfacet
  facet normal 0 0 1
    outer loop
      vertex 20.9911 0 8
      vertex 31.1834 25.3851 8
      vertex 30.8853 25.1149 8
    endloop
  endfacet
  facet normal 0 0 1
    outer loop
      vertex 31.1834 25.3851 8
      vertex 20.9911 0 8
      vertex 31.1834 -25.3851 8
    endloop
  endfacet
  facet normal 0 0 1
    outer loop
      vertex 20.89 2.05749 8
      vertex 30.8853 25.1149 8
      vertex 30.5621 24.8752 8
    endloop
  endfacet
  facet normal 0 0 1
    outer loop
      vertex 31.1834 -25.3851 8
      vertex 20.9911 0 8
      vertex 30.8853 -25.1149 8
    endloop
  endfacet
  facet normal 0 0 1
    outer loop
      vertex 20.588 4.09376 8
      vertex 30.5621 24.8752 8
      vertex 30.217 24.6684 8
    endloop
  endfacet
  facet normal -0 0 1
    outer loop
      vertex 20.8901 -2.05607 8
      vertex 30.8853 -25.1149 8
      vertex 20.9911 0 8
    endloop
  endfacet
  facet normal 0 0 1
    outer loop
      vertex 20.5874 4.09654 8
      vertex 30.217 24.6684 8
      vertex 29.8533 24.4964 8
    endloop
  endfacet
  facet normal -0 0 1
    outer loop
      vertex 20.89 -2.05749 8
      vertex 30.8853 -25.1149 8
      vertex 20.8901 -2.05607 8
    endloop
  endfacet
  facet normal 0 0 1
    outer loop
      vertex 20.0872 6.0934 8
      vertex 29.8533 24.4964 8
      vertex 29.4744 24.3608 8
    endloop
  endfacet
  facet normal 0 0 1
    outer loop
      vertex 30.8853 -25.1149 8
      vertex 20.89 -2.05749 8
      vertex 30.5621 -24.8752 8
    endloop
  endfacet
  facet normal 0 0 1
    outer loop
      vertex 20.0868 6.09473 8
      vertex 29.4744 24.3608 8
      vertex 29.0841 24.2631 8
    endloop
  endfacet
  facet normal -0 0 1
    outer loop
      vertex 20.588 -4.09376 8
      vertex 30.5621 -24.8752 8
      vertex 20.89 -2.05749 8
    endloop
  endfacet
  facet normal 0 0 1
    outer loop
      vertex 19.3933 8.03295 8
      vertex 29.0841 24.2631 8
      vertex 28.6861 24.204 8
    endloop
  endfacet
  facet normal 0 0 1
    outer loop
      vertex 30.5621 -24.8752 8
      vertex 20.588 -4.09376 8
      vertex 30.217 -24.6684 8
    endloop
  endfacet
  facet normal 0 0 1
    outer loop
      vertex 19.3927 8.03423 8
      vertex 28.6861 24.204 8
      vertex 28.2843 24.1843 8
    endloop
  endfacet
  facet normal -0 0 1
    outer loop
      vertex 20.5878 -4.09516 8
      vertex 30.217 -24.6684 8
      vertex 20.588 -4.09376 8
    endloop
  endfacet
  facet normal 0 0 1
    outer loop
      vertex 18.5125 9.89514 8
      vertex 28.2843 24.1843 8
      vertex 27.8824 24.204 8
    endloop
  endfacet
  facet normal -0 0 1
    outer loop
      vertex 20.5874 -4.09654 8
      vertex 30.217 -24.6684 8
      vertex 20.5878 -4.09516 8
    endloop
  endfacet
  facet normal 0 0 1
    outer loop
      vertex 18.5118 9.89636 8
      vertex 27.8824 24.204 8
      vertex 27.4844 24.2631 8
    endloop
  endfacet
  facet normal 0 0 1
    outer loop
      vertex 30.217 -24.6684 8
      vertex 20.5874 -4.09654 8
      vertex 29.8533 -24.4964 8
    endloop
  endfacet
  facet normal 0 0 1
    outer loop
      vertex 17.4535 11.662 8
      vertex 27.4844 24.2631 8
      vertex 27.0941 24.3608 8
    endloop
  endfacet
  facet normal -0 0 1
    outer loop
      vertex 20.0872 -6.0934 8
      vertex 29.8533 -24.4964 8
      vertex 20.5874 -4.09654 8
    endloop
  endfacet
  facet normal 0 0 1
    outer loop
      vertex 17.4535 11.662 8
      vertex 27.0941 24.3608 8
      vertex 26.7153 24.4964 8
    endloop
  endfacet
  facet normal 0 0 1
    outer loop
      vertex 29.8533 -24.4964 8
      vertex 20.0872 -6.0934 8
      vertex 29.4744 -24.3608 8
    endloop
  endfacet
  facet normal 0 0 1
    outer loop
      vertex 16.2272 13.3155 8
      vertex 26.7153 24.4964 8
      vertex 26.3515 24.6684 8
    endloop
  endfacet
  facet normal -0 0 1
    outer loop
      vertex 20.0868 -6.09473 8
      vertex 29.4744 -24.3608 8
      vertex 20.0872 -6.0934 8
    endloop
  endfacet
  facet normal 0 0 1
    outer loop
      vertex 16.2263 13.3166 8
      vertex 26.3515 24.6684 8
      vertex 26.0064 24.8752 8
    endloop
  endfacet
  facet normal 0 0 1
    outer loop
      vertex 29.4744 -24.3608 8
      vertex 20.0868 -6.09473 8
      vertex 29.0841 -24.2631 8
    endloop
  endfacet
  facet normal 0 0 1
    outer loop
      vertex 16.2263 13.3166 8
      vertex 26.0064 24.8752 8
      vertex 25.6833 25.1149 8
    endloop
  endfacet
  facet normal -0 0 1
    outer loop
      vertex 19.3933 -8.03295 8
      vertex 29.0841 -24.2631 8
      vertex 20.0868 -6.09473 8
    endloop
  endfacet
  facet normal 0 0 1
    outer loop
      vertex 14.8439 14.8419 8
      vertex 25.6833 25.1149 8
      vertex 25.3851 25.3851 8
    endloop
  endfacet
  facet normal 0 0 1
    outer loop
      vertex 29.0841 -24.2631 8
      vertex 19.3933 -8.03295 8
      vertex 28.6861 -24.204 8
    endloop
  endfacet
  facet normal 0 0 1
    outer loop
      vertex 14.8419 14.8439 8
      vertex 25.3851 25.3851 8
      vertex 25.1149 25.6833 8
    endloop
  endfacet
  facet normal -0 0 1
    outer loop
      vertex 19.3927 -8.03423 8
      vertex 28.6861 -24.204 8
      vertex 19.3933 -8.03295 8
    endloop
  endfacet
  facet normal 0 0 1
    outer loop
      vertex 13.3166 16.2263 8
      vertex 25.1149 25.6833 8
      vertex 24.8752 26.0064 8
    endloop
  endfacet
  facet normal 0 0 1
    outer loop
      vertex 28.6861 -24.204 8
      vertex 19.3927 -8.03423 8
      vertex 28.2843 -24.1843 8
    endloop
  endfacet
  facet normal 0 0 1
    outer loop
      vertex 13.3166 16.2263 8
      vertex 24.8752 26.0064 8
      vertex 24.6684 26.3515 8
    endloop
  endfacet
  facet normal -0 0 1
    outer loop
      vertex 18.5125 -9.89514 8
      vertex 28.2843 -24.1843 8
      vertex 19.3927 -8.03423 8
    endloop
  endfacet
  facet normal 0 0 1
    outer loop
      vertex 13.3155 16.2272 8
      vertex 24.6684 26.3515 8
      vertex 24.4964 26.7153 8
    endloop
  endfacet
  facet normal 0 0 1
    outer loop
      vertex 28.2843 -24.1843 8
      vertex 18.5125 -9.89514 8
      vertex 27.8824 -24.204 8
    endloop
  endfacet
  facet normal 0 0 1
    outer loop
      vertex 11.662 17.4535 8
      vertex 24.4964 26.7153 8
      vertex 24.3608 27.0941 8
    endloop
  endfacet
  facet normal -0 0 1
    outer loop
      vertex 18.5118 -9.89636 8
      vertex 27.8824 -24.204 8
      vertex 18.5125 -9.89514 8
    endloop
  endfacet
  facet normal 0 0 1
    outer loop
      vertex 11.662 17.4535 8
      vertex 24.3608 27.0941 8
      vertex 24.2631 27.4844 8
    endloop
  endfacet
  facet normal 0 0 1
    outer loop
      vertex 27.8824 -24.204 8
      vertex 18.5118 -9.89636 8
      vertex 27.4844 -24.2631 8
    endloop
  endfacet
  facet normal 0 0 1
    outer loop
      vertex 9.89636 18.5118 8
      vertex 24.2631 27.4844 8
      vertex 24.204 27.8824 8
    endloop
  endfacet
  facet normal -0 0 1
    outer loop
      vertex 17.4535 -11.662 8
      vertex 27.4844 -24.2631 8
      vertex 18.5118 -9.89636 8
    endloop
  endfacet
  facet normal 0 0 1
    outer loop
      vertex 9.89514 18.5125 8
      vertex 24.204 27.8824 8
      vertex 24.1843 28.2843 8
    endloop
  endfacet
  facet normal 0 0 1
    outer loop
      vertex 27.4844 -24.2631 8
      vertex 17.4535 -11.662 8
      vertex 27.0941 -24.3608 8
    endloop
  endfacet
  facet normal 0 0 1
    outer loop
      vertex 44 50 8
      vertex 50 44 8
      vertex 49.9711 44.5881 8
    endloop
  endfacet
  facet normal 0 0 1
    outer loop
      vertex 32.3645 27.8824 8
      vertex 50 44 8
      vertex 32.3843 28.2843 8
    endloop
  endfacet
  facet normal 0 0 1
    outer loop
      vertex 44 50 8
      vertex 49.9711 44.5881 8
      vertex 49.8847 45.1705 8
    endloop
  endfacet
  facet normal 0 0 1
    outer loop
      vertex 32.3055 27.4844 8
      vertex 50 44 8
      vertex 32.3645 27.8824 8
    endloop
  endfacet
  facet normal 0 0 1
    outer loop
      vertex 44 50 8
      vertex 49.8847 45.1705 8
      vertex 49.7416 45.7417 8
    endloop
  endfacet
  facet normal -0 0 1
    outer loop
      vertex 32.3645 -28.6861 8
      vertex 50 -44 8
      vertex 32.3843 -28.2843 8
    endloop
  endfacet
  facet normal 0 0 1
    outer loop
      vertex 44 50 8
      vertex 49.7416 45.7417 8
      vertex 49.5433 46.2961 8
    endloop
  endfacet
  facet normal -0 0 1
    outer loop
      vertex 32.3055 -29.0841 8
      vertex 50 -44 8
      vertex 32.3645 -28.6861 8
    endloop
  endfacet
  facet normal 0 0 1
    outer loop
      vertex 44 50 8
      vertex 49.5433 46.2961 8
      vertex 49.2915 46.8284 8
    endloop
  endfacet
  facet normal -0 0 1
    outer loop
      vertex 32.2077 -29.4744 8
      vertex 50 -44 8
      vertex 32.3055 -29.0841 8
    endloop
  endfacet
  facet normal 0 0 1
    outer loop
      vertex 44 50 8
      vertex 49.2915 46.8284 8
      vertex 48.9888 47.3334 8
    endloop
  endfacet
  facet normal -0 0 1
    outer loop
      vertex 32.0722 -29.8533 8
      vertex 50 -44 8
      vertex 32.2077 -29.4744 8
    endloop
  endfacet
  facet normal 0 0 1
    outer loop
      vertex 44 50 8
      vertex 48.9888 47.3334 8
      vertex 48.6381 47.8064 8
    endloop
  endfacet
  facet normal -0 0 1
    outer loop
      vertex 31.9001 -30.217 8
      vertex 50 -44 8
      vertex 32.0722 -29.8533 8
    endloop
  endfacet
  facet normal 0 0 1
    outer loop
      vertex 44 50 8
      vertex 48.6381 47.8064 8
      vertex 48.2426 48.2426 8
    endloop
  endfacet
  facet normal -0 0 1
    outer loop
      vertex 31.6933 -30.5621 8
      vertex 50 -44 8
      vertex 31.9001 -30.217 8
    endloop
  endfacet
  facet normal 0 0 1
    outer loop
      vertex 44 50 8
      vertex 48.2426 48.2426 8
      vertex 47.8064 48.6381 8
    endloop
  endfacet
  facet normal -0 0 1
    outer loop
      vertex 31.4536 -30.8853 8
      vertex 50 -44 8
      vertex 31.6933 -30.5621 8
    endloop
  endfacet
  facet normal 0 0 1
    outer loop
      vertex 44 50 8
      vertex 47.8064 48.6381 8
      vertex 47.3334 48.9888 8
    endloop
  endfacet
  facet normal -0 0 1
    outer loop
      vertex 31.1834 -31.1834 8
      vertex 50 -44 8
      vertex 31.4536 -30.8853 8
    endloop
  endfacet
  facet normal 0 0 1
    outer loop
      vertex 44 50 8
      vertex 47.3334 48.9888 8
      vertex 46.8284 49.2915 8
    endloop
  endfacet
  facet normal 0 -0 1
    outer loop
      vertex 44 -50 8
      vertex 50 -44 8
      vertex 31.1834 -31.1834 8
    endloop
  endfacet
  facet normal 0 0 1
    outer loop
      vertex 44 50 8
      vertex 46.8284 49.2915 8
      vertex 46.2961 49.5433 8
    endloop
  endfacet
  facet normal 0 0 1
    outer loop
      vertex 50 -44 8
      vertex 44 -50 8
      vertex 49.9711 -44.5881 8
    endloop
  endfacet
  facet normal 0 0 1
    outer loop
      vertex 44 50 8
      vertex 46.2961 49.5433 8
      vertex 45.7417 49.7416 8
    endloop
  endfacet
  facet normal 0 0 1
    outer loop
      vertex 49.8847 -45.1705 8
      vertex 44 -50 8
      vertex 49.7416 -45.7417 8
    endloop
  endfacet
  facet normal 0 0 1
    outer loop
      vertex 44 50 8
      vertex 45.7417 49.7416 8
      vertex 45.1705 49.8847 8
    endloop
  endfacet
  facet normal 0 0 1
    outer loop
      vertex 49.7416 -45.7417 8
      vertex 44 -50 8
      vertex 49.5433 -46.2961 8
    endloop
  endfacet
  facet normal 0 0 1
    outer loop
      vertex 44 50 8
      vertex 45.1705 49.8847 8
      vertex 44.5881 49.9711 8
    endloop
  endfacet
  facet normal 0 0 1
    outer loop
      vertex 49.5433 -46.2961 8
      vertex 44 -50 8
      vertex 49.2915 -46.8284 8
    endloop
  endfacet
  facet normal 0 0 1
    outer loop
      vertex 50 44 8
      vertex 44 50 8
      vertex 31.1834 31.1834 8
    endloop
  endfacet
  facet normal 0 0 1
    outer loop
      vertex 49.2915 -46.8284 8
      vertex 44 -50 8
      vertex 48.9888 -47.3334 8
    endloop
  endfacet
  facet normal 0 0 1
    outer loop
      vertex 48.6381 -47.8064 8
      vertex 44 -50 8
      vertex 48.2426 -48.2426 8
    endloop
  endfacet
  facet normal 0 0 1
    outer loop
      vertex 50 44 8
      vertex 32.3645 28.6861 8
      vertex 32.3843 28.2843 8
    endloop
  endfacet
  facet normal 0 0 1
    outer loop
      vertex 50 44 8
      vertex 32.3055 29.0841 8
      vertex 32.3645 28.6861 8
    endloop
  endfacet
  facet normal 0 0 1
    outer loop
      vertex 50 44 8
      vertex 32.2077 29.4744 8
      vertex 32.3055 29.0841 8
    endloop
  endfacet
  facet normal 0 0 1
    outer loop
      vertex 50 44 8
      vertex 32.0722 29.8533 8
      vertex 32.2077 29.4744 8
    endloop
  endfacet
  facet normal 0 0 1
    outer loop
      vertex 50 44 8
      vertex 31.9001 30.217 8
      vertex 32.0722 29.8533 8
    endloop
  endfacet
  facet normal 0 0 1
    outer loop
      vertex 50 44 8
      vertex 31.6933 30.5621 8
      vertex 31.9001 30.217 8
    endloop
  endfacet
  facet normal 0 0 1
    outer loop
      vertex 50 44 8
      vertex 31.4536 30.8853 8
      vertex 31.6933 30.5621 8
    endloop
  endfacet
  facet normal 0 0 1
    outer loop
      vertex 50 44 8
      vertex 31.1834 31.1834 8
      vertex 31.4536 30.8853 8
    endloop
  endfacet
  facet normal 0 0 1
    outer loop
      vertex 44 50 8
      vertex 30.8853 31.4536 8
      vertex 31.1834 31.1834 8
    endloop
  endfacet
  facet normal 0 0 1
    outer loop
      vertex 44 50 8
      vertex 30.5621 31.6933 8
      vertex 30.8853 31.4536 8
    endloop
  endfacet
  facet normal 0 0 1
    outer loop
      vertex 44 50 8
      vertex 30.217 31.9001 8
      vertex 30.5621 31.6933 8
    endloop
  endfacet
  facet normal 0 0 1
    outer loop
      vertex 44 50 8
      vertex 29.8533 32.0722 8
      vertex 30.217 31.9001 8
    endloop
  endfacet
  facet normal 0 0 1
    outer loop
      vertex 44 50 8
      vertex 29.4744 32.2077 8
      vertex 29.8533 32.0722 8
    endloop
  endfacet
  facet normal 0 0 1
    outer loop
      vertex 44 50 8
      vertex 29.0841 32.3055 8
      vertex 29.4744 32.2077 8
    endloop
  endfacet
  facet normal 0 0 1
    outer loop
      vertex 44 50 8
      vertex 28.6861 32.3645 8
      vertex 29.0841 32.3055 8
    endloop
  endfacet
  facet normal 0 0 1
    outer loop
      vertex 44 50 8
      vertex 28.2843 32.3843 8
      vertex 28.6861 32.3645 8
    endloop
  endfacet
  facet normal 0 0 1
    outer loop
      vertex 44 50 8
      vertex 27.8824 32.3645 8
      vertex 28.2843 32.3843 8
    endloop
  endfacet
  facet normal 0 0 1
    outer loop
      vertex 44 50 8
      vertex 27.4844 32.3055 8
      vertex 27.8824 32.3645 8
    endloop
  endfacet
  facet normal 0 0 1
    outer loop
      vertex 44 50 8
      vertex 27.0941 32.2077 8
      vertex 27.4844 32.3055 8
    endloop
  endfacet
  facet normal 0 0 1
    outer loop
      vertex 44 50 8
      vertex 26.7153 32.0722 8
      vertex 27.0941 32.2077 8
    endloop
  endfacet
  facet normal 0 0 1
    outer loop
      vertex 44 50 8
      vertex 26.3515 31.9001 8
      vertex 26.7153 32.0722 8
    endloop
  endfacet
  facet normal 0 0 1
    outer loop
      vertex 44 50 8
      vertex 26.0064 31.6933 8
      vertex 26.3515 31.9001 8
    endloop
  endfacet
  facet normal 0 0 1
    outer loop
      vertex -26.0064 31.6933 8
      vertex 26.0064 31.6933 8
      vertex 44 50 8
    endloop
  endfacet
  facet normal 0 0 1
    outer loop
      vertex 26.0064 31.6933 8
      vertex -26.0064 31.6933 8
      vertex 25.6833 31.4536 8
    endloop
  endfacet
  facet normal 0 0 1
    outer loop
      vertex 27.0941 -24.3608 8
      vertex 17.4535 -11.662 8
      vertex 26.7153 -24.4964 8
    endloop
  endfacet
  facet normal 0 0 1
    outer loop
      vertex 8.03423 19.3927 8
      vertex 24.1843 28.2843 8
      vertex 24.204 28.6861 8
    endloop
  endfacet
  facet normal 0 0 1
    outer loop
      vertex 30.8853 25.1149 8
      vertex 20.8901 2.05607 8
      vertex 20.9911 0 8
    endloop
  endfacet
  facet normal 0 0 1
    outer loop
      vertex 30.8853 25.1149 8
      vertex 20.89 2.05749 8
      vertex 20.8901 2.05607 8
    endloop
  endfacet
  facet normal 0 0 1
    outer loop
      vertex 30.5621 24.8752 8
      vertex 20.588 4.09376 8
      vertex 20.89 2.05749 8
    endloop
  endfacet
  facet normal 0 0 1
    outer loop
      vertex 30.217 24.6684 8
      vertex 20.5878 4.09516 8
      vertex 20.588 4.09376 8
    endloop
  endfacet
  facet normal 0 0 1
    outer loop
      vertex 30.217 24.6684 8
      vertex 20.5874 4.09654 8
      vertex 20.5878 4.09516 8
    endloop
  endfacet
  facet normal 0 0 1
    outer loop
      vertex 29.8533 24.4964 8
      vertex 20.0872 6.0934 8
      vertex 20.5874 4.09654 8
    endloop
  endfacet
  facet normal 0 0 1
    outer loop
      vertex 8.03295 19.3933 8
      vertex 24.204 28.6861 8
      vertex 24.2631 29.0841 8
    endloop
  endfacet
  facet normal 0 0 1
    outer loop
      vertex 29.4744 24.3608 8
      vertex 20.0868 6.09473 8
      vertex 20.0872 6.0934 8
    endloop
  endfacet
  facet normal 0 0 1
    outer loop
      vertex 29.0841 24.2631 8
      vertex 19.3933 8.03295 8
      vertex 20.0868 6.09473 8
    endloop
  endfacet
  facet normal 0 0 1
    outer loop
      vertex 28.6861 24.204 8
      vertex 19.3927 8.03423 8
      vertex 19.3933 8.03295 8
    endloop
  endfacet
  facet normal 0 0 1
    outer loop
      vertex 28.2843 24.1843 8
      vertex 18.5125 9.89514 8
      vertex 19.3927 8.03423 8
    endloop
  endfacet
  facet normal 0 0 1
    outer loop
      vertex 6.09473 20.0868 8
      vertex 24.2631 29.0841 8
      vertex 24.3608 29.4744 8
    endloop
  endfacet
  facet normal 0 0 1
    outer loop
      vertex 27.8824 24.204 8
      vertex 18.5118 9.89636 8
      vertex 18.5125 9.89514 8
    endloop
  endfacet
  facet normal 0 0 1
    outer loop
      vertex 27.4844 24.2631 8
      vertex 17.4535 11.662 8
      vertex 18.5118 9.89636 8
    endloop
  endfacet
  facet normal 0 0 1
    outer loop
      vertex 6.0934 20.0872 8
      vertex 24.3608 29.4744 8
      vertex 24.4964 29.8533 8
    endloop
  endfacet
  facet normal 0 0 1
    outer loop
      vertex 26.7153 24.4964 8
      vertex 16.2272 13.3155 8
      vertex 17.4535 11.662 8
    endloop
  endfacet
  facet normal 0 0 1
    outer loop
      vertex 4.09654 20.5874 8
      vertex 24.4964 29.8533 8
      vertex 24.6684 30.217 8
    endloop
  endfacet
  facet normal 0 0 1
    outer loop
      vertex 26.3515 24.6684 8
      vertex 16.2263 13.3166 8
      vertex 16.2272 13.3155 8
    endloop
  endfacet
  facet normal 0 0 1
    outer loop
      vertex 25.6833 25.1149 8
      vertex 14.8439 14.8419 8
      vertex 16.2263 13.3166 8
    endloop
  endfacet
  facet normal 0 0 1
    outer loop
      vertex 4.09516 20.5878 8
      vertex 24.6684 30.217 8
      vertex 24.8752 30.5621 8
    endloop
  endfacet
  facet normal 0 0 1
    outer loop
      vertex 25.3851 25.3851 8
      vertex 14.843 14.843 8
      vertex 14.8439 14.8419 8
    endloop
  endfacet
  facet normal 0 0 1
    outer loop
      vertex 25.3851 25.3851 8
      vertex 14.8419 14.8439 8
      vertex 14.843 14.843 8
    endloop
  endfacet
  facet normal 0 0 1
    outer loop
      vertex 25.1149 25.6833 8
      vertex 13.3166 16.2263 8
      vertex 14.8419 14.8439 8
    endloop
  endfacet
  facet normal 0 0 1
    outer loop
      vertex 2.05749 20.89 8
      vertex 24.8752 30.5621 8
      vertex 25.1149 30.8853 8
    endloop
  endfacet
  facet normal 0 0 1
    outer loop
      vertex 24.6684 26.3515 8
      vertex 13.3155 16.2272 8
      vertex 13.3166 16.2263 8
    endloop
  endfacet
  facet normal 0 0 1
    outer loop
      vertex 24.4964 26.7153 8
      vertex 11.662 17.4535 8
      vertex 13.3155 16.2272 8
    endloop
  endfacet
  facet normal 0 0 1
    outer loop
      vertex 2.05607 20.8901 8
      vertex 25.1149 30.8853 8
      vertex 25.3851 31.1834 8
    endloop
  endfacet
  facet normal 0 -0 1
    outer loop
      vertex -25.6833 31.4536 8
      vertex 25.6833 31.4536 8
      vertex -26.0064 31.6933 8
    endloop
  endfacet
  facet normal 0 0 1
    outer loop
      vertex 24.2631 27.4844 8
      vertex 9.89636 18.5118 8
      vertex 11.662 17.4535 8
    endloop
  endfacet
  facet normal 0 0 1
    outer loop
      vertex 24.204 27.8824 8
      vertex 9.89514 18.5125 8
      vertex 9.89636 18.5118 8
    endloop
  endfacet
  facet normal 0 0 1
    outer loop
      vertex 24.1843 28.2843 8
      vertex 8.03423 19.3927 8
      vertex 9.89514 18.5125 8
    endloop
  endfacet
  facet normal 0 0 1
    outer loop
      vertex 24.204 28.6861 8
      vertex 8.03295 19.3933 8
      vertex 8.03423 19.3927 8
    endloop
  endfacet
  facet normal 0 0 1
    outer loop
      vertex 24.2631 29.0841 8
      vertex 6.09473 20.0868 8
      vertex 8.03295 19.3933 8
    endloop
  endfacet
  facet normal 0 0 1
    outer loop
      vertex 24.3608 29.4744 8
      vertex 6.0934 20.0872 8
      vertex 6.09473 20.0868 8
    endloop
  endfacet
  facet normal 0 0 1
    outer loop
      vertex 24.4964 29.8533 8
      vertex 4.09654 20.5874 8
      vertex 6.0934 20.0872 8
    endloop
  endfacet
  facet normal 0 0 1
    outer loop
      vertex 24.6684 30.217 8
      vertex 4.09516 20.5878 8
      vertex 4.09654 20.5874 8
    endloop
  endfacet
  facet normal 0 0 1
    outer loop
      vertex 24.8752 30.5621 8
      vertex 4.09376 20.588 8
      vertex 4.09516 20.5878 8
    endloop
  endfacet
  facet normal 0 0 1
    outer loop
      vertex 24.8752 30.5621 8
      vertex 2.05749 20.89 8
      vertex 4.09376 20.588 8
    endloop
  endfacet
  facet normal 0 0 1
    outer loop
      vertex 25.1149 30.8853 8
      vertex 2.05607 20.8901 8
      vertex 2.05749 20.89 8
    endloop
  endfacet
  facet normal 0 0 1
    outer loop
      vertex 25.3851 31.1834 8
      vertex 0 20.9911 8
      vertex 2.05607 20.8901 8
    endloop
  endfacet
  facet normal 0 -0 1
    outer loop
      vertex -25.3851 31.1834 8
      vertex 25.3851 31.1834 8
      vertex -25.6833 31.4536 8
    endloop
  endfacet
  facet normal 0 0 1
    outer loop
      vertex 25.3851 31.1834 8
      vertex -25.3851 31.1834 8
      vertex 0 20.9911 8
    endloop
  endfacet
  facet normal 0 0 1
    outer loop
      vertex 0 20.9911 8
      vertex -25.3851 31.1834 8
      vertex -2.05607 20.8901 8
    endloop
  endfacet
  facet normal 0 0 1
    outer loop
      vertex -2.05607 20.8901 8
      vertex -25.1149 30.8853 8
      vertex -2.05749 20.89 8
    endloop
  endfacet
  facet normal -0 -0 1
    outer loop
      vertex -24.8752 30.5621 8
      vertex -2.05749 20.89 8
      vertex -25.1149 30.8853 8
    endloop
  endfacet
  facet normal 0 0 1
    outer loop
      vertex -2.05749 20.89 8
      vertex -24.8752 30.5621 8
      vertex -4.09376 20.588 8
    endloop
  endfacet
  facet normal 0 0 1
    outer loop
      vertex -4.09376 20.588 8
      vertex -24.8752 30.5621 8
      vertex -4.09516 20.5878 8
    endloop
  endfacet
  facet normal -0 -0 1
    outer loop
      vertex -24.6684 30.217 8
      vertex -4.09516 20.5878 8
      vertex -24.8752 30.5621 8
    endloop
  endfacet
  facet normal -0 -0 1
    outer loop
      vertex -24.4964 29.8533 8
      vertex -4.09654 20.5874 8
      vertex -24.6684 30.217 8
    endloop
  endfacet
  facet normal 0 0 1
    outer loop
      vertex -4.09654 20.5874 8
      vertex -24.4964 29.8533 8
      vertex -6.0934 20.0872 8
    endloop
  endfacet
  facet normal -0 0 1
    outer loop
      vertex -25.3851 25.3851 8
      vertex -14.8419 14.8439 8
      vertex -25.1149 25.6833 8
    endloop
  endfacet
  facet normal -0 0 1
    outer loop
      vertex -26.3515 24.6684 8
      vertex -16.2263 13.3166 8
      vertex -26.0064 24.8752 8
    endloop
  endfacet
  facet normal 0 0 1
    outer loop
      vertex -16.2272 13.3155 8
      vertex -26.7153 24.4964 8
      vertex -17.4535 11.662 8
    endloop
  endfacet
  facet normal -0 0 1
    outer loop
      vertex -26.7153 24.4964 8
      vertex -16.2272 13.3155 8
      vertex -26.3515 24.6684 8
    endloop
  endfacet
  facet normal 0 0 1
    outer loop
      vertex -16.2263 13.3166 8
      vertex -26.3515 24.6684 8
      vertex -16.2272 13.3155 8
    endloop
  endfacet
  facet normal -0 0 1
    outer loop
      vertex -26.0064 24.8752 8
      vertex -16.2263 13.3166 8
      vertex -25.6833 25.1149 8
    endloop
  endfacet
  facet normal 0 0 1
    outer loop
      vertex -14.8439 14.8419 8
      vertex -25.6833 25.1149 8
      vertex -16.2263 13.3166 8
    endloop
  endfacet
  facet normal -0 0 1
    outer loop
      vertex -25.6833 25.1149 8
      vertex -14.8439 14.8419 8
      vertex -25.3851 25.3851 8
    endloop
  endfacet
  facet normal 0 0 1
    outer loop
      vertex -14.843 14.843 8
      vertex -25.3851 25.3851 8
      vertex -14.8439 14.8419 8
    endloop
  endfacet
  facet normal 0 0 1
    outer loop
      vertex -14.8419 14.8439 8
      vertex -25.3851 25.3851 8
      vertex -14.843 14.843 8
    endloop
  endfacet
  facet normal 0 0 1
    outer loop
      vertex -13.3166 16.2263 8
      vertex -25.1149 25.6833 8
      vertex -14.8419 14.8439 8
    endloop
  endfacet
  facet normal -0 0 1
    outer loop
      vertex -25.1149 25.6833 8
      vertex -13.3166 16.2263 8
      vertex -24.8752 26.0064 8
    endloop
  endfacet
  facet normal -0 0 1
    outer loop
      vertex -24.8752 26.0064 8
      vertex -13.3166 16.2263 8
      vertex -24.6684 26.3515 8
    endloop
  endfacet
  facet normal 0 0 1
    outer loop
      vertex -13.3155 16.2272 8
      vertex -24.6684 26.3515 8
      vertex -13.3166 16.2263 8
    endloop
  endfacet
  facet normal -0 0 1
    outer loop
      vertex -24.6684 26.3515 8
      vertex -13.3155 16.2272 8
      vertex -24.4964 26.7153 8
    endloop
  endfacet
  facet normal 0 0 1
    outer loop
      vertex -11.662 17.4535 8
      vertex -24.4964 26.7153 8
      vertex -13.3155 16.2272 8
    endloop
  endfacet
  facet normal -0 0 1
    outer loop
      vertex -24.4964 26.7153 8
      vertex -11.662 17.4535 8
      vertex -24.3608 27.0941 8
    endloop
  endfacet
  facet normal -0 0 1
    outer loop
      vertex -24.3608 27.0941 8
      vertex -11.662 17.4535 8
      vertex -24.2631 27.4844 8
    endloop
  endfacet
  facet normal 0 0 1
    outer loop
      vertex -9.89636 18.5118 8
      vertex -24.2631 27.4844 8
      vertex -11.662 17.4535 8
    endloop
  endfacet
  facet normal -0 0 1
    outer loop
      vertex -24.2631 27.4844 8
      vertex -9.89636 18.5118 8
      vertex -24.204 27.8824 8
    endloop
  endfacet
  facet normal 0 0 1
    outer loop
      vertex -9.89514 18.5125 8
      vertex -24.204 27.8824 8
      vertex -9.89636 18.5118 8
    endloop
  endfacet
  facet normal -0 0 1
    outer loop
      vertex -24.204 27.8824 8
      vertex -9.89514 18.5125 8
      vertex -24.1843 28.2843 8
    endloop
  endfacet
  facet normal 0 0 1
    outer loop
      vertex -6.0934 20.0872 8
      vertex -24.3608 29.4744 8
      vertex -6.09473 20.0868 8
    endloop
  endfacet
  facet normal 0 0 1
    outer loop
      vertex -8.03423 19.3927 8
      vertex -24.1843 28.2843 8
      vertex -9.89514 18.5125 8
    endloop
  endfacet
  facet normal -0 -0 1
    outer loop
      vertex -24.1843 28.2843 8
      vertex -8.03423 19.3927 8
      vertex -24.204 28.6861 8
    endloop
  endfacet
  facet normal 0 0 1
    outer loop
      vertex -8.03295 19.3933 8
      vertex -24.204 28.6861 8
      vertex -8.03423 19.3927 8
    endloop
  endfacet
  facet normal -0 -0 1
    outer loop
      vertex -24.204 28.6861 8
      vertex -8.03295 19.3933 8
      vertex -24.2631 29.0841 8
    endloop
  endfacet
  facet normal 0 0 1
    outer loop
      vertex -6.09473 20.0868 8
      vertex -24.2631 29.0841 8
      vertex -8.03295 19.3933 8
    endloop
  endfacet
  facet normal -0 -0 1
    outer loop
      vertex -24.2631 29.0841 8
      vertex -6.09473 20.0868 8
      vertex -24.3608 29.4744 8
    endloop
  endfacet
  facet normal -0 -0 1
    outer loop
      vertex -24.3608 29.4744 8
      vertex -6.0934 20.0872 8
      vertex -24.4964 29.8533 8
    endloop
  endfacet
  facet normal 0 0 1
    outer loop
      vertex -4.09516 20.5878 8
      vertex -24.6684 30.217 8
      vertex -4.09654 20.5874 8
    endloop
  endfacet
  facet normal -0 -0 1
    outer loop
      vertex -25.1149 30.8853 8
      vertex -2.05607 20.8901 8
      vertex -25.3851 31.1834 8
    endloop
  endfacet
  facet normal 0 0 1
    outer loop
      vertex 25.6833 31.4536 8
      vertex -25.6833 31.4536 8
      vertex 25.3851 31.1834 8
    endloop
  endfacet
  facet normal 0 0 1
    outer loop
      vertex 44 50 8
      vertex -26.3515 31.9001 8
      vertex -26.0064 31.6933 8
    endloop
  endfacet
  facet normal -0 0 1
    outer loop
      vertex -44 50 8
      vertex -26.3515 31.9001 8
      vertex 44 50 8
    endloop
  endfacet
  facet normal 0 0 1
    outer loop
      vertex -26.3515 31.9001 8
      vertex -44 50 8
      vertex -26.7153 32.0722 8
    endloop
  endfacet
  facet normal 0 0 1
    outer loop
      vertex -26.7153 32.0722 8
      vertex -44 50 8
      vertex -27.0941 32.2077 8
    endloop
  endfacet
  facet normal 0 0 1
    outer loop
      vertex -27.0941 32.2077 8
      vertex -44 50 8
      vertex -27.4844 32.3055 8
    endloop
  endfacet
  facet normal 0 0 1
    outer loop
      vertex -27.4844 32.3055 8
      vertex -44 50 8
      vertex -27.8824 32.3645 8
    endloop
  endfacet
  facet normal 0 0 1
    outer loop
      vertex -27.8824 32.3645 8
      vertex -44 50 8
      vertex -28.2843 32.3843 8
    endloop
  endfacet
  facet normal 0 0 1
    outer loop
      vertex -28.2843 32.3843 8
      vertex -44 50 8
      vertex -28.6861 32.3645 8
    endloop
  endfacet
  facet normal 0 0 1
    outer loop
      vertex -32.3645 28.6861 8
      vertex -50 44 8
      vertex -32.3843 28.2843 8
    endloop
  endfacet
  facet normal 0 0 1
    outer loop
      vertex -32.3055 29.0841 8
      vertex -50 44 8
      vertex -32.3645 28.6861 8
    endloop
  endfacet
  facet normal 0 0 1
    outer loop
      vertex -32.2077 29.4744 8
      vertex -50 44 8
      vertex -32.3055 29.0841 8
    endloop
  endfacet
  facet normal 0 0 1
    outer loop
      vertex -32.0722 29.8533 8
      vertex -50 44 8
      vertex -32.2077 29.4744 8
    endloop
  endfacet
  facet normal 0 0 1
    outer loop
      vertex -31.9001 30.217 8
      vertex -50 44 8
      vertex -32.0722 29.8533 8
    endloop
  endfacet
  facet normal 0 0 1
    outer loop
      vertex -31.6933 30.5621 8
      vertex -50 44 8
      vertex -31.9001 30.217 8
    endloop
  endfacet
  facet normal 0 0 1
    outer loop
      vertex -31.4536 30.8853 8
      vertex -50 44 8
      vertex -31.6933 30.5621 8
    endloop
  endfacet
  facet normal 0 0 1
    outer loop
      vertex -31.1834 31.1834 8
      vertex -50 44 8
      vertex -31.4536 30.8853 8
    endloop
  endfacet
  facet normal -0 0 1
    outer loop
      vertex -50 44 8
      vertex -31.1834 31.1834 8
      vertex -44 50 8
    endloop
  endfacet
  facet normal 0 0 1
    outer loop
      vertex -30.8853 31.4536 8
      vertex -44 50 8
      vertex -31.1834 31.1834 8
    endloop
  endfacet
  facet normal 0 0 1
    outer loop
      vertex -30.5621 31.6933 8
      vertex -44 50 8
      vertex -30.8853 31.4536 8
    endloop
  endfacet
  facet normal 0 0 1
    outer loop
      vertex -30.217 31.9001 8
      vertex -44 50 8
      vertex -30.5621 31.6933 8
    endloop
  endfacet
  facet normal 0 0 1
    outer loop
      vertex -29.8533 32.0722 8
      vertex -44 50 8
      vertex -30.217 31.9001 8
    endloop
  endfacet
  facet normal 0 0 1
    outer loop
      vertex -29.4744 32.2077 8
      vertex -44 50 8
      vertex -29.8533 32.0722 8
    endloop
  endfacet
  facet normal 0 0 1
    outer loop
      vertex -29.0841 32.3055 8
      vertex -44 50 8
      vertex -29.4744 32.2077 8
    endloop
  endfacet
  facet normal 0 0 1
    outer loop
      vertex -28.6861 32.3645 8
      vertex -44 50 8
      vertex -29.0841 32.3055 8
    endloop
  endfacet
  facet normal 0 0 1
    outer loop
      vertex 48.2426 -48.2426 8
      vertex 44 -50 8
      vertex 47.8064 -48.6381 8
    endloop
  endfacet
  facet normal 0 0 1
    outer loop
      vertex 47.8064 -48.6381 8
      vertex 44 -50 8
      vertex 47.3334 -48.9888 8
    endloop
  endfacet
  facet normal 0 0 1
    outer loop
      vertex 47.3334 -48.9888 8
      vertex 44 -50 8
      vertex 46.8284 -49.2915 8
    endloop
  endfacet
  facet normal 0 0 1
    outer loop
      vertex 46.2961 -49.5433 8
      vertex 44 -50 8
      vertex 45.7417 -49.7416 8
    endloop
  endfacet
  facet normal 0 0 1
    outer loop
      vertex 45.7417 -49.7416 8
      vertex 44 -50 8
      vertex 45.1705 -49.8847 8
    endloop
  endfacet
  facet normal 0 0 1
    outer loop
      vertex 45.1705 -49.8847 8
      vertex 44 -50 8
      vertex 44.5881 -49.9711 8
    endloop
  endfacet
  facet normal 0 0 1
    outer loop
      vertex 46.8284 -49.2915 8
      vertex 44 -50 8
      vertex 46.2961 -49.5433 8
    endloop
  endfacet
  facet normal 0 0 1
    outer loop
      vertex 48.9888 -47.3334 8
      vertex 44 -50 8
      vertex 48.6381 -47.8064 8
    endloop
  endfacet
  facet normal 0 0 1
    outer loop
      vertex 49.9711 -44.5881 8
      vertex 44 -50 8
      vertex 49.8847 -45.1705 8
    endloop
  endfacet
  facet normal -0 0 1
    outer loop
      vertex 30.8853 -31.4536 8
      vertex 44 -50 8
      vertex 31.1834 -31.1834 8
    endloop
  endfacet
  facet normal -0 0 1
    outer loop
      vertex 30.5621 -31.6933 8
      vertex 44 -50 8
      vertex 30.8853 -31.4536 8
    endloop
  endfacet
  facet normal -0 0 1
    outer loop
      vertex 30.217 -31.9001 8
      vertex 44 -50 8
      vertex 30.5621 -31.6933 8
    endloop
  endfacet
  facet normal -0 0 1
    outer loop
      vertex 29.8533 -32.0722 8
      vertex 44 -50 8
      vertex 30.217 -31.9001 8
    endloop
  endfacet
  facet normal -0 0 1
    outer loop
      vertex 29.4744 -32.2077 8
      vertex 44 -50 8
      vertex 29.8533 -32.0722 8
    endloop
  endfacet
  facet normal -0 0 1
    outer loop
      vertex 29.0841 -32.3055 8
      vertex 44 -50 8
      vertex 29.4744 -32.2077 8
    endloop
  endfacet
  facet normal -0 0 1
    outer loop
      vertex 28.6861 -32.3645 8
      vertex 44 -50 8
      vertex 29.0841 -32.3055 8
    endloop
  endfacet
  facet normal -0 0 1
    outer loop
      vertex 28.2843 -32.3843 8
      vertex 44 -50 8
      vertex 28.6861 -32.3645 8
    endloop
  endfacet
  facet normal 0 0 1
    outer loop
      vertex 27.8824 -32.3645 8
      vertex 44 -50 8
      vertex 28.2843 -32.3843 8
    endloop
  endfacet
  facet normal 0 0 1
    outer loop
      vertex 27.4844 -32.3055 8
      vertex 44 -50 8
      vertex 27.8824 -32.3645 8
    endloop
  endfacet
  facet normal 0 0 1
    outer loop
      vertex 27.0941 -32.2077 8
      vertex 44 -50 8
      vertex 27.4844 -32.3055 8
    endloop
  endfacet
  facet normal 0 0 1
    outer loop
      vertex 26.7153 -32.0722 8
      vertex 44 -50 8
      vertex 27.0941 -32.2077 8
    endloop
  endfacet
  facet normal 0 0 1
    outer loop
      vertex 26.3515 -31.9001 8
      vertex 44 -50 8
      vertex 26.7153 -32.0722 8
    endloop
  endfacet
  facet normal 0 0 1
    outer loop
      vertex 26.0064 -31.6933 8
      vertex 44 -50 8
      vertex 26.3515 -31.9001 8
    endloop
  endfacet
  facet normal 0 0 1
    outer loop
      vertex -26.0064 -31.6933 8
      vertex 26.0064 -31.6933 8
      vertex 25.6833 -31.4536 8
    endloop
  endfacet
  facet normal 0 0 1
    outer loop
      vertex -25.6833 -31.4536 8
      vertex 25.6833 -31.4536 8
      vertex 25.3851 -31.1834 8
    endloop
  endfacet
  facet normal -0 0 1
    outer loop
      vertex 16.2272 -13.3155 8
      vertex 26.7153 -24.4964 8
      vertex 17.4535 -11.662 8
    endloop
  endfacet
  facet normal 0 0 1
    outer loop
      vertex 26.7153 -24.4964 8
      vertex 16.2272 -13.3155 8
      vertex 26.3515 -24.6684 8
    endloop
  endfacet
  facet normal -0 0 1
    outer loop
      vertex 16.2263 -13.3166 8
      vertex 26.3515 -24.6684 8
      vertex 16.2272 -13.3155 8
    endloop
  endfacet
  facet normal 0 0 1
    outer loop
      vertex 26.3515 -24.6684 8
      vertex 16.2263 -13.3166 8
      vertex 26.0064 -24.8752 8
    endloop
  endfacet
  facet normal 0 0 1
    outer loop
      vertex 26.0064 -24.8752 8
      vertex 16.2263 -13.3166 8
      vertex 25.6833 -25.1149 8
    endloop
  endfacet
  facet normal -0 0 1
    outer loop
      vertex 14.8439 -14.8419 8
      vertex 25.6833 -25.1149 8
      vertex 16.2263 -13.3166 8
    endloop
  endfacet
  facet normal 0 0 1
    outer loop
      vertex 25.6833 -25.1149 8
      vertex 14.8439 -14.8419 8
      vertex 25.3851 -25.3851 8
    endloop
  endfacet
  facet normal -0 0 1
    outer loop
      vertex 14.843 -14.843 8
      vertex 25.3851 -25.3851 8
      vertex 14.8439 -14.8419 8
    endloop
  endfacet
  facet normal -0 0 1
    outer loop
      vertex 14.8419 -14.8439 8
      vertex 25.3851 -25.3851 8
      vertex 14.843 -14.843 8
    endloop
  endfacet
  facet normal 0 0 1
    outer loop
      vertex 25.3851 -25.3851 8
      vertex 14.8419 -14.8439 8
      vertex 25.1149 -25.6833 8
    endloop
  endfacet
  facet normal -0 0 1
    outer loop
      vertex 13.3166 -16.2263 8
      vertex 25.1149 -25.6833 8
      vertex 14.8419 -14.8439 8
    endloop
  endfacet
  facet normal 0 0 1
    outer loop
      vertex 25.1149 -25.6833 8
      vertex 13.3166 -16.2263 8
      vertex 24.8752 -26.0064 8
    endloop
  endfacet
  facet normal 0 0 1
    outer loop
      vertex 24.8752 -26.0064 8
      vertex 13.3166 -16.2263 8
      vertex 24.6684 -26.3515 8
    endloop
  endfacet
  facet normal -0 0 1
    outer loop
      vertex 13.3155 -16.2272 8
      vertex 24.6684 -26.3515 8
      vertex 13.3166 -16.2263 8
    endloop
  endfacet
  facet normal 0 0 1
    outer loop
      vertex 24.6684 -26.3515 8
      vertex 13.3155 -16.2272 8
      vertex 24.4964 -26.7153 8
    endloop
  endfacet
  facet normal -0 0 1
    outer loop
      vertex 11.662 -17.4535 8
      vertex 24.4964 -26.7153 8
      vertex 13.3155 -16.2272 8
    endloop
  endfacet
  facet normal 0 0 1
    outer loop
      vertex 24.4964 -26.7153 8
      vertex 11.662 -17.4535 8
      vertex 24.3608 -27.0941 8
    endloop
  endfacet
  facet normal 0 0 1
    outer loop
      vertex 24.3608 -27.0941 8
      vertex 11.662 -17.4535 8
      vertex 24.2631 -27.4844 8
    endloop
  endfacet
  facet normal -0 0 1
    outer loop
      vertex 9.89636 -18.5118 8
      vertex 24.2631 -27.4844 8
      vertex 11.662 -17.4535 8
    endloop
  endfacet
  facet normal 0 0 1
    outer loop
      vertex 24.2631 -27.4844 8
      vertex 9.89636 -18.5118 8
      vertex 24.204 -27.8824 8
    endloop
  endfacet
  facet normal -0 0 1
    outer loop
      vertex 9.89514 -18.5125 8
      vertex 24.204 -27.8824 8
      vertex 9.89636 -18.5118 8
    endloop
  endfacet
  facet normal 0 0 1
    outer loop
      vertex 24.204 -27.8824 8
      vertex 9.89514 -18.5125 8
      vertex 24.1843 -28.2843 8
    endloop
  endfacet
  facet normal -0 0 1
    outer loop
      vertex 8.03423 -19.3927 8
      vertex 24.1843 -28.2843 8
      vertex 9.89514 -18.5125 8
    endloop
  endfacet
  facet normal 0 0 1
    outer loop
      vertex 24.1843 -28.2843 8
      vertex 8.03423 -19.3927 8
      vertex 24.204 -28.6861 8
    endloop
  endfacet
  facet normal -0 0 1
    outer loop
      vertex 8.03295 -19.3933 8
      vertex 24.204 -28.6861 8
      vertex 8.03423 -19.3927 8
    endloop
  endfacet
  facet normal 0 0 1
    outer loop
      vertex 24.204 -28.6861 8
      vertex 8.03295 -19.3933 8
      vertex 24.2631 -29.0841 8
    endloop
  endfacet
  facet normal -0 0 1
    outer loop
      vertex 6.09473 -20.0868 8
      vertex 24.2631 -29.0841 8
      vertex 8.03295 -19.3933 8
    endloop
  endfacet
  facet normal 0 0 1
    outer loop
      vertex 24.2631 -29.0841 8
      vertex 6.09473 -20.0868 8
      vertex 24.3608 -29.4744 8
    endloop
  endfacet
  facet normal -0 0 1
    outer loop
      vertex 6.0934 -20.0872 8
      vertex 24.3608 -29.4744 8
      vertex 6.09473 -20.0868 8
    endloop
  endfacet
  facet normal 0 0 1
    outer loop
      vertex 24.3608 -29.4744 8
      vertex 6.0934 -20.0872 8
      vertex 24.4964 -29.8533 8
    endloop
  endfacet
  facet normal -0 0 1
    outer loop
      vertex 4.09654 -20.5874 8
      vertex 24.4964 -29.8533 8
      vertex 6.0934 -20.0872 8
    endloop
  endfacet
  facet normal 0 0 1
    outer loop
      vertex 24.4964 -29.8533 8
      vertex 4.09654 -20.5874 8
      vertex 24.6684 -30.217 8
    endloop
  endfacet
  facet normal -0 0 1
    outer loop
      vertex 4.09516 -20.5878 8
      vertex 24.6684 -30.217 8
      vertex 4.09654 -20.5874 8
    endloop
  endfacet
  facet normal 0 0 1
    outer loop
      vertex 24.6684 -30.217 8
      vertex 4.09516 -20.5878 8
      vertex 24.8752 -30.5621 8
    endloop
  endfacet
  facet normal -0 0 1
    outer loop
      vertex 4.09376 -20.588 8
      vertex 24.8752 -30.5621 8
      vertex 4.09516 -20.5878 8
    endloop
  endfacet
  facet normal -0 0 1
    outer loop
      vertex 2.05749 -20.89 8
      vertex 24.8752 -30.5621 8
      vertex 4.09376 -20.588 8
    endloop
  endfacet
  facet normal 0 0 1
    outer loop
      vertex 24.8752 -30.5621 8
      vertex 2.05749 -20.89 8
      vertex 25.1149 -30.8853 8
    endloop
  endfacet
  facet normal -0 0 1
    outer loop
      vertex 2.05607 -20.8901 8
      vertex 25.1149 -30.8853 8
      vertex 2.05749 -20.89 8
    endloop
  endfacet
  facet normal 0 0 1
    outer loop
      vertex 25.1149 -30.8853 8
      vertex 2.05607 -20.8901 8
      vertex 25.3851 -31.1834 8
    endloop
  endfacet
  facet normal -0 0 1
    outer loop
      vertex 0 -20.9911 8
      vertex 25.3851 -31.1834 8
      vertex 2.05607 -20.8901 8
    endloop
  endfacet
  facet normal 0 0 1
    outer loop
      vertex -25.3851 -31.1834 8
      vertex 25.3851 -31.1834 8
      vertex 0 -20.9911 8
    endloop
  endfacet
  facet normal 0 0 1
    outer loop
      vertex -25.3851 -31.1834 8
      vertex 0 -20.9911 8
      vertex -2.05607 -20.8901 8
    endloop
  endfacet
  facet normal 0 0 1
    outer loop
      vertex -25.1149 -30.8853 8
      vertex -2.05607 -20.8901 8
      vertex -2.05749 -20.89 8
    endloop
  endfacet
  facet normal 0 0 1
    outer loop
      vertex -24.8752 -30.5621 8
      vertex -2.05749 -20.89 8
      vertex -4.09376 -20.588 8
    endloop
  endfacet
  facet normal 0 0 1
    outer loop
      vertex -24.8752 -30.5621 8
      vertex -4.09376 -20.588 8
      vertex -4.09516 -20.5878 8
    endloop
  endfacet
  facet normal 0 0 1
    outer loop
      vertex -24.6684 -30.217 8
      vertex -4.09516 -20.5878 8
      vertex -4.09654 -20.5874 8
    endloop
  endfacet
  facet normal 0 0 1
    outer loop
      vertex -24.4964 -29.8533 8
      vertex -4.09654 -20.5874 8
      vertex -6.0934 -20.0872 8
    endloop
  endfacet
  facet normal 0 0 1
    outer loop
      vertex -24.3608 -29.4744 8
      vertex -6.0934 -20.0872 8
      vertex -6.09473 -20.0868 8
    endloop
  endfacet
  facet normal 0 0 1
    outer loop
      vertex -24.2631 -29.0841 8
      vertex -6.09473 -20.0868 8
      vertex -8.03295 -19.3933 8
    endloop
  endfacet
  facet normal 0 0 1
    outer loop
      vertex -24.204 -28.6861 8
      vertex -8.03295 -19.3933 8
      vertex -8.03423 -19.3927 8
    endloop
  endfacet
  facet normal 0 0 1
    outer loop
      vertex -24.1843 -28.2843 8
      vertex -8.03423 -19.3927 8
      vertex -9.89514 -18.5125 8
    endloop
  endfacet
  facet normal 0 0 1
    outer loop
      vertex -24.1843 -28.2843 8
      vertex -19.3927 -8.03423 8
      vertex -19.3933 -8.03295 8
    endloop
  endfacet
  facet normal 0 0 1
    outer loop
      vertex -24.1843 -28.2843 8
      vertex -20.588 -4.09376 8
      vertex -20.89 -2.05749 8
    endloop
  endfacet
  facet normal -0 0 1
    outer loop
      vertex -27.0941 24.3608 8
      vertex -17.4535 11.662 8
      vertex -26.7153 24.4964 8
    endloop
  endfacet
  facet normal 0 0 1
    outer loop
      vertex -20.9911 0 8
      vertex -24.1843 -28.2843 8
      vertex -20.8901 -2.05607 8
    endloop
  endfacet
  facet normal 0 0 1
    outer loop
      vertex -20.8901 -2.05607 8
      vertex -24.1843 -28.2843 8
      vertex -20.89 -2.05749 8
    endloop
  endfacet
  facet normal 0 0 1
    outer loop
      vertex -20.588 -4.09376 8
      vertex -24.1843 -28.2843 8
      vertex -20.5878 -4.09516 8
    endloop
  endfacet
  facet normal 0 0 1
    outer loop
      vertex -24.1843 -28.2843 8
      vertex -20.5874 -4.09654 8
      vertex -20.5878 -4.09516 8
    endloop
  endfacet
  facet normal 0 0 1
    outer loop
      vertex -24.1843 -28.2843 8
      vertex -20.0872 -6.0934 8
      vertex -20.5874 -4.09654 8
    endloop
  endfacet
  facet normal 0 0 1
    outer loop
      vertex -24.1843 -28.2843 8
      vertex -20.0868 -6.09473 8
      vertex -20.0872 -6.0934 8
    endloop
  endfacet
  facet normal 0 0 1
    outer loop
      vertex -24.1843 -28.2843 8
      vertex -19.3933 -8.03295 8
      vertex -20.0868 -6.09473 8
    endloop
  endfacet
  facet normal 0 0 1
    outer loop
      vertex -19.3927 -8.03423 8
      vertex -24.1843 -28.2843 8
      vertex -18.5125 -9.89514 8
    endloop
  endfacet
  facet normal 0 0 1
    outer loop
      vertex -24.1843 -28.2843 8
      vertex -18.5118 -9.89636 8
      vertex -18.5125 -9.89514 8
    endloop
  endfacet
  facet normal 0 0 1
    outer loop
      vertex -24.1843 -28.2843 8
      vertex -17.4535 -11.662 8
      vertex -18.5118 -9.89636 8
    endloop
  endfacet
  facet normal 0 0 1
    outer loop
      vertex -24.1843 -28.2843 8
      vertex -16.2272 -13.3155 8
      vertex -17.4535 -11.662 8
    endloop
  endfacet
  facet normal 0 0 1
    outer loop
      vertex -24.1843 -28.2843 8
      vertex -16.2263 -13.3166 8
      vertex -16.2272 -13.3155 8
    endloop
  endfacet
  facet normal 0 0 1
    outer loop
      vertex -24.1843 -28.2843 8
      vertex -14.8439 -14.8419 8
      vertex -16.2263 -13.3166 8
    endloop
  endfacet
  facet normal 0 0 1
    outer loop
      vertex -24.1843 -28.2843 8
      vertex -14.843 -14.843 8
      vertex -14.8439 -14.8419 8
    endloop
  endfacet
  facet normal 0 0 1
    outer loop
      vertex -24.1843 -28.2843 8
      vertex -14.8419 -14.8439 8
      vertex -14.843 -14.843 8
    endloop
  endfacet
  facet normal 0 0 1
    outer loop
      vertex -24.1843 -28.2843 8
      vertex -13.3166 -16.2263 8
      vertex -14.8419 -14.8439 8
    endloop
  endfacet
  facet normal 0 0 1
    outer loop
      vertex -24.1843 -28.2843 8
      vertex -13.3155 -16.2272 8
      vertex -13.3166 -16.2263 8
    endloop
  endfacet
  facet normal 0 0 1
    outer loop
      vertex -24.1843 -28.2843 8
      vertex -11.662 -17.4535 8
      vertex -13.3155 -16.2272 8
    endloop
  endfacet
  facet normal 0 0 1
    outer loop
      vertex -24.1843 -28.2843 8
      vertex -9.89636 -18.5118 8
      vertex -11.662 -17.4535 8
    endloop
  endfacet
  facet normal 0 0 1
    outer loop
      vertex -24.1843 -28.2843 8
      vertex -9.89514 -18.5125 8
      vertex -9.89636 -18.5118 8
    endloop
  endfacet
  facet normal 0 0 1
    outer loop
      vertex -8.03423 -19.3927 8
      vertex -24.1843 -28.2843 8
      vertex -24.204 -28.6861 8
    endloop
  endfacet
  facet normal 0 0 1
    outer loop
      vertex -8.03295 -19.3933 8
      vertex -24.204 -28.6861 8
      vertex -24.2631 -29.0841 8
    endloop
  endfacet
  facet normal 0 0 1
    outer loop
      vertex -6.09473 -20.0868 8
      vertex -24.2631 -29.0841 8
      vertex -24.3608 -29.4744 8
    endloop
  endfacet
  facet normal 0 0 1
    outer loop
      vertex -6.0934 -20.0872 8
      vertex -24.3608 -29.4744 8
      vertex -24.4964 -29.8533 8
    endloop
  endfacet
  facet normal 0 0 1
    outer loop
      vertex -4.09654 -20.5874 8
      vertex -24.4964 -29.8533 8
      vertex -24.6684 -30.217 8
    endloop
  endfacet
  facet normal 0 0 1
    outer loop
      vertex -4.09516 -20.5878 8
      vertex -24.6684 -30.217 8
      vertex -24.8752 -30.5621 8
    endloop
  endfacet
  facet normal 0 0 1
    outer loop
      vertex -2.05749 -20.89 8
      vertex -24.8752 -30.5621 8
      vertex -25.1149 -30.8853 8
    endloop
  endfacet
  facet normal 0 0 1
    outer loop
      vertex -2.05607 -20.8901 8
      vertex -25.1149 -30.8853 8
      vertex -25.3851 -31.1834 8
    endloop
  endfacet
  facet normal 0 0 1
    outer loop
      vertex 25.3851 -31.1834 8
      vertex -25.3851 -31.1834 8
      vertex -25.6833 -31.4536 8
    endloop
  endfacet
  facet normal 0 0 1
    outer loop
      vertex 25.6833 -31.4536 8
      vertex -25.6833 -31.4536 8
      vertex -26.0064 -31.6933 8
    endloop
  endfacet
  facet normal 0 0 1
    outer loop
      vertex 26.0064 -31.6933 8
      vertex -26.0064 -31.6933 8
      vertex 44 -50 8
    endloop
  endfacet
  facet normal -0 0 1
    outer loop
      vertex -26.3515 -31.9001 8
      vertex 44 -50 8
      vertex -26.0064 -31.6933 8
    endloop
  endfacet
  facet normal 0 0 1
    outer loop
      vertex -44 -50 8
      vertex -26.3515 -31.9001 8
      vertex -26.7153 -32.0722 8
    endloop
  endfacet
  facet normal 0 0 1
    outer loop
      vertex -44 -50 8
      vertex -26.7153 -32.0722 8
      vertex -27.0941 -32.2077 8
    endloop
  endfacet
  facet normal 0 0 1
    outer loop
      vertex -44 -50 8
      vertex -27.0941 -32.2077 8
      vertex -27.4844 -32.3055 8
    endloop
  endfacet
  facet normal 0 0 1
    outer loop
      vertex -44 -50 8
      vertex -27.4844 -32.3055 8
      vertex -27.8824 -32.3645 8
    endloop
  endfacet
  facet normal 0 0 1
    outer loop
      vertex -44 -50 8
      vertex -27.8824 -32.3645 8
      vertex -28.2843 -32.3843 8
    endloop
  endfacet
  facet normal 0 0 1
    outer loop
      vertex -44 -50 8
      vertex -28.2843 -32.3843 8
      vertex -28.6861 -32.3645 8
    endloop
  endfacet
  facet normal 0 0 1
    outer loop
      vertex -44 -50 8
      vertex -28.6861 -32.3645 8
      vertex -29.0841 -32.3055 8
    endloop
  endfacet
  facet normal 0 0 1
    outer loop
      vertex -32.3055 -27.4844 8
      vertex -50 -44 8
      vertex -32.3645 -27.8824 8
    endloop
  endfacet
  facet normal 0 0 1
    outer loop
      vertex -26.3515 -31.9001 8
      vertex -44 -50 8
      vertex 44 -50 8
    endloop
  endfacet
  facet normal 0 0 1
    outer loop
      vertex -29.4744 -32.2077 8
      vertex -44 -50 8
      vertex -29.0841 -32.3055 8
    endloop
  endfacet
  facet normal 0 0 1
    outer loop
      vertex -29.8533 -32.0722 8
      vertex -44 -50 8
      vertex -29.4744 -32.2077 8
    endloop
  endfacet
  facet normal 0 0 1
    outer loop
      vertex -30.217 -31.9001 8
      vertex -44 -50 8
      vertex -29.8533 -32.0722 8
    endloop
  endfacet
  facet normal 0 0 1
    outer loop
      vertex -30.5621 -31.6933 8
      vertex -44 -50 8
      vertex -30.217 -31.9001 8
    endloop
  endfacet
  facet normal 0 0 1
    outer loop
      vertex -30.8853 -31.4536 8
      vertex -44 -50 8
      vertex -30.5621 -31.6933 8
    endloop
  endfacet
  facet normal 0 0 1
    outer loop
      vertex -31.1834 -31.1834 8
      vertex -44 -50 8
      vertex -30.8853 -31.4536 8
    endloop
  endfacet
  facet normal 0 0 1
    outer loop
      vertex -50 -44 8
      vertex -31.1834 -31.1834 8
      vertex -31.4536 -30.8853 8
    endloop
  endfacet
  facet normal 0 0 1
    outer loop
      vertex -50 -44 8
      vertex -31.4536 -30.8853 8
      vertex -31.6933 -30.5621 8
    endloop
  endfacet
  facet normal 0 0 1
    outer loop
      vertex -50 -44 8
      vertex -31.6933 -30.5621 8
      vertex -31.9001 -30.217 8
    endloop
  endfacet
  facet normal 0 0 1
    outer loop
      vertex -50 -44 8
      vertex -31.9001 -30.217 8
      vertex -32.0722 -29.8533 8
    endloop
  endfacet
  facet normal 0 0 1
    outer loop
      vertex -50 -44 8
      vertex -32.0722 -29.8533 8
      vertex -32.2077 -29.4744 8
    endloop
  endfacet
  facet normal 0 0 1
    outer loop
      vertex -50 -44 8
      vertex -32.2077 -29.4744 8
      vertex -32.3055 -29.0841 8
    endloop
  endfacet
  facet normal 0 0 1
    outer loop
      vertex -50 -44 8
      vertex -32.3055 -29.0841 8
      vertex -32.3645 -28.6861 8
    endloop
  endfacet
  facet normal 0 0 1
    outer loop
      vertex -32.3645 -27.8824 8
      vertex -50 -44 8
      vertex -32.3843 -28.2843 8
    endloop
  endfacet
  facet normal 0 0 1
    outer loop
      vertex -50 44 8
      vertex -44 50 8
      vertex -44.5881 49.9711 8
    endloop
  endfacet
  facet normal 0 0 1
    outer loop
      vertex -32.3843 -28.2843 8
      vertex -50 -44 8
      vertex -32.3645 -28.6861 8
    endloop
  endfacet
  facet normal 0 0 1
    outer loop
      vertex -50 44 8
      vertex -44.5881 49.9711 8
      vertex -45.1705 49.8847 8
    endloop
  endfacet
  facet normal 0 0 1
    outer loop
      vertex -31.1834 -31.1834 8
      vertex -50 -44 8
      vertex -44 -50 8
    endloop
  endfacet
  facet normal 0 0 1
    outer loop
      vertex -50 44 8
      vertex -45.1705 49.8847 8
      vertex -45.7417 49.7416 8
    endloop
  endfacet
  facet normal 0 0 1
    outer loop
      vertex -44 -50 8
      vertex -50 -44 8
      vertex -44.5881 -49.9711 8
    endloop
  endfacet
  facet normal 0 0 1
    outer loop
      vertex -50 44 8
      vertex -45.7417 49.7416 8
      vertex -46.2961 49.5433 8
    endloop
  endfacet
  facet normal 0 0 1
    outer loop
      vertex -44.5881 -49.9711 8
      vertex -50 -44 8
      vertex -45.1705 -49.8847 8
    endloop
  endfacet
  facet normal 0 0 1
    outer loop
      vertex -50 44 8
      vertex -46.2961 49.5433 8
      vertex -46.8284 49.2915 8
    endloop
  endfacet
  facet normal 0 0 1
    outer loop
      vertex -45.1705 -49.8847 8
      vertex -50 -44 8
      vertex -45.7417 -49.7416 8
    endloop
  endfacet
  facet normal 0 0 1
    outer loop
      vertex -50 44 8
      vertex -46.8284 49.2915 8
      vertex -47.3334 48.9888 8
    endloop
  endfacet
  facet normal 0 0 1
    outer loop
      vertex -45.7417 -49.7416 8
      vertex -50 -44 8
      vertex -46.2961 -49.5433 8
    endloop
  endfacet
  facet normal 0 0 1
    outer loop
      vertex -50 44 8
      vertex -47.3334 48.9888 8
      vertex -47.8064 48.6381 8
    endloop
  endfacet
  facet normal 0 0 1
    outer loop
      vertex -46.2961 -49.5433 8
      vertex -50 -44 8
      vertex -46.8284 -49.2915 8
    endloop
  endfacet
  facet normal 0 0 1
    outer loop
      vertex -50 44 8
      vertex -47.8064 48.6381 8
      vertex -48.2426 48.2426 8
    endloop
  endfacet
  facet normal 0 0 1
    outer loop
      vertex -46.8284 -49.2915 8
      vertex -50 -44 8
      vertex -47.3334 -48.9888 8
    endloop
  endfacet
  facet normal 0 0 1
    outer loop
      vertex -50 44 8
      vertex -48.2426 48.2426 8
      vertex -48.6381 47.8064 8
    endloop
  endfacet
  facet normal 0 0 1
    outer loop
      vertex -47.3334 -48.9888 8
      vertex -50 -44 8
      vertex -47.8064 -48.6381 8
    endloop
  endfacet
  facet normal 0 0 1
    outer loop
      vertex -50 44 8
      vertex -48.6381 47.8064 8
      vertex -48.9888 47.3334 8
    endloop
  endfacet
  facet normal 0 0 1
    outer loop
      vertex -47.8064 -48.6381 8
      vertex -50 -44 8
      vertex -48.2426 -48.2426 8
    endloop
  endfacet
  facet normal 0 0 1
    outer loop
      vertex -50 44 8
      vertex -48.9888 47.3334 8
      vertex -49.2915 46.8284 8
    endloop
  endfacet
  facet normal 0 0 1
    outer loop
      vertex -48.2426 -48.2426 8
      vertex -50 -44 8
      vertex -48.6381 -47.8064 8
    endloop
  endfacet
  facet normal 0 0 1
    outer loop
      vertex -50 44 8
      vertex -49.2915 46.8284 8
      vertex -49.5433 46.2961 8
    endloop
  endfacet
  facet normal 0 0 1
    outer loop
      vertex -48.6381 -47.8064 8
      vertex -50 -44 8
      vertex -48.9888 -47.3334 8
    endloop
  endfacet
  facet normal 0 0 1
    outer loop
      vertex -50 44 8
      vertex -49.5433 46.2961 8
      vertex -49.7416 45.7417 8
    endloop
  endfacet
  facet normal 0 0 1
    outer loop
      vertex -48.9888 -47.3334 8
      vertex -50 -44 8
      vertex -49.2915 -46.8284 8
    endloop
  endfacet
  facet normal 0 0 1
    outer loop
      vertex -50 44 8
      vertex -49.7416 45.7417 8
      vertex -49.8847 45.1705 8
    endloop
  endfacet
  facet normal 0 0 1
    outer loop
      vertex -49.2915 -46.8284 8
      vertex -50 -44 8
      vertex -49.5433 -46.2961 8
    endloop
  endfacet
  facet normal 0 0 1
    outer loop
      vertex -50 44 8
      vertex -49.8847 45.1705 8
      vertex -49.9711 44.5881 8
    endloop
  endfacet
  facet normal 0 0 1
    outer loop
      vertex -49.5433 -46.2961 8
      vertex -50 -44 8
      vertex -49.7416 -45.7417 8
    endloop
  endfacet
  facet normal 0 0 1
    outer loop
      vertex -49.7416 -45.7417 8
      vertex -50 -44 8
      vertex -49.8847 -45.1705 8
    endloop
  endfacet
  facet normal 0 0 1
    outer loop
      vertex -49.8847 -45.1705 8
      vertex -50 -44 8
      vertex -49.9711 -44.5881 8
    endloop
  endfacet
  facet normal 0.903962 0.427612 0
    outer loop
      vertex 49.5433 46.2961 8
      vertex 49.2915 46.8284 0
      vertex 49.2915 46.8284 8
    endloop
  endfacet
  facet normal 0.903962 0.427612 0
    outer loop
      vertex 49.2915 46.8284 0
      vertex 49.5433 46.2961 8
      vertex 49.5433 46.2961 0
    endloop
  endfacet
  facet normal 0.514121 -0.857718 0
    outer loop
      vertex 46.8284 -49.2915 0
      vertex 47.3334 -48.9888 8
      vertex 46.8284 -49.2915 8
    endloop
  endfacet
  facet normal 0.514121 -0.857718 0
    outer loop
      vertex 47.3334 -48.9888 8
      vertex 46.8284 -49.2915 0
      vertex 47.3334 -48.9888 0
    endloop
  endfacet
  facet normal 0.146746 -0.989174 0
    outer loop
      vertex 44.5881 -49.9711 0
      vertex 45.1705 -49.8847 8
      vertex 44.5881 -49.9711 8
    endloop
  endfacet
  facet normal 0.146746 -0.989174 0
    outer loop
      vertex 45.1705 -49.8847 8
      vertex 44.5881 -49.9711 0
      vertex 45.1705 -49.8847 0
    endloop
  endfacet
  facet normal 0.94158 -0.336788 0
    outer loop
      vertex 49.5433 -46.2961 8
      vertex 49.7416 -45.7417 0
      vertex 49.7416 -45.7417 8
    endloop
  endfacet
  facet normal 0.94158 -0.336788 0
    outer loop
      vertex 49.7416 -45.7417 0
      vertex 49.5433 -46.2961 8
      vertex 49.5433 -46.2961 0
    endloop
  endfacet
  facet normal 0.989174 0.146746 0
    outer loop
      vertex 49.9711 44.5881 8
      vertex 49.8847 45.1705 0
      vertex 49.8847 45.1705 8
    endloop
  endfacet
  facet normal 0.989174 0.146746 0
    outer loop
      vertex 49.8847 45.1705 0
      vertex 49.9711 44.5881 8
      vertex 49.9711 44.5881 0
    endloop
  endfacet
  facet normal 0.857718 -0.514121 0
    outer loop
      vertex 48.9888 -47.3334 8
      vertex 49.2915 -46.8284 0
      vertex 49.2915 -46.8284 8
    endloop
  endfacet
  facet normal 0.857718 -0.514121 0
    outer loop
      vertex 49.2915 -46.8284 0
      vertex 48.9888 -47.3334 8
      vertex 48.9888 -47.3334 0
    endloop
  endfacet
  facet normal 0.998795 0.0490821 0
    outer loop
      vertex 50 44 8
      vertex 49.9711 44.5881 0
      vertex 49.9711 44.5881 8
    endloop
  endfacet
  facet normal 0.998795 0.0490821 0
    outer loop
      vertex 49.9711 44.5881 0
      vertex 50 44 8
      vertex 50 44 0
    endloop
  endfacet
  facet normal 0.6717 -0.740823 0
    outer loop
      vertex 47.8064 -48.6381 0
      vertex 48.2426 -48.2426 8
      vertex 47.8064 -48.6381 8
    endloop
  endfacet
  facet normal 0.6717 -0.740823 0
    outer loop
      vertex 48.2426 -48.2426 8
      vertex 47.8064 -48.6381 0
      vertex 48.2426 -48.2426 0
    endloop
  endfacet
  facet normal -0.903962 0.427612 0
    outer loop
      vertex -49.5433 46.2961 0
      vertex -49.2915 46.8284 8
      vertex -49.2915 46.8284 0
    endloop
  endfacet
  facet normal -0.903962 0.427612 0
    outer loop
      vertex -49.2915 46.8284 8
      vertex -49.5433 46.2961 0
      vertex -49.5433 46.2961 8
    endloop
  endfacet
  facet normal -0.740823 0.6717 0
    outer loop
      vertex -48.6381 47.8064 0
      vertex -48.2426 48.2426 8
      vertex -48.2426 48.2426 0
    endloop
  endfacet
  facet normal -0.740823 0.6717 0
    outer loop
      vertex -48.2426 48.2426 8
      vertex -48.6381 47.8064 0
      vertex -48.6381 47.8064 8
    endloop
  endfacet
  facet normal -0.514121 0.857718 0
    outer loop
      vertex -46.8284 49.2915 0
      vertex -47.3334 48.9888 8
      vertex -46.8284 49.2915 8
    endloop
  endfacet
  facet normal -0.514121 0.857718 0
    outer loop
      vertex -47.3334 48.9888 8
      vertex -46.8284 49.2915 0
      vertex -47.3334 48.9888 0
    endloop
  endfacet
  facet normal 0.803289 0.595589 0
    outer loop
      vertex 48.9888 47.3334 8
      vertex 48.6381 47.8064 0
      vertex 48.6381 47.8064 8
    endloop
  endfacet
  facet normal 0.803289 0.595589 0
    outer loop
      vertex 48.6381 47.8064 0
      vertex 48.9888 47.3334 8
      vertex 48.9888 47.3334 0
    endloop
  endfacet
  facet normal 0.94158 0.336788 0
    outer loop
      vertex 49.7416 45.7417 8
      vertex 49.5433 46.2961 0
      vertex 49.5433 46.2961 8
    endloop
  endfacet
  facet normal 0.94158 0.336788 0
    outer loop
      vertex 49.5433 46.2961 0
      vertex 49.7416 45.7417 8
      vertex 49.7416 45.7417 0
    endloop
  endfacet
  facet normal 0 0 -1
    outer loop
      vertex 26.2999 -27.2236 0
      vertex -26.2999 -27.2236 0
      vertex 26.4135 -27.0342 0
    endloop
  endfacet
  facet normal 0 0 -1
    outer loop
      vertex 26.6933 26.6933 0
      vertex -26.0451 28.0637 0
      vertex -26.0343 28.2843 0
    endloop
  endfacet
  facet normal 0 0 -1
    outer loop
      vertex -26.4135 -27.0342 0
      vertex 26.4135 -27.0342 0
      vertex -26.2999 -27.2236 0
    endloop
  endfacet
  facet normal 0 0 -1
    outer loop
      vertex 26.6933 26.6933 0
      vertex -26.0775 27.8453 0
      vertex -26.0451 28.0637 0
    endloop
  endfacet
  facet normal 0 0 -1
    outer loop
      vertex 26.4135 -27.0342 0
      vertex -26.4135 -27.0342 0
      vertex 26.545 -26.8569 0
    endloop
  endfacet
  facet normal 0 0 -1
    outer loop
      vertex 26.6933 26.6933 0
      vertex -26.1312 27.6311 0
      vertex -26.0775 27.8453 0
    endloop
  endfacet
  facet normal 0 0 -1
    outer loop
      vertex -26.545 -26.8569 0
      vertex 26.545 -26.8569 0
      vertex -26.4135 -27.0342 0
    endloop
  endfacet
  facet normal 0 0 -1
    outer loop
      vertex 26.6933 26.6933 0
      vertex -26.2055 27.4232 0
      vertex -26.1312 27.6311 0
    endloop
  endfacet
  facet normal 0 0 -1
    outer loop
      vertex 26.545 -26.8569 0
      vertex -26.545 -26.8569 0
      vertex 26.6933 -26.6933 0
    endloop
  endfacet
  facet normal 0 0 -1
    outer loop
      vertex 26.6933 26.6933 0
      vertex -26.2999 27.2236 0
      vertex -26.2055 27.4232 0
    endloop
  endfacet
  facet normal 0 0 -1
    outer loop
      vertex -26.6933 -26.6933 0
      vertex 26.6933 -26.6933 0
      vertex -26.545 -26.8569 0
    endloop
  endfacet
  facet normal 0 0 -1
    outer loop
      vertex 26.6933 26.6933 0
      vertex -26.4135 27.0342 0
      vertex -26.2999 27.2236 0
    endloop
  endfacet
  facet normal 0 0 -1
    outer loop
      vertex 26.6933 -26.6933 0
      vertex -26.6933 -26.6933 0
      vertex 26.6933 26.6933 0
    endloop
  endfacet
  facet normal 0 0 -1
    outer loop
      vertex 26.6933 26.6933 0
      vertex -26.545 26.8569 0
      vertex -26.4135 27.0342 0
    endloop
  endfacet
  facet normal 0 0 -1
    outer loop
      vertex -26.6933 26.6933 0
      vertex 26.6933 26.6933 0
      vertex -26.6933 -26.6933 0
    endloop
  endfacet
  facet normal 0 0 -1
    outer loop
      vertex 26.6933 26.6933 0
      vertex -26.6933 26.6933 0
      vertex -26.545 26.8569 0
    endloop
  endfacet
  facet normal 0 0 -1
    outer loop
      vertex -26.8569 -26.545 0
      vertex -26.6933 26.6933 0
      vertex -26.6933 -26.6933 0
    endloop
  endfacet
  facet normal 0 0 -1
    outer loop
      vertex -26.8569 -26.545 0
      vertex -26.8569 26.545 0
      vertex -26.6933 26.6933 0
    endloop
  endfacet
  facet normal 0 0 -1
    outer loop
      vertex -27.0342 -26.4135 0
      vertex -26.8569 26.545 0
      vertex -26.8569 -26.545 0
    endloop
  endfacet
  facet normal 0 0 -1
    outer loop
      vertex -27.0342 -26.4135 0
      vertex -27.0342 26.4135 0
      vertex -26.8569 26.545 0
    endloop
  endfacet
  facet normal 0 0 -1
    outer loop
      vertex -27.2236 -26.2999 0
      vertex -27.0342 26.4135 0
      vertex -27.0342 -26.4135 0
    endloop
  endfacet
  facet normal 0 0 -1
    outer loop
      vertex -27.2236 -26.2999 0
      vertex -27.2236 26.2999 0
      vertex -27.0342 26.4135 0
    endloop
  endfacet
  facet normal 0 0 -1
    outer loop
      vertex -27.4232 -26.2055 0
      vertex -27.2236 26.2999 0
      vertex -27.2236 -26.2999 0
    endloop
  endfacet
  facet normal 0 0 -1
    outer loop
      vertex -27.4232 -26.2055 0
      vertex -27.4232 26.2055 0
      vertex -27.2236 26.2999 0
    endloop
  endfacet
  facet normal 0 0 -1
    outer loop
      vertex -27.6311 -26.1312 0
      vertex -27.4232 26.2055 0
      vertex -27.4232 -26.2055 0
    endloop
  endfacet
  facet normal 0 0 -1
    outer loop
      vertex -27.6311 -26.1312 0
      vertex -27.6311 26.1312 0
      vertex -27.4232 26.2055 0
    endloop
  endfacet
  facet normal 0 0 -1
    outer loop
      vertex -27.8453 -26.0775 0
      vertex -27.6311 26.1312 0
      vertex -27.6311 -26.1312 0
    endloop
  endfacet
  facet normal 0 0 -1
    outer loop
      vertex -27.8453 -26.0775 0
      vertex -27.8453 26.0775 0
      vertex -27.6311 26.1312 0
    endloop
  endfacet
  facet normal 0 0 -1
    outer loop
      vertex -28.0637 -26.0451 0
      vertex -27.8453 26.0775 0
      vertex -27.8453 -26.0775 0
    endloop
  endfacet
  facet normal 0 0 -1
    outer loop
      vertex -28.0637 -26.0451 0
      vertex -28.0637 26.0451 0
      vertex -27.8453 26.0775 0
    endloop
  endfacet
  facet normal 0 0 -1
    outer loop
      vertex -28.2843 -26.0343 0
      vertex -28.0637 26.0451 0
      vertex -28.0637 -26.0451 0
    endloop
  endfacet
  facet normal 0 0 -1
    outer loop
      vertex -28.2843 -26.0343 0
      vertex -28.2843 26.0343 0
      vertex -28.0637 26.0451 0
    endloop
  endfacet
  facet normal 0 0 -1
    outer loop
      vertex -28.5048 -26.0451 0
      vertex -28.2843 26.0343 0
      vertex -28.2843 -26.0343 0
    endloop
  endfacet
  facet normal 0 0 -1
    outer loop
      vertex -28.5048 -26.0451 0
      vertex -28.5048 26.0451 0
      vertex -28.2843 26.0343 0
    endloop
  endfacet
  facet normal 0 0 -1
    outer loop
      vertex -28.7232 -26.0775 0
      vertex -28.5048 26.0451 0
      vertex -28.5048 -26.0451 0
    endloop
  endfacet
  facet normal 0 0 -1
    outer loop
      vertex -28.7232 -26.0775 0
      vertex -28.7232 26.0775 0
      vertex -28.5048 26.0451 0
    endloop
  endfacet
  facet normal 0 0 -1
    outer loop
      vertex -28.9374 -26.1312 0
      vertex -28.7232 26.0775 0
      vertex -28.7232 -26.0775 0
    endloop
  endfacet
  facet normal 0 0 -1
    outer loop
      vertex -28.9374 -26.1312 0
      vertex -28.9374 26.1312 0
      vertex -28.7232 26.0775 0
    endloop
  endfacet
  facet normal 0 0 -1
    outer loop
      vertex -29.1453 -26.2055 0
      vertex -28.9374 26.1312 0
      vertex -28.9374 -26.1312 0
    endloop
  endfacet
  facet normal 0 0 -1
    outer loop
      vertex -29.1453 -26.2055 0
      vertex -29.1453 26.2055 0
      vertex -28.9374 26.1312 0
    endloop
  endfacet
  facet normal 0 0 -1
    outer loop
      vertex -29.3449 -26.2999 0
      vertex -29.1453 26.2055 0
      vertex -29.1453 -26.2055 0
    endloop
  endfacet
  facet normal 0 0 -1
    outer loop
      vertex -29.3449 -26.2999 0
      vertex -29.3449 26.2999 0
      vertex -29.1453 26.2055 0
    endloop
  endfacet
  facet normal 0 0 -1
    outer loop
      vertex -29.5343 -26.4135 0
      vertex -29.3449 26.2999 0
      vertex -29.3449 -26.2999 0
    endloop
  endfacet
  facet normal 0 0 -1
    outer loop
      vertex -29.5343 -26.4135 0
      vertex -29.5343 26.4135 0
      vertex -29.3449 26.2999 0
    endloop
  endfacet
  facet normal 0 0 -1
    outer loop
      vertex -29.7117 -26.545 0
      vertex -29.5343 26.4135 0
      vertex -29.5343 -26.4135 0
    endloop
  endfacet
  facet normal 0 0 -1
    outer loop
      vertex -29.7117 -26.545 0
      vertex -29.7117 26.545 0
      vertex -29.5343 26.4135 0
    endloop
  endfacet
  facet normal 0 0 -1
    outer loop
      vertex -29.8753 -26.6933 0
      vertex -29.7117 26.545 0
      vertex -29.7117 -26.545 0
    endloop
  endfacet
  facet normal 0 0 -1
    outer loop
      vertex -29.8753 -26.6933 0
      vertex -29.8753 26.6933 0
      vertex -29.7117 26.545 0
    endloop
  endfacet
  facet normal 0 0 -1
    outer loop
      vertex -30.0235 -26.8569 0
      vertex -29.8753 26.6933 0
      vertex -29.8753 -26.6933 0
    endloop
  endfacet
  facet normal 0 0 -1
    outer loop
      vertex -30.0235 -26.8569 0
      vertex -30.0235 26.8569 0
      vertex -29.8753 26.6933 0
    endloop
  endfacet
  facet normal 0 0 -1
    outer loop
      vertex -30.1551 -27.0342 0
      vertex -30.0235 26.8569 0
      vertex -30.0235 -26.8569 0
    endloop
  endfacet
  facet normal 0 0 -1
    outer loop
      vertex -30.1551 -27.0342 0
      vertex -30.1551 27.0342 0
      vertex -30.0235 26.8569 0
    endloop
  endfacet
  facet normal 0 0 -1
    outer loop
      vertex -50 -44 0
      vertex -30.1551 -27.0342 0
      vertex -30.2686 -27.2236 0
    endloop
  endfacet
  facet normal -0 0 -1
    outer loop
      vertex -30.1551 -27.0342 0
      vertex -50 -44 0
      vertex -30.1551 27.0342 0
    endloop
  endfacet
  facet normal 0 0 -1
    outer loop
      vertex -50 -44 0
      vertex -30.2686 -27.2236 0
      vertex -30.363 -27.4232 0
    endloop
  endfacet
  facet normal 0 0 -1
    outer loop
      vertex -50 44 0
      vertex -30.1551 27.0342 0
      vertex -50 -44 0
    endloop
  endfacet
  facet normal 0 0 -1
    outer loop
      vertex -50 -44 0
      vertex -30.363 -27.4232 0
      vertex -30.4374 -27.6311 0
    endloop
  endfacet
  facet normal 0 0 -1
    outer loop
      vertex -30.1551 27.0342 0
      vertex -50 44 0
      vertex -30.2686 27.2236 0
    endloop
  endfacet
  facet normal 0 0 -1
    outer loop
      vertex -50 -44 0
      vertex -30.4374 -27.6311 0
      vertex -30.491 -27.8453 0
    endloop
  endfacet
  facet normal 0 0 -1
    outer loop
      vertex -30.2686 27.2236 0
      vertex -50 44 0
      vertex -30.363 27.4232 0
    endloop
  endfacet
  facet normal 0 0 -1
    outer loop
      vertex -50 -44 0
      vertex -30.491 -27.8453 0
      vertex -30.5234 -28.0637 0
    endloop
  endfacet
  facet normal 0 0 -1
    outer loop
      vertex -30.363 27.4232 0
      vertex -50 44 0
      vertex -30.4374 27.6311 0
    endloop
  endfacet
  facet normal 0 0 -1
    outer loop
      vertex -50 -44 0
      vertex -30.5234 -28.0637 0
      vertex -30.5343 -28.2843 0
    endloop
  endfacet
  facet normal 0 0 -1
    outer loop
      vertex -30.4374 27.6311 0
      vertex -50 44 0
      vertex -30.491 27.8453 0
    endloop
  endfacet
  facet normal 0 0 -1
    outer loop
      vertex 30.4374 -27.6311 0
      vertex 50 -44 0
      vertex 30.491 -27.8453 0
    endloop
  endfacet
  facet normal 0 0 -1
    outer loop
      vertex 50 44 0
      vertex 30.5234 28.0637 0
      vertex 30.5343 28.2843 0
    endloop
  endfacet
  facet normal 0 0 -1
    outer loop
      vertex 30.363 -27.4232 0
      vertex 50 -44 0
      vertex 30.4374 -27.6311 0
    endloop
  endfacet
  facet normal 0 0 -1
    outer loop
      vertex 50 44 0
      vertex 30.491 27.8453 0
      vertex 30.5234 28.0637 0
    endloop
  endfacet
  facet normal 0 0 -1
    outer loop
      vertex 30.2686 -27.2236 0
      vertex 50 -44 0
      vertex 30.363 -27.4232 0
    endloop
  endfacet
  facet normal 0 0 -1
    outer loop
      vertex 50 44 0
      vertex 30.4374 27.6311 0
      vertex 30.491 27.8453 0
    endloop
  endfacet
  facet normal 0 0 -1
    outer loop
      vertex 30.1551 -27.0342 0
      vertex 50 -44 0
      vertex 30.2686 -27.2236 0
    endloop
  endfacet
  facet normal 0 0 -1
    outer loop
      vertex 50 44 0
      vertex 30.363 27.4232 0
      vertex 30.4374 27.6311 0
    endloop
  endfacet
  facet normal 0 0 -1
    outer loop
      vertex 50 -44 0
      vertex 30.1551 -27.0342 0
      vertex 50 44 0
    endloop
  endfacet
  facet normal 0 0 -1
    outer loop
      vertex 50 44 0
      vertex 30.2686 27.2236 0
      vertex 30.363 27.4232 0
    endloop
  endfacet
  facet normal 0 0 -1
    outer loop
      vertex 30.1551 27.0342 0
      vertex 50 44 0
      vertex 30.1551 -27.0342 0
    endloop
  endfacet
  facet normal 0 0 -1
    outer loop
      vertex 50 44 0
      vertex 30.1551 27.0342 0
      vertex 30.2686 27.2236 0
    endloop
  endfacet
  facet normal 0 0 -1
    outer loop
      vertex 30.0235 -26.8569 0
      vertex 30.1551 27.0342 0
      vertex 30.1551 -27.0342 0
    endloop
  endfacet
  facet normal 0 0 -1
    outer loop
      vertex 30.0235 -26.8569 0
      vertex 30.0235 26.8569 0
      vertex 30.1551 27.0342 0
    endloop
  endfacet
  facet normal 0 0 -1
    outer loop
      vertex 29.8753 -26.6933 0
      vertex 30.0235 26.8569 0
      vertex 30.0235 -26.8569 0
    endloop
  endfacet
  facet normal 0 0 -1
    outer loop
      vertex 29.8753 -26.6933 0
      vertex 29.8753 26.6933 0
      vertex 30.0235 26.8569 0
    endloop
  endfacet
  facet normal 0 0 -1
    outer loop
      vertex 29.7117 -26.545 0
      vertex 29.8753 26.6933 0
      vertex 29.8753 -26.6933 0
    endloop
  endfacet
  facet normal 0 0 -1
    outer loop
      vertex 29.7117 -26.545 0
      vertex 29.7117 26.545 0
      vertex 29.8753 26.6933 0
    endloop
  endfacet
  facet normal 0 0 -1
    outer loop
      vertex 29.5343 -26.4135 0
      vertex 29.7117 26.545 0
      vertex 29.7117 -26.545 0
    endloop
  endfacet
  facet normal 0 0 -1
    outer loop
      vertex 29.5343 -26.4135 0
      vertex 29.5343 26.4135 0
      vertex 29.7117 26.545 0
    endloop
  endfacet
  facet normal 0 0 -1
    outer loop
      vertex 29.3449 -26.2999 0
      vertex 29.5343 26.4135 0
      vertex 29.5343 -26.4135 0
    endloop
  endfacet
  facet normal 0 0 -1
    outer loop
      vertex 29.3449 -26.2999 0
      vertex 29.3449 26.2999 0
      vertex 29.5343 26.4135 0
    endloop
  endfacet
  facet normal 0 0 -1
    outer loop
      vertex 29.1453 -26.2055 0
      vertex 29.3449 26.2999 0
      vertex 29.3449 -26.2999 0
    endloop
  endfacet
  facet normal 0 0 -1
    outer loop
      vertex 29.1453 -26.2055 0
      vertex 29.1453 26.2055 0
      vertex 29.3449 26.2999 0
    endloop
  endfacet
  facet normal 0 0 -1
    outer loop
      vertex 28.9374 -26.1312 0
      vertex 29.1453 26.2055 0
      vertex 29.1453 -26.2055 0
    endloop
  endfacet
  facet normal 0 0 -1
    outer loop
      vertex 28.9374 -26.1312 0
      vertex 28.9374 26.1312 0
      vertex 29.1453 26.2055 0
    endloop
  endfacet
  facet normal 0 0 -1
    outer loop
      vertex 28.7232 -26.0775 0
      vertex 28.9374 26.1312 0
      vertex 28.9374 -26.1312 0
    endloop
  endfacet
  facet normal 0 0 -1
    outer loop
      vertex 28.7232 -26.0775 0
      vertex 28.7232 26.0775 0
      vertex 28.9374 26.1312 0
    endloop
  endfacet
  facet normal 0 0 -1
    outer loop
      vertex 28.5048 -26.0451 0
      vertex 28.7232 26.0775 0
      vertex 28.7232 -26.0775 0
    endloop
  endfacet
  facet normal 0 0 -1
    outer loop
      vertex 28.5048 -26.0451 0
      vertex 28.5048 26.0451 0
      vertex 28.7232 26.0775 0
    endloop
  endfacet
  facet normal 0 0 -1
    outer loop
      vertex 28.2843 -26.0343 0
      vertex 28.5048 26.0451 0
      vertex 28.5048 -26.0451 0
    endloop
  endfacet
  facet normal 0 0 -1
    outer loop
      vertex 28.2843 -26.0343 0
      vertex 28.2843 26.0343 0
      vertex 28.5048 26.0451 0
    endloop
  endfacet
  facet normal 0 0 -1
    outer loop
      vertex 28.0637 -26.0451 0
      vertex 28.2843 26.0343 0
      vertex 28.2843 -26.0343 0
    endloop
  endfacet
  facet normal 0 0 -1
    outer loop
      vertex 28.0637 -26.0451 0
      vertex 28.0637 26.0451 0
      vertex 28.2843 26.0343 0
    endloop
  endfacet
  facet normal 0 0 -1
    outer loop
      vertex 27.8453 -26.0775 0
      vertex 28.0637 26.0451 0
      vertex 28.0637 -26.0451 0
    endloop
  endfacet
  facet normal 0 0 -1
    outer loop
      vertex 27.8453 -26.0775 0
      vertex 27.8453 26.0775 0
      vertex 28.0637 26.0451 0
    endloop
  endfacet
  facet normal 0 0 -1
    outer loop
      vertex 27.6311 -26.1312 0
      vertex 27.8453 26.0775 0
      vertex 27.8453 -26.0775 0
    endloop
  endfacet
  facet normal 0 0 -1
    outer loop
      vertex 27.6311 -26.1312 0
      vertex 27.6311 26.1312 0
      vertex 27.8453 26.0775 0
    endloop
  endfacet
  facet normal 0 0 -1
    outer loop
      vertex 27.4232 -26.2055 0
      vertex 27.6311 26.1312 0
      vertex 27.6311 -26.1312 0
    endloop
  endfacet
  facet normal 0 0 -1
    outer loop
      vertex 27.4232 -26.2055 0
      vertex 27.4232 26.2055 0
      vertex 27.6311 26.1312 0
    endloop
  endfacet
  facet normal 0 0 -1
    outer loop
      vertex 27.2236 -26.2999 0
      vertex 27.4232 26.2055 0
      vertex 27.4232 -26.2055 0
    endloop
  endfacet
  facet normal 0 0 -1
    outer loop
      vertex 27.2236 -26.2999 0
      vertex 27.2236 26.2999 0
      vertex 27.4232 26.2055 0
    endloop
  endfacet
  facet normal 0 0 -1
    outer loop
      vertex 27.0342 -26.4135 0
      vertex 27.2236 26.2999 0
      vertex 27.2236 -26.2999 0
    endloop
  endfacet
  facet normal 0 0 -1
    outer loop
      vertex 27.0342 -26.4135 0
      vertex 27.0342 26.4135 0
      vertex 27.2236 26.2999 0
    endloop
  endfacet
  facet normal 0 0 -1
    outer loop
      vertex 26.8569 -26.545 0
      vertex 27.0342 26.4135 0
      vertex 27.0342 -26.4135 0
    endloop
  endfacet
  facet normal 0 0 -1
    outer loop
      vertex 26.8569 -26.545 0
      vertex 26.8569 26.545 0
      vertex 27.0342 26.4135 0
    endloop
  endfacet
  facet normal 0 0 -1
    outer loop
      vertex 26.6933 -26.6933 0
      vertex 26.8569 26.545 0
      vertex 26.8569 -26.545 0
    endloop
  endfacet
  facet normal 0 0 -1
    outer loop
      vertex 26.6933 -26.6933 0
      vertex 26.6933 26.6933 0
      vertex 26.8569 26.545 0
    endloop
  endfacet
  facet normal 0 0 -1
    outer loop
      vertex -26.2055 -27.4232 0
      vertex 26.2055 -27.4232 0
      vertex -26.1312 -27.6311 0
    endloop
  endfacet
  facet normal 0 0 -1
    outer loop
      vertex 26.2055 -27.4232 0
      vertex -26.2055 -27.4232 0
      vertex 26.2999 -27.2236 0
    endloop
  endfacet
  facet normal 0 0 -1
    outer loop
      vertex 26.1312 -27.6311 0
      vertex -26.1312 -27.6311 0
      vertex 26.2055 -27.4232 0
    endloop
  endfacet
  facet normal 0 0 -1
    outer loop
      vertex -26.2999 -27.2236 0
      vertex 26.2999 -27.2236 0
      vertex -26.2055 -27.4232 0
    endloop
  endfacet
  facet normal 0 0 -1
    outer loop
      vertex -26.1312 -27.6311 0
      vertex 26.1312 -27.6311 0
      vertex -26.0775 -27.8453 0
    endloop
  endfacet
  facet normal 0 0 -1
    outer loop
      vertex 26.6933 26.6933 0
      vertex -26.0343 28.2843 0
      vertex 26.545 26.8569 0
    endloop
  endfacet
  facet normal 0 0 -1
    outer loop
      vertex 26.0775 -27.8453 0
      vertex -26.0775 -27.8453 0
      vertex 26.1312 -27.6311 0
    endloop
  endfacet
  facet normal 0 0 -1
    outer loop
      vertex 26.545 26.8569 0
      vertex -26.0343 28.2843 0
      vertex 26.4135 27.0342 0
    endloop
  endfacet
  facet normal 0 0 -1
    outer loop
      vertex -26.0775 -27.8453 0
      vertex 26.0775 -27.8453 0
      vertex -26.0451 -28.0637 0
    endloop
  endfacet
  facet normal 0 0 -1
    outer loop
      vertex 26.4135 27.0342 0
      vertex -26.0343 28.2843 0
      vertex 26.2999 27.2236 0
    endloop
  endfacet
  facet normal 0 0 -1
    outer loop
      vertex 26.0451 -28.0637 0
      vertex -26.0451 -28.0637 0
      vertex 26.0775 -27.8453 0
    endloop
  endfacet
  facet normal 0 0 -1
    outer loop
      vertex 26.2999 27.2236 0
      vertex -26.0343 28.2843 0
      vertex 26.2055 27.4232 0
    endloop
  endfacet
  facet normal 0 0 -1
    outer loop
      vertex -26.0451 -28.0637 0
      vertex 26.0451 -28.0637 0
      vertex -26.0343 -28.2843 0
    endloop
  endfacet
  facet normal 0 0 -1
    outer loop
      vertex 26.2055 27.4232 0
      vertex -26.0343 28.2843 0
      vertex 26.1312 27.6311 0
    endloop
  endfacet
  facet normal 0 0 -1
    outer loop
      vertex -26.0343 -28.2843 0
      vertex 26.0451 -28.0637 0
      vertex 26.0343 -28.2843 0
    endloop
  endfacet
  facet normal 0 0 -1
    outer loop
      vertex 26.1312 27.6311 0
      vertex -26.0343 28.2843 0
      vertex 26.0775 27.8453 0
    endloop
  endfacet
  facet normal 0 0 -1
    outer loop
      vertex 44 -50 0
      vertex 50 -44 0
      vertex 49.9711 -44.5881 0
    endloop
  endfacet
  facet normal 0 0 -1
    outer loop
      vertex 30.5234 -28.0637 0
      vertex 50 -44 0
      vertex 30.5343 -28.2843 0
    endloop
  endfacet
  facet normal 0 0 -1
    outer loop
      vertex 44 -50 0
      vertex 49.9711 -44.5881 0
      vertex 49.8847 -45.1705 0
    endloop
  endfacet
  facet normal 0 0 -1
    outer loop
      vertex 30.491 -27.8453 0
      vertex 50 -44 0
      vertex 30.5234 -28.0637 0
    endloop
  endfacet
  facet normal 0 0 -1
    outer loop
      vertex 44 -50 0
      vertex 49.8847 -45.1705 0
      vertex 49.7416 -45.7417 0
    endloop
  endfacet
  facet normal 0 0 -1
    outer loop
      vertex 30.5234 28.5048 0
      vertex 50 44 0
      vertex 30.5343 28.2843 0
    endloop
  endfacet
  facet normal 0 0 -1
    outer loop
      vertex 44 -50 0
      vertex 49.7416 -45.7417 0
      vertex 49.5433 -46.2961 0
    endloop
  endfacet
  facet normal 0 0 -1
    outer loop
      vertex 30.491 28.7232 0
      vertex 50 44 0
      vertex 30.5234 28.5048 0
    endloop
  endfacet
  facet normal 0 0 -1
    outer loop
      vertex 44 -50 0
      vertex 49.5433 -46.2961 0
      vertex 49.2915 -46.8284 0
    endloop
  endfacet
  facet normal 0 0 -1
    outer loop
      vertex 30.4374 28.9374 0
      vertex 50 44 0
      vertex 30.491 28.7232 0
    endloop
  endfacet
  facet normal 0 0 -1
    outer loop
      vertex 44 -50 0
      vertex 49.2915 -46.8284 0
      vertex 48.9888 -47.3334 0
    endloop
  endfacet
  facet normal 0 0 -1
    outer loop
      vertex 30.363 29.1453 0
      vertex 50 44 0
      vertex 30.4374 28.9374 0
    endloop
  endfacet
  facet normal 0 0 -1
    outer loop
      vertex 44 -50 0
      vertex 48.9888 -47.3334 0
      vertex 48.6381 -47.8064 0
    endloop
  endfacet
  facet normal 0 0 -1
    outer loop
      vertex 30.2686 29.3449 0
      vertex 50 44 0
      vertex 30.363 29.1453 0
    endloop
  endfacet
  facet normal 0 0 -1
    outer loop
      vertex 44 -50 0
      vertex 48.6381 -47.8064 0
      vertex 48.2426 -48.2426 0
    endloop
  endfacet
  facet normal 0 0 -1
    outer loop
      vertex 30.1551 29.5343 0
      vertex 50 44 0
      vertex 30.2686 29.3449 0
    endloop
  endfacet
  facet normal 0 0 -1
    outer loop
      vertex 44 -50 0
      vertex 48.2426 -48.2426 0
      vertex 47.8064 -48.6381 0
    endloop
  endfacet
  facet normal 0 0 -1
    outer loop
      vertex 30.0235 29.7117 0
      vertex 50 44 0
      vertex 30.1551 29.5343 0
    endloop
  endfacet
  facet normal 0 0 -1
    outer loop
      vertex 44 -50 0
      vertex 47.8064 -48.6381 0
      vertex 47.3334 -48.9888 0
    endloop
  endfacet
  facet normal 0 0 -1
    outer loop
      vertex 29.8753 29.8753 0
      vertex 50 44 0
      vertex 30.0235 29.7117 0
    endloop
  endfacet
  facet normal 0 0 -1
    outer loop
      vertex 44 -50 0
      vertex 47.3334 -48.9888 0
      vertex 46.8284 -49.2915 0
    endloop
  endfacet
  facet normal 0 -0 -1
    outer loop
      vertex 44 50 0
      vertex 50 44 0
      vertex 29.8753 29.8753 0
    endloop
  endfacet
  facet normal 0 0 -1
    outer loop
      vertex 44 -50 0
      vertex 46.8284 -49.2915 0
      vertex 46.2961 -49.5433 0
    endloop
  endfacet
  facet normal 0 0 -1
    outer loop
      vertex 49.9711 44.5881 0
      vertex 44 50 0
      vertex 49.8847 45.1705 0
    endloop
  endfacet
  facet normal 0 0 -1
    outer loop
      vertex 44 -50 0
      vertex 46.2961 -49.5433 0
      vertex 45.7417 -49.7416 0
    endloop
  endfacet
  facet normal 0 0 -1
    outer loop
      vertex 49.8847 45.1705 0
      vertex 44 50 0
      vertex 49.7416 45.7417 0
    endloop
  endfacet
  facet normal 0 0 -1
    outer loop
      vertex 44 -50 0
      vertex 45.7417 -49.7416 0
      vertex 45.1705 -49.8847 0
    endloop
  endfacet
  facet normal 0 0 -1
    outer loop
      vertex 49.7416 45.7417 0
      vertex 44 50 0
      vertex 49.5433 46.2961 0
    endloop
  endfacet
  facet normal 0 0 -1
    outer loop
      vertex 44 -50 0
      vertex 45.1705 -49.8847 0
      vertex 44.5881 -49.9711 0
    endloop
  endfacet
  facet normal 0 0 -1
    outer loop
      vertex 49.2915 46.8284 0
      vertex 44 50 0
      vertex 48.9888 47.3334 0
    endloop
  endfacet
  facet normal -0 0 -1
    outer loop
      vertex 50 -44 0
      vertex 44 -50 0
      vertex 29.8753 -29.8753 0
    endloop
  endfacet
  facet normal 0 0 -1
    outer loop
      vertex 48.9888 47.3334 0
      vertex 44 50 0
      vertex 48.6381 47.8064 0
    endloop
  endfacet
  facet normal 0 0 -1
    outer loop
      vertex 48.6381 47.8064 0
      vertex 44 50 0
      vertex 48.2426 48.2426 0
    endloop
  endfacet
  facet normal 0 0 -1
    outer loop
      vertex 50 -44 0
      vertex 30.5234 -28.5048 0
      vertex 30.5343 -28.2843 0
    endloop
  endfacet
  facet normal 0 0 -1
    outer loop
      vertex 50 -44 0
      vertex 30.491 -28.7232 0
      vertex 30.5234 -28.5048 0
    endloop
  endfacet
  facet normal 0 0 -1
    outer loop
      vertex 50 -44 0
      vertex 30.4374 -28.9374 0
      vertex 30.491 -28.7232 0
    endloop
  endfacet
  facet normal 0 0 -1
    outer loop
      vertex 50 -44 0
      vertex 30.363 -29.1453 0
      vertex 30.4374 -28.9374 0
    endloop
  endfacet
  facet normal 0 0 -1
    outer loop
      vertex 50 -44 0
      vertex 30.2686 -29.3449 0
      vertex 30.363 -29.1453 0
    endloop
  endfacet
  facet normal 0 0 -1
    outer loop
      vertex 50 -44 0
      vertex 30.1551 -29.5343 0
      vertex 30.2686 -29.3449 0
    endloop
  endfacet
  facet normal 0 0 -1
    outer loop
      vertex 50 -44 0
      vertex 30.0235 -29.7117 0
      vertex 30.1551 -29.5343 0
    endloop
  endfacet
  facet normal 0 0 -1
    outer loop
      vertex 50 -44 0
      vertex 29.8753 -29.8753 0
      vertex 30.0235 -29.7117 0
    endloop
  endfacet
  facet normal 0 0 -1
    outer loop
      vertex 44 -50 0
      vertex 29.7117 -30.0235 0
      vertex 29.8753 -29.8753 0
    endloop
  endfacet
  facet normal 0 0 -1
    outer loop
      vertex 44 -50 0
      vertex 29.5343 -30.1551 0
      vertex 29.7117 -30.0235 0
    endloop
  endfacet
  facet normal 0 0 -1
    outer loop
      vertex 44 -50 0
      vertex 29.3449 -30.2686 0
      vertex 29.5343 -30.1551 0
    endloop
  endfacet
  facet normal 0 0 -1
    outer loop
      vertex 44 -50 0
      vertex 29.1453 -30.363 0
      vertex 29.3449 -30.2686 0
    endloop
  endfacet
  facet normal 0 0 -1
    outer loop
      vertex 44 -50 0
      vertex 28.9374 -30.4374 0
      vertex 29.1453 -30.363 0
    endloop
  endfacet
  facet normal 0 0 -1
    outer loop
      vertex 44 -50 0
      vertex 28.7232 -30.491 0
      vertex 28.9374 -30.4374 0
    endloop
  endfacet
  facet normal 0 0 -1
    outer loop
      vertex 44 -50 0
      vertex 28.5048 -30.5234 0
      vertex 28.7232 -30.491 0
    endloop
  endfacet
  facet normal 0 0 -1
    outer loop
      vertex 44 -50 0
      vertex 28.2843 -30.5343 0
      vertex 28.5048 -30.5234 0
    endloop
  endfacet
  facet normal 0 0 -1
    outer loop
      vertex 44 -50 0
      vertex 28.0637 -30.5234 0
      vertex 28.2843 -30.5343 0
    endloop
  endfacet
  facet normal 0 0 -1
    outer loop
      vertex 44 -50 0
      vertex 27.8453 -30.491 0
      vertex 28.0637 -30.5234 0
    endloop
  endfacet
  facet normal 0 0 -1
    outer loop
      vertex 44 -50 0
      vertex 27.6311 -30.4374 0
      vertex 27.8453 -30.491 0
    endloop
  endfacet
  facet normal 0 0 -1
    outer loop
      vertex 44 -50 0
      vertex 27.4232 -30.363 0
      vertex 27.6311 -30.4374 0
    endloop
  endfacet
  facet normal 0 0 -1
    outer loop
      vertex 44 -50 0
      vertex 27.2236 -30.2686 0
      vertex 27.4232 -30.363 0
    endloop
  endfacet
  facet normal 0 0 -1
    outer loop
      vertex 44 -50 0
      vertex 27.0342 -30.1551 0
      vertex 27.2236 -30.2686 0
    endloop
  endfacet
  facet normal 0 0 -1
    outer loop
      vertex -27.0342 -30.1551 0
      vertex 27.0342 -30.1551 0
      vertex 44 -50 0
    endloop
  endfacet
  facet normal 0 0 -1
    outer loop
      vertex 27.0342 -30.1551 0
      vertex -27.0342 -30.1551 0
      vertex 26.8569 -30.0235 0
    endloop
  endfacet
  facet normal 0 -0 -1
    outer loop
      vertex -26.8569 -30.0235 0
      vertex 26.8569 -30.0235 0
      vertex -27.0342 -30.1551 0
    endloop
  endfacet
  facet normal 0 0 -1
    outer loop
      vertex 26.0775 27.8453 0
      vertex -26.0343 28.2843 0
      vertex 26.0451 28.0637 0
    endloop
  endfacet
  facet normal 0 0 -1
    outer loop
      vertex 26.0451 -28.5048 0
      vertex -26.0343 -28.2843 0
      vertex 26.0343 -28.2843 0
    endloop
  endfacet
  facet normal 0 0 -1
    outer loop
      vertex -26.0451 -28.5048 0
      vertex 26.0451 -28.5048 0
      vertex 26.0775 -28.7232 0
    endloop
  endfacet
  facet normal 0 0 -1
    outer loop
      vertex -26.0775 -28.7232 0
      vertex 26.0775 -28.7232 0
      vertex 26.1312 -28.9374 0
    endloop
  endfacet
  facet normal 0 0 -1
    outer loop
      vertex -26.1312 -28.9374 0
      vertex 26.1312 -28.9374 0
      vertex 26.2055 -29.1453 0
    endloop
  endfacet
  facet normal 0 0 -1
    outer loop
      vertex -26.2055 -29.1453 0
      vertex 26.2055 -29.1453 0
      vertex 26.2999 -29.3449 0
    endloop
  endfacet
  facet normal 0 0 -1
    outer loop
      vertex -26.2999 -29.3449 0
      vertex 26.2999 -29.3449 0
      vertex 26.4135 -29.5343 0
    endloop
  endfacet
  facet normal 0 0 -1
    outer loop
      vertex -26.4135 -29.5343 0
      vertex 26.4135 -29.5343 0
      vertex 26.545 -29.7117 0
    endloop
  endfacet
  facet normal 0 0 -1
    outer loop
      vertex 26.8569 -30.0235 0
      vertex -26.8569 -30.0235 0
      vertex 26.6933 -29.8753 0
    endloop
  endfacet
  facet normal 0 0 -1
    outer loop
      vertex 26.0451 -28.5048 0
      vertex -26.0451 -28.5048 0
      vertex -26.0343 -28.2843 0
    endloop
  endfacet
  facet normal 0 0 -1
    outer loop
      vertex 26.0775 -28.7232 0
      vertex -26.0775 -28.7232 0
      vertex -26.0451 -28.5048 0
    endloop
  endfacet
  facet normal 0 0 -1
    outer loop
      vertex 26.1312 -28.9374 0
      vertex -26.1312 -28.9374 0
      vertex -26.0775 -28.7232 0
    endloop
  endfacet
  facet normal 0 0 -1
    outer loop
      vertex 26.2055 -29.1453 0
      vertex -26.2055 -29.1453 0
      vertex -26.1312 -28.9374 0
    endloop
  endfacet
  facet normal 0 0 -1
    outer loop
      vertex 26.2999 -29.3449 0
      vertex -26.2999 -29.3449 0
      vertex -26.2055 -29.1453 0
    endloop
  endfacet
  facet normal 0 0 -1
    outer loop
      vertex 26.4135 -29.5343 0
      vertex -26.4135 -29.5343 0
      vertex -26.2999 -29.3449 0
    endloop
  endfacet
  facet normal 0 0 -1
    outer loop
      vertex 26.545 -29.7117 0
      vertex -26.545 -29.7117 0
      vertex -26.4135 -29.5343 0
    endloop
  endfacet
  facet normal -0 0 -1
    outer loop
      vertex 26.545 -29.7117 0
      vertex -26.6933 -29.8753 0
      vertex -26.545 -29.7117 0
    endloop
  endfacet
  facet normal 0 0 -1
    outer loop
      vertex 26.6933 -29.8753 0
      vertex -26.6933 -29.8753 0
      vertex 26.545 -29.7117 0
    endloop
  endfacet
  facet normal 0 -0 -1
    outer loop
      vertex -26.6933 -29.8753 0
      vertex 26.6933 -29.8753 0
      vertex -26.8569 -30.0235 0
    endloop
  endfacet
  facet normal 0 0 -1
    outer loop
      vertex -44 -50 0
      vertex -27.0342 -30.1551 0
      vertex 44 -50 0
    endloop
  endfacet
  facet normal 0 0 -1
    outer loop
      vertex -27.0342 -30.1551 0
      vertex -44 -50 0
      vertex -27.2236 -30.2686 0
    endloop
  endfacet
  facet normal 0 0 -1
    outer loop
      vertex -27.2236 -30.2686 0
      vertex -44 -50 0
      vertex -27.4232 -30.363 0
    endloop
  endfacet
  facet normal 0 0 -1
    outer loop
      vertex -27.4232 -30.363 0
      vertex -44 -50 0
      vertex -27.6311 -30.4374 0
    endloop
  endfacet
  facet normal 0 0 -1
    outer loop
      vertex -27.6311 -30.4374 0
      vertex -44 -50 0
      vertex -27.8453 -30.491 0
    endloop
  endfacet
  facet normal 0 0 -1
    outer loop
      vertex -27.8453 -30.491 0
      vertex -44 -50 0
      vertex -28.0637 -30.5234 0
    endloop
  endfacet
  facet normal 0 0 -1
    outer loop
      vertex -28.0637 -30.5234 0
      vertex -44 -50 0
      vertex -28.2843 -30.5343 0
    endloop
  endfacet
  facet normal -0 0 -1
    outer loop
      vertex -28.2843 -30.5343 0
      vertex -44 -50 0
      vertex -28.5048 -30.5234 0
    endloop
  endfacet
  facet normal -0 0 -1
    outer loop
      vertex -28.5048 -30.5234 0
      vertex -44 -50 0
      vertex -28.7232 -30.491 0
    endloop
  endfacet
  facet normal -0 0 -1
    outer loop
      vertex -30.5234 -28.5048 0
      vertex -50 -44 0
      vertex -30.5343 -28.2843 0
    endloop
  endfacet
  facet normal -0 0 -1
    outer loop
      vertex -30.491 -28.7232 0
      vertex -50 -44 0
      vertex -30.5234 -28.5048 0
    endloop
  endfacet
  facet normal -0 0 -1
    outer loop
      vertex -30.4374 -28.9374 0
      vertex -50 -44 0
      vertex -30.491 -28.7232 0
    endloop
  endfacet
  facet normal -0 0 -1
    outer loop
      vertex -30.363 -29.1453 0
      vertex -50 -44 0
      vertex -30.4374 -28.9374 0
    endloop
  endfacet
  facet normal -0 0 -1
    outer loop
      vertex -30.2686 -29.3449 0
      vertex -50 -44 0
      vertex -30.363 -29.1453 0
    endloop
  endfacet
  facet normal -0 0 -1
    outer loop
      vertex -30.1551 -29.5343 0
      vertex -50 -44 0
      vertex -30.2686 -29.3449 0
    endloop
  endfacet
  facet normal -0 0 -1
    outer loop
      vertex -30.0235 -29.7117 0
      vertex -50 -44 0
      vertex -30.1551 -29.5343 0
    endloop
  endfacet
  facet normal -0 0 -1
    outer loop
      vertex -29.8753 -29.8753 0
      vertex -50 -44 0
      vertex -30.0235 -29.7117 0
    endloop
  endfacet
  facet normal 0 0 -1
    outer loop
      vertex -50 -44 0
      vertex -29.8753 -29.8753 0
      vertex -44 -50 0
    endloop
  endfacet
  facet normal -0 0 -1
    outer loop
      vertex -29.7117 -30.0235 0
      vertex -44 -50 0
      vertex -29.8753 -29.8753 0
    endloop
  endfacet
  facet normal -0 0 -1
    outer loop
      vertex -29.5343 -30.1551 0
      vertex -44 -50 0
      vertex -29.7117 -30.0235 0
    endloop
  endfacet
  facet normal -0 0 -1
    outer loop
      vertex -29.3449 -30.2686 0
      vertex -44 -50 0
      vertex -29.5343 -30.1551 0
    endloop
  endfacet
  facet normal -0 0 -1
    outer loop
      vertex -29.1453 -30.363 0
      vertex -44 -50 0
      vertex -29.3449 -30.2686 0
    endloop
  endfacet
  facet normal -0 0 -1
    outer loop
      vertex -28.9374 -30.4374 0
      vertex -44 -50 0
      vertex -29.1453 -30.363 0
    endloop
  endfacet
  facet normal -0 0 -1
    outer loop
      vertex -28.7232 -30.491 0
      vertex -44 -50 0
      vertex -28.9374 -30.4374 0
    endloop
  endfacet
  facet normal 0 0 -1
    outer loop
      vertex 48.2426 48.2426 0
      vertex 44 50 0
      vertex 47.8064 48.6381 0
    endloop
  endfacet
  facet normal 0 0 -1
    outer loop
      vertex 47.3334 48.9888 0
      vertex 44 50 0
      vertex 46.8284 49.2915 0
    endloop
  endfacet
  facet normal 0 0 -1
    outer loop
      vertex 46.8284 49.2915 0
      vertex 44 50 0
      vertex 46.2961 49.5433 0
    endloop
  endfacet
  facet normal 0 0 -1
    outer loop
      vertex 46.2961 49.5433 0
      vertex 44 50 0
      vertex 45.7417 49.7416 0
    endloop
  endfacet
  facet normal 0 0 -1
    outer loop
      vertex 45.1705 49.8847 0
      vertex 44 50 0
      vertex 44.5881 49.9711 0
    endloop
  endfacet
  facet normal 0 0 -1
    outer loop
      vertex 45.7417 49.7416 0
      vertex 44 50 0
      vertex 45.1705 49.8847 0
    endloop
  endfacet
  facet normal 0 0 -1
    outer loop
      vertex 47.8064 48.6381 0
      vertex 44 50 0
      vertex 47.3334 48.9888 0
    endloop
  endfacet
  facet normal 0 0 -1
    outer loop
      vertex 49.5433 46.2961 0
      vertex 44 50 0
      vertex 49.2915 46.8284 0
    endloop
  endfacet
  facet normal 0 0 -1
    outer loop
      vertex 50 44 0
      vertex 44 50 0
      vertex 49.9711 44.5881 0
    endloop
  endfacet
  facet normal 0 0 -1
    outer loop
      vertex 29.7117 30.0235 0
      vertex 44 50 0
      vertex 29.8753 29.8753 0
    endloop
  endfacet
  facet normal 0 0 -1
    outer loop
      vertex 29.5343 30.1551 0
      vertex 44 50 0
      vertex 29.7117 30.0235 0
    endloop
  endfacet
  facet normal 0 0 -1
    outer loop
      vertex 29.3449 30.2686 0
      vertex 44 50 0
      vertex 29.5343 30.1551 0
    endloop
  endfacet
  facet normal 0 0 -1
    outer loop
      vertex 29.1453 30.363 0
      vertex 44 50 0
      vertex 29.3449 30.2686 0
    endloop
  endfacet
  facet normal 0 0 -1
    outer loop
      vertex 28.9374 30.4374 0
      vertex 44 50 0
      vertex 29.1453 30.363 0
    endloop
  endfacet
  facet normal 0 0 -1
    outer loop
      vertex 28.7232 30.491 0
      vertex 44 50 0
      vertex 28.9374 30.4374 0
    endloop
  endfacet
  facet normal 0 0 -1
    outer loop
      vertex 28.5048 30.5234 0
      vertex 44 50 0
      vertex 28.7232 30.491 0
    endloop
  endfacet
  facet normal 0 0 -1
    outer loop
      vertex 28.2843 30.5343 0
      vertex 44 50 0
      vertex 28.5048 30.5234 0
    endloop
  endfacet
  facet normal 0 0 -1
    outer loop
      vertex 28.0637 30.5234 0
      vertex 44 50 0
      vertex 28.2843 30.5343 0
    endloop
  endfacet
  facet normal 0 0 -1
    outer loop
      vertex 27.8453 30.491 0
      vertex 44 50 0
      vertex 28.0637 30.5234 0
    endloop
  endfacet
  facet normal 0 0 -1
    outer loop
      vertex 27.6311 30.4374 0
      vertex 44 50 0
      vertex 27.8453 30.491 0
    endloop
  endfacet
  facet normal 0 0 -1
    outer loop
      vertex 27.4232 30.363 0
      vertex 44 50 0
      vertex 27.6311 30.4374 0
    endloop
  endfacet
  facet normal 0 0 -1
    outer loop
      vertex 27.2236 30.2686 0
      vertex 44 50 0
      vertex 27.4232 30.363 0
    endloop
  endfacet
  facet normal 0 0 -1
    outer loop
      vertex 27.0342 30.1551 0
      vertex 44 50 0
      vertex 27.2236 30.2686 0
    endloop
  endfacet
  facet normal 0 0 -1
    outer loop
      vertex -27.0342 30.1551 0
      vertex 27.0342 30.1551 0
      vertex 26.8569 30.0235 0
    endloop
  endfacet
  facet normal 0 0 -1
    outer loop
      vertex -26.8569 30.0235 0
      vertex 26.8569 30.0235 0
      vertex 26.6933 29.8753 0
    endloop
  endfacet
  facet normal 0 0 -1
    outer loop
      vertex -26.6933 29.8753 0
      vertex 26.6933 29.8753 0
      vertex 26.545 29.7117 0
    endloop
  endfacet
  facet normal 0 0 -1
    outer loop
      vertex 26.0451 28.0637 0
      vertex -26.0343 28.2843 0
      vertex 26.0343 28.2843 0
    endloop
  endfacet
  facet normal 0 0 -1
    outer loop
      vertex 26.0343 28.2843 0
      vertex -26.0343 28.2843 0
      vertex 26.0451 28.5048 0
    endloop
  endfacet
  facet normal 0 0 -1
    outer loop
      vertex -26.0451 28.5048 0
      vertex 26.0451 28.5048 0
      vertex -26.0343 28.2843 0
    endloop
  endfacet
  facet normal 0 0 -1
    outer loop
      vertex 26.0451 28.5048 0
      vertex -26.0451 28.5048 0
      vertex 26.0775 28.7232 0
    endloop
  endfacet
  facet normal 0 0 -1
    outer loop
      vertex -26.0775 28.7232 0
      vertex 26.0775 28.7232 0
      vertex -26.0451 28.5048 0
    endloop
  endfacet
  facet normal 0 0 -1
    outer loop
      vertex 26.0775 28.7232 0
      vertex -26.0775 28.7232 0
      vertex 26.1312 28.9374 0
    endloop
  endfacet
  facet normal 0 0 -1
    outer loop
      vertex -26.1312 28.9374 0
      vertex 26.1312 28.9374 0
      vertex -26.0775 28.7232 0
    endloop
  endfacet
  facet normal 0 0 -1
    outer loop
      vertex 26.1312 28.9374 0
      vertex -26.1312 28.9374 0
      vertex 26.2055 29.1453 0
    endloop
  endfacet
  facet normal 0 0 -1
    outer loop
      vertex -26.2055 29.1453 0
      vertex 26.2055 29.1453 0
      vertex -26.1312 28.9374 0
    endloop
  endfacet
  facet normal 0 0 -1
    outer loop
      vertex 26.2055 29.1453 0
      vertex -26.2055 29.1453 0
      vertex 26.2999 29.3449 0
    endloop
  endfacet
  facet normal 0 0 -1
    outer loop
      vertex -26.2999 29.3449 0
      vertex 26.2999 29.3449 0
      vertex -26.2055 29.1453 0
    endloop
  endfacet
  facet normal 0 0 -1
    outer loop
      vertex 26.2999 29.3449 0
      vertex -26.2999 29.3449 0
      vertex 26.4135 29.5343 0
    endloop
  endfacet
  facet normal 0 0 -1
    outer loop
      vertex -26.4135 29.5343 0
      vertex 26.4135 29.5343 0
      vertex -26.2999 29.3449 0
    endloop
  endfacet
  facet normal 0 0 -1
    outer loop
      vertex 26.4135 29.5343 0
      vertex -26.4135 29.5343 0
      vertex 26.545 29.7117 0
    endloop
  endfacet
  facet normal 0 0 -1
    outer loop
      vertex -26.545 29.7117 0
      vertex 26.545 29.7117 0
      vertex -26.4135 29.5343 0
    endloop
  endfacet
  facet normal 0 0 -1
    outer loop
      vertex -26.6933 29.8753 0
      vertex 26.545 29.7117 0
      vertex -26.545 29.7117 0
    endloop
  endfacet
  facet normal 0 0 -1
    outer loop
      vertex 26.6933 29.8753 0
      vertex -26.6933 29.8753 0
      vertex -26.8569 30.0235 0
    endloop
  endfacet
  facet normal 0 0 -1
    outer loop
      vertex 26.8569 30.0235 0
      vertex -26.8569 30.0235 0
      vertex -27.0342 30.1551 0
    endloop
  endfacet
  facet normal 0 0 -1
    outer loop
      vertex 27.0342 30.1551 0
      vertex -27.0342 30.1551 0
      vertex 44 50 0
    endloop
  endfacet
  facet normal 0 0 -1
    outer loop
      vertex -44 50 0
      vertex -27.0342 30.1551 0
      vertex -27.2236 30.2686 0
    endloop
  endfacet
  facet normal 0 0 -1
    outer loop
      vertex -44 50 0
      vertex -27.2236 30.2686 0
      vertex -27.4232 30.363 0
    endloop
  endfacet
  facet normal 0 0 -1
    outer loop
      vertex -44 50 0
      vertex -27.4232 30.363 0
      vertex -27.6311 30.4374 0
    endloop
  endfacet
  facet normal 0 0 -1
    outer loop
      vertex -44 50 0
      vertex -27.6311 30.4374 0
      vertex -27.8453 30.491 0
    endloop
  endfacet
  facet normal 0 0 -1
    outer loop
      vertex -44 50 0
      vertex -27.8453 30.491 0
      vertex -28.0637 30.5234 0
    endloop
  endfacet
  facet normal 0 0 -1
    outer loop
      vertex -44 50 0
      vertex -28.0637 30.5234 0
      vertex -28.2843 30.5343 0
    endloop
  endfacet
  facet normal 0 0 -1
    outer loop
      vertex -44 50 0
      vertex -28.2843 30.5343 0
      vertex -28.5048 30.5234 0
    endloop
  endfacet
  facet normal 0 0 -1
    outer loop
      vertex -44 50 0
      vertex -28.5048 30.5234 0
      vertex -28.7232 30.491 0
    endloop
  endfacet
  facet normal 0 0 -1
    outer loop
      vertex -44 50 0
      vertex -28.7232 30.491 0
      vertex -28.9374 30.4374 0
    endloop
  endfacet
  facet normal 0 0 -1
    outer loop
      vertex -30.491 27.8453 0
      vertex -50 44 0
      vertex -30.5234 28.0637 0
    endloop
  endfacet
  facet normal 0 0 -1
    outer loop
      vertex -30.5234 28.0637 0
      vertex -50 44 0
      vertex -30.5343 28.2843 0
    endloop
  endfacet
  facet normal 0 0 -1
    outer loop
      vertex -27.0342 30.1551 0
      vertex -44 50 0
      vertex 44 50 0
    endloop
  endfacet
  facet normal 0 0 -1
    outer loop
      vertex -29.1453 30.363 0
      vertex -44 50 0
      vertex -28.9374 30.4374 0
    endloop
  endfacet
  facet normal 0 0 -1
    outer loop
      vertex -29.3449 30.2686 0
      vertex -44 50 0
      vertex -29.1453 30.363 0
    endloop
  endfacet
  facet normal 0 0 -1
    outer loop
      vertex -29.5343 30.1551 0
      vertex -44 50 0
      vertex -29.3449 30.2686 0
    endloop
  endfacet
  facet normal 0 0 -1
    outer loop
      vertex -29.7117 30.0235 0
      vertex -44 50 0
      vertex -29.5343 30.1551 0
    endloop
  endfacet
  facet normal 0 0 -1
    outer loop
      vertex -29.8753 29.8753 0
      vertex -44 50 0
      vertex -29.7117 30.0235 0
    endloop
  endfacet
  facet normal 0 0 -1
    outer loop
      vertex -50 44 0
      vertex -29.8753 29.8753 0
      vertex -30.0235 29.7117 0
    endloop
  endfacet
  facet normal 0 0 -1
    outer loop
      vertex -50 44 0
      vertex -30.0235 29.7117 0
      vertex -30.1551 29.5343 0
    endloop
  endfacet
  facet normal 0 0 -1
    outer loop
      vertex -50 44 0
      vertex -30.1551 29.5343 0
      vertex -30.2686 29.3449 0
    endloop
  endfacet
  facet normal 0 0 -1
    outer loop
      vertex -50 44 0
      vertex -30.2686 29.3449 0
      vertex -30.363 29.1453 0
    endloop
  endfacet
  facet normal 0 0 -1
    outer loop
      vertex -50 44 0
      vertex -30.363 29.1453 0
      vertex -30.4374 28.9374 0
    endloop
  endfacet
  facet normal 0 0 -1
    outer loop
      vertex -50 44 0
      vertex -30.4374 28.9374 0
      vertex -30.491 28.7232 0
    endloop
  endfacet
  facet normal 0 0 -1
    outer loop
      vertex -30.5343 28.2843 0
      vertex -50 44 0
      vertex -30.5234 28.5048 0
    endloop
  endfacet
  facet normal 0 0 -1
    outer loop
      vertex -50 -44 0
      vertex -44 -50 0
      vertex -44.5881 -49.9711 0
    endloop
  endfacet
  facet normal 0 0 -1
    outer loop
      vertex -30.5234 28.5048 0
      vertex -50 44 0
      vertex -30.491 28.7232 0
    endloop
  endfacet
  facet normal 0 0 -1
    outer loop
      vertex -50 -44 0
      vertex -44.5881 -49.9711 0
      vertex -45.1705 -49.8847 0
    endloop
  endfacet
  facet normal 0 0 -1
    outer loop
      vertex -29.8753 29.8753 0
      vertex -50 44 0
      vertex -44 50 0
    endloop
  endfacet
  facet normal 0 0 -1
    outer loop
      vertex -50 -44 0
      vertex -45.1705 -49.8847 0
      vertex -45.7417 -49.7416 0
    endloop
  endfacet
  facet normal 0 0 -1
    outer loop
      vertex -44 50 0
      vertex -50 44 0
      vertex -44.5881 49.9711 0
    endloop
  endfacet
  facet normal 0 0 -1
    outer loop
      vertex -50 -44 0
      vertex -45.7417 -49.7416 0
      vertex -46.2961 -49.5433 0
    endloop
  endfacet
  facet normal 0 0 -1
    outer loop
      vertex -44.5881 49.9711 0
      vertex -50 44 0
      vertex -45.1705 49.8847 0
    endloop
  endfacet
  facet normal 0 0 -1
    outer loop
      vertex -50 -44 0
      vertex -46.2961 -49.5433 0
      vertex -46.8284 -49.2915 0
    endloop
  endfacet
  facet normal 0 0 -1
    outer loop
      vertex -45.1705 49.8847 0
      vertex -50 44 0
      vertex -45.7417 49.7416 0
    endloop
  endfacet
  facet normal 0 0 -1
    outer loop
      vertex -50 -44 0
      vertex -46.8284 -49.2915 0
      vertex -47.3334 -48.9888 0
    endloop
  endfacet
  facet normal 0 0 -1
    outer loop
      vertex -45.7417 49.7416 0
      vertex -50 44 0
      vertex -46.2961 49.5433 0
    endloop
  endfacet
  facet normal 0 0 -1
    outer loop
      vertex -50 -44 0
      vertex -47.3334 -48.9888 0
      vertex -47.8064 -48.6381 0
    endloop
  endfacet
  facet normal 0 0 -1
    outer loop
      vertex -46.2961 49.5433 0
      vertex -50 44 0
      vertex -46.8284 49.2915 0
    endloop
  endfacet
  facet normal 0 0 -1
    outer loop
      vertex -50 -44 0
      vertex -47.8064 -48.6381 0
      vertex -48.2426 -48.2426 0
    endloop
  endfacet
  facet normal 0 0 -1
    outer loop
      vertex -46.8284 49.2915 0
      vertex -50 44 0
      vertex -47.3334 48.9888 0
    endloop
  endfacet
  facet normal 0 0 -1
    outer loop
      vertex -50 -44 0
      vertex -48.2426 -48.2426 0
      vertex -48.6381 -47.8064 0
    endloop
  endfacet
  facet normal 0 0 -1
    outer loop
      vertex -47.3334 48.9888 0
      vertex -50 44 0
      vertex -47.8064 48.6381 0
    endloop
  endfacet
  facet normal 0 0 -1
    outer loop
      vertex -50 -44 0
      vertex -48.6381 -47.8064 0
      vertex -48.9888 -47.3334 0
    endloop
  endfacet
  facet normal 0 0 -1
    outer loop
      vertex -47.8064 48.6381 0
      vertex -50 44 0
      vertex -48.2426 48.2426 0
    endloop
  endfacet
  facet normal 0 0 -1
    outer loop
      vertex -50 -44 0
      vertex -48.9888 -47.3334 0
      vertex -49.2915 -46.8284 0
    endloop
  endfacet
  facet normal 0 0 -1
    outer loop
      vertex -48.2426 48.2426 0
      vertex -50 44 0
      vertex -48.6381 47.8064 0
    endloop
  endfacet
  facet normal 0 0 -1
    outer loop
      vertex -50 -44 0
      vertex -49.2915 -46.8284 0
      vertex -49.5433 -46.2961 0
    endloop
  endfacet
  facet normal 0 0 -1
    outer loop
      vertex -48.6381 47.8064 0
      vertex -50 44 0
      vertex -48.9888 47.3334 0
    endloop
  endfacet
  facet normal 0 0 -1
    outer loop
      vertex -50 -44 0
      vertex -49.5433 -46.2961 0
      vertex -49.7416 -45.7417 0
    endloop
  endfacet
  facet normal 0 0 -1
    outer loop
      vertex -48.9888 47.3334 0
      vertex -50 44 0
      vertex -49.2915 46.8284 0
    endloop
  endfacet
  facet normal 0 0 -1
    outer loop
      vertex -50 -44 0
      vertex -49.7416 -45.7417 0
      vertex -49.8847 -45.1705 0
    endloop
  endfacet
  facet normal 0 0 -1
    outer loop
      vertex -49.2915 46.8284 0
      vertex -50 44 0
      vertex -49.5433 46.2961 0
    endloop
  endfacet
  facet normal 0 0 -1
    outer loop
      vertex -50 -44 0
      vertex -49.8847 -45.1705 0
      vertex -49.9711 -44.5881 0
    endloop
  endfacet
  facet normal 0 0 -1
    outer loop
      vertex -49.5433 46.2961 0
      vertex -50 44 0
      vertex -49.7416 45.7417 0
    endloop
  endfacet
  facet normal 0 0 -1
    outer loop
      vertex -49.7416 45.7417 0
      vertex -50 44 0
      vertex -49.8847 45.1705 0
    endloop
  endfacet
  facet normal 0 0 -1
    outer loop
      vertex -49.8847 45.1705 0
      vertex -50 44 0
      vertex -49.9711 44.5881 0
    endloop
  endfacet
  facet normal 0.746907 0.0366902 0.663916
    outer loop
      vertex 20.8901 2.05607 8
      vertex 13 0 16.99
      vertex 20.9911 0 8
    endloop
  endfacet
  facet normal 0.578464 0.473289 0.664362
    outer loop
      vertex 10.0491 8.24711 16.99
      vertex 16.2272 13.3155 8
      vertex 16.2263 13.3166 8
    endloop
  endfacet
  facet normal 0.600634 0.445478 0.663919
    outer loop
      vertex 16.2272 13.3155 8
      vertex 10.0491 8.24711 16.99
      vertex 10.8091 7.22241 16.99
    endloop
  endfacet
  facet normal 0.648408 0.372037 0.664195
    outer loop
      vertex 18.5118 9.89636 8
      vertex 11.465 6.12816 16.99
      vertex 18.5125 9.89514 8
    endloop
  endfacet
  facet normal 0.641407 0.384463 0.663916
    outer loop
      vertex 11.465 6.12816 16.99
      vertex 18.5118 9.89636 8
      vertex 10.8091 7.22241 16.99
    endloop
  endfacet
  facet normal -0.105769 -0.74038 0.663815
    outer loop
      vertex -4.09376 -20.588 8
      vertex -2.53617 -12.7502 16.99
      vertex -4.09516 -20.5878 8
    endloop
  endfacet
  facet normal -0.10973 -0.739711 0.663918
    outer loop
      vertex -2.53617 -12.7502 16.99
      vertex -4.09376 -20.588 8
      vertex -1.27422 -12.9374 16.99
    endloop
  endfacet
  facet normal 0.641412 0.384454 0.663917
    outer loop
      vertex 17.4535 11.662 8
      vertex 10.8091 7.22241 16.99
      vertex 18.5118 9.89636 8
    endloop
  endfacet
  facet normal -0.372037 0.648408 0.664195
    outer loop
      vertex -9.89636 18.5118 8
      vertex -6.12816 11.465 16.99
      vertex -9.89514 18.5125 8
    endloop
  endfacet
  facet normal -0.384463 0.641407 0.663916
    outer loop
      vertex -6.12816 11.465 16.99
      vertex -9.89636 18.5118 8
      vertex -7.22241 10.8091 16.99
    endloop
  endfacet
  facet normal 0.554101 -0.502184 0.663915
    outer loop
      vertex 9.19239 -9.19239 16.99
      vertex 14.8439 -14.8419 8
      vertex 10.0491 -8.24711 16.99
    endloop
  endfacet
  facet normal 0.579729 -0.474324 0.662519
    outer loop
      vertex 14.8439 -14.8419 8
      vertex 9.19239 -9.19239 16.99
      vertex 14.843 -14.843 8
    endloop
  endfacet
  facet normal 0.641412 -0.384454 0.663917
    outer loop
      vertex 18.5118 -9.89636 8
      vertex 10.8091 -7.22241 16.99
      vertex 17.4535 -11.662 8
    endloop
  endfacet
  facet normal -0.725393 -0.18171 0.663918
    outer loop
      vertex -20.5878 -4.09516 8
      vertex -12.4402 -3.7737 16.99
      vertex -12.7502 -2.53617 16.99
    endloop
  endfacet
  facet normal -0.720884 -0.208952 0.660806
    outer loop
      vertex -12.4402 -3.7737 16.99
      vertex -20.5878 -4.09516 8
      vertex -20.5874 -4.09654 8
    endloop
  endfacet
  facet normal 0.317294 0.676894 0.664182
    outer loop
      vertex 8.03295 19.3933 8
      vertex 6.12816 11.465 16.99
      vertex 8.03423 19.3927 8
    endloop
  endfacet
  facet normal 0.319698 0.67602 0.663921
    outer loop
      vertex 6.12816 11.465 16.99
      vertex 8.03295 19.3933 8
      vertex 4.97488 12.0104 16.99
    endloop
  endfacet
  facet normal -0.0525135 -0.745692 0.664218
    outer loop
      vertex -2.05607 -20.8901 8
      vertex -1.27422 -12.9374 16.99
      vertex -2.05749 -20.89 8
    endloop
  endfacet
  facet normal -0.0366941 -0.746906 0.663916
    outer loop
      vertex -1.27422 -12.9374 16.99
      vertex -2.05607 -20.8901 8
      vertex 0 -13 16.99
    endloop
  endfacet
  facet normal -0.676002 -0.319745 0.663916
    outer loop
      vertex -11.465 -6.12816 16.99
      vertex -19.3927 -8.03423 8
      vertex -18.5125 -9.89514 8
    endloop
  endfacet
  facet normal 0.676002 0.319745 0.663916
    outer loop
      vertex 18.5125 9.89514 8
      vertex 11.465 6.12816 16.99
      vertex 19.3927 8.03423 8
    endloop
  endfacet
  facet normal 0.251926 0.704091 0.66392
    outer loop
      vertex 6.09473 20.0868 8
      vertex 4.97488 12.0104 16.99
      vertex 8.03295 19.3933 8
    endloop
  endfacet
  facet normal 0.251934 -0.704092 0.663916
    outer loop
      vertex 6.0934 -20.0872 8
      vertex 4.97488 -12.0104 16.99
      vertex 3.7737 -12.4402 16.99
    endloop
  endfacet
  facet normal 0.214481 -0.71315 0.667394
    outer loop
      vertex 4.97488 -12.0104 16.99
      vertex 6.0934 -20.0872 8
      vertex 6.09473 -20.0868 8
    endloop
  endfacet
  facet normal -0.384454 0.641412 0.663917
    outer loop
      vertex -9.89636 18.5118 8
      vertex -11.662 17.4535 8
      vertex -7.22241 10.8091 16.99
    endloop
  endfacet
  facet normal 0.0525135 0.745692 0.664218
    outer loop
      vertex 2.05607 20.8901 8
      vertex 1.27422 12.9374 16.99
      vertex 2.05749 20.89 8
    endloop
  endfacet
  facet normal 0.0366941 0.746906 0.663916
    outer loop
      vertex 1.27422 12.9374 16.99
      vertex 2.05607 20.8901 8
      vertex 0 13 16.99
    endloop
  endfacet
  facet normal 0.0366941 -0.746906 0.663916
    outer loop
      vertex 2.05607 -20.8901 8
      vertex 1.27422 -12.9374 16.99
      vertex 0 -13 16.99
    endloop
  endfacet
  facet normal 0.0525135 -0.745692 0.664218
    outer loop
      vertex 1.27422 -12.9374 16.99
      vertex 2.05607 -20.8901 8
      vertex 2.05749 -20.89 8
    endloop
  endfacet
  facet normal -0.0366902 -0.746907 0.663916
    outer loop
      vertex 0 -13 16.99
      vertex -2.05607 -20.8901 8
      vertex 0 -20.9911 8
    endloop
  endfacet
  facet normal 0.725395 0.181707 0.663916
    outer loop
      vertex 20.0872 6.0934 8
      vertex 12.4402 3.7737 16.99
      vertex 20.5874 4.09654 8
    endloop
  endfacet
  facet normal -0.319745 -0.676002 0.663916
    outer loop
      vertex -6.12816 -11.465 16.99
      vertex -9.89514 -18.5125 8
      vertex -8.03423 -19.3927 8
    endloop
  endfacet
  facet normal -0.18171 0.725393 0.663918
    outer loop
      vertex -4.09516 20.5878 8
      vertex -3.7737 12.4402 16.99
      vertex -2.53617 12.7502 16.99
    endloop
  endfacet
  facet normal -0.208952 0.720884 0.660806
    outer loop
      vertex -3.7737 12.4402 16.99
      vertex -4.09516 20.5878 8
      vertex -4.09654 20.5874 8
    endloop
  endfacet
  facet normal 0.214481 0.71315 0.667394
    outer loop
      vertex 6.0934 20.0872 8
      vertex 4.97488 12.0104 16.99
      vertex 6.09473 20.0868 8
    endloop
  endfacet
  facet normal 0.251934 0.704092 0.663916
    outer loop
      vertex 4.97488 12.0104 16.99
      vertex 6.0934 20.0872 8
      vertex 3.7737 12.4402 16.99
    endloop
  endfacet
  facet normal 0.0366902 0.746907 0.663916
    outer loop
      vertex 0 20.9911 8
      vertex 0 13 16.99
      vertex 2.05607 20.8901 8
    endloop
  endfacet
  facet normal 0.554098 0.502186 0.663916
    outer loop
      vertex 14.8439 14.8419 8
      vertex 10.0491 8.24711 16.99
      vertex 16.2263 13.3166 8
    endloop
  endfacet
  facet normal -0.554098 -0.502186 0.663916
    outer loop
      vertex -10.0491 -8.24711 16.99
      vertex -16.2263 -13.3166 8
      vertex -14.8439 -14.8419 8
    endloop
  endfacet
  facet normal 0.251926 -0.704091 0.66392
    outer loop
      vertex 8.03295 -19.3933 8
      vertex 4.97488 -12.0104 16.99
      vertex 6.09473 -20.0868 8
    endloop
  endfacet
  facet normal 0.474324 0.579729 0.662519
    outer loop
      vertex 14.8419 14.8439 8
      vertex 9.19239 9.19239 16.99
      vertex 14.843 14.843 8
    endloop
  endfacet
  facet normal 0.502184 0.554101 0.663915
    outer loop
      vertex 9.19239 9.19239 16.99
      vertex 14.8419 14.8439 8
      vertex 8.24711 10.0491 16.99
    endloop
  endfacet
  facet normal 0.473289 -0.578464 0.664362
    outer loop
      vertex 8.24711 -10.0491 16.99
      vertex 13.3155 -16.2272 8
      vertex 13.3166 -16.2263 8
    endloop
  endfacet
  facet normal 0.445478 -0.600634 0.663919
    outer loop
      vertex 13.3155 -16.2272 8
      vertex 8.24711 -10.0491 16.99
      vertex 7.22241 -10.8091 16.99
    endloop
  endfacet
  facet normal -0.725395 0.181707 0.663916
    outer loop
      vertex -20.0872 6.0934 8
      vertex -20.5874 4.09654 8
      vertex -12.4402 3.7737 16.99
    endloop
  endfacet
  facet normal -0.720884 0.208952 0.660806
    outer loop
      vertex -20.5878 4.09516 8
      vertex -12.4402 3.7737 16.99
      vertex -20.5874 4.09654 8
    endloop
  endfacet
  facet normal -0.725393 0.18171 0.663918
    outer loop
      vertex -12.4402 3.7737 16.99
      vertex -20.5878 4.09516 8
      vertex -12.7502 2.53617 16.99
    endloop
  endfacet
  facet normal 0.109708 0.739716 0.663915
    outer loop
      vertex 2.05749 20.89 8
      vertex 1.27422 12.9374 16.99
      vertex 4.09376 20.588 8
    endloop
  endfacet
  facet normal -0.641407 -0.384463 0.663916
    outer loop
      vertex -11.465 -6.12816 16.99
      vertex -18.5118 -9.89636 8
      vertex -10.8091 -7.22241 16.99
    endloop
  endfacet
  facet normal -0.648408 -0.372037 0.664195
    outer loop
      vertex -18.5118 -9.89636 8
      vertex -11.465 -6.12816 16.99
      vertex -18.5125 -9.89514 8
    endloop
  endfacet
  facet normal -0.704091 0.251926 0.66392
    outer loop
      vertex -19.3933 8.03295 8
      vertex -20.0868 6.09473 8
      vertex -12.0104 4.97488 16.99
    endloop
  endfacet
  facet normal -0.746907 0.0366902 0.663916
    outer loop
      vertex -20.8901 2.05607 8
      vertex -20.9911 0 8
      vertex -13 0 16.99
    endloop
  endfacet
  facet normal -0.554098 0.502186 0.663916
    outer loop
      vertex -14.8439 14.8419 8
      vertex -16.2263 13.3166 8
      vertex -10.0491 8.24711 16.99
    endloop
  endfacet
  facet normal -0.746907 -0.0366902 0.663916
    outer loop
      vertex -13 0 16.99
      vertex -20.9911 0 8
      vertex -20.8901 -2.05607 8
    endloop
  endfacet
  facet normal 0.319745 0.676002 0.663916
    outer loop
      vertex 8.03423 19.3927 8
      vertex 6.12816 11.465 16.99
      vertex 9.89514 18.5125 8
    endloop
  endfacet
  facet normal 0.473289 0.578464 0.664362
    outer loop
      vertex 13.3155 16.2272 8
      vertex 8.24711 10.0491 16.99
      vertex 13.3166 16.2263 8
    endloop
  endfacet
  facet normal 0.445478 0.600634 0.663919
    outer loop
      vertex 8.24711 10.0491 16.99
      vertex 13.3155 16.2272 8
      vertex 7.22241 10.8091 16.99
    endloop
  endfacet
  facet normal -0.319698 0.67602 0.663921
    outer loop
      vertex -8.03295 19.3933 8
      vertex -6.12816 11.465 16.99
      vertex -4.97488 12.0104 16.99
    endloop
  endfacet
  facet normal -0.317294 0.676894 0.664182
    outer loop
      vertex -6.12816 11.465 16.99
      vertex -8.03295 19.3933 8
      vertex -8.03423 19.3927 8
    endloop
  endfacet
  facet normal -0.384463 -0.641407 0.663916
    outer loop
      vertex -9.89636 -18.5118 8
      vertex -6.12816 -11.465 16.99
      vertex -7.22241 -10.8091 16.99
    endloop
  endfacet
  facet normal -0.372037 -0.648408 0.664195
    outer loop
      vertex -6.12816 -11.465 16.99
      vertex -9.89636 -18.5118 8
      vertex -9.89514 -18.5125 8
    endloop
  endfacet
  facet normal -0.445478 0.600634 0.663919
    outer loop
      vertex -13.3155 16.2272 8
      vertex -8.24711 10.0491 16.99
      vertex -7.22241 10.8091 16.99
    endloop
  endfacet
  facet normal -0.473289 0.578464 0.664362
    outer loop
      vertex -8.24711 10.0491 16.99
      vertex -13.3155 16.2272 8
      vertex -13.3166 16.2263 8
    endloop
  endfacet
  facet normal -0.208952 -0.720884 0.660806
    outer loop
      vertex -4.09516 -20.5878 8
      vertex -3.7737 -12.4402 16.99
      vertex -4.09654 -20.5874 8
    endloop
  endfacet
  facet normal -0.18171 -0.725393 0.663918
    outer loop
      vertex -3.7737 -12.4402 16.99
      vertex -4.09516 -20.5878 8
      vertex -2.53617 -12.7502 16.99
    endloop
  endfacet
  facet normal 0.746907 -0.0366902 0.663916
    outer loop
      vertex 20.9911 0 8
      vertex 13 0 16.99
      vertex 20.8901 -2.05607 8
    endloop
  endfacet
  facet normal -0.578464 0.473289 0.664362
    outer loop
      vertex -16.2272 13.3155 8
      vertex -10.0491 8.24711 16.99
      vertex -16.2263 13.3166 8
    endloop
  endfacet
  facet normal -0.600634 0.445478 0.663919
    outer loop
      vertex -10.0491 8.24711 16.99
      vertex -16.2272 13.3155 8
      vertex -10.8091 7.22241 16.99
    endloop
  endfacet
  facet normal -0.745692 0.0525135 0.664218
    outer loop
      vertex -20.8901 2.05607 8
      vertex -12.9374 1.27422 16.99
      vertex -20.89 2.05749 8
    endloop
  endfacet
  facet normal -0.746906 0.0366941 0.663916
    outer loop
      vertex -12.9374 1.27422 16.99
      vertex -20.8901 2.05607 8
      vertex -13 0 16.99
    endloop
  endfacet
  facet normal -0.445478 -0.600634 0.663919
    outer loop
      vertex -8.24711 -10.0491 16.99
      vertex -13.3155 -16.2272 8
      vertex -7.22241 -10.8091 16.99
    endloop
  endfacet
  facet normal -0.473289 -0.578464 0.664362
    outer loop
      vertex -13.3155 -16.2272 8
      vertex -8.24711 -10.0491 16.99
      vertex -13.3166 -16.2263 8
    endloop
  endfacet
  facet normal -0.739716 0.109708 0.663915
    outer loop
      vertex -20.588 4.09376 8
      vertex -20.89 2.05749 8
      vertex -12.9374 1.27422 16.99
    endloop
  endfacet
  facet normal -0.71315 0.214481 0.667394
    outer loop
      vertex -20.0872 6.0934 8
      vertex -12.0104 4.97488 16.99
      vertex -20.0868 6.09473 8
    endloop
  endfacet
  facet normal -0.704092 0.251934 0.663916
    outer loop
      vertex -12.0104 4.97488 16.99
      vertex -20.0872 6.0934 8
      vertex -12.4402 3.7737 16.99
    endloop
  endfacet
  facet normal 0.18171 -0.725393 0.663918
    outer loop
      vertex 4.09516 -20.5878 8
      vertex 3.7737 -12.4402 16.99
      vertex 2.53617 -12.7502 16.99
    endloop
  endfacet
  facet normal 0.208952 -0.720884 0.660806
    outer loop
      vertex 3.7737 -12.4402 16.99
      vertex 4.09516 -20.5878 8
      vertex 4.09654 -20.5874 8
    endloop
  endfacet
  facet normal 0.600634 -0.445478 0.663919
    outer loop
      vertex 10.0491 -8.24711 16.99
      vertex 16.2272 -13.3155 8
      vertex 10.8091 -7.22241 16.99
    endloop
  endfacet
  facet normal 0.578464 -0.473289 0.664362
    outer loop
      vertex 16.2272 -13.3155 8
      vertex 10.0491 -8.24711 16.99
      vertex 16.2263 -13.3166 8
    endloop
  endfacet
  facet normal -0.641412 0.384454 0.663917
    outer loop
      vertex -17.4535 11.662 8
      vertex -18.5118 9.89636 8
      vertex -10.8091 7.22241 16.99
    endloop
  endfacet
  facet normal 0.725395 -0.181707 0.663916
    outer loop
      vertex 20.5874 -4.09654 8
      vertex 12.4402 -3.7737 16.99
      vertex 20.0872 -6.0934 8
    endloop
  endfacet
  facet normal -0.746906 -0.0366941 0.663916
    outer loop
      vertex -20.8901 -2.05607 8
      vertex -12.9374 -1.27422 16.99
      vertex -13 0 16.99
    endloop
  endfacet
  facet normal -0.745692 -0.0525135 0.664218
    outer loop
      vertex -12.9374 -1.27422 16.99
      vertex -20.8901 -2.05607 8
      vertex -20.89 -2.05749 8
    endloop
  endfacet
  facet normal 0.579729 0.474324 0.662519
    outer loop
      vertex 9.19239 9.19239 16.99
      vertex 14.8439 14.8419 8
      vertex 14.843 14.843 8
    endloop
  endfacet
  facet normal 0.554101 0.502184 0.663915
    outer loop
      vertex 14.8439 14.8419 8
      vertex 9.19239 9.19239 16.99
      vertex 10.0491 8.24711 16.99
    endloop
  endfacet
  facet normal -0.600647 0.445463 0.663917
    outer loop
      vertex -16.2272 13.3155 8
      vertex -17.4535 11.662 8
      vertex -10.8091 7.22241 16.99
    endloop
  endfacet
  facet normal -0.74038 0.105769 0.663815
    outer loop
      vertex -20.588 4.09376 8
      vertex -12.7502 2.53617 16.99
      vertex -20.5878 4.09516 8
    endloop
  endfacet
  facet normal -0.739711 0.10973 0.663918
    outer loop
      vertex -12.7502 2.53617 16.99
      vertex -20.588 4.09376 8
      vertex -12.9374 1.27422 16.99
    endloop
  endfacet
  facet normal -0.641407 0.384463 0.663916
    outer loop
      vertex -18.5118 9.89636 8
      vertex -11.465 6.12816 16.99
      vertex -10.8091 7.22241 16.99
    endloop
  endfacet
  facet normal -0.648408 0.372037 0.664195
    outer loop
      vertex -11.465 6.12816 16.99
      vertex -18.5118 9.89636 8
      vertex -18.5125 9.89514 8
    endloop
  endfacet
  facet normal 0.181707 -0.725395 0.663916
    outer loop
      vertex 6.0934 -20.0872 8
      vertex 3.7737 -12.4402 16.99
      vertex 4.09654 -20.5874 8
    endloop
  endfacet
  facet normal -0.641412 -0.384454 0.663917
    outer loop
      vertex -10.8091 -7.22241 16.99
      vertex -18.5118 -9.89636 8
      vertex -17.4535 -11.662 8
    endloop
  endfacet
  facet normal -0.0366941 0.746906 0.663916
    outer loop
      vertex -2.05607 20.8901 8
      vertex -1.27422 12.9374 16.99
      vertex 0 13 16.99
    endloop
  endfacet
  facet normal -0.0525135 0.745692 0.664218
    outer loop
      vertex -1.27422 12.9374 16.99
      vertex -2.05607 20.8901 8
      vertex -2.05749 20.89 8
    endloop
  endfacet
  facet normal 0.725393 -0.18171 0.663918
    outer loop
      vertex 12.4402 -3.7737 16.99
      vertex 20.5878 -4.09516 8
      vertex 12.7502 -2.53617 16.99
    endloop
  endfacet
  facet normal 0.720884 -0.208952 0.660806
    outer loop
      vertex 20.5878 -4.09516 8
      vertex 12.4402 -3.7737 16.99
      vertex 20.5874 -4.09654 8
    endloop
  endfacet
  facet normal -0.10973 0.739711 0.663918
    outer loop
      vertex -4.09376 20.588 8
      vertex -2.53617 12.7502 16.99
      vertex -1.27422 12.9374 16.99
    endloop
  endfacet
  facet normal -0.105769 0.74038 0.663815
    outer loop
      vertex -2.53617 12.7502 16.99
      vertex -4.09376 20.588 8
      vertex -4.09516 20.5878 8
    endloop
  endfacet
  facet normal 0.676002 -0.319745 0.663916
    outer loop
      vertex 19.3927 -8.03423 8
      vertex 11.465 -6.12816 16.99
      vertex 18.5125 -9.89514 8
    endloop
  endfacet
  facet normal 0.10973 -0.739711 0.663918
    outer loop
      vertex 4.09376 -20.588 8
      vertex 2.53617 -12.7502 16.99
      vertex 1.27422 -12.9374 16.99
    endloop
  endfacet
  facet normal 0.105769 -0.74038 0.663815
    outer loop
      vertex 2.53617 -12.7502 16.99
      vertex 4.09376 -20.588 8
      vertex 4.09516 -20.5878 8
    endloop
  endfacet
  facet normal 0.502186 0.554098 0.663916
    outer loop
      vertex 13.3166 16.2263 8
      vertex 8.24711 10.0491 16.99
      vertex 14.8419 14.8439 8
    endloop
  endfacet
  facet normal 0.554098 -0.502186 0.663916
    outer loop
      vertex 16.2263 -13.3166 8
      vertex 10.0491 -8.24711 16.99
      vertex 14.8439 -14.8419 8
    endloop
  endfacet
  facet normal 0.0366902 -0.746907 0.663916
    outer loop
      vertex 0 -13 16.99
      vertex 0 -20.9911 8
      vertex 2.05607 -20.8901 8
    endloop
  endfacet
  facet normal -0.181707 -0.725395 0.663916
    outer loop
      vertex -3.7737 -12.4402 16.99
      vertex -6.0934 -20.0872 8
      vertex -4.09654 -20.5874 8
    endloop
  endfacet
  facet normal 0.319698 -0.67602 0.663921
    outer loop
      vertex 8.03295 -19.3933 8
      vertex 6.12816 -11.465 16.99
      vertex 4.97488 -12.0104 16.99
    endloop
  endfacet
  facet normal 0.317294 -0.676894 0.664182
    outer loop
      vertex 6.12816 -11.465 16.99
      vertex 8.03295 -19.3933 8
      vertex 8.03423 -19.3927 8
    endloop
  endfacet
  facet normal 0.600647 -0.445463 0.663917
    outer loop
      vertex 17.4535 -11.662 8
      vertex 10.8091 -7.22241 16.99
      vertex 16.2272 -13.3155 8
    endloop
  endfacet
  facet normal 0.600647 0.445463 0.663917
    outer loop
      vertex 16.2272 13.3155 8
      vertex 10.8091 7.22241 16.99
      vertex 17.4535 11.662 8
    endloop
  endfacet
  facet normal -0.502184 -0.554101 0.663915
    outer loop
      vertex -9.19239 -9.19239 16.99
      vertex -14.8419 -14.8439 8
      vertex -8.24711 -10.0491 16.99
    endloop
  endfacet
  facet normal -0.474324 -0.579729 0.662519
    outer loop
      vertex -14.8419 -14.8439 8
      vertex -9.19239 -9.19239 16.99
      vertex -14.843 -14.843 8
    endloop
  endfacet
  facet normal -0.739711 -0.10973 0.663918
    outer loop
      vertex -20.588 -4.09376 8
      vertex -12.7502 -2.53617 16.99
      vertex -12.9374 -1.27422 16.99
    endloop
  endfacet
  facet normal -0.74038 -0.105769 0.663815
    outer loop
      vertex -12.7502 -2.53617 16.99
      vertex -20.588 -4.09376 8
      vertex -20.5878 -4.09516 8
    endloop
  endfacet
  facet normal -0.725395 -0.181707 0.663916
    outer loop
      vertex -12.4402 -3.7737 16.99
      vertex -20.5874 -4.09654 8
      vertex -20.0872 -6.0934 8
    endloop
  endfacet
  facet normal -0.502186 0.554098 0.663916
    outer loop
      vertex -13.3166 16.2263 8
      vertex -14.8419 14.8439 8
      vertex -8.24711 10.0491 16.99
    endloop
  endfacet
  facet normal 0.739716 0.109708 0.663915
    outer loop
      vertex 20.588 4.09376 8
      vertex 12.9374 1.27422 16.99
      vertex 20.89 2.05749 8
    endloop
  endfacet
  facet normal -0.109708 0.739716 0.663915
    outer loop
      vertex -2.05749 20.89 8
      vertex -4.09376 20.588 8
      vertex -1.27422 12.9374 16.99
    endloop
  endfacet
  facet normal -0.251926 0.704091 0.66392
    outer loop
      vertex -6.09473 20.0868 8
      vertex -8.03295 19.3933 8
      vertex -4.97488 12.0104 16.99
    endloop
  endfacet
  facet normal 0.474324 -0.579729 0.662519
    outer loop
      vertex 9.19239 -9.19239 16.99
      vertex 14.8419 -14.8439 8
      vertex 14.843 -14.843 8
    endloop
  endfacet
  facet normal 0.502184 -0.554101 0.663915
    outer loop
      vertex 14.8419 -14.8439 8
      vertex 9.19239 -9.19239 16.99
      vertex 8.24711 -10.0491 16.99
    endloop
  endfacet
  facet normal 0.739716 -0.109708 0.663915
    outer loop
      vertex 20.89 -2.05749 8
      vertex 12.9374 -1.27422 16.99
      vertex 20.588 -4.09376 8
    endloop
  endfacet
  facet normal 0.746906 -0.0366941 0.663916
    outer loop
      vertex 12.9374 -1.27422 16.99
      vertex 20.8901 -2.05607 8
      vertex 13 0 16.99
    endloop
  endfacet
  facet normal 0.745692 -0.0525135 0.664218
    outer loop
      vertex 20.8901 -2.05607 8
      vertex 12.9374 -1.27422 16.99
      vertex 20.89 -2.05749 8
    endloop
  endfacet
  facet normal 0.384463 -0.641407 0.663916
    outer loop
      vertex 6.12816 -11.465 16.99
      vertex 9.89636 -18.5118 8
      vertex 7.22241 -10.8091 16.99
    endloop
  endfacet
  facet normal 0.372037 -0.648408 0.664195
    outer loop
      vertex 9.89636 -18.5118 8
      vertex 6.12816 -11.465 16.99
      vertex 9.89514 -18.5125 8
    endloop
  endfacet
  facet normal -0.579729 0.474324 0.662519
    outer loop
      vertex -14.8439 14.8419 8
      vertex -9.19239 9.19239 16.99
      vertex -14.843 14.843 8
    endloop
  endfacet
  facet normal -0.554101 0.502184 0.663915
    outer loop
      vertex -9.19239 9.19239 16.99
      vertex -14.8439 14.8419 8
      vertex -10.0491 8.24711 16.99
    endloop
  endfacet
  facet normal 0.181707 0.725395 0.663916
    outer loop
      vertex 4.09654 20.5874 8
      vertex 3.7737 12.4402 16.99
      vertex 6.0934 20.0872 8
    endloop
  endfacet
  facet normal 0.704091 0.251926 0.66392
    outer loop
      vertex 19.3933 8.03295 8
      vertex 12.0104 4.97488 16.99
      vertex 20.0868 6.09473 8
    endloop
  endfacet
  facet normal -0.676002 0.319745 0.663916
    outer loop
      vertex -18.5125 9.89514 8
      vertex -19.3927 8.03423 8
      vertex -11.465 6.12816 16.99
    endloop
  endfacet
  facet normal 0.704092 -0.251934 0.663916
    outer loop
      vertex 12.0104 -4.97488 16.99
      vertex 20.0872 -6.0934 8
      vertex 12.4402 -3.7737 16.99
    endloop
  endfacet
  facet normal 0.71315 -0.214481 0.667394
    outer loop
      vertex 20.0872 -6.0934 8
      vertex 12.0104 -4.97488 16.99
      vertex 20.0868 -6.09473 8
    endloop
  endfacet
  facet normal 0.67602 -0.319698 0.663921
    outer loop
      vertex 11.465 -6.12816 16.99
      vertex 19.3933 -8.03295 8
      vertex 12.0104 -4.97488 16.99
    endloop
  endfacet
  facet normal 0.676894 -0.317294 0.664182
    outer loop
      vertex 19.3933 -8.03295 8
      vertex 11.465 -6.12816 16.99
      vertex 19.3927 -8.03423 8
    endloop
  endfacet
  facet normal -0.445463 -0.600647 0.663917
    outer loop
      vertex -7.22241 -10.8091 16.99
      vertex -13.3155 -16.2272 8
      vertex -11.662 -17.4535 8
    endloop
  endfacet
  facet normal 0.704091 -0.251926 0.66392
    outer loop
      vertex 20.0868 -6.09473 8
      vertex 12.0104 -4.97488 16.99
      vertex 19.3933 -8.03295 8
    endloop
  endfacet
  facet normal -0.0366902 0.746907 0.663916
    outer loop
      vertex 0 20.9911 8
      vertex -2.05607 20.8901 8
      vertex 0 13 16.99
    endloop
  endfacet
  facet normal 0.676894 0.317294 0.664182
    outer loop
      vertex 11.465 6.12816 16.99
      vertex 19.3933 8.03295 8
      vertex 19.3927 8.03423 8
    endloop
  endfacet
  facet normal 0.67602 0.319698 0.663921
    outer loop
      vertex 19.3933 8.03295 8
      vertex 11.465 6.12816 16.99
      vertex 12.0104 4.97488 16.99
    endloop
  endfacet
  facet normal 0.445463 0.600647 0.663917
    outer loop
      vertex 11.662 17.4535 8
      vertex 7.22241 10.8091 16.99
      vertex 13.3155 16.2272 8
    endloop
  endfacet
  facet normal -0.181707 0.725395 0.663916
    outer loop
      vertex -4.09654 20.5874 8
      vertex -6.0934 20.0872 8
      vertex -3.7737 12.4402 16.99
    endloop
  endfacet
  facet normal 0.319745 -0.676002 0.663916
    outer loop
      vertex 9.89514 -18.5125 8
      vertex 6.12816 -11.465 16.99
      vertex 8.03423 -19.3927 8
    endloop
  endfacet
  facet normal -0.704091 -0.251926 0.66392
    outer loop
      vertex -12.0104 -4.97488 16.99
      vertex -20.0868 -6.09473 8
      vertex -19.3933 -8.03295 8
    endloop
  endfacet
  facet normal 0.105769 0.74038 0.663815
    outer loop
      vertex 4.09376 20.588 8
      vertex 2.53617 12.7502 16.99
      vertex 4.09516 20.5878 8
    endloop
  endfacet
  facet normal 0.10973 0.739711 0.663918
    outer loop
      vertex 2.53617 12.7502 16.99
      vertex 4.09376 20.588 8
      vertex 1.27422 12.9374 16.99
    endloop
  endfacet
  facet normal 0.502186 -0.554098 0.663916
    outer loop
      vertex 14.8419 -14.8439 8
      vertex 8.24711 -10.0491 16.99
      vertex 13.3166 -16.2263 8
    endloop
  endfacet
  facet normal 0.648408 -0.372037 0.664195
    outer loop
      vertex 11.465 -6.12816 16.99
      vertex 18.5118 -9.89636 8
      vertex 18.5125 -9.89514 8
    endloop
  endfacet
  facet normal 0.641407 -0.384463 0.663916
    outer loop
      vertex 18.5118 -9.89636 8
      vertex 11.465 -6.12816 16.99
      vertex 10.8091 -7.22241 16.99
    endloop
  endfacet
  facet normal 0.720884 0.208952 0.660806
    outer loop
      vertex 12.4402 3.7737 16.99
      vertex 20.5878 4.09516 8
      vertex 20.5874 4.09654 8
    endloop
  endfacet
  facet normal 0.725393 0.18171 0.663918
    outer loop
      vertex 20.5878 4.09516 8
      vertex 12.4402 3.7737 16.99
      vertex 12.7502 2.53617 16.99
    endloop
  endfacet
  facet normal 0.74038 0.105769 0.663815
    outer loop
      vertex 12.7502 2.53617 16.99
      vertex 20.588 4.09376 8
      vertex 20.5878 4.09516 8
    endloop
  endfacet
  facet normal 0.739711 0.10973 0.663918
    outer loop
      vertex 20.588 4.09376 8
      vertex 12.7502 2.53617 16.99
      vertex 12.9374 1.27422 16.99
    endloop
  endfacet
  facet normal 0.745692 0.0525135 0.664218
    outer loop
      vertex 12.9374 1.27422 16.99
      vertex 20.8901 2.05607 8
      vertex 20.89 2.05749 8
    endloop
  endfacet
  facet normal 0.746906 0.0366941 0.663916
    outer loop
      vertex 20.8901 2.05607 8
      vertex 12.9374 1.27422 16.99
      vertex 13 0 16.99
    endloop
  endfacet
  facet normal 0.372037 0.648408 0.664195
    outer loop
      vertex 6.12816 11.465 16.99
      vertex 9.89636 18.5118 8
      vertex 9.89514 18.5125 8
    endloop
  endfacet
  facet normal 0.384463 0.641407 0.663916
    outer loop
      vertex 9.89636 18.5118 8
      vertex 6.12816 11.465 16.99
      vertex 7.22241 10.8091 16.99
    endloop
  endfacet
  facet normal -0.676894 0.317294 0.664182
    outer loop
      vertex -19.3933 8.03295 8
      vertex -11.465 6.12816 16.99
      vertex -19.3927 8.03423 8
    endloop
  endfacet
  facet normal -0.67602 0.319698 0.663921
    outer loop
      vertex -11.465 6.12816 16.99
      vertex -19.3933 8.03295 8
      vertex -12.0104 4.97488 16.99
    endloop
  endfacet
  facet normal 0.739711 -0.10973 0.663918
    outer loop
      vertex 12.7502 -2.53617 16.99
      vertex 20.588 -4.09376 8
      vertex 12.9374 -1.27422 16.99
    endloop
  endfacet
  facet normal 0.74038 -0.105769 0.663815
    outer loop
      vertex 20.588 -4.09376 8
      vertex 12.7502 -2.53617 16.99
      vertex 20.5878 -4.09516 8
    endloop
  endfacet
  facet normal 0.445463 -0.600647 0.663917
    outer loop
      vertex 13.3155 -16.2272 8
      vertex 7.22241 -10.8091 16.99
      vertex 11.662 -17.4535 8
    endloop
  endfacet
  facet normal 0.109708 -0.739716 0.663915
    outer loop
      vertex 4.09376 -20.588 8
      vertex 1.27422 -12.9374 16.99
      vertex 2.05749 -20.89 8
    endloop
  endfacet
  facet normal 0.384454 0.641412 0.663917
    outer loop
      vertex 9.89636 18.5118 8
      vertex 7.22241 10.8091 16.99
      vertex 11.662 17.4535 8
    endloop
  endfacet
  facet normal 0.208952 0.720884 0.660806
    outer loop
      vertex 4.09516 20.5878 8
      vertex 3.7737 12.4402 16.99
      vertex 4.09654 20.5874 8
    endloop
  endfacet
  facet normal 0.18171 0.725393 0.663918
    outer loop
      vertex 3.7737 12.4402 16.99
      vertex 4.09516 20.5878 8
      vertex 2.53617 12.7502 16.99
    endloop
  endfacet
  facet normal -0.109708 -0.739716 0.663915
    outer loop
      vertex -1.27422 -12.9374 16.99
      vertex -4.09376 -20.588 8
      vertex -2.05749 -20.89 8
    endloop
  endfacet
  facet normal -0.251934 0.704092 0.663916
    outer loop
      vertex -6.0934 20.0872 8
      vertex -4.97488 12.0104 16.99
      vertex -3.7737 12.4402 16.99
    endloop
  endfacet
  facet normal -0.214481 0.71315 0.667394
    outer loop
      vertex -4.97488 12.0104 16.99
      vertex -6.0934 20.0872 8
      vertex -6.09473 20.0868 8
    endloop
  endfacet
  facet normal -0.502184 0.554101 0.663915
    outer loop
      vertex -14.8419 14.8439 8
      vertex -9.19239 9.19239 16.99
      vertex -8.24711 10.0491 16.99
    endloop
  endfacet
  facet normal -0.474324 0.579729 0.662519
    outer loop
      vertex -9.19239 9.19239 16.99
      vertex -14.8419 14.8439 8
      vertex -14.843 14.843 8
    endloop
  endfacet
  facet normal -0.554101 -0.502184 0.663915
    outer loop
      vertex -14.8439 -14.8419 8
      vertex -9.19239 -9.19239 16.99
      vertex -10.0491 -8.24711 16.99
    endloop
  endfacet
  facet normal -0.579729 -0.474324 0.662519
    outer loop
      vertex -9.19239 -9.19239 16.99
      vertex -14.8439 -14.8419 8
      vertex -14.843 -14.843 8
    endloop
  endfacet
  facet normal -0.319745 0.676002 0.663916
    outer loop
      vertex -8.03423 19.3927 8
      vertex -9.89514 18.5125 8
      vertex -6.12816 11.465 16.99
    endloop
  endfacet
  facet normal -0.67602 -0.319698 0.663921
    outer loop
      vertex -19.3933 -8.03295 8
      vertex -11.465 -6.12816 16.99
      vertex -12.0104 -4.97488 16.99
    endloop
  endfacet
  facet normal -0.676894 -0.317294 0.664182
    outer loop
      vertex -11.465 -6.12816 16.99
      vertex -19.3933 -8.03295 8
      vertex -19.3927 -8.03423 8
    endloop
  endfacet
  facet normal -0.704092 -0.251934 0.663916
    outer loop
      vertex -20.0872 -6.0934 8
      vertex -12.0104 -4.97488 16.99
      vertex -12.4402 -3.7737 16.99
    endloop
  endfacet
  facet normal -0.71315 -0.214481 0.667394
    outer loop
      vertex -12.0104 -4.97488 16.99
      vertex -20.0872 -6.0934 8
      vertex -20.0868 -6.09473 8
    endloop
  endfacet
  facet normal 0.384454 -0.641412 0.663917
    outer loop
      vertex 11.662 -17.4535 8
      vertex 7.22241 -10.8091 16.99
      vertex 9.89636 -18.5118 8
    endloop
  endfacet
  facet normal -0.214481 -0.71315 0.667394
    outer loop
      vertex -6.0934 -20.0872 8
      vertex -4.97488 -12.0104 16.99
      vertex -6.09473 -20.0868 8
    endloop
  endfacet
  facet normal -0.251934 -0.704092 0.663916
    outer loop
      vertex -4.97488 -12.0104 16.99
      vertex -6.0934 -20.0872 8
      vertex -3.7737 -12.4402 16.99
    endloop
  endfacet
  facet normal -0.251926 -0.704091 0.66392
    outer loop
      vertex -4.97488 -12.0104 16.99
      vertex -8.03295 -19.3933 8
      vertex -6.09473 -20.0868 8
    endloop
  endfacet
  facet normal -0.739716 -0.109708 0.663915
    outer loop
      vertex -12.9374 -1.27422 16.99
      vertex -20.89 -2.05749 8
      vertex -20.588 -4.09376 8
    endloop
  endfacet
  facet normal 0.71315 0.214481 0.667394
    outer loop
      vertex 12.0104 4.97488 16.99
      vertex 20.0872 6.0934 8
      vertex 20.0868 6.09473 8
    endloop
  endfacet
  facet normal 0.704092 0.251934 0.663916
    outer loop
      vertex 20.0872 6.0934 8
      vertex 12.0104 4.97488 16.99
      vertex 12.4402 3.7737 16.99
    endloop
  endfacet
  facet normal -0.502186 -0.554098 0.663916
    outer loop
      vertex -8.24711 -10.0491 16.99
      vertex -14.8419 -14.8439 8
      vertex -13.3166 -16.2263 8
    endloop
  endfacet
  facet normal -0.384454 -0.641412 0.663917
    outer loop
      vertex -7.22241 -10.8091 16.99
      vertex -11.662 -17.4535 8
      vertex -9.89636 -18.5118 8
    endloop
  endfacet
  facet normal -0.317294 -0.676894 0.664182
    outer loop
      vertex -8.03295 -19.3933 8
      vertex -6.12816 -11.465 16.99
      vertex -8.03423 -19.3927 8
    endloop
  endfacet
  facet normal -0.319698 -0.67602 0.663921
    outer loop
      vertex -6.12816 -11.465 16.99
      vertex -8.03295 -19.3933 8
      vertex -4.97488 -12.0104 16.99
    endloop
  endfacet
  facet normal -0.600647 -0.445463 0.663917
    outer loop
      vertex -10.8091 -7.22241 16.99
      vertex -17.4535 -11.662 8
      vertex -16.2272 -13.3155 8
    endloop
  endfacet
  facet normal -0.445463 0.600647 0.663917
    outer loop
      vertex -11.662 17.4535 8
      vertex -13.3155 16.2272 8
      vertex -7.22241 10.8091 16.99
    endloop
  endfacet
  facet normal -0.600634 -0.445478 0.663919
    outer loop
      vertex -16.2272 -13.3155 8
      vertex -10.0491 -8.24711 16.99
      vertex -10.8091 -7.22241 16.99
    endloop
  endfacet
  facet normal -0.578464 -0.473289 0.664362
    outer loop
      vertex -10.0491 -8.24711 16.99
      vertex -16.2272 -13.3155 8
      vertex -16.2263 -13.3166 8
    endloop
  endfacet
  facet normal -0.427481 0.904024 0
    outer loop
      vertex -4.97488 12.0104 35.4336
      vertex -4.97488 12.0104 16.99
      vertex -5.77511 11.632 35.4336
    endloop
  endfacet
  facet normal -0.427516 0.904008 -1.88234e-06
    outer loop
      vertex -6.12816 11.465 16.99
      vertex -5.77511 11.632 35.4336
      vertex -4.97488 12.0104 16.99
    endloop
  endfacet
  facet normal -0.427596 0.90397 0
    outer loop
      vertex -5.77511 11.632 35.4336
      vertex -6.12816 11.465 16.99
      vertex -6.12816 11.465 35.4336
    endloop
  endfacet
  facet normal 0.989178 0.146721 0
    outer loop
      vertex 12.8075 2.14986 35.4336
      vertex 12.7502 2.53617 16.99
      vertex 12.7502 2.53617 35.4336
    endloop
  endfacet
  facet normal 0.989175 0.146743 -0
    outer loop
      vertex 12.9374 1.27422 16.99
      vertex 12.8075 2.14986 35.4336
      vertex 12.9374 1.27422 35.4336
    endloop
  endfacet
  facet normal 0.989176 0.146736 3.1862e-07
    outer loop
      vertex 12.8075 2.14986 35.4336
      vertex 12.9374 1.27422 16.99
      vertex 12.7502 2.53617 16.99
    endloop
  endfacet
  facet normal 0.998797 0.0490278 0
    outer loop
      vertex 12.9808 0.390072 35.4336
      vertex 12.9374 1.27422 16.99
      vertex 12.9374 1.27422 35.4336
    endloop
  endfacet
  facet normal 0.998791 0.0491622 -0
    outer loop
      vertex 13 0 16.99
      vertex 12.9808 0.390072 35.4336
      vertex 13 0 35.4336
    endloop
  endfacet
  facet normal 0.998795 0.0490689 1.97695e-06
    outer loop
      vertex 12.9808 0.390072 35.4336
      vertex 13 0 16.99
      vertex 12.9374 1.27422 16.99
    endloop
  endfacet
  facet normal 0.970028 0.242993 0
    outer loop
      vertex 12.5351 3.39486 35.4336
      vertex 12.4402 3.7737 16.99
      vertex 12.4402 3.7737 35.4336
    endloop
  endfacet
  facet normal 0.970029 0.24299 -0
    outer loop
      vertex 12.7502 2.53617 16.99
      vertex 12.5351 3.39486 35.4336
      vertex 12.7502 2.53617 35.4336
    endloop
  endfacet
  facet normal 0.970029 0.242991 -5.08718e-08
    outer loop
      vertex 12.5351 3.39486 35.4336
      vertex 12.7502 2.53617 16.99
      vertex 12.4402 3.7737 16.99
    endloop
  endfacet
  facet normal 0.336734 -0.9416 0
    outer loop
      vertex 3.7737 -12.4402 16.99
      vertex 4.14141 -12.3087 35.4336
      vertex 3.7737 -12.4402 35.4336
    endloop
  endfacet
  facet normal 0.336897 -0.941541 -3.67996e-06
    outer loop
      vertex 4.97488 -12.0104 16.99
      vertex 4.14141 -12.3087 35.4336
      vertex 3.7737 -12.4402 16.99
    endloop
  endfacet
  facet normal 0.33697 -0.941516 0
    outer loop
      vertex 4.14141 -12.3087 35.4336
      vertex 4.97488 -12.0104 16.99
      vertex 4.97488 -12.0104 35.4336
    endloop
  endfacet
  facet normal 0.857723 0.514112 0
    outer loop
      vertex 11.2642 6.46314 35.4336
      vertex 10.8091 7.22241 16.99
      vertex 10.8091 7.22241 35.4336
    endloop
  endfacet
  facet normal 0.857705 0.514142 -0
    outer loop
      vertex 11.465 6.12816 16.99
      vertex 11.2642 6.46314 35.4336
      vertex 11.465 6.12816 35.4336
    endloop
  endfacet
  facet normal 0.857718 0.514121 5.10757e-07
    outer loop
      vertex 11.2642 6.46314 35.4336
      vertex 11.465 6.12816 16.99
      vertex 10.8091 7.22241 16.99
    endloop
  endfacet
  facet normal 0.740962 0.671547 0
    outer loop
      vertex 9.45466 8.90301 35.4336
      vertex 9.19239 9.19239 16.99
      vertex 9.19239 9.19239 35.4336
    endloop
  endfacet
  facet normal 0.74097 0.671538 -0
    outer loop
      vertex 10.0491 8.24711 16.99
      vertex 9.45466 8.90301 35.4336
      vertex 10.0491 8.24711 35.4336
    endloop
  endfacet
  facet normal 0.740967 0.671541 -1.63448e-07
    outer loop
      vertex 9.45466 8.90301 35.4336
      vertex 10.0491 8.24711 16.99
      vertex 9.19239 9.19239 16.99
    endloop
  endfacet
  facet normal 0.941516 0.33697 0
    outer loop
      vertex 12.3087 4.14141 35.4336
      vertex 12.0104 4.97488 16.99
      vertex 12.0104 4.97488 35.4336
    endloop
  endfacet
  facet normal 0.9416 0.336734 -0
    outer loop
      vertex 12.4402 3.7737 16.99
      vertex 12.3087 4.14141 35.4336
      vertex 12.4402 3.7737 35.4336
    endloop
  endfacet
  facet normal 0.941541 0.336897 -3.67996e-06
    outer loop
      vertex 12.3087 4.14141 35.4336
      vertex 12.4402 3.7737 16.99
      vertex 12.0104 4.97488 16.99
    endloop
  endfacet
  facet normal 0.803135 0.595797 0
    outer loop
      vertex 10.2818 7.93343 35.4336
      vertex 10.0491 8.24711 16.99
      vertex 10.0491 8.24711 35.4336
    endloop
  endfacet
  facet normal 0.803223 0.595679 -0
    outer loop
      vertex 10.8091 7.22241 16.99
      vertex 10.2818 7.93343 35.4336
      vertex 10.8091 7.22241 35.4336
    endloop
  endfacet
  facet normal 0.803196 0.595715 -2.16278e-06
    outer loop
      vertex 10.2818 7.93343 35.4336
      vertex 10.8091 7.22241 16.99
      vertex 10.0491 8.24711 16.99
    endloop
  endfacet
  facet normal 0.514142 -0.857705 0
    outer loop
      vertex 6.12816 -11.465 16.99
      vertex 6.46314 -11.2642 35.4336
      vertex 6.12816 -11.465 35.4336
    endloop
  endfacet
  facet normal 0.514121 -0.857718 5.10757e-07
    outer loop
      vertex 7.22241 -10.8091 16.99
      vertex 6.46314 -11.2642 35.4336
      vertex 6.12816 -11.465 16.99
    endloop
  endfacet
  facet normal 0.514112 -0.857723 0
    outer loop
      vertex 6.46314 -11.2642 35.4336
      vertex 7.22241 -10.8091 16.99
      vertex 7.22241 -10.8091 35.4336
    endloop
  endfacet
  facet normal -0.803135 0.595797 0
    outer loop
      vertex -10.0491 8.24711 16.99
      vertex -10.2818 7.93343 35.4336
      vertex -10.0491 8.24711 35.4336
    endloop
  endfacet
  facet normal -0.803196 0.595715 -2.16278e-06
    outer loop
      vertex -10.8091 7.22241 16.99
      vertex -10.2818 7.93343 35.4336
      vertex -10.0491 8.24711 16.99
    endloop
  endfacet
  facet normal -0.803223 0.595679 0
    outer loop
      vertex -10.2818 7.93343 35.4336
      vertex -10.8091 7.22241 16.99
      vertex -10.8091 7.22241 35.4336
    endloop
  endfacet
  facet normal -0.514112 -0.857723 0
    outer loop
      vertex -7.22241 -10.8091 16.99
      vertex -6.46314 -11.2642 35.4336
      vertex -7.22241 -10.8091 35.4336
    endloop
  endfacet
  facet normal -0.514121 -0.857718 5.10757e-07
    outer loop
      vertex -6.12816 -11.465 16.99
      vertex -6.46314 -11.2642 35.4336
      vertex -7.22241 -10.8091 16.99
    endloop
  endfacet
  facet normal -0.514142 -0.857705 0
    outer loop
      vertex -6.46314 -11.2642 35.4336
      vertex -6.12816 -11.465 16.99
      vertex -6.12816 -11.465 35.4336
    endloop
  endfacet
  facet normal 0.33697 0.941516 -0
    outer loop
      vertex 4.97488 12.0104 16.99
      vertex 4.14141 12.3087 35.4336
      vertex 4.97488 12.0104 35.4336
    endloop
  endfacet
  facet normal 0.336897 0.941541 -3.67996e-06
    outer loop
      vertex 3.7737 12.4402 16.99
      vertex 4.14141 12.3087 35.4336
      vertex 4.97488 12.0104 16.99
    endloop
  endfacet
  facet normal 0.336734 0.9416 0
    outer loop
      vertex 4.14141 12.3087 35.4336
      vertex 3.7737 12.4402 16.99
      vertex 3.7737 12.4402 35.4336
    endloop
  endfacet
  facet normal -0.242993 -0.970028 -0
    outer loop
      vertex -3.7737 -12.4402 35.4336
      vertex -3.7737 -12.4402 16.99
      vertex -3.39486 -12.5351 35.4336
    endloop
  endfacet
  facet normal -0.242991 -0.970029 -5.08718e-08
    outer loop
      vertex -2.53617 -12.7502 16.99
      vertex -3.39486 -12.5351 35.4336
      vertex -3.7737 -12.4402 16.99
    endloop
  endfacet
  facet normal -0.24299 -0.970029 0
    outer loop
      vertex -3.39486 -12.5351 35.4336
      vertex -2.53617 -12.7502 16.99
      vertex -2.53617 -12.7502 35.4336
    endloop
  endfacet
  facet normal 0.427596 0.90397 -0
    outer loop
      vertex 6.12816 11.465 16.99
      vertex 5.77511 11.632 35.4336
      vertex 6.12816 11.465 35.4336
    endloop
  endfacet
  facet normal 0.427516 0.904008 -1.88234e-06
    outer loop
      vertex 4.97488 12.0104 16.99
      vertex 5.77511 11.632 35.4336
      vertex 6.12816 11.465 16.99
    endloop
  endfacet
  facet normal 0.427481 0.904024 0
    outer loop
      vertex 5.77511 11.632 35.4336
      vertex 4.97488 12.0104 16.99
      vertex 4.97488 12.0104 35.4336
    endloop
  endfacet
  facet normal 0.595679 -0.803223 0
    outer loop
      vertex 7.22241 -10.8091 35.4336
      vertex 7.22241 -10.8091 16.99
      vertex 7.93343 -10.2818 35.4336
    endloop
  endfacet
  facet normal 0.595715 -0.803196 -2.16278e-06
    outer loop
      vertex 8.24711 -10.0491 16.99
      vertex 7.93343 -10.2818 35.4336
      vertex 7.22241 -10.8091 16.99
    endloop
  endfacet
  facet normal 0.595797 -0.803135 0
    outer loop
      vertex 7.93343 -10.2818 35.4336
      vertex 8.24711 -10.0491 16.99
      vertex 8.24711 -10.0491 35.4336
    endloop
  endfacet
  facet normal 0.989175 -0.146743 0
    outer loop
      vertex 12.8075 -2.14986 35.4336
      vertex 12.9374 -1.27422 16.99
      vertex 12.9374 -1.27422 35.4336
    endloop
  endfacet
  facet normal 0.989178 -0.146721 0
    outer loop
      vertex 12.7502 -2.53617 16.99
      vertex 12.8075 -2.14986 35.4336
      vertex 12.7502 -2.53617 35.4336
    endloop
  endfacet
  facet normal 0.989176 -0.146736 3.1862e-07
    outer loop
      vertex 12.8075 -2.14986 35.4336
      vertex 12.7502 -2.53617 16.99
      vertex 12.9374 -1.27422 16.99
    endloop
  endfacet
  facet normal -0.146721 -0.989178 -0
    outer loop
      vertex -2.53617 -12.7502 35.4336
      vertex -2.53617 -12.7502 16.99
      vertex -2.14986 -12.8075 35.4336
    endloop
  endfacet
  facet normal -0.146736 -0.989176 3.1862e-07
    outer loop
      vertex -1.27422 -12.9374 16.99
      vertex -2.14986 -12.8075 35.4336
      vertex -2.53617 -12.7502 16.99
    endloop
  endfacet
  facet normal -0.146743 -0.989175 0
    outer loop
      vertex -2.14986 -12.8075 35.4336
      vertex -1.27422 -12.9374 16.99
      vertex -1.27422 -12.9374 35.4336
    endloop
  endfacet
  facet normal 0.671547 0.740962 -0
    outer loop
      vertex 9.19239 9.19239 16.99
      vertex 8.90301 9.45466 35.4336
      vertex 9.19239 9.19239 35.4336
    endloop
  endfacet
  facet normal 0.671541 0.740967 -1.63448e-07
    outer loop
      vertex 8.24711 10.0491 16.99
      vertex 8.90301 9.45466 35.4336
      vertex 9.19239 9.19239 16.99
    endloop
  endfacet
  facet normal 0.671538 0.74097 0
    outer loop
      vertex 8.90301 9.45466 35.4336
      vertex 8.24711 10.0491 16.99
      vertex 8.24711 10.0491 35.4336
    endloop
  endfacet
  facet normal -0.24299 0.970029 0
    outer loop
      vertex -2.53617 12.7502 16.99
      vertex -3.39486 12.5351 35.4336
      vertex -2.53617 12.7502 35.4336
    endloop
  endfacet
  facet normal -0.242991 0.970029 -5.08718e-08
    outer loop
      vertex -3.7737 12.4402 16.99
      vertex -3.39486 12.5351 35.4336
      vertex -2.53617 12.7502 16.99
    endloop
  endfacet
  facet normal -0.242993 0.970028 0
    outer loop
      vertex -3.39486 12.5351 35.4336
      vertex -3.7737 12.4402 16.99
      vertex -3.7737 12.4402 35.4336
    endloop
  endfacet
  facet normal -0.998791 -0.0491622 0
    outer loop
      vertex -13 0 16.99
      vertex -12.9808 -0.390072 35.4336
      vertex -13 0 35.4336
    endloop
  endfacet
  facet normal -0.998795 -0.0490689 1.97695e-06
    outer loop
      vertex -12.9374 -1.27422 16.99
      vertex -12.9808 -0.390072 35.4336
      vertex -13 0 16.99
    endloop
  endfacet
  facet normal -0.998797 -0.0490278 0
    outer loop
      vertex -12.9808 -0.390072 35.4336
      vertex -12.9374 -1.27422 16.99
      vertex -12.9374 -1.27422 35.4336
    endloop
  endfacet
  facet normal -0.904013 -0.427506 0
    outer loop
      vertex -12.0104 -4.97488 16.99
      vertex -11.7115 -5.60694 35.4336
      vertex -12.0104 -4.97488 35.4336
    endloop
  endfacet
  facet normal -0.904008 -0.427516 -4.30613e-07
    outer loop
      vertex -11.465 -6.12816 16.99
      vertex -11.7115 -5.60694 35.4336
      vertex -12.0104 -4.97488 16.99
    endloop
  endfacet
  facet normal -0.904002 -0.427529 -0
    outer loop
      vertex -11.465 -6.12816 40.1204
      vertex -11.7115 -5.60694 35.4336
      vertex -11.465 -6.12816 16.99
    endloop
  endfacet
  facet normal -0.904002 -0.427529 0
    outer loop
      vertex -11.7115 -5.60694 35.4336
      vertex -11.465 -6.12816 40.1204
      vertex -11.7115 -5.60694 39.9121
    endloop
  endfacet
  facet normal 0.904002 -0.427529 0
    outer loop
      vertex 11.7115 -5.60694 39.9121
      vertex 11.465 -6.12816 40.1204
      vertex 11.7115 -5.60694 35.4336
    endloop
  endfacet
  facet normal 0.904013 -0.427506 0
    outer loop
      vertex 11.7115 -5.60694 35.4336
      vertex 12.0104 -4.97488 16.99
      vertex 12.0104 -4.97488 35.4336
    endloop
  endfacet
  facet normal 0.904002 -0.427529 0
    outer loop
      vertex 11.465 -6.12816 16.99
      vertex 11.7115 -5.60694 35.4336
      vertex 11.465 -6.12816 40.1204
    endloop
  endfacet
  facet normal 0.904008 -0.427516 -4.30613e-07
    outer loop
      vertex 11.7115 -5.60694 35.4336
      vertex 11.465 -6.12816 16.99
      vertex 12.0104 -4.97488 16.99
    endloop
  endfacet
  facet normal 0.970029 -0.24299 0
    outer loop
      vertex 12.5351 -3.39486 35.4336
      vertex 12.7502 -2.53617 16.99
      vertex 12.7502 -2.53617 35.4336
    endloop
  endfacet
  facet normal 0.970028 -0.242993 0
    outer loop
      vertex 12.4402 -3.7737 16.99
      vertex 12.5351 -3.39486 35.4336
      vertex 12.4402 -3.7737 35.4336
    endloop
  endfacet
  facet normal 0.970029 -0.242991 -5.08718e-08
    outer loop
      vertex 12.5351 -3.39486 35.4336
      vertex 12.4402 -3.7737 16.99
      vertex 12.7502 -2.53617 16.99
    endloop
  endfacet
  facet normal -0.0490115 0.998798 -6.98211e-06
    outer loop
      vertex -1 12.9509 35.4336
      vertex -0.452434 12.9778 39.8232
      vertex 0 13 39.6596
    endloop
  endfacet
  facet normal -0.0490673 0.998795 0
    outer loop
      vertex -0.452434 12.9778 39.8232
      vertex -1 12.9509 35.4336
      vertex -1 12.9509 40.0212
    endloop
  endfacet
  facet normal -0.0490409 0.998797 0
    outer loop
      vertex 0 13 16.99
      vertex -1 12.9509 35.4336
      vertex 0 13 39.6596
    endloop
  endfacet
  facet normal -0.0490689 0.998795 -1.52141e-06
    outer loop
      vertex -1.27422 12.9374 16.99
      vertex -1 12.9509 35.4336
      vertex 0 13 16.99
    endloop
  endfacet
  facet normal -0.049171 0.99879 0
    outer loop
      vertex -1 12.9509 35.4336
      vertex -1.27422 12.9374 16.99
      vertex -1.27422 12.9374 35.4336
    endloop
  endfacet
  facet normal -0.970028 0.242993 0
    outer loop
      vertex -12.4402 3.7737 16.99
      vertex -12.5351 3.39486 35.4336
      vertex -12.4402 3.7737 35.4336
    endloop
  endfacet
  facet normal -0.970029 0.242991 -5.08718e-08
    outer loop
      vertex -12.7502 2.53617 16.99
      vertex -12.5351 3.39486 35.4336
      vertex -12.4402 3.7737 16.99
    endloop
  endfacet
  facet normal -0.970029 0.24299 0
    outer loop
      vertex -12.5351 3.39486 35.4336
      vertex -12.7502 2.53617 16.99
      vertex -12.7502 2.53617 35.4336
    endloop
  endfacet
  facet normal -0.9416 -0.336734 0
    outer loop
      vertex -12.4402 -3.7737 16.99
      vertex -12.3087 -4.14141 35.4336
      vertex -12.4402 -3.7737 35.4336
    endloop
  endfacet
  facet normal -0.941541 -0.336897 -3.67996e-06
    outer loop
      vertex -12.0104 -4.97488 16.99
      vertex -12.3087 -4.14141 35.4336
      vertex -12.4402 -3.7737 16.99
    endloop
  endfacet
  facet normal -0.941516 -0.33697 0
    outer loop
      vertex -12.3087 -4.14141 35.4336
      vertex -12.0104 -4.97488 16.99
      vertex -12.0104 -4.97488 35.4336
    endloop
  endfacet
  facet normal -0.336734 0.9416 0
    outer loop
      vertex -3.7737 12.4402 16.99
      vertex -4.14141 12.3087 35.4336
      vertex -3.7737 12.4402 35.4336
    endloop
  endfacet
  facet normal -0.336897 0.941541 -3.67996e-06
    outer loop
      vertex -4.97488 12.0104 16.99
      vertex -4.14141 12.3087 35.4336
      vertex -3.7737 12.4402 16.99
    endloop
  endfacet
  facet normal -0.33697 0.941516 0
    outer loop
      vertex -4.14141 12.3087 35.4336
      vertex -4.97488 12.0104 16.99
      vertex -4.97488 12.0104 35.4336
    endloop
  endfacet
  facet normal -0.989178 0.146721 0
    outer loop
      vertex -12.7502 2.53617 16.99
      vertex -12.8075 2.14986 35.4336
      vertex -12.7502 2.53617 35.4336
    endloop
  endfacet
  facet normal -0.989176 0.146736 3.1862e-07
    outer loop
      vertex -12.9374 1.27422 16.99
      vertex -12.8075 2.14986 35.4336
      vertex -12.7502 2.53617 16.99
    endloop
  endfacet
  facet normal -0.989175 0.146743 0
    outer loop
      vertex -12.8075 2.14986 35.4336
      vertex -12.9374 1.27422 16.99
      vertex -12.9374 1.27422 35.4336
    endloop
  endfacet
  facet normal 0.998791 -0.0491622 0
    outer loop
      vertex 12.9808 -0.390072 35.4336
      vertex 13 0 16.99
      vertex 13 0 35.4336
    endloop
  endfacet
  facet normal 0.998797 -0.0490278 0
    outer loop
      vertex 12.9374 -1.27422 16.99
      vertex 12.9808 -0.390072 35.4336
      vertex 12.9374 -1.27422 35.4336
    endloop
  endfacet
  facet normal 0.998795 -0.0490689 1.97695e-06
    outer loop
      vertex 12.9808 -0.390072 35.4336
      vertex 12.9374 -1.27422 16.99
      vertex 13 0 16.99
    endloop
  endfacet
  facet normal -0.671538 0.74097 0
    outer loop
      vertex -8.24711 10.0491 16.99
      vertex -8.90301 9.45466 35.4336
      vertex -8.24711 10.0491 35.4336
    endloop
  endfacet
  facet normal -0.671541 0.740967 -1.63448e-07
    outer loop
      vertex -9.19239 9.19239 16.99
      vertex -8.90301 9.45466 35.4336
      vertex -8.24711 10.0491 16.99
    endloop
  endfacet
  facet normal -0.671547 0.740962 0
    outer loop
      vertex -8.90301 9.45466 35.4336
      vertex -9.19239 9.19239 16.99
      vertex -9.19239 9.19239 35.4336
    endloop
  endfacet
  facet normal 0.514112 0.857723 -0
    outer loop
      vertex 7.22241 10.8091 16.99
      vertex 6.46314 11.2642 35.4336
      vertex 7.22241 10.8091 35.4336
    endloop
  endfacet
  facet normal 0.514121 0.857718 5.10757e-07
    outer loop
      vertex 6.12816 11.465 16.99
      vertex 6.46314 11.2642 35.4336
      vertex 7.22241 10.8091 16.99
    endloop
  endfacet
  facet normal 0.514142 0.857705 0
    outer loop
      vertex 6.46314 11.2642 35.4336
      vertex 6.12816 11.465 16.99
      vertex 6.12816 11.465 35.4336
    endloop
  endfacet
  facet normal 0.24299 -0.970029 0
    outer loop
      vertex 2.53617 -12.7502 16.99
      vertex 3.39486 -12.5351 35.4336
      vertex 2.53617 -12.7502 35.4336
    endloop
  endfacet
  facet normal 0.242991 -0.970029 -5.08718e-08
    outer loop
      vertex 3.7737 -12.4402 16.99
      vertex 3.39486 -12.5351 35.4336
      vertex 2.53617 -12.7502 16.99
    endloop
  endfacet
  facet normal 0.242993 -0.970028 0
    outer loop
      vertex 3.39486 -12.5351 35.4336
      vertex 3.7737 -12.4402 16.99
      vertex 3.7737 -12.4402 35.4336
    endloop
  endfacet
  facet normal 0.803205 -0.595703 0
    outer loop
      vertex 10.7193 -7.34349 35.4336
      vertex 10.8091 -7.22241 40.2745
      vertex 10.7193 -7.34349 40.2562
    endloop
  endfacet
  facet normal 0.803205 -0.595703 0
    outer loop
      vertex 10.8091 -7.22241 40.2745
      vertex 10.7193 -7.34349 35.4336
      vertex 10.8091 -7.22241 16.99
    endloop
  endfacet
  facet normal 0.803227 -0.595674 3.03555e-07
    outer loop
      vertex 10.2818 -7.93343 35.4336
      vertex 10.8091 -7.22241 16.99
      vertex 10.7193 -7.34349 35.4336
    endloop
  endfacet
  facet normal 0.803135 -0.595797 0
    outer loop
      vertex 10.0491 -8.24711 16.99
      vertex 10.2818 -7.93343 35.4336
      vertex 10.0491 -8.24711 35.4336
    endloop
  endfacet
  facet normal 0.803196 -0.595715 -2.16278e-06
    outer loop
      vertex 10.2818 -7.93343 35.4336
      vertex 10.0491 -8.24711 16.99
      vertex 10.8091 -7.22241 16.99
    endloop
  endfacet
  facet normal 0.857718 -0.514121 0
    outer loop
      vertex 10.8091 -7.22241 16.99
      vertex 11.465 -6.12816 40.1204
      vertex 10.8091 -7.22241 40.2745
    endloop
  endfacet
  facet normal 0.857718 -0.514121 0
    outer loop
      vertex 11.465 -6.12816 40.1204
      vertex 10.8091 -7.22241 16.99
      vertex 11.465 -6.12816 16.99
    endloop
  endfacet
  facet normal 0.595797 0.803135 -0
    outer loop
      vertex 8.24711 10.0491 16.99
      vertex 7.93343 10.2818 35.4336
      vertex 8.24711 10.0491 35.4336
    endloop
  endfacet
  facet normal 0.595715 0.803196 -2.16278e-06
    outer loop
      vertex 7.22241 10.8091 16.99
      vertex 7.93343 10.2818 35.4336
      vertex 8.24711 10.0491 16.99
    endloop
  endfacet
  facet normal 0.595679 0.803223 0
    outer loop
      vertex 7.93343 10.2818 35.4336
      vertex 7.22241 10.8091 16.99
      vertex 7.22241 10.8091 35.4336
    endloop
  endfacet
  facet normal 0.9416 -0.336734 0
    outer loop
      vertex 12.3087 -4.14141 35.4336
      vertex 12.4402 -3.7737 16.99
      vertex 12.4402 -3.7737 35.4336
    endloop
  endfacet
  facet normal 0.941516 -0.33697 0
    outer loop
      vertex 12.0104 -4.97488 16.99
      vertex 12.3087 -4.14141 35.4336
      vertex 12.0104 -4.97488 35.4336
    endloop
  endfacet
  facet normal 0.941541 -0.336897 -3.67996e-06
    outer loop
      vertex 12.3087 -4.14141 35.4336
      vertex 12.0104 -4.97488 16.99
      vertex 12.4402 -3.7737 16.99
    endloop
  endfacet
  facet normal 0.049171 0.99879 0
    outer loop
      vertex 1.27422 12.9374 35.4336
      vertex 1.27422 12.9374 16.99
      vertex 1 12.9509 35.4336
    endloop
  endfacet
  facet normal 0.0490673 0.998795 -0
    outer loop
      vertex 1 12.9509 35.4336
      vertex 0.452434 12.9778 39.8232
      vertex 1 12.9509 40.0212
    endloop
  endfacet
  facet normal 0.0490115 0.998798 -6.98211e-06
    outer loop
      vertex 0.452434 12.9778 39.8232
      vertex 1 12.9509 35.4336
      vertex 0 13 39.6596
    endloop
  endfacet
  facet normal 0.0490689 0.998795 -1.52141e-06
    outer loop
      vertex 0 13 16.99
      vertex 1 12.9509 35.4336
      vertex 1.27422 12.9374 16.99
    endloop
  endfacet
  facet normal 0.0490409 0.998797 0
    outer loop
      vertex 1 12.9509 35.4336
      vertex 0 13 16.99
      vertex 0 13 39.6596
    endloop
  endfacet
  facet normal -0.970029 -0.24299 0
    outer loop
      vertex -12.7502 -2.53617 16.99
      vertex -12.5351 -3.39486 35.4336
      vertex -12.7502 -2.53617 35.4336
    endloop
  endfacet
  facet normal -0.970029 -0.242991 -5.08718e-08
    outer loop
      vertex -12.4402 -3.7737 16.99
      vertex -12.5351 -3.39486 35.4336
      vertex -12.7502 -2.53617 16.99
    endloop
  endfacet
  facet normal -0.970028 -0.242993 0
    outer loop
      vertex -12.5351 -3.39486 35.4336
      vertex -12.4402 -3.7737 16.99
      vertex -12.4402 -3.7737 35.4336
    endloop
  endfacet
  facet normal -0.595679 0.803223 0
    outer loop
      vertex -7.22241 10.8091 35.4336
      vertex -7.22241 10.8091 16.99
      vertex -7.93343 10.2818 35.4336
    endloop
  endfacet
  facet normal -0.595715 0.803196 -2.16278e-06
    outer loop
      vertex -8.24711 10.0491 16.99
      vertex -7.93343 10.2818 35.4336
      vertex -7.22241 10.8091 16.99
    endloop
  endfacet
  facet normal -0.595797 0.803135 0
    outer loop
      vertex -7.93343 10.2818 35.4336
      vertex -8.24711 10.0491 16.99
      vertex -8.24711 10.0491 35.4336
    endloop
  endfacet
  facet normal -0.514142 0.857705 0
    outer loop
      vertex -6.12816 11.465 16.99
      vertex -6.46314 11.2642 35.4336
      vertex -6.12816 11.465 35.4336
    endloop
  endfacet
  facet normal -0.514121 0.857718 5.10757e-07
    outer loop
      vertex -7.22241 10.8091 16.99
      vertex -6.46314 11.2642 35.4336
      vertex -6.12816 11.465 16.99
    endloop
  endfacet
  facet normal -0.514112 0.857723 0
    outer loop
      vertex -6.46314 11.2642 35.4336
      vertex -7.22241 10.8091 16.99
      vertex -7.22241 10.8091 35.4336
    endloop
  endfacet
  facet normal -0.427596 -0.90397 0
    outer loop
      vertex -6.12816 -11.465 16.99
      vertex -5.77511 -11.632 35.4336
      vertex -6.12816 -11.465 35.4336
    endloop
  endfacet
  facet normal -0.427516 -0.904008 -1.88234e-06
    outer loop
      vertex -4.97488 -12.0104 16.99
      vertex -5.77511 -11.632 35.4336
      vertex -6.12816 -11.465 16.99
    endloop
  endfacet
  facet normal -0.427481 -0.904024 0
    outer loop
      vertex -5.77511 -11.632 35.4336
      vertex -4.97488 -12.0104 16.99
      vertex -4.97488 -12.0104 35.4336
    endloop
  endfacet
  facet normal 0.90397 0.427596 0
    outer loop
      vertex 11.632 5.77511 35.4336
      vertex 11.465 6.12816 16.99
      vertex 11.465 6.12816 35.4336
    endloop
  endfacet
  facet normal 0.904024 0.427481 -0
    outer loop
      vertex 12.0104 4.97488 16.99
      vertex 11.632 5.77511 35.4336
      vertex 12.0104 4.97488 35.4336
    endloop
  endfacet
  facet normal 0.904008 0.427516 -1.88234e-06
    outer loop
      vertex 11.632 5.77511 35.4336
      vertex 12.0104 4.97488 16.99
      vertex 11.465 6.12816 16.99
    endloop
  endfacet
  facet normal -0.857723 0.514112 0
    outer loop
      vertex -10.8091 7.22241 16.99
      vertex -11.2642 6.46314 35.4336
      vertex -10.8091 7.22241 35.4336
    endloop
  endfacet
  facet normal -0.857718 0.514121 5.10757e-07
    outer loop
      vertex -11.465 6.12816 16.99
      vertex -11.2642 6.46314 35.4336
      vertex -10.8091 7.22241 16.99
    endloop
  endfacet
  facet normal -0.857705 0.514142 0
    outer loop
      vertex -11.2642 6.46314 35.4336
      vertex -11.465 6.12816 16.99
      vertex -11.465 6.12816 35.4336
    endloop
  endfacet
  facet normal 0.0491622 -0.998791 0
    outer loop
      vertex 0 -13 16.99
      vertex 0.390072 -12.9808 35.4336
      vertex 0 -13 35.4336
    endloop
  endfacet
  facet normal 0.0490689 -0.998795 1.97695e-06
    outer loop
      vertex 1.27422 -12.9374 16.99
      vertex 0.390072 -12.9808 35.4336
      vertex 0 -13 16.99
    endloop
  endfacet
  facet normal 0.0490278 -0.998797 0
    outer loop
      vertex 0.390072 -12.9808 35.4336
      vertex 1.27422 -12.9374 16.99
      vertex 1.27422 -12.9374 35.4336
    endloop
  endfacet
  facet normal -0.857718 -0.514121 0
    outer loop
      vertex -10.8091 -7.22241 16.99
      vertex -11.465 -6.12816 40.1204
      vertex -11.465 -6.12816 16.99
    endloop
  endfacet
  facet normal -0.857718 -0.514121 0
    outer loop
      vertex -11.465 -6.12816 40.1204
      vertex -10.8091 -7.22241 16.99
      vertex -10.8091 -7.22241 40.2745
    endloop
  endfacet
  facet normal -0.803205 -0.595703 0
    outer loop
      vertex -10.8091 -7.22241 16.99
      vertex -10.7193 -7.34349 35.4336
      vertex -10.8091 -7.22241 40.2745
    endloop
  endfacet
  facet normal -0.803227 -0.595674 3.03555e-07
    outer loop
      vertex -10.8091 -7.22241 16.99
      vertex -10.2818 -7.93343 35.4336
      vertex -10.7193 -7.34349 35.4336
    endloop
  endfacet
  facet normal -0.803196 -0.595715 -2.16278e-06
    outer loop
      vertex -10.0491 -8.24711 16.99
      vertex -10.2818 -7.93343 35.4336
      vertex -10.8091 -7.22241 16.99
    endloop
  endfacet
  facet normal -0.803135 -0.595797 0
    outer loop
      vertex -10.2818 -7.93343 35.4336
      vertex -10.0491 -8.24711 16.99
      vertex -10.0491 -8.24711 35.4336
    endloop
  endfacet
  facet normal -0.803205 -0.595703 0
    outer loop
      vertex -10.8091 -7.22241 40.2745
      vertex -10.7193 -7.34349 35.4336
      vertex -10.7193 -7.34349 40.2562
    endloop
  endfacet
  facet normal 0.427481 -0.904024 0
    outer loop
      vertex 4.97488 -12.0104 35.4336
      vertex 4.97488 -12.0104 16.99
      vertex 5.77511 -11.632 35.4336
    endloop
  endfacet
  facet normal 0.427516 -0.904008 -1.88234e-06
    outer loop
      vertex 6.12816 -11.465 16.99
      vertex 5.77511 -11.632 35.4336
      vertex 4.97488 -12.0104 16.99
    endloop
  endfacet
  facet normal 0.427596 -0.90397 0
    outer loop
      vertex 5.77511 -11.632 35.4336
      vertex 6.12816 -11.465 16.99
      vertex 6.12816 -11.465 35.4336
    endloop
  endfacet
  facet normal -0.671547 -0.740962 0
    outer loop
      vertex -9.19239 -9.19239 16.99
      vertex -8.90301 -9.45466 35.4336
      vertex -9.19239 -9.19239 35.4336
    endloop
  endfacet
  facet normal -0.671541 -0.740967 -1.63448e-07
    outer loop
      vertex -8.24711 -10.0491 16.99
      vertex -8.90301 -9.45466 35.4336
      vertex -9.19239 -9.19239 16.99
    endloop
  endfacet
  facet normal -0.671538 -0.74097 0
    outer loop
      vertex -8.90301 -9.45466 35.4336
      vertex -8.24711 -10.0491 16.99
      vertex -8.24711 -10.0491 35.4336
    endloop
  endfacet
  facet normal -0.146743 0.989175 0
    outer loop
      vertex -1.27422 12.9374 35.4336
      vertex -1.27422 12.9374 16.99
      vertex -2.14986 12.8075 35.4336
    endloop
  endfacet
  facet normal -0.146736 0.989176 3.1862e-07
    outer loop
      vertex -2.53617 12.7502 16.99
      vertex -2.14986 12.8075 35.4336
      vertex -1.27422 12.9374 16.99
    endloop
  endfacet
  facet normal -0.146721 0.989178 0
    outer loop
      vertex -2.14986 12.8075 35.4336
      vertex -2.53617 12.7502 16.99
      vertex -2.53617 12.7502 35.4336
    endloop
  endfacet
  facet normal -0.33697 -0.941516 0
    outer loop
      vertex -4.97488 -12.0104 16.99
      vertex -4.14141 -12.3087 35.4336
      vertex -4.97488 -12.0104 35.4336
    endloop
  endfacet
  facet normal -0.336897 -0.941541 -3.67996e-06
    outer loop
      vertex -3.7737 -12.4402 16.99
      vertex -4.14141 -12.3087 35.4336
      vertex -4.97488 -12.0104 16.99
    endloop
  endfacet
  facet normal -0.336734 -0.9416 0
    outer loop
      vertex -4.14141 -12.3087 35.4336
      vertex -3.7737 -12.4402 16.99
      vertex -3.7737 -12.4402 35.4336
    endloop
  endfacet
  facet normal -0.989175 -0.146743 0
    outer loop
      vertex -12.9374 -1.27422 16.99
      vertex -12.8075 -2.14986 35.4336
      vertex -12.9374 -1.27422 35.4336
    endloop
  endfacet
  facet normal -0.989176 -0.146736 3.1862e-07
    outer loop
      vertex -12.7502 -2.53617 16.99
      vertex -12.8075 -2.14986 35.4336
      vertex -12.9374 -1.27422 16.99
    endloop
  endfacet
  facet normal -0.989178 -0.146721 0
    outer loop
      vertex -12.8075 -2.14986 35.4336
      vertex -12.7502 -2.53617 16.99
      vertex -12.7502 -2.53617 35.4336
    endloop
  endfacet
  facet normal 0.146721 0.989178 0
    outer loop
      vertex 2.53617 12.7502 35.4336
      vertex 2.53617 12.7502 16.99
      vertex 2.14986 12.8075 35.4336
    endloop
  endfacet
  facet normal 0.146736 0.989176 3.1862e-07
    outer loop
      vertex 1.27422 12.9374 16.99
      vertex 2.14986 12.8075 35.4336
      vertex 2.53617 12.7502 16.99
    endloop
  endfacet
  facet normal 0.146743 0.989175 0
    outer loop
      vertex 2.14986 12.8075 35.4336
      vertex 1.27422 12.9374 16.99
      vertex 1.27422 12.9374 35.4336
    endloop
  endfacet
  facet normal -0.74097 -0.671538 0
    outer loop
      vertex -10.0491 -8.24711 16.99
      vertex -9.45466 -8.90301 35.4336
      vertex -10.0491 -8.24711 35.4336
    endloop
  endfacet
  facet normal -0.740967 -0.671541 -1.63448e-07
    outer loop
      vertex -9.19239 -9.19239 16.99
      vertex -9.45466 -8.90301 35.4336
      vertex -10.0491 -8.24711 16.99
    endloop
  endfacet
  facet normal -0.740962 -0.671547 0
    outer loop
      vertex -9.45466 -8.90301 35.4336
      vertex -9.19239 -9.19239 16.99
      vertex -9.19239 -9.19239 35.4336
    endloop
  endfacet
  facet normal 0.146743 -0.989175 0
    outer loop
      vertex 1.27422 -12.9374 35.4336
      vertex 1.27422 -12.9374 16.99
      vertex 2.14986 -12.8075 35.4336
    endloop
  endfacet
  facet normal 0.146736 -0.989176 3.1862e-07
    outer loop
      vertex 2.53617 -12.7502 16.99
      vertex 2.14986 -12.8075 35.4336
      vertex 1.27422 -12.9374 16.99
    endloop
  endfacet
  facet normal 0.146721 -0.989178 0
    outer loop
      vertex 2.14986 -12.8075 35.4336
      vertex 2.53617 -12.7502 16.99
      vertex 2.53617 -12.7502 35.4336
    endloop
  endfacet
  facet normal -0.740962 0.671547 0
    outer loop
      vertex -9.19239 9.19239 16.99
      vertex -9.45466 8.90301 35.4336
      vertex -9.19239 9.19239 35.4336
    endloop
  endfacet
  facet normal -0.740967 0.671541 -1.63448e-07
    outer loop
      vertex -10.0491 8.24711 16.99
      vertex -9.45466 8.90301 35.4336
      vertex -9.19239 9.19239 16.99
    endloop
  endfacet
  facet normal -0.74097 0.671538 0
    outer loop
      vertex -9.45466 8.90301 35.4336
      vertex -10.0491 8.24711 16.99
      vertex -10.0491 8.24711 35.4336
    endloop
  endfacet
  facet normal -0.90397 0.427596 0
    outer loop
      vertex -11.465 6.12816 16.99
      vertex -11.632 5.77511 35.4336
      vertex -11.465 6.12816 35.4336
    endloop
  endfacet
  facet normal -0.904008 0.427516 -1.88234e-06
    outer loop
      vertex -12.0104 4.97488 16.99
      vertex -11.632 5.77511 35.4336
      vertex -11.465 6.12816 16.99
    endloop
  endfacet
  facet normal -0.904024 0.427481 0
    outer loop
      vertex -11.632 5.77511 35.4336
      vertex -12.0104 4.97488 16.99
      vertex -12.0104 4.97488 35.4336
    endloop
  endfacet
  facet normal -0.941516 0.33697 0
    outer loop
      vertex -12.0104 4.97488 16.99
      vertex -12.3087 4.14141 35.4336
      vertex -12.0104 4.97488 35.4336
    endloop
  endfacet
  facet normal -0.941541 0.336897 -3.67996e-06
    outer loop
      vertex -12.4402 3.7737 16.99
      vertex -12.3087 4.14141 35.4336
      vertex -12.0104 4.97488 16.99
    endloop
  endfacet
  facet normal -0.9416 0.336734 0
    outer loop
      vertex -12.3087 4.14141 35.4336
      vertex -12.4402 3.7737 16.99
      vertex -12.4402 3.7737 35.4336
    endloop
  endfacet
  facet normal -0.595797 -0.803135 0
    outer loop
      vertex -8.24711 -10.0491 16.99
      vertex -7.93343 -10.2818 35.4336
      vertex -8.24711 -10.0491 35.4336
    endloop
  endfacet
  facet normal -0.595715 -0.803196 -2.16278e-06
    outer loop
      vertex -7.22241 -10.8091 16.99
      vertex -7.93343 -10.2818 35.4336
      vertex -8.24711 -10.0491 16.99
    endloop
  endfacet
  facet normal -0.595679 -0.803223 0
    outer loop
      vertex -7.93343 -10.2818 35.4336
      vertex -7.22241 -10.8091 16.99
      vertex -7.22241 -10.8091 35.4336
    endloop
  endfacet
  facet normal 0.242993 0.970028 0
    outer loop
      vertex 3.7737 12.4402 35.4336
      vertex 3.7737 12.4402 16.99
      vertex 3.39486 12.5351 35.4336
    endloop
  endfacet
  facet normal 0.242991 0.970029 -5.08718e-08
    outer loop
      vertex 2.53617 12.7502 16.99
      vertex 3.39486 12.5351 35.4336
      vertex 3.7737 12.4402 16.99
    endloop
  endfacet
  facet normal 0.24299 0.970029 0
    outer loop
      vertex 3.39486 12.5351 35.4336
      vertex 2.53617 12.7502 16.99
      vertex 2.53617 12.7502 35.4336
    endloop
  endfacet
  facet normal -0.0490278 -0.998797 -0
    outer loop
      vertex -1.27422 -12.9374 35.4336
      vertex -1.27422 -12.9374 16.99
      vertex -0.390072 -12.9808 35.4336
    endloop
  endfacet
  facet normal -0.0490689 -0.998795 1.97695e-06
    outer loop
      vertex 0 -13 16.99
      vertex -0.390072 -12.9808 35.4336
      vertex -1.27422 -12.9374 16.99
    endloop
  endfacet
  facet normal -0.0491622 -0.998791 0
    outer loop
      vertex -0.390072 -12.9808 35.4336
      vertex 0 -13 16.99
      vertex 0 -13 35.4336
    endloop
  endfacet
  facet normal -0.998797 0.0490278 0
    outer loop
      vertex -12.9374 1.27422 16.99
      vertex -12.9808 0.390072 35.4336
      vertex -12.9374 1.27422 35.4336
    endloop
  endfacet
  facet normal -0.998795 0.0490689 1.97695e-06
    outer loop
      vertex -13 0 16.99
      vertex -12.9808 0.390072 35.4336
      vertex -12.9374 1.27422 16.99
    endloop
  endfacet
  facet normal -0.998791 0.0491622 0
    outer loop
      vertex -12.9808 0.390072 35.4336
      vertex -13 0 16.99
      vertex -13 0 35.4336
    endloop
  endfacet
  facet normal 0.74097 -0.671538 0
    outer loop
      vertex 9.45466 -8.90301 35.4336
      vertex 10.0491 -8.24711 16.99
      vertex 10.0491 -8.24711 35.4336
    endloop
  endfacet
  facet normal 0.740962 -0.671547 0
    outer loop
      vertex 9.19239 -9.19239 16.99
      vertex 9.45466 -8.90301 35.4336
      vertex 9.19239 -9.19239 35.4336
    endloop
  endfacet
  facet normal 0.740967 -0.671541 -1.63448e-07
    outer loop
      vertex 9.45466 -8.90301 35.4336
      vertex 9.19239 -9.19239 16.99
      vertex 10.0491 -8.24711 16.99
    endloop
  endfacet
  facet normal 0.671538 -0.74097 0
    outer loop
      vertex 8.24711 -10.0491 16.99
      vertex 8.90301 -9.45466 35.4336
      vertex 8.24711 -10.0491 35.4336
    endloop
  endfacet
  facet normal 0.671541 -0.740967 -1.63448e-07
    outer loop
      vertex 9.19239 -9.19239 16.99
      vertex 8.90301 -9.45466 35.4336
      vertex 8.24711 -10.0491 16.99
    endloop
  endfacet
  facet normal 0.671547 -0.740962 0
    outer loop
      vertex 8.90301 -9.45466 35.4336
      vertex 9.19239 -9.19239 16.99
      vertex 9.19239 -9.19239 35.4336
    endloop
  endfacet
  facet normal -0.989174 -0.146746 0
    outer loop
      vertex 30.5234 28.5048 0
      vertex 30.491 28.7232 3.5
      vertex 30.491 28.7232 0
    endloop
  endfacet
  facet normal -0.989174 -0.146746 0
    outer loop
      vertex 30.491 28.7232 3.5
      vertex 30.5234 28.5048 0
      vertex 30.5234 28.5048 3.5
    endloop
  endfacet
  facet normal -0.99878 -0.0493728 0
    outer loop
      vertex 30.5343 28.2843 0
      vertex 30.5234 28.5048 3.5
      vertex 30.5234 28.5048 0
    endloop
  endfacet
  facet normal -0.99878 -0.0493728 0
    outer loop
      vertex 30.5234 28.5048 3.5
      vertex 30.5343 28.2843 0
      vertex 30.5343 28.2843 3.5
    endloop
  endfacet
  facet normal -0.970089 -0.242749 0
    outer loop
      vertex 30.491 28.7232 0
      vertex 30.4374 28.9374 3.5
      vertex 30.4374 28.9374 0
    endloop
  endfacet
  facet normal -0.970089 -0.242749 0
    outer loop
      vertex 30.4374 28.9374 3.5
      vertex 30.491 28.7232 0
      vertex 30.491 28.7232 3.5
    endloop
  endfacet
  facet normal 0.0493505 -0.998782 0
    outer loop
      vertex 28.0637 30.5234 0
      vertex 28.2843 30.5343 3.5
      vertex 28.0637 30.5234 3.5
    endloop
  endfacet
  facet normal 0.0493505 -0.998782 0
    outer loop
      vertex 28.2843 30.5343 3.5
      vertex 28.0637 30.5234 0
      vertex 28.2843 30.5343 0
    endloop
  endfacet
  facet normal -0.741128 -0.671364 0
    outer loop
      vertex 30.0235 29.7117 0
      vertex 29.8753 29.8753 3.5
      vertex 29.8753 29.8753 0
    endloop
  endfacet
  facet normal -0.741128 -0.671364 0
    outer loop
      vertex 29.8753 29.8753 3.5
      vertex 30.0235 29.7117 0
      vertex 30.0235 29.7117 3.5
    endloop
  endfacet
  facet normal -0.671364 -0.741128 0
    outer loop
      vertex 29.7117 30.0235 0
      vertex 29.8753 29.8753 3.5
      vertex 29.7117 30.0235 3.5
    endloop
  endfacet
  facet normal -0.671364 -0.741128 -0
    outer loop
      vertex 29.8753 29.8753 3.5
      vertex 29.7117 30.0235 0
      vertex 29.8753 29.8753 0
    endloop
  endfacet
  facet normal 0.803196 0.595715 0
    outer loop
      vertex 26.545 26.8569 3.5
      vertex 26.4135 27.0342 0
      vertex 26.4135 27.0342 3.5
    endloop
  endfacet
  facet normal 0.803196 0.595715 0
    outer loop
      vertex 26.4135 27.0342 0
      vertex 26.545 26.8569 3.5
      vertex 26.545 26.8569 0
    endloop
  endfacet
  facet normal 0.336939 -0.941527 0
    outer loop
      vertex 27.4232 30.363 0
      vertex 27.6311 30.4374 3.5
      vertex 27.4232 30.363 3.5
    endloop
  endfacet
  facet normal 0.336939 -0.941527 0
    outer loop
      vertex 27.6311 30.4374 3.5
      vertex 27.4232 30.363 0
      vertex 27.6311 30.4374 0
    endloop
  endfacet
  facet normal 0.242749 -0.970089 0
    outer loop
      vertex 27.6311 30.4374 0
      vertex 27.8453 30.491 3.5
      vertex 27.6311 30.4374 3.5
    endloop
  endfacet
  facet normal 0.242749 -0.970089 0
    outer loop
      vertex 27.8453 30.491 3.5
      vertex 27.6311 30.4374 0
      vertex 27.8453 30.491 0
    endloop
  endfacet
  facet normal -0.941527 -0.336939 0
    outer loop
      vertex 30.4374 28.9374 0
      vertex 30.363 29.1453 3.5
      vertex 30.363 29.1453 0
    endloop
  endfacet
  facet normal -0.941527 -0.336939 0
    outer loop
      vertex 30.363 29.1453 3.5
      vertex 30.4374 28.9374 0
      vertex 30.4374 28.9374 3.5
    endloop
  endfacet
  facet normal -0.146746 -0.989174 0
    outer loop
      vertex 28.5048 30.5234 0
      vertex 28.7232 30.491 3.5
      vertex 28.5048 30.5234 3.5
    endloop
  endfacet
  facet normal -0.146746 -0.989174 -0
    outer loop
      vertex 28.7232 30.491 3.5
      vertex 28.5048 30.5234 0
      vertex 28.7232 30.491 0
    endloop
  endfacet
  facet normal -0.0489209 0.998803 0
    outer loop
      vertex 28.5048 26.0451 0
      vertex 28.2843 26.0343 3.5
      vertex 28.5048 26.0451 3.5
    endloop
  endfacet
  facet normal -0.0489209 0.998803 0
    outer loop
      vertex 28.2843 26.0343 3.5
      vertex 28.5048 26.0451 0
      vertex 28.2843 26.0343 0
    endloop
  endfacet
  facet normal -0.243175 0.969982 0
    outer loop
      vertex 28.9374 26.1312 0
      vertex 28.7232 26.0775 3.5
      vertex 28.9374 26.1312 3.5
    endloop
  endfacet
  facet normal -0.243175 0.969982 0
    outer loop
      vertex 28.7232 26.0775 3.5
      vertex 28.9374 26.1312 0
      vertex 28.7232 26.0775 0
    endloop
  endfacet
  facet normal 0.427541 0.903996 -0
    outer loop
      vertex 27.4232 26.2055 0
      vertex 27.2236 26.2999 3.5
      vertex 27.4232 26.2055 3.5
    endloop
  endfacet
  facet normal 0.427541 0.903996 0
    outer loop
      vertex 27.2236 26.2999 3.5
      vertex 27.4232 26.2055 0
      vertex 27.2236 26.2999 0
    endloop
  endfacet
  facet normal 0.740902 0.671613 0
    outer loop
      vertex 26.6933 26.6933 3.5
      vertex 26.545 26.8569 0
      vertex 26.545 26.8569 3.5
    endloop
  endfacet
  facet normal 0.740902 0.671613 0
    outer loop
      vertex 26.545 26.8569 0
      vertex 26.6933 26.6933 3.5
      vertex 26.6933 26.6933 0
    endloop
  endfacet
  facet normal 0.989174 -0.146746 0
    outer loop
      vertex 26.0451 28.5048 3.5
      vertex 26.0775 28.7232 0
      vertex 26.0775 28.7232 3.5
    endloop
  endfacet
  facet normal 0.989174 -0.146746 0
    outer loop
      vertex 26.0775 28.7232 0
      vertex 26.0451 28.5048 3.5
      vertex 26.0451 28.5048 0
    endloop
  endfacet
  facet normal 0.969982 0.243175 0
    outer loop
      vertex 26.1312 27.6311 3.5
      vertex 26.0775 27.8453 0
      vertex 26.0775 27.8453 3.5
    endloop
  endfacet
  facet normal 0.969982 0.243175 0
    outer loop
      vertex 26.0775 27.8453 0
      vertex 26.1312 27.6311 3.5
      vertex 26.1312 27.6311 0
    endloop
  endfacet
  facet normal 0.998804 0.0488988 0
    outer loop
      vertex 26.0451 28.0637 3.5
      vertex 26.0343 28.2843 0
      vertex 26.0343 28.2843 3.5
    endloop
  endfacet
  facet normal 0.998804 0.0488988 0
    outer loop
      vertex 26.0343 28.2843 0
      vertex 26.0451 28.0637 3.5
      vertex 26.0451 28.0637 0
    endloop
  endfacet
  facet normal -0.0493728 -0.99878 0
    outer loop
      vertex 28.2843 30.5343 0
      vertex 28.5048 30.5234 3.5
      vertex 28.2843 30.5343 3.5
    endloop
  endfacet
  facet normal -0.0493728 -0.99878 -0
    outer loop
      vertex 28.5048 30.5234 3.5
      vertex 28.2843 30.5343 0
      vertex 28.5048 30.5234 0
    endloop
  endfacet
  facet normal 0.803357 -0.595498 0
    outer loop
      vertex 26.4135 29.5343 3.5
      vertex 26.545 29.7117 0
      vertex 26.545 29.7117 3.5
    endloop
  endfacet
  facet normal 0.803357 -0.595498 0
    outer loop
      vertex 26.545 29.7117 0
      vertex 26.4135 29.5343 3.5
      vertex 26.4135 29.5343 0
    endloop
  endfacet
  facet normal -0.857773 -0.514029 0
    outer loop
      vertex 30.2686 29.3449 0
      vertex 30.1551 29.5343 3.5
      vertex 30.1551 29.5343 0
    endloop
  endfacet
  facet normal -0.857773 -0.514029 0
    outer loop
      vertex 30.1551 29.5343 3.5
      vertex 30.2686 29.3449 0
      vertex 30.2686 29.3449 3.5
    endloop
  endfacet
  facet normal 0.998803 -0.0489209 0
    outer loop
      vertex 26.0343 28.2843 3.5
      vertex 26.0451 28.5048 0
      vertex 26.0451 28.5048 3.5
    endloop
  endfacet
  facet normal 0.998803 -0.0489209 0
    outer loop
      vertex 26.0451 28.5048 0
      vertex 26.0343 28.2843 3.5
      vertex 26.0343 28.2843 0
    endloop
  endfacet
  facet normal -0.514363 0.857573 0
    outer loop
      vertex 29.5343 26.4135 0
      vertex 29.3449 26.2999 3.5
      vertex 29.5343 26.4135 3.5
    endloop
  endfacet
  facet normal -0.514363 0.857573 0
    outer loop
      vertex 29.3449 26.2999 3.5
      vertex 29.5343 26.4135 0
      vertex 29.3449 26.2999 0
    endloop
  endfacet
  facet normal -0.903996 -0.427541 0
    outer loop
      vertex 30.363 29.1453 0
      vertex 30.2686 29.3449 3.5
      vertex 30.2686 29.3449 0
    endloop
  endfacet
  facet normal -0.903996 -0.427541 0
    outer loop
      vertex 30.2686 29.3449 3.5
      vertex 30.363 29.1453 0
      vertex 30.363 29.1453 3.5
    endloop
  endfacet
  facet normal -0.941527 0.336939 0
    outer loop
      vertex 30.363 27.4232 0
      vertex 30.4374 27.6311 3.5
      vertex 30.4374 27.6311 0
    endloop
  endfacet
  facet normal -0.941527 0.336939 0
    outer loop
      vertex 30.4374 27.6311 3.5
      vertex 30.363 27.4232 0
      vertex 30.363 27.4232 3.5
    endloop
  endfacet
  facet normal 0.243175 0.969982 -0
    outer loop
      vertex 27.8453 26.0775 0
      vertex 27.6311 26.1312 3.5
      vertex 27.8453 26.0775 3.5
    endloop
  endfacet
  facet normal 0.243175 0.969982 0
    outer loop
      vertex 27.6311 26.1312 3.5
      vertex 27.8453 26.0775 0
      vertex 27.6311 26.1312 0
    endloop
  endfacet
  facet normal 0.857573 0.514363 0
    outer loop
      vertex 26.4135 27.0342 3.5
      vertex 26.2999 27.2236 0
      vertex 26.2999 27.2236 3.5
    endloop
  endfacet
  facet normal 0.857573 0.514363 0
    outer loop
      vertex 26.2999 27.2236 0
      vertex 26.4135 27.0342 3.5
      vertex 26.4135 27.0342 0
    endloop
  endfacet
  facet normal -0.903996 0.427541 0
    outer loop
      vertex 30.2686 27.2236 0
      vertex 30.363 27.4232 3.5
      vertex 30.363 27.4232 0
    endloop
  endfacet
  facet normal -0.903996 0.427541 0
    outer loop
      vertex 30.363 27.4232 3.5
      vertex 30.2686 27.2236 0
      vertex 30.2686 27.2236 3.5
    endloop
  endfacet
  facet normal 0.969982 -0.243175 0
    outer loop
      vertex 26.0775 28.7232 3.5
      vertex 26.1312 28.9374 0
      vertex 26.1312 28.9374 3.5
    endloop
  endfacet
  facet normal 0.969982 -0.243175 0
    outer loop
      vertex 26.1312 28.9374 0
      vertex 26.0775 28.7232 3.5
      vertex 26.0775 28.7232 0
    endloop
  endfacet
  facet normal -0.336537 0.94167 0
    outer loop
      vertex 29.1453 26.2055 0
      vertex 28.9374 26.1312 3.5
      vertex 29.1453 26.2055 3.5
    endloop
  endfacet
  facet normal -0.336537 0.94167 0
    outer loop
      vertex 28.9374 26.1312 3.5
      vertex 29.1453 26.2055 0
      vertex 28.9374 26.1312 0
    endloop
  endfacet
  facet normal 0.0488988 0.998804 -0
    outer loop
      vertex 28.2843 26.0343 0
      vertex 28.0637 26.0451 3.5
      vertex 28.2843 26.0343 3.5
    endloop
  endfacet
  facet normal 0.0488988 0.998804 0
    outer loop
      vertex 28.0637 26.0451 3.5
      vertex 28.2843 26.0343 0
      vertex 28.0637 26.0451 0
    endloop
  endfacet
  facet normal 0.146746 -0.989174 0
    outer loop
      vertex 27.8453 30.491 0
      vertex 28.0637 30.5234 3.5
      vertex 27.8453 30.491 3.5
    endloop
  endfacet
  facet normal 0.146746 -0.989174 0
    outer loop
      vertex 28.0637 30.5234 3.5
      vertex 27.8453 30.491 0
      vertex 28.0637 30.5234 0
    endloop
  endfacet
  facet normal 0.671364 -0.741128 0
    outer loop
      vertex 26.6933 29.8753 0
      vertex 26.8569 30.0235 3.5
      vertex 26.6933 29.8753 3.5
    endloop
  endfacet
  facet normal 0.671364 -0.741128 0
    outer loop
      vertex 26.8569 30.0235 3.5
      vertex 26.6933 29.8753 0
      vertex 26.8569 30.0235 0
    endloop
  endfacet
  facet normal 0.596007 -0.802979 0
    outer loop
      vertex 26.8569 30.0235 0
      vertex 27.0342 30.1551 3.5
      vertex 26.8569 30.0235 3.5
    endloop
  endfacet
  facet normal 0.596007 -0.802979 0
    outer loop
      vertex 27.0342 30.1551 3.5
      vertex 26.8569 30.0235 0
      vertex 27.0342 30.1551 0
    endloop
  endfacet
  facet normal -0.80314 -0.59579 0
    outer loop
      vertex 30.1551 29.5343 0
      vertex 30.0235 29.7117 3.5
      vertex 30.0235 29.7117 0
    endloop
  endfacet
  facet normal -0.80314 -0.59579 0
    outer loop
      vertex 30.0235 29.7117 3.5
      vertex 30.1551 29.5343 0
      vertex 30.1551 29.5343 3.5
    endloop
  endfacet
  facet normal -0.242749 -0.970089 0
    outer loop
      vertex 28.7232 30.491 0
      vertex 28.9374 30.4374 3.5
      vertex 28.7232 30.491 3.5
    endloop
  endfacet
  facet normal -0.242749 -0.970089 -0
    outer loop
      vertex 28.9374 30.4374 3.5
      vertex 28.7232 30.491 0
      vertex 28.9374 30.4374 0
    endloop
  endfacet
  facet normal -0.998782 0.0493505 0
    outer loop
      vertex 30.5234 28.0637 0
      vertex 30.5343 28.2843 3.5
      vertex 30.5343 28.2843 0
    endloop
  endfacet
  facet normal -0.998782 0.0493505 0
    outer loop
      vertex 30.5343 28.2843 3.5
      vertex 30.5234 28.0637 0
      vertex 30.5234 28.0637 3.5
    endloop
  endfacet
  facet normal 0.671613 0.740902 -0
    outer loop
      vertex 26.8569 26.545 0
      vertex 26.6933 26.6933 3.5
      vertex 26.8569 26.545 3.5
    endloop
  endfacet
  facet normal 0.671613 0.740902 0
    outer loop
      vertex 26.6933 26.6933 3.5
      vertex 26.8569 26.545 0
      vertex 26.6933 26.6933 0
    endloop
  endfacet
  facet normal 0.857573 -0.514363 0
    outer loop
      vertex 26.2999 29.3449 3.5
      vertex 26.4135 29.5343 0
      vertex 26.4135 29.5343 3.5
    endloop
  endfacet
  facet normal 0.857573 -0.514363 0
    outer loop
      vertex 26.4135 29.5343 0
      vertex 26.2999 29.3449 3.5
      vertex 26.2999 29.3449 0
    endloop
  endfacet
  facet normal -0.427541 0.903996 0
    outer loop
      vertex 29.3449 26.2999 0
      vertex 29.1453 26.2055 3.5
      vertex 29.3449 26.2999 3.5
    endloop
  endfacet
  facet normal -0.427541 0.903996 0
    outer loop
      vertex 29.1453 26.2055 3.5
      vertex 29.3449 26.2999 0
      vertex 29.1453 26.2055 0
    endloop
  endfacet
  facet normal -0.514029 -0.857773 0
    outer loop
      vertex 29.3449 30.2686 0
      vertex 29.5343 30.1551 3.5
      vertex 29.3449 30.2686 3.5
    endloop
  endfacet
  facet normal -0.514029 -0.857773 -0
    outer loop
      vertex 29.5343 30.1551 3.5
      vertex 29.3449 30.2686 0
      vertex 29.5343 30.1551 0
    endloop
  endfacet
  facet normal -0.59579 -0.80314 0
    outer loop
      vertex 29.5343 30.1551 0
      vertex 29.7117 30.0235 3.5
      vertex 29.5343 30.1551 3.5
    endloop
  endfacet
  facet normal -0.59579 -0.80314 -0
    outer loop
      vertex 29.7117 30.0235 3.5
      vertex 29.5343 30.1551 0
      vertex 29.7117 30.0235 0
    endloop
  endfacet
  facet normal -0.146746 0.989174 0
    outer loop
      vertex 28.7232 26.0775 0
      vertex 28.5048 26.0451 3.5
      vertex 28.7232 26.0775 3.5
    endloop
  endfacet
  facet normal -0.146746 0.989174 0
    outer loop
      vertex 28.5048 26.0451 3.5
      vertex 28.7232 26.0775 0
      vertex 28.5048 26.0451 0
    endloop
  endfacet
  facet normal 0.514029 -0.857773 0
    outer loop
      vertex 27.0342 30.1551 0
      vertex 27.2236 30.2686 3.5
      vertex 27.0342 30.1551 3.5
    endloop
  endfacet
  facet normal 0.514029 -0.857773 0
    outer loop
      vertex 27.2236 30.2686 3.5
      vertex 27.0342 30.1551 0
      vertex 27.2236 30.2686 0
    endloop
  endfacet
  facet normal -0.741128 0.671364 0
    outer loop
      vertex 29.8753 26.6933 0
      vertex 30.0235 26.8569 3.5
      vertex 30.0235 26.8569 0
    endloop
  endfacet
  facet normal -0.741128 0.671364 0
    outer loop
      vertex 30.0235 26.8569 3.5
      vertex 29.8753 26.6933 0
      vertex 29.8753 26.6933 3.5
    endloop
  endfacet
  facet normal -0.802979 0.596007 0
    outer loop
      vertex 30.0235 26.8569 0
      vertex 30.1551 27.0342 3.5
      vertex 30.1551 27.0342 0
    endloop
  endfacet
  facet normal -0.802979 0.596007 0
    outer loop
      vertex 30.1551 27.0342 3.5
      vertex 30.0235 26.8569 0
      vertex 30.0235 26.8569 3.5
    endloop
  endfacet
  facet normal 0.740902 -0.671613 0
    outer loop
      vertex 26.545 29.7117 3.5
      vertex 26.6933 29.8753 0
      vertex 26.6933 29.8753 3.5
    endloop
  endfacet
  facet normal 0.740902 -0.671613 0
    outer loop
      vertex 26.6933 29.8753 0
      vertex 26.545 29.7117 3.5
      vertex 26.545 29.7117 0
    endloop
  endfacet
  facet normal -0.427541 -0.903996 0
    outer loop
      vertex 29.1453 30.363 0
      vertex 29.3449 30.2686 3.5
      vertex 29.1453 30.363 3.5
    endloop
  endfacet
  facet normal -0.427541 -0.903996 -0
    outer loop
      vertex 29.3449 30.2686 3.5
      vertex 29.1453 30.363 0
      vertex 29.3449 30.2686 0
    endloop
  endfacet
  facet normal 0.94167 -0.336537 0
    outer loop
      vertex 26.1312 28.9374 3.5
      vertex 26.2055 29.1453 0
      vertex 26.2055 29.1453 3.5
    endloop
  endfacet
  facet normal 0.94167 -0.336537 0
    outer loop
      vertex 26.2055 29.1453 0
      vertex 26.1312 28.9374 3.5
      vertex 26.1312 28.9374 0
    endloop
  endfacet
  facet normal -0.989174 0.146746 0
    outer loop
      vertex 30.491 27.8453 0
      vertex 30.5234 28.0637 3.5
      vertex 30.5234 28.0637 0
    endloop
  endfacet
  facet normal -0.989174 0.146746 0
    outer loop
      vertex 30.5234 28.0637 3.5
      vertex 30.491 27.8453 0
      vertex 30.491 27.8453 3.5
    endloop
  endfacet
  facet normal -0.336939 -0.941527 0
    outer loop
      vertex 28.9374 30.4374 0
      vertex 29.1453 30.363 3.5
      vertex 28.9374 30.4374 3.5
    endloop
  endfacet
  facet normal -0.336939 -0.941527 -0
    outer loop
      vertex 29.1453 30.363 3.5
      vertex 28.9374 30.4374 0
      vertex 29.1453 30.363 0
    endloop
  endfacet
  facet normal 0.595715 0.803196 -0
    outer loop
      vertex 27.0342 26.4135 0
      vertex 26.8569 26.545 3.5
      vertex 27.0342 26.4135 3.5
    endloop
  endfacet
  facet normal 0.595715 0.803196 0
    outer loop
      vertex 26.8569 26.545 3.5
      vertex 27.0342 26.4135 0
      vertex 26.8569 26.545 0
    endloop
  endfacet
  facet normal 0.989174 0.146746 0
    outer loop
      vertex 26.0775 27.8453 3.5
      vertex 26.0451 28.0637 0
      vertex 26.0451 28.0637 3.5
    endloop
  endfacet
  facet normal 0.989174 0.146746 0
    outer loop
      vertex 26.0451 28.0637 0
      vertex 26.0775 27.8453 3.5
      vertex 26.0775 27.8453 0
    endloop
  endfacet
  facet normal -0.595498 0.803357 0
    outer loop
      vertex 29.7117 26.545 0
      vertex 29.5343 26.4135 3.5
      vertex 29.7117 26.545 3.5
    endloop
  endfacet
  facet normal -0.595498 0.803357 0
    outer loop
      vertex 29.5343 26.4135 3.5
      vertex 29.7117 26.545 0
      vertex 29.5343 26.4135 0
    endloop
  endfacet
  facet normal 0.94167 0.336537 0
    outer loop
      vertex 26.2055 27.4232 3.5
      vertex 26.1312 27.6311 0
      vertex 26.1312 27.6311 3.5
    endloop
  endfacet
  facet normal 0.94167 0.336537 0
    outer loop
      vertex 26.1312 27.6311 0
      vertex 26.2055 27.4232 3.5
      vertex 26.2055 27.4232 0
    endloop
  endfacet
  facet normal 0.336537 0.94167 -0
    outer loop
      vertex 27.6311 26.1312 0
      vertex 27.4232 26.2055 3.5
      vertex 27.6311 26.1312 3.5
    endloop
  endfacet
  facet normal 0.336537 0.94167 0
    outer loop
      vertex 27.4232 26.2055 3.5
      vertex 27.6311 26.1312 0
      vertex 27.4232 26.2055 0
    endloop
  endfacet
  facet normal -0.671613 0.740902 0
    outer loop
      vertex 29.8753 26.6933 0
      vertex 29.7117 26.545 3.5
      vertex 29.8753 26.6933 3.5
    endloop
  endfacet
  facet normal -0.671613 0.740902 0
    outer loop
      vertex 29.7117 26.545 3.5
      vertex 29.8753 26.6933 0
      vertex 29.7117 26.545 0
    endloop
  endfacet
  facet normal -0.970089 0.242749 0
    outer loop
      vertex 30.4374 27.6311 0
      vertex 30.491 27.8453 3.5
      vertex 30.491 27.8453 0
    endloop
  endfacet
  facet normal -0.970089 0.242749 0
    outer loop
      vertex 30.491 27.8453 3.5
      vertex 30.4374 27.6311 0
      vertex 30.4374 27.6311 3.5
    endloop
  endfacet
  facet normal -0.857773 0.514029 0
    outer loop
      vertex 30.1551 27.0342 0
      vertex 30.2686 27.2236 3.5
      vertex 30.2686 27.2236 0
    endloop
  endfacet
  facet normal -0.857773 0.514029 0
    outer loop
      vertex 30.2686 27.2236 3.5
      vertex 30.1551 27.0342 0
      vertex 30.1551 27.0342 3.5
    endloop
  endfacet
  facet normal 0.903996 -0.427541 0
    outer loop
      vertex 26.2055 29.1453 3.5
      vertex 26.2999 29.3449 0
      vertex 26.2999 29.3449 3.5
    endloop
  endfacet
  facet normal 0.903996 -0.427541 0
    outer loop
      vertex 26.2999 29.3449 0
      vertex 26.2055 29.1453 3.5
      vertex 26.2055 29.1453 0
    endloop
  endfacet
  facet normal 0.903996 0.427541 0
    outer loop
      vertex 26.2999 27.2236 3.5
      vertex 26.2055 27.4232 0
      vertex 26.2055 27.4232 3.5
    endloop
  endfacet
  facet normal 0.903996 0.427541 0
    outer loop
      vertex 26.2055 27.4232 0
      vertex 26.2999 27.2236 3.5
      vertex 26.2999 27.2236 0
    endloop
  endfacet
  facet normal 0.427541 -0.903996 0
    outer loop
      vertex 27.2236 30.2686 0
      vertex 27.4232 30.363 3.5
      vertex 27.2236 30.2686 3.5
    endloop
  endfacet
  facet normal 0.427541 -0.903996 0
    outer loop
      vertex 27.4232 30.363 3.5
      vertex 27.2236 30.2686 0
      vertex 27.4232 30.363 0
    endloop
  endfacet
  facet normal 0.146746 0.989174 -0
    outer loop
      vertex 28.0637 26.0451 0
      vertex 27.8453 26.0775 3.5
      vertex 28.0637 26.0451 3.5
    endloop
  endfacet
  facet normal 0.146746 0.989174 0
    outer loop
      vertex 27.8453 26.0775 3.5
      vertex 28.0637 26.0451 0
      vertex 27.8453 26.0775 0
    endloop
  endfacet
  facet normal 0.514363 0.857573 -0
    outer loop
      vertex 27.2236 26.2999 0
      vertex 27.0342 26.4135 3.5
      vertex 27.2236 26.2999 3.5
    endloop
  endfacet
  facet normal 0.514363 0.857573 0
    outer loop
      vertex 27.0342 26.4135 3.5
      vertex 27.2236 26.2999 0
      vertex 27.0342 26.4135 0
    endloop
  endfacet
  facet normal -0.98919 -0.146639 0
    outer loop
      vertex 32.3645 28.6861 3.5
      vertex 32.3055 29.0841 8
      vertex 32.3055 29.0841 3.5
    endloop
  endfacet
  facet normal -0.98919 -0.146639 0
    outer loop
      vertex 32.3055 29.0841 8
      vertex 32.3645 28.6861 3.5
      vertex 32.3645 28.6861 8
    endloop
  endfacet
  facet normal -0.998788 -0.0492185 0
    outer loop
      vertex 32.3843 28.2843 3.5
      vertex 32.3645 28.6861 8
      vertex 32.3645 28.6861 3.5
    endloop
  endfacet
  facet normal -0.998788 -0.0492185 0
    outer loop
      vertex 32.3645 28.6861 8
      vertex 32.3843 28.2843 3.5
      vertex 32.3843 28.2843 8
    endloop
  endfacet
  facet normal -0.970011 -0.243062 0
    outer loop
      vertex 32.3055 29.0841 3.5
      vertex 32.2077 29.4744 8
      vertex 32.2077 29.4744 3.5
    endloop
  endfacet
  facet normal -0.970011 -0.243062 0
    outer loop
      vertex 32.2077 29.4744 8
      vertex 32.3055 29.0841 3.5
      vertex 32.3055 29.0841 8
    endloop
  endfacet
  facet normal -0.33695 0.941522 0
    outer loop
      vertex 29.8533 24.4964 3.5
      vertex 29.4744 24.3608 8
      vertex 29.8533 24.4964 8
    endloop
  endfacet
  facet normal -0.33695 0.941522 0
    outer loop
      vertex 29.4744 24.3608 8
      vertex 29.8533 24.4964 3.5
      vertex 29.4744 24.3608 3.5
    endloop
  endfacet
  facet normal -0.857778 -0.51402 0
    outer loop
      vertex 31.9001 30.217 3.5
      vertex 31.6933 30.5621 8
      vertex 31.6933 30.5621 3.5
    endloop
  endfacet
  facet normal -0.857778 -0.51402 0
    outer loop
      vertex 31.6933 30.5621 8
      vertex 31.9001 30.217 3.5
      vertex 31.9001 30.217 8
    endloop
  endfacet
  facet normal -0.941601 -0.33673 0
    outer loop
      vertex 32.2077 29.4744 3.5
      vertex 32.0722 29.8533 8
      vertex 32.0722 29.8533 3.5
    endloop
  endfacet
  facet normal -0.941601 -0.33673 0
    outer loop
      vertex 32.0722 29.8533 8
      vertex 32.2077 29.4744 3.5
      vertex 32.2077 29.4744 8
    endloop
  endfacet
  facet normal -0.243062 -0.970011 0
    outer loop
      vertex 29.0841 32.3055 3.5
      vertex 29.4744 32.2077 8
      vertex 29.0841 32.3055 8
    endloop
  endfacet
  facet normal -0.243062 -0.970011 -0
    outer loop
      vertex 29.4744 32.2077 8
      vertex 29.0841 32.3055 3.5
      vertex 29.4744 32.2077 3.5
    endloop
  endfacet
  facet normal 0.740929 -0.671583 0
    outer loop
      vertex 25.1149 30.8853 8
      vertex 25.3851 31.1834 3.5
      vertex 25.3851 31.1834 8
    endloop
  endfacet
  facet normal 0.740929 -0.671583 0
    outer loop
      vertex 25.3851 31.1834 3.5
      vertex 25.1149 30.8853 8
      vertex 25.1149 30.8853 3.5
    endloop
  endfacet
  facet normal -0.0489705 0.9988 0
    outer loop
      vertex 28.6861 24.204 3.5
      vertex 28.2843 24.1843 8
      vertex 28.6861 24.204 8
    endloop
  endfacet
  facet normal -0.0489705 0.9988 0
    outer loop
      vertex 28.2843 24.1843 8
      vertex 28.6861 24.204 3.5
      vertex 28.2843 24.1843 3.5
    endloop
  endfacet
  facet normal -0.427723 -0.90391 0
    outer loop
      vertex 29.8533 32.0722 3.5
      vertex 30.217 31.9001 8
      vertex 29.8533 32.0722 8
    endloop
  endfacet
  facet normal -0.427723 -0.90391 -0
    outer loop
      vertex 30.217 31.9001 8
      vertex 29.8533 32.0722 3.5
      vertex 30.217 31.9001 3.5
    endloop
  endfacet
  facet normal -0.671583 -0.740929 0
    outer loop
      vertex 30.8853 31.4536 3.5
      vertex 31.1834 31.1834 8
      vertex 30.8853 31.4536 8
    endloop
  endfacet
  facet normal -0.671583 -0.740929 -0
    outer loop
      vertex 31.1834 31.1834 8
      vertex 30.8853 31.4536 3.5
      vertex 31.1834 31.1834 3.5
    endloop
  endfacet
  facet normal 0.595816 0.803121 -0
    outer loop
      vertex 26.0064 24.8752 3.5
      vertex 25.6833 25.1149 8
      vertex 26.0064 24.8752 8
    endloop
  endfacet
  facet normal 0.595816 0.803121 0
    outer loop
      vertex 25.6833 25.1149 8
      vertex 26.0064 24.8752 3.5
      vertex 25.6833 25.1149 3.5
    endloop
  endfacet
  facet normal -0.242828 0.970069 0
    outer loop
      vertex 29.4744 24.3608 3.5
      vertex 29.0841 24.2631 8
      vertex 29.4744 24.3608 8
    endloop
  endfacet
  facet normal -0.242828 0.970069 0
    outer loop
      vertex 29.0841 24.2631 8
      vertex 29.4744 24.3608 3.5
      vertex 29.0841 24.2631 3.5
    endloop
  endfacet
  facet normal -0.98919 0.146639 0
    outer loop
      vertex 32.3055 27.4844 3.5
      vertex 32.3645 27.8824 8
      vertex 32.3645 27.8824 3.5
    endloop
  endfacet
  facet normal -0.98919 0.146639 0
    outer loop
      vertex 32.3645 27.8824 8
      vertex 32.3055 27.4844 3.5
      vertex 32.3055 27.4844 8
    endloop
  endfacet
  facet normal -0.51402 0.857778 0
    outer loop
      vertex 30.5621 24.8752 3.5
      vertex 30.217 24.6684 8
      vertex 30.5621 24.8752 8
    endloop
  endfacet
  facet normal -0.51402 0.857778 0
    outer loop
      vertex 30.217 24.6684 8
      vertex 30.5621 24.8752 3.5
      vertex 30.217 24.6684 3.5
    endloop
  endfacet
  facet normal 0.242828 0.970069 -0
    outer loop
      vertex 27.4844 24.2631 3.5
      vertex 27.0941 24.3608 8
      vertex 27.4844 24.2631 8
    endloop
  endfacet
  facet normal 0.242828 0.970069 0
    outer loop
      vertex 27.0941 24.3608 8
      vertex 27.4844 24.2631 3.5
      vertex 27.0941 24.3608 3.5
    endloop
  endfacet
  facet normal 0.595816 -0.803121 0
    outer loop
      vertex 25.6833 31.4536 3.5
      vertex 26.0064 31.6933 8
      vertex 25.6833 31.4536 8
    endloop
  endfacet
  facet normal 0.595816 -0.803121 0
    outer loop
      vertex 26.0064 31.6933 8
      vertex 25.6833 31.4536 3.5
      vertex 26.0064 31.6933 3.5
    endloop
  endfacet
  facet normal 0.998801 0.0489584 0
    outer loop
      vertex 24.204 27.8824 8
      vertex 24.1843 28.2843 3.5
      vertex 24.1843 28.2843 8
    endloop
  endfacet
  facet normal 0.998801 0.0489584 0
    outer loop
      vertex 24.1843 28.2843 3.5
      vertex 24.204 27.8824 8
      vertex 24.204 27.8824 3.5
    endloop
  endfacet
  facet normal 0.970069 0.242828 0
    outer loop
      vertex 24.3608 27.0941 8
      vertex 24.2631 27.4844 3.5
      vertex 24.2631 27.4844 8
    endloop
  endfacet
  facet normal 0.970069 0.242828 0
    outer loop
      vertex 24.2631 27.4844 3.5
      vertex 24.3608 27.0941 8
      vertex 24.3608 27.0941 3.5
    endloop
  endfacet
  facet normal -0.970011 0.243062 0
    outer loop
      vertex 32.2077 27.0941 3.5
      vertex 32.3055 27.4844 8
      vertex 32.3055 27.4844 3.5
    endloop
  endfacet
  facet normal -0.970011 0.243062 0
    outer loop
      vertex 32.3055 27.4844 8
      vertex 32.2077 27.0941 3.5
      vertex 32.2077 27.0941 8
    endloop
  endfacet
  facet normal 0.51402 -0.857778 0
    outer loop
      vertex 26.0064 31.6933 3.5
      vertex 26.3515 31.9001 8
      vertex 26.0064 31.6933 8
    endloop
  endfacet
  facet normal 0.51402 -0.857778 0
    outer loop
      vertex 26.3515 31.9001 8
      vertex 26.0064 31.6933 3.5
      vertex 26.3515 31.9001 3.5
    endloop
  endfacet
  facet normal -0.595697 -0.803209 0
    outer loop
      vertex 30.5621 31.6933 3.5
      vertex 30.8853 31.4536 8
      vertex 30.5621 31.6933 8
    endloop
  endfacet
  facet normal -0.595697 -0.803209 -0
    outer loop
      vertex 30.8853 31.4536 8
      vertex 30.5621 31.6933 3.5
      vertex 30.8853 31.4536 3.5
    endloop
  endfacet
  facet normal 0.904051 0.427424 0
    outer loop
      vertex 24.6684 26.3515 8
      vertex 24.4964 26.7153 3.5
      vertex 24.4964 26.7153 8
    endloop
  endfacet
  facet normal 0.904051 0.427424 0
    outer loop
      vertex 24.4964 26.7153 3.5
      vertex 24.6684 26.3515 8
      vertex 24.6684 26.3515 3.5
    endloop
  endfacet
  facet normal -0.941573 0.336809 0
    outer loop
      vertex 32.0722 26.7153 3.5
      vertex 32.2077 27.0941 8
      vertex 32.2077 27.0941 3.5
    endloop
  endfacet
  facet normal -0.941573 0.336809 0
    outer loop
      vertex 32.2077 27.0941 8
      vertex 32.0722 26.7153 3.5
      vertex 32.0722 26.7153 8
    endloop
  endfacet
  facet normal -0.146639 -0.98919 0
    outer loop
      vertex 28.6861 32.3645 3.5
      vertex 29.0841 32.3055 8
      vertex 28.6861 32.3645 8
    endloop
  endfacet
  facet normal -0.146639 -0.98919 -0
    outer loop
      vertex 29.0841 32.3055 8
      vertex 28.6861 32.3645 3.5
      vertex 29.0841 32.3055 3.5
    endloop
  endfacet
  facet normal 0.427627 -0.903955 0
    outer loop
      vertex 26.3515 31.9001 3.5
      vertex 26.7153 32.0722 8
      vertex 26.3515 31.9001 8
    endloop
  endfacet
  facet normal 0.427627 -0.903955 0
    outer loop
      vertex 26.7153 32.0722 8
      vertex 26.3515 31.9001 3.5
      vertex 26.7153 32.0722 3.5
    endloop
  endfacet
  facet normal -0.51402 -0.857778 0
    outer loop
      vertex 30.217 31.9001 3.5
      vertex 30.5621 31.6933 8
      vertex 30.217 31.9001 8
    endloop
  endfacet
  facet normal -0.51402 -0.857778 -0
    outer loop
      vertex 30.5621 31.6933 8
      vertex 30.217 31.9001 3.5
      vertex 30.5621 31.6933 3.5
    endloop
  endfacet
  facet normal -0.42752 0.904006 0
    outer loop
      vertex 30.217 24.6684 3.5
      vertex 29.8533 24.4964 8
      vertex 30.217 24.6684 8
    endloop
  endfacet
  facet normal -0.42752 0.904006 0
    outer loop
      vertex 29.8533 24.4964 8
      vertex 30.217 24.6684 3.5
      vertex 29.8533 24.4964 3.5
    endloop
  endfacet
  facet normal 0.941494 0.337029 0
    outer loop
      vertex 24.4964 26.7153 8
      vertex 24.3608 27.0941 3.5
      vertex 24.3608 27.0941 8
    endloop
  endfacet
  facet normal 0.941494 0.337029 0
    outer loop
      vertex 24.3608 27.0941 3.5
      vertex 24.4964 26.7153 8
      vertex 24.4964 26.7153 3.5
    endloop
  endfacet
  facet normal -0.857778 0.51402 0
    outer loop
      vertex 31.6933 26.0064 3.5
      vertex 31.9001 26.3515 8
      vertex 31.9001 26.3515 3.5
    endloop
  endfacet
  facet normal -0.857778 0.51402 0
    outer loop
      vertex 31.9001 26.3515 8
      vertex 31.6933 26.0064 3.5
      vertex 31.6933 26.0064 8
    endloop
  endfacet
  facet normal -0.903955 0.427627 0
    outer loop
      vertex 31.9001 26.3515 3.5
      vertex 32.0722 26.7153 8
      vertex 32.0722 26.7153 3.5
    endloop
  endfacet
  facet normal -0.903955 0.427627 0
    outer loop
      vertex 32.0722 26.7153 8
      vertex 31.9001 26.3515 3.5
      vertex 31.9001 26.3515 8
    endloop
  endfacet
  facet normal -0.998789 0.0492063 0
    outer loop
      vertex 32.3645 27.8824 3.5
      vertex 32.3843 28.2843 8
      vertex 32.3843 28.2843 3.5
    endloop
  endfacet
  facet normal -0.998789 0.0492063 0
    outer loop
      vertex 32.3843 28.2843 8
      vertex 32.3645 27.8824 3.5
      vertex 32.3645 27.8824 8
    endloop
  endfacet
  facet normal 0.146639 -0.98919 0
    outer loop
      vertex 27.4844 32.3055 3.5
      vertex 27.8824 32.3645 8
      vertex 27.4844 32.3055 8
    endloop
  endfacet
  facet normal 0.146639 -0.98919 0
    outer loop
      vertex 27.8824 32.3645 8
      vertex 27.4844 32.3055 3.5
      vertex 27.8824 32.3645 3.5
    endloop
  endfacet
  facet normal -0.146882 0.989154 0
    outer loop
      vertex 29.0841 24.2631 3.5
      vertex 28.6861 24.204 8
      vertex 29.0841 24.2631 8
    endloop
  endfacet
  facet normal -0.146882 0.989154 0
    outer loop
      vertex 28.6861 24.204 8
      vertex 29.0841 24.2631 3.5
      vertex 28.6861 24.204 3.5
    endloop
  endfacet
  facet normal -0.741041 0.67146 0
    outer loop
      vertex 31.1834 25.3851 3.5
      vertex 31.4536 25.6833 8
      vertex 31.4536 25.6833 3.5
    endloop
  endfacet
  facet normal -0.741041 0.67146 0
    outer loop
      vertex 31.4536 25.6833 8
      vertex 31.1834 25.3851 3.5
      vertex 31.1834 25.3851 8
    endloop
  endfacet
  facet normal -0.803121 0.595816 0
    outer loop
      vertex 31.4536 25.6833 3.5
      vertex 31.6933 26.0064 8
      vertex 31.6933 26.0064 3.5
    endloop
  endfacet
  facet normal -0.803121 0.595816 0
    outer loop
      vertex 31.6933 26.0064 8
      vertex 31.4536 25.6833 3.5
      vertex 31.4536 25.6833 8
    endloop
  endfacet
  facet normal 0.243062 -0.970011 0
    outer loop
      vertex 27.0941 32.2077 3.5
      vertex 27.4844 32.3055 8
      vertex 27.0941 32.2077 8
    endloop
  endfacet
  facet normal 0.243062 -0.970011 0
    outer loop
      vertex 27.4844 32.3055 8
      vertex 27.0941 32.2077 3.5
      vertex 27.4844 32.3055 3.5
    endloop
  endfacet
  facet normal -0.803209 -0.595697 0
    outer loop
      vertex 31.6933 30.5621 3.5
      vertex 31.4536 30.8853 8
      vertex 31.4536 30.8853 3.5
    endloop
  endfacet
  facet normal -0.803209 -0.595697 0
    outer loop
      vertex 31.4536 30.8853 8
      vertex 31.6933 30.5621 3.5
      vertex 31.6933 30.5621 8
    endloop
  endfacet
  facet normal -0.0492185 -0.998788 0
    outer loop
      vertex 28.2843 32.3843 3.5
      vertex 28.6861 32.3645 8
      vertex 28.2843 32.3843 8
    endloop
  endfacet
  facet normal -0.0492185 -0.998788 -0
    outer loop
      vertex 28.6861 32.3645 8
      vertex 28.2843 32.3843 3.5
      vertex 28.6861 32.3645 3.5
    endloop
  endfacet
  facet normal -0.90391 -0.427723 0
    outer loop
      vertex 32.0722 29.8533 3.5
      vertex 31.9001 30.217 8
      vertex 31.9001 30.217 3.5
    endloop
  endfacet
  facet normal -0.90391 -0.427723 0
    outer loop
      vertex 31.9001 30.217 8
      vertex 32.0722 29.8533 3.5
      vertex 32.0722 29.8533 8
    endloop
  endfacet
  facet normal 0.857778 -0.51402 0
    outer loop
      vertex 24.6684 30.217 8
      vertex 24.8752 30.5621 3.5
      vertex 24.8752 30.5621 8
    endloop
  endfacet
  facet normal 0.857778 -0.51402 0
    outer loop
      vertex 24.8752 30.5621 3.5
      vertex 24.6684 30.217 8
      vertex 24.6684 30.217 3.5
    endloop
  endfacet
  facet normal 0.67146 -0.741041 0
    outer loop
      vertex 25.3851 31.1834 3.5
      vertex 25.6833 31.4536 8
      vertex 25.3851 31.1834 8
    endloop
  endfacet
  facet normal 0.67146 -0.741041 0
    outer loop
      vertex 25.6833 31.4536 8
      vertex 25.3851 31.1834 3.5
      vertex 25.6833 31.4536 3.5
    endloop
  endfacet
  facet normal 0.857778 0.51402 0
    outer loop
      vertex 24.8752 26.0064 8
      vertex 24.6684 26.3515 3.5
      vertex 24.6684 26.3515 8
    endloop
  endfacet
  facet normal 0.857778 0.51402 0
    outer loop
      vertex 24.6684 26.3515 3.5
      vertex 24.8752 26.0064 8
      vertex 24.8752 26.0064 3.5
    endloop
  endfacet
  facet normal 0.427424 0.904051 -0
    outer loop
      vertex 26.7153 24.4964 3.5
      vertex 26.3515 24.6684 8
      vertex 26.7153 24.4964 8
    endloop
  endfacet
  facet normal 0.427424 0.904051 0
    outer loop
      vertex 26.3515 24.6684 8
      vertex 26.7153 24.4964 3.5
      vertex 26.3515 24.6684 3.5
    endloop
  endfacet
  facet normal 0.741041 0.67146 0
    outer loop
      vertex 25.3851 25.3851 8
      vertex 25.1149 25.6833 3.5
      vertex 25.1149 25.6833 8
    endloop
  endfacet
  facet normal 0.741041 0.67146 0
    outer loop
      vertex 25.1149 25.6833 3.5
      vertex 25.3851 25.3851 8
      vertex 25.3851 25.3851 3.5
    endloop
  endfacet
  facet normal 0.336809 -0.941573 0
    outer loop
      vertex 26.7153 32.0722 3.5
      vertex 27.0941 32.2077 8
      vertex 26.7153 32.0722 8
    endloop
  endfacet
  facet normal 0.336809 -0.941573 0
    outer loop
      vertex 27.0941 32.2077 8
      vertex 26.7153 32.0722 3.5
      vertex 27.0941 32.2077 3.5
    endloop
  endfacet
  facet normal 0.51402 0.857778 -0
    outer loop
      vertex 26.3515 24.6684 3.5
      vertex 26.0064 24.8752 8
      vertex 26.3515 24.6684 8
    endloop
  endfacet
  facet normal 0.51402 0.857778 0
    outer loop
      vertex 26.0064 24.8752 8
      vertex 26.3515 24.6684 3.5
      vertex 26.0064 24.8752 3.5
    endloop
  endfacet
  facet normal -0.740929 -0.671583 0
    outer loop
      vertex 31.4536 30.8853 3.5
      vertex 31.1834 31.1834 8
      vertex 31.1834 31.1834 3.5
    endloop
  endfacet
  facet normal -0.740929 -0.671583 0
    outer loop
      vertex 31.1834 31.1834 8
      vertex 31.4536 30.8853 3.5
      vertex 31.4536 30.8853 8
    endloop
  endfacet
  facet normal -0.595697 0.803209 0
    outer loop
      vertex 30.8853 25.1149 3.5
      vertex 30.5621 24.8752 8
      vertex 30.8853 25.1149 8
    endloop
  endfacet
  facet normal -0.595697 0.803209 0
    outer loop
      vertex 30.5621 24.8752 8
      vertex 30.8853 25.1149 3.5
      vertex 30.5621 24.8752 3.5
    endloop
  endfacet
  facet normal 0.0492063 -0.998789 0
    outer loop
      vertex 27.8824 32.3645 3.5
      vertex 28.2843 32.3843 8
      vertex 27.8824 32.3645 8
    endloop
  endfacet
  facet normal 0.0492063 -0.998789 0
    outer loop
      vertex 28.2843 32.3843 8
      vertex 27.8824 32.3645 3.5
      vertex 28.2843 32.3843 3.5
    endloop
  endfacet
  facet normal 0.970069 -0.242828 0
    outer loop
      vertex 24.2631 29.0841 8
      vertex 24.3608 29.4744 3.5
      vertex 24.3608 29.4744 8
    endloop
  endfacet
  facet normal 0.970069 -0.242828 0
    outer loop
      vertex 24.3608 29.4744 3.5
      vertex 24.2631 29.0841 8
      vertex 24.2631 29.0841 3.5
    endloop
  endfacet
  facet normal 0.941522 -0.33695 0
    outer loop
      vertex 24.3608 29.4744 8
      vertex 24.4964 29.8533 3.5
      vertex 24.4964 29.8533 8
    endloop
  endfacet
  facet normal 0.941522 -0.33695 0
    outer loop
      vertex 24.4964 29.8533 3.5
      vertex 24.3608 29.4744 8
      vertex 24.3608 29.4744 3.5
    endloop
  endfacet
  facet normal -0.33673 -0.941601 0
    outer loop
      vertex 29.4744 32.2077 3.5
      vertex 29.8533 32.0722 8
      vertex 29.4744 32.2077 8
    endloop
  endfacet
  facet normal -0.33673 -0.941601 -0
    outer loop
      vertex 29.8533 32.0722 8
      vertex 29.4744 32.2077 3.5
      vertex 29.8533 32.0722 3.5
    endloop
  endfacet
  facet normal 0.803121 0.595816 0
    outer loop
      vertex 25.1149 25.6833 8
      vertex 24.8752 26.0064 3.5
      vertex 24.8752 26.0064 8
    endloop
  endfacet
  facet normal 0.803121 0.595816 0
    outer loop
      vertex 24.8752 26.0064 3.5
      vertex 25.1149 25.6833 8
      vertex 25.1149 25.6833 3.5
    endloop
  endfacet
  facet normal 0.989154 0.146882 0
    outer loop
      vertex 24.2631 27.4844 8
      vertex 24.204 27.8824 3.5
      vertex 24.204 27.8824 8
    endloop
  endfacet
  facet normal 0.989154 0.146882 0
    outer loop
      vertex 24.204 27.8824 3.5
      vertex 24.2631 27.4844 8
      vertex 24.2631 27.4844 3.5
    endloop
  endfacet
  facet normal 0.904006 -0.42752 0
    outer loop
      vertex 24.4964 29.8533 8
      vertex 24.6684 30.217 3.5
      vertex 24.6684 30.217 8
    endloop
  endfacet
  facet normal 0.904006 -0.42752 0
    outer loop
      vertex 24.6684 30.217 3.5
      vertex 24.4964 29.8533 8
      vertex 24.4964 29.8533 3.5
    endloop
  endfacet
  facet normal 0 0 1
    outer loop
      vertex 30.5343 28.2843 3.5
      vertex 32.3843 28.2843 3.5
      vertex 32.3645 28.6861 3.5
    endloop
  endfacet
  facet normal 0 0 1
    outer loop
      vertex 30.5234 28.5048 3.5
      vertex 32.3645 28.6861 3.5
      vertex 32.3055 29.0841 3.5
    endloop
  endfacet
  facet normal 0 0 1
    outer loop
      vertex 32.3843 28.2843 3.5
      vertex 30.5343 28.2843 3.5
      vertex 32.3645 27.8824 3.5
    endloop
  endfacet
  facet normal 0 0 1
    outer loop
      vertex 30.491 28.7232 3.5
      vertex 32.3055 29.0841 3.5
      vertex 32.2077 29.4744 3.5
    endloop
  endfacet
  facet normal -0 0 1
    outer loop
      vertex 30.5234 28.0637 3.5
      vertex 32.3645 27.8824 3.5
      vertex 30.5343 28.2843 3.5
    endloop
  endfacet
  facet normal 0 0 1
    outer loop
      vertex 30.4374 28.9374 3.5
      vertex 32.2077 29.4744 3.5
      vertex 32.0722 29.8533 3.5
    endloop
  endfacet
  facet normal 0 0 1
    outer loop
      vertex 32.3645 27.8824 3.5
      vertex 30.5234 28.0637 3.5
      vertex 32.3055 27.4844 3.5
    endloop
  endfacet
  facet normal 0 0 1
    outer loop
      vertex 30.363 29.1453 3.5
      vertex 32.0722 29.8533 3.5
      vertex 31.9001 30.217 3.5
    endloop
  endfacet
  facet normal -0 0 1
    outer loop
      vertex 30.491 27.8453 3.5
      vertex 32.3055 27.4844 3.5
      vertex 30.5234 28.0637 3.5
    endloop
  endfacet
  facet normal 0 0 1
    outer loop
      vertex 30.2686 29.3449 3.5
      vertex 31.9001 30.217 3.5
      vertex 31.6933 30.5621 3.5
    endloop
  endfacet
  facet normal 0 0 1
    outer loop
      vertex 32.3055 27.4844 3.5
      vertex 30.491 27.8453 3.5
      vertex 32.2077 27.0941 3.5
    endloop
  endfacet
  facet normal 0 0 1
    outer loop
      vertex 30.1551 29.5343 3.5
      vertex 31.6933 30.5621 3.5
      vertex 31.4536 30.8853 3.5
    endloop
  endfacet
  facet normal -0 0 1
    outer loop
      vertex 30.4374 27.6311 3.5
      vertex 32.2077 27.0941 3.5
      vertex 30.491 27.8453 3.5
    endloop
  endfacet
  facet normal 0 0 1
    outer loop
      vertex 30.0235 29.7117 3.5
      vertex 31.4536 30.8853 3.5
      vertex 31.1834 31.1834 3.5
    endloop
  endfacet
  facet normal 0 0 1
    outer loop
      vertex 32.2077 27.0941 3.5
      vertex 30.4374 27.6311 3.5
      vertex 32.0722 26.7153 3.5
    endloop
  endfacet
  facet normal 0 0 1
    outer loop
      vertex 29.8753 29.8753 3.5
      vertex 31.1834 31.1834 3.5
      vertex 30.8853 31.4536 3.5
    endloop
  endfacet
  facet normal -0 0 1
    outer loop
      vertex 30.363 27.4232 3.5
      vertex 32.0722 26.7153 3.5
      vertex 30.4374 27.6311 3.5
    endloop
  endfacet
  facet normal 0 0 1
    outer loop
      vertex 29.7117 30.0235 3.5
      vertex 30.8853 31.4536 3.5
      vertex 30.5621 31.6933 3.5
    endloop
  endfacet
  facet normal 0 0 1
    outer loop
      vertex 32.0722 26.7153 3.5
      vertex 30.363 27.4232 3.5
      vertex 31.9001 26.3515 3.5
    endloop
  endfacet
  facet normal -0 0 1
    outer loop
      vertex 30.2686 27.2236 3.5
      vertex 31.9001 26.3515 3.5
      vertex 30.363 27.4232 3.5
    endloop
  endfacet
  facet normal 0 0 1
    outer loop
      vertex 32.3645 28.6861 3.5
      vertex 30.5234 28.5048 3.5
      vertex 30.5343 28.2843 3.5
    endloop
  endfacet
  facet normal 0 0 1
    outer loop
      vertex 32.3055 29.0841 3.5
      vertex 30.491 28.7232 3.5
      vertex 30.5234 28.5048 3.5
    endloop
  endfacet
  facet normal 0 0 1
    outer loop
      vertex 32.2077 29.4744 3.5
      vertex 30.4374 28.9374 3.5
      vertex 30.491 28.7232 3.5
    endloop
  endfacet
  facet normal 0 0 1
    outer loop
      vertex 32.0722 29.8533 3.5
      vertex 30.363 29.1453 3.5
      vertex 30.4374 28.9374 3.5
    endloop
  endfacet
  facet normal 0 0 1
    outer loop
      vertex 31.9001 30.217 3.5
      vertex 30.2686 29.3449 3.5
      vertex 30.363 29.1453 3.5
    endloop
  endfacet
  facet normal 0 0 1
    outer loop
      vertex 29.5343 30.1551 3.5
      vertex 30.5621 31.6933 3.5
      vertex 30.217 31.9001 3.5
    endloop
  endfacet
  facet normal 0 0 1
    outer loop
      vertex 31.6933 30.5621 3.5
      vertex 30.1551 29.5343 3.5
      vertex 30.2686 29.3449 3.5
    endloop
  endfacet
  facet normal 0 0 1
    outer loop
      vertex 31.4536 30.8853 3.5
      vertex 30.0235 29.7117 3.5
      vertex 30.1551 29.5343 3.5
    endloop
  endfacet
  facet normal 0 0 1
    outer loop
      vertex 31.1834 31.1834 3.5
      vertex 29.8753 29.8753 3.5
      vertex 30.0235 29.7117 3.5
    endloop
  endfacet
  facet normal 0 0 1
    outer loop
      vertex 29.3449 30.2686 3.5
      vertex 30.217 31.9001 3.5
      vertex 29.8533 32.0722 3.5
    endloop
  endfacet
  facet normal 0 0 1
    outer loop
      vertex 30.8853 31.4536 3.5
      vertex 29.7117 30.0235 3.5
      vertex 29.8753 29.8753 3.5
    endloop
  endfacet
  facet normal 0 0 1
    outer loop
      vertex 30.5621 31.6933 3.5
      vertex 29.5343 30.1551 3.5
      vertex 29.7117 30.0235 3.5
    endloop
  endfacet
  facet normal 0 0 1
    outer loop
      vertex 29.1453 30.363 3.5
      vertex 29.8533 32.0722 3.5
      vertex 29.4744 32.2077 3.5
    endloop
  endfacet
  facet normal 0 0 1
    outer loop
      vertex 30.217 31.9001 3.5
      vertex 29.3449 30.2686 3.5
      vertex 29.5343 30.1551 3.5
    endloop
  endfacet
  facet normal 0 0 1
    outer loop
      vertex 29.8533 32.0722 3.5
      vertex 29.1453 30.363 3.5
      vertex 29.3449 30.2686 3.5
    endloop
  endfacet
  facet normal 0 0 1
    outer loop
      vertex 28.9374 30.4374 3.5
      vertex 29.4744 32.2077 3.5
      vertex 29.0841 32.3055 3.5
    endloop
  endfacet
  facet normal 0 0 1
    outer loop
      vertex 29.4744 32.2077 3.5
      vertex 28.9374 30.4374 3.5
      vertex 29.1453 30.363 3.5
    endloop
  endfacet
  facet normal 0 0 1
    outer loop
      vertex 29.0841 32.3055 3.5
      vertex 28.7232 30.491 3.5
      vertex 28.9374 30.4374 3.5
    endloop
  endfacet
  facet normal 0 0 1
    outer loop
      vertex 28.6861 32.3645 3.5
      vertex 28.7232 30.491 3.5
      vertex 29.0841 32.3055 3.5
    endloop
  endfacet
  facet normal 0 0 1
    outer loop
      vertex 28.6861 32.3645 3.5
      vertex 28.5048 30.5234 3.5
      vertex 28.7232 30.491 3.5
    endloop
  endfacet
  facet normal 0 0 1
    outer loop
      vertex 28.2843 32.3843 3.5
      vertex 28.5048 30.5234 3.5
      vertex 28.6861 32.3645 3.5
    endloop
  endfacet
  facet normal 0 0 1
    outer loop
      vertex 28.2843 32.3843 3.5
      vertex 28.2843 30.5343 3.5
      vertex 28.5048 30.5234 3.5
    endloop
  endfacet
  facet normal 0 0 1
    outer loop
      vertex 28.2843 32.3843 3.5
      vertex 28.0637 30.5234 3.5
      vertex 28.2843 30.5343 3.5
    endloop
  endfacet
  facet normal -0 0 1
    outer loop
      vertex 27.8824 32.3645 3.5
      vertex 28.0637 30.5234 3.5
      vertex 28.2843 32.3843 3.5
    endloop
  endfacet
  facet normal 0 0 1
    outer loop
      vertex 27.8824 32.3645 3.5
      vertex 27.8453 30.491 3.5
      vertex 28.0637 30.5234 3.5
    endloop
  endfacet
  facet normal -0 0 1
    outer loop
      vertex 27.4844 32.3055 3.5
      vertex 27.8453 30.491 3.5
      vertex 27.8824 32.3645 3.5
    endloop
  endfacet
  facet normal 0 0 1
    outer loop
      vertex 27.8453 30.491 3.5
      vertex 27.4844 32.3055 3.5
      vertex 27.6311 30.4374 3.5
    endloop
  endfacet
  facet normal -0 0 1
    outer loop
      vertex 27.0941 32.2077 3.5
      vertex 27.6311 30.4374 3.5
      vertex 27.4844 32.3055 3.5
    endloop
  endfacet
  facet normal 0 0 1
    outer loop
      vertex 27.6311 30.4374 3.5
      vertex 27.0941 32.2077 3.5
      vertex 27.4232 30.363 3.5
    endloop
  endfacet
  facet normal -0 0 1
    outer loop
      vertex 26.7153 32.0722 3.5
      vertex 27.4232 30.363 3.5
      vertex 27.0941 32.2077 3.5
    endloop
  endfacet
  facet normal 0 0 1
    outer loop
      vertex 27.4232 30.363 3.5
      vertex 26.7153 32.0722 3.5
      vertex 27.2236 30.2686 3.5
    endloop
  endfacet
  facet normal -0 0 1
    outer loop
      vertex 26.3515 31.9001 3.5
      vertex 27.2236 30.2686 3.5
      vertex 26.7153 32.0722 3.5
    endloop
  endfacet
  facet normal 0 0 1
    outer loop
      vertex 27.2236 30.2686 3.5
      vertex 26.3515 31.9001 3.5
      vertex 27.0342 30.1551 3.5
    endloop
  endfacet
  facet normal -0 0 1
    outer loop
      vertex 26.0064 31.6933 3.5
      vertex 27.0342 30.1551 3.5
      vertex 26.3515 31.9001 3.5
    endloop
  endfacet
  facet normal 0 0 1
    outer loop
      vertex 27.0342 30.1551 3.5
      vertex 26.0064 31.6933 3.5
      vertex 26.8569 30.0235 3.5
    endloop
  endfacet
  facet normal -0 0 1
    outer loop
      vertex 25.6833 31.4536 3.5
      vertex 26.8569 30.0235 3.5
      vertex 26.0064 31.6933 3.5
    endloop
  endfacet
  facet normal 0 0 1
    outer loop
      vertex 26.8569 30.0235 3.5
      vertex 25.6833 31.4536 3.5
      vertex 26.6933 29.8753 3.5
    endloop
  endfacet
  facet normal -0 0 1
    outer loop
      vertex 25.3851 31.1834 3.5
      vertex 26.6933 29.8753 3.5
      vertex 25.6833 31.4536 3.5
    endloop
  endfacet
  facet normal 0 0 1
    outer loop
      vertex 26.6933 29.8753 3.5
      vertex 25.3851 31.1834 3.5
      vertex 26.545 29.7117 3.5
    endloop
  endfacet
  facet normal -0 0 1
    outer loop
      vertex 25.1149 30.8853 3.5
      vertex 26.545 29.7117 3.5
      vertex 25.3851 31.1834 3.5
    endloop
  endfacet
  facet normal 0 0 1
    outer loop
      vertex 26.545 29.7117 3.5
      vertex 25.1149 30.8853 3.5
      vertex 26.4135 29.5343 3.5
    endloop
  endfacet
  facet normal -0 0 1
    outer loop
      vertex 24.8752 30.5621 3.5
      vertex 26.4135 29.5343 3.5
      vertex 25.1149 30.8853 3.5
    endloop
  endfacet
  facet normal -0 0 1
    outer loop
      vertex 24.6684 30.217 3.5
      vertex 26.2999 29.3449 3.5
      vertex 24.8752 30.5621 3.5
    endloop
  endfacet
  facet normal 0 0 1
    outer loop
      vertex 26.4135 29.5343 3.5
      vertex 24.8752 30.5621 3.5
      vertex 26.2999 29.3449 3.5
    endloop
  endfacet
  facet normal 0 0 1
    outer loop
      vertex 31.9001 26.3515 3.5
      vertex 30.2686 27.2236 3.5
      vertex 31.6933 26.0064 3.5
    endloop
  endfacet
  facet normal -0 0 1
    outer loop
      vertex 30.1551 27.0342 3.5
      vertex 31.6933 26.0064 3.5
      vertex 30.2686 27.2236 3.5
    endloop
  endfacet
  facet normal 0 0 1
    outer loop
      vertex 31.6933 26.0064 3.5
      vertex 30.1551 27.0342 3.5
      vertex 31.4536 25.6833 3.5
    endloop
  endfacet
  facet normal -0 0 1
    outer loop
      vertex 30.0235 26.8569 3.5
      vertex 31.4536 25.6833 3.5
      vertex 30.1551 27.0342 3.5
    endloop
  endfacet
  facet normal 0 0 1
    outer loop
      vertex 31.4536 25.6833 3.5
      vertex 30.0235 26.8569 3.5
      vertex 31.1834 25.3851 3.5
    endloop
  endfacet
  facet normal -0 0 1
    outer loop
      vertex 29.8753 26.6933 3.5
      vertex 31.1834 25.3851 3.5
      vertex 30.0235 26.8569 3.5
    endloop
  endfacet
  facet normal 0 0 1
    outer loop
      vertex 31.1834 25.3851 3.5
      vertex 29.8753 26.6933 3.5
      vertex 30.8853 25.1149 3.5
    endloop
  endfacet
  facet normal -0 0 1
    outer loop
      vertex 29.7117 26.545 3.5
      vertex 30.8853 25.1149 3.5
      vertex 29.8753 26.6933 3.5
    endloop
  endfacet
  facet normal 0 0 1
    outer loop
      vertex 30.8853 25.1149 3.5
      vertex 29.7117 26.545 3.5
      vertex 30.5621 24.8752 3.5
    endloop
  endfacet
  facet normal -0 0 1
    outer loop
      vertex 29.5343 26.4135 3.5
      vertex 30.5621 24.8752 3.5
      vertex 29.7117 26.545 3.5
    endloop
  endfacet
  facet normal 0 0 1
    outer loop
      vertex 30.5621 24.8752 3.5
      vertex 29.5343 26.4135 3.5
      vertex 30.217 24.6684 3.5
    endloop
  endfacet
  facet normal -0 0 1
    outer loop
      vertex 29.3449 26.2999 3.5
      vertex 30.217 24.6684 3.5
      vertex 29.5343 26.4135 3.5
    endloop
  endfacet
  facet normal 0 0 1
    outer loop
      vertex 30.217 24.6684 3.5
      vertex 29.3449 26.2999 3.5
      vertex 29.8533 24.4964 3.5
    endloop
  endfacet
  facet normal -0 0 1
    outer loop
      vertex 29.1453 26.2055 3.5
      vertex 29.8533 24.4964 3.5
      vertex 29.3449 26.2999 3.5
    endloop
  endfacet
  facet normal 0 0 1
    outer loop
      vertex 29.8533 24.4964 3.5
      vertex 29.1453 26.2055 3.5
      vertex 29.4744 24.3608 3.5
    endloop
  endfacet
  facet normal -0 0 1
    outer loop
      vertex 28.9374 26.1312 3.5
      vertex 29.4744 24.3608 3.5
      vertex 29.1453 26.2055 3.5
    endloop
  endfacet
  facet normal 0 0 1
    outer loop
      vertex 29.4744 24.3608 3.5
      vertex 28.9374 26.1312 3.5
      vertex 29.0841 24.2631 3.5
    endloop
  endfacet
  facet normal -0 0 1
    outer loop
      vertex 28.7232 26.0775 3.5
      vertex 29.0841 24.2631 3.5
      vertex 28.9374 26.1312 3.5
    endloop
  endfacet
  facet normal 0 0 1
    outer loop
      vertex 28.7232 26.0775 3.5
      vertex 28.6861 24.204 3.5
      vertex 29.0841 24.2631 3.5
    endloop
  endfacet
  facet normal -0 0 1
    outer loop
      vertex 28.5048 26.0451 3.5
      vertex 28.6861 24.204 3.5
      vertex 28.7232 26.0775 3.5
    endloop
  endfacet
  facet normal -0 0 1
    outer loop
      vertex 28.2843 26.0343 3.5
      vertex 28.6861 24.204 3.5
      vertex 28.5048 26.0451 3.5
    endloop
  endfacet
  facet normal 0 0 1
    outer loop
      vertex 28.2843 26.0343 3.5
      vertex 28.2843 24.1843 3.5
      vertex 28.6861 24.204 3.5
    endloop
  endfacet
  facet normal 0 0 1
    outer loop
      vertex 28.0637 26.0451 3.5
      vertex 28.2843 24.1843 3.5
      vertex 28.2843 26.0343 3.5
    endloop
  endfacet
  facet normal 0 0 1
    outer loop
      vertex 28.0637 26.0451 3.5
      vertex 27.8824 24.204 3.5
      vertex 28.2843 24.1843 3.5
    endloop
  endfacet
  facet normal 0 0 1
    outer loop
      vertex 27.8453 26.0775 3.5
      vertex 27.8824 24.204 3.5
      vertex 28.0637 26.0451 3.5
    endloop
  endfacet
  facet normal 0 0 1
    outer loop
      vertex 27.4844 24.2631 3.5
      vertex 27.8453 26.0775 3.5
      vertex 27.6311 26.1312 3.5
    endloop
  endfacet
  facet normal 0 0 1
    outer loop
      vertex 27.8453 26.0775 3.5
      vertex 27.4844 24.2631 3.5
      vertex 27.8824 24.204 3.5
    endloop
  endfacet
  facet normal 0 0 1
    outer loop
      vertex 27.0941 24.3608 3.5
      vertex 27.6311 26.1312 3.5
      vertex 27.4232 26.2055 3.5
    endloop
  endfacet
  facet normal 0 0 1
    outer loop
      vertex 26.7153 24.4964 3.5
      vertex 27.4232 26.2055 3.5
      vertex 27.2236 26.2999 3.5
    endloop
  endfacet
  facet normal 0 0 1
    outer loop
      vertex 27.6311 26.1312 3.5
      vertex 27.0941 24.3608 3.5
      vertex 27.4844 24.2631 3.5
    endloop
  endfacet
  facet normal 0 0 1
    outer loop
      vertex 26.3515 24.6684 3.5
      vertex 27.2236 26.2999 3.5
      vertex 27.0342 26.4135 3.5
    endloop
  endfacet
  facet normal 0 0 1
    outer loop
      vertex 26.0064 24.8752 3.5
      vertex 27.0342 26.4135 3.5
      vertex 26.8569 26.545 3.5
    endloop
  endfacet
  facet normal 0 0 1
    outer loop
      vertex 27.4232 26.2055 3.5
      vertex 26.7153 24.4964 3.5
      vertex 27.0941 24.3608 3.5
    endloop
  endfacet
  facet normal 0 0 1
    outer loop
      vertex 25.6833 25.1149 3.5
      vertex 26.8569 26.545 3.5
      vertex 26.6933 26.6933 3.5
    endloop
  endfacet
  facet normal 0 0 1
    outer loop
      vertex 25.3851 25.3851 3.5
      vertex 26.6933 26.6933 3.5
      vertex 26.545 26.8569 3.5
    endloop
  endfacet
  facet normal 0 0 1
    outer loop
      vertex 25.1149 25.6833 3.5
      vertex 26.545 26.8569 3.5
      vertex 26.4135 27.0342 3.5
    endloop
  endfacet
  facet normal 0 0 1
    outer loop
      vertex 27.2236 26.2999 3.5
      vertex 26.3515 24.6684 3.5
      vertex 26.7153 24.4964 3.5
    endloop
  endfacet
  facet normal 0 0 1
    outer loop
      vertex 24.8752 26.0064 3.5
      vertex 26.4135 27.0342 3.5
      vertex 26.2999 27.2236 3.5
    endloop
  endfacet
  facet normal 0 0 1
    outer loop
      vertex 24.6684 26.3515 3.5
      vertex 26.2999 27.2236 3.5
      vertex 26.2055 27.4232 3.5
    endloop
  endfacet
  facet normal 0 0 1
    outer loop
      vertex 24.4964 26.7153 3.5
      vertex 26.2055 27.4232 3.5
      vertex 26.1312 27.6311 3.5
    endloop
  endfacet
  facet normal 0 0 1
    outer loop
      vertex 24.3608 27.0941 3.5
      vertex 26.1312 27.6311 3.5
      vertex 26.0775 27.8453 3.5
    endloop
  endfacet
  facet normal 0 0 1
    outer loop
      vertex 24.2631 27.4844 3.5
      vertex 26.0775 27.8453 3.5
      vertex 26.0451 28.0637 3.5
    endloop
  endfacet
  facet normal 0 0 1
    outer loop
      vertex 27.0342 26.4135 3.5
      vertex 26.0064 24.8752 3.5
      vertex 26.3515 24.6684 3.5
    endloop
  endfacet
  facet normal 0 0 1
    outer loop
      vertex 24.204 27.8824 3.5
      vertex 26.0451 28.0637 3.5
      vertex 26.0343 28.2843 3.5
    endloop
  endfacet
  facet normal 0 0 1
    outer loop
      vertex 26.2999 29.3449 3.5
      vertex 24.6684 30.217 3.5
      vertex 26.2055 29.1453 3.5
    endloop
  endfacet
  facet normal -0 0 1
    outer loop
      vertex 24.4964 29.8533 3.5
      vertex 26.2055 29.1453 3.5
      vertex 24.6684 30.217 3.5
    endloop
  endfacet
  facet normal 0 0 1
    outer loop
      vertex 26.8569 26.545 3.5
      vertex 25.6833 25.1149 3.5
      vertex 26.0064 24.8752 3.5
    endloop
  endfacet
  facet normal 0 0 1
    outer loop
      vertex 26.2055 29.1453 3.5
      vertex 24.4964 29.8533 3.5
      vertex 26.1312 28.9374 3.5
    endloop
  endfacet
  facet normal 0 0 1
    outer loop
      vertex 26.6933 26.6933 3.5
      vertex 25.3851 25.3851 3.5
      vertex 25.6833 25.1149 3.5
    endloop
  endfacet
  facet normal -0 0 1
    outer loop
      vertex 24.3608 29.4744 3.5
      vertex 26.1312 28.9374 3.5
      vertex 24.4964 29.8533 3.5
    endloop
  endfacet
  facet normal 0 0 1
    outer loop
      vertex 26.545 26.8569 3.5
      vertex 25.1149 25.6833 3.5
      vertex 25.3851 25.3851 3.5
    endloop
  endfacet
  facet normal 0 0 1
    outer loop
      vertex 26.1312 28.9374 3.5
      vertex 24.3608 29.4744 3.5
      vertex 26.0775 28.7232 3.5
    endloop
  endfacet
  facet normal 0 0 1
    outer loop
      vertex 26.4135 27.0342 3.5
      vertex 24.8752 26.0064 3.5
      vertex 25.1149 25.6833 3.5
    endloop
  endfacet
  facet normal -0 0 1
    outer loop
      vertex 24.2631 29.0841 3.5
      vertex 26.0775 28.7232 3.5
      vertex 24.3608 29.4744 3.5
    endloop
  endfacet
  facet normal 0 0 1
    outer loop
      vertex 26.2999 27.2236 3.5
      vertex 24.6684 26.3515 3.5
      vertex 24.8752 26.0064 3.5
    endloop
  endfacet
  facet normal 0 0 1
    outer loop
      vertex 26.0775 28.7232 3.5
      vertex 24.2631 29.0841 3.5
      vertex 26.0451 28.5048 3.5
    endloop
  endfacet
  facet normal 0 0 1
    outer loop
      vertex 26.2055 27.4232 3.5
      vertex 24.4964 26.7153 3.5
      vertex 24.6684 26.3515 3.5
    endloop
  endfacet
  facet normal -0 0 1
    outer loop
      vertex 24.204 28.6861 3.5
      vertex 26.0451 28.5048 3.5
      vertex 24.2631 29.0841 3.5
    endloop
  endfacet
  facet normal 0 0 1
    outer loop
      vertex 26.1312 27.6311 3.5
      vertex 24.3608 27.0941 3.5
      vertex 24.4964 26.7153 3.5
    endloop
  endfacet
  facet normal 0 0 1
    outer loop
      vertex 26.0451 28.5048 3.5
      vertex 24.204 28.6861 3.5
      vertex 26.0343 28.2843 3.5
    endloop
  endfacet
  facet normal 0 0 1
    outer loop
      vertex 26.0775 27.8453 3.5
      vertex 24.2631 27.4844 3.5
      vertex 24.3608 27.0941 3.5
    endloop
  endfacet
  facet normal 0 0 1
    outer loop
      vertex 24.1843 28.2843 3.5
      vertex 26.0343 28.2843 3.5
      vertex 24.204 28.6861 3.5
    endloop
  endfacet
  facet normal 0 0 1
    outer loop
      vertex 26.0451 28.0637 3.5
      vertex 24.204 27.8824 3.5
      vertex 24.2631 27.4844 3.5
    endloop
  endfacet
  facet normal 0 0 1
    outer loop
      vertex 26.0343 28.2843 3.5
      vertex 24.1843 28.2843 3.5
      vertex 24.204 27.8824 3.5
    endloop
  endfacet
  facet normal 0.67146 0.741041 -0
    outer loop
      vertex 25.6833 25.1149 3.5
      vertex 25.3851 25.3851 8
      vertex 25.6833 25.1149 8
    endloop
  endfacet
  facet normal 0.67146 0.741041 0
    outer loop
      vertex 25.3851 25.3851 8
      vertex 25.6833 25.1149 3.5
      vertex 25.3851 25.3851 3.5
    endloop
  endfacet
  facet normal 0.803209 -0.595697 0
    outer loop
      vertex 24.8752 30.5621 8
      vertex 25.1149 30.8853 3.5
      vertex 25.1149 30.8853 8
    endloop
  endfacet
  facet normal 0.803209 -0.595697 0
    outer loop
      vertex 25.1149 30.8853 3.5
      vertex 24.8752 30.5621 8
      vertex 24.8752 30.5621 3.5
    endloop
  endfacet
  facet normal 0.0489584 0.998801 -0
    outer loop
      vertex 28.2843 24.1843 3.5
      vertex 27.8824 24.204 8
      vertex 28.2843 24.1843 8
    endloop
  endfacet
  facet normal 0.0489584 0.998801 0
    outer loop
      vertex 27.8824 24.204 8
      vertex 28.2843 24.1843 3.5
      vertex 27.8824 24.204 3.5
    endloop
  endfacet
  facet normal 0.146882 0.989154 -0
    outer loop
      vertex 27.8824 24.204 3.5
      vertex 27.4844 24.2631 8
      vertex 27.8824 24.204 8
    endloop
  endfacet
  facet normal 0.146882 0.989154 0
    outer loop
      vertex 27.4844 24.2631 8
      vertex 27.8824 24.204 3.5
      vertex 27.4844 24.2631 3.5
    endloop
  endfacet
  facet normal 0.989154 -0.146882 0
    outer loop
      vertex 24.204 28.6861 8
      vertex 24.2631 29.0841 3.5
      vertex 24.2631 29.0841 8
    endloop
  endfacet
  facet normal 0.989154 -0.146882 0
    outer loop
      vertex 24.2631 29.0841 3.5
      vertex 24.204 28.6861 8
      vertex 24.204 28.6861 3.5
    endloop
  endfacet
  facet normal 0.9988 -0.0489705 0
    outer loop
      vertex 24.1843 28.2843 8
      vertex 24.204 28.6861 3.5
      vertex 24.204 28.6861 8
    endloop
  endfacet
  facet normal 0.9988 -0.0489705 0
    outer loop
      vertex 24.204 28.6861 3.5
      vertex 24.1843 28.2843 8
      vertex 24.1843 28.2843 3.5
    endloop
  endfacet
  facet normal 0.337029 0.941494 -0
    outer loop
      vertex 27.0941 24.3608 3.5
      vertex 26.7153 24.4964 8
      vertex 27.0941 24.3608 8
    endloop
  endfacet
  facet normal 0.337029 0.941494 0
    outer loop
      vertex 26.7153 24.4964 8
      vertex 27.0941 24.3608 3.5
      vertex 26.7153 24.4964 3.5
    endloop
  endfacet
  facet normal -0.671583 0.740929 0
    outer loop
      vertex 31.1834 25.3851 3.5
      vertex 30.8853 25.1149 8
      vertex 31.1834 25.3851 8
    endloop
  endfacet
  facet normal -0.671583 0.740929 0
    outer loop
      vertex 30.8853 25.1149 8
      vertex 31.1834 25.3851 3.5
      vertex 30.8853 25.1149 3.5
    endloop
  endfacet
  facet normal -0.989174 -0.146746 0
    outer loop
      vertex -26.0451 28.5048 0
      vertex -26.0775 28.7232 3.5
      vertex -26.0775 28.7232 0
    endloop
  endfacet
  facet normal -0.989174 -0.146746 0
    outer loop
      vertex -26.0775 28.7232 3.5
      vertex -26.0451 28.5048 0
      vertex -26.0451 28.5048 3.5
    endloop
  endfacet
  facet normal -0.998803 -0.0489209 0
    outer loop
      vertex -26.0343 28.2843 0
      vertex -26.0451 28.5048 3.5
      vertex -26.0451 28.5048 0
    endloop
  endfacet
  facet normal -0.998803 -0.0489209 0
    outer loop
      vertex -26.0451 28.5048 3.5
      vertex -26.0343 28.2843 0
      vertex -26.0343 28.2843 3.5
    endloop
  endfacet
  facet normal -0.969982 -0.243175 0
    outer loop
      vertex -26.0775 28.7232 0
      vertex -26.1312 28.9374 3.5
      vertex -26.1312 28.9374 0
    endloop
  endfacet
  facet normal -0.969982 -0.243175 0
    outer loop
      vertex -26.1312 28.9374 3.5
      vertex -26.0775 28.7232 0
      vertex -26.0775 28.7232 3.5
    endloop
  endfacet
  facet normal -0.336537 0.94167 0
    outer loop
      vertex -27.4232 26.2055 0
      vertex -27.6311 26.1312 3.5
      vertex -27.4232 26.2055 3.5
    endloop
  endfacet
  facet normal -0.336537 0.94167 0
    outer loop
      vertex -27.6311 26.1312 3.5
      vertex -27.4232 26.2055 0
      vertex -27.6311 26.1312 0
    endloop
  endfacet
  facet normal -0.671364 -0.741128 0
    outer loop
      vertex -26.8569 30.0235 0
      vertex -26.6933 29.8753 3.5
      vertex -26.8569 30.0235 3.5
    endloop
  endfacet
  facet normal -0.671364 -0.741128 -0
    outer loop
      vertex -26.6933 29.8753 3.5
      vertex -26.8569 30.0235 0
      vertex -26.6933 29.8753 0
    endloop
  endfacet
  facet normal 0.857773 -0.514029 0
    outer loop
      vertex -30.2686 29.3449 3.5
      vertex -30.1551 29.5343 0
      vertex -30.1551 29.5343 3.5
    endloop
  endfacet
  facet normal 0.857773 -0.514029 0
    outer loop
      vertex -30.1551 29.5343 0
      vertex -30.2686 29.3449 3.5
      vertex -30.2686 29.3449 0
    endloop
  endfacet
  facet normal 0.146746 0.989174 -0
    outer loop
      vertex -28.5048 26.0451 0
      vertex -28.7232 26.0775 3.5
      vertex -28.5048 26.0451 3.5
    endloop
  endfacet
  facet normal 0.146746 0.989174 0
    outer loop
      vertex -28.7232 26.0775 3.5
      vertex -28.5048 26.0451 0
      vertex -28.7232 26.0775 0
    endloop
  endfacet
  facet normal -0.94167 -0.336537 0
    outer loop
      vertex -26.1312 28.9374 0
      vertex -26.2055 29.1453 3.5
      vertex -26.2055 29.1453 0
    endloop
  endfacet
  facet normal -0.94167 -0.336537 0
    outer loop
      vertex -26.2055 29.1453 3.5
      vertex -26.1312 28.9374 0
      vertex -26.1312 28.9374 3.5
    endloop
  endfacet
  facet normal 0.0493728 -0.99878 0
    outer loop
      vertex -28.5048 30.5234 0
      vertex -28.2843 30.5343 3.5
      vertex -28.5048 30.5234 3.5
    endloop
  endfacet
  facet normal 0.0493728 -0.99878 0
    outer loop
      vertex -28.2843 30.5343 3.5
      vertex -28.5048 30.5234 0
      vertex -28.2843 30.5343 0
    endloop
  endfacet
  facet normal -0.0488988 0.998804 0
    outer loop
      vertex -28.0637 26.0451 0
      vertex -28.2843 26.0343 3.5
      vertex -28.0637 26.0451 3.5
    endloop
  endfacet
  facet normal -0.0488988 0.998804 0
    outer loop
      vertex -28.2843 26.0343 3.5
      vertex -28.0637 26.0451 0
      vertex -28.2843 26.0343 0
    endloop
  endfacet
  facet normal 0.903996 0.427541 0
    outer loop
      vertex -30.2686 27.2236 3.5
      vertex -30.363 27.4232 0
      vertex -30.363 27.4232 3.5
    endloop
  endfacet
  facet normal 0.903996 0.427541 0
    outer loop
      vertex -30.363 27.4232 0
      vertex -30.2686 27.2236 3.5
      vertex -30.2686 27.2236 0
    endloop
  endfacet
  facet normal 0.595498 0.803357 -0
    outer loop
      vertex -29.5343 26.4135 0
      vertex -29.7117 26.545 3.5
      vertex -29.5343 26.4135 3.5
    endloop
  endfacet
  facet normal 0.595498 0.803357 0
    outer loop
      vertex -29.7117 26.545 3.5
      vertex -29.5343 26.4135 0
      vertex -29.7117 26.545 0
    endloop
  endfacet
  facet normal 0.80314 -0.59579 0
    outer loop
      vertex -30.1551 29.5343 3.5
      vertex -30.0235 29.7117 0
      vertex -30.0235 29.7117 3.5
    endloop
  endfacet
  facet normal 0.80314 -0.59579 0
    outer loop
      vertex -30.0235 29.7117 0
      vertex -30.1551 29.5343 3.5
      vertex -30.1551 29.5343 0
    endloop
  endfacet
  facet normal -0.969982 0.243175 0
    outer loop
      vertex -26.1312 27.6311 0
      vertex -26.0775 27.8453 3.5
      vertex -26.0775 27.8453 0
    endloop
  endfacet
  facet normal -0.969982 0.243175 0
    outer loop
      vertex -26.0775 27.8453 3.5
      vertex -26.1312 27.6311 0
      vertex -26.1312 27.6311 3.5
    endloop
  endfacet
  facet normal -0.514363 0.857573 0
    outer loop
      vertex -27.0342 26.4135 0
      vertex -27.2236 26.2999 3.5
      vertex -27.0342 26.4135 3.5
    endloop
  endfacet
  facet normal -0.514363 0.857573 0
    outer loop
      vertex -27.2236 26.2999 3.5
      vertex -27.0342 26.4135 0
      vertex -27.2236 26.2999 0
    endloop
  endfacet
  facet normal -0.857573 -0.514363 0
    outer loop
      vertex -26.2999 29.3449 0
      vertex -26.4135 29.5343 3.5
      vertex -26.4135 29.5343 0
    endloop
  endfacet
  facet normal -0.857573 -0.514363 0
    outer loop
      vertex -26.4135 29.5343 3.5
      vertex -26.2999 29.3449 0
      vertex -26.2999 29.3449 3.5
    endloop
  endfacet
  facet normal 0.998782 0.0493505 0
    outer loop
      vertex -30.5234 28.0637 3.5
      vertex -30.5343 28.2843 0
      vertex -30.5343 28.2843 3.5
    endloop
  endfacet
  facet normal 0.998782 0.0493505 0
    outer loop
      vertex -30.5343 28.2843 0
      vertex -30.5234 28.0637 3.5
      vertex -30.5234 28.0637 0
    endloop
  endfacet
  facet normal -0.903996 -0.427541 0
    outer loop
      vertex -26.2055 29.1453 0
      vertex -26.2999 29.3449 3.5
      vertex -26.2999 29.3449 0
    endloop
  endfacet
  facet normal -0.903996 -0.427541 0
    outer loop
      vertex -26.2999 29.3449 3.5
      vertex -26.2055 29.1453 0
      vertex -26.2055 29.1453 3.5
    endloop
  endfacet
  facet normal -0.94167 0.336537 0
    outer loop
      vertex -26.2055 27.4232 0
      vertex -26.1312 27.6311 3.5
      vertex -26.1312 27.6311 0
    endloop
  endfacet
  facet normal -0.94167 0.336537 0
    outer loop
      vertex -26.1312 27.6311 3.5
      vertex -26.2055 27.4232 0
      vertex -26.2055 27.4232 3.5
    endloop
  endfacet
  facet normal 0.427541 0.903996 -0
    outer loop
      vertex -29.1453 26.2055 0
      vertex -29.3449 26.2999 3.5
      vertex -29.1453 26.2055 3.5
    endloop
  endfacet
  facet normal 0.427541 0.903996 0
    outer loop
      vertex -29.3449 26.2999 3.5
      vertex -29.1453 26.2055 0
      vertex -29.3449 26.2999 0
    endloop
  endfacet
  facet normal 0.970089 0.242749 0
    outer loop
      vertex -30.4374 27.6311 3.5
      vertex -30.491 27.8453 0
      vertex -30.491 27.8453 3.5
    endloop
  endfacet
  facet normal 0.970089 0.242749 0
    outer loop
      vertex -30.491 27.8453 0
      vertex -30.4374 27.6311 3.5
      vertex -30.4374 27.6311 0
    endloop
  endfacet
  facet normal 0.741128 -0.671364 0
    outer loop
      vertex -30.0235 29.7117 3.5
      vertex -29.8753 29.8753 0
      vertex -29.8753 29.8753 3.5
    endloop
  endfacet
  facet normal 0.741128 -0.671364 0
    outer loop
      vertex -29.8753 29.8753 0
      vertex -30.0235 29.7117 3.5
      vertex -30.0235 29.7117 0
    endloop
  endfacet
  facet normal 0.243175 0.969982 -0
    outer loop
      vertex -28.7232 26.0775 0
      vertex -28.9374 26.1312 3.5
      vertex -28.7232 26.0775 3.5
    endloop
  endfacet
  facet normal 0.243175 0.969982 0
    outer loop
      vertex -28.9374 26.1312 3.5
      vertex -28.7232 26.0775 0
      vertex -28.9374 26.1312 0
    endloop
  endfacet
  facet normal 0.514029 -0.857773 0
    outer loop
      vertex -29.5343 30.1551 0
      vertex -29.3449 30.2686 3.5
      vertex -29.5343 30.1551 3.5
    endloop
  endfacet
  facet normal 0.514029 -0.857773 0
    outer loop
      vertex -29.3449 30.2686 3.5
      vertex -29.5343 30.1551 0
      vertex -29.3449 30.2686 0
    endloop
  endfacet
  facet normal -0.803357 -0.595498 0
    outer loop
      vertex -26.4135 29.5343 0
      vertex -26.545 29.7117 3.5
      vertex -26.545 29.7117 0
    endloop
  endfacet
  facet normal -0.803357 -0.595498 0
    outer loop
      vertex -26.545 29.7117 3.5
      vertex -26.4135 29.5343 0
      vertex -26.4135 29.5343 3.5
    endloop
  endfacet
  facet normal 0.146746 -0.989174 0
    outer loop
      vertex -28.7232 30.491 0
      vertex -28.5048 30.5234 3.5
      vertex -28.7232 30.491 3.5
    endloop
  endfacet
  facet normal 0.146746 -0.989174 0
    outer loop
      vertex -28.5048 30.5234 3.5
      vertex -28.7232 30.491 0
      vertex -28.5048 30.5234 0
    endloop
  endfacet
  facet normal -0.427541 0.903996 0
    outer loop
      vertex -27.2236 26.2999 0
      vertex -27.4232 26.2055 3.5
      vertex -27.2236 26.2999 3.5
    endloop
  endfacet
  facet normal -0.427541 0.903996 0
    outer loop
      vertex -27.4232 26.2055 3.5
      vertex -27.2236 26.2999 0
      vertex -27.4232 26.2055 0
    endloop
  endfacet
  facet normal 0.671364 -0.741128 0
    outer loop
      vertex -29.8753 29.8753 0
      vertex -29.7117 30.0235 3.5
      vertex -29.8753 29.8753 3.5
    endloop
  endfacet
  facet normal 0.671364 -0.741128 0
    outer loop
      vertex -29.7117 30.0235 3.5
      vertex -29.8753 29.8753 0
      vertex -29.7117 30.0235 0
    endloop
  endfacet
  facet normal -0.857573 0.514363 0
    outer loop
      vertex -26.4135 27.0342 0
      vertex -26.2999 27.2236 3.5
      vertex -26.2999 27.2236 0
    endloop
  endfacet
  facet normal -0.857573 0.514363 0
    outer loop
      vertex -26.2999 27.2236 3.5
      vertex -26.4135 27.0342 0
      vertex -26.4135 27.0342 3.5
    endloop
  endfacet
  facet normal 0.59579 -0.80314 0
    outer loop
      vertex -29.7117 30.0235 0
      vertex -29.5343 30.1551 3.5
      vertex -29.7117 30.0235 3.5
    endloop
  endfacet
  facet normal 0.59579 -0.80314 0
    outer loop
      vertex -29.5343 30.1551 3.5
      vertex -29.7117 30.0235 0
      vertex -29.5343 30.1551 0
    endloop
  endfacet
  facet normal -0.336939 -0.941527 0
    outer loop
      vertex -27.6311 30.4374 0
      vertex -27.4232 30.363 3.5
      vertex -27.6311 30.4374 3.5
    endloop
  endfacet
  facet normal -0.336939 -0.941527 -0
    outer loop
      vertex -27.4232 30.363 3.5
      vertex -27.6311 30.4374 0
      vertex -27.4232 30.363 0
    endloop
  endfacet
  facet normal -0.998804 0.0488988 0
    outer loop
      vertex -26.0451 28.0637 0
      vertex -26.0343 28.2843 3.5
      vertex -26.0343 28.2843 0
    endloop
  endfacet
  facet normal -0.998804 0.0488988 0
    outer loop
      vertex -26.0343 28.2843 3.5
      vertex -26.0451 28.0637 0
      vertex -26.0451 28.0637 3.5
    endloop
  endfacet
  facet normal 0.941527 0.336939 0
    outer loop
      vertex -30.363 27.4232 3.5
      vertex -30.4374 27.6311 0
      vertex -30.4374 27.6311 3.5
    endloop
  endfacet
  facet normal 0.941527 0.336939 0
    outer loop
      vertex -30.4374 27.6311 0
      vertex -30.363 27.4232 3.5
      vertex -30.363 27.4232 0
    endloop
  endfacet
  facet normal -0.514029 -0.857773 0
    outer loop
      vertex -27.2236 30.2686 0
      vertex -27.0342 30.1551 3.5
      vertex -27.2236 30.2686 3.5
    endloop
  endfacet
  facet normal -0.514029 -0.857773 -0
    outer loop
      vertex -27.0342 30.1551 3.5
      vertex -27.2236 30.2686 0
      vertex -27.0342 30.1551 0
    endloop
  endfacet
  facet normal -0.596007 -0.802979 0
    outer loop
      vertex -27.0342 30.1551 0
      vertex -26.8569 30.0235 3.5
      vertex -27.0342 30.1551 3.5
    endloop
  endfacet
  facet normal -0.596007 -0.802979 -0
    outer loop
      vertex -26.8569 30.0235 3.5
      vertex -27.0342 30.1551 0
      vertex -26.8569 30.0235 0
    endloop
  endfacet
  facet normal -0.146746 0.989174 0
    outer loop
      vertex -27.8453 26.0775 0
      vertex -28.0637 26.0451 3.5
      vertex -27.8453 26.0775 3.5
    endloop
  endfacet
  facet normal -0.146746 0.989174 0
    outer loop
      vertex -28.0637 26.0451 3.5
      vertex -27.8453 26.0775 0
      vertex -28.0637 26.0451 0
    endloop
  endfacet
  facet normal -0.740902 0.671613 0
    outer loop
      vertex -26.6933 26.6933 0
      vertex -26.545 26.8569 3.5
      vertex -26.545 26.8569 0
    endloop
  endfacet
  facet normal -0.740902 0.671613 0
    outer loop
      vertex -26.545 26.8569 3.5
      vertex -26.6933 26.6933 0
      vertex -26.6933 26.6933 3.5
    endloop
  endfacet
  facet normal -0.803196 0.595715 0
    outer loop
      vertex -26.545 26.8569 0
      vertex -26.4135 27.0342 3.5
      vertex -26.4135 27.0342 0
    endloop
  endfacet
  facet normal -0.803196 0.595715 0
    outer loop
      vertex -26.4135 27.0342 3.5
      vertex -26.545 26.8569 0
      vertex -26.545 26.8569 3.5
    endloop
  endfacet
  facet normal -0.243175 0.969982 0
    outer loop
      vertex -27.6311 26.1312 0
      vertex -27.8453 26.0775 3.5
      vertex -27.6311 26.1312 3.5
    endloop
  endfacet
  facet normal -0.243175 0.969982 0
    outer loop
      vertex -27.8453 26.0775 3.5
      vertex -27.6311 26.1312 0
      vertex -27.8453 26.0775 0
    endloop
  endfacet
  facet normal -0.903996 0.427541 0
    outer loop
      vertex -26.2999 27.2236 0
      vertex -26.2055 27.4232 3.5
      vertex -26.2055 27.4232 0
    endloop
  endfacet
  facet normal -0.903996 0.427541 0
    outer loop
      vertex -26.2055 27.4232 3.5
      vertex -26.2999 27.2236 0
      vertex -26.2999 27.2236 3.5
    endloop
  endfacet
  facet normal 0.242749 -0.970089 0
    outer loop
      vertex -28.9374 30.4374 0
      vertex -28.7232 30.491 3.5
      vertex -28.9374 30.4374 3.5
    endloop
  endfacet
  facet normal 0.242749 -0.970089 0
    outer loop
      vertex -28.7232 30.491 3.5
      vertex -28.9374 30.4374 0
      vertex -28.7232 30.491 0
    endloop
  endfacet
  facet normal 0.941527 -0.336939 0
    outer loop
      vertex -30.4374 28.9374 3.5
      vertex -30.363 29.1453 0
      vertex -30.363 29.1453 3.5
    endloop
  endfacet
  facet normal 0.941527 -0.336939 0
    outer loop
      vertex -30.363 29.1453 0
      vertex -30.4374 28.9374 3.5
      vertex -30.4374 28.9374 0
    endloop
  endfacet
  facet normal 0.427541 -0.903996 0
    outer loop
      vertex -29.3449 30.2686 0
      vertex -29.1453 30.363 3.5
      vertex -29.3449 30.2686 3.5
    endloop
  endfacet
  facet normal 0.427541 -0.903996 0
    outer loop
      vertex -29.1453 30.363 3.5
      vertex -29.3449 30.2686 0
      vertex -29.1453 30.363 0
    endloop
  endfacet
  facet normal 0.989174 -0.146746 0
    outer loop
      vertex -30.5234 28.5048 3.5
      vertex -30.491 28.7232 0
      vertex -30.491 28.7232 3.5
    endloop
  endfacet
  facet normal 0.989174 -0.146746 0
    outer loop
      vertex -30.491 28.7232 0
      vertex -30.5234 28.5048 3.5
      vertex -30.5234 28.5048 0
    endloop
  endfacet
  facet normal 0.970089 -0.242749 0
    outer loop
      vertex -30.491 28.7232 3.5
      vertex -30.4374 28.9374 0
      vertex -30.4374 28.9374 3.5
    endloop
  endfacet
  facet normal 0.970089 -0.242749 0
    outer loop
      vertex -30.4374 28.9374 0
      vertex -30.491 28.7232 3.5
      vertex -30.491 28.7232 0
    endloop
  endfacet
  facet normal -0.427541 -0.903996 0
    outer loop
      vertex -27.4232 30.363 0
      vertex -27.2236 30.2686 3.5
      vertex -27.4232 30.363 3.5
    endloop
  endfacet
  facet normal -0.427541 -0.903996 -0
    outer loop
      vertex -27.2236 30.2686 3.5
      vertex -27.4232 30.363 0
      vertex -27.2236 30.2686 0
    endloop
  endfacet
  facet normal -0.989174 0.146746 0
    outer loop
      vertex -26.0775 27.8453 0
      vertex -26.0451 28.0637 3.5
      vertex -26.0451 28.0637 0
    endloop
  endfacet
  facet normal -0.989174 0.146746 0
    outer loop
      vertex -26.0451 28.0637 3.5
      vertex -26.0775 27.8453 0
      vertex -26.0775 27.8453 3.5
    endloop
  endfacet
  facet normal -0.146746 -0.989174 0
    outer loop
      vertex -28.0637 30.5234 0
      vertex -27.8453 30.491 3.5
      vertex -28.0637 30.5234 3.5
    endloop
  endfacet
  facet normal -0.146746 -0.989174 -0
    outer loop
      vertex -27.8453 30.491 3.5
      vertex -28.0637 30.5234 0
      vertex -27.8453 30.491 0
    endloop
  endfacet
  facet normal -0.0493505 -0.998782 0
    outer loop
      vertex -28.2843 30.5343 0
      vertex -28.0637 30.5234 3.5
      vertex -28.2843 30.5343 3.5
    endloop
  endfacet
  facet normal -0.0493505 -0.998782 -0
    outer loop
      vertex -28.0637 30.5234 3.5
      vertex -28.2843 30.5343 0
      vertex -28.0637 30.5234 0
    endloop
  endfacet
  facet normal 0.741128 0.671364 0
    outer loop
      vertex -29.8753 26.6933 3.5
      vertex -30.0235 26.8569 0
      vertex -30.0235 26.8569 3.5
    endloop
  endfacet
  facet normal 0.741128 0.671364 0
    outer loop
      vertex -30.0235 26.8569 0
      vertex -29.8753 26.6933 3.5
      vertex -29.8753 26.6933 0
    endloop
  endfacet
  facet normal 0.857773 0.514029 0
    outer loop
      vertex -30.1551 27.0342 3.5
      vertex -30.2686 27.2236 0
      vertex -30.2686 27.2236 3.5
    endloop
  endfacet
  facet normal 0.857773 0.514029 0
    outer loop
      vertex -30.2686 27.2236 0
      vertex -30.1551 27.0342 3.5
      vertex -30.1551 27.0342 0
    endloop
  endfacet
  facet normal 0.336939 -0.941527 0
    outer loop
      vertex -29.1453 30.363 0
      vertex -28.9374 30.4374 3.5
      vertex -29.1453 30.363 3.5
    endloop
  endfacet
  facet normal 0.336939 -0.941527 0
    outer loop
      vertex -28.9374 30.4374 3.5
      vertex -29.1453 30.363 0
      vertex -28.9374 30.4374 0
    endloop
  endfacet
  facet normal 0.514363 0.857573 -0
    outer loop
      vertex -29.3449 26.2999 0
      vertex -29.5343 26.4135 3.5
      vertex -29.3449 26.2999 3.5
    endloop
  endfacet
  facet normal 0.514363 0.857573 0
    outer loop
      vertex -29.5343 26.4135 3.5
      vertex -29.3449 26.2999 0
      vertex -29.5343 26.4135 0
    endloop
  endfacet
  facet normal -0.595715 0.803196 0
    outer loop
      vertex -26.8569 26.545 0
      vertex -27.0342 26.4135 3.5
      vertex -26.8569 26.545 3.5
    endloop
  endfacet
  facet normal -0.595715 0.803196 0
    outer loop
      vertex -27.0342 26.4135 3.5
      vertex -26.8569 26.545 0
      vertex -27.0342 26.4135 0
    endloop
  endfacet
  facet normal 0.336537 0.94167 -0
    outer loop
      vertex -28.9374 26.1312 0
      vertex -29.1453 26.2055 3.5
      vertex -28.9374 26.1312 3.5
    endloop
  endfacet
  facet normal 0.336537 0.94167 0
    outer loop
      vertex -29.1453 26.2055 3.5
      vertex -28.9374 26.1312 0
      vertex -29.1453 26.2055 0
    endloop
  endfacet
  facet normal 0.802979 0.596007 0
    outer loop
      vertex -30.0235 26.8569 3.5
      vertex -30.1551 27.0342 0
      vertex -30.1551 27.0342 3.5
    endloop
  endfacet
  facet normal 0.802979 0.596007 0
    outer loop
      vertex -30.1551 27.0342 0
      vertex -30.0235 26.8569 3.5
      vertex -30.0235 26.8569 0
    endloop
  endfacet
  facet normal 0.903996 -0.427541 0
    outer loop
      vertex -30.363 29.1453 3.5
      vertex -30.2686 29.3449 0
      vertex -30.2686 29.3449 3.5
    endloop
  endfacet
  facet normal 0.903996 -0.427541 0
    outer loop
      vertex -30.2686 29.3449 0
      vertex -30.363 29.1453 3.5
      vertex -30.363 29.1453 0
    endloop
  endfacet
  facet normal 0.989174 0.146746 0
    outer loop
      vertex -30.491 27.8453 3.5
      vertex -30.5234 28.0637 0
      vertex -30.5234 28.0637 3.5
    endloop
  endfacet
  facet normal 0.989174 0.146746 0
    outer loop
      vertex -30.5234 28.0637 0
      vertex -30.491 27.8453 3.5
      vertex -30.491 27.8453 0
    endloop
  endfacet
  facet normal -0.740902 -0.671613 0
    outer loop
      vertex -26.545 29.7117 0
      vertex -26.6933 29.8753 3.5
      vertex -26.6933 29.8753 0
    endloop
  endfacet
  facet normal -0.740902 -0.671613 0
    outer loop
      vertex -26.6933 29.8753 3.5
      vertex -26.545 29.7117 0
      vertex -26.545 29.7117 3.5
    endloop
  endfacet
  facet normal -0.242749 -0.970089 0
    outer loop
      vertex -27.8453 30.491 0
      vertex -27.6311 30.4374 3.5
      vertex -27.8453 30.491 3.5
    endloop
  endfacet
  facet normal -0.242749 -0.970089 -0
    outer loop
      vertex -27.6311 30.4374 3.5
      vertex -27.8453 30.491 0
      vertex -27.6311 30.4374 0
    endloop
  endfacet
  facet normal 0.671613 0.740902 -0
    outer loop
      vertex -29.7117 26.545 0
      vertex -29.8753 26.6933 3.5
      vertex -29.7117 26.545 3.5
    endloop
  endfacet
  facet normal 0.671613 0.740902 0
    outer loop
      vertex -29.8753 26.6933 3.5
      vertex -29.7117 26.545 0
      vertex -29.8753 26.6933 0
    endloop
  endfacet
  facet normal 0.0489209 0.998803 -0
    outer loop
      vertex -28.2843 26.0343 0
      vertex -28.5048 26.0451 3.5
      vertex -28.2843 26.0343 3.5
    endloop
  endfacet
  facet normal 0.0489209 0.998803 0
    outer loop
      vertex -28.5048 26.0451 3.5
      vertex -28.2843 26.0343 0
      vertex -28.5048 26.0451 0
    endloop
  endfacet
  facet normal 0.99878 -0.0493728 0
    outer loop
      vertex -30.5343 28.2843 3.5
      vertex -30.5234 28.5048 0
      vertex -30.5234 28.5048 3.5
    endloop
  endfacet
  facet normal 0.99878 -0.0493728 0
    outer loop
      vertex -30.5234 28.5048 0
      vertex -30.5343 28.2843 3.5
      vertex -30.5343 28.2843 0
    endloop
  endfacet
  facet normal -0.671613 0.740902 0
    outer loop
      vertex -26.6933 26.6933 0
      vertex -26.8569 26.545 3.5
      vertex -26.6933 26.6933 3.5
    endloop
  endfacet
  facet normal -0.671613 0.740902 0
    outer loop
      vertex -26.8569 26.545 3.5
      vertex -26.6933 26.6933 0
      vertex -26.8569 26.545 0
    endloop
  endfacet
  facet normal -0.740929 -0.671583 0
    outer loop
      vertex -25.1149 30.8853 3.5
      vertex -25.3851 31.1834 8
      vertex -25.3851 31.1834 3.5
    endloop
  endfacet
  facet normal -0.740929 -0.671583 0
    outer loop
      vertex -25.3851 31.1834 8
      vertex -25.1149 30.8853 3.5
      vertex -25.1149 30.8853 8
    endloop
  endfacet
  facet normal -0.989154 -0.146882 0
    outer loop
      vertex -24.204 28.6861 3.5
      vertex -24.2631 29.0841 8
      vertex -24.2631 29.0841 3.5
    endloop
  endfacet
  facet normal -0.989154 -0.146882 0
    outer loop
      vertex -24.2631 29.0841 8
      vertex -24.204 28.6861 3.5
      vertex -24.204 28.6861 8
    endloop
  endfacet
  facet normal -0.9988 -0.0489705 0
    outer loop
      vertex -24.1843 28.2843 3.5
      vertex -24.204 28.6861 8
      vertex -24.204 28.6861 3.5
    endloop
  endfacet
  facet normal -0.9988 -0.0489705 0
    outer loop
      vertex -24.204 28.6861 8
      vertex -24.1843 28.2843 3.5
      vertex -24.1843 28.2843 8
    endloop
  endfacet
  facet normal -0.970069 -0.242828 0
    outer loop
      vertex -24.2631 29.0841 3.5
      vertex -24.3608 29.4744 8
      vertex -24.3608 29.4744 3.5
    endloop
  endfacet
  facet normal -0.970069 -0.242828 0
    outer loop
      vertex -24.3608 29.4744 8
      vertex -24.2631 29.0841 3.5
      vertex -24.2631 29.0841 8
    endloop
  endfacet
  facet normal -0.337029 0.941494 0
    outer loop
      vertex -26.7153 24.4964 3.5
      vertex -27.0941 24.3608 8
      vertex -26.7153 24.4964 8
    endloop
  endfacet
  facet normal -0.337029 0.941494 0
    outer loop
      vertex -27.0941 24.3608 8
      vertex -26.7153 24.4964 3.5
      vertex -27.0941 24.3608 3.5
    endloop
  endfacet
  facet normal -0.857778 -0.51402 0
    outer loop
      vertex -24.6684 30.217 3.5
      vertex -24.8752 30.5621 8
      vertex -24.8752 30.5621 3.5
    endloop
  endfacet
  facet normal -0.857778 -0.51402 0
    outer loop
      vertex -24.8752 30.5621 8
      vertex -24.6684 30.217 3.5
      vertex -24.6684 30.217 8
    endloop
  endfacet
  facet normal -0.243062 -0.970011 0
    outer loop
      vertex -27.4844 32.3055 3.5
      vertex -27.0941 32.2077 8
      vertex -27.4844 32.3055 8
    endloop
  endfacet
  facet normal -0.243062 -0.970011 -0
    outer loop
      vertex -27.0941 32.2077 8
      vertex -27.4844 32.3055 3.5
      vertex -27.0941 32.2077 3.5
    endloop
  endfacet
  facet normal 0.740929 -0.671583 0
    outer loop
      vertex -31.4536 30.8853 8
      vertex -31.1834 31.1834 3.5
      vertex -31.1834 31.1834 8
    endloop
  endfacet
  facet normal 0.740929 -0.671583 0
    outer loop
      vertex -31.1834 31.1834 3.5
      vertex -31.4536 30.8853 8
      vertex -31.4536 30.8853 3.5
    endloop
  endfacet
  facet normal -0.0489584 0.998801 0
    outer loop
      vertex -27.8824 24.204 3.5
      vertex -28.2843 24.1843 8
      vertex -27.8824 24.204 8
    endloop
  endfacet
  facet normal -0.0489584 0.998801 0
    outer loop
      vertex -28.2843 24.1843 8
      vertex -27.8824 24.204 3.5
      vertex -28.2843 24.1843 3.5
    endloop
  endfacet
  facet normal -0.427627 -0.903955 0
    outer loop
      vertex -26.7153 32.0722 3.5
      vertex -26.3515 31.9001 8
      vertex -26.7153 32.0722 8
    endloop
  endfacet
  facet normal -0.427627 -0.903955 -0
    outer loop
      vertex -26.3515 31.9001 8
      vertex -26.7153 32.0722 3.5
      vertex -26.3515 31.9001 3.5
    endloop
  endfacet
  facet normal -0.67146 -0.741041 0
    outer loop
      vertex -25.6833 31.4536 3.5
      vertex -25.3851 31.1834 8
      vertex -25.6833 31.4536 8
    endloop
  endfacet
  facet normal -0.67146 -0.741041 -0
    outer loop
      vertex -25.3851 31.1834 8
      vertex -25.6833 31.4536 3.5
      vertex -25.3851 31.1834 3.5
    endloop
  endfacet
  facet normal 0.595697 0.803209 -0
    outer loop
      vertex -30.5621 24.8752 3.5
      vertex -30.8853 25.1149 8
      vertex -30.5621 24.8752 8
    endloop
  endfacet
  facet normal 0.595697 0.803209 0
    outer loop
      vertex -30.8853 25.1149 8
      vertex -30.5621 24.8752 3.5
      vertex -30.8853 25.1149 3.5
    endloop
  endfacet
  facet normal -0.0492063 -0.998789 0
    outer loop
      vertex -28.2843 32.3843 3.5
      vertex -27.8824 32.3645 8
      vertex -28.2843 32.3843 8
    endloop
  endfacet
  facet normal -0.0492063 -0.998789 -0
    outer loop
      vertex -27.8824 32.3645 8
      vertex -28.2843 32.3843 3.5
      vertex -27.8824 32.3645 3.5
    endloop
  endfacet
  facet normal -0.242828 0.970069 0
    outer loop
      vertex -27.0941 24.3608 3.5
      vertex -27.4844 24.2631 8
      vertex -27.0941 24.3608 8
    endloop
  endfacet
  facet normal -0.242828 0.970069 0
    outer loop
      vertex -27.4844 24.2631 8
      vertex -27.0941 24.3608 3.5
      vertex -27.4844 24.2631 3.5
    endloop
  endfacet
  facet normal -0.989154 0.146882 0
    outer loop
      vertex -24.2631 27.4844 3.5
      vertex -24.204 27.8824 8
      vertex -24.204 27.8824 3.5
    endloop
  endfacet
  facet normal -0.989154 0.146882 0
    outer loop
      vertex -24.204 27.8824 8
      vertex -24.2631 27.4844 3.5
      vertex -24.2631 27.4844 8
    endloop
  endfacet
  facet normal -0.51402 0.857778 0
    outer loop
      vertex -26.0064 24.8752 3.5
      vertex -26.3515 24.6684 8
      vertex -26.0064 24.8752 8
    endloop
  endfacet
  facet normal -0.51402 0.857778 0
    outer loop
      vertex -26.3515 24.6684 8
      vertex -26.0064 24.8752 3.5
      vertex -26.3515 24.6684 3.5
    endloop
  endfacet
  facet normal 0.242828 0.970069 -0
    outer loop
      vertex -29.0841 24.2631 3.5
      vertex -29.4744 24.3608 8
      vertex -29.0841 24.2631 8
    endloop
  endfacet
  facet normal 0.242828 0.970069 0
    outer loop
      vertex -29.4744 24.3608 8
      vertex -29.0841 24.2631 3.5
      vertex -29.4744 24.3608 3.5
    endloop
  endfacet
  facet normal 0.595697 -0.803209 0
    outer loop
      vertex -30.8853 31.4536 3.5
      vertex -30.5621 31.6933 8
      vertex -30.8853 31.4536 8
    endloop
  endfacet
  facet normal 0.595697 -0.803209 0
    outer loop
      vertex -30.5621 31.6933 8
      vertex -30.8853 31.4536 3.5
      vertex -30.5621 31.6933 3.5
    endloop
  endfacet
  facet normal 0.998789 0.0492063 0
    outer loop
      vertex -32.3645 27.8824 8
      vertex -32.3843 28.2843 3.5
      vertex -32.3843 28.2843 8
    endloop
  endfacet
  facet normal 0.998789 0.0492063 0
    outer loop
      vertex -32.3843 28.2843 3.5
      vertex -32.3645 27.8824 8
      vertex -32.3645 27.8824 3.5
    endloop
  endfacet
  facet normal 0.970011 0.243062 0
    outer loop
      vertex -32.2077 27.0941 8
      vertex -32.3055 27.4844 3.5
      vertex -32.3055 27.4844 8
    endloop
  endfacet
  facet normal 0.970011 0.243062 0
    outer loop
      vertex -32.3055 27.4844 3.5
      vertex -32.2077 27.0941 8
      vertex -32.2077 27.0941 3.5
    endloop
  endfacet
  facet normal -0.970069 0.242828 0
    outer loop
      vertex -24.3608 27.0941 3.5
      vertex -24.2631 27.4844 8
      vertex -24.2631 27.4844 3.5
    endloop
  endfacet
  facet normal -0.970069 0.242828 0
    outer loop
      vertex -24.2631 27.4844 8
      vertex -24.3608 27.0941 3.5
      vertex -24.3608 27.0941 8
    endloop
  endfacet
  facet normal 0.51402 -0.857778 0
    outer loop
      vertex -30.5621 31.6933 3.5
      vertex -30.217 31.9001 8
      vertex -30.5621 31.6933 8
    endloop
  endfacet
  facet normal 0.51402 -0.857778 0
    outer loop
      vertex -30.217 31.9001 8
      vertex -30.5621 31.6933 3.5
      vertex -30.217 31.9001 3.5
    endloop
  endfacet
  facet normal -0.595816 -0.803121 0
    outer loop
      vertex -26.0064 31.6933 3.5
      vertex -25.6833 31.4536 8
      vertex -26.0064 31.6933 8
    endloop
  endfacet
  facet normal -0.595816 -0.803121 -0
    outer loop
      vertex -25.6833 31.4536 8
      vertex -26.0064 31.6933 3.5
      vertex -25.6833 31.4536 3.5
    endloop
  endfacet
  facet normal 0.903955 0.427627 0
    outer loop
      vertex -31.9001 26.3515 8
      vertex -32.0722 26.7153 3.5
      vertex -32.0722 26.7153 8
    endloop
  endfacet
  facet normal 0.903955 0.427627 0
    outer loop
      vertex -32.0722 26.7153 3.5
      vertex -31.9001 26.3515 8
      vertex -31.9001 26.3515 3.5
    endloop
  endfacet
  facet normal -0.941494 0.337029 0
    outer loop
      vertex -24.4964 26.7153 3.5
      vertex -24.3608 27.0941 8
      vertex -24.3608 27.0941 3.5
    endloop
  endfacet
  facet normal -0.941494 0.337029 0
    outer loop
      vertex -24.3608 27.0941 8
      vertex -24.4964 26.7153 3.5
      vertex -24.4964 26.7153 8
    endloop
  endfacet
  facet normal -0.146639 -0.98919 0
    outer loop
      vertex -27.8824 32.3645 3.5
      vertex -27.4844 32.3055 8
      vertex -27.8824 32.3645 8
    endloop
  endfacet
  facet normal -0.146639 -0.98919 -0
    outer loop
      vertex -27.4844 32.3055 8
      vertex -27.8824 32.3645 3.5
      vertex -27.4844 32.3055 3.5
    endloop
  endfacet
  facet normal 0.427723 -0.90391 0
    outer loop
      vertex -30.217 31.9001 3.5
      vertex -29.8533 32.0722 8
      vertex -30.217 31.9001 8
    endloop
  endfacet
  facet normal 0.427723 -0.90391 0
    outer loop
      vertex -29.8533 32.0722 8
      vertex -30.217 31.9001 3.5
      vertex -29.8533 32.0722 3.5
    endloop
  endfacet
  facet normal -0.51402 -0.857778 0
    outer loop
      vertex -26.3515 31.9001 3.5
      vertex -26.0064 31.6933 8
      vertex -26.3515 31.9001 8
    endloop
  endfacet
  facet normal -0.51402 -0.857778 -0
    outer loop
      vertex -26.0064 31.6933 8
      vertex -26.3515 31.9001 3.5
      vertex -26.0064 31.6933 3.5
    endloop
  endfacet
  facet normal -0.427424 0.904051 0
    outer loop
      vertex -26.3515 24.6684 3.5
      vertex -26.7153 24.4964 8
      vertex -26.3515 24.6684 8
    endloop
  endfacet
  facet normal -0.427424 0.904051 0
    outer loop
      vertex -26.7153 24.4964 8
      vertex -26.3515 24.6684 3.5
      vertex -26.7153 24.4964 3.5
    endloop
  endfacet
  facet normal 0.941573 0.336809 0
    outer loop
      vertex -32.0722 26.7153 8
      vertex -32.2077 27.0941 3.5
      vertex -32.2077 27.0941 8
    endloop
  endfacet
  facet normal 0.941573 0.336809 0
    outer loop
      vertex -32.2077 27.0941 3.5
      vertex -32.0722 26.7153 8
      vertex -32.0722 26.7153 3.5
    endloop
  endfacet
  facet normal -0.857778 0.51402 0
    outer loop
      vertex -24.8752 26.0064 3.5
      vertex -24.6684 26.3515 8
      vertex -24.6684 26.3515 3.5
    endloop
  endfacet
  facet normal -0.857778 0.51402 0
    outer loop
      vertex -24.6684 26.3515 8
      vertex -24.8752 26.0064 3.5
      vertex -24.8752 26.0064 8
    endloop
  endfacet
  facet normal -0.904051 0.427424 0
    outer loop
      vertex -24.6684 26.3515 3.5
      vertex -24.4964 26.7153 8
      vertex -24.4964 26.7153 3.5
    endloop
  endfacet
  facet normal -0.904051 0.427424 0
    outer loop
      vertex -24.4964 26.7153 8
      vertex -24.6684 26.3515 3.5
      vertex -24.6684 26.3515 8
    endloop
  endfacet
  facet normal -0.998801 0.0489584 0
    outer loop
      vertex -24.204 27.8824 3.5
      vertex -24.1843 28.2843 8
      vertex -24.1843 28.2843 3.5
    endloop
  endfacet
  facet normal -0.998801 0.0489584 0
    outer loop
      vertex -24.1843 28.2843 8
      vertex -24.204 27.8824 3.5
      vertex -24.204 27.8824 8
    endloop
  endfacet
  facet normal 0.146639 -0.98919 0
    outer loop
      vertex -29.0841 32.3055 3.5
      vertex -28.6861 32.3645 8
      vertex -29.0841 32.3055 8
    endloop
  endfacet
  facet normal 0.146639 -0.98919 0
    outer loop
      vertex -28.6861 32.3645 8
      vertex -29.0841 32.3055 3.5
      vertex -28.6861 32.3645 3.5
    endloop
  endfacet
  facet normal -0.146882 0.989154 0
    outer loop
      vertex -27.4844 24.2631 3.5
      vertex -27.8824 24.204 8
      vertex -27.4844 24.2631 8
    endloop
  endfacet
  facet normal -0.146882 0.989154 0
    outer loop
      vertex -27.8824 24.204 8
      vertex -27.4844 24.2631 3.5
      vertex -27.8824 24.204 3.5
    endloop
  endfacet
  facet normal -0.941522 -0.33695 0
    outer loop
      vertex -24.3608 29.4744 3.5
      vertex -24.4964 29.8533 8
      vertex -24.4964 29.8533 3.5
    endloop
  endfacet
  facet normal -0.941522 -0.33695 0
    outer loop
      vertex -24.4964 29.8533 8
      vertex -24.3608 29.4744 3.5
      vertex -24.3608 29.4744 8
    endloop
  endfacet
  facet normal -0.741041 0.67146 0
    outer loop
      vertex -25.3851 25.3851 3.5
      vertex -25.1149 25.6833 8
      vertex -25.1149 25.6833 3.5
    endloop
  endfacet
  facet normal -0.741041 0.67146 0
    outer loop
      vertex -25.1149 25.6833 8
      vertex -25.3851 25.3851 3.5
      vertex -25.3851 25.3851 8
    endloop
  endfacet
  facet normal -0.803121 0.595816 0
    outer loop
      vertex -25.1149 25.6833 3.5
      vertex -24.8752 26.0064 8
      vertex -24.8752 26.0064 3.5
    endloop
  endfacet
  facet normal -0.803121 0.595816 0
    outer loop
      vertex -24.8752 26.0064 8
      vertex -25.1149 25.6833 3.5
      vertex -25.1149 25.6833 8
    endloop
  endfacet
  facet normal 0.243062 -0.970011 0
    outer loop
      vertex -29.4744 32.2077 3.5
      vertex -29.0841 32.3055 8
      vertex -29.4744 32.2077 8
    endloop
  endfacet
  facet normal 0.243062 -0.970011 0
    outer loop
      vertex -29.0841 32.3055 8
      vertex -29.4744 32.2077 3.5
      vertex -29.0841 32.3055 3.5
    endloop
  endfacet
  facet normal -0.803209 -0.595697 0
    outer loop
      vertex -24.8752 30.5621 3.5
      vertex -25.1149 30.8853 8
      vertex -25.1149 30.8853 3.5
    endloop
  endfacet
  facet normal -0.803209 -0.595697 0
    outer loop
      vertex -25.1149 30.8853 8
      vertex -24.8752 30.5621 3.5
      vertex -24.8752 30.5621 8
    endloop
  endfacet
  facet normal -0.904006 -0.42752 0
    outer loop
      vertex -24.4964 29.8533 3.5
      vertex -24.6684 30.217 8
      vertex -24.6684 30.217 3.5
    endloop
  endfacet
  facet normal -0.904006 -0.42752 0
    outer loop
      vertex -24.6684 30.217 8
      vertex -24.4964 29.8533 3.5
      vertex -24.4964 29.8533 8
    endloop
  endfacet
  facet normal 0.857778 -0.51402 0
    outer loop
      vertex -31.9001 30.217 8
      vertex -31.6933 30.5621 3.5
      vertex -31.6933 30.5621 8
    endloop
  endfacet
  facet normal 0.857778 -0.51402 0
    outer loop
      vertex -31.6933 30.5621 3.5
      vertex -31.9001 30.217 8
      vertex -31.9001 30.217 3.5
    endloop
  endfacet
  facet normal 0.671583 -0.740929 0
    outer loop
      vertex -31.1834 31.1834 3.5
      vertex -30.8853 31.4536 8
      vertex -31.1834 31.1834 8
    endloop
  endfacet
  facet normal 0.671583 -0.740929 0
    outer loop
      vertex -30.8853 31.4536 8
      vertex -31.1834 31.1834 3.5
      vertex -30.8853 31.4536 3.5
    endloop
  endfacet
  facet normal 0.857778 0.51402 0
    outer loop
      vertex -31.6933 26.0064 8
      vertex -31.9001 26.3515 3.5
      vertex -31.9001 26.3515 8
    endloop
  endfacet
  facet normal 0.857778 0.51402 0
    outer loop
      vertex -31.9001 26.3515 3.5
      vertex -31.6933 26.0064 8
      vertex -31.6933 26.0064 3.5
    endloop
  endfacet
  facet normal 0.42752 0.904006 -0
    outer loop
      vertex -29.8533 24.4964 3.5
      vertex -30.217 24.6684 8
      vertex -29.8533 24.4964 8
    endloop
  endfacet
  facet normal 0.42752 0.904006 0
    outer loop
      vertex -30.217 24.6684 8
      vertex -29.8533 24.4964 3.5
      vertex -30.217 24.6684 3.5
    endloop
  endfacet
  facet normal 0.741041 0.67146 0
    outer loop
      vertex -31.1834 25.3851 8
      vertex -31.4536 25.6833 3.5
      vertex -31.4536 25.6833 8
    endloop
  endfacet
  facet normal 0.741041 0.67146 0
    outer loop
      vertex -31.4536 25.6833 3.5
      vertex -31.1834 25.3851 8
      vertex -31.1834 25.3851 3.5
    endloop
  endfacet
  facet normal 0.33673 -0.941601 0
    outer loop
      vertex -29.8533 32.0722 3.5
      vertex -29.4744 32.2077 8
      vertex -29.8533 32.0722 8
    endloop
  endfacet
  facet normal 0.33673 -0.941601 0
    outer loop
      vertex -29.4744 32.2077 8
      vertex -29.8533 32.0722 3.5
      vertex -29.4744 32.2077 3.5
    endloop
  endfacet
  facet normal 0.51402 0.857778 -0
    outer loop
      vertex -30.217 24.6684 3.5
      vertex -30.5621 24.8752 8
      vertex -30.217 24.6684 8
    endloop
  endfacet
  facet normal 0.51402 0.857778 0
    outer loop
      vertex -30.5621 24.8752 8
      vertex -30.217 24.6684 3.5
      vertex -30.5621 24.8752 3.5
    endloop
  endfacet
  facet normal -0.595816 0.803121 0
    outer loop
      vertex -25.6833 25.1149 3.5
      vertex -26.0064 24.8752 8
      vertex -25.6833 25.1149 8
    endloop
  endfacet
  facet normal -0.595816 0.803121 0
    outer loop
      vertex -26.0064 24.8752 8
      vertex -25.6833 25.1149 3.5
      vertex -26.0064 24.8752 3.5
    endloop
  endfacet
  facet normal 0.0492185 -0.998788 0
    outer loop
      vertex -28.6861 32.3645 3.5
      vertex -28.2843 32.3843 8
      vertex -28.6861 32.3645 8
    endloop
  endfacet
  facet normal 0.0492185 -0.998788 0
    outer loop
      vertex -28.2843 32.3843 8
      vertex -28.6861 32.3645 3.5
      vertex -28.2843 32.3843 3.5
    endloop
  endfacet
  facet normal 0.970011 -0.243062 0
    outer loop
      vertex -32.3055 29.0841 8
      vertex -32.2077 29.4744 3.5
      vertex -32.2077 29.4744 8
    endloop
  endfacet
  facet normal 0.970011 -0.243062 0
    outer loop
      vertex -32.2077 29.4744 3.5
      vertex -32.3055 29.0841 8
      vertex -32.3055 29.0841 3.5
    endloop
  endfacet
  facet normal 0.941601 -0.33673 0
    outer loop
      vertex -32.2077 29.4744 8
      vertex -32.0722 29.8533 3.5
      vertex -32.0722 29.8533 8
    endloop
  endfacet
  facet normal 0.941601 -0.33673 0
    outer loop
      vertex -32.0722 29.8533 3.5
      vertex -32.2077 29.4744 8
      vertex -32.2077 29.4744 3.5
    endloop
  endfacet
  facet normal 0.98919 0.146639 0
    outer loop
      vertex -32.3055 27.4844 8
      vertex -32.3645 27.8824 3.5
      vertex -32.3645 27.8824 8
    endloop
  endfacet
  facet normal 0.98919 0.146639 0
    outer loop
      vertex -32.3645 27.8824 3.5
      vertex -32.3055 27.4844 8
      vertex -32.3055 27.4844 3.5
    endloop
  endfacet
  facet normal -0.336809 -0.941573 0
    outer loop
      vertex -27.0941 32.2077 3.5
      vertex -26.7153 32.0722 8
      vertex -27.0941 32.2077 8
    endloop
  endfacet
  facet normal -0.336809 -0.941573 -0
    outer loop
      vertex -26.7153 32.0722 8
      vertex -27.0941 32.2077 3.5
      vertex -26.7153 32.0722 3.5
    endloop
  endfacet
  facet normal 0.803121 0.595816 0
    outer loop
      vertex -31.4536 25.6833 8
      vertex -31.6933 26.0064 3.5
      vertex -31.6933 26.0064 8
    endloop
  endfacet
  facet normal 0.803121 0.595816 0
    outer loop
      vertex -31.6933 26.0064 3.5
      vertex -31.4536 25.6833 8
      vertex -31.4536 25.6833 3.5
    endloop
  endfacet
  facet normal 0.90391 -0.427723 0
    outer loop
      vertex -32.0722 29.8533 8
      vertex -31.9001 30.217 3.5
      vertex -31.9001 30.217 8
    endloop
  endfacet
  facet normal 0.90391 -0.427723 0
    outer loop
      vertex -31.9001 30.217 3.5
      vertex -32.0722 29.8533 8
      vertex -32.0722 29.8533 3.5
    endloop
  endfacet
  facet normal 0 0 1
    outer loop
      vertex -26.0343 28.2843 3.5
      vertex -24.1843 28.2843 3.5
      vertex -24.204 28.6861 3.5
    endloop
  endfacet
  facet normal 0 0 1
    outer loop
      vertex -26.0451 28.5048 3.5
      vertex -24.204 28.6861 3.5
      vertex -24.2631 29.0841 3.5
    endloop
  endfacet
  facet normal 0 0 1
    outer loop
      vertex -24.1843 28.2843 3.5
      vertex -26.0343 28.2843 3.5
      vertex -24.204 27.8824 3.5
    endloop
  endfacet
  facet normal 0 0 1
    outer loop
      vertex -26.0775 28.7232 3.5
      vertex -24.2631 29.0841 3.5
      vertex -24.3608 29.4744 3.5
    endloop
  endfacet
  facet normal -0 0 1
    outer loop
      vertex -26.0451 28.0637 3.5
      vertex -24.204 27.8824 3.5
      vertex -26.0343 28.2843 3.5
    endloop
  endfacet
  facet normal 0 0 1
    outer loop
      vertex -26.1312 28.9374 3.5
      vertex -24.3608 29.4744 3.5
      vertex -24.4964 29.8533 3.5
    endloop
  endfacet
  facet normal 0 0 1
    outer loop
      vertex -24.204 27.8824 3.5
      vertex -26.0451 28.0637 3.5
      vertex -24.2631 27.4844 3.5
    endloop
  endfacet
  facet normal 0 0 1
    outer loop
      vertex -26.2055 29.1453 3.5
      vertex -24.4964 29.8533 3.5
      vertex -24.6684 30.217 3.5
    endloop
  endfacet
  facet normal -0 0 1
    outer loop
      vertex -26.0775 27.8453 3.5
      vertex -24.2631 27.4844 3.5
      vertex -26.0451 28.0637 3.5
    endloop
  endfacet
  facet normal 0 0 1
    outer loop
      vertex -26.2999 29.3449 3.5
      vertex -24.6684 30.217 3.5
      vertex -24.8752 30.5621 3.5
    endloop
  endfacet
  facet normal 0 0 1
    outer loop
      vertex -24.2631 27.4844 3.5
      vertex -26.0775 27.8453 3.5
      vertex -24.3608 27.0941 3.5
    endloop
  endfacet
  facet normal 0 0 1
    outer loop
      vertex -26.4135 29.5343 3.5
      vertex -24.8752 30.5621 3.5
      vertex -25.1149 30.8853 3.5
    endloop
  endfacet
  facet normal -0 0 1
    outer loop
      vertex -26.1312 27.6311 3.5
      vertex -24.3608 27.0941 3.5
      vertex -26.0775 27.8453 3.5
    endloop
  endfacet
  facet normal 0 0 1
    outer loop
      vertex -26.545 29.7117 3.5
      vertex -25.1149 30.8853 3.5
      vertex -25.3851 31.1834 3.5
    endloop
  endfacet
  facet normal 0 0 1
    outer loop
      vertex -24.3608 27.0941 3.5
      vertex -26.1312 27.6311 3.5
      vertex -24.4964 26.7153 3.5
    endloop
  endfacet
  facet normal 0 0 1
    outer loop
      vertex -26.6933 29.8753 3.5
      vertex -25.3851 31.1834 3.5
      vertex -25.6833 31.4536 3.5
    endloop
  endfacet
  facet normal -0 0 1
    outer loop
      vertex -26.2055 27.4232 3.5
      vertex -24.4964 26.7153 3.5
      vertex -26.1312 27.6311 3.5
    endloop
  endfacet
  facet normal 0 0 1
    outer loop
      vertex -26.8569 30.0235 3.5
      vertex -25.6833 31.4536 3.5
      vertex -26.0064 31.6933 3.5
    endloop
  endfacet
  facet normal 0 0 1
    outer loop
      vertex -24.4964 26.7153 3.5
      vertex -26.2055 27.4232 3.5
      vertex -24.6684 26.3515 3.5
    endloop
  endfacet
  facet normal -0 0 1
    outer loop
      vertex -26.2999 27.2236 3.5
      vertex -24.6684 26.3515 3.5
      vertex -26.2055 27.4232 3.5
    endloop
  endfacet
  facet normal 0 0 1
    outer loop
      vertex -24.204 28.6861 3.5
      vertex -26.0451 28.5048 3.5
      vertex -26.0343 28.2843 3.5
    endloop
  endfacet
  facet normal 0 0 1
    outer loop
      vertex -24.2631 29.0841 3.5
      vertex -26.0775 28.7232 3.5
      vertex -26.0451 28.5048 3.5
    endloop
  endfacet
  facet normal 0 0 1
    outer loop
      vertex -24.3608 29.4744 3.5
      vertex -26.1312 28.9374 3.5
      vertex -26.0775 28.7232 3.5
    endloop
  endfacet
  facet normal 0 0 1
    outer loop
      vertex -24.4964 29.8533 3.5
      vertex -26.2055 29.1453 3.5
      vertex -26.1312 28.9374 3.5
    endloop
  endfacet
  facet normal 0 0 1
    outer loop
      vertex -24.6684 30.217 3.5
      vertex -26.2999 29.3449 3.5
      vertex -26.2055 29.1453 3.5
    endloop
  endfacet
  facet normal 0 0 1
    outer loop
      vertex -27.0342 30.1551 3.5
      vertex -26.0064 31.6933 3.5
      vertex -26.3515 31.9001 3.5
    endloop
  endfacet
  facet normal 0 0 1
    outer loop
      vertex -24.8752 30.5621 3.5
      vertex -26.4135 29.5343 3.5
      vertex -26.2999 29.3449 3.5
    endloop
  endfacet
  facet normal 0 0 1
    outer loop
      vertex -25.1149 30.8853 3.5
      vertex -26.545 29.7117 3.5
      vertex -26.4135 29.5343 3.5
    endloop
  endfacet
  facet normal 0 0 1
    outer loop
      vertex -25.3851 31.1834 3.5
      vertex -26.6933 29.8753 3.5
      vertex -26.545 29.7117 3.5
    endloop
  endfacet
  facet normal 0 0 1
    outer loop
      vertex -27.2236 30.2686 3.5
      vertex -26.3515 31.9001 3.5
      vertex -26.7153 32.0722 3.5
    endloop
  endfacet
  facet normal 0 0 1
    outer loop
      vertex -25.6833 31.4536 3.5
      vertex -26.8569 30.0235 3.5
      vertex -26.6933 29.8753 3.5
    endloop
  endfacet
  facet normal 0 0 1
    outer loop
      vertex -26.0064 31.6933 3.5
      vertex -27.0342 30.1551 3.5
      vertex -26.8569 30.0235 3.5
    endloop
  endfacet
  facet normal 0 0 1
    outer loop
      vertex -27.4232 30.363 3.5
      vertex -26.7153 32.0722 3.5
      vertex -27.0941 32.2077 3.5
    endloop
  endfacet
  facet normal 0 0 1
    outer loop
      vertex -26.3515 31.9001 3.5
      vertex -27.2236 30.2686 3.5
      vertex -27.0342 30.1551 3.5
    endloop
  endfacet
  facet normal 0 0 1
    outer loop
      vertex -26.7153 32.0722 3.5
      vertex -27.4232 30.363 3.5
      vertex -27.2236 30.2686 3.5
    endloop
  endfacet
  facet normal 0 0 1
    outer loop
      vertex -27.6311 30.4374 3.5
      vertex -27.0941 32.2077 3.5
      vertex -27.4844 32.3055 3.5
    endloop
  endfacet
  facet normal 0 0 1
    outer loop
      vertex -27.0941 32.2077 3.5
      vertex -27.6311 30.4374 3.5
      vertex -27.4232 30.363 3.5
    endloop
  endfacet
  facet normal 0 0 1
    outer loop
      vertex -27.4844 32.3055 3.5
      vertex -27.8453 30.491 3.5
      vertex -27.6311 30.4374 3.5
    endloop
  endfacet
  facet normal 0 0 1
    outer loop
      vertex -27.8824 32.3645 3.5
      vertex -27.8453 30.491 3.5
      vertex -27.4844 32.3055 3.5
    endloop
  endfacet
  facet normal 0 0 1
    outer loop
      vertex -27.8824 32.3645 3.5
      vertex -28.0637 30.5234 3.5
      vertex -27.8453 30.491 3.5
    endloop
  endfacet
  facet normal 0 0 1
    outer loop
      vertex -28.2843 32.3843 3.5
      vertex -28.0637 30.5234 3.5
      vertex -27.8824 32.3645 3.5
    endloop
  endfacet
  facet normal 0 0 1
    outer loop
      vertex -28.2843 32.3843 3.5
      vertex -28.2843 30.5343 3.5
      vertex -28.0637 30.5234 3.5
    endloop
  endfacet
  facet normal 0 0 1
    outer loop
      vertex -28.2843 32.3843 3.5
      vertex -28.5048 30.5234 3.5
      vertex -28.2843 30.5343 3.5
    endloop
  endfacet
  facet normal -0 0 1
    outer loop
      vertex -28.6861 32.3645 3.5
      vertex -28.5048 30.5234 3.5
      vertex -28.2843 32.3843 3.5
    endloop
  endfacet
  facet normal 0 0 1
    outer loop
      vertex -28.6861 32.3645 3.5
      vertex -28.7232 30.491 3.5
      vertex -28.5048 30.5234 3.5
    endloop
  endfacet
  facet normal -0 0 1
    outer loop
      vertex -29.0841 32.3055 3.5
      vertex -28.7232 30.491 3.5
      vertex -28.6861 32.3645 3.5
    endloop
  endfacet
  facet normal 0 0 1
    outer loop
      vertex -28.7232 30.491 3.5
      vertex -29.0841 32.3055 3.5
      vertex -28.9374 30.4374 3.5
    endloop
  endfacet
  facet normal -0 0 1
    outer loop
      vertex -29.4744 32.2077 3.5
      vertex -28.9374 30.4374 3.5
      vertex -29.0841 32.3055 3.5
    endloop
  endfacet
  facet normal 0 0 1
    outer loop
      vertex -28.9374 30.4374 3.5
      vertex -29.4744 32.2077 3.5
      vertex -29.1453 30.363 3.5
    endloop
  endfacet
  facet normal -0 0 1
    outer loop
      vertex -29.8533 32.0722 3.5
      vertex -29.1453 30.363 3.5
      vertex -29.4744 32.2077 3.5
    endloop
  endfacet
  facet normal 0 0 1
    outer loop
      vertex -29.1453 30.363 3.5
      vertex -29.8533 32.0722 3.5
      vertex -29.3449 30.2686 3.5
    endloop
  endfacet
  facet normal -0 0 1
    outer loop
      vertex -30.217 31.9001 3.5
      vertex -29.3449 30.2686 3.5
      vertex -29.8533 32.0722 3.5
    endloop
  endfacet
  facet normal 0 0 1
    outer loop
      vertex -29.3449 30.2686 3.5
      vertex -30.217 31.9001 3.5
      vertex -29.5343 30.1551 3.5
    endloop
  endfacet
  facet normal -0 0 1
    outer loop
      vertex -30.5621 31.6933 3.5
      vertex -29.5343 30.1551 3.5
      vertex -30.217 31.9001 3.5
    endloop
  endfacet
  facet normal 0 0 1
    outer loop
      vertex -29.5343 30.1551 3.5
      vertex -30.5621 31.6933 3.5
      vertex -29.7117 30.0235 3.5
    endloop
  endfacet
  facet normal -0 0 1
    outer loop
      vertex -30.8853 31.4536 3.5
      vertex -29.7117 30.0235 3.5
      vertex -30.5621 31.6933 3.5
    endloop
  endfacet
  facet normal 0 0 1
    outer loop
      vertex -29.7117 30.0235 3.5
      vertex -30.8853 31.4536 3.5
      vertex -29.8753 29.8753 3.5
    endloop
  endfacet
  facet normal -0 0 1
    outer loop
      vertex -31.1834 31.1834 3.5
      vertex -29.8753 29.8753 3.5
      vertex -30.8853 31.4536 3.5
    endloop
  endfacet
  facet normal 0 0 1
    outer loop
      vertex -29.8753 29.8753 3.5
      vertex -31.1834 31.1834 3.5
      vertex -30.0235 29.7117 3.5
    endloop
  endfacet
  facet normal -0 0 1
    outer loop
      vertex -31.4536 30.8853 3.5
      vertex -30.0235 29.7117 3.5
      vertex -31.1834 31.1834 3.5
    endloop
  endfacet
  facet normal 0 0 1
    outer loop
      vertex -30.0235 29.7117 3.5
      vertex -31.4536 30.8853 3.5
      vertex -30.1551 29.5343 3.5
    endloop
  endfacet
  facet normal -0 0 1
    outer loop
      vertex -31.6933 30.5621 3.5
      vertex -30.1551 29.5343 3.5
      vertex -31.4536 30.8853 3.5
    endloop
  endfacet
  facet normal -0 0 1
    outer loop
      vertex -31.9001 30.217 3.5
      vertex -30.2686 29.3449 3.5
      vertex -31.6933 30.5621 3.5
    endloop
  endfacet
  facet normal 0 0 1
    outer loop
      vertex -30.1551 29.5343 3.5
      vertex -31.6933 30.5621 3.5
      vertex -30.2686 29.3449 3.5
    endloop
  endfacet
  facet normal 0 0 1
    outer loop
      vertex -24.6684 26.3515 3.5
      vertex -26.2999 27.2236 3.5
      vertex -24.8752 26.0064 3.5
    endloop
  endfacet
  facet normal -0 0 1
    outer loop
      vertex -26.4135 27.0342 3.5
      vertex -24.8752 26.0064 3.5
      vertex -26.2999 27.2236 3.5
    endloop
  endfacet
  facet normal 0 0 1
    outer loop
      vertex -24.8752 26.0064 3.5
      vertex -26.4135 27.0342 3.5
      vertex -25.1149 25.6833 3.5
    endloop
  endfacet
  facet normal -0 0 1
    outer loop
      vertex -26.545 26.8569 3.5
      vertex -25.1149 25.6833 3.5
      vertex -26.4135 27.0342 3.5
    endloop
  endfacet
  facet normal 0 0 1
    outer loop
      vertex -25.1149 25.6833 3.5
      vertex -26.545 26.8569 3.5
      vertex -25.3851 25.3851 3.5
    endloop
  endfacet
  facet normal -0 0 1
    outer loop
      vertex -26.6933 26.6933 3.5
      vertex -25.3851 25.3851 3.5
      vertex -26.545 26.8569 3.5
    endloop
  endfacet
  facet normal 0 0 1
    outer loop
      vertex -25.3851 25.3851 3.5
      vertex -26.6933 26.6933 3.5
      vertex -25.6833 25.1149 3.5
    endloop
  endfacet
  facet normal -0 0 1
    outer loop
      vertex -26.8569 26.545 3.5
      vertex -25.6833 25.1149 3.5
      vertex -26.6933 26.6933 3.5
    endloop
  endfacet
  facet normal 0 0 1
    outer loop
      vertex -25.6833 25.1149 3.5
      vertex -26.8569 26.545 3.5
      vertex -26.0064 24.8752 3.5
    endloop
  endfacet
  facet normal -0 0 1
    outer loop
      vertex -27.0342 26.4135 3.5
      vertex -26.0064 24.8752 3.5
      vertex -26.8569 26.545 3.5
    endloop
  endfacet
  facet normal 0 0 1
    outer loop
      vertex -26.0064 24.8752 3.5
      vertex -27.0342 26.4135 3.5
      vertex -26.3515 24.6684 3.5
    endloop
  endfacet
  facet normal -0 0 1
    outer loop
      vertex -27.2236 26.2999 3.5
      vertex -26.3515 24.6684 3.5
      vertex -27.0342 26.4135 3.5
    endloop
  endfacet
  facet normal 0 0 1
    outer loop
      vertex -26.3515 24.6684 3.5
      vertex -27.2236 26.2999 3.5
      vertex -26.7153 24.4964 3.5
    endloop
  endfacet
  facet normal -0 0 1
    outer loop
      vertex -27.4232 26.2055 3.5
      vertex -26.7153 24.4964 3.5
      vertex -27.2236 26.2999 3.5
    endloop
  endfacet
  facet normal 0 0 1
    outer loop
      vertex -26.7153 24.4964 3.5
      vertex -27.4232 26.2055 3.5
      vertex -27.0941 24.3608 3.5
    endloop
  endfacet
  facet normal -0 0 1
    outer loop
      vertex -27.6311 26.1312 3.5
      vertex -27.0941 24.3608 3.5
      vertex -27.4232 26.2055 3.5
    endloop
  endfacet
  facet normal 0 0 1
    outer loop
      vertex -27.0941 24.3608 3.5
      vertex -27.6311 26.1312 3.5
      vertex -27.4844 24.2631 3.5
    endloop
  endfacet
  facet normal -0 0 1
    outer loop
      vertex -27.8453 26.0775 3.5
      vertex -27.4844 24.2631 3.5
      vertex -27.6311 26.1312 3.5
    endloop
  endfacet
  facet normal 0 0 1
    outer loop
      vertex -27.8453 26.0775 3.5
      vertex -27.8824 24.204 3.5
      vertex -27.4844 24.2631 3.5
    endloop
  endfacet
  facet normal -0 0 1
    outer loop
      vertex -28.0637 26.0451 3.5
      vertex -27.8824 24.204 3.5
      vertex -27.8453 26.0775 3.5
    endloop
  endfacet
  facet normal -0 0 1
    outer loop
      vertex -28.2843 26.0343 3.5
      vertex -27.8824 24.204 3.5
      vertex -28.0637 26.0451 3.5
    endloop
  endfacet
  facet normal 0 0 1
    outer loop
      vertex -28.2843 26.0343 3.5
      vertex -28.2843 24.1843 3.5
      vertex -27.8824 24.204 3.5
    endloop
  endfacet
  facet normal 0 0 1
    outer loop
      vertex -28.5048 26.0451 3.5
      vertex -28.2843 24.1843 3.5
      vertex -28.2843 26.0343 3.5
    endloop
  endfacet
  facet normal 0 0 1
    outer loop
      vertex -28.5048 26.0451 3.5
      vertex -28.6861 24.204 3.5
      vertex -28.2843 24.1843 3.5
    endloop
  endfacet
  facet normal 0 0 1
    outer loop
      vertex -28.7232 26.0775 3.5
      vertex -28.6861 24.204 3.5
      vertex -28.5048 26.0451 3.5
    endloop
  endfacet
  facet normal 0 0 1
    outer loop
      vertex -29.0841 24.2631 3.5
      vertex -28.7232 26.0775 3.5
      vertex -28.9374 26.1312 3.5
    endloop
  endfacet
  facet normal 0 0 1
    outer loop
      vertex -28.7232 26.0775 3.5
      vertex -29.0841 24.2631 3.5
      vertex -28.6861 24.204 3.5
    endloop
  endfacet
  facet normal 0 0 1
    outer loop
      vertex -29.4744 24.3608 3.5
      vertex -28.9374 26.1312 3.5
      vertex -29.1453 26.2055 3.5
    endloop
  endfacet
  facet normal 0 0 1
    outer loop
      vertex -29.8533 24.4964 3.5
      vertex -29.1453 26.2055 3.5
      vertex -29.3449 26.2999 3.5
    endloop
  endfacet
  facet normal 0 0 1
    outer loop
      vertex -28.9374 26.1312 3.5
      vertex -29.4744 24.3608 3.5
      vertex -29.0841 24.2631 3.5
    endloop
  endfacet
  facet normal 0 0 1
    outer loop
      vertex -30.217 24.6684 3.5
      vertex -29.3449 26.2999 3.5
      vertex -29.5343 26.4135 3.5
    endloop
  endfacet
  facet normal 0 0 1
    outer loop
      vertex -30.5621 24.8752 3.5
      vertex -29.5343 26.4135 3.5
      vertex -29.7117 26.545 3.5
    endloop
  endfacet
  facet normal 0 0 1
    outer loop
      vertex -29.1453 26.2055 3.5
      vertex -29.8533 24.4964 3.5
      vertex -29.4744 24.3608 3.5
    endloop
  endfacet
  facet normal 0 0 1
    outer loop
      vertex -30.8853 25.1149 3.5
      vertex -29.7117 26.545 3.5
      vertex -29.8753 26.6933 3.5
    endloop
  endfacet
  facet normal 0 0 1
    outer loop
      vertex -31.1834 25.3851 3.5
      vertex -29.8753 26.6933 3.5
      vertex -30.0235 26.8569 3.5
    endloop
  endfacet
  facet normal 0 0 1
    outer loop
      vertex -31.4536 25.6833 3.5
      vertex -30.0235 26.8569 3.5
      vertex -30.1551 27.0342 3.5
    endloop
  endfacet
  facet normal 0 0 1
    outer loop
      vertex -29.3449 26.2999 3.5
      vertex -30.217 24.6684 3.5
      vertex -29.8533 24.4964 3.5
    endloop
  endfacet
  facet normal 0 0 1
    outer loop
      vertex -31.6933 26.0064 3.5
      vertex -30.1551 27.0342 3.5
      vertex -30.2686 27.2236 3.5
    endloop
  endfacet
  facet normal 0 0 1
    outer loop
      vertex -31.9001 26.3515 3.5
      vertex -30.2686 27.2236 3.5
      vertex -30.363 27.4232 3.5
    endloop
  endfacet
  facet normal 0 0 1
    outer loop
      vertex -32.0722 26.7153 3.5
      vertex -30.363 27.4232 3.5
      vertex -30.4374 27.6311 3.5
    endloop
  endfacet
  facet normal 0 0 1
    outer loop
      vertex -32.2077 27.0941 3.5
      vertex -30.4374 27.6311 3.5
      vertex -30.491 27.8453 3.5
    endloop
  endfacet
  facet normal 0 0 1
    outer loop
      vertex -32.3055 27.4844 3.5
      vertex -30.491 27.8453 3.5
      vertex -30.5234 28.0637 3.5
    endloop
  endfacet
  facet normal 0 0 1
    outer loop
      vertex -29.5343 26.4135 3.5
      vertex -30.5621 24.8752 3.5
      vertex -30.217 24.6684 3.5
    endloop
  endfacet
  facet normal 0 0 1
    outer loop
      vertex -32.3645 27.8824 3.5
      vertex -30.5234 28.0637 3.5
      vertex -30.5343 28.2843 3.5
    endloop
  endfacet
  facet normal 0 0 1
    outer loop
      vertex -30.2686 29.3449 3.5
      vertex -31.9001 30.217 3.5
      vertex -30.363 29.1453 3.5
    endloop
  endfacet
  facet normal -0 0 1
    outer loop
      vertex -32.0722 29.8533 3.5
      vertex -30.363 29.1453 3.5
      vertex -31.9001 30.217 3.5
    endloop
  endfacet
  facet normal 0 0 1
    outer loop
      vertex -29.7117 26.545 3.5
      vertex -30.8853 25.1149 3.5
      vertex -30.5621 24.8752 3.5
    endloop
  endfacet
  facet normal 0 0 1
    outer loop
      vertex -30.363 29.1453 3.5
      vertex -32.0722 29.8533 3.5
      vertex -30.4374 28.9374 3.5
    endloop
  endfacet
  facet normal 0 0 1
    outer loop
      vertex -29.8753 26.6933 3.5
      vertex -31.1834 25.3851 3.5
      vertex -30.8853 25.1149 3.5
    endloop
  endfacet
  facet normal -0 0 1
    outer loop
      vertex -32.2077 29.4744 3.5
      vertex -30.4374 28.9374 3.5
      vertex -32.0722 29.8533 3.5
    endloop
  endfacet
  facet normal 0 0 1
    outer loop
      vertex -30.0235 26.8569 3.5
      vertex -31.4536 25.6833 3.5
      vertex -31.1834 25.3851 3.5
    endloop
  endfacet
  facet normal 0 0 1
    outer loop
      vertex -30.4374 28.9374 3.5
      vertex -32.2077 29.4744 3.5
      vertex -30.491 28.7232 3.5
    endloop
  endfacet
  facet normal 0 0 1
    outer loop
      vertex -30.1551 27.0342 3.5
      vertex -31.6933 26.0064 3.5
      vertex -31.4536 25.6833 3.5
    endloop
  endfacet
  facet normal -0 0 1
    outer loop
      vertex -32.3055 29.0841 3.5
      vertex -30.491 28.7232 3.5
      vertex -32.2077 29.4744 3.5
    endloop
  endfacet
  facet normal 0 0 1
    outer loop
      vertex -30.2686 27.2236 3.5
      vertex -31.9001 26.3515 3.5
      vertex -31.6933 26.0064 3.5
    endloop
  endfacet
  facet normal 0 0 1
    outer loop
      vertex -30.491 28.7232 3.5
      vertex -32.3055 29.0841 3.5
      vertex -30.5234 28.5048 3.5
    endloop
  endfacet
  facet normal 0 0 1
    outer loop
      vertex -30.363 27.4232 3.5
      vertex -32.0722 26.7153 3.5
      vertex -31.9001 26.3515 3.5
    endloop
  endfacet
  facet normal -0 0 1
    outer loop
      vertex -32.3645 28.6861 3.5
      vertex -30.5234 28.5048 3.5
      vertex -32.3055 29.0841 3.5
    endloop
  endfacet
  facet normal 0 0 1
    outer loop
      vertex -30.4374 27.6311 3.5
      vertex -32.2077 27.0941 3.5
      vertex -32.0722 26.7153 3.5
    endloop
  endfacet
  facet normal 0 0 1
    outer loop
      vertex -30.5234 28.5048 3.5
      vertex -32.3645 28.6861 3.5
      vertex -30.5343 28.2843 3.5
    endloop
  endfacet
  facet normal 0 0 1
    outer loop
      vertex -30.491 27.8453 3.5
      vertex -32.3055 27.4844 3.5
      vertex -32.2077 27.0941 3.5
    endloop
  endfacet
  facet normal 0 0 1
    outer loop
      vertex -32.3843 28.2843 3.5
      vertex -30.5343 28.2843 3.5
      vertex -32.3645 28.6861 3.5
    endloop
  endfacet
  facet normal 0 0 1
    outer loop
      vertex -30.5234 28.0637 3.5
      vertex -32.3645 27.8824 3.5
      vertex -32.3055 27.4844 3.5
    endloop
  endfacet
  facet normal 0 0 1
    outer loop
      vertex -30.5343 28.2843 3.5
      vertex -32.3843 28.2843 3.5
      vertex -32.3645 27.8824 3.5
    endloop
  endfacet
  facet normal 0.671583 0.740929 -0
    outer loop
      vertex -30.8853 25.1149 3.5
      vertex -31.1834 25.3851 8
      vertex -30.8853 25.1149 8
    endloop
  endfacet
  facet normal 0.671583 0.740929 0
    outer loop
      vertex -31.1834 25.3851 8
      vertex -30.8853 25.1149 3.5
      vertex -31.1834 25.3851 3.5
    endloop
  endfacet
  facet normal 0.803209 -0.595697 0
    outer loop
      vertex -31.6933 30.5621 8
      vertex -31.4536 30.8853 3.5
      vertex -31.4536 30.8853 8
    endloop
  endfacet
  facet normal 0.803209 -0.595697 0
    outer loop
      vertex -31.4536 30.8853 3.5
      vertex -31.6933 30.5621 8
      vertex -31.6933 30.5621 3.5
    endloop
  endfacet
  facet normal 0.0489705 0.9988 -0
    outer loop
      vertex -28.2843 24.1843 3.5
      vertex -28.6861 24.204 8
      vertex -28.2843 24.1843 8
    endloop
  endfacet
  facet normal 0.0489705 0.9988 0
    outer loop
      vertex -28.6861 24.204 8
      vertex -28.2843 24.1843 3.5
      vertex -28.6861 24.204 3.5
    endloop
  endfacet
  facet normal 0.146882 0.989154 -0
    outer loop
      vertex -28.6861 24.204 3.5
      vertex -29.0841 24.2631 8
      vertex -28.6861 24.204 8
    endloop
  endfacet
  facet normal 0.146882 0.989154 0
    outer loop
      vertex -29.0841 24.2631 8
      vertex -28.6861 24.204 3.5
      vertex -29.0841 24.2631 3.5
    endloop
  endfacet
  facet normal 0.98919 -0.146639 0
    outer loop
      vertex -32.3645 28.6861 8
      vertex -32.3055 29.0841 3.5
      vertex -32.3055 29.0841 8
    endloop
  endfacet
  facet normal 0.98919 -0.146639 0
    outer loop
      vertex -32.3055 29.0841 3.5
      vertex -32.3645 28.6861 8
      vertex -32.3645 28.6861 3.5
    endloop
  endfacet
  facet normal 0.998788 -0.0492185 0
    outer loop
      vertex -32.3843 28.2843 8
      vertex -32.3645 28.6861 3.5
      vertex -32.3645 28.6861 8
    endloop
  endfacet
  facet normal 0.998788 -0.0492185 0
    outer loop
      vertex -32.3645 28.6861 3.5
      vertex -32.3843 28.2843 8
      vertex -32.3843 28.2843 3.5
    endloop
  endfacet
  facet normal 0.33695 0.941522 -0
    outer loop
      vertex -29.4744 24.3608 3.5
      vertex -29.8533 24.4964 8
      vertex -29.4744 24.3608 8
    endloop
  endfacet
  facet normal 0.33695 0.941522 0
    outer loop
      vertex -29.8533 24.4964 8
      vertex -29.4744 24.3608 3.5
      vertex -29.8533 24.4964 3.5
    endloop
  endfacet
  facet normal -0.67146 0.741041 0
    outer loop
      vertex -25.3851 25.3851 3.5
      vertex -25.6833 25.1149 8
      vertex -25.3851 25.3851 8
    endloop
  endfacet
  facet normal -0.67146 0.741041 0
    outer loop
      vertex -25.6833 25.1149 8
      vertex -25.3851 25.3851 3.5
      vertex -25.6833 25.1149 3.5
    endloop
  endfacet
  facet normal -0.989174 -0.146746 0
    outer loop
      vertex -26.0451 -28.0637 0
      vertex -26.0775 -27.8453 3.5
      vertex -26.0775 -27.8453 0
    endloop
  endfacet
  facet normal -0.989174 -0.146746 0
    outer loop
      vertex -26.0775 -27.8453 3.5
      vertex -26.0451 -28.0637 0
      vertex -26.0451 -28.0637 3.5
    endloop
  endfacet
  facet normal -0.998804 -0.0488988 0
    outer loop
      vertex -26.0343 -28.2843 0
      vertex -26.0451 -28.0637 3.5
      vertex -26.0451 -28.0637 0
    endloop
  endfacet
  facet normal -0.998804 -0.0488988 0
    outer loop
      vertex -26.0451 -28.0637 3.5
      vertex -26.0343 -28.2843 0
      vertex -26.0343 -28.2843 3.5
    endloop
  endfacet
  facet normal -0.969982 -0.243175 0
    outer loop
      vertex -26.0775 -27.8453 0
      vertex -26.1312 -27.6311 3.5
      vertex -26.1312 -27.6311 0
    endloop
  endfacet
  facet normal -0.969982 -0.243175 0
    outer loop
      vertex -26.1312 -27.6311 3.5
      vertex -26.0775 -27.8453 0
      vertex -26.0775 -27.8453 3.5
    endloop
  endfacet
  facet normal -0.336939 0.941527 0
    outer loop
      vertex -27.4232 -30.363 0
      vertex -27.6311 -30.4374 3.5
      vertex -27.4232 -30.363 3.5
    endloop
  endfacet
  facet normal -0.336939 0.941527 0
    outer loop
      vertex -27.6311 -30.4374 3.5
      vertex -27.4232 -30.363 0
      vertex -27.6311 -30.4374 0
    endloop
  endfacet
  facet normal -0.671613 -0.740902 0
    outer loop
      vertex -26.8569 -26.545 0
      vertex -26.6933 -26.6933 3.5
      vertex -26.8569 -26.545 3.5
    endloop
  endfacet
  facet normal -0.671613 -0.740902 -0
    outer loop
      vertex -26.6933 -26.6933 3.5
      vertex -26.8569 -26.545 0
      vertex -26.6933 -26.6933 0
    endloop
  endfacet
  facet normal 0.857773 -0.514029 0
    outer loop
      vertex -30.2686 -27.2236 3.5
      vertex -30.1551 -27.0342 0
      vertex -30.1551 -27.0342 3.5
    endloop
  endfacet
  facet normal 0.857773 -0.514029 0
    outer loop
      vertex -30.1551 -27.0342 0
      vertex -30.2686 -27.2236 3.5
      vertex -30.2686 -27.2236 0
    endloop
  endfacet
  facet normal 0.146746 0.989174 -0
    outer loop
      vertex -28.5048 -30.5234 0
      vertex -28.7232 -30.491 3.5
      vertex -28.5048 -30.5234 3.5
    endloop
  endfacet
  facet normal 0.146746 0.989174 0
    outer loop
      vertex -28.7232 -30.491 3.5
      vertex -28.5048 -30.5234 0
      vertex -28.7232 -30.491 0
    endloop
  endfacet
  facet normal -0.94167 -0.336537 0
    outer loop
      vertex -26.1312 -27.6311 0
      vertex -26.2055 -27.4232 3.5
      vertex -26.2055 -27.4232 0
    endloop
  endfacet
  facet normal -0.94167 -0.336537 0
    outer loop
      vertex -26.2055 -27.4232 3.5
      vertex -26.1312 -27.6311 0
      vertex -26.1312 -27.6311 3.5
    endloop
  endfacet
  facet normal 0.0489209 -0.998803 0
    outer loop
      vertex -28.5048 -26.0451 0
      vertex -28.2843 -26.0343 3.5
      vertex -28.5048 -26.0451 3.5
    endloop
  endfacet
  facet normal 0.0489209 -0.998803 0
    outer loop
      vertex -28.2843 -26.0343 3.5
      vertex -28.5048 -26.0451 0
      vertex -28.2843 -26.0343 0
    endloop
  endfacet
  facet normal -0.0493505 0.998782 0
    outer loop
      vertex -28.0637 -30.5234 0
      vertex -28.2843 -30.5343 3.5
      vertex -28.0637 -30.5234 3.5
    endloop
  endfacet
  facet normal -0.0493505 0.998782 0
    outer loop
      vertex -28.2843 -30.5343 3.5
      vertex -28.0637 -30.5234 0
      vertex -28.2843 -30.5343 0
    endloop
  endfacet
  facet normal 0.903996 0.427541 0
    outer loop
      vertex -30.2686 -29.3449 3.5
      vertex -30.363 -29.1453 0
      vertex -30.363 -29.1453 3.5
    endloop
  endfacet
  facet normal 0.903996 0.427541 0
    outer loop
      vertex -30.363 -29.1453 0
      vertex -30.2686 -29.3449 3.5
      vertex -30.2686 -29.3449 0
    endloop
  endfacet
  facet normal 0.59579 0.80314 -0
    outer loop
      vertex -29.5343 -30.1551 0
      vertex -29.7117 -30.0235 3.5
      vertex -29.5343 -30.1551 3.5
    endloop
  endfacet
  facet normal 0.59579 0.80314 0
    outer loop
      vertex -29.7117 -30.0235 3.5
      vertex -29.5343 -30.1551 0
      vertex -29.7117 -30.0235 0
    endloop
  endfacet
  facet normal 0.802979 -0.596007 0
    outer loop
      vertex -30.1551 -27.0342 3.5
      vertex -30.0235 -26.8569 0
      vertex -30.0235 -26.8569 3.5
    endloop
  endfacet
  facet normal 0.802979 -0.596007 0
    outer loop
      vertex -30.0235 -26.8569 0
      vertex -30.1551 -27.0342 3.5
      vertex -30.1551 -27.0342 0
    endloop
  endfacet
  facet normal -0.969982 0.243175 0
    outer loop
      vertex -26.1312 -28.9374 0
      vertex -26.0775 -28.7232 3.5
      vertex -26.0775 -28.7232 0
    endloop
  endfacet
  facet normal -0.969982 0.243175 0
    outer loop
      vertex -26.0775 -28.7232 3.5
      vertex -26.1312 -28.9374 0
      vertex -26.1312 -28.9374 3.5
    endloop
  endfacet
  facet normal -0.514029 0.857773 0
    outer loop
      vertex -27.0342 -30.1551 0
      vertex -27.2236 -30.2686 3.5
      vertex -27.0342 -30.1551 3.5
    endloop
  endfacet
  facet normal -0.514029 0.857773 0
    outer loop
      vertex -27.2236 -30.2686 3.5
      vertex -27.0342 -30.1551 0
      vertex -27.2236 -30.2686 0
    endloop
  endfacet
  facet normal -0.857573 -0.514363 0
    outer loop
      vertex -26.2999 -27.2236 0
      vertex -26.4135 -27.0342 3.5
      vertex -26.4135 -27.0342 0
    endloop
  endfacet
  facet normal -0.857573 -0.514363 0
    outer loop
      vertex -26.4135 -27.0342 3.5
      vertex -26.2999 -27.2236 0
      vertex -26.2999 -27.2236 3.5
    endloop
  endfacet
  facet normal 0.99878 0.0493728 0
    outer loop
      vertex -30.5234 -28.5048 3.5
      vertex -30.5343 -28.2843 0
      vertex -30.5343 -28.2843 3.5
    endloop
  endfacet
  facet normal 0.99878 0.0493728 0
    outer loop
      vertex -30.5343 -28.2843 0
      vertex -30.5234 -28.5048 3.5
      vertex -30.5234 -28.5048 0
    endloop
  endfacet
  facet normal -0.903996 -0.427541 0
    outer loop
      vertex -26.2055 -27.4232 0
      vertex -26.2999 -27.2236 3.5
      vertex -26.2999 -27.2236 0
    endloop
  endfacet
  facet normal -0.903996 -0.427541 0
    outer loop
      vertex -26.2999 -27.2236 3.5
      vertex -26.2055 -27.4232 0
      vertex -26.2055 -27.4232 3.5
    endloop
  endfacet
  facet normal -0.94167 0.336537 0
    outer loop
      vertex -26.2055 -29.1453 0
      vertex -26.1312 -28.9374 3.5
      vertex -26.1312 -28.9374 0
    endloop
  endfacet
  facet normal -0.94167 0.336537 0
    outer loop
      vertex -26.1312 -28.9374 3.5
      vertex -26.2055 -29.1453 0
      vertex -26.2055 -29.1453 3.5
    endloop
  endfacet
  facet normal 0.427541 0.903996 -0
    outer loop
      vertex -29.1453 -30.363 0
      vertex -29.3449 -30.2686 3.5
      vertex -29.1453 -30.363 3.5
    endloop
  endfacet
  facet normal 0.427541 0.903996 0
    outer loop
      vertex -29.3449 -30.2686 3.5
      vertex -29.1453 -30.363 0
      vertex -29.3449 -30.2686 0
    endloop
  endfacet
  facet normal 0.970089 0.242749 0
    outer loop
      vertex -30.4374 -28.9374 3.5
      vertex -30.491 -28.7232 0
      vertex -30.491 -28.7232 3.5
    endloop
  endfacet
  facet normal 0.970089 0.242749 0
    outer loop
      vertex -30.491 -28.7232 0
      vertex -30.4374 -28.9374 3.5
      vertex -30.4374 -28.9374 0
    endloop
  endfacet
  facet normal 0.741128 -0.671364 0
    outer loop
      vertex -30.0235 -26.8569 3.5
      vertex -29.8753 -26.6933 0
      vertex -29.8753 -26.6933 3.5
    endloop
  endfacet
  facet normal 0.741128 -0.671364 0
    outer loop
      vertex -29.8753 -26.6933 0
      vertex -30.0235 -26.8569 3.5
      vertex -30.0235 -26.8569 0
    endloop
  endfacet
  facet normal 0.242749 0.970089 -0
    outer loop
      vertex -28.7232 -30.491 0
      vertex -28.9374 -30.4374 3.5
      vertex -28.7232 -30.491 3.5
    endloop
  endfacet
  facet normal 0.242749 0.970089 0
    outer loop
      vertex -28.9374 -30.4374 3.5
      vertex -28.7232 -30.491 0
      vertex -28.9374 -30.4374 0
    endloop
  endfacet
  facet normal 0.514363 -0.857573 0
    outer loop
      vertex -29.5343 -26.4135 0
      vertex -29.3449 -26.2999 3.5
      vertex -29.5343 -26.4135 3.5
    endloop
  endfacet
  facet normal 0.514363 -0.857573 0
    outer loop
      vertex -29.3449 -26.2999 3.5
      vertex -29.5343 -26.4135 0
      vertex -29.3449 -26.2999 0
    endloop
  endfacet
  facet normal -0.803196 -0.595715 0
    outer loop
      vertex -26.4135 -27.0342 0
      vertex -26.545 -26.8569 3.5
      vertex -26.545 -26.8569 0
    endloop
  endfacet
  facet normal -0.803196 -0.595715 0
    outer loop
      vertex -26.545 -26.8569 3.5
      vertex -26.4135 -27.0342 0
      vertex -26.4135 -27.0342 3.5
    endloop
  endfacet
  facet normal 0.146746 -0.989174 0
    outer loop
      vertex -28.7232 -26.0775 0
      vertex -28.5048 -26.0451 3.5
      vertex -28.7232 -26.0775 3.5
    endloop
  endfacet
  facet normal 0.146746 -0.989174 0
    outer loop
      vertex -28.5048 -26.0451 3.5
      vertex -28.7232 -26.0775 0
      vertex -28.5048 -26.0451 0
    endloop
  endfacet
  facet normal -0.427541 0.903996 0
    outer loop
      vertex -27.2236 -30.2686 0
      vertex -27.4232 -30.363 3.5
      vertex -27.2236 -30.2686 3.5
    endloop
  endfacet
  facet normal -0.427541 0.903996 0
    outer loop
      vertex -27.4232 -30.363 3.5
      vertex -27.2236 -30.2686 0
      vertex -27.4232 -30.363 0
    endloop
  endfacet
  facet normal 0.671613 -0.740902 0
    outer loop
      vertex -29.8753 -26.6933 0
      vertex -29.7117 -26.545 3.5
      vertex -29.8753 -26.6933 3.5
    endloop
  endfacet
  facet normal 0.671613 -0.740902 0
    outer loop
      vertex -29.7117 -26.545 3.5
      vertex -29.8753 -26.6933 0
      vertex -29.7117 -26.545 0
    endloop
  endfacet
  facet normal -0.857573 0.514363 0
    outer loop
      vertex -26.4135 -29.5343 0
      vertex -26.2999 -29.3449 3.5
      vertex -26.2999 -29.3449 0
    endloop
  endfacet
  facet normal -0.857573 0.514363 0
    outer loop
      vertex -26.2999 -29.3449 3.5
      vertex -26.4135 -29.5343 0
      vertex -26.4135 -29.5343 3.5
    endloop
  endfacet
  facet normal 0.595498 -0.803357 0
    outer loop
      vertex -29.7117 -26.545 0
      vertex -29.5343 -26.4135 3.5
      vertex -29.7117 -26.545 3.5
    endloop
  endfacet
  facet normal 0.595498 -0.803357 0
    outer loop
      vertex -29.5343 -26.4135 3.5
      vertex -29.7117 -26.545 0
      vertex -29.5343 -26.4135 0
    endloop
  endfacet
  facet normal -0.336537 -0.94167 0
    outer loop
      vertex -27.6311 -26.1312 0
      vertex -27.4232 -26.2055 3.5
      vertex -27.6311 -26.1312 3.5
    endloop
  endfacet
  facet normal -0.336537 -0.94167 -0
    outer loop
      vertex -27.4232 -26.2055 3.5
      vertex -27.6311 -26.1312 0
      vertex -27.4232 -26.2055 0
    endloop
  endfacet
  facet normal -0.740902 -0.671613 0
    outer loop
      vertex -26.545 -26.8569 0
      vertex -26.6933 -26.6933 3.5
      vertex -26.6933 -26.6933 0
    endloop
  endfacet
  facet normal -0.740902 -0.671613 0
    outer loop
      vertex -26.6933 -26.6933 3.5
      vertex -26.545 -26.8569 0
      vertex -26.545 -26.8569 3.5
    endloop
  endfacet
  facet normal -0.998803 0.0489209 0
    outer loop
      vertex -26.0451 -28.5048 0
      vertex -26.0343 -28.2843 3.5
      vertex -26.0343 -28.2843 0
    endloop
  endfacet
  facet normal -0.998803 0.0489209 0
    outer loop
      vertex -26.0343 -28.2843 3.5
      vertex -26.0451 -28.5048 0
      vertex -26.0451 -28.5048 3.5
    endloop
  endfacet
  facet normal 0.941527 0.336939 0
    outer loop
      vertex -30.363 -29.1453 3.5
      vertex -30.4374 -28.9374 0
      vertex -30.4374 -28.9374 3.5
    endloop
  endfacet
  facet normal 0.941527 0.336939 0
    outer loop
      vertex -30.4374 -28.9374 0
      vertex -30.363 -29.1453 3.5
      vertex -30.363 -29.1453 0
    endloop
  endfacet
  facet normal -0.514363 -0.857573 0
    outer loop
      vertex -27.2236 -26.2999 0
      vertex -27.0342 -26.4135 3.5
      vertex -27.2236 -26.2999 3.5
    endloop
  endfacet
  facet normal -0.514363 -0.857573 -0
    outer loop
      vertex -27.0342 -26.4135 3.5
      vertex -27.2236 -26.2999 0
      vertex -27.0342 -26.4135 0
    endloop
  endfacet
  facet normal -0.595715 -0.803196 0
    outer loop
      vertex -27.0342 -26.4135 0
      vertex -26.8569 -26.545 3.5
      vertex -27.0342 -26.4135 3.5
    endloop
  endfacet
  facet normal -0.595715 -0.803196 -0
    outer loop
      vertex -26.8569 -26.545 3.5
      vertex -27.0342 -26.4135 0
      vertex -26.8569 -26.545 0
    endloop
  endfacet
  facet normal -0.146746 0.989174 0
    outer loop
      vertex -27.8453 -30.491 0
      vertex -28.0637 -30.5234 3.5
      vertex -27.8453 -30.491 3.5
    endloop
  endfacet
  facet normal -0.146746 0.989174 0
    outer loop
      vertex -28.0637 -30.5234 3.5
      vertex -27.8453 -30.491 0
      vertex -28.0637 -30.5234 0
    endloop
  endfacet
  facet normal -0.740902 0.671613 0
    outer loop
      vertex -26.6933 -29.8753 0
      vertex -26.545 -29.7117 3.5
      vertex -26.545 -29.7117 0
    endloop
  endfacet
  facet normal -0.740902 0.671613 0
    outer loop
      vertex -26.545 -29.7117 3.5
      vertex -26.6933 -29.8753 0
      vertex -26.6933 -29.8753 3.5
    endloop
  endfacet
  facet normal -0.803357 0.595498 0
    outer loop
      vertex -26.545 -29.7117 0
      vertex -26.4135 -29.5343 3.5
      vertex -26.4135 -29.5343 0
    endloop
  endfacet
  facet normal -0.803357 0.595498 0
    outer loop
      vertex -26.4135 -29.5343 3.5
      vertex -26.545 -29.7117 0
      vertex -26.545 -29.7117 3.5
    endloop
  endfacet
  facet normal -0.242749 0.970089 0
    outer loop
      vertex -27.6311 -30.4374 0
      vertex -27.8453 -30.491 3.5
      vertex -27.6311 -30.4374 3.5
    endloop
  endfacet
  facet normal -0.242749 0.970089 0
    outer loop
      vertex -27.8453 -30.491 3.5
      vertex -27.6311 -30.4374 0
      vertex -27.8453 -30.491 0
    endloop
  endfacet
  facet normal -0.903996 0.427541 0
    outer loop
      vertex -26.2999 -29.3449 0
      vertex -26.2055 -29.1453 3.5
      vertex -26.2055 -29.1453 0
    endloop
  endfacet
  facet normal -0.903996 0.427541 0
    outer loop
      vertex -26.2055 -29.1453 3.5
      vertex -26.2999 -29.3449 0
      vertex -26.2999 -29.3449 3.5
    endloop
  endfacet
  facet normal 0.243175 -0.969982 0
    outer loop
      vertex -28.9374 -26.1312 0
      vertex -28.7232 -26.0775 3.5
      vertex -28.9374 -26.1312 3.5
    endloop
  endfacet
  facet normal 0.243175 -0.969982 0
    outer loop
      vertex -28.7232 -26.0775 3.5
      vertex -28.9374 -26.1312 0
      vertex -28.7232 -26.0775 0
    endloop
  endfacet
  facet normal 0.941527 -0.336939 0
    outer loop
      vertex -30.4374 -27.6311 3.5
      vertex -30.363 -27.4232 0
      vertex -30.363 -27.4232 3.5
    endloop
  endfacet
  facet normal 0.941527 -0.336939 0
    outer loop
      vertex -30.363 -27.4232 0
      vertex -30.4374 -27.6311 3.5
      vertex -30.4374 -27.6311 0
    endloop
  endfacet
  facet normal 0.427541 -0.903996 0
    outer loop
      vertex -29.3449 -26.2999 0
      vertex -29.1453 -26.2055 3.5
      vertex -29.3449 -26.2999 3.5
    endloop
  endfacet
  facet normal 0.427541 -0.903996 0
    outer loop
      vertex -29.1453 -26.2055 3.5
      vertex -29.3449 -26.2999 0
      vertex -29.1453 -26.2055 0
    endloop
  endfacet
  facet normal 0.989174 -0.146746 0
    outer loop
      vertex -30.5234 -28.0637 3.5
      vertex -30.491 -27.8453 0
      vertex -30.491 -27.8453 3.5
    endloop
  endfacet
  facet normal 0.989174 -0.146746 0
    outer loop
      vertex -30.491 -27.8453 0
      vertex -30.5234 -28.0637 3.5
      vertex -30.5234 -28.0637 0
    endloop
  endfacet
  facet normal 0.970089 -0.242749 0
    outer loop
      vertex -30.491 -27.8453 3.5
      vertex -30.4374 -27.6311 0
      vertex -30.4374 -27.6311 3.5
    endloop
  endfacet
  facet normal 0.970089 -0.242749 0
    outer loop
      vertex -30.4374 -27.6311 0
      vertex -30.491 -27.8453 3.5
      vertex -30.491 -27.8453 0
    endloop
  endfacet
  facet normal -0.427541 -0.903996 0
    outer loop
      vertex -27.4232 -26.2055 0
      vertex -27.2236 -26.2999 3.5
      vertex -27.4232 -26.2055 3.5
    endloop
  endfacet
  facet normal -0.427541 -0.903996 -0
    outer loop
      vertex -27.2236 -26.2999 3.5
      vertex -27.4232 -26.2055 0
      vertex -27.2236 -26.2999 0
    endloop
  endfacet
  facet normal -0.989174 0.146746 0
    outer loop
      vertex -26.0775 -28.7232 0
      vertex -26.0451 -28.5048 3.5
      vertex -26.0451 -28.5048 0
    endloop
  endfacet
  facet normal -0.989174 0.146746 0
    outer loop
      vertex -26.0451 -28.5048 3.5
      vertex -26.0775 -28.7232 0
      vertex -26.0775 -28.7232 3.5
    endloop
  endfacet
  facet normal -0.146746 -0.989174 0
    outer loop
      vertex -28.0637 -26.0451 0
      vertex -27.8453 -26.0775 3.5
      vertex -28.0637 -26.0451 3.5
    endloop
  endfacet
  facet normal -0.146746 -0.989174 -0
    outer loop
      vertex -27.8453 -26.0775 3.5
      vertex -28.0637 -26.0451 0
      vertex -27.8453 -26.0775 0
    endloop
  endfacet
  facet normal -0.0488988 -0.998804 0
    outer loop
      vertex -28.2843 -26.0343 0
      vertex -28.0637 -26.0451 3.5
      vertex -28.2843 -26.0343 3.5
    endloop
  endfacet
  facet normal -0.0488988 -0.998804 -0
    outer loop
      vertex -28.0637 -26.0451 3.5
      vertex -28.2843 -26.0343 0
      vertex -28.0637 -26.0451 0
    endloop
  endfacet
  facet normal 0.741128 0.671364 0
    outer loop
      vertex -29.8753 -29.8753 3.5
      vertex -30.0235 -29.7117 0
      vertex -30.0235 -29.7117 3.5
    endloop
  endfacet
  facet normal 0.741128 0.671364 0
    outer loop
      vertex -30.0235 -29.7117 0
      vertex -29.8753 -29.8753 3.5
      vertex -29.8753 -29.8753 0
    endloop
  endfacet
  facet normal 0.857773 0.514029 0
    outer loop
      vertex -30.1551 -29.5343 3.5
      vertex -30.2686 -29.3449 0
      vertex -30.2686 -29.3449 3.5
    endloop
  endfacet
  facet normal 0.857773 0.514029 0
    outer loop
      vertex -30.2686 -29.3449 0
      vertex -30.1551 -29.5343 3.5
      vertex -30.1551 -29.5343 0
    endloop
  endfacet
  facet normal 0.336537 -0.94167 0
    outer loop
      vertex -29.1453 -26.2055 0
      vertex -28.9374 -26.1312 3.5
      vertex -29.1453 -26.2055 3.5
    endloop
  endfacet
  facet normal 0.336537 -0.94167 0
    outer loop
      vertex -28.9374 -26.1312 3.5
      vertex -29.1453 -26.2055 0
      vertex -28.9374 -26.1312 0
    endloop
  endfacet
  facet normal 0.514029 0.857773 -0
    outer loop
      vertex -29.3449 -30.2686 0
      vertex -29.5343 -30.1551 3.5
      vertex -29.3449 -30.2686 3.5
    endloop
  endfacet
  facet normal 0.514029 0.857773 0
    outer loop
      vertex -29.5343 -30.1551 3.5
      vertex -29.3449 -30.2686 0
      vertex -29.5343 -30.1551 0
    endloop
  endfacet
  facet normal -0.596007 0.802979 0
    outer loop
      vertex -26.8569 -30.0235 0
      vertex -27.0342 -30.1551 3.5
      vertex -26.8569 -30.0235 3.5
    endloop
  endfacet
  facet normal -0.596007 0.802979 0
    outer loop
      vertex -27.0342 -30.1551 3.5
      vertex -26.8569 -30.0235 0
      vertex -27.0342 -30.1551 0
    endloop
  endfacet
  facet normal 0.336939 0.941527 -0
    outer loop
      vertex -28.9374 -30.4374 0
      vertex -29.1453 -30.363 3.5
      vertex -28.9374 -30.4374 3.5
    endloop
  endfacet
  facet normal 0.336939 0.941527 0
    outer loop
      vertex -29.1453 -30.363 3.5
      vertex -28.9374 -30.4374 0
      vertex -29.1453 -30.363 0
    endloop
  endfacet
  facet normal 0.80314 0.59579 0
    outer loop
      vertex -30.0235 -29.7117 3.5
      vertex -30.1551 -29.5343 0
      vertex -30.1551 -29.5343 3.5
    endloop
  endfacet
  facet normal 0.80314 0.59579 0
    outer loop
      vertex -30.1551 -29.5343 0
      vertex -30.0235 -29.7117 3.5
      vertex -30.0235 -29.7117 0
    endloop
  endfacet
  facet normal 0.903996 -0.427541 0
    outer loop
      vertex -30.363 -27.4232 3.5
      vertex -30.2686 -27.2236 0
      vertex -30.2686 -27.2236 3.5
    endloop
  endfacet
  facet normal 0.903996 -0.427541 0
    outer loop
      vertex -30.2686 -27.2236 0
      vertex -30.363 -27.4232 3.5
      vertex -30.363 -27.4232 0
    endloop
  endfacet
  facet normal 0.989174 0.146746 0
    outer loop
      vertex -30.491 -28.7232 3.5
      vertex -30.5234 -28.5048 0
      vertex -30.5234 -28.5048 3.5
    endloop
  endfacet
  facet normal 0.989174 0.146746 0
    outer loop
      vertex -30.5234 -28.5048 0
      vertex -30.491 -28.7232 3.5
      vertex -30.491 -28.7232 0
    endloop
  endfacet
  facet normal -0.243175 -0.969982 0
    outer loop
      vertex -27.8453 -26.0775 0
      vertex -27.6311 -26.1312 3.5
      vertex -27.8453 -26.0775 3.5
    endloop
  endfacet
  facet normal -0.243175 -0.969982 -0
    outer loop
      vertex -27.6311 -26.1312 3.5
      vertex -27.8453 -26.0775 0
      vertex -27.6311 -26.1312 0
    endloop
  endfacet
  facet normal 0.671364 0.741128 -0
    outer loop
      vertex -29.7117 -30.0235 0
      vertex -29.8753 -29.8753 3.5
      vertex -29.7117 -30.0235 3.5
    endloop
  endfacet
  facet normal 0.671364 0.741128 0
    outer loop
      vertex -29.8753 -29.8753 3.5
      vertex -29.7117 -30.0235 0
      vertex -29.8753 -29.8753 0
    endloop
  endfacet
  facet normal 0.0493728 0.99878 -0
    outer loop
      vertex -28.2843 -30.5343 0
      vertex -28.5048 -30.5234 3.5
      vertex -28.2843 -30.5343 3.5
    endloop
  endfacet
  facet normal 0.0493728 0.99878 0
    outer loop
      vertex -28.5048 -30.5234 3.5
      vertex -28.2843 -30.5343 0
      vertex -28.5048 -30.5234 0
    endloop
  endfacet
  facet normal 0.998782 -0.0493505 0
    outer loop
      vertex -30.5343 -28.2843 3.5
      vertex -30.5234 -28.0637 0
      vertex -30.5234 -28.0637 3.5
    endloop
  endfacet
  facet normal 0.998782 -0.0493505 0
    outer loop
      vertex -30.5234 -28.0637 0
      vertex -30.5343 -28.2843 3.5
      vertex -30.5343 -28.2843 0
    endloop
  endfacet
  facet normal -0.671364 0.741128 0
    outer loop
      vertex -26.6933 -29.8753 0
      vertex -26.8569 -30.0235 3.5
      vertex -26.6933 -29.8753 3.5
    endloop
  endfacet
  facet normal -0.671364 0.741128 0
    outer loop
      vertex -26.8569 -30.0235 3.5
      vertex -26.6933 -29.8753 0
      vertex -26.8569 -30.0235 0
    endloop
  endfacet
  facet normal -0.741041 -0.67146 0
    outer loop
      vertex -25.1149 -25.6833 3.5
      vertex -25.3851 -25.3851 8
      vertex -25.3851 -25.3851 3.5
    endloop
  endfacet
  facet normal -0.741041 -0.67146 0
    outer loop
      vertex -25.3851 -25.3851 8
      vertex -25.1149 -25.6833 3.5
      vertex -25.1149 -25.6833 8
    endloop
  endfacet
  facet normal -0.989154 -0.146882 0
    outer loop
      vertex -24.204 -27.8824 3.5
      vertex -24.2631 -27.4844 8
      vertex -24.2631 -27.4844 3.5
    endloop
  endfacet
  facet normal -0.989154 -0.146882 0
    outer loop
      vertex -24.2631 -27.4844 8
      vertex -24.204 -27.8824 3.5
      vertex -24.204 -27.8824 8
    endloop
  endfacet
  facet normal -0.998801 -0.0489584 0
    outer loop
      vertex -24.1843 -28.2843 3.5
      vertex -24.204 -27.8824 8
      vertex -24.204 -27.8824 3.5
    endloop
  endfacet
  facet normal -0.998801 -0.0489584 0
    outer loop
      vertex -24.204 -27.8824 8
      vertex -24.1843 -28.2843 3.5
      vertex -24.1843 -28.2843 8
    endloop
  endfacet
  facet normal -0.970069 -0.242828 0
    outer loop
      vertex -24.2631 -27.4844 3.5
      vertex -24.3608 -27.0941 8
      vertex -24.3608 -27.0941 3.5
    endloop
  endfacet
  facet normal -0.970069 -0.242828 0
    outer loop
      vertex -24.3608 -27.0941 8
      vertex -24.2631 -27.4844 3.5
      vertex -24.2631 -27.4844 8
    endloop
  endfacet
  facet normal -0.336809 0.941573 0
    outer loop
      vertex -26.7153 -32.0722 3.5
      vertex -27.0941 -32.2077 8
      vertex -26.7153 -32.0722 8
    endloop
  endfacet
  facet normal -0.336809 0.941573 0
    outer loop
      vertex -27.0941 -32.2077 8
      vertex -26.7153 -32.0722 3.5
      vertex -27.0941 -32.2077 3.5
    endloop
  endfacet
  facet normal -0.857778 -0.51402 0
    outer loop
      vertex -24.6684 -26.3515 3.5
      vertex -24.8752 -26.0064 8
      vertex -24.8752 -26.0064 3.5
    endloop
  endfacet
  facet normal -0.857778 -0.51402 0
    outer loop
      vertex -24.8752 -26.0064 8
      vertex -24.6684 -26.3515 3.5
      vertex -24.6684 -26.3515 8
    endloop
  endfacet
  facet normal -0.941494 -0.337029 0
    outer loop
      vertex -24.3608 -27.0941 3.5
      vertex -24.4964 -26.7153 8
      vertex -24.4964 -26.7153 3.5
    endloop
  endfacet
  facet normal -0.941494 -0.337029 0
    outer loop
      vertex -24.4964 -26.7153 8
      vertex -24.3608 -27.0941 3.5
      vertex -24.3608 -27.0941 8
    endloop
  endfacet
  facet normal -0.242828 -0.970069 0
    outer loop
      vertex -27.4844 -24.2631 3.5
      vertex -27.0941 -24.3608 8
      vertex -27.4844 -24.2631 8
    endloop
  endfacet
  facet normal -0.242828 -0.970069 -0
    outer loop
      vertex -27.0941 -24.3608 8
      vertex -27.4844 -24.2631 3.5
      vertex -27.0941 -24.3608 3.5
    endloop
  endfacet
  facet normal 0.741041 -0.67146 0
    outer loop
      vertex -31.4536 -25.6833 8
      vertex -31.1834 -25.3851 3.5
      vertex -31.1834 -25.3851 8
    endloop
  endfacet
  facet normal 0.741041 -0.67146 0
    outer loop
      vertex -31.1834 -25.3851 3.5
      vertex -31.4536 -25.6833 8
      vertex -31.4536 -25.6833 3.5
    endloop
  endfacet
  facet normal -0.0492063 0.998789 0
    outer loop
      vertex -27.8824 -32.3645 3.5
      vertex -28.2843 -32.3843 8
      vertex -27.8824 -32.3645 8
    endloop
  endfacet
  facet normal -0.0492063 0.998789 0
    outer loop
      vertex -28.2843 -32.3843 8
      vertex -27.8824 -32.3645 3.5
      vertex -28.2843 -32.3843 3.5
    endloop
  endfacet
  facet normal -0.427424 -0.904051 0
    outer loop
      vertex -26.7153 -24.4964 3.5
      vertex -26.3515 -24.6684 8
      vertex -26.7153 -24.4964 8
    endloop
  endfacet
  facet normal -0.427424 -0.904051 -0
    outer loop
      vertex -26.3515 -24.6684 8
      vertex -26.7153 -24.4964 3.5
      vertex -26.3515 -24.6684 3.5
    endloop
  endfacet
  facet normal -0.67146 -0.741041 0
    outer loop
      vertex -25.6833 -25.1149 3.5
      vertex -25.3851 -25.3851 8
      vertex -25.6833 -25.1149 8
    endloop
  endfacet
  facet normal -0.67146 -0.741041 -0
    outer loop
      vertex -25.3851 -25.3851 8
      vertex -25.6833 -25.1149 3.5
      vertex -25.3851 -25.3851 3.5
    endloop
  endfacet
  facet normal 0.595697 0.803209 -0
    outer loop
      vertex -30.5621 -31.6933 3.5
      vertex -30.8853 -31.4536 8
      vertex -30.5621 -31.6933 8
    endloop
  endfacet
  facet normal 0.595697 0.803209 0
    outer loop
      vertex -30.8853 -31.4536 8
      vertex -30.5621 -31.6933 3.5
      vertex -30.8853 -31.4536 3.5
    endloop
  endfacet
  facet normal -0.243062 0.970011 0
    outer loop
      vertex -27.0941 -32.2077 3.5
      vertex -27.4844 -32.3055 8
      vertex -27.0941 -32.2077 8
    endloop
  endfacet
  facet normal -0.243062 0.970011 0
    outer loop
      vertex -27.4844 -32.3055 8
      vertex -27.0941 -32.2077 3.5
      vertex -27.4844 -32.3055 3.5
    endloop
  endfacet
  facet normal -0.989154 0.146882 0
    outer loop
      vertex -24.2631 -29.0841 3.5
      vertex -24.204 -28.6861 8
      vertex -24.204 -28.6861 3.5
    endloop
  endfacet
  facet normal -0.989154 0.146882 0
    outer loop
      vertex -24.204 -28.6861 8
      vertex -24.2631 -29.0841 3.5
      vertex -24.2631 -29.0841 8
    endloop
  endfacet
  facet normal -0.51402 0.857778 0
    outer loop
      vertex -26.0064 -31.6933 3.5
      vertex -26.3515 -31.9001 8
      vertex -26.0064 -31.6933 8
    endloop
  endfacet
  facet normal -0.51402 0.857778 0
    outer loop
      vertex -26.3515 -31.9001 8
      vertex -26.0064 -31.6933 3.5
      vertex -26.3515 -31.9001 3.5
    endloop
  endfacet
  facet normal 0.243062 0.970011 -0
    outer loop
      vertex -29.0841 -32.3055 3.5
      vertex -29.4744 -32.2077 8
      vertex -29.0841 -32.3055 8
    endloop
  endfacet
  facet normal 0.243062 0.970011 0
    outer loop
      vertex -29.4744 -32.2077 8
      vertex -29.0841 -32.3055 3.5
      vertex -29.4744 -32.2077 3.5
    endloop
  endfacet
  facet normal 0.595697 -0.803209 0
    outer loop
      vertex -30.8853 -25.1149 3.5
      vertex -30.5621 -24.8752 8
      vertex -30.8853 -25.1149 8
    endloop
  endfacet
  facet normal 0.595697 -0.803209 0
    outer loop
      vertex -30.5621 -24.8752 8
      vertex -30.8853 -25.1149 3.5
      vertex -30.5621 -24.8752 3.5
    endloop
  endfacet
  facet normal 0.998788 0.0492185 0
    outer loop
      vertex -32.3645 -28.6861 8
      vertex -32.3843 -28.2843 3.5
      vertex -32.3843 -28.2843 8
    endloop
  endfacet
  facet normal 0.998788 0.0492185 0
    outer loop
      vertex -32.3843 -28.2843 3.5
      vertex -32.3645 -28.6861 8
      vertex -32.3645 -28.6861 3.5
    endloop
  endfacet
  facet normal 0.970011 0.243062 0
    outer loop
      vertex -32.2077 -29.4744 8
      vertex -32.3055 -29.0841 3.5
      vertex -32.3055 -29.0841 8
    endloop
  endfacet
  facet normal 0.970011 0.243062 0
    outer loop
      vertex -32.3055 -29.0841 3.5
      vertex -32.2077 -29.4744 8
      vertex -32.2077 -29.4744 3.5
    endloop
  endfacet
  facet normal -0.970069 0.242828 0
    outer loop
      vertex -24.3608 -29.4744 3.5
      vertex -24.2631 -29.0841 8
      vertex -24.2631 -29.0841 3.5
    endloop
  endfacet
  facet normal -0.970069 0.242828 0
    outer loop
      vertex -24.2631 -29.0841 8
      vertex -24.3608 -29.4744 3.5
      vertex -24.3608 -29.4744 8
    endloop
  endfacet
  facet normal 0.51402 -0.857778 0
    outer loop
      vertex -30.5621 -24.8752 3.5
      vertex -30.217 -24.6684 8
      vertex -30.5621 -24.8752 8
    endloop
  endfacet
  facet normal 0.51402 -0.857778 0
    outer loop
      vertex -30.217 -24.6684 8
      vertex -30.5621 -24.8752 3.5
      vertex -30.217 -24.6684 3.5
    endloop
  endfacet
  facet normal -0.595816 -0.803121 0
    outer loop
      vertex -26.0064 -24.8752 3.5
      vertex -25.6833 -25.1149 8
      vertex -26.0064 -24.8752 8
    endloop
  endfacet
  facet normal -0.595816 -0.803121 -0
    outer loop
      vertex -25.6833 -25.1149 8
      vertex -26.0064 -24.8752 3.5
      vertex -25.6833 -25.1149 3.5
    endloop
  endfacet
  facet normal 0.90391 0.427723 0
    outer loop
      vertex -31.9001 -30.217 8
      vertex -32.0722 -29.8533 3.5
      vertex -32.0722 -29.8533 8
    endloop
  endfacet
  facet normal 0.90391 0.427723 0
    outer loop
      vertex -32.0722 -29.8533 3.5
      vertex -31.9001 -30.217 8
      vertex -31.9001 -30.217 3.5
    endloop
  endfacet
  facet normal -0.941522 0.33695 0
    outer loop
      vertex -24.4964 -29.8533 3.5
      vertex -24.3608 -29.4744 8
      vertex -24.3608 -29.4744 3.5
    endloop
  endfacet
  facet normal -0.941522 0.33695 0
    outer loop
      vertex -24.3608 -29.4744 8
      vertex -24.4964 -29.8533 3.5
      vertex -24.4964 -29.8533 8
    endloop
  endfacet
  facet normal -0.146882 -0.989154 0
    outer loop
      vertex -27.8824 -24.204 3.5
      vertex -27.4844 -24.2631 8
      vertex -27.8824 -24.204 8
    endloop
  endfacet
  facet normal -0.146882 -0.989154 -0
    outer loop
      vertex -27.4844 -24.2631 8
      vertex -27.8824 -24.204 3.5
      vertex -27.4844 -24.2631 3.5
    endloop
  endfacet
  facet normal 0.42752 -0.904006 0
    outer loop
      vertex -30.217 -24.6684 3.5
      vertex -29.8533 -24.4964 8
      vertex -30.217 -24.6684 8
    endloop
  endfacet
  facet normal 0.42752 -0.904006 0
    outer loop
      vertex -29.8533 -24.4964 8
      vertex -30.217 -24.6684 3.5
      vertex -29.8533 -24.4964 3.5
    endloop
  endfacet
  facet normal -0.51402 -0.857778 0
    outer loop
      vertex -26.3515 -24.6684 3.5
      vertex -26.0064 -24.8752 8
      vertex -26.3515 -24.6684 8
    endloop
  endfacet
  facet normal -0.51402 -0.857778 -0
    outer loop
      vertex -26.0064 -24.8752 8
      vertex -26.3515 -24.6684 3.5
      vertex -26.0064 -24.8752 3.5
    endloop
  endfacet
  facet normal -0.427627 0.903955 0
    outer loop
      vertex -26.3515 -31.9001 3.5
      vertex -26.7153 -32.0722 8
      vertex -26.3515 -31.9001 8
    endloop
  endfacet
  facet normal -0.427627 0.903955 0
    outer loop
      vertex -26.7153 -32.0722 8
      vertex -26.3515 -31.9001 3.5
      vertex -26.7153 -32.0722 3.5
    endloop
  endfacet
  facet normal 0.941601 0.33673 0
    outer loop
      vertex -32.0722 -29.8533 8
      vertex -32.2077 -29.4744 3.5
      vertex -32.2077 -29.4744 8
    endloop
  endfacet
  facet normal 0.941601 0.33673 0
    outer loop
      vertex -32.2077 -29.4744 3.5
      vertex -32.0722 -29.8533 8
      vertex -32.0722 -29.8533 3.5
    endloop
  endfacet
  facet normal -0.857778 0.51402 0
    outer loop
      vertex -24.8752 -30.5621 3.5
      vertex -24.6684 -30.217 8
      vertex -24.6684 -30.217 3.5
    endloop
  endfacet
  facet normal -0.857778 0.51402 0
    outer loop
      vertex -24.6684 -30.217 8
      vertex -24.8752 -30.5621 3.5
      vertex -24.8752 -30.5621 8
    endloop
  endfacet
  facet normal -0.904006 0.42752 0
    outer loop
      vertex -24.6684 -30.217 3.5
      vertex -24.4964 -29.8533 8
      vertex -24.4964 -29.8533 3.5
    endloop
  endfacet
  facet normal -0.904006 0.42752 0
    outer loop
      vertex -24.4964 -29.8533 8
      vertex -24.6684 -30.217 3.5
      vertex -24.6684 -30.217 8
    endloop
  endfacet
  facet normal -0.9988 0.0489705 0
    outer loop
      vertex -24.204 -28.6861 3.5
      vertex -24.1843 -28.2843 8
      vertex -24.1843 -28.2843 3.5
    endloop
  endfacet
  facet normal -0.9988 0.0489705 0
    outer loop
      vertex -24.1843 -28.2843 8
      vertex -24.204 -28.6861 3.5
      vertex -24.204 -28.6861 8
    endloop
  endfacet
  facet normal 0.146882 -0.989154 0
    outer loop
      vertex -29.0841 -24.2631 3.5
      vertex -28.6861 -24.204 8
      vertex -29.0841 -24.2631 8
    endloop
  endfacet
  facet normal 0.146882 -0.989154 0
    outer loop
      vertex -28.6861 -24.204 8
      vertex -29.0841 -24.2631 3.5
      vertex -28.6861 -24.204 3.5
    endloop
  endfacet
  facet normal -0.146639 0.98919 0
    outer loop
      vertex -27.4844 -32.3055 3.5
      vertex -27.8824 -32.3645 8
      vertex -27.4844 -32.3055 8
    endloop
  endfacet
  facet normal -0.146639 0.98919 0
    outer loop
      vertex -27.8824 -32.3645 8
      vertex -27.4844 -32.3055 3.5
      vertex -27.8824 -32.3645 3.5
    endloop
  endfacet
  facet normal -0.740929 0.671583 0
    outer loop
      vertex -25.3851 -31.1834 3.5
      vertex -25.1149 -30.8853 8
      vertex -25.1149 -30.8853 3.5
    endloop
  endfacet
  facet normal -0.740929 0.671583 0
    outer loop
      vertex -25.1149 -30.8853 8
      vertex -25.3851 -31.1834 3.5
      vertex -25.3851 -31.1834 8
    endloop
  endfacet
  facet normal -0.803209 0.595697 0
    outer loop
      vertex -25.1149 -30.8853 3.5
      vertex -24.8752 -30.5621 8
      vertex -24.8752 -30.5621 3.5
    endloop
  endfacet
  facet normal -0.803209 0.595697 0
    outer loop
      vertex -24.8752 -30.5621 8
      vertex -25.1149 -30.8853 3.5
      vertex -25.1149 -30.8853 8
    endloop
  endfacet
  facet normal 0.242828 -0.970069 0
    outer loop
      vertex -29.4744 -24.3608 3.5
      vertex -29.0841 -24.2631 8
      vertex -29.4744 -24.3608 8
    endloop
  endfacet
  facet normal 0.242828 -0.970069 0
    outer loop
      vertex -29.0841 -24.2631 8
      vertex -29.4744 -24.3608 3.5
      vertex -29.0841 -24.2631 3.5
    endloop
  endfacet
  facet normal -0.803121 -0.595816 0
    outer loop
      vertex -24.8752 -26.0064 3.5
      vertex -25.1149 -25.6833 8
      vertex -25.1149 -25.6833 3.5
    endloop
  endfacet
  facet normal -0.803121 -0.595816 0
    outer loop
      vertex -25.1149 -25.6833 8
      vertex -24.8752 -26.0064 3.5
      vertex -24.8752 -26.0064 8
    endloop
  endfacet
  facet normal -0.0489584 -0.998801 0
    outer loop
      vertex -28.2843 -24.1843 3.5
      vertex -27.8824 -24.204 8
      vertex -28.2843 -24.1843 8
    endloop
  endfacet
  facet normal -0.0489584 -0.998801 -0
    outer loop
      vertex -27.8824 -24.204 8
      vertex -28.2843 -24.1843 3.5
      vertex -27.8824 -24.204 3.5
    endloop
  endfacet
  facet normal -0.904051 -0.427424 0
    outer loop
      vertex -24.4964 -26.7153 3.5
      vertex -24.6684 -26.3515 8
      vertex -24.6684 -26.3515 3.5
    endloop
  endfacet
  facet normal -0.904051 -0.427424 0
    outer loop
      vertex -24.6684 -26.3515 8
      vertex -24.4964 -26.7153 3.5
      vertex -24.4964 -26.7153 8
    endloop
  endfacet
  facet normal 0.857778 -0.51402 0
    outer loop
      vertex -31.9001 -26.3515 8
      vertex -31.6933 -26.0064 3.5
      vertex -31.6933 -26.0064 8
    endloop
  endfacet
  facet normal 0.857778 -0.51402 0
    outer loop
      vertex -31.6933 -26.0064 3.5
      vertex -31.9001 -26.3515 8
      vertex -31.9001 -26.3515 3.5
    endloop
  endfacet
  facet normal 0.671583 -0.740929 0
    outer loop
      vertex -31.1834 -25.3851 3.5
      vertex -30.8853 -25.1149 8
      vertex -31.1834 -25.3851 8
    endloop
  endfacet
  facet normal 0.671583 -0.740929 0
    outer loop
      vertex -30.8853 -25.1149 8
      vertex -31.1834 -25.3851 3.5
      vertex -30.8853 -25.1149 3.5
    endloop
  endfacet
  facet normal 0.857778 0.51402 0
    outer loop
      vertex -31.6933 -30.5621 8
      vertex -31.9001 -30.217 3.5
      vertex -31.9001 -30.217 8
    endloop
  endfacet
  facet normal 0.857778 0.51402 0
    outer loop
      vertex -31.9001 -30.217 3.5
      vertex -31.6933 -30.5621 8
      vertex -31.6933 -30.5621 3.5
    endloop
  endfacet
  facet normal 0.427723 0.90391 -0
    outer loop
      vertex -29.8533 -32.0722 3.5
      vertex -30.217 -31.9001 8
      vertex -29.8533 -32.0722 8
    endloop
  endfacet
  facet normal 0.427723 0.90391 0
    outer loop
      vertex -30.217 -31.9001 8
      vertex -29.8533 -32.0722 3.5
      vertex -30.217 -31.9001 3.5
    endloop
  endfacet
  facet normal 0.740929 0.671583 0
    outer loop
      vertex -31.1834 -31.1834 8
      vertex -31.4536 -30.8853 3.5
      vertex -31.4536 -30.8853 8
    endloop
  endfacet
  facet normal 0.740929 0.671583 0
    outer loop
      vertex -31.4536 -30.8853 3.5
      vertex -31.1834 -31.1834 8
      vertex -31.1834 -31.1834 3.5
    endloop
  endfacet
  facet normal 0.33695 -0.941522 0
    outer loop
      vertex -29.8533 -24.4964 3.5
      vertex -29.4744 -24.3608 8
      vertex -29.8533 -24.4964 8
    endloop
  endfacet
  facet normal 0.33695 -0.941522 0
    outer loop
      vertex -29.4744 -24.3608 8
      vertex -29.8533 -24.4964 3.5
      vertex -29.4744 -24.3608 3.5
    endloop
  endfacet
  facet normal 0.51402 0.857778 -0
    outer loop
      vertex -30.217 -31.9001 3.5
      vertex -30.5621 -31.6933 8
      vertex -30.217 -31.9001 8
    endloop
  endfacet
  facet normal 0.51402 0.857778 0
    outer loop
      vertex -30.5621 -31.6933 8
      vertex -30.217 -31.9001 3.5
      vertex -30.5621 -31.6933 3.5
    endloop
  endfacet
  facet normal -0.595816 0.803121 0
    outer loop
      vertex -25.6833 -31.4536 3.5
      vertex -26.0064 -31.6933 8
      vertex -25.6833 -31.4536 8
    endloop
  endfacet
  facet normal -0.595816 0.803121 0
    outer loop
      vertex -26.0064 -31.6933 8
      vertex -25.6833 -31.4536 3.5
      vertex -26.0064 -31.6933 3.5
    endloop
  endfacet
  facet normal 0.0489705 -0.9988 0
    outer loop
      vertex -28.6861 -24.204 3.5
      vertex -28.2843 -24.1843 8
      vertex -28.6861 -24.204 8
    endloop
  endfacet
  facet normal 0.0489705 -0.9988 0
    outer loop
      vertex -28.2843 -24.1843 8
      vertex -28.6861 -24.204 3.5
      vertex -28.2843 -24.1843 3.5
    endloop
  endfacet
  facet normal 0.970011 -0.243062 0
    outer loop
      vertex -32.3055 -27.4844 8
      vertex -32.2077 -27.0941 3.5
      vertex -32.2077 -27.0941 8
    endloop
  endfacet
  facet normal 0.970011 -0.243062 0
    outer loop
      vertex -32.2077 -27.0941 3.5
      vertex -32.3055 -27.4844 8
      vertex -32.3055 -27.4844 3.5
    endloop
  endfacet
  facet normal 0.941573 -0.336809 0
    outer loop
      vertex -32.2077 -27.0941 8
      vertex -32.0722 -26.7153 3.5
      vertex -32.0722 -26.7153 8
    endloop
  endfacet
  facet normal 0.941573 -0.336809 0
    outer loop
      vertex -32.0722 -26.7153 3.5
      vertex -32.2077 -27.0941 8
      vertex -32.2077 -27.0941 3.5
    endloop
  endfacet
  facet normal 0.98919 0.146639 0
    outer loop
      vertex -32.3055 -29.0841 8
      vertex -32.3645 -28.6861 3.5
      vertex -32.3645 -28.6861 8
    endloop
  endfacet
  facet normal 0.98919 0.146639 0
    outer loop
      vertex -32.3645 -28.6861 3.5
      vertex -32.3055 -29.0841 8
      vertex -32.3055 -29.0841 3.5
    endloop
  endfacet
  facet normal -0.337029 -0.941494 0
    outer loop
      vertex -27.0941 -24.3608 3.5
      vertex -26.7153 -24.4964 8
      vertex -27.0941 -24.3608 8
    endloop
  endfacet
  facet normal -0.337029 -0.941494 -0
    outer loop
      vertex -26.7153 -24.4964 8
      vertex -27.0941 -24.3608 3.5
      vertex -26.7153 -24.4964 3.5
    endloop
  endfacet
  facet normal 0.803209 0.595697 0
    outer loop
      vertex -31.4536 -30.8853 8
      vertex -31.6933 -30.5621 3.5
      vertex -31.6933 -30.5621 8
    endloop
  endfacet
  facet normal 0.803209 0.595697 0
    outer loop
      vertex -31.6933 -30.5621 3.5
      vertex -31.4536 -30.8853 8
      vertex -31.4536 -30.8853 3.5
    endloop
  endfacet
  facet normal 0.903955 -0.427627 0
    outer loop
      vertex -32.0722 -26.7153 8
      vertex -31.9001 -26.3515 3.5
      vertex -31.9001 -26.3515 8
    endloop
  endfacet
  facet normal 0.903955 -0.427627 0
    outer loop
      vertex -31.9001 -26.3515 3.5
      vertex -32.0722 -26.7153 8
      vertex -32.0722 -26.7153 3.5
    endloop
  endfacet
  facet normal 0 0 1
    outer loop
      vertex -26.0343 -28.2843 3.5
      vertex -24.1843 -28.2843 3.5
      vertex -24.204 -27.8824 3.5
    endloop
  endfacet
  facet normal 0 0 1
    outer loop
      vertex -26.0451 -28.0637 3.5
      vertex -24.204 -27.8824 3.5
      vertex -24.2631 -27.4844 3.5
    endloop
  endfacet
  facet normal 0 0 1
    outer loop
      vertex -24.1843 -28.2843 3.5
      vertex -26.0343 -28.2843 3.5
      vertex -24.204 -28.6861 3.5
    endloop
  endfacet
  facet normal 0 0 1
    outer loop
      vertex -26.0775 -27.8453 3.5
      vertex -24.2631 -27.4844 3.5
      vertex -24.3608 -27.0941 3.5
    endloop
  endfacet
  facet normal -0 0 1
    outer loop
      vertex -26.0451 -28.5048 3.5
      vertex -24.204 -28.6861 3.5
      vertex -26.0343 -28.2843 3.5
    endloop
  endfacet
  facet normal 0 0 1
    outer loop
      vertex -26.1312 -27.6311 3.5
      vertex -24.3608 -27.0941 3.5
      vertex -24.4964 -26.7153 3.5
    endloop
  endfacet
  facet normal 0 0 1
    outer loop
      vertex -24.204 -28.6861 3.5
      vertex -26.0451 -28.5048 3.5
      vertex -24.2631 -29.0841 3.5
    endloop
  endfacet
  facet normal 0 0 1
    outer loop
      vertex -26.2055 -27.4232 3.5
      vertex -24.4964 -26.7153 3.5
      vertex -24.6684 -26.3515 3.5
    endloop
  endfacet
  facet normal -0 0 1
    outer loop
      vertex -26.0775 -28.7232 3.5
      vertex -24.2631 -29.0841 3.5
      vertex -26.0451 -28.5048 3.5
    endloop
  endfacet
  facet normal 0 0 1
    outer loop
      vertex -26.2999 -27.2236 3.5
      vertex -24.6684 -26.3515 3.5
      vertex -24.8752 -26.0064 3.5
    endloop
  endfacet
  facet normal 0 0 1
    outer loop
      vertex -24.2631 -29.0841 3.5
      vertex -26.0775 -28.7232 3.5
      vertex -24.3608 -29.4744 3.5
    endloop
  endfacet
  facet normal 0 0 1
    outer loop
      vertex -26.4135 -27.0342 3.5
      vertex -24.8752 -26.0064 3.5
      vertex -25.1149 -25.6833 3.5
    endloop
  endfacet
  facet normal -0 0 1
    outer loop
      vertex -26.1312 -28.9374 3.5
      vertex -24.3608 -29.4744 3.5
      vertex -26.0775 -28.7232 3.5
    endloop
  endfacet
  facet normal 0 0 1
    outer loop
      vertex -26.545 -26.8569 3.5
      vertex -25.1149 -25.6833 3.5
      vertex -25.3851 -25.3851 3.5
    endloop
  endfacet
  facet normal 0 0 1
    outer loop
      vertex -24.3608 -29.4744 3.5
      vertex -26.1312 -28.9374 3.5
      vertex -24.4964 -29.8533 3.5
    endloop
  endfacet
  facet normal 0 0 1
    outer loop
      vertex -26.6933 -26.6933 3.5
      vertex -25.3851 -25.3851 3.5
      vertex -25.6833 -25.1149 3.5
    endloop
  endfacet
  facet normal -0 0 1
    outer loop
      vertex -26.2055 -29.1453 3.5
      vertex -24.4964 -29.8533 3.5
      vertex -26.1312 -28.9374 3.5
    endloop
  endfacet
  facet normal 0 0 1
    outer loop
      vertex -26.8569 -26.545 3.5
      vertex -25.6833 -25.1149 3.5
      vertex -26.0064 -24.8752 3.5
    endloop
  endfacet
  facet normal 0 0 1
    outer loop
      vertex -24.4964 -29.8533 3.5
      vertex -26.2055 -29.1453 3.5
      vertex -24.6684 -30.217 3.5
    endloop
  endfacet
  facet normal -0 0 1
    outer loop
      vertex -26.2999 -29.3449 3.5
      vertex -24.6684 -30.217 3.5
      vertex -26.2055 -29.1453 3.5
    endloop
  endfacet
  facet normal 0 0 1
    outer loop
      vertex -24.204 -27.8824 3.5
      vertex -26.0451 -28.0637 3.5
      vertex -26.0343 -28.2843 3.5
    endloop
  endfacet
  facet normal 0 0 1
    outer loop
      vertex -24.2631 -27.4844 3.5
      vertex -26.0775 -27.8453 3.5
      vertex -26.0451 -28.0637 3.5
    endloop
  endfacet
  facet normal 0 0 1
    outer loop
      vertex -24.3608 -27.0941 3.5
      vertex -26.1312 -27.6311 3.5
      vertex -26.0775 -27.8453 3.5
    endloop
  endfacet
  facet normal 0 0 1
    outer loop
      vertex -24.4964 -26.7153 3.5
      vertex -26.2055 -27.4232 3.5
      vertex -26.1312 -27.6311 3.5
    endloop
  endfacet
  facet normal 0 0 1
    outer loop
      vertex -24.6684 -26.3515 3.5
      vertex -26.2999 -27.2236 3.5
      vertex -26.2055 -27.4232 3.5
    endloop
  endfacet
  facet normal 0 0 1
    outer loop
      vertex -27.0342 -26.4135 3.5
      vertex -26.0064 -24.8752 3.5
      vertex -26.3515 -24.6684 3.5
    endloop
  endfacet
  facet normal 0 0 1
    outer loop
      vertex -24.8752 -26.0064 3.5
      vertex -26.4135 -27.0342 3.5
      vertex -26.2999 -27.2236 3.5
    endloop
  endfacet
  facet normal 0 0 1
    outer loop
      vertex -25.1149 -25.6833 3.5
      vertex -26.545 -26.8569 3.5
      vertex -26.4135 -27.0342 3.5
    endloop
  endfacet
  facet normal 0 0 1
    outer loop
      vertex -25.3851 -25.3851 3.5
      vertex -26.6933 -26.6933 3.5
      vertex -26.545 -26.8569 3.5
    endloop
  endfacet
  facet normal 0 0 1
    outer loop
      vertex -27.2236 -26.2999 3.5
      vertex -26.3515 -24.6684 3.5
      vertex -26.7153 -24.4964 3.5
    endloop
  endfacet
  facet normal 0 0 1
    outer loop
      vertex -25.6833 -25.1149 3.5
      vertex -26.8569 -26.545 3.5
      vertex -26.6933 -26.6933 3.5
    endloop
  endfacet
  facet normal 0 0 1
    outer loop
      vertex -26.0064 -24.8752 3.5
      vertex -27.0342 -26.4135 3.5
      vertex -26.8569 -26.545 3.5
    endloop
  endfacet
  facet normal 0 0 1
    outer loop
      vertex -27.4232 -26.2055 3.5
      vertex -26.7153 -24.4964 3.5
      vertex -27.0941 -24.3608 3.5
    endloop
  endfacet
  facet normal 0 0 1
    outer loop
      vertex -26.3515 -24.6684 3.5
      vertex -27.2236 -26.2999 3.5
      vertex -27.0342 -26.4135 3.5
    endloop
  endfacet
  facet normal 0 0 1
    outer loop
      vertex -26.7153 -24.4964 3.5
      vertex -27.4232 -26.2055 3.5
      vertex -27.2236 -26.2999 3.5
    endloop
  endfacet
  facet normal 0 0 1
    outer loop
      vertex -27.6311 -26.1312 3.5
      vertex -27.0941 -24.3608 3.5
      vertex -27.4844 -24.2631 3.5
    endloop
  endfacet
  facet normal 0 0 1
    outer loop
      vertex -27.0941 -24.3608 3.5
      vertex -27.6311 -26.1312 3.5
      vertex -27.4232 -26.2055 3.5
    endloop
  endfacet
  facet normal 0 0 1
    outer loop
      vertex -27.4844 -24.2631 3.5
      vertex -27.8453 -26.0775 3.5
      vertex -27.6311 -26.1312 3.5
    endloop
  endfacet
  facet normal 0 0 1
    outer loop
      vertex -27.8824 -24.204 3.5
      vertex -27.8453 -26.0775 3.5
      vertex -27.4844 -24.2631 3.5
    endloop
  endfacet
  facet normal 0 0 1
    outer loop
      vertex -27.8824 -24.204 3.5
      vertex -28.0637 -26.0451 3.5
      vertex -27.8453 -26.0775 3.5
    endloop
  endfacet
  facet normal 0 0 1
    outer loop
      vertex -28.2843 -24.1843 3.5
      vertex -28.0637 -26.0451 3.5
      vertex -27.8824 -24.204 3.5
    endloop
  endfacet
  facet normal 0 0 1
    outer loop
      vertex -28.2843 -24.1843 3.5
      vertex -28.2843 -26.0343 3.5
      vertex -28.0637 -26.0451 3.5
    endloop
  endfacet
  facet normal 0 0 1
    outer loop
      vertex -28.2843 -24.1843 3.5
      vertex -28.5048 -26.0451 3.5
      vertex -28.2843 -26.0343 3.5
    endloop
  endfacet
  facet normal -0 0 1
    outer loop
      vertex -28.6861 -24.204 3.5
      vertex -28.5048 -26.0451 3.5
      vertex -28.2843 -24.1843 3.5
    endloop
  endfacet
  facet normal 0 0 1
    outer loop
      vertex -28.6861 -24.204 3.5
      vertex -28.7232 -26.0775 3.5
      vertex -28.5048 -26.0451 3.5
    endloop
  endfacet
  facet normal -0 0 1
    outer loop
      vertex -29.0841 -24.2631 3.5
      vertex -28.7232 -26.0775 3.5
      vertex -28.6861 -24.204 3.5
    endloop
  endfacet
  facet normal 0 0 1
    outer loop
      vertex -28.7232 -26.0775 3.5
      vertex -29.0841 -24.2631 3.5
      vertex -28.9374 -26.1312 3.5
    endloop
  endfacet
  facet normal -0 0 1
    outer loop
      vertex -29.4744 -24.3608 3.5
      vertex -28.9374 -26.1312 3.5
      vertex -29.0841 -24.2631 3.5
    endloop
  endfacet
  facet normal 0 0 1
    outer loop
      vertex -28.9374 -26.1312 3.5
      vertex -29.4744 -24.3608 3.5
      vertex -29.1453 -26.2055 3.5
    endloop
  endfacet
  facet normal -0 0 1
    outer loop
      vertex -29.8533 -24.4964 3.5
      vertex -29.1453 -26.2055 3.5
      vertex -29.4744 -24.3608 3.5
    endloop
  endfacet
  facet normal 0 0 1
    outer loop
      vertex -29.1453 -26.2055 3.5
      vertex -29.8533 -24.4964 3.5
      vertex -29.3449 -26.2999 3.5
    endloop
  endfacet
  facet normal -0 0 1
    outer loop
      vertex -30.217 -24.6684 3.5
      vertex -29.3449 -26.2999 3.5
      vertex -29.8533 -24.4964 3.5
    endloop
  endfacet
  facet normal 0 0 1
    outer loop
      vertex -29.3449 -26.2999 3.5
      vertex -30.217 -24.6684 3.5
      vertex -29.5343 -26.4135 3.5
    endloop
  endfacet
  facet normal -0 0 1
    outer loop
      vertex -30.5621 -24.8752 3.5
      vertex -29.5343 -26.4135 3.5
      vertex -30.217 -24.6684 3.5
    endloop
  endfacet
  facet normal 0 0 1
    outer loop
      vertex -29.5343 -26.4135 3.5
      vertex -30.5621 -24.8752 3.5
      vertex -29.7117 -26.545 3.5
    endloop
  endfacet
  facet normal -0 0 1
    outer loop
      vertex -30.8853 -25.1149 3.5
      vertex -29.7117 -26.545 3.5
      vertex -30.5621 -24.8752 3.5
    endloop
  endfacet
  facet normal 0 0 1
    outer loop
      vertex -29.7117 -26.545 3.5
      vertex -30.8853 -25.1149 3.5
      vertex -29.8753 -26.6933 3.5
    endloop
  endfacet
  facet normal -0 0 1
    outer loop
      vertex -31.1834 -25.3851 3.5
      vertex -29.8753 -26.6933 3.5
      vertex -30.8853 -25.1149 3.5
    endloop
  endfacet
  facet normal 0 0 1
    outer loop
      vertex -29.8753 -26.6933 3.5
      vertex -31.1834 -25.3851 3.5
      vertex -30.0235 -26.8569 3.5
    endloop
  endfacet
  facet normal -0 0 1
    outer loop
      vertex -31.4536 -25.6833 3.5
      vertex -30.0235 -26.8569 3.5
      vertex -31.1834 -25.3851 3.5
    endloop
  endfacet
  facet normal 0 0 1
    outer loop
      vertex -30.0235 -26.8569 3.5
      vertex -31.4536 -25.6833 3.5
      vertex -30.1551 -27.0342 3.5
    endloop
  endfacet
  facet normal -0 0 1
    outer loop
      vertex -31.6933 -26.0064 3.5
      vertex -30.1551 -27.0342 3.5
      vertex -31.4536 -25.6833 3.5
    endloop
  endfacet
  facet normal -0 0 1
    outer loop
      vertex -31.9001 -26.3515 3.5
      vertex -30.2686 -27.2236 3.5
      vertex -31.6933 -26.0064 3.5
    endloop
  endfacet
  facet normal 0 0 1
    outer loop
      vertex -30.1551 -27.0342 3.5
      vertex -31.6933 -26.0064 3.5
      vertex -30.2686 -27.2236 3.5
    endloop
  endfacet
  facet normal 0 0 1
    outer loop
      vertex -24.6684 -30.217 3.5
      vertex -26.2999 -29.3449 3.5
      vertex -24.8752 -30.5621 3.5
    endloop
  endfacet
  facet normal -0 0 1
    outer loop
      vertex -26.4135 -29.5343 3.5
      vertex -24.8752 -30.5621 3.5
      vertex -26.2999 -29.3449 3.5
    endloop
  endfacet
  facet normal 0 0 1
    outer loop
      vertex -24.8752 -30.5621 3.5
      vertex -26.4135 -29.5343 3.5
      vertex -25.1149 -30.8853 3.5
    endloop
  endfacet
  facet normal -0 0 1
    outer loop
      vertex -26.545 -29.7117 3.5
      vertex -25.1149 -30.8853 3.5
      vertex -26.4135 -29.5343 3.5
    endloop
  endfacet
  facet normal 0 0 1
    outer loop
      vertex -25.1149 -30.8853 3.5
      vertex -26.545 -29.7117 3.5
      vertex -25.3851 -31.1834 3.5
    endloop
  endfacet
  facet normal -0 0 1
    outer loop
      vertex -26.6933 -29.8753 3.5
      vertex -25.3851 -31.1834 3.5
      vertex -26.545 -29.7117 3.5
    endloop
  endfacet
  facet normal 0 0 1
    outer loop
      vertex -25.3851 -31.1834 3.5
      vertex -26.6933 -29.8753 3.5
      vertex -25.6833 -31.4536 3.5
    endloop
  endfacet
  facet normal -0 0 1
    outer loop
      vertex -26.8569 -30.0235 3.5
      vertex -25.6833 -31.4536 3.5
      vertex -26.6933 -29.8753 3.5
    endloop
  endfacet
  facet normal 0 0 1
    outer loop
      vertex -25.6833 -31.4536 3.5
      vertex -26.8569 -30.0235 3.5
      vertex -26.0064 -31.6933 3.5
    endloop
  endfacet
  facet normal -0 0 1
    outer loop
      vertex -27.0342 -30.1551 3.5
      vertex -26.0064 -31.6933 3.5
      vertex -26.8569 -30.0235 3.5
    endloop
  endfacet
  facet normal 0 0 1
    outer loop
      vertex -26.0064 -31.6933 3.5
      vertex -27.0342 -30.1551 3.5
      vertex -26.3515 -31.9001 3.5
    endloop
  endfacet
  facet normal -0 0 1
    outer loop
      vertex -27.2236 -30.2686 3.5
      vertex -26.3515 -31.9001 3.5
      vertex -27.0342 -30.1551 3.5
    endloop
  endfacet
  facet normal 0 0 1
    outer loop
      vertex -26.3515 -31.9001 3.5
      vertex -27.2236 -30.2686 3.5
      vertex -26.7153 -32.0722 3.5
    endloop
  endfacet
  facet normal -0 0 1
    outer loop
      vertex -27.4232 -30.363 3.5
      vertex -26.7153 -32.0722 3.5
      vertex -27.2236 -30.2686 3.5
    endloop
  endfacet
  facet normal 0 0 1
    outer loop
      vertex -26.7153 -32.0722 3.5
      vertex -27.4232 -30.363 3.5
      vertex -27.0941 -32.2077 3.5
    endloop
  endfacet
  facet normal -0 0 1
    outer loop
      vertex -27.6311 -30.4374 3.5
      vertex -27.0941 -32.2077 3.5
      vertex -27.4232 -30.363 3.5
    endloop
  endfacet
  facet normal 0 0 1
    outer loop
      vertex -27.0941 -32.2077 3.5
      vertex -27.6311 -30.4374 3.5
      vertex -27.4844 -32.3055 3.5
    endloop
  endfacet
  facet normal -0 0 1
    outer loop
      vertex -27.8453 -30.491 3.5
      vertex -27.4844 -32.3055 3.5
      vertex -27.6311 -30.4374 3.5
    endloop
  endfacet
  facet normal 0 0 1
    outer loop
      vertex -27.8453 -30.491 3.5
      vertex -27.8824 -32.3645 3.5
      vertex -27.4844 -32.3055 3.5
    endloop
  endfacet
  facet normal -0 0 1
    outer loop
      vertex -28.0637 -30.5234 3.5
      vertex -27.8824 -32.3645 3.5
      vertex -27.8453 -30.491 3.5
    endloop
  endfacet
  facet normal -0 0 1
    outer loop
      vertex -28.2843 -30.5343 3.5
      vertex -27.8824 -32.3645 3.5
      vertex -28.0637 -30.5234 3.5
    endloop
  endfacet
  facet normal 0 0 1
    outer loop
      vertex -28.2843 -30.5343 3.5
      vertex -28.2843 -32.3843 3.5
      vertex -27.8824 -32.3645 3.5
    endloop
  endfacet
  facet normal 0 0 1
    outer loop
      vertex -28.5048 -30.5234 3.5
      vertex -28.2843 -32.3843 3.5
      vertex -28.2843 -30.5343 3.5
    endloop
  endfacet
  facet normal 0 0 1
    outer loop
      vertex -28.5048 -30.5234 3.5
      vertex -28.6861 -32.3645 3.5
      vertex -28.2843 -32.3843 3.5
    endloop
  endfacet
  facet normal 0 0 1
    outer loop
      vertex -28.7232 -30.491 3.5
      vertex -28.6861 -32.3645 3.5
      vertex -28.5048 -30.5234 3.5
    endloop
  endfacet
  facet normal 0 0 1
    outer loop
      vertex -29.0841 -32.3055 3.5
      vertex -28.7232 -30.491 3.5
      vertex -28.9374 -30.4374 3.5
    endloop
  endfacet
  facet normal 0 0 1
    outer loop
      vertex -28.7232 -30.491 3.5
      vertex -29.0841 -32.3055 3.5
      vertex -28.6861 -32.3645 3.5
    endloop
  endfacet
  facet normal 0 0 1
    outer loop
      vertex -29.4744 -32.2077 3.5
      vertex -28.9374 -30.4374 3.5
      vertex -29.1453 -30.363 3.5
    endloop
  endfacet
  facet normal 0 0 1
    outer loop
      vertex -29.8533 -32.0722 3.5
      vertex -29.1453 -30.363 3.5
      vertex -29.3449 -30.2686 3.5
    endloop
  endfacet
  facet normal 0 0 1
    outer loop
      vertex -28.9374 -30.4374 3.5
      vertex -29.4744 -32.2077 3.5
      vertex -29.0841 -32.3055 3.5
    endloop
  endfacet
  facet normal 0 0 1
    outer loop
      vertex -30.217 -31.9001 3.5
      vertex -29.3449 -30.2686 3.5
      vertex -29.5343 -30.1551 3.5
    endloop
  endfacet
  facet normal 0 0 1
    outer loop
      vertex -30.5621 -31.6933 3.5
      vertex -29.5343 -30.1551 3.5
      vertex -29.7117 -30.0235 3.5
    endloop
  endfacet
  facet normal 0 0 1
    outer loop
      vertex -29.1453 -30.363 3.5
      vertex -29.8533 -32.0722 3.5
      vertex -29.4744 -32.2077 3.5
    endloop
  endfacet
  facet normal 0 0 1
    outer loop
      vertex -30.8853 -31.4536 3.5
      vertex -29.7117 -30.0235 3.5
      vertex -29.8753 -29.8753 3.5
    endloop
  endfacet
  facet normal 0 0 1
    outer loop
      vertex -31.1834 -31.1834 3.5
      vertex -29.8753 -29.8753 3.5
      vertex -30.0235 -29.7117 3.5
    endloop
  endfacet
  facet normal 0 0 1
    outer loop
      vertex -31.4536 -30.8853 3.5
      vertex -30.0235 -29.7117 3.5
      vertex -30.1551 -29.5343 3.5
    endloop
  endfacet
  facet normal 0 0 1
    outer loop
      vertex -29.3449 -30.2686 3.5
      vertex -30.217 -31.9001 3.5
      vertex -29.8533 -32.0722 3.5
    endloop
  endfacet
  facet normal 0 0 1
    outer loop
      vertex -31.6933 -30.5621 3.5
      vertex -30.1551 -29.5343 3.5
      vertex -30.2686 -29.3449 3.5
    endloop
  endfacet
  facet normal 0 0 1
    outer loop
      vertex -31.9001 -30.217 3.5
      vertex -30.2686 -29.3449 3.5
      vertex -30.363 -29.1453 3.5
    endloop
  endfacet
  facet normal 0 0 1
    outer loop
      vertex -32.0722 -29.8533 3.5
      vertex -30.363 -29.1453 3.5
      vertex -30.4374 -28.9374 3.5
    endloop
  endfacet
  facet normal 0 0 1
    outer loop
      vertex -32.2077 -29.4744 3.5
      vertex -30.4374 -28.9374 3.5
      vertex -30.491 -28.7232 3.5
    endloop
  endfacet
  facet normal 0 0 1
    outer loop
      vertex -32.3055 -29.0841 3.5
      vertex -30.491 -28.7232 3.5
      vertex -30.5234 -28.5048 3.5
    endloop
  endfacet
  facet normal 0 0 1
    outer loop
      vertex -29.5343 -30.1551 3.5
      vertex -30.5621 -31.6933 3.5
      vertex -30.217 -31.9001 3.5
    endloop
  endfacet
  facet normal 0 0 1
    outer loop
      vertex -32.3645 -28.6861 3.5
      vertex -30.5234 -28.5048 3.5
      vertex -30.5343 -28.2843 3.5
    endloop
  endfacet
  facet normal 0 0 1
    outer loop
      vertex -30.2686 -27.2236 3.5
      vertex -31.9001 -26.3515 3.5
      vertex -30.363 -27.4232 3.5
    endloop
  endfacet
  facet normal -0 0 1
    outer loop
      vertex -32.0722 -26.7153 3.5
      vertex -30.363 -27.4232 3.5
      vertex -31.9001 -26.3515 3.5
    endloop
  endfacet
  facet normal 0 0 1
    outer loop
      vertex -29.7117 -30.0235 3.5
      vertex -30.8853 -31.4536 3.5
      vertex -30.5621 -31.6933 3.5
    endloop
  endfacet
  facet normal 0 0 1
    outer loop
      vertex -30.363 -27.4232 3.5
      vertex -32.0722 -26.7153 3.5
      vertex -30.4374 -27.6311 3.5
    endloop
  endfacet
  facet normal 0 0 1
    outer loop
      vertex -29.8753 -29.8753 3.5
      vertex -31.1834 -31.1834 3.5
      vertex -30.8853 -31.4536 3.5
    endloop
  endfacet
  facet normal -0 0 1
    outer loop
      vertex -32.2077 -27.0941 3.5
      vertex -30.4374 -27.6311 3.5
      vertex -32.0722 -26.7153 3.5
    endloop
  endfacet
  facet normal 0 0 1
    outer loop
      vertex -30.0235 -29.7117 3.5
      vertex -31.4536 -30.8853 3.5
      vertex -31.1834 -31.1834 3.5
    endloop
  endfacet
  facet normal 0 0 1
    outer loop
      vertex -30.4374 -27.6311 3.5
      vertex -32.2077 -27.0941 3.5
      vertex -30.491 -27.8453 3.5
    endloop
  endfacet
  facet normal 0 0 1
    outer loop
      vertex -30.1551 -29.5343 3.5
      vertex -31.6933 -30.5621 3.5
      vertex -31.4536 -30.8853 3.5
    endloop
  endfacet
  facet normal -0 0 1
    outer loop
      vertex -32.3055 -27.4844 3.5
      vertex -30.491 -27.8453 3.5
      vertex -32.2077 -27.0941 3.5
    endloop
  endfacet
  facet normal 0 0 1
    outer loop
      vertex -30.2686 -29.3449 3.5
      vertex -31.9001 -30.217 3.5
      vertex -31.6933 -30.5621 3.5
    endloop
  endfacet
  facet normal 0 0 1
    outer loop
      vertex -30.491 -27.8453 3.5
      vertex -32.3055 -27.4844 3.5
      vertex -30.5234 -28.0637 3.5
    endloop
  endfacet
  facet normal 0 0 1
    outer loop
      vertex -30.363 -29.1453 3.5
      vertex -32.0722 -29.8533 3.5
      vertex -31.9001 -30.217 3.5
    endloop
  endfacet
  facet normal -0 0 1
    outer loop
      vertex -32.3645 -27.8824 3.5
      vertex -30.5234 -28.0637 3.5
      vertex -32.3055 -27.4844 3.5
    endloop
  endfacet
  facet normal 0 0 1
    outer loop
      vertex -30.4374 -28.9374 3.5
      vertex -32.2077 -29.4744 3.5
      vertex -32.0722 -29.8533 3.5
    endloop
  endfacet
  facet normal 0 0 1
    outer loop
      vertex -30.5234 -28.0637 3.5
      vertex -32.3645 -27.8824 3.5
      vertex -30.5343 -28.2843 3.5
    endloop
  endfacet
  facet normal 0 0 1
    outer loop
      vertex -30.491 -28.7232 3.5
      vertex -32.3055 -29.0841 3.5
      vertex -32.2077 -29.4744 3.5
    endloop
  endfacet
  facet normal 0 0 1
    outer loop
      vertex -32.3843 -28.2843 3.5
      vertex -30.5343 -28.2843 3.5
      vertex -32.3645 -27.8824 3.5
    endloop
  endfacet
  facet normal 0 0 1
    outer loop
      vertex -30.5234 -28.5048 3.5
      vertex -32.3645 -28.6861 3.5
      vertex -32.3055 -29.0841 3.5
    endloop
  endfacet
  facet normal 0 0 1
    outer loop
      vertex -30.5343 -28.2843 3.5
      vertex -32.3843 -28.2843 3.5
      vertex -32.3645 -28.6861 3.5
    endloop
  endfacet
  facet normal 0.671583 0.740929 -0
    outer loop
      vertex -30.8853 -31.4536 3.5
      vertex -31.1834 -31.1834 8
      vertex -30.8853 -31.4536 8
    endloop
  endfacet
  facet normal 0.671583 0.740929 0
    outer loop
      vertex -31.1834 -31.1834 8
      vertex -30.8853 -31.4536 3.5
      vertex -31.1834 -31.1834 3.5
    endloop
  endfacet
  facet normal 0.803121 -0.595816 0
    outer loop
      vertex -31.6933 -26.0064 8
      vertex -31.4536 -25.6833 3.5
      vertex -31.4536 -25.6833 8
    endloop
  endfacet
  facet normal 0.803121 -0.595816 0
    outer loop
      vertex -31.4536 -25.6833 3.5
      vertex -31.6933 -26.0064 8
      vertex -31.6933 -26.0064 3.5
    endloop
  endfacet
  facet normal 0.0492185 0.998788 -0
    outer loop
      vertex -28.2843 -32.3843 3.5
      vertex -28.6861 -32.3645 8
      vertex -28.2843 -32.3843 8
    endloop
  endfacet
  facet normal 0.0492185 0.998788 0
    outer loop
      vertex -28.6861 -32.3645 8
      vertex -28.2843 -32.3843 3.5
      vertex -28.6861 -32.3645 3.5
    endloop
  endfacet
  facet normal 0.146639 0.98919 -0
    outer loop
      vertex -28.6861 -32.3645 3.5
      vertex -29.0841 -32.3055 8
      vertex -28.6861 -32.3645 8
    endloop
  endfacet
  facet normal 0.146639 0.98919 0
    outer loop
      vertex -29.0841 -32.3055 8
      vertex -28.6861 -32.3645 3.5
      vertex -29.0841 -32.3055 3.5
    endloop
  endfacet
  facet normal 0.98919 -0.146639 0
    outer loop
      vertex -32.3645 -27.8824 8
      vertex -32.3055 -27.4844 3.5
      vertex -32.3055 -27.4844 8
    endloop
  endfacet
  facet normal 0.98919 -0.146639 0
    outer loop
      vertex -32.3055 -27.4844 3.5
      vertex -32.3645 -27.8824 8
      vertex -32.3645 -27.8824 3.5
    endloop
  endfacet
  facet normal 0.998789 -0.0492063 0
    outer loop
      vertex -32.3843 -28.2843 8
      vertex -32.3645 -27.8824 3.5
      vertex -32.3645 -27.8824 8
    endloop
  endfacet
  facet normal 0.998789 -0.0492063 0
    outer loop
      vertex -32.3645 -27.8824 3.5
      vertex -32.3843 -28.2843 8
      vertex -32.3843 -28.2843 3.5
    endloop
  endfacet
  facet normal 0.33673 0.941601 -0
    outer loop
      vertex -29.4744 -32.2077 3.5
      vertex -29.8533 -32.0722 8
      vertex -29.4744 -32.2077 8
    endloop
  endfacet
  facet normal 0.33673 0.941601 0
    outer loop
      vertex -29.8533 -32.0722 8
      vertex -29.4744 -32.2077 3.5
      vertex -29.8533 -32.0722 3.5
    endloop
  endfacet
  facet normal -0.67146 0.741041 0
    outer loop
      vertex -25.3851 -31.1834 3.5
      vertex -25.6833 -31.4536 8
      vertex -25.3851 -31.1834 8
    endloop
  endfacet
  facet normal -0.67146 0.741041 0
    outer loop
      vertex -25.6833 -31.4536 8
      vertex -25.3851 -31.1834 3.5
      vertex -25.6833 -31.4536 3.5
    endloop
  endfacet
  facet normal -0.989174 -0.146746 0
    outer loop
      vertex 30.5234 -28.0637 0
      vertex 30.491 -27.8453 3.5
      vertex 30.491 -27.8453 0
    endloop
  endfacet
  facet normal -0.989174 -0.146746 0
    outer loop
      vertex 30.491 -27.8453 3.5
      vertex 30.5234 -28.0637 0
      vertex 30.5234 -28.0637 3.5
    endloop
  endfacet
  facet normal -0.998782 -0.0493505 0
    outer loop
      vertex 30.5343 -28.2843 0
      vertex 30.5234 -28.0637 3.5
      vertex 30.5234 -28.0637 0
    endloop
  endfacet
  facet normal -0.998782 -0.0493505 0
    outer loop
      vertex 30.5234 -28.0637 3.5
      vertex 30.5343 -28.2843 0
      vertex 30.5343 -28.2843 3.5
    endloop
  endfacet
  facet normal -0.970089 -0.242749 0
    outer loop
      vertex 30.491 -27.8453 0
      vertex 30.4374 -27.6311 3.5
      vertex 30.4374 -27.6311 0
    endloop
  endfacet
  facet normal -0.970089 -0.242749 0
    outer loop
      vertex 30.4374 -27.6311 3.5
      vertex 30.491 -27.8453 0
      vertex 30.491 -27.8453 3.5
    endloop
  endfacet
  facet normal -0.336939 0.941527 0
    outer loop
      vertex 29.1453 -30.363 0
      vertex 28.9374 -30.4374 3.5
      vertex 29.1453 -30.363 3.5
    endloop
  endfacet
  facet normal -0.336939 0.941527 0
    outer loop
      vertex 28.9374 -30.4374 3.5
      vertex 29.1453 -30.363 0
      vertex 28.9374 -30.4374 0
    endloop
  endfacet
  facet normal -0.671613 -0.740902 0
    outer loop
      vertex 29.7117 -26.545 0
      vertex 29.8753 -26.6933 3.5
      vertex 29.7117 -26.545 3.5
    endloop
  endfacet
  facet normal -0.671613 -0.740902 -0
    outer loop
      vertex 29.8753 -26.6933 3.5
      vertex 29.7117 -26.545 0
      vertex 29.8753 -26.6933 0
    endloop
  endfacet
  facet normal 0.857573 -0.514363 0
    outer loop
      vertex 26.2999 -27.2236 3.5
      vertex 26.4135 -27.0342 0
      vertex 26.4135 -27.0342 3.5
    endloop
  endfacet
  facet normal 0.857573 -0.514363 0
    outer loop
      vertex 26.4135 -27.0342 0
      vertex 26.2999 -27.2236 3.5
      vertex 26.2999 -27.2236 0
    endloop
  endfacet
  facet normal 0.146746 0.989174 -0
    outer loop
      vertex 28.0637 -30.5234 0
      vertex 27.8453 -30.491 3.5
      vertex 28.0637 -30.5234 3.5
    endloop
  endfacet
  facet normal 0.146746 0.989174 0
    outer loop
      vertex 27.8453 -30.491 3.5
      vertex 28.0637 -30.5234 0
      vertex 27.8453 -30.491 0
    endloop
  endfacet
  facet normal -0.941527 -0.336939 0
    outer loop
      vertex 30.4374 -27.6311 0
      vertex 30.363 -27.4232 3.5
      vertex 30.363 -27.4232 0
    endloop
  endfacet
  facet normal -0.941527 -0.336939 0
    outer loop
      vertex 30.363 -27.4232 3.5
      vertex 30.4374 -27.6311 0
      vertex 30.4374 -27.6311 3.5
    endloop
  endfacet
  facet normal 0.0488988 -0.998804 0
    outer loop
      vertex 28.0637 -26.0451 0
      vertex 28.2843 -26.0343 3.5
      vertex 28.0637 -26.0451 3.5
    endloop
  endfacet
  facet normal 0.0488988 -0.998804 0
    outer loop
      vertex 28.2843 -26.0343 3.5
      vertex 28.0637 -26.0451 0
      vertex 28.2843 -26.0343 0
    endloop
  endfacet
  facet normal -0.0493728 0.99878 0
    outer loop
      vertex 28.5048 -30.5234 0
      vertex 28.2843 -30.5343 3.5
      vertex 28.5048 -30.5234 3.5
    endloop
  endfacet
  facet normal -0.0493728 0.99878 0
    outer loop
      vertex 28.2843 -30.5343 3.5
      vertex 28.5048 -30.5234 0
      vertex 28.2843 -30.5343 0
    endloop
  endfacet
  facet normal 0.903996 0.427541 0
    outer loop
      vertex 26.2999 -29.3449 3.5
      vertex 26.2055 -29.1453 0
      vertex 26.2055 -29.1453 3.5
    endloop
  endfacet
  facet normal 0.903996 0.427541 0
    outer loop
      vertex 26.2055 -29.1453 0
      vertex 26.2999 -29.3449 3.5
      vertex 26.2999 -29.3449 0
    endloop
  endfacet
  facet normal 0.596007 0.802979 -0
    outer loop
      vertex 27.0342 -30.1551 0
      vertex 26.8569 -30.0235 3.5
      vertex 27.0342 -30.1551 3.5
    endloop
  endfacet
  facet normal 0.596007 0.802979 0
    outer loop
      vertex 26.8569 -30.0235 3.5
      vertex 27.0342 -30.1551 0
      vertex 26.8569 -30.0235 0
    endloop
  endfacet
  facet normal 0.803196 -0.595715 0
    outer loop
      vertex 26.4135 -27.0342 3.5
      vertex 26.545 -26.8569 0
      vertex 26.545 -26.8569 3.5
    endloop
  endfacet
  facet normal 0.803196 -0.595715 0
    outer loop
      vertex 26.545 -26.8569 0
      vertex 26.4135 -27.0342 3.5
      vertex 26.4135 -27.0342 0
    endloop
  endfacet
  facet normal -0.970089 0.242749 0
    outer loop
      vertex 30.4374 -28.9374 0
      vertex 30.491 -28.7232 3.5
      vertex 30.491 -28.7232 0
    endloop
  endfacet
  facet normal -0.970089 0.242749 0
    outer loop
      vertex 30.491 -28.7232 3.5
      vertex 30.4374 -28.9374 0
      vertex 30.4374 -28.9374 3.5
    endloop
  endfacet
  facet normal -0.857773 -0.514029 0
    outer loop
      vertex 30.2686 -27.2236 0
      vertex 30.1551 -27.0342 3.5
      vertex 30.1551 -27.0342 0
    endloop
  endfacet
  facet normal -0.857773 -0.514029 0
    outer loop
      vertex 30.1551 -27.0342 3.5
      vertex 30.2686 -27.2236 0
      vertex 30.2686 -27.2236 3.5
    endloop
  endfacet
  facet normal 0.998803 0.0489209 0
    outer loop
      vertex 26.0451 -28.5048 3.5
      vertex 26.0343 -28.2843 0
      vertex 26.0343 -28.2843 3.5
    endloop
  endfacet
  facet normal 0.998803 0.0489209 0
    outer loop
      vertex 26.0343 -28.2843 0
      vertex 26.0451 -28.5048 3.5
      vertex 26.0451 -28.5048 0
    endloop
  endfacet
  facet normal -0.903996 -0.427541 0
    outer loop
      vertex 30.363 -27.4232 0
      vertex 30.2686 -27.2236 3.5
      vertex 30.2686 -27.2236 0
    endloop
  endfacet
  facet normal -0.903996 -0.427541 0
    outer loop
      vertex 30.2686 -27.2236 3.5
      vertex 30.363 -27.4232 0
      vertex 30.363 -27.4232 3.5
    endloop
  endfacet
  facet normal -0.941527 0.336939 0
    outer loop
      vertex 30.363 -29.1453 0
      vertex 30.4374 -28.9374 3.5
      vertex 30.4374 -28.9374 0
    endloop
  endfacet
  facet normal -0.941527 0.336939 0
    outer loop
      vertex 30.4374 -28.9374 3.5
      vertex 30.363 -29.1453 0
      vertex 30.363 -29.1453 3.5
    endloop
  endfacet
  facet normal 0.427541 0.903996 -0
    outer loop
      vertex 27.4232 -30.363 0
      vertex 27.2236 -30.2686 3.5
      vertex 27.4232 -30.363 3.5
    endloop
  endfacet
  facet normal 0.427541 0.903996 0
    outer loop
      vertex 27.2236 -30.2686 3.5
      vertex 27.4232 -30.363 0
      vertex 27.2236 -30.2686 0
    endloop
  endfacet
  facet normal 0.969982 0.243175 0
    outer loop
      vertex 26.1312 -28.9374 3.5
      vertex 26.0775 -28.7232 0
      vertex 26.0775 -28.7232 3.5
    endloop
  endfacet
  facet normal 0.969982 0.243175 0
    outer loop
      vertex 26.0775 -28.7232 0
      vertex 26.1312 -28.9374 3.5
      vertex 26.1312 -28.9374 0
    endloop
  endfacet
  facet normal 0.740902 -0.671613 0
    outer loop
      vertex 26.545 -26.8569 3.5
      vertex 26.6933 -26.6933 0
      vertex 26.6933 -26.6933 3.5
    endloop
  endfacet
  facet normal 0.740902 -0.671613 0
    outer loop
      vertex 26.6933 -26.6933 0
      vertex 26.545 -26.8569 3.5
      vertex 26.545 -26.8569 0
    endloop
  endfacet
  facet normal 0.242749 0.970089 -0
    outer loop
      vertex 27.8453 -30.491 0
      vertex 27.6311 -30.4374 3.5
      vertex 27.8453 -30.491 3.5
    endloop
  endfacet
  facet normal 0.242749 0.970089 0
    outer loop
      vertex 27.6311 -30.4374 3.5
      vertex 27.8453 -30.491 0
      vertex 27.6311 -30.4374 0
    endloop
  endfacet
  facet normal 0.514363 -0.857573 0
    outer loop
      vertex 27.0342 -26.4135 0
      vertex 27.2236 -26.2999 3.5
      vertex 27.0342 -26.4135 3.5
    endloop
  endfacet
  facet normal 0.514363 -0.857573 0
    outer loop
      vertex 27.2236 -26.2999 3.5
      vertex 27.0342 -26.4135 0
      vertex 27.2236 -26.2999 0
    endloop
  endfacet
  facet normal -0.802979 -0.596007 0
    outer loop
      vertex 30.1551 -27.0342 0
      vertex 30.0235 -26.8569 3.5
      vertex 30.0235 -26.8569 0
    endloop
  endfacet
  facet normal -0.802979 -0.596007 0
    outer loop
      vertex 30.0235 -26.8569 3.5
      vertex 30.1551 -27.0342 0
      vertex 30.1551 -27.0342 3.5
    endloop
  endfacet
  facet normal 0.146746 -0.989174 0
    outer loop
      vertex 27.8453 -26.0775 0
      vertex 28.0637 -26.0451 3.5
      vertex 27.8453 -26.0775 3.5
    endloop
  endfacet
  facet normal 0.146746 -0.989174 0
    outer loop
      vertex 28.0637 -26.0451 3.5
      vertex 27.8453 -26.0775 0
      vertex 28.0637 -26.0451 0
    endloop
  endfacet
  facet normal -0.427541 0.903996 0
    outer loop
      vertex 29.3449 -30.2686 0
      vertex 29.1453 -30.363 3.5
      vertex 29.3449 -30.2686 3.5
    endloop
  endfacet
  facet normal -0.427541 0.903996 0
    outer loop
      vertex 29.1453 -30.363 3.5
      vertex 29.3449 -30.2686 0
      vertex 29.1453 -30.363 0
    endloop
  endfacet
  facet normal 0.671613 -0.740902 0
    outer loop
      vertex 26.6933 -26.6933 0
      vertex 26.8569 -26.545 3.5
      vertex 26.6933 -26.6933 3.5
    endloop
  endfacet
  facet normal 0.671613 -0.740902 0
    outer loop
      vertex 26.8569 -26.545 3.5
      vertex 26.6933 -26.6933 0
      vertex 26.8569 -26.545 0
    endloop
  endfacet
  facet normal -0.857773 0.514029 0
    outer loop
      vertex 30.1551 -29.5343 0
      vertex 30.2686 -29.3449 3.5
      vertex 30.2686 -29.3449 0
    endloop
  endfacet
  facet normal -0.857773 0.514029 0
    outer loop
      vertex 30.2686 -29.3449 3.5
      vertex 30.1551 -29.5343 0
      vertex 30.1551 -29.5343 3.5
    endloop
  endfacet
  facet normal 0.595715 -0.803196 0
    outer loop
      vertex 26.8569 -26.545 0
      vertex 27.0342 -26.4135 3.5
      vertex 26.8569 -26.545 3.5
    endloop
  endfacet
  facet normal 0.595715 -0.803196 0
    outer loop
      vertex 27.0342 -26.4135 3.5
      vertex 26.8569 -26.545 0
      vertex 27.0342 -26.4135 0
    endloop
  endfacet
  facet normal -0.336537 -0.94167 0
    outer loop
      vertex 28.9374 -26.1312 0
      vertex 29.1453 -26.2055 3.5
      vertex 28.9374 -26.1312 3.5
    endloop
  endfacet
  facet normal -0.336537 -0.94167 -0
    outer loop
      vertex 29.1453 -26.2055 3.5
      vertex 28.9374 -26.1312 0
      vertex 29.1453 -26.2055 0
    endloop
  endfacet
  facet normal -0.99878 0.0493728 0
    outer loop
      vertex 30.5234 -28.5048 0
      vertex 30.5343 -28.2843 3.5
      vertex 30.5343 -28.2843 0
    endloop
  endfacet
  facet normal -0.99878 0.0493728 0
    outer loop
      vertex 30.5343 -28.2843 3.5
      vertex 30.5234 -28.5048 0
      vertex 30.5234 -28.5048 3.5
    endloop
  endfacet
  facet normal 0.94167 0.336537 0
    outer loop
      vertex 26.2055 -29.1453 3.5
      vertex 26.1312 -28.9374 0
      vertex 26.1312 -28.9374 3.5
    endloop
  endfacet
  facet normal 0.94167 0.336537 0
    outer loop
      vertex 26.1312 -28.9374 0
      vertex 26.2055 -29.1453 3.5
      vertex 26.2055 -29.1453 0
    endloop
  endfacet
  facet normal -0.514363 -0.857573 0
    outer loop
      vertex 29.3449 -26.2999 0
      vertex 29.5343 -26.4135 3.5
      vertex 29.3449 -26.2999 3.5
    endloop
  endfacet
  facet normal -0.514363 -0.857573 -0
    outer loop
      vertex 29.5343 -26.4135 3.5
      vertex 29.3449 -26.2999 0
      vertex 29.5343 -26.4135 0
    endloop
  endfacet
  facet normal -0.595498 -0.803357 0
    outer loop
      vertex 29.5343 -26.4135 0
      vertex 29.7117 -26.545 3.5
      vertex 29.5343 -26.4135 3.5
    endloop
  endfacet
  facet normal -0.595498 -0.803357 -0
    outer loop
      vertex 29.7117 -26.545 3.5
      vertex 29.5343 -26.4135 0
      vertex 29.7117 -26.545 0
    endloop
  endfacet
  facet normal -0.146746 0.989174 0
    outer loop
      vertex 28.7232 -30.491 0
      vertex 28.5048 -30.5234 3.5
      vertex 28.7232 -30.491 3.5
    endloop
  endfacet
  facet normal -0.146746 0.989174 0
    outer loop
      vertex 28.5048 -30.5234 3.5
      vertex 28.7232 -30.491 0
      vertex 28.5048 -30.5234 0
    endloop
  endfacet
  facet normal -0.741128 0.671364 0
    outer loop
      vertex 29.8753 -29.8753 0
      vertex 30.0235 -29.7117 3.5
      vertex 30.0235 -29.7117 0
    endloop
  endfacet
  facet normal -0.741128 0.671364 0
    outer loop
      vertex 30.0235 -29.7117 3.5
      vertex 29.8753 -29.8753 0
      vertex 29.8753 -29.8753 3.5
    endloop
  endfacet
  facet normal -0.80314 0.59579 0
    outer loop
      vertex 30.0235 -29.7117 0
      vertex 30.1551 -29.5343 3.5
      vertex 30.1551 -29.5343 0
    endloop
  endfacet
  facet normal -0.80314 0.59579 0
    outer loop
      vertex 30.1551 -29.5343 3.5
      vertex 30.0235 -29.7117 0
      vertex 30.0235 -29.7117 3.5
    endloop
  endfacet
  facet normal -0.242749 0.970089 0
    outer loop
      vertex 28.9374 -30.4374 0
      vertex 28.7232 -30.491 3.5
      vertex 28.9374 -30.4374 3.5
    endloop
  endfacet
  facet normal -0.242749 0.970089 0
    outer loop
      vertex 28.7232 -30.491 3.5
      vertex 28.9374 -30.4374 0
      vertex 28.7232 -30.491 0
    endloop
  endfacet
  facet normal -0.903996 0.427541 0
    outer loop
      vertex 30.2686 -29.3449 0
      vertex 30.363 -29.1453 3.5
      vertex 30.363 -29.1453 0
    endloop
  endfacet
  facet normal -0.903996 0.427541 0
    outer loop
      vertex 30.363 -29.1453 3.5
      vertex 30.2686 -29.3449 0
      vertex 30.2686 -29.3449 3.5
    endloop
  endfacet
  facet normal 0.243175 -0.969982 0
    outer loop
      vertex 27.6311 -26.1312 0
      vertex 27.8453 -26.0775 3.5
      vertex 27.6311 -26.1312 3.5
    endloop
  endfacet
  facet normal 0.243175 -0.969982 0
    outer loop
      vertex 27.8453 -26.0775 3.5
      vertex 27.6311 -26.1312 0
      vertex 27.8453 -26.0775 0
    endloop
  endfacet
  facet normal 0.94167 -0.336537 0
    outer loop
      vertex 26.1312 -27.6311 3.5
      vertex 26.2055 -27.4232 0
      vertex 26.2055 -27.4232 3.5
    endloop
  endfacet
  facet normal 0.94167 -0.336537 0
    outer loop
      vertex 26.2055 -27.4232 0
      vertex 26.1312 -27.6311 3.5
      vertex 26.1312 -27.6311 0
    endloop
  endfacet
  facet normal 0.427541 -0.903996 0
    outer loop
      vertex 27.2236 -26.2999 0
      vertex 27.4232 -26.2055 3.5
      vertex 27.2236 -26.2999 3.5
    endloop
  endfacet
  facet normal 0.427541 -0.903996 0
    outer loop
      vertex 27.4232 -26.2055 3.5
      vertex 27.2236 -26.2999 0
      vertex 27.4232 -26.2055 0
    endloop
  endfacet
  facet normal 0.989174 -0.146746 0
    outer loop
      vertex 26.0451 -28.0637 3.5
      vertex 26.0775 -27.8453 0
      vertex 26.0775 -27.8453 3.5
    endloop
  endfacet
  facet normal 0.989174 -0.146746 0
    outer loop
      vertex 26.0775 -27.8453 0
      vertex 26.0451 -28.0637 3.5
      vertex 26.0451 -28.0637 0
    endloop
  endfacet
  facet normal 0.969982 -0.243175 0
    outer loop
      vertex 26.0775 -27.8453 3.5
      vertex 26.1312 -27.6311 0
      vertex 26.1312 -27.6311 3.5
    endloop
  endfacet
  facet normal 0.969982 -0.243175 0
    outer loop
      vertex 26.1312 -27.6311 0
      vertex 26.0775 -27.8453 3.5
      vertex 26.0775 -27.8453 0
    endloop
  endfacet
  facet normal -0.427541 -0.903996 0
    outer loop
      vertex 29.1453 -26.2055 0
      vertex 29.3449 -26.2999 3.5
      vertex 29.1453 -26.2055 3.5
    endloop
  endfacet
  facet normal -0.427541 -0.903996 -0
    outer loop
      vertex 29.3449 -26.2999 3.5
      vertex 29.1453 -26.2055 0
      vertex 29.3449 -26.2999 0
    endloop
  endfacet
  facet normal -0.989174 0.146746 0
    outer loop
      vertex 30.491 -28.7232 0
      vertex 30.5234 -28.5048 3.5
      vertex 30.5234 -28.5048 0
    endloop
  endfacet
  facet normal -0.989174 0.146746 0
    outer loop
      vertex 30.5234 -28.5048 3.5
      vertex 30.491 -28.7232 0
      vertex 30.491 -28.7232 3.5
    endloop
  endfacet
  facet normal -0.146746 -0.989174 0
    outer loop
      vertex 28.5048 -26.0451 0
      vertex 28.7232 -26.0775 3.5
      vertex 28.5048 -26.0451 3.5
    endloop
  endfacet
  facet normal -0.146746 -0.989174 -0
    outer loop
      vertex 28.7232 -26.0775 3.5
      vertex 28.5048 -26.0451 0
      vertex 28.7232 -26.0775 0
    endloop
  endfacet
  facet normal -0.0489209 -0.998803 0
    outer loop
      vertex 28.2843 -26.0343 0
      vertex 28.5048 -26.0451 3.5
      vertex 28.2843 -26.0343 3.5
    endloop
  endfacet
  facet normal -0.0489209 -0.998803 -0
    outer loop
      vertex 28.5048 -26.0451 3.5
      vertex 28.2843 -26.0343 0
      vertex 28.5048 -26.0451 0
    endloop
  endfacet
  facet normal 0.740902 0.671613 0
    outer loop
      vertex 26.6933 -29.8753 3.5
      vertex 26.545 -29.7117 0
      vertex 26.545 -29.7117 3.5
    endloop
  endfacet
  facet normal 0.740902 0.671613 0
    outer loop
      vertex 26.545 -29.7117 0
      vertex 26.6933 -29.8753 3.5
      vertex 26.6933 -29.8753 0
    endloop
  endfacet
  facet normal 0.857573 0.514363 0
    outer loop
      vertex 26.4135 -29.5343 3.5
      vertex 26.2999 -29.3449 0
      vertex 26.2999 -29.3449 3.5
    endloop
  endfacet
  facet normal 0.857573 0.514363 0
    outer loop
      vertex 26.2999 -29.3449 0
      vertex 26.4135 -29.5343 3.5
      vertex 26.4135 -29.5343 0
    endloop
  endfacet
  facet normal 0.336537 -0.94167 0
    outer loop
      vertex 27.4232 -26.2055 0
      vertex 27.6311 -26.1312 3.5
      vertex 27.4232 -26.2055 3.5
    endloop
  endfacet
  facet normal 0.336537 -0.94167 0
    outer loop
      vertex 27.6311 -26.1312 3.5
      vertex 27.4232 -26.2055 0
      vertex 27.6311 -26.1312 0
    endloop
  endfacet
  facet normal 0.514029 0.857773 -0
    outer loop
      vertex 27.2236 -30.2686 0
      vertex 27.0342 -30.1551 3.5
      vertex 27.2236 -30.2686 3.5
    endloop
  endfacet
  facet normal 0.514029 0.857773 0
    outer loop
      vertex 27.0342 -30.1551 3.5
      vertex 27.2236 -30.2686 0
      vertex 27.0342 -30.1551 0
    endloop
  endfacet
  facet normal -0.59579 0.80314 0
    outer loop
      vertex 29.7117 -30.0235 0
      vertex 29.5343 -30.1551 3.5
      vertex 29.7117 -30.0235 3.5
    endloop
  endfacet
  facet normal -0.59579 0.80314 0
    outer loop
      vertex 29.5343 -30.1551 3.5
      vertex 29.7117 -30.0235 0
      vertex 29.5343 -30.1551 0
    endloop
  endfacet
  facet normal 0.903996 -0.427541 0
    outer loop
      vertex 26.2055 -27.4232 3.5
      vertex 26.2999 -27.2236 0
      vertex 26.2999 -27.2236 3.5
    endloop
  endfacet
  facet normal 0.903996 -0.427541 0
    outer loop
      vertex 26.2999 -27.2236 0
      vertex 26.2055 -27.4232 3.5
      vertex 26.2055 -27.4232 0
    endloop
  endfacet
  facet normal 0.336939 0.941527 -0
    outer loop
      vertex 27.6311 -30.4374 0
      vertex 27.4232 -30.363 3.5
      vertex 27.6311 -30.4374 3.5
    endloop
  endfacet
  facet normal 0.336939 0.941527 0
    outer loop
      vertex 27.4232 -30.363 3.5
      vertex 27.6311 -30.4374 0
      vertex 27.4232 -30.363 0
    endloop
  endfacet
  facet normal 0.803357 0.595498 0
    outer loop
      vertex 26.545 -29.7117 3.5
      vertex 26.4135 -29.5343 0
      vertex 26.4135 -29.5343 3.5
    endloop
  endfacet
  facet normal 0.803357 0.595498 0
    outer loop
      vertex 26.4135 -29.5343 0
      vertex 26.545 -29.7117 3.5
      vertex 26.545 -29.7117 0
    endloop
  endfacet
  facet normal 0.989174 0.146746 0
    outer loop
      vertex 26.0775 -28.7232 3.5
      vertex 26.0451 -28.5048 0
      vertex 26.0451 -28.5048 3.5
    endloop
  endfacet
  facet normal 0.989174 0.146746 0
    outer loop
      vertex 26.0451 -28.5048 0
      vertex 26.0775 -28.7232 3.5
      vertex 26.0775 -28.7232 0
    endloop
  endfacet
  facet normal -0.741128 -0.671364 0
    outer loop
      vertex 30.0235 -26.8569 0
      vertex 29.8753 -26.6933 3.5
      vertex 29.8753 -26.6933 0
    endloop
  endfacet
  facet normal -0.741128 -0.671364 0
    outer loop
      vertex 29.8753 -26.6933 3.5
      vertex 30.0235 -26.8569 0
      vertex 30.0235 -26.8569 3.5
    endloop
  endfacet
  facet normal -0.243175 -0.969982 0
    outer loop
      vertex 28.7232 -26.0775 0
      vertex 28.9374 -26.1312 3.5
      vertex 28.7232 -26.0775 3.5
    endloop
  endfacet
  facet normal -0.243175 -0.969982 -0
    outer loop
      vertex 28.9374 -26.1312 3.5
      vertex 28.7232 -26.0775 0
      vertex 28.9374 -26.1312 0
    endloop
  endfacet
  facet normal -0.514029 0.857773 0
    outer loop
      vertex 29.5343 -30.1551 0
      vertex 29.3449 -30.2686 3.5
      vertex 29.5343 -30.1551 3.5
    endloop
  endfacet
  facet normal -0.514029 0.857773 0
    outer loop
      vertex 29.3449 -30.2686 3.5
      vertex 29.5343 -30.1551 0
      vertex 29.3449 -30.2686 0
    endloop
  endfacet
  facet normal 0.671364 0.741128 -0
    outer loop
      vertex 26.8569 -30.0235 0
      vertex 26.6933 -29.8753 3.5
      vertex 26.8569 -30.0235 3.5
    endloop
  endfacet
  facet normal 0.671364 0.741128 0
    outer loop
      vertex 26.6933 -29.8753 3.5
      vertex 26.8569 -30.0235 0
      vertex 26.6933 -29.8753 0
    endloop
  endfacet
  facet normal 0.0493505 0.998782 -0
    outer loop
      vertex 28.2843 -30.5343 0
      vertex 28.0637 -30.5234 3.5
      vertex 28.2843 -30.5343 3.5
    endloop
  endfacet
  facet normal 0.0493505 0.998782 0
    outer loop
      vertex 28.0637 -30.5234 3.5
      vertex 28.2843 -30.5343 0
      vertex 28.0637 -30.5234 0
    endloop
  endfacet
  facet normal 0.998804 -0.0488988 0
    outer loop
      vertex 26.0343 -28.2843 3.5
      vertex 26.0451 -28.0637 0
      vertex 26.0451 -28.0637 3.5
    endloop
  endfacet
  facet normal 0.998804 -0.0488988 0
    outer loop
      vertex 26.0451 -28.0637 0
      vertex 26.0343 -28.2843 3.5
      vertex 26.0343 -28.2843 0
    endloop
  endfacet
  facet normal -0.671364 0.741128 0
    outer loop
      vertex 29.8753 -29.8753 0
      vertex 29.7117 -30.0235 3.5
      vertex 29.8753 -29.8753 3.5
    endloop
  endfacet
  facet normal -0.671364 0.741128 0
    outer loop
      vertex 29.7117 -30.0235 3.5
      vertex 29.8753 -29.8753 0
      vertex 29.7117 -30.0235 0
    endloop
  endfacet
  facet normal -0.741041 -0.67146 0
    outer loop
      vertex 31.4536 -25.6833 3.5
      vertex 31.1834 -25.3851 8
      vertex 31.1834 -25.3851 3.5
    endloop
  endfacet
  facet normal -0.741041 -0.67146 0
    outer loop
      vertex 31.1834 -25.3851 8
      vertex 31.4536 -25.6833 3.5
      vertex 31.4536 -25.6833 8
    endloop
  endfacet
  facet normal -0.98919 -0.146639 0
    outer loop
      vertex 32.3645 -27.8824 3.5
      vertex 32.3055 -27.4844 8
      vertex 32.3055 -27.4844 3.5
    endloop
  endfacet
  facet normal -0.98919 -0.146639 0
    outer loop
      vertex 32.3055 -27.4844 8
      vertex 32.3645 -27.8824 3.5
      vertex 32.3645 -27.8824 8
    endloop
  endfacet
  facet normal -0.998789 -0.0492063 0
    outer loop
      vertex 32.3843 -28.2843 3.5
      vertex 32.3645 -27.8824 8
      vertex 32.3645 -27.8824 3.5
    endloop
  endfacet
  facet normal -0.998789 -0.0492063 0
    outer loop
      vertex 32.3645 -27.8824 8
      vertex 32.3843 -28.2843 3.5
      vertex 32.3843 -28.2843 8
    endloop
  endfacet
  facet normal -0.970011 -0.243062 0
    outer loop
      vertex 32.3055 -27.4844 3.5
      vertex 32.2077 -27.0941 8
      vertex 32.2077 -27.0941 3.5
    endloop
  endfacet
  facet normal -0.970011 -0.243062 0
    outer loop
      vertex 32.2077 -27.0941 8
      vertex 32.3055 -27.4844 3.5
      vertex 32.3055 -27.4844 8
    endloop
  endfacet
  facet normal -0.33673 0.941601 0
    outer loop
      vertex 29.8533 -32.0722 3.5
      vertex 29.4744 -32.2077 8
      vertex 29.8533 -32.0722 8
    endloop
  endfacet
  facet normal -0.33673 0.941601 0
    outer loop
      vertex 29.4744 -32.2077 8
      vertex 29.8533 -32.0722 3.5
      vertex 29.4744 -32.2077 3.5
    endloop
  endfacet
  facet normal -0.857778 -0.51402 0
    outer loop
      vertex 31.9001 -26.3515 3.5
      vertex 31.6933 -26.0064 8
      vertex 31.6933 -26.0064 3.5
    endloop
  endfacet
  facet normal -0.857778 -0.51402 0
    outer loop
      vertex 31.6933 -26.0064 8
      vertex 31.9001 -26.3515 3.5
      vertex 31.9001 -26.3515 8
    endloop
  endfacet
  facet normal -0.941573 -0.336809 0
    outer loop
      vertex 32.2077 -27.0941 3.5
      vertex 32.0722 -26.7153 8
      vertex 32.0722 -26.7153 3.5
    endloop
  endfacet
  facet normal -0.941573 -0.336809 0
    outer loop
      vertex 32.0722 -26.7153 8
      vertex 32.2077 -27.0941 3.5
      vertex 32.2077 -27.0941 8
    endloop
  endfacet
  facet normal -0.242828 -0.970069 0
    outer loop
      vertex 29.0841 -24.2631 3.5
      vertex 29.4744 -24.3608 8
      vertex 29.0841 -24.2631 8
    endloop
  endfacet
  facet normal -0.242828 -0.970069 -0
    outer loop
      vertex 29.4744 -24.3608 8
      vertex 29.0841 -24.2631 3.5
      vertex 29.4744 -24.3608 3.5
    endloop
  endfacet
  facet normal 0.741041 -0.67146 0
    outer loop
      vertex 25.1149 -25.6833 8
      vertex 25.3851 -25.3851 3.5
      vertex 25.3851 -25.3851 8
    endloop
  endfacet
  facet normal 0.741041 -0.67146 0
    outer loop
      vertex 25.3851 -25.3851 3.5
      vertex 25.1149 -25.6833 8
      vertex 25.1149 -25.6833 3.5
    endloop
  endfacet
  facet normal -0.0492185 0.998788 0
    outer loop
      vertex 28.6861 -32.3645 3.5
      vertex 28.2843 -32.3843 8
      vertex 28.6861 -32.3645 8
    endloop
  endfacet
  facet normal -0.0492185 0.998788 0
    outer loop
      vertex 28.2843 -32.3843 8
      vertex 28.6861 -32.3645 3.5
      vertex 28.2843 -32.3843 3.5
    endloop
  endfacet
  facet normal -0.42752 -0.904006 0
    outer loop
      vertex 29.8533 -24.4964 3.5
      vertex 30.217 -24.6684 8
      vertex 29.8533 -24.4964 8
    endloop
  endfacet
  facet normal -0.42752 -0.904006 -0
    outer loop
      vertex 30.217 -24.6684 8
      vertex 29.8533 -24.4964 3.5
      vertex 30.217 -24.6684 3.5
    endloop
  endfacet
  facet normal -0.671583 -0.740929 0
    outer loop
      vertex 30.8853 -25.1149 3.5
      vertex 31.1834 -25.3851 8
      vertex 30.8853 -25.1149 8
    endloop
  endfacet
  facet normal -0.671583 -0.740929 -0
    outer loop
      vertex 31.1834 -25.3851 8
      vertex 30.8853 -25.1149 3.5
      vertex 31.1834 -25.3851 3.5
    endloop
  endfacet
  facet normal 0.595816 0.803121 -0
    outer loop
      vertex 26.0064 -31.6933 3.5
      vertex 25.6833 -31.4536 8
      vertex 26.0064 -31.6933 8
    endloop
  endfacet
  facet normal 0.595816 0.803121 0
    outer loop
      vertex 25.6833 -31.4536 8
      vertex 26.0064 -31.6933 3.5
      vertex 25.6833 -31.4536 3.5
    endloop
  endfacet
  facet normal -0.0489705 -0.9988 0
    outer loop
      vertex 28.2843 -24.1843 3.5
      vertex 28.6861 -24.204 8
      vertex 28.2843 -24.1843 8
    endloop
  endfacet
  facet normal -0.0489705 -0.9988 -0
    outer loop
      vertex 28.6861 -24.204 8
      vertex 28.2843 -24.1843 3.5
      vertex 28.6861 -24.204 3.5
    endloop
  endfacet
  facet normal -0.243062 0.970011 0
    outer loop
      vertex 29.4744 -32.2077 3.5
      vertex 29.0841 -32.3055 8
      vertex 29.4744 -32.2077 8
    endloop
  endfacet
  facet normal -0.243062 0.970011 0
    outer loop
      vertex 29.0841 -32.3055 8
      vertex 29.4744 -32.2077 3.5
      vertex 29.0841 -32.3055 3.5
    endloop
  endfacet
  facet normal -0.98919 0.146639 0
    outer loop
      vertex 32.3055 -29.0841 3.5
      vertex 32.3645 -28.6861 8
      vertex 32.3645 -28.6861 3.5
    endloop
  endfacet
  facet normal -0.98919 0.146639 0
    outer loop
      vertex 32.3645 -28.6861 8
      vertex 32.3055 -29.0841 3.5
      vertex 32.3055 -29.0841 8
    endloop
  endfacet
  facet normal 0.243062 0.970011 -0
    outer loop
      vertex 27.4844 -32.3055 3.5
      vertex 27.0941 -32.2077 8
      vertex 27.4844 -32.3055 8
    endloop
  endfacet
  facet normal 0.243062 0.970011 0
    outer loop
      vertex 27.0941 -32.2077 8
      vertex 27.4844 -32.3055 3.5
      vertex 27.0941 -32.2077 3.5
    endloop
  endfacet
  facet normal 0.595816 -0.803121 0
    outer loop
      vertex 25.6833 -25.1149 3.5
      vertex 26.0064 -24.8752 8
      vertex 25.6833 -25.1149 8
    endloop
  endfacet
  facet normal 0.595816 -0.803121 0
    outer loop
      vertex 26.0064 -24.8752 8
      vertex 25.6833 -25.1149 3.5
      vertex 26.0064 -24.8752 3.5
    endloop
  endfacet
  facet normal 0.9988 0.0489705 0
    outer loop
      vertex 24.204 -28.6861 8
      vertex 24.1843 -28.2843 3.5
      vertex 24.1843 -28.2843 8
    endloop
  endfacet
  facet normal 0.9988 0.0489705 0
    outer loop
      vertex 24.1843 -28.2843 3.5
      vertex 24.204 -28.6861 8
      vertex 24.204 -28.6861 3.5
    endloop
  endfacet
  facet normal 0.970069 0.242828 0
    outer loop
      vertex 24.3608 -29.4744 8
      vertex 24.2631 -29.0841 3.5
      vertex 24.2631 -29.0841 8
    endloop
  endfacet
  facet normal 0.970069 0.242828 0
    outer loop
      vertex 24.2631 -29.0841 3.5
      vertex 24.3608 -29.4744 8
      vertex 24.3608 -29.4744 3.5
    endloop
  endfacet
  facet normal -0.970011 0.243062 0
    outer loop
      vertex 32.2077 -29.4744 3.5
      vertex 32.3055 -29.0841 8
      vertex 32.3055 -29.0841 3.5
    endloop
  endfacet
  facet normal -0.970011 0.243062 0
    outer loop
      vertex 32.3055 -29.0841 8
      vertex 32.2077 -29.4744 3.5
      vertex 32.2077 -29.4744 8
    endloop
  endfacet
  facet normal 0.51402 -0.857778 0
    outer loop
      vertex 26.0064 -24.8752 3.5
      vertex 26.3515 -24.6684 8
      vertex 26.0064 -24.8752 8
    endloop
  endfacet
  facet normal 0.51402 -0.857778 0
    outer loop
      vertex 26.3515 -24.6684 8
      vertex 26.0064 -24.8752 3.5
      vertex 26.3515 -24.6684 3.5
    endloop
  endfacet
  facet normal -0.595697 -0.803209 0
    outer loop
      vertex 30.5621 -24.8752 3.5
      vertex 30.8853 -25.1149 8
      vertex 30.5621 -24.8752 8
    endloop
  endfacet
  facet normal -0.595697 -0.803209 -0
    outer loop
      vertex 30.8853 -25.1149 8
      vertex 30.5621 -24.8752 3.5
      vertex 30.8853 -25.1149 3.5
    endloop
  endfacet
  facet normal 0.904006 0.42752 0
    outer loop
      vertex 24.6684 -30.217 8
      vertex 24.4964 -29.8533 3.5
      vertex 24.4964 -29.8533 8
    endloop
  endfacet
  facet normal 0.904006 0.42752 0
    outer loop
      vertex 24.4964 -29.8533 3.5
      vertex 24.6684 -30.217 8
      vertex 24.6684 -30.217 3.5
    endloop
  endfacet
  facet normal -0.941601 0.33673 0
    outer loop
      vertex 32.0722 -29.8533 3.5
      vertex 32.2077 -29.4744 8
      vertex 32.2077 -29.4744 3.5
    endloop
  endfacet
  facet normal -0.941601 0.33673 0
    outer loop
      vertex 32.2077 -29.4744 8
      vertex 32.0722 -29.8533 3.5
      vertex 32.0722 -29.8533 8
    endloop
  endfacet
  facet normal -0.146882 -0.989154 0
    outer loop
      vertex 28.6861 -24.204 3.5
      vertex 29.0841 -24.2631 8
      vertex 28.6861 -24.204 8
    endloop
  endfacet
  facet normal -0.146882 -0.989154 -0
    outer loop
      vertex 29.0841 -24.2631 8
      vertex 28.6861 -24.204 3.5
      vertex 29.0841 -24.2631 3.5
    endloop
  endfacet
  facet normal 0.427424 -0.904051 0
    outer loop
      vertex 26.3515 -24.6684 3.5
      vertex 26.7153 -24.4964 8
      vertex 26.3515 -24.6684 8
    endloop
  endfacet
  facet normal 0.427424 -0.904051 0
    outer loop
      vertex 26.7153 -24.4964 8
      vertex 26.3515 -24.6684 3.5
      vertex 26.7153 -24.4964 3.5
    endloop
  endfacet
  facet normal -0.51402 -0.857778 0
    outer loop
      vertex 30.217 -24.6684 3.5
      vertex 30.5621 -24.8752 8
      vertex 30.217 -24.6684 8
    endloop
  endfacet
  facet normal -0.51402 -0.857778 -0
    outer loop
      vertex 30.5621 -24.8752 8
      vertex 30.217 -24.6684 3.5
      vertex 30.5621 -24.8752 3.5
    endloop
  endfacet
  facet normal -0.427723 0.90391 0
    outer loop
      vertex 30.217 -31.9001 3.5
      vertex 29.8533 -32.0722 8
      vertex 30.217 -31.9001 8
    endloop
  endfacet
  facet normal -0.427723 0.90391 0
    outer loop
      vertex 29.8533 -32.0722 8
      vertex 30.217 -31.9001 3.5
      vertex 29.8533 -32.0722 3.5
    endloop
  endfacet
  facet normal 0.941522 0.33695 0
    outer loop
      vertex 24.4964 -29.8533 8
      vertex 24.3608 -29.4744 3.5
      vertex 24.3608 -29.4744 8
    endloop
  endfacet
  facet normal 0.941522 0.33695 0
    outer loop
      vertex 24.3608 -29.4744 3.5
      vertex 24.4964 -29.8533 8
      vertex 24.4964 -29.8533 3.5
    endloop
  endfacet
  facet normal -0.857778 0.51402 0
    outer loop
      vertex 31.6933 -30.5621 3.5
      vertex 31.9001 -30.217 8
      vertex 31.9001 -30.217 3.5
    endloop
  endfacet
  facet normal -0.857778 0.51402 0
    outer loop
      vertex 31.9001 -30.217 8
      vertex 31.6933 -30.5621 3.5
      vertex 31.6933 -30.5621 8
    endloop
  endfacet
  facet normal -0.90391 0.427723 0
    outer loop
      vertex 31.9001 -30.217 3.5
      vertex 32.0722 -29.8533 8
      vertex 32.0722 -29.8533 3.5
    endloop
  endfacet
  facet normal -0.90391 0.427723 0
    outer loop
      vertex 32.0722 -29.8533 8
      vertex 31.9001 -30.217 3.5
      vertex 31.9001 -30.217 8
    endloop
  endfacet
  facet normal -0.998788 0.0492185 0
    outer loop
      vertex 32.3645 -28.6861 3.5
      vertex 32.3843 -28.2843 8
      vertex 32.3843 -28.2843 3.5
    endloop
  endfacet
  facet normal -0.998788 0.0492185 0
    outer loop
      vertex 32.3843 -28.2843 8
      vertex 32.3645 -28.6861 3.5
      vertex 32.3645 -28.6861 8
    endloop
  endfacet
  facet normal 0.146882 -0.989154 0
    outer loop
      vertex 27.4844 -24.2631 3.5
      vertex 27.8824 -24.204 8
      vertex 27.4844 -24.2631 8
    endloop
  endfacet
  facet normal 0.146882 -0.989154 0
    outer loop
      vertex 27.8824 -24.204 8
      vertex 27.4844 -24.2631 3.5
      vertex 27.8824 -24.204 3.5
    endloop
  endfacet
  facet normal -0.146639 0.98919 0
    outer loop
      vertex 29.0841 -32.3055 3.5
      vertex 28.6861 -32.3645 8
      vertex 29.0841 -32.3055 8
    endloop
  endfacet
  facet normal -0.146639 0.98919 0
    outer loop
      vertex 28.6861 -32.3645 8
      vertex 29.0841 -32.3055 3.5
      vertex 28.6861 -32.3645 3.5
    endloop
  endfacet
  facet normal -0.740929 0.671583 0
    outer loop
      vertex 31.1834 -31.1834 3.5
      vertex 31.4536 -30.8853 8
      vertex 31.4536 -30.8853 3.5
    endloop
  endfacet
  facet normal -0.740929 0.671583 0
    outer loop
      vertex 31.4536 -30.8853 8
      vertex 31.1834 -31.1834 3.5
      vertex 31.1834 -31.1834 8
    endloop
  endfacet
  facet normal -0.803209 0.595697 0
    outer loop
      vertex 31.4536 -30.8853 3.5
      vertex 31.6933 -30.5621 8
      vertex 31.6933 -30.5621 3.5
    endloop
  endfacet
  facet normal -0.803209 0.595697 0
    outer loop
      vertex 31.6933 -30.5621 8
      vertex 31.4536 -30.8853 3.5
      vertex 31.4536 -30.8853 8
    endloop
  endfacet
  facet normal 0.242828 -0.970069 0
    outer loop
      vertex 27.0941 -24.3608 3.5
      vertex 27.4844 -24.2631 8
      vertex 27.0941 -24.3608 8
    endloop
  endfacet
  facet normal 0.242828 -0.970069 0
    outer loop
      vertex 27.4844 -24.2631 8
      vertex 27.0941 -24.3608 3.5
      vertex 27.4844 -24.2631 3.5
    endloop
  endfacet
  facet normal -0.803121 -0.595816 0
    outer loop
      vertex 31.6933 -26.0064 3.5
      vertex 31.4536 -25.6833 8
      vertex 31.4536 -25.6833 3.5
    endloop
  endfacet
  facet normal -0.803121 -0.595816 0
    outer loop
      vertex 31.4536 -25.6833 8
      vertex 31.6933 -26.0064 3.5
      vertex 31.6933 -26.0064 8
    endloop
  endfacet
  facet normal -0.903955 -0.427627 0
    outer loop
      vertex 32.0722 -26.7153 3.5
      vertex 31.9001 -26.3515 8
      vertex 31.9001 -26.3515 3.5
    endloop
  endfacet
  facet normal -0.903955 -0.427627 0
    outer loop
      vertex 31.9001 -26.3515 8
      vertex 32.0722 -26.7153 3.5
      vertex 32.0722 -26.7153 8
    endloop
  endfacet
  facet normal 0.857778 -0.51402 0
    outer loop
      vertex 24.6684 -26.3515 8
      vertex 24.8752 -26.0064 3.5
      vertex 24.8752 -26.0064 8
    endloop
  endfacet
  facet normal 0.857778 -0.51402 0
    outer loop
      vertex 24.8752 -26.0064 3.5
      vertex 24.6684 -26.3515 8
      vertex 24.6684 -26.3515 3.5
    endloop
  endfacet
  facet normal 0.67146 -0.741041 0
    outer loop
      vertex 25.3851 -25.3851 3.5
      vertex 25.6833 -25.1149 8
      vertex 25.3851 -25.3851 8
    endloop
  endfacet
  facet normal 0.67146 -0.741041 0
    outer loop
      vertex 25.6833 -25.1149 8
      vertex 25.3851 -25.3851 3.5
      vertex 25.6833 -25.1149 3.5
    endloop
  endfacet
  facet normal 0.857778 0.51402 0
    outer loop
      vertex 24.8752 -30.5621 8
      vertex 24.6684 -30.217 3.5
      vertex 24.6684 -30.217 8
    endloop
  endfacet
  facet normal 0.857778 0.51402 0
    outer loop
      vertex 24.6684 -30.217 3.5
      vertex 24.8752 -30.5621 8
      vertex 24.8752 -30.5621 3.5
    endloop
  endfacet
  facet normal 0.427627 0.903955 -0
    outer loop
      vertex 26.7153 -32.0722 3.5
      vertex 26.3515 -31.9001 8
      vertex 26.7153 -32.0722 8
    endloop
  endfacet
  facet normal 0.427627 0.903955 0
    outer loop
      vertex 26.3515 -31.9001 8
      vertex 26.7153 -32.0722 3.5
      vertex 26.3515 -31.9001 3.5
    endloop
  endfacet
  facet normal 0.740929 0.671583 0
    outer loop
      vertex 25.3851 -31.1834 8
      vertex 25.1149 -30.8853 3.5
      vertex 25.1149 -30.8853 8
    endloop
  endfacet
  facet normal 0.740929 0.671583 0
    outer loop
      vertex 25.1149 -30.8853 3.5
      vertex 25.3851 -31.1834 8
      vertex 25.3851 -31.1834 3.5
    endloop
  endfacet
  facet normal 0.337029 -0.941494 0
    outer loop
      vertex 26.7153 -24.4964 3.5
      vertex 27.0941 -24.3608 8
      vertex 26.7153 -24.4964 8
    endloop
  endfacet
  facet normal 0.337029 -0.941494 0
    outer loop
      vertex 27.0941 -24.3608 8
      vertex 26.7153 -24.4964 3.5
      vertex 27.0941 -24.3608 3.5
    endloop
  endfacet
  facet normal 0.51402 0.857778 -0
    outer loop
      vertex 26.3515 -31.9001 3.5
      vertex 26.0064 -31.6933 8
      vertex 26.3515 -31.9001 8
    endloop
  endfacet
  facet normal 0.51402 0.857778 0
    outer loop
      vertex 26.0064 -31.6933 8
      vertex 26.3515 -31.9001 3.5
      vertex 26.0064 -31.6933 3.5
    endloop
  endfacet
  facet normal -0.595697 0.803209 0
    outer loop
      vertex 30.8853 -31.4536 3.5
      vertex 30.5621 -31.6933 8
      vertex 30.8853 -31.4536 8
    endloop
  endfacet
  facet normal -0.595697 0.803209 0
    outer loop
      vertex 30.5621 -31.6933 8
      vertex 30.8853 -31.4536 3.5
      vertex 30.5621 -31.6933 3.5
    endloop
  endfacet
  facet normal 0.0489584 -0.998801 0
    outer loop
      vertex 27.8824 -24.204 3.5
      vertex 28.2843 -24.1843 8
      vertex 27.8824 -24.204 8
    endloop
  endfacet
  facet normal 0.0489584 -0.998801 0
    outer loop
      vertex 28.2843 -24.1843 8
      vertex 27.8824 -24.204 3.5
      vertex 28.2843 -24.1843 3.5
    endloop
  endfacet
  facet normal 0.970069 -0.242828 0
    outer loop
      vertex 24.2631 -27.4844 8
      vertex 24.3608 -27.0941 3.5
      vertex 24.3608 -27.0941 8
    endloop
  endfacet
  facet normal 0.970069 -0.242828 0
    outer loop
      vertex 24.3608 -27.0941 3.5
      vertex 24.2631 -27.4844 8
      vertex 24.2631 -27.4844 3.5
    endloop
  endfacet
  facet normal 0.941494 -0.337029 0
    outer loop
      vertex 24.3608 -27.0941 8
      vertex 24.4964 -26.7153 3.5
      vertex 24.4964 -26.7153 8
    endloop
  endfacet
  facet normal 0.941494 -0.337029 0
    outer loop
      vertex 24.4964 -26.7153 3.5
      vertex 24.3608 -27.0941 8
      vertex 24.3608 -27.0941 3.5
    endloop
  endfacet
  facet normal -0.33695 -0.941522 0
    outer loop
      vertex 29.4744 -24.3608 3.5
      vertex 29.8533 -24.4964 8
      vertex 29.4744 -24.3608 8
    endloop
  endfacet
  facet normal -0.33695 -0.941522 -0
    outer loop
      vertex 29.8533 -24.4964 8
      vertex 29.4744 -24.3608 3.5
      vertex 29.8533 -24.4964 3.5
    endloop
  endfacet
  facet normal 0.803209 0.595697 0
    outer loop
      vertex 25.1149 -30.8853 8
      vertex 24.8752 -30.5621 3.5
      vertex 24.8752 -30.5621 8
    endloop
  endfacet
  facet normal 0.803209 0.595697 0
    outer loop
      vertex 24.8752 -30.5621 3.5
      vertex 25.1149 -30.8853 8
      vertex 25.1149 -30.8853 3.5
    endloop
  endfacet
  facet normal 0.989154 0.146882 0
    outer loop
      vertex 24.2631 -29.0841 8
      vertex 24.204 -28.6861 3.5
      vertex 24.204 -28.6861 8
    endloop
  endfacet
  facet normal 0.989154 0.146882 0
    outer loop
      vertex 24.204 -28.6861 3.5
      vertex 24.2631 -29.0841 8
      vertex 24.2631 -29.0841 3.5
    endloop
  endfacet
  facet normal 0.904051 -0.427424 0
    outer loop
      vertex 24.4964 -26.7153 8
      vertex 24.6684 -26.3515 3.5
      vertex 24.6684 -26.3515 8
    endloop
  endfacet
  facet normal 0.904051 -0.427424 0
    outer loop
      vertex 24.6684 -26.3515 3.5
      vertex 24.4964 -26.7153 8
      vertex 24.4964 -26.7153 3.5
    endloop
  endfacet
  facet normal -0.51402 0.857778 0
    outer loop
      vertex 30.5621 -31.6933 3.5
      vertex 30.217 -31.9001 8
      vertex 30.5621 -31.6933 8
    endloop
  endfacet
  facet normal -0.51402 0.857778 0
    outer loop
      vertex 30.217 -31.9001 8
      vertex 30.5621 -31.6933 3.5
      vertex 30.217 -31.9001 3.5
    endloop
  endfacet
  facet normal 0 0 1
    outer loop
      vertex 30.5343 -28.2843 3.5
      vertex 32.3843 -28.2843 3.5
      vertex 32.3645 -27.8824 3.5
    endloop
  endfacet
  facet normal 0 0 1
    outer loop
      vertex 30.5234 -28.0637 3.5
      vertex 32.3645 -27.8824 3.5
      vertex 32.3055 -27.4844 3.5
    endloop
  endfacet
  facet normal 0 0 1
    outer loop
      vertex 32.3843 -28.2843 3.5
      vertex 30.5343 -28.2843 3.5
      vertex 32.3645 -28.6861 3.5
    endloop
  endfacet
  facet normal 0 0 1
    outer loop
      vertex 30.491 -27.8453 3.5
      vertex 32.3055 -27.4844 3.5
      vertex 32.2077 -27.0941 3.5
    endloop
  endfacet
  facet normal -0 0 1
    outer loop
      vertex 30.5234 -28.5048 3.5
      vertex 32.3645 -28.6861 3.5
      vertex 30.5343 -28.2843 3.5
    endloop
  endfacet
  facet normal 0 0 1
    outer loop
      vertex 30.4374 -27.6311 3.5
      vertex 32.2077 -27.0941 3.5
      vertex 32.0722 -26.7153 3.5
    endloop
  endfacet
  facet normal 0 0 1
    outer loop
      vertex 32.3645 -28.6861 3.5
      vertex 30.5234 -28.5048 3.5
      vertex 32.3055 -29.0841 3.5
    endloop
  endfacet
  facet normal 0 0 1
    outer loop
      vertex 30.363 -27.4232 3.5
      vertex 32.0722 -26.7153 3.5
      vertex 31.9001 -26.3515 3.5
    endloop
  endfacet
  facet normal -0 0 1
    outer loop
      vertex 30.491 -28.7232 3.5
      vertex 32.3055 -29.0841 3.5
      vertex 30.5234 -28.5048 3.5
    endloop
  endfacet
  facet normal 0 0 1
    outer loop
      vertex 30.2686 -27.2236 3.5
      vertex 31.9001 -26.3515 3.5
      vertex 31.6933 -26.0064 3.5
    endloop
  endfacet
  facet normal 0 0 1
    outer loop
      vertex 32.3055 -29.0841 3.5
      vertex 30.491 -28.7232 3.5
      vertex 32.2077 -29.4744 3.5
    endloop
  endfacet
  facet normal 0 0 1
    outer loop
      vertex 30.1551 -27.0342 3.5
      vertex 31.6933 -26.0064 3.5
      vertex 31.4536 -25.6833 3.5
    endloop
  endfacet
  facet normal -0 0 1
    outer loop
      vertex 30.4374 -28.9374 3.5
      vertex 32.2077 -29.4744 3.5
      vertex 30.491 -28.7232 3.5
    endloop
  endfacet
  facet normal 0 0 1
    outer loop
      vertex 30.0235 -26.8569 3.5
      vertex 31.4536 -25.6833 3.5
      vertex 31.1834 -25.3851 3.5
    endloop
  endfacet
  facet normal 0 0 1
    outer loop
      vertex 32.2077 -29.4744 3.5
      vertex 30.4374 -28.9374 3.5
      vertex 32.0722 -29.8533 3.5
    endloop
  endfacet
  facet normal 0 0 1
    outer loop
      vertex 29.8753 -26.6933 3.5
      vertex 31.1834 -25.3851 3.5
      vertex 30.8853 -25.1149 3.5
    endloop
  endfacet
  facet normal -0 0 1
    outer loop
      vertex 30.363 -29.1453 3.5
      vertex 32.0722 -29.8533 3.5
      vertex 30.4374 -28.9374 3.5
    endloop
  endfacet
  facet normal 0 0 1
    outer loop
      vertex 29.7117 -26.545 3.5
      vertex 30.8853 -25.1149 3.5
      vertex 30.5621 -24.8752 3.5
    endloop
  endfacet
  facet normal 0 0 1
    outer loop
      vertex 32.0722 -29.8533 3.5
      vertex 30.363 -29.1453 3.5
      vertex 31.9001 -30.217 3.5
    endloop
  endfacet
  facet normal -0 0 1
    outer loop
      vertex 30.2686 -29.3449 3.5
      vertex 31.9001 -30.217 3.5
      vertex 30.363 -29.1453 3.5
    endloop
  endfacet
  facet normal 0 0 1
    outer loop
      vertex 32.3645 -27.8824 3.5
      vertex 30.5234 -28.0637 3.5
      vertex 30.5343 -28.2843 3.5
    endloop
  endfacet
  facet normal 0 0 1
    outer loop
      vertex 32.3055 -27.4844 3.5
      vertex 30.491 -27.8453 3.5
      vertex 30.5234 -28.0637 3.5
    endloop
  endfacet
  facet normal 0 0 1
    outer loop
      vertex 32.2077 -27.0941 3.5
      vertex 30.4374 -27.6311 3.5
      vertex 30.491 -27.8453 3.5
    endloop
  endfacet
  facet normal 0 0 1
    outer loop
      vertex 32.0722 -26.7153 3.5
      vertex 30.363 -27.4232 3.5
      vertex 30.4374 -27.6311 3.5
    endloop
  endfacet
  facet normal 0 0 1
    outer loop
      vertex 31.9001 -26.3515 3.5
      vertex 30.2686 -27.2236 3.5
      vertex 30.363 -27.4232 3.5
    endloop
  endfacet
  facet normal 0 0 1
    outer loop
      vertex 29.5343 -26.4135 3.5
      vertex 30.5621 -24.8752 3.5
      vertex 30.217 -24.6684 3.5
    endloop
  endfacet
  facet normal 0 0 1
    outer loop
      vertex 31.6933 -26.0064 3.5
      vertex 30.1551 -27.0342 3.5
      vertex 30.2686 -27.2236 3.5
    endloop
  endfacet
  facet normal 0 0 1
    outer loop
      vertex 31.4536 -25.6833 3.5
      vertex 30.0235 -26.8569 3.5
      vertex 30.1551 -27.0342 3.5
    endloop
  endfacet
  facet normal 0 0 1
    outer loop
      vertex 31.1834 -25.3851 3.5
      vertex 29.8753 -26.6933 3.5
      vertex 30.0235 -26.8569 3.5
    endloop
  endfacet
  facet normal 0 0 1
    outer loop
      vertex 29.3449 -26.2999 3.5
      vertex 30.217 -24.6684 3.5
      vertex 29.8533 -24.4964 3.5
    endloop
  endfacet
  facet normal 0 0 1
    outer loop
      vertex 30.8853 -25.1149 3.5
      vertex 29.7117 -26.545 3.5
      vertex 29.8753 -26.6933 3.5
    endloop
  endfacet
  facet normal 0 0 1
    outer loop
      vertex 30.5621 -24.8752 3.5
      vertex 29.5343 -26.4135 3.5
      vertex 29.7117 -26.545 3.5
    endloop
  endfacet
  facet normal 0 0 1
    outer loop
      vertex 29.1453 -26.2055 3.5
      vertex 29.8533 -24.4964 3.5
      vertex 29.4744 -24.3608 3.5
    endloop
  endfacet
  facet normal 0 0 1
    outer loop
      vertex 30.217 -24.6684 3.5
      vertex 29.3449 -26.2999 3.5
      vertex 29.5343 -26.4135 3.5
    endloop
  endfacet
  facet normal 0 0 1
    outer loop
      vertex 29.8533 -24.4964 3.5
      vertex 29.1453 -26.2055 3.5
      vertex 29.3449 -26.2999 3.5
    endloop
  endfacet
  facet normal 0 0 1
    outer loop
      vertex 28.9374 -26.1312 3.5
      vertex 29.4744 -24.3608 3.5
      vertex 29.0841 -24.2631 3.5
    endloop
  endfacet
  facet normal 0 0 1
    outer loop
      vertex 29.4744 -24.3608 3.5
      vertex 28.9374 -26.1312 3.5
      vertex 29.1453 -26.2055 3.5
    endloop
  endfacet
  facet normal 0 0 1
    outer loop
      vertex 29.0841 -24.2631 3.5
      vertex 28.7232 -26.0775 3.5
      vertex 28.9374 -26.1312 3.5
    endloop
  endfacet
  facet normal 0 0 1
    outer loop
      vertex 28.6861 -24.204 3.5
      vertex 28.7232 -26.0775 3.5
      vertex 29.0841 -24.2631 3.5
    endloop
  endfacet
  facet normal 0 0 1
    outer loop
      vertex 28.6861 -24.204 3.5
      vertex 28.5048 -26.0451 3.5
      vertex 28.7232 -26.0775 3.5
    endloop
  endfacet
  facet normal 0 0 1
    outer loop
      vertex 28.2843 -24.1843 3.5
      vertex 28.5048 -26.0451 3.5
      vertex 28.6861 -24.204 3.5
    endloop
  endfacet
  facet normal 0 0 1
    outer loop
      vertex 28.2843 -24.1843 3.5
      vertex 28.2843 -26.0343 3.5
      vertex 28.5048 -26.0451 3.5
    endloop
  endfacet
  facet normal 0 0 1
    outer loop
      vertex 28.2843 -24.1843 3.5
      vertex 28.0637 -26.0451 3.5
      vertex 28.2843 -26.0343 3.5
    endloop
  endfacet
  facet normal -0 0 1
    outer loop
      vertex 27.8824 -24.204 3.5
      vertex 28.0637 -26.0451 3.5
      vertex 28.2843 -24.1843 3.5
    endloop
  endfacet
  facet normal 0 0 1
    outer loop
      vertex 27.8824 -24.204 3.5
      vertex 27.8453 -26.0775 3.5
      vertex 28.0637 -26.0451 3.5
    endloop
  endfacet
  facet normal -0 0 1
    outer loop
      vertex 27.4844 -24.2631 3.5
      vertex 27.8453 -26.0775 3.5
      vertex 27.8824 -24.204 3.5
    endloop
  endfacet
  facet normal 0 0 1
    outer loop
      vertex 27.8453 -26.0775 3.5
      vertex 27.4844 -24.2631 3.5
      vertex 27.6311 -26.1312 3.5
    endloop
  endfacet
  facet normal -0 0 1
    outer loop
      vertex 27.0941 -24.3608 3.5
      vertex 27.6311 -26.1312 3.5
      vertex 27.4844 -24.2631 3.5
    endloop
  endfacet
  facet normal 0 0 1
    outer loop
      vertex 27.6311 -26.1312 3.5
      vertex 27.0941 -24.3608 3.5
      vertex 27.4232 -26.2055 3.5
    endloop
  endfacet
  facet normal -0 0 1
    outer loop
      vertex 26.7153 -24.4964 3.5
      vertex 27.4232 -26.2055 3.5
      vertex 27.0941 -24.3608 3.5
    endloop
  endfacet
  facet normal 0 0 1
    outer loop
      vertex 27.4232 -26.2055 3.5
      vertex 26.7153 -24.4964 3.5
      vertex 27.2236 -26.2999 3.5
    endloop
  endfacet
  facet normal -0 0 1
    outer loop
      vertex 26.3515 -24.6684 3.5
      vertex 27.2236 -26.2999 3.5
      vertex 26.7153 -24.4964 3.5
    endloop
  endfacet
  facet normal 0 0 1
    outer loop
      vertex 27.2236 -26.2999 3.5
      vertex 26.3515 -24.6684 3.5
      vertex 27.0342 -26.4135 3.5
    endloop
  endfacet
  facet normal -0 0 1
    outer loop
      vertex 26.0064 -24.8752 3.5
      vertex 27.0342 -26.4135 3.5
      vertex 26.3515 -24.6684 3.5
    endloop
  endfacet
  facet normal 0 0 1
    outer loop
      vertex 27.0342 -26.4135 3.5
      vertex 26.0064 -24.8752 3.5
      vertex 26.8569 -26.545 3.5
    endloop
  endfacet
  facet normal -0 0 1
    outer loop
      vertex 25.6833 -25.1149 3.5
      vertex 26.8569 -26.545 3.5
      vertex 26.0064 -24.8752 3.5
    endloop
  endfacet
  facet normal 0 0 1
    outer loop
      vertex 26.8569 -26.545 3.5
      vertex 25.6833 -25.1149 3.5
      vertex 26.6933 -26.6933 3.5
    endloop
  endfacet
  facet normal -0 0 1
    outer loop
      vertex 25.3851 -25.3851 3.5
      vertex 26.6933 -26.6933 3.5
      vertex 25.6833 -25.1149 3.5
    endloop
  endfacet
  facet normal 0 0 1
    outer loop
      vertex 26.6933 -26.6933 3.5
      vertex 25.3851 -25.3851 3.5
      vertex 26.545 -26.8569 3.5
    endloop
  endfacet
  facet normal -0 0 1
    outer loop
      vertex 25.1149 -25.6833 3.5
      vertex 26.545 -26.8569 3.5
      vertex 25.3851 -25.3851 3.5
    endloop
  endfacet
  facet normal 0 0 1
    outer loop
      vertex 26.545 -26.8569 3.5
      vertex 25.1149 -25.6833 3.5
      vertex 26.4135 -27.0342 3.5
    endloop
  endfacet
  facet normal -0 0 1
    outer loop
      vertex 24.8752 -26.0064 3.5
      vertex 26.4135 -27.0342 3.5
      vertex 25.1149 -25.6833 3.5
    endloop
  endfacet
  facet normal -0 0 1
    outer loop
      vertex 24.6684 -26.3515 3.5
      vertex 26.2999 -27.2236 3.5
      vertex 24.8752 -26.0064 3.5
    endloop
  endfacet
  facet normal 0 0 1
    outer loop
      vertex 26.4135 -27.0342 3.5
      vertex 24.8752 -26.0064 3.5
      vertex 26.2999 -27.2236 3.5
    endloop
  endfacet
  facet normal 0 0 1
    outer loop
      vertex 31.9001 -30.217 3.5
      vertex 30.2686 -29.3449 3.5
      vertex 31.6933 -30.5621 3.5
    endloop
  endfacet
  facet normal -0 0 1
    outer loop
      vertex 30.1551 -29.5343 3.5
      vertex 31.6933 -30.5621 3.5
      vertex 30.2686 -29.3449 3.5
    endloop
  endfacet
  facet normal 0 0 1
    outer loop
      vertex 31.6933 -30.5621 3.5
      vertex 30.1551 -29.5343 3.5
      vertex 31.4536 -30.8853 3.5
    endloop
  endfacet
  facet normal -0 0 1
    outer loop
      vertex 30.0235 -29.7117 3.5
      vertex 31.4536 -30.8853 3.5
      vertex 30.1551 -29.5343 3.5
    endloop
  endfacet
  facet normal 0 0 1
    outer loop
      vertex 31.4536 -30.8853 3.5
      vertex 30.0235 -29.7117 3.5
      vertex 31.1834 -31.1834 3.5
    endloop
  endfacet
  facet normal -0 0 1
    outer loop
      vertex 29.8753 -29.8753 3.5
      vertex 31.1834 -31.1834 3.5
      vertex 30.0235 -29.7117 3.5
    endloop
  endfacet
  facet normal 0 0 1
    outer loop
      vertex 31.1834 -31.1834 3.5
      vertex 29.8753 -29.8753 3.5
      vertex 30.8853 -31.4536 3.5
    endloop
  endfacet
  facet normal -0 0 1
    outer loop
      vertex 29.7117 -30.0235 3.5
      vertex 30.8853 -31.4536 3.5
      vertex 29.8753 -29.8753 3.5
    endloop
  endfacet
  facet normal 0 0 1
    outer loop
      vertex 30.8853 -31.4536 3.5
      vertex 29.7117 -30.0235 3.5
      vertex 30.5621 -31.6933 3.5
    endloop
  endfacet
  facet normal -0 0 1
    outer loop
      vertex 29.5343 -30.1551 3.5
      vertex 30.5621 -31.6933 3.5
      vertex 29.7117 -30.0235 3.5
    endloop
  endfacet
  facet normal 0 0 1
    outer loop
      vertex 30.5621 -31.6933 3.5
      vertex 29.5343 -30.1551 3.5
      vertex 30.217 -31.9001 3.5
    endloop
  endfacet
  facet normal -0 0 1
    outer loop
      vertex 29.3449 -30.2686 3.5
      vertex 30.217 -31.9001 3.5
      vertex 29.5343 -30.1551 3.5
    endloop
  endfacet
  facet normal 0 0 1
    outer loop
      vertex 30.217 -31.9001 3.5
      vertex 29.3449 -30.2686 3.5
      vertex 29.8533 -32.0722 3.5
    endloop
  endfacet
  facet normal -0 0 1
    outer loop
      vertex 29.1453 -30.363 3.5
      vertex 29.8533 -32.0722 3.5
      vertex 29.3449 -30.2686 3.5
    endloop
  endfacet
  facet normal 0 0 1
    outer loop
      vertex 29.8533 -32.0722 3.5
      vertex 29.1453 -30.363 3.5
      vertex 29.4744 -32.2077 3.5
    endloop
  endfacet
  facet normal -0 0 1
    outer loop
      vertex 28.9374 -30.4374 3.5
      vertex 29.4744 -32.2077 3.5
      vertex 29.1453 -30.363 3.5
    endloop
  endfacet
  facet normal 0 0 1
    outer loop
      vertex 29.4744 -32.2077 3.5
      vertex 28.9374 -30.4374 3.5
      vertex 29.0841 -32.3055 3.5
    endloop
  endfacet
  facet normal -0 0 1
    outer loop
      vertex 28.7232 -30.491 3.5
      vertex 29.0841 -32.3055 3.5
      vertex 28.9374 -30.4374 3.5
    endloop
  endfacet
  facet normal 0 0 1
    outer loop
      vertex 28.7232 -30.491 3.5
      vertex 28.6861 -32.3645 3.5
      vertex 29.0841 -32.3055 3.5
    endloop
  endfacet
  facet normal -0 0 1
    outer loop
      vertex 28.5048 -30.5234 3.5
      vertex 28.6861 -32.3645 3.5
      vertex 28.7232 -30.491 3.5
    endloop
  endfacet
  facet normal -0 0 1
    outer loop
      vertex 28.2843 -30.5343 3.5
      vertex 28.6861 -32.3645 3.5
      vertex 28.5048 -30.5234 3.5
    endloop
  endfacet
  facet normal 0 0 1
    outer loop
      vertex 28.2843 -30.5343 3.5
      vertex 28.2843 -32.3843 3.5
      vertex 28.6861 -32.3645 3.5
    endloop
  endfacet
  facet normal 0 0 1
    outer loop
      vertex 28.0637 -30.5234 3.5
      vertex 28.2843 -32.3843 3.5
      vertex 28.2843 -30.5343 3.5
    endloop
  endfacet
  facet normal 0 0 1
    outer loop
      vertex 28.0637 -30.5234 3.5
      vertex 27.8824 -32.3645 3.5
      vertex 28.2843 -32.3843 3.5
    endloop
  endfacet
  facet normal 0 0 1
    outer loop
      vertex 27.8453 -30.491 3.5
      vertex 27.8824 -32.3645 3.5
      vertex 28.0637 -30.5234 3.5
    endloop
  endfacet
  facet normal 0 0 1
    outer loop
      vertex 27.4844 -32.3055 3.5
      vertex 27.8453 -30.491 3.5
      vertex 27.6311 -30.4374 3.5
    endloop
  endfacet
  facet normal 0 0 1
    outer loop
      vertex 27.8453 -30.491 3.5
      vertex 27.4844 -32.3055 3.5
      vertex 27.8824 -32.3645 3.5
    endloop
  endfacet
  facet normal 0 0 1
    outer loop
      vertex 27.0941 -32.2077 3.5
      vertex 27.6311 -30.4374 3.5
      vertex 27.4232 -30.363 3.5
    endloop
  endfacet
  facet normal 0 0 1
    outer loop
      vertex 26.7153 -32.0722 3.5
      vertex 27.4232 -30.363 3.5
      vertex 27.2236 -30.2686 3.5
    endloop
  endfacet
  facet normal 0 0 1
    outer loop
      vertex 27.6311 -30.4374 3.5
      vertex 27.0941 -32.2077 3.5
      vertex 27.4844 -32.3055 3.5
    endloop
  endfacet
  facet normal 0 0 1
    outer loop
      vertex 26.3515 -31.9001 3.5
      vertex 27.2236 -30.2686 3.5
      vertex 27.0342 -30.1551 3.5
    endloop
  endfacet
  facet normal 0 0 1
    outer loop
      vertex 26.0064 -31.6933 3.5
      vertex 27.0342 -30.1551 3.5
      vertex 26.8569 -30.0235 3.5
    endloop
  endfacet
  facet normal 0 0 1
    outer loop
      vertex 27.4232 -30.363 3.5
      vertex 26.7153 -32.0722 3.5
      vertex 27.0941 -32.2077 3.5
    endloop
  endfacet
  facet normal 0 0 1
    outer loop
      vertex 25.6833 -31.4536 3.5
      vertex 26.8569 -30.0235 3.5
      vertex 26.6933 -29.8753 3.5
    endloop
  endfacet
  facet normal 0 0 1
    outer loop
      vertex 25.3851 -31.1834 3.5
      vertex 26.6933 -29.8753 3.5
      vertex 26.545 -29.7117 3.5
    endloop
  endfacet
  facet normal 0 0 1
    outer loop
      vertex 25.1149 -30.8853 3.5
      vertex 26.545 -29.7117 3.5
      vertex 26.4135 -29.5343 3.5
    endloop
  endfacet
  facet normal 0 0 1
    outer loop
      vertex 27.2236 -30.2686 3.5
      vertex 26.3515 -31.9001 3.5
      vertex 26.7153 -32.0722 3.5
    endloop
  endfacet
  facet normal 0 0 1
    outer loop
      vertex 24.8752 -30.5621 3.5
      vertex 26.4135 -29.5343 3.5
      vertex 26.2999 -29.3449 3.5
    endloop
  endfacet
  facet normal 0 0 1
    outer loop
      vertex 24.6684 -30.217 3.5
      vertex 26.2999 -29.3449 3.5
      vertex 26.2055 -29.1453 3.5
    endloop
  endfacet
  facet normal 0 0 1
    outer loop
      vertex 24.4964 -29.8533 3.5
      vertex 26.2055 -29.1453 3.5
      vertex 26.1312 -28.9374 3.5
    endloop
  endfacet
  facet normal 0 0 1
    outer loop
      vertex 24.3608 -29.4744 3.5
      vertex 26.1312 -28.9374 3.5
      vertex 26.0775 -28.7232 3.5
    endloop
  endfacet
  facet normal 0 0 1
    outer loop
      vertex 24.2631 -29.0841 3.5
      vertex 26.0775 -28.7232 3.5
      vertex 26.0451 -28.5048 3.5
    endloop
  endfacet
  facet normal 0 0 1
    outer loop
      vertex 27.0342 -30.1551 3.5
      vertex 26.0064 -31.6933 3.5
      vertex 26.3515 -31.9001 3.5
    endloop
  endfacet
  facet normal 0 0 1
    outer loop
      vertex 24.204 -28.6861 3.5
      vertex 26.0451 -28.5048 3.5
      vertex 26.0343 -28.2843 3.5
    endloop
  endfacet
  facet normal 0 0 1
    outer loop
      vertex 26.2999 -27.2236 3.5
      vertex 24.6684 -26.3515 3.5
      vertex 26.2055 -27.4232 3.5
    endloop
  endfacet
  facet normal -0 0 1
    outer loop
      vertex 24.4964 -26.7153 3.5
      vertex 26.2055 -27.4232 3.5
      vertex 24.6684 -26.3515 3.5
    endloop
  endfacet
  facet normal 0 0 1
    outer loop
      vertex 26.8569 -30.0235 3.5
      vertex 25.6833 -31.4536 3.5
      vertex 26.0064 -31.6933 3.5
    endloop
  endfacet
  facet normal 0 0 1
    outer loop
      vertex 26.2055 -27.4232 3.5
      vertex 24.4964 -26.7153 3.5
      vertex 26.1312 -27.6311 3.5
    endloop
  endfacet
  facet normal 0 0 1
    outer loop
      vertex 26.6933 -29.8753 3.5
      vertex 25.3851 -31.1834 3.5
      vertex 25.6833 -31.4536 3.5
    endloop
  endfacet
  facet normal -0 0 1
    outer loop
      vertex 24.3608 -27.0941 3.5
      vertex 26.1312 -27.6311 3.5
      vertex 24.4964 -26.7153 3.5
    endloop
  endfacet
  facet normal 0 0 1
    outer loop
      vertex 26.545 -29.7117 3.5
      vertex 25.1149 -30.8853 3.5
      vertex 25.3851 -31.1834 3.5
    endloop
  endfacet
  facet normal 0 0 1
    outer loop
      vertex 26.1312 -27.6311 3.5
      vertex 24.3608 -27.0941 3.5
      vertex 26.0775 -27.8453 3.5
    endloop
  endfacet
  facet normal 0 0 1
    outer loop
      vertex 26.4135 -29.5343 3.5
      vertex 24.8752 -30.5621 3.5
      vertex 25.1149 -30.8853 3.5
    endloop
  endfacet
  facet normal -0 0 1
    outer loop
      vertex 24.2631 -27.4844 3.5
      vertex 26.0775 -27.8453 3.5
      vertex 24.3608 -27.0941 3.5
    endloop
  endfacet
  facet normal 0 0 1
    outer loop
      vertex 26.2999 -29.3449 3.5
      vertex 24.6684 -30.217 3.5
      vertex 24.8752 -30.5621 3.5
    endloop
  endfacet
  facet normal 0 0 1
    outer loop
      vertex 26.0775 -27.8453 3.5
      vertex 24.2631 -27.4844 3.5
      vertex 26.0451 -28.0637 3.5
    endloop
  endfacet
  facet normal 0 0 1
    outer loop
      vertex 26.2055 -29.1453 3.5
      vertex 24.4964 -29.8533 3.5
      vertex 24.6684 -30.217 3.5
    endloop
  endfacet
  facet normal -0 0 1
    outer loop
      vertex 24.204 -27.8824 3.5
      vertex 26.0451 -28.0637 3.5
      vertex 24.2631 -27.4844 3.5
    endloop
  endfacet
  facet normal 0 0 1
    outer loop
      vertex 26.1312 -28.9374 3.5
      vertex 24.3608 -29.4744 3.5
      vertex 24.4964 -29.8533 3.5
    endloop
  endfacet
  facet normal 0 0 1
    outer loop
      vertex 26.0451 -28.0637 3.5
      vertex 24.204 -27.8824 3.5
      vertex 26.0343 -28.2843 3.5
    endloop
  endfacet
  facet normal 0 0 1
    outer loop
      vertex 26.0775 -28.7232 3.5
      vertex 24.2631 -29.0841 3.5
      vertex 24.3608 -29.4744 3.5
    endloop
  endfacet
  facet normal 0 0 1
    outer loop
      vertex 24.1843 -28.2843 3.5
      vertex 26.0343 -28.2843 3.5
      vertex 24.204 -27.8824 3.5
    endloop
  endfacet
  facet normal 0 0 1
    outer loop
      vertex 26.0451 -28.5048 3.5
      vertex 24.204 -28.6861 3.5
      vertex 24.2631 -29.0841 3.5
    endloop
  endfacet
  facet normal 0 0 1
    outer loop
      vertex 26.0343 -28.2843 3.5
      vertex 24.1843 -28.2843 3.5
      vertex 24.204 -28.6861 3.5
    endloop
  endfacet
  facet normal 0.67146 0.741041 -0
    outer loop
      vertex 25.6833 -31.4536 3.5
      vertex 25.3851 -31.1834 8
      vertex 25.6833 -31.4536 8
    endloop
  endfacet
  facet normal 0.67146 0.741041 0
    outer loop
      vertex 25.3851 -31.1834 8
      vertex 25.6833 -31.4536 3.5
      vertex 25.3851 -31.1834 3.5
    endloop
  endfacet
  facet normal 0.803121 -0.595816 0
    outer loop
      vertex 24.8752 -26.0064 8
      vertex 25.1149 -25.6833 3.5
      vertex 25.1149 -25.6833 8
    endloop
  endfacet
  facet normal 0.803121 -0.595816 0
    outer loop
      vertex 25.1149 -25.6833 3.5
      vertex 24.8752 -26.0064 8
      vertex 24.8752 -26.0064 3.5
    endloop
  endfacet
  facet normal 0.0492063 0.998789 -0
    outer loop
      vertex 28.2843 -32.3843 3.5
      vertex 27.8824 -32.3645 8
      vertex 28.2843 -32.3843 8
    endloop
  endfacet
  facet normal 0.0492063 0.998789 0
    outer loop
      vertex 27.8824 -32.3645 8
      vertex 28.2843 -32.3843 3.5
      vertex 27.8824 -32.3645 3.5
    endloop
  endfacet
  facet normal 0.146639 0.98919 -0
    outer loop
      vertex 27.8824 -32.3645 3.5
      vertex 27.4844 -32.3055 8
      vertex 27.8824 -32.3645 8
    endloop
  endfacet
  facet normal 0.146639 0.98919 0
    outer loop
      vertex 27.4844 -32.3055 8
      vertex 27.8824 -32.3645 3.5
      vertex 27.4844 -32.3055 3.5
    endloop
  endfacet
  facet normal 0.989154 -0.146882 0
    outer loop
      vertex 24.204 -27.8824 8
      vertex 24.2631 -27.4844 3.5
      vertex 24.2631 -27.4844 8
    endloop
  endfacet
  facet normal 0.989154 -0.146882 0
    outer loop
      vertex 24.2631 -27.4844 3.5
      vertex 24.204 -27.8824 8
      vertex 24.204 -27.8824 3.5
    endloop
  endfacet
  facet normal 0.998801 -0.0489584 0
    outer loop
      vertex 24.1843 -28.2843 8
      vertex 24.204 -27.8824 3.5
      vertex 24.204 -27.8824 8
    endloop
  endfacet
  facet normal 0.998801 -0.0489584 0
    outer loop
      vertex 24.204 -27.8824 3.5
      vertex 24.1843 -28.2843 8
      vertex 24.1843 -28.2843 3.5
    endloop
  endfacet
  facet normal 0.336809 0.941573 -0
    outer loop
      vertex 27.0941 -32.2077 3.5
      vertex 26.7153 -32.0722 8
      vertex 27.0941 -32.2077 8
    endloop
  endfacet
  facet normal 0.336809 0.941573 0
    outer loop
      vertex 26.7153 -32.0722 8
      vertex 27.0941 -32.2077 3.5
      vertex 26.7153 -32.0722 3.5
    endloop
  endfacet
  facet normal -0.671583 0.740929 0
    outer loop
      vertex 31.1834 -31.1834 3.5
      vertex 30.8853 -31.4536 8
      vertex 31.1834 -31.1834 8
    endloop
  endfacet
  facet normal -0.671583 0.740929 0
    outer loop
      vertex 30.8853 -31.4536 8
      vertex 31.1834 -31.1834 3.5
      vertex 30.8853 -31.4536 3.5
    endloop
  endfacet
  facet normal -0.381581 0.0759011 0.921214
    outer loop
      vertex 7.95584 -3.29542 35.1122
      vertex 8.61134 0 35.1122
      vertex 2.79372 -1.1572 32.7978
    endloop
  endfacet
  facet normal -0.770321 -0.514719 0.376391
    outer loop
      vertex 11.9068 4.93194 39.3887
      vertex 10.7496 10.7496 44.9761
      vertex 9.11304 9.11304 39.3887
    endloop
  endfacet
  facet normal -0.770304 0.514754 0.376378
    outer loop
      vertex 11.7662 -5.63852 40.0673
      vertex 14.045 -5.81762 44.9761
      vertex 11.9068 -4.93194 39.3887
    endloop
  endfacet
  facet normal -0.770331 0.514706 0.376388
    outer loop
      vertex 14.045 -5.81762 44.9761
      vertex 11.7662 -5.63852 40.0673
      vertex 13.497 -6.63778 44.9761
    endloop
  endfacet
  facet normal -0.770351 0.514697 0.376359
    outer loop
      vertex 12.3834 -8.30428 44.9761
      vertex 11.3542 -7.71003 42.0568
      vertex 10.7496 -10.7496 44.9761
    endloop
  endfacet
  facet normal 0.0759011 -0.381581 0.921214
    outer loop
      vertex -1.1572 2.79372 32.7978
      vertex 0 8.61134 35.1122
      vertex -3.29542 7.95584 35.1122
    endloop
  endfacet
  facet normal -0.700218 0.139282 0.700211
    outer loop
      vertex 12.8878 0 39.3887
      vertex 8.61134 0 35.1122
      vertex 7.95584 -3.29542 35.1122
    endloop
  endfacet
  facet normal -0.180677 -0.908687 0.376355
    outer loop
      vertex 0.452434 12.9778 39.8232
      vertex 0 13 39.6596
      vertex 0 12.8878 39.3887
    endloop
  endfacet
  facet normal -0.180747 -0.908661 0.376386
    outer loop
      vertex 5.81762 14.045 44.9761
      vertex 1 15.0033 44.9761
      vertex 1 13.0867 40.3491
    endloop
  endfacet
  facet normal 0.514719 0.770321 0.376391
    outer loop
      vertex -4.93194 -11.9068 39.3887
      vertex -9.11304 -9.11304 39.3887
      vertex -10.7496 -10.7496 44.9761
    endloop
  endfacet
  facet normal -0.514712 -0.770331 0.376381
    outer loop
      vertex 10.7496 10.7496 44.9761
      vertex 5.81762 14.045 44.9761
      vertex 4.93194 11.9068 39.3887
    endloop
  endfacet
  facet normal -0.139278 -0.700217 0.700213
    outer loop
      vertex 3.29542 7.95584 35.1122
      vertex 4.93194 11.9068 39.3887
      vertex 0 12.8878 39.3887
    endloop
  endfacet
  facet normal -0.180757 -0.908681 0.376331
    outer loop
      vertex 4.93194 11.9068 39.3887
      vertex 1 13.0867 40.3491
      vertex 1 12.9509 40.0212
    endloop
  endfacet
  facet normal -0.180754 -0.908643 0.376426
    outer loop
      vertex 0 12.8878 39.3887
      vertex 1 12.9509 40.0212
      vertex 0.452434 12.9778 39.8232
    endloop
  endfacet
  facet normal -0.18074 -0.908665 0.37638
    outer loop
      vertex 1 13.0867 40.3491
      vertex 4.93194 11.9068 39.3887
      vertex 5.81762 14.045 44.9761
    endloop
  endfacet
  facet normal -0.180738 -0.908655 0.376402
    outer loop
      vertex 4.93194 11.9068 39.3887
      vertex 1 12.9509 40.0212
      vertex 0 12.8878 39.3887
    endloop
  endfacet
  facet normal 0.770321 -0.514719 0.376391
    outer loop
      vertex -9.11304 9.11304 39.3887
      vertex -10.7496 10.7496 44.9761
      vertex -11.9068 4.93194 39.3887
    endloop
  endfacet
  facet normal 0.139282 -0.700218 0.700211
    outer loop
      vertex 0 8.61134 35.1122
      vertex 0 12.8878 39.3887
      vertex -3.29542 7.95584 35.1122
    endloop
  endfacet
  facet normal 0.770331 -0.514712 0.376381
    outer loop
      vertex -11.9068 4.93194 39.3887
      vertex -10.7496 10.7496 44.9761
      vertex -14.045 5.81762 44.9761
    endloop
  endfacet
  facet normal -0.514719 -0.770321 0.376391
    outer loop
      vertex 9.11304 9.11304 39.3887
      vertex 10.7496 10.7496 44.9761
      vertex 4.93194 11.9068 39.3887
    endloop
  endfacet
  facet normal 0.323487 -0.216148 0.921214
    outer loop
      vertex -2.79372 1.1572 32.7978
      vertex -2.13822 2.13822 32.7978
      vertex -6.08914 6.08914 35.1122
    endloop
  endfacet
  facet normal -0.216148 0.323489 0.921214
    outer loop
      vertex 3.29542 -7.95584 35.1122
      vertex 6.08914 -6.08914 35.1122
      vertex 1.1572 -2.79372 32.7978
    endloop
  endfacet
  facet normal 0.908665 0.18074 0.37638
    outer loop
      vertex -11.9068 -4.93194 39.3887
      vertex -12.8878 0 39.3887
      vertex -14.045 -5.81762 44.9761
    endloop
  endfacet
  facet normal 0.770351 0.514697 0.376359
    outer loop
      vertex -10.7496 -10.7496 44.9761
      vertex -11.3542 -7.71003 42.0568
      vertex -12.3834 -8.30428 44.9761
    endloop
  endfacet
  facet normal 0.770304 0.514754 0.376378
    outer loop
      vertex -14.045 -5.81762 44.9761
      vertex -11.7662 -5.63852 40.0673
      vertex -11.9068 -4.93194 39.3887
    endloop
  endfacet
  facet normal 0.770331 0.514706 0.376388
    outer loop
      vertex -11.7662 -5.63852 40.0673
      vertex -14.045 -5.81762 44.9761
      vertex -13.497 -6.63778 44.9761
    endloop
  endfacet
  facet normal -0.139282 -0.700218 0.700211
    outer loop
      vertex 3.29542 7.95584 35.1122
      vertex 0 12.8878 39.3887
      vertex 0 8.61134 35.1122
    endloop
  endfacet
  facet normal -0.396645 -0.593613 0.700212
    outer loop
      vertex 9.11304 9.11304 39.3887
      vertex 4.93194 11.9068 39.3887
      vertex 3.29542 7.95584 35.1122
    endloop
  endfacet
  facet normal 0.514712 0.770331 0.376381
    outer loop
      vertex -5.81762 -14.045 44.9761
      vertex -4.93194 -11.9068 39.3887
      vertex -10.7496 -10.7496 44.9761
    endloop
  endfacet
  facet normal 0.0759006 -0.38158 0.921214
    outer loop
      vertex 0 3.0239 32.7978
      vertex 0 8.61134 35.1122
      vertex -1.1572 2.79372 32.7978
    endloop
  endfacet
  facet normal 0.396642 0.593618 0.700209
    outer loop
      vertex -3.29542 -7.95584 35.1122
      vertex -6.08914 -6.08914 35.1122
      vertex -9.11304 -9.11304 39.3887
    endloop
  endfacet
  facet normal -0.593618 -0.396642 0.700209
    outer loop
      vertex 7.95584 3.29542 35.1122
      vertex 9.11304 9.11304 39.3887
      vertex 6.08914 6.08914 35.1122
    endloop
  endfacet
  facet normal -0.216148 0.323487 0.921214
    outer loop
      vertex 6.08914 -6.08914 35.1122
      vertex 2.13822 -2.13822 32.7978
      vertex 1.1572 -2.79372 32.7978
    endloop
  endfacet
  facet normal -0.593613 0.396645 0.700212
    outer loop
      vertex 9.11304 -9.11304 39.3887
      vertex 11.9068 -4.93194 39.3887
      vertex 7.95584 -3.29542 35.1122
    endloop
  endfacet
  facet normal -0.38158 0.0759006 0.921214
    outer loop
      vertex 8.61134 0 35.1122
      vertex 3.0239 0 32.7978
      vertex 2.79372 -1.1572 32.7978
    endloop
  endfacet
  facet normal -0.908662 0.180745 0.376384
    outer loop
      vertex 14.045 -5.81762 44.9761
      vertex 15.2022 0 44.9761
      vertex 12.8878 0 39.3887
    endloop
  endfacet
  facet normal -0.908662 -0.180745 0.376384
    outer loop
      vertex 15.2022 0 44.9761
      vertex 14.045 5.81762 44.9761
      vertex 12.8878 0 39.3887
    endloop
  endfacet
  facet normal -0.323489 0.216148 0.921214
    outer loop
      vertex 6.08914 -6.08914 35.1122
      vertex 7.95584 -3.29542 35.1122
      vertex 2.79372 -1.1572 32.7978
    endloop
  endfacet
  facet normal 0.0759006 0.38158 0.921214
    outer loop
      vertex 0 -8.61134 35.1122
      vertex 0 -3.0239 32.7978
      vertex -1.1572 -2.79372 32.7978
    endloop
  endfacet
  facet normal 0.514712 -0.770331 0.376381
    outer loop
      vertex -4.93194 11.9068 39.3887
      vertex -5.81762 14.045 44.9761
      vertex -10.7496 10.7496 44.9761
    endloop
  endfacet
  facet normal 0.180677 -0.908687 0.376355
    outer loop
      vertex 0 12.8878 39.3887
      vertex 0 13 39.6596
      vertex -0.452434 12.9778 39.8232
    endloop
  endfacet
  facet normal 0.180747 -0.908661 0.376386
    outer loop
      vertex -1 13.0867 40.3491
      vertex -1 15.0033 44.9761
      vertex -5.81762 14.045 44.9761
    endloop
  endfacet
  facet normal 0.18074 -0.908665 0.37638
    outer loop
      vertex -4.93194 11.9068 39.3887
      vertex -1 13.0867 40.3491
      vertex -5.81762 14.045 44.9761
    endloop
  endfacet
  facet normal 0.180757 -0.908681 0.376331
    outer loop
      vertex -1 13.0867 40.3491
      vertex -4.93194 11.9068 39.3887
      vertex -1 12.9509 40.0212
    endloop
  endfacet
  facet normal 0.180738 -0.908655 0.376402
    outer loop
      vertex 0 12.8878 39.3887
      vertex -1 12.9509 40.0212
      vertex -4.93194 11.9068 39.3887
    endloop
  endfacet
  facet normal 0.180754 -0.908643 0.376426
    outer loop
      vertex -1 12.9509 40.0212
      vertex 0 12.8878 39.3887
      vertex -0.452434 12.9778 39.8232
    endloop
  endfacet
  facet normal 0.396645 -0.593613 0.700212
    outer loop
      vertex -3.29542 7.95584 35.1122
      vertex -4.93194 11.9068 39.3887
      vertex -9.11304 9.11304 39.3887
    endloop
  endfacet
  facet normal -0.908665 -0.18074 0.37638
    outer loop
      vertex 12.8878 0 39.3887
      vertex 14.045 5.81762 44.9761
      vertex 11.9068 4.93194 39.3887
    endloop
  endfacet
  facet normal -0.216148 -0.323489 0.921214
    outer loop
      vertex 6.08914 6.08914 35.1122
      vertex 3.29542 7.95584 35.1122
      vertex 1.1572 2.79372 32.7978
    endloop
  endfacet
  facet normal -0.770327 0.514723 0.376372
    outer loop
      vertex 11.9068 -4.93194 39.3887
      vertex 11.465 -6.12816 40.1204
      vertex 11.7115 -5.60694 39.9121
    endloop
  endfacet
  facet normal -0.770327 0.514723 0.376372
    outer loop
      vertex 9.11304 -9.11304 39.3887
      vertex 11.465 -6.12816 40.1204
      vertex 11.9068 -4.93194 39.3887
    endloop
  endfacet
  facet normal -0.770683 0.514832 0.375493
    outer loop
      vertex 11.465 -6.12816 40.1204
      vertex 10.7193 -7.34349 40.2562
      vertex 10.8091 -7.22241 40.2745
    endloop
  endfacet
  facet normal -0.770321 0.514711 0.376402
    outer loop
      vertex 11.465 -6.12816 40.1204
      vertex 9.11304 -9.11304 39.3887
      vertex 10.7193 -7.34349 40.2562
    endloop
  endfacet
  facet normal -0.770321 0.514714 0.376397
    outer loop
      vertex 9.11304 -9.11304 39.3887
      vertex 11.3542 -7.71003 42.0568
      vertex 10.7193 -7.34349 40.2562
    endloop
  endfacet
  facet normal -0.770319 0.514722 0.376391
    outer loop
      vertex 11.3542 -7.71003 42.0568
      vertex 9.11304 -9.11304 39.3887
      vertex 10.7496 -10.7496 44.9761
    endloop
  endfacet
  facet normal -0.770424 0.514662 0.376258
    outer loop
      vertex 11.9068 -4.93194 39.3887
      vertex 11.7115 -5.60694 39.9121
      vertex 11.7662 -5.63852 40.0673
    endloop
  endfacet
  facet normal -0.396645 0.593613 0.700212
    outer loop
      vertex 4.93194 -11.9068 39.3887
      vertex 9.11304 -9.11304 39.3887
      vertex 3.29542 -7.95584 35.1122
    endloop
  endfacet
  facet normal -0.18074 0.908665 0.37638
    outer loop
      vertex 5.81762 -14.045 44.9761
      vertex 4.93194 -11.9068 39.3887
      vertex 0 -12.8878 39.3887
    endloop
  endfacet
  facet normal -0.139278 0.700217 0.700213
    outer loop
      vertex 4.93194 -11.9068 39.3887
      vertex 3.29542 -7.95584 35.1122
      vertex 0 -12.8878 39.3887
    endloop
  endfacet
  facet normal 0.908662 -0.180745 0.376384
    outer loop
      vertex -12.8878 0 39.3887
      vertex -14.045 5.81762 44.9761
      vertex -15.2022 0 44.9761
    endloop
  endfacet
  facet normal 0.908665 -0.18074 0.37638
    outer loop
      vertex -12.8878 0 39.3887
      vertex -11.9068 4.93194 39.3887
      vertex -14.045 5.81762 44.9761
    endloop
  endfacet
  facet normal -0.396642 -0.593618 0.700209
    outer loop
      vertex 6.08914 6.08914 35.1122
      vertex 9.11304 9.11304 39.3887
      vertex 3.29542 7.95584 35.1122
    endloop
  endfacet
  facet normal -0.908665 0.18074 0.37638
    outer loop
      vertex 14.045 -5.81762 44.9761
      vertex 12.8878 0 39.3887
      vertex 11.9068 -4.93194 39.3887
    endloop
  endfacet
  facet normal -0.323487 0.216148 0.921214
    outer loop
      vertex 6.08914 -6.08914 35.1122
      vertex 2.79372 -1.1572 32.7978
      vertex 2.13822 -2.13822 32.7978
    endloop
  endfacet
  facet normal -0.216148 -0.323487 0.921214
    outer loop
      vertex 2.13822 2.13822 32.7978
      vertex 6.08914 6.08914 35.1122
      vertex 1.1572 2.79372 32.7978
    endloop
  endfacet
  facet normal -0.0759011 0.381581 0.921214
    outer loop
      vertex 3.29542 -7.95584 35.1122
      vertex 1.1572 -2.79372 32.7978
      vertex 0 -8.61134 35.1122
    endloop
  endfacet
  facet normal -0.139282 0.700218 0.700211
    outer loop
      vertex 3.29542 -7.95584 35.1122
      vertex 0 -8.61134 35.1122
      vertex 0 -12.8878 39.3887
    endloop
  endfacet
  facet normal 0.139278 0.700217 0.700213
    outer loop
      vertex 0 -12.8878 39.3887
      vertex -3.29542 -7.95584 35.1122
      vertex -4.93194 -11.9068 39.3887
    endloop
  endfacet
  facet normal 0.323489 -0.216148 0.921214
    outer loop
      vertex -2.79372 1.1572 32.7978
      vertex -6.08914 6.08914 35.1122
      vertex -7.95584 3.29542 35.1122
    endloop
  endfacet
  facet normal 0.700217 0.139278 0.700213
    outer loop
      vertex -11.9068 -4.93194 39.3887
      vertex -7.95584 -3.29542 35.1122
      vertex -12.8878 0 39.3887
    endloop
  endfacet
  facet normal 0.139278 -0.700217 0.700213
    outer loop
      vertex -3.29542 7.95584 35.1122
      vertex 0 12.8878 39.3887
      vertex -4.93194 11.9068 39.3887
    endloop
  endfacet
  facet normal 0.514719 -0.770321 0.376391
    outer loop
      vertex -9.11304 9.11304 39.3887
      vertex -4.93194 11.9068 39.3887
      vertex -10.7496 10.7496 44.9761
    endloop
  endfacet
  facet normal -0.700217 0.139278 0.700213
    outer loop
      vertex 11.9068 -4.93194 39.3887
      vertex 12.8878 0 39.3887
      vertex 7.95584 -3.29542 35.1122
    endloop
  endfacet
  facet normal 0.18074 0.908665 0.37638
    outer loop
      vertex 0 -12.8878 39.3887
      vertex -4.93194 -11.9068 39.3887
      vertex -5.81762 -14.045 44.9761
    endloop
  endfacet
  facet normal -0.593618 0.396642 0.700209
    outer loop
      vertex 9.11304 -9.11304 39.3887
      vertex 7.95584 -3.29542 35.1122
      vertex 6.08914 -6.08914 35.1122
    endloop
  endfacet
  facet normal -0.396642 0.593618 0.700209
    outer loop
      vertex 9.11304 -9.11304 39.3887
      vertex 6.08914 -6.08914 35.1122
      vertex 3.29542 -7.95584 35.1122
    endloop
  endfacet
  facet normal -0.514719 0.770321 0.376391
    outer loop
      vertex 10.7496 -10.7496 44.9761
      vertex 9.11304 -9.11304 39.3887
      vertex 4.93194 -11.9068 39.3887
    endloop
  endfacet
  facet normal -0.514712 0.770331 0.376381
    outer loop
      vertex 5.81762 -14.045 44.9761
      vertex 10.7496 -10.7496 44.9761
      vertex 4.93194 -11.9068 39.3887
    endloop
  endfacet
  facet normal 0.216148 0.323489 0.921214
    outer loop
      vertex -3.29542 -7.95584 35.1122
      vertex -1.1572 -2.79372 32.7978
      vertex -6.08914 -6.08914 35.1122
    endloop
  endfacet
  facet normal 0.700217 -0.139278 0.700213
    outer loop
      vertex -7.95584 3.29542 35.1122
      vertex -11.9068 4.93194 39.3887
      vertex -12.8878 0 39.3887
    endloop
  endfacet
  facet normal -0.700218 -0.139282 0.700211
    outer loop
      vertex 8.61134 0 35.1122
      vertex 12.8878 0 39.3887
      vertex 7.95584 3.29542 35.1122
    endloop
  endfacet
  facet normal -0.770331 -0.514712 0.376381
    outer loop
      vertex 11.9068 4.93194 39.3887
      vertex 14.045 5.81762 44.9761
      vertex 10.7496 10.7496 44.9761
    endloop
  endfacet
  facet normal -0.323489 -0.216148 0.921214
    outer loop
      vertex 7.95584 3.29542 35.1122
      vertex 6.08914 6.08914 35.1122
      vertex 2.79372 1.1572 32.7978
    endloop
  endfacet
  facet normal 0.381581 0.0759011 0.921214
    outer loop
      vertex -7.95584 -3.29542 35.1122
      vertex -2.79372 -1.1572 32.7978
      vertex -8.61134 0 35.1122
    endloop
  endfacet
  facet normal 0.593613 0.396645 0.700212
    outer loop
      vertex -9.11304 -9.11304 39.3887
      vertex -7.95584 -3.29542 35.1122
      vertex -11.9068 -4.93194 39.3887
    endloop
  endfacet
  facet normal 0.770424 0.514662 0.376258
    outer loop
      vertex -11.9068 -4.93194 39.3887
      vertex -11.7662 -5.63852 40.0673
      vertex -11.7115 -5.60694 39.9121
    endloop
  endfacet
  facet normal 0.770327 0.514723 0.376372
    outer loop
      vertex -11.465 -6.12816 40.1204
      vertex -11.9068 -4.93194 39.3887
      vertex -11.7115 -5.60694 39.9121
    endloop
  endfacet
  facet normal 0.770683 0.514832 0.375493
    outer loop
      vertex -10.7193 -7.34349 40.2562
      vertex -11.465 -6.12816 40.1204
      vertex -10.8091 -7.22241 40.2745
    endloop
  endfacet
  facet normal 0.770321 0.514711 0.376402
    outer loop
      vertex -9.11304 -9.11304 39.3887
      vertex -11.465 -6.12816 40.1204
      vertex -10.7193 -7.34349 40.2562
    endloop
  endfacet
  facet normal 0.770327 0.514723 0.376372
    outer loop
      vertex -11.465 -6.12816 40.1204
      vertex -9.11304 -9.11304 39.3887
      vertex -11.9068 -4.93194 39.3887
    endloop
  endfacet
  facet normal 0.770321 0.514714 0.376397
    outer loop
      vertex -11.3542 -7.71003 42.0568
      vertex -9.11304 -9.11304 39.3887
      vertex -10.7193 -7.34349 40.2562
    endloop
  endfacet
  facet normal 0.770319 0.514722 0.376391
    outer loop
      vertex -9.11304 -9.11304 39.3887
      vertex -11.3542 -7.71003 42.0568
      vertex -10.7496 -10.7496 44.9761
    endloop
  endfacet
  facet normal -0.0759011 -0.381581 0.921214
    outer loop
      vertex 1.1572 2.79372 32.7978
      vertex 3.29542 7.95584 35.1122
      vertex 0 8.61134 35.1122
    endloop
  endfacet
  facet normal 0.593618 -0.396642 0.700209
    outer loop
      vertex -7.95584 3.29542 35.1122
      vertex -6.08914 6.08914 35.1122
      vertex -9.11304 9.11304 39.3887
    endloop
  endfacet
  facet normal 0.593613 -0.396645 0.700212
    outer loop
      vertex -7.95584 3.29542 35.1122
      vertex -9.11304 9.11304 39.3887
      vertex -11.9068 4.93194 39.3887
    endloop
  endfacet
  facet normal 0.216148 -0.323489 0.921214
    outer loop
      vertex -1.1572 2.79372 32.7978
      vertex -3.29542 7.95584 35.1122
      vertex -6.08914 6.08914 35.1122
    endloop
  endfacet
  facet normal 0.396642 -0.593618 0.700209
    outer loop
      vertex -6.08914 6.08914 35.1122
      vertex -3.29542 7.95584 35.1122
      vertex -9.11304 9.11304 39.3887
    endloop
  endfacet
  facet normal 0.908662 0.180745 0.376384
    outer loop
      vertex -14.045 -5.81762 44.9761
      vertex -12.8878 0 39.3887
      vertex -15.2022 0 44.9761
    endloop
  endfacet
  facet normal 0.180745 0.908662 0.376384
    outer loop
      vertex 0 -15.2022 44.9761
      vertex 0 -12.8878 39.3887
      vertex -5.81762 -14.045 44.9761
    endloop
  endfacet
  facet normal -0.180745 0.908662 0.376384
    outer loop
      vertex 5.81762 -14.045 44.9761
      vertex 0 -12.8878 39.3887
      vertex 0 -15.2022 44.9761
    endloop
  endfacet
  facet normal -0.700217 -0.139278 0.700213
    outer loop
      vertex 12.8878 0 39.3887
      vertex 11.9068 4.93194 39.3887
      vertex 7.95584 3.29542 35.1122
    endloop
  endfacet
  facet normal -0.593613 -0.396645 0.700212
    outer loop
      vertex 11.9068 4.93194 39.3887
      vertex 9.11304 9.11304 39.3887
      vertex 7.95584 3.29542 35.1122
    endloop
  endfacet
  facet normal 0.396645 0.593613 0.700212
    outer loop
      vertex -4.93194 -11.9068 39.3887
      vertex -3.29542 -7.95584 35.1122
      vertex -9.11304 -9.11304 39.3887
    endloop
  endfacet
  facet normal 0.700218 0.139282 0.700211
    outer loop
      vertex -7.95584 -3.29542 35.1122
      vertex -8.61134 0 35.1122
      vertex -12.8878 0 39.3887
    endloop
  endfacet
  facet normal 0.593618 0.396642 0.700209
    outer loop
      vertex -6.08914 -6.08914 35.1122
      vertex -7.95584 -3.29542 35.1122
      vertex -9.11304 -9.11304 39.3887
    endloop
  endfacet
  facet normal 0.216148 0.323487 0.921214
    outer loop
      vertex -1.1572 -2.79372 32.7978
      vertex -2.13822 -2.13822 32.7978
      vertex -6.08914 -6.08914 35.1122
    endloop
  endfacet
  facet normal -0.0759006 -0.38158 0.921214
    outer loop
      vertex 1.1572 2.79372 32.7978
      vertex 0 8.61134 35.1122
      vertex 0 3.0239 32.7978
    endloop
  endfacet
  facet normal 0.216148 -0.323487 0.921214
    outer loop
      vertex -2.13822 2.13822 32.7978
      vertex -1.1572 2.79372 32.7978
      vertex -6.08914 6.08914 35.1122
    endloop
  endfacet
  facet normal -0.381581 -0.0759011 0.921214
    outer loop
      vertex 8.61134 0 35.1122
      vertex 7.95584 3.29542 35.1122
      vertex 2.79372 1.1572 32.7978
    endloop
  endfacet
  facet normal -0.38158 -0.0759006 0.921214
    outer loop
      vertex 3.0239 0 32.7978
      vertex 8.61134 0 35.1122
      vertex 2.79372 1.1572 32.7978
    endloop
  endfacet
  facet normal -0.0759006 0.38158 0.921214
    outer loop
      vertex 1.1572 -2.79372 32.7978
      vertex 0 -3.0239 32.7978
      vertex 0 -8.61134 35.1122
    endloop
  endfacet
  facet normal 0.323487 0.216148 0.921214
    outer loop
      vertex -2.13822 -2.13822 32.7978
      vertex -2.79372 -1.1572 32.7978
      vertex -6.08914 -6.08914 35.1122
    endloop
  endfacet
  facet normal 0.323489 0.216148 0.921214
    outer loop
      vertex -6.08914 -6.08914 35.1122
      vertex -2.79372 -1.1572 32.7978
      vertex -7.95584 -3.29542 35.1122
    endloop
  endfacet
  facet normal 0.700218 -0.139282 0.700211
    outer loop
      vertex -8.61134 0 35.1122
      vertex -7.95584 3.29542 35.1122
      vertex -12.8878 0 39.3887
    endloop
  endfacet
  facet normal 0.381581 -0.0759011 0.921214
    outer loop
      vertex -2.79372 1.1572 32.7978
      vertex -7.95584 3.29542 35.1122
      vertex -8.61134 0 35.1122
    endloop
  endfacet
  facet normal 0.139282 0.700218 0.700211
    outer loop
      vertex 0 -12.8878 39.3887
      vertex 0 -8.61134 35.1122
      vertex -3.29542 -7.95584 35.1122
    endloop
  endfacet
  facet normal 0.0759011 0.381581 0.921214
    outer loop
      vertex 0 -8.61134 35.1122
      vertex -1.1572 -2.79372 32.7978
      vertex -3.29542 -7.95584 35.1122
    endloop
  endfacet
  facet normal -0.323487 -0.216148 0.921214
    outer loop
      vertex 2.79372 1.1572 32.7978
      vertex 6.08914 6.08914 35.1122
      vertex 2.13822 2.13822 32.7978
    endloop
  endfacet
  facet normal 0.38158 0.0759006 0.921214
    outer loop
      vertex -2.79372 -1.1572 32.7978
      vertex -3.0239 0 32.7978
      vertex -8.61134 0 35.1122
    endloop
  endfacet
  facet normal 0.38158 -0.0759006 0.921214
    outer loop
      vertex -3.0239 0 32.7978
      vertex -2.79372 1.1572 32.7978
      vertex -8.61134 0 35.1122
    endloop
  endfacet
  facet normal 0 0 1
    outer loop
      vertex 2.79372 1.1572 32.7978
      vertex 2.79372 -1.1572 32.7978
      vertex 3.0239 0 32.7978
    endloop
  endfacet
  facet normal 0 0 1
    outer loop
      vertex 2.13822 2.13822 32.7978
      vertex 2.79372 -1.1572 32.7978
      vertex 2.79372 1.1572 32.7978
    endloop
  endfacet
  facet normal 0 0 1
    outer loop
      vertex 2.13822 2.13822 32.7978
      vertex 2.13822 -2.13822 32.7978
      vertex 2.79372 -1.1572 32.7978
    endloop
  endfacet
  facet normal 0 0 1
    outer loop
      vertex 1.1572 2.79372 32.7978
      vertex 2.13822 -2.13822 32.7978
      vertex 2.13822 2.13822 32.7978
    endloop
  endfacet
  facet normal 0 0 1
    outer loop
      vertex 1.1572 2.79372 32.7978
      vertex 1.1572 -2.79372 32.7978
      vertex 2.13822 -2.13822 32.7978
    endloop
  endfacet
  facet normal 0 0 1
    outer loop
      vertex 0 3.0239 32.7978
      vertex 1.1572 -2.79372 32.7978
      vertex 1.1572 2.79372 32.7978
    endloop
  endfacet
  facet normal 0 0 1
    outer loop
      vertex 0 3.0239 32.7978
      vertex 0 -3.0239 32.7978
      vertex 1.1572 -2.79372 32.7978
    endloop
  endfacet
  facet normal -0 0 1
    outer loop
      vertex -1.1572 2.79372 32.7978
      vertex 0 -3.0239 32.7978
      vertex 0 3.0239 32.7978
    endloop
  endfacet
  facet normal 0 0 1
    outer loop
      vertex -1.1572 2.79372 32.7978
      vertex -1.1572 -2.79372 32.7978
      vertex 0 -3.0239 32.7978
    endloop
  endfacet
  facet normal -0 0 1
    outer loop
      vertex -2.13822 2.13822 32.7978
      vertex -1.1572 -2.79372 32.7978
      vertex -1.1572 2.79372 32.7978
    endloop
  endfacet
  facet normal 0 0 1
    outer loop
      vertex -2.13822 2.13822 32.7978
      vertex -2.13822 -2.13822 32.7978
      vertex -1.1572 -2.79372 32.7978
    endloop
  endfacet
  facet normal -0 0 1
    outer loop
      vertex -2.79372 1.1572 32.7978
      vertex -2.13822 -2.13822 32.7978
      vertex -2.13822 2.13822 32.7978
    endloop
  endfacet
  facet normal 0 0 1
    outer loop
      vertex -2.79372 1.1572 32.7978
      vertex -2.79372 -1.1572 32.7978
      vertex -2.13822 -2.13822 32.7978
    endloop
  endfacet
  facet normal 0 -0 1
    outer loop
      vertex -2.79372 -1.1572 32.7978
      vertex -2.79372 1.1572 32.7978
      vertex -3.0239 0 32.7978
    endloop
  endfacet
endsolid OpenSCAD_Model
