solid OpenSCAD_Model
  facet normal 0 0 1
    outer loop
      vertex 0 211 6
      vertex -1.17474 113.923 6
      vertex 0 114 6
    endloop
  endfacet
  facet normal -0 0 1
    outer loop
      vertex -16 211 6
      vertex -1.17474 113.923 6
      vertex 0 211 6
    endloop
  endfacet
  facet normal 0 0 1
    outer loop
      vertex -1.17474 113.923 6
      vertex -16 211 6
      vertex -2.32937 113.693 6
    endloop
  endfacet
  facet normal 0 0 1
    outer loop
      vertex -2.32937 113.693 6
      vertex -16 211 6
      vertex -3.44415 113.315 6
    endloop
  endfacet
  facet normal 0 0 1
    outer loop
      vertex -16.5221 211.034 6
      vertex -3.44415 113.315 6
      vertex -16 211 6
    endloop
  endfacet
  facet normal 0 0 1
    outer loop
      vertex -3.44415 113.315 6
      vertex -16.5221 211.034 6
      vertex -4.5 112.794 6
    endloop
  endfacet
  facet normal 0 0 1
    outer loop
      vertex -17.0353 211.136 6
      vertex -4.5 112.794 6
      vertex -16.5221 211.034 6
    endloop
  endfacet
  facet normal 0 0 1
    outer loop
      vertex -17.5307 211.304 6
      vertex -4.5 112.794 6
      vertex -17.0353 211.136 6
    endloop
  endfacet
  facet normal 0 0 1
    outer loop
      vertex -4.5 112.794 6
      vertex -17.5307 211.304 6
      vertex -5.47885 112.14 6
    endloop
  endfacet
  facet normal 0 0 1
    outer loop
      vertex -18 211.536 6
      vertex -5.47885 112.14 6
      vertex -17.5307 211.304 6
    endloop
  endfacet
  facet normal 0 0 1
    outer loop
      vertex -5.47885 112.14 6
      vertex -18 211.536 6
      vertex -6.36396 111.364 6
    endloop
  endfacet
  facet normal -0 0 1
    outer loop
      vertex -133.556 140.848 6
      vertex -7.14018 110.479 6
      vertex -18.435 211.827 6
    endloop
  endfacet
  facet normal 0 0 1
    outer loop
      vertex -6.36396 111.364 6
      vertex -18.435 211.827 6
      vertex -7.14018 110.479 6
    endloop
  endfacet
  facet normal 0 0 1
    outer loop
      vertex -18.435 211.827 6
      vertex -6.36396 111.364 6
      vertex -18 211.536 6
    endloop
  endfacet
  facet normal 0 0 1
    outer loop
      vertex -1.17474 96.077 6
      vertex 0 24 6
      vertex 0 96 6
    endloop
  endfacet
  facet normal 0 0 1
    outer loop
      vertex -1.17474 96.077 6
      vertex -1.17474 23.923 6
      vertex 0 24 6
    endloop
  endfacet
  facet normal 0 0 1
    outer loop
      vertex -2.32937 96.3067 6
      vertex -1.17474 23.923 6
      vertex -1.17474 96.077 6
    endloop
  endfacet
  facet normal 0 0 1
    outer loop
      vertex -2.32937 96.3067 6
      vertex -2.32937 23.6933 6
      vertex -1.17474 23.923 6
    endloop
  endfacet
  facet normal 0 0 1
    outer loop
      vertex -3.44415 96.6851 6
      vertex -2.32937 23.6933 6
      vertex -2.32937 96.3067 6
    endloop
  endfacet
  facet normal 0 0 1
    outer loop
      vertex -3.44415 96.6851 6
      vertex -3.44415 23.3149 6
      vertex -2.32937 23.6933 6
    endloop
  endfacet
  facet normal 0 0 1
    outer loop
      vertex -4.5 97.2058 6
      vertex -3.44415 23.3149 6
      vertex -3.44415 96.6851 6
    endloop
  endfacet
  facet normal 0 0 1
    outer loop
      vertex -4.5 97.2058 6
      vertex -4.5 22.7942 6
      vertex -3.44415 23.3149 6
    endloop
  endfacet
  facet normal 0 0 1
    outer loop
      vertex -5.47885 97.8598 6
      vertex -4.5 22.7942 6
      vertex -4.5 97.2058 6
    endloop
  endfacet
  facet normal 0 0 1
    outer loop
      vertex -5.47885 97.8598 6
      vertex -5.47885 22.1402 6
      vertex -4.5 22.7942 6
    endloop
  endfacet
  facet normal 0 0 1
    outer loop
      vertex -6.36396 98.636 6
      vertex -5.47885 22.1402 6
      vertex -5.47885 97.8598 6
    endloop
  endfacet
  facet normal 0 0 1
    outer loop
      vertex -6.36396 98.636 6
      vertex -6.36396 21.364 6
      vertex -5.47885 22.1402 6
    endloop
  endfacet
  facet normal 0 0 1
    outer loop
      vertex -7.14018 99.5211 6
      vertex -6.36396 21.364 6
      vertex -6.36396 98.636 6
    endloop
  endfacet
  facet normal 0 0 1
    outer loop
      vertex -7.14018 99.5211 6
      vertex -7.14018 20.4789 6
      vertex -6.36396 21.364 6
    endloop
  endfacet
  facet normal 0 0 1
    outer loop
      vertex -7.79423 100.5 6
      vertex -7.14018 20.4789 6
      vertex -7.14018 99.5211 6
    endloop
  endfacet
  facet normal 0 0 1
    outer loop
      vertex -7.79423 100.5 6
      vertex -7.79423 19.5 6
      vertex -7.14018 20.4789 6
    endloop
  endfacet
  facet normal 0 0 1
    outer loop
      vertex -8.31492 101.556 6
      vertex -7.79423 19.5 6
      vertex -7.79423 100.5 6
    endloop
  endfacet
  facet normal 0 0 1
    outer loop
      vertex -8.31492 101.556 6
      vertex -8.31492 18.4441 6
      vertex -7.79423 19.5 6
    endloop
  endfacet
  facet normal 0 0 1
    outer loop
      vertex -8.69333 102.671 6
      vertex -8.31492 18.4441 6
      vertex -8.31492 101.556 6
    endloop
  endfacet
  facet normal 0 0 1
    outer loop
      vertex -8.69333 102.671 6
      vertex -8.69333 17.3294 6
      vertex -8.31492 18.4441 6
    endloop
  endfacet
  facet normal 0 0 1
    outer loop
      vertex -8.923 103.825 6
      vertex -8.69333 17.3294 6
      vertex -8.69333 102.671 6
    endloop
  endfacet
  facet normal 0 0 1
    outer loop
      vertex -8.923 103.825 6
      vertex -8.923 16.1747 6
      vertex -8.69333 17.3294 6
    endloop
  endfacet
  facet normal 0 0 1
    outer loop
      vertex -9 105 6
      vertex -8.923 16.1747 6
      vertex -8.923 103.825 6
    endloop
  endfacet
  facet normal 0 0 1
    outer loop
      vertex -8.923 16.1747 6
      vertex -9 105 6
      vertex -9 15 6
    endloop
  endfacet
  facet normal 0 0 1
    outer loop
      vertex -1.17474 6.077 6
      vertex 0 0 6
      vertex 0 6 6
    endloop
  endfacet
  facet normal 0 0 1
    outer loop
      vertex -2.32937 6.30667 6
      vertex 0 0 6
      vertex -1.17474 6.077 6
    endloop
  endfacet
  facet normal 0 0 1
    outer loop
      vertex -3.44415 6.68508 6
      vertex 0 0 6
      vertex -2.32937 6.30667 6
    endloop
  endfacet
  facet normal 0 0 1
    outer loop
      vertex -4.5 7.20577 6
      vertex 0 0 6
      vertex -3.44415 6.68508 6
    endloop
  endfacet
  facet normal 0 0 1
    outer loop
      vertex -5.47885 7.85982 6
      vertex 0 0 6
      vertex -4.5 7.20577 6
    endloop
  endfacet
  facet normal 0 0 1
    outer loop
      vertex -6.36396 8.63604 6
      vertex 0 0 6
      vertex -5.47885 7.85982 6
    endloop
  endfacet
  facet normal 0 0 1
    outer loop
      vertex -61 0 6
      vertex -6.36396 8.63604 6
      vertex -7.14018 9.52115 6
    endloop
  endfacet
  facet normal 0 0 1
    outer loop
      vertex -7.14018 110.479 6
      vertex -133.556 140.848 6
      vertex -7.79423 109.5 6
    endloop
  endfacet
  facet normal -0 -0 1
    outer loop
      vertex -133.5 140 6
      vertex -7.79423 109.5 6
      vertex -133.556 140.848 6
    endloop
  endfacet
  facet normal 0 0 1
    outer loop
      vertex -7.79423 109.5 6
      vertex -133.5 140 6
      vertex -8.31492 108.444 6
    endloop
  endfacet
  facet normal -0 0 1
    outer loop
      vertex -133.556 139.152 6
      vertex -8.31492 108.444 6
      vertex -133.5 140 6
    endloop
  endfacet
  facet normal 0 0 1
    outer loop
      vertex -8.31492 108.444 6
      vertex -133.556 139.152 6
      vertex -8.69333 107.329 6
    endloop
  endfacet
  facet normal 0 0 1
    outer loop
      vertex -133.721 141.682 6
      vertex -18.435 211.827 6
      vertex -18.8284 212.172 6
    endloop
  endfacet
  facet normal 0 0 1
    outer loop
      vertex -133.995 142.487 6
      vertex -18.8284 212.172 6
      vertex -19.1734 212.565 6
    endloop
  endfacet
  facet normal 0 0 1
    outer loop
      vertex -134.371 143.25 6
      vertex -19.1734 212.565 6
      vertex -19.4641 213 6
    endloop
  endfacet
  facet normal 0 0 1
    outer loop
      vertex -134.843 143.957 6
      vertex -19.4641 213 6
      vertex -19.6955 213.469 6
    endloop
  endfacet
  facet normal 0 0 1
    outer loop
      vertex -135.404 144.596 6
      vertex -19.6955 213.469 6
      vertex -19.8637 213.965 6
    endloop
  endfacet
  facet normal 0 0 1
    outer loop
      vertex -136.043 145.157 6
      vertex -19.8637 213.965 6
      vertex -19.9658 214.478 6
    endloop
  endfacet
  facet normal 0 0 1
    outer loop
      vertex -136.75 145.629 6
      vertex -19.9658 214.478 6
      vertex -20 215 6
    endloop
  endfacet
  facet normal 0 -0 1
    outer loop
      vertex -26.4992 29.654 6
      vertex -9 105 6
      vertex -26.6933 29.8753 6
    endloop
  endfacet
  facet normal -0 0 1
    outer loop
      vertex -26.0535 27.9906 6
      vertex -9 15 6
      vertex -26.0343 28.2843 6
    endloop
  endfacet
  facet normal -0 0 1
    outer loop
      vertex -26.1109 27.7019 6
      vertex -9 15 6
      vertex -26.0535 27.9906 6
    endloop
  endfacet
  facet normal -0 0 1
    outer loop
      vertex -26.2055 27.4232 6
      vertex -9 15 6
      vertex -26.1109 27.7019 6
    endloop
  endfacet
  facet normal -0 0 1
    outer loop
      vertex -26.3357 27.1593 6
      vertex -9 15 6
      vertex -26.2055 27.4232 6
    endloop
  endfacet
  facet normal -0 0 1
    outer loop
      vertex -26.4992 26.9146 6
      vertex -9 15 6
      vertex -26.3357 27.1593 6
    endloop
  endfacet
  facet normal -0 0 1
    outer loop
      vertex -26.6933 26.6933 6
      vertex -9 15 6
      vertex -26.4992 26.9146 6
    endloop
  endfacet
  facet normal -0 0 1
    outer loop
      vertex -26.9146 26.4992 6
      vertex -9 15 6
      vertex -26.6933 26.6933 6
    endloop
  endfacet
  facet normal -0 0 1
    outer loop
      vertex -27.1593 26.3357 6
      vertex -9 15 6
      vertex -26.9146 26.4992 6
    endloop
  endfacet
  facet normal -0 0 1
    outer loop
      vertex -27.4232 26.2055 6
      vertex -9 15 6
      vertex -27.1593 26.3357 6
    endloop
  endfacet
  facet normal 0 0 1
    outer loop
      vertex -9 15 6
      vertex -27.4232 26.2055 6
      vertex -8.923 13.8253 6
    endloop
  endfacet
  facet normal -0 0 1
    outer loop
      vertex -27.7019 26.1109 6
      vertex -8.923 13.8253 6
      vertex -27.4232 26.2055 6
    endloop
  endfacet
  facet normal 0 0 1
    outer loop
      vertex -8.923 13.8253 6
      vertex -27.7019 26.1109 6
      vertex -8.69333 12.6706 6
    endloop
  endfacet
  facet normal -0 0 1
    outer loop
      vertex -27.9906 26.0535 6
      vertex -8.69333 12.6706 6
      vertex -27.7019 26.1109 6
    endloop
  endfacet
  facet normal -0 0 1
    outer loop
      vertex -28.2843 26.0343 6
      vertex -8.69333 12.6706 6
      vertex -27.9906 26.0535 6
    endloop
  endfacet
  facet normal 0 0 1
    outer loop
      vertex -8.69333 12.6706 6
      vertex -28.2843 26.0343 6
      vertex -8.31492 11.5558 6
    endloop
  endfacet
  facet normal 0 0 1
    outer loop
      vertex -28.578 26.0535 6
      vertex -8.31492 11.5558 6
      vertex -28.2843 26.0343 6
    endloop
  endfacet
  facet normal 0 0 1
    outer loop
      vertex -8.31492 11.5558 6
      vertex -28.578 26.0535 6
      vertex -7.79423 10.5 6
    endloop
  endfacet
  facet normal 0 0 1
    outer loop
      vertex -61 0 6
      vertex -7.79423 10.5 6
      vertex -28.578 26.0535 6
    endloop
  endfacet
  facet normal 0 0 1
    outer loop
      vertex -7.79423 10.5 6
      vertex -61 0 6
      vertex -7.14018 9.52115 6
    endloop
  endfacet
  facet normal 0 0 1
    outer loop
      vertex -61 0 6
      vertex -28.578 26.0535 6
      vertex -28.8666 26.1109 6
    endloop
  endfacet
  facet normal 0 0 1
    outer loop
      vertex -61.077 1.17474 6
      vertex -28.8666 26.1109 6
      vertex -29.1453 26.2055 6
    endloop
  endfacet
  facet normal 0 0 1
    outer loop
      vertex -61.077 1.17474 6
      vertex -29.1453 26.2055 6
      vertex -29.4093 26.3357 6
    endloop
  endfacet
  facet normal 0 0 1
    outer loop
      vertex -61.3067 2.32937 6
      vertex -29.4093 26.3357 6
      vertex -29.654 26.4992 6
    endloop
  endfacet
  facet normal 0 0 1
    outer loop
      vertex -61.6851 3.44415 6
      vertex -29.654 26.4992 6
      vertex -29.8753 26.6933 6
    endloop
  endfacet
  facet normal 0 0 1
    outer loop
      vertex -6.36396 8.63604 6
      vertex -61 0 6
      vertex 0 0 6
    endloop
  endfacet
  facet normal 0 0 1
    outer loop
      vertex -62.2058 4.5 6
      vertex -29.8753 26.6933 6
      vertex -30.0693 26.9146 6
    endloop
  endfacet
  facet normal 0 0 1
    outer loop
      vertex -62.8598 5.47885 6
      vertex -30.0693 26.9146 6
      vertex -30.2328 27.1593 6
    endloop
  endfacet
  facet normal 0 0 1
    outer loop
      vertex -62.8598 5.47885 6
      vertex -30.2328 27.1593 6
      vertex -30.363 27.4232 6
    endloop
  endfacet
  facet normal 0 0 1
    outer loop
      vertex -63.636 6.36396 6
      vertex -30.363 27.4232 6
      vertex -30.4576 27.7019 6
    endloop
  endfacet
  facet normal 0 0 1
    outer loop
      vertex -64.5211 7.14018 6
      vertex -30.4576 27.7019 6
      vertex -30.515 27.9906 6
    endloop
  endfacet
  facet normal 0 0 1
    outer loop
      vertex -65.5 7.79423 6
      vertex -30.515 27.9906 6
      vertex -30.5343 28.2843 6
    endloop
  endfacet
  facet normal 0 0 1
    outer loop
      vertex -136.75 145.629 6
      vertex -20 215 6
      vertex -20 221 6
    endloop
  endfacet
  facet normal 0 0 1
    outer loop
      vertex -9 15 6
      vertex -26.0535 28.578 6
      vertex -26.0343 28.2843 6
    endloop
  endfacet
  facet normal 0 0 1
    outer loop
      vertex -9 15 6
      vertex -26.1109 28.8666 6
      vertex -26.0535 28.578 6
    endloop
  endfacet
  facet normal 0 0 1
    outer loop
      vertex -9 15 6
      vertex -26.2055 29.1453 6
      vertex -26.1109 28.8666 6
    endloop
  endfacet
  facet normal 0 0 1
    outer loop
      vertex -9 15 6
      vertex -26.3357 29.4093 6
      vertex -26.2055 29.1453 6
    endloop
  endfacet
  facet normal 0 0 1
    outer loop
      vertex -9 15 6
      vertex -26.4992 29.654 6
      vertex -26.3357 29.4093 6
    endloop
  endfacet
  facet normal 0 0 1
    outer loop
      vertex -9 105 6
      vertex -26.4992 29.654 6
      vertex -9 15 6
    endloop
  endfacet
  facet normal 0 0 1
    outer loop
      vertex -9 105 6
      vertex -26.9146 30.0693 6
      vertex -26.6933 29.8753 6
    endloop
  endfacet
  facet normal 0 0 1
    outer loop
      vertex -9 105 6
      vertex -27.1593 30.2328 6
      vertex -26.9146 30.0693 6
    endloop
  endfacet
  facet normal 0 0 1
    outer loop
      vertex -9 105 6
      vertex -27.4232 30.363 6
      vertex -27.1593 30.2328 6
    endloop
  endfacet
  facet normal 0 0 1
    outer loop
      vertex -9 105 6
      vertex -27.7019 30.4576 6
      vertex -27.4232 30.363 6
    endloop
  endfacet
  facet normal 0 0 1
    outer loop
      vertex -9 105 6
      vertex -27.9906 30.515 6
      vertex -27.7019 30.4576 6
    endloop
  endfacet
  facet normal 0 0 1
    outer loop
      vertex -9 105 6
      vertex -28.2843 30.5343 6
      vertex -27.9906 30.515 6
    endloop
  endfacet
  facet normal 0 0 1
    outer loop
      vertex -9 105 6
      vertex -28.578 30.515 6
      vertex -28.2843 30.5343 6
    endloop
  endfacet
  facet normal -0 0 1
    outer loop
      vertex -133.995 137.513 6
      vertex -8.923 106.175 6
      vertex -133.721 138.318 6
    endloop
  endfacet
  facet normal 0 0 1
    outer loop
      vertex -8.923 106.175 6
      vertex -133.995 137.513 6
      vertex -9 105 6
    endloop
  endfacet
  facet normal 0 0 1
    outer loop
      vertex -9 105 6
      vertex -28.8666 30.4576 6
      vertex -28.578 30.515 6
    endloop
  endfacet
  facet normal -0 0 1
    outer loop
      vertex -134.371 136.75 6
      vertex -9 105 6
      vertex -133.995 137.513 6
    endloop
  endfacet
  facet normal 0 0 1
    outer loop
      vertex -9 105 6
      vertex -29.1453 30.363 6
      vertex -28.8666 30.4576 6
    endloop
  endfacet
  facet normal -0 0 1
    outer loop
      vertex -134.843 136.043 6
      vertex -9 105 6
      vertex -134.371 136.75 6
    endloop
  endfacet
  facet normal 0 0 1
    outer loop
      vertex -9 105 6
      vertex -29.4093 30.2328 6
      vertex -29.1453 30.363 6
    endloop
  endfacet
  facet normal -0 0 1
    outer loop
      vertex -135.404 135.404 6
      vertex -9 105 6
      vertex -134.843 136.043 6
    endloop
  endfacet
  facet normal 0 0 1
    outer loop
      vertex -9 105 6
      vertex -29.654 30.0693 6
      vertex -29.4093 30.2328 6
    endloop
  endfacet
  facet normal 0 0 1
    outer loop
      vertex -9 105 6
      vertex -29.8753 29.8753 6
      vertex -29.654 30.0693 6
    endloop
  endfacet
  facet normal 0 0 1
    outer loop
      vertex -9 105 6
      vertex -135.404 135.404 6
      vertex -29.8753 29.8753 6
    endloop
  endfacet
  facet normal 0 -0 1
    outer loop
      vertex -71.1747 8.923 6
      vertex -29.8753 29.8753 6
      vertex -135.404 135.404 6
    endloop
  endfacet
  facet normal 0 0 1
    outer loop
      vertex -137.513 146.005 6
      vertex -20 221 6
      vertex -19.9658 221.522 6
    endloop
  endfacet
  facet normal 0 0 1
    outer loop
      vertex -28.8666 26.1109 6
      vertex -61.077 1.17474 6
      vertex -61 0 6
    endloop
  endfacet
  facet normal 0 0 1
    outer loop
      vertex -29.4093 26.3357 6
      vertex -61.3067 2.32937 6
      vertex -61.077 1.17474 6
    endloop
  endfacet
  facet normal 0 0 1
    outer loop
      vertex -29.654 26.4992 6
      vertex -61.6851 3.44415 6
      vertex -61.3067 2.32937 6
    endloop
  endfacet
  facet normal 0 0 1
    outer loop
      vertex -29.8753 26.6933 6
      vertex -62.2058 4.5 6
      vertex -61.6851 3.44415 6
    endloop
  endfacet
  facet normal 0 0 1
    outer loop
      vertex -30.0693 26.9146 6
      vertex -62.8598 5.47885 6
      vertex -62.2058 4.5 6
    endloop
  endfacet
  facet normal 0 0 1
    outer loop
      vertex -30.363 27.4232 6
      vertex -63.636 6.36396 6
      vertex -62.8598 5.47885 6
    endloop
  endfacet
  facet normal 0 0 1
    outer loop
      vertex -206 225 6
      vertex -19.9658 221.522 6
      vertex -19.8637 222.035 6
    endloop
  endfacet
  facet normal 0 0 1
    outer loop
      vertex -30.4576 27.7019 6
      vertex -64.5211 7.14018 6
      vertex -63.636 6.36396 6
    endloop
  endfacet
  facet normal 0 0 1
    outer loop
      vertex -30.515 27.9906 6
      vertex -65.5 7.79423 6
      vertex -64.5211 7.14018 6
    endloop
  endfacet
  facet normal 0 0 1
    outer loop
      vertex -30.5343 28.2843 6
      vertex -66.5558 8.31492 6
      vertex -65.5 7.79423 6
    endloop
  endfacet
  facet normal 0 -0 1
    outer loop
      vertex -70 9 6
      vertex -30.0693 29.654 6
      vertex -71.1747 8.923 6
    endloop
  endfacet
  facet normal 0 0 1
    outer loop
      vertex -30.515 28.578 6
      vertex -66.5558 8.31492 6
      vertex -30.5343 28.2843 6
    endloop
  endfacet
  facet normal 0 0 1
    outer loop
      vertex -30.0693 29.654 6
      vertex -70 9 6
      vertex -30.2328 29.4093 6
    endloop
  endfacet
  facet normal 0 0 1
    outer loop
      vertex -30.4576 28.8666 6
      vertex -66.5558 8.31492 6
      vertex -30.515 28.578 6
    endloop
  endfacet
  facet normal 0 -0 1
    outer loop
      vertex -68.8253 8.923 6
      vertex -30.2328 29.4093 6
      vertex -70 9 6
    endloop
  endfacet
  facet normal 0 -0 1
    outer loop
      vertex -66.5558 8.31492 6
      vertex -30.4576 28.8666 6
      vertex -67.6706 8.69333 6
    endloop
  endfacet
  facet normal 0 0 1
    outer loop
      vertex -30.2328 29.4093 6
      vertex -68.8253 8.923 6
      vertex -30.363 29.1453 6
    endloop
  endfacet
  facet normal 0 0 1
    outer loop
      vertex -30.363 29.1453 6
      vertex -67.6706 8.69333 6
      vertex -30.4576 28.8666 6
    endloop
  endfacet
  facet normal 0 -0 1
    outer loop
      vertex -67.6706 8.69333 6
      vertex -30.363 29.1453 6
      vertex -68.8253 8.923 6
    endloop
  endfacet
  facet normal 0 0 1
    outer loop
      vertex -71.1747 8.923 6
      vertex -135.404 135.404 6
      vertex -72.3294 8.69333 6
    endloop
  endfacet
  facet normal -0 0 1
    outer loop
      vertex -136.043 134.843 6
      vertex -72.3294 8.69333 6
      vertex -135.404 135.404 6
    endloop
  endfacet
  facet normal 0 0 1
    outer loop
      vertex -72.3294 8.69333 6
      vertex -136.043 134.843 6
      vertex -73.4442 8.31492 6
    endloop
  endfacet
  facet normal -0 0 1
    outer loop
      vertex -136.75 134.371 6
      vertex -73.4442 8.31492 6
      vertex -136.043 134.843 6
    endloop
  endfacet
  facet normal 0 0 1
    outer loop
      vertex -73.4442 8.31492 6
      vertex -136.75 134.371 6
      vertex -74.5 7.79423 6
    endloop
  endfacet
  facet normal 0 0 1
    outer loop
      vertex -29.8753 29.8753 6
      vertex -71.1747 8.923 6
      vertex -30.0693 29.654 6
    endloop
  endfacet
  facet normal 0 0 1
    outer loop
      vertex -8.69333 107.329 6
      vertex -133.721 138.318 6
      vertex -8.923 106.175 6
    endloop
  endfacet
  facet normal 0 0 1
    outer loop
      vertex -206 225 6
      vertex -19.8637 222.035 6
      vertex -19.6955 222.531 6
    endloop
  endfacet
  facet normal 0 0 1
    outer loop
      vertex -206 225 6
      vertex -19.6955 222.531 6
      vertex -19.4641 223 6
    endloop
  endfacet
  facet normal 0 0 1
    outer loop
      vertex -206 225 6
      vertex -19.4641 223 6
      vertex -19.1734 223.435 6
    endloop
  endfacet
  facet normal 0 0 1
    outer loop
      vertex -206 225 6
      vertex -19.1734 223.435 6
      vertex -18.8284 223.828 6
    endloop
  endfacet
  facet normal 0 0 1
    outer loop
      vertex -206 225 6
      vertex -18.8284 223.828 6
      vertex -18.435 224.173 6
    endloop
  endfacet
  facet normal -0 0 1
    outer loop
      vertex -133.721 138.318 6
      vertex -8.69333 107.329 6
      vertex -133.556 139.152 6
    endloop
  endfacet
  facet normal 0 0 1
    outer loop
      vertex -18.435 211.827 6
      vertex -133.721 141.682 6
      vertex -133.556 140.848 6
    endloop
  endfacet
  facet normal 0 0 1
    outer loop
      vertex -18.8284 212.172 6
      vertex -133.995 142.487 6
      vertex -133.721 141.682 6
    endloop
  endfacet
  facet normal 0 0 1
    outer loop
      vertex -19.1734 212.565 6
      vertex -134.371 143.25 6
      vertex -133.995 142.487 6
    endloop
  endfacet
  facet normal 0 0 1
    outer loop
      vertex -19.4641 213 6
      vertex -134.843 143.957 6
      vertex -134.371 143.25 6
    endloop
  endfacet
  facet normal 0 0 1
    outer loop
      vertex -19.6955 213.469 6
      vertex -135.404 144.596 6
      vertex -134.843 143.957 6
    endloop
  endfacet
  facet normal 0 0 1
    outer loop
      vertex -19.8637 213.965 6
      vertex -136.043 145.157 6
      vertex -135.404 144.596 6
    endloop
  endfacet
  facet normal 0 0 1
    outer loop
      vertex -19.9658 214.478 6
      vertex -136.75 145.629 6
      vertex -136.043 145.157 6
    endloop
  endfacet
  facet normal 0 0 1
    outer loop
      vertex -206 225 6
      vertex -18.435 224.173 6
      vertex -18 224.464 6
    endloop
  endfacet
  facet normal 0 0 1
    outer loop
      vertex -20 221 6
      vertex -137.513 146.005 6
      vertex -136.75 145.629 6
    endloop
  endfacet
  facet normal 0 0 1
    outer loop
      vertex -19.9658 221.522 6
      vertex -138.318 146.279 6
      vertex -137.513 146.005 6
    endloop
  endfacet
  facet normal 0 0 1
    outer loop
      vertex -19.9658 221.522 6
      vertex -206 225 6
      vertex -138.318 146.279 6
    endloop
  endfacet
  facet normal 0 0 1
    outer loop
      vertex -138.318 146.279 6
      vertex -206 225 6
      vertex -139.152 146.444 6
    endloop
  endfacet
  facet normal 0 0 1
    outer loop
      vertex -139.152 146.444 6
      vertex -206 225 6
      vertex -140 146.5 6
    endloop
  endfacet
  facet normal 0 0 1
    outer loop
      vertex -140 146.5 6
      vertex -206 225 6
      vertex -140.848 146.444 6
    endloop
  endfacet
  facet normal 0 0 1
    outer loop
      vertex -140.848 146.444 6
      vertex -206 225 6
      vertex -141.682 146.279 6
    endloop
  endfacet
  facet normal 0 0 1
    outer loop
      vertex -141.682 146.279 6
      vertex -206 225 6
      vertex -142.487 146.005 6
    endloop
  endfacet
  facet normal 0 0 1
    outer loop
      vertex -79 0 6
      vertex -151.077 1.17474 6
      vertex -151 0 6
    endloop
  endfacet
  facet normal 0 0 1
    outer loop
      vertex -146.444 139.152 6
      vertex -151.307 2.32937 6
      vertex -151.077 1.17474 6
    endloop
  endfacet
  facet normal 0 0 1
    outer loop
      vertex -146.444 139.152 6
      vertex -151.685 3.44415 6
      vertex -151.307 2.32937 6
    endloop
  endfacet
  facet normal 0 0 1
    outer loop
      vertex -146.444 139.152 6
      vertex -152.206 4.5 6
      vertex -151.685 3.44415 6
    endloop
  endfacet
  facet normal 0 0 1
    outer loop
      vertex -146.444 139.152 6
      vertex -152.86 5.47885 6
      vertex -152.206 4.5 6
    endloop
  endfacet
  facet normal 0 0 1
    outer loop
      vertex -146.444 139.152 6
      vertex -153.636 6.36396 6
      vertex -152.86 5.47885 6
    endloop
  endfacet
  facet normal 0 0 1
    outer loop
      vertex -146.444 139.152 6
      vertex -154.521 7.14018 6
      vertex -153.636 6.36396 6
    endloop
  endfacet
  facet normal 0 0 1
    outer loop
      vertex -146.444 139.152 6
      vertex -155.5 7.79423 6
      vertex -154.521 7.14018 6
    endloop
  endfacet
  facet normal 0 0 1
    outer loop
      vertex -220 211 6
      vertex -146.5 140 6
      vertex -146.444 140.848 6
    endloop
  endfacet
  facet normal 0 0 1
    outer loop
      vertex -146.444 139.152 6
      vertex -156.556 8.31492 6
      vertex -155.5 7.79423 6
    endloop
  endfacet
  facet normal 0 0 1
    outer loop
      vertex -146.444 139.152 6
      vertex -157.671 8.69333 6
      vertex -156.556 8.31492 6
    endloop
  endfacet
  facet normal 0 0 1
    outer loop
      vertex -146.444 139.152 6
      vertex -158.825 8.923 6
      vertex -157.671 8.69333 6
    endloop
  endfacet
  facet normal 0 0 1
    outer loop
      vertex -146.444 139.152 6
      vertex -160 9 6
      vertex -158.825 8.923 6
    endloop
  endfacet
  facet normal 0 0 1
    outer loop
      vertex -146.444 139.152 6
      vertex -161.175 8.923 6
      vertex -160 9 6
    endloop
  endfacet
  facet normal 0 0 1
    outer loop
      vertex -146.444 139.152 6
      vertex -162.329 8.69333 6
      vertex -161.175 8.923 6
    endloop
  endfacet
  facet normal 0 0 1
    outer loop
      vertex -146.444 139.152 6
      vertex -163.444 8.31492 6
      vertex -162.329 8.69333 6
    endloop
  endfacet
  facet normal 0 0 1
    outer loop
      vertex -146.444 139.152 6
      vertex -164.5 7.79423 6
      vertex -163.444 8.31492 6
    endloop
  endfacet
  facet normal 0 0 1
    outer loop
      vertex -146.444 139.152 6
      vertex -220 0 6
      vertex -164.5 7.79423 6
    endloop
  endfacet
  facet normal 0 0 1
    outer loop
      vertex -164.5 7.79423 6
      vertex -220 0 6
      vertex -165.479 7.14018 6
    endloop
  endfacet
  facet normal 0 0 1
    outer loop
      vertex -165.479 7.14018 6
      vertex -220 0 6
      vertex -166.364 6.36396 6
    endloop
  endfacet
  facet normal 0 0 1
    outer loop
      vertex -166.364 6.36396 6
      vertex -220 0 6
      vertex -167.14 5.47885 6
    endloop
  endfacet
  facet normal 0 0 1
    outer loop
      vertex -167.14 5.47885 6
      vertex -220 0 6
      vertex -167.794 4.5 6
    endloop
  endfacet
  facet normal 0 0 1
    outer loop
      vertex -167.794 4.5 6
      vertex -220 0 6
      vertex -168.315 3.44415 6
    endloop
  endfacet
  facet normal 0 0 1
    outer loop
      vertex -168.315 3.44415 6
      vertex -220 0 6
      vertex -168.693 2.32937 6
    endloop
  endfacet
  facet normal -0 0 1
    outer loop
      vertex -206 225 6
      vertex -16.5221 224.966 6
      vertex -16 225 6
    endloop
  endfacet
  facet normal 0 0 1
    outer loop
      vertex -206 225 6
      vertex -17.0353 224.864 6
      vertex -16.5221 224.966 6
    endloop
  endfacet
  facet normal 0 0 1
    outer loop
      vertex -206 225 6
      vertex -17.5307 224.696 6
      vertex -17.0353 224.864 6
    endloop
  endfacet
  facet normal 0 0 1
    outer loop
      vertex -206 225 6
      vertex -18 224.464 6
      vertex -17.5307 224.696 6
    endloop
  endfacet
  facet normal 0 0 1
    outer loop
      vertex -142.487 146.005 6
      vertex -206 225 6
      vertex -143.25 145.629 6
    endloop
  endfacet
  facet normal 0 0 1
    outer loop
      vertex -206 225 6
      vertex -143.957 145.157 6
      vertex -143.25 145.629 6
    endloop
  endfacet
  facet normal 0 0 1
    outer loop
      vertex -206 225 6
      vertex -144.596 144.596 6
      vertex -143.957 145.157 6
    endloop
  endfacet
  facet normal -0 0 1
    outer loop
      vertex -220 211 6
      vertex -144.596 144.596 6
      vertex -206 225 6
    endloop
  endfacet
  facet normal 0 0 1
    outer loop
      vertex -144.596 144.596 6
      vertex -220 211 6
      vertex -145.157 143.957 6
    endloop
  endfacet
  facet normal 0 0 1
    outer loop
      vertex -145.157 143.957 6
      vertex -220 211 6
      vertex -145.629 143.25 6
    endloop
  endfacet
  facet normal 0 0 1
    outer loop
      vertex -145.629 143.25 6
      vertex -220 211 6
      vertex -146.005 142.487 6
    endloop
  endfacet
  facet normal 0 0 1
    outer loop
      vertex -146.005 142.487 6
      vertex -220 211 6
      vertex -146.279 141.682 6
    endloop
  endfacet
  facet normal 0 0 1
    outer loop
      vertex -146.279 141.682 6
      vertex -220 211 6
      vertex -146.444 140.848 6
    endloop
  endfacet
  facet normal 0 0 1
    outer loop
      vertex -146.444 139.152 6
      vertex -220 211 6
      vertex -220 0 6
    endloop
  endfacet
  facet normal 0 0 1
    outer loop
      vertex -220 211 6
      vertex -206 225 6
      vertex -207.827 224.88 6
    endloop
  endfacet
  facet normal 0 0 1
    outer loop
      vertex -220 211 6
      vertex -207.827 224.88 6
      vertex -209.623 224.523 6
    endloop
  endfacet
  facet normal 0 0 1
    outer loop
      vertex -220 211 6
      vertex -209.623 224.523 6
      vertex -211.358 223.934 6
    endloop
  endfacet
  facet normal 0 0 1
    outer loop
      vertex -220 211 6
      vertex -211.358 223.934 6
      vertex -213 223.124 6
    endloop
  endfacet
  facet normal 0 0 1
    outer loop
      vertex -220 211 6
      vertex -213 223.124 6
      vertex -214.523 222.107 6
    endloop
  endfacet
  facet normal 0 0 1
    outer loop
      vertex -220 211 6
      vertex -214.523 222.107 6
      vertex -215.899 220.899 6
    endloop
  endfacet
  facet normal 0 0 1
    outer loop
      vertex -220 211 6
      vertex -215.899 220.899 6
      vertex -217.107 219.523 6
    endloop
  endfacet
  facet normal 0 0 1
    outer loop
      vertex -220 211 6
      vertex -217.107 219.523 6
      vertex -218.124 218 6
    endloop
  endfacet
  facet normal 0 0 1
    outer loop
      vertex -220 211 6
      vertex -218.124 218 6
      vertex -218.934 216.358 6
    endloop
  endfacet
  facet normal 0 0 1
    outer loop
      vertex -220 211 6
      vertex -218.934 216.358 6
      vertex -219.523 214.623 6
    endloop
  endfacet
  facet normal 0 0 1
    outer loop
      vertex -220 211 6
      vertex -219.523 214.623 6
      vertex -219.88 212.827 6
    endloop
  endfacet
  facet normal 0 0 1
    outer loop
      vertex -168.693 2.32937 6
      vertex -220 0 6
      vertex -168.923 1.17474 6
    endloop
  endfacet
  facet normal 0 0 1
    outer loop
      vertex -168.923 1.17474 6
      vertex -220 0 6
      vertex -169 0 6
    endloop
  endfacet
  facet normal -0 0 1
    outer loop
      vertex -137.513 133.995 6
      vertex -74.5 7.79423 6
      vertex -136.75 134.371 6
    endloop
  endfacet
  facet normal 0 0 1
    outer loop
      vertex -74.5 7.79423 6
      vertex -137.513 133.995 6
      vertex -75.4789 7.14018 6
    endloop
  endfacet
  facet normal -0 0 1
    outer loop
      vertex -138.318 133.721 6
      vertex -75.4789 7.14018 6
      vertex -137.513 133.995 6
    endloop
  endfacet
  facet normal 0 0 1
    outer loop
      vertex -151.077 1.17474 6
      vertex -75.4789 7.14018 6
      vertex -138.318 133.721 6
    endloop
  endfacet
  facet normal 0 0 1
    outer loop
      vertex -75.4789 7.14018 6
      vertex -151.077 1.17474 6
      vertex -76.364 6.36396 6
    endloop
  endfacet
  facet normal 0 0 1
    outer loop
      vertex -76.364 6.36396 6
      vertex -151.077 1.17474 6
      vertex -77.1402 5.47885 6
    endloop
  endfacet
  facet normal 0 0 1
    outer loop
      vertex -77.1402 5.47885 6
      vertex -151.077 1.17474 6
      vertex -77.7942 4.5 6
    endloop
  endfacet
  facet normal 0 0 1
    outer loop
      vertex -77.7942 4.5 6
      vertex -151.077 1.17474 6
      vertex -78.3149 3.44415 6
    endloop
  endfacet
  facet normal 0 0 1
    outer loop
      vertex -78.3149 3.44415 6
      vertex -151.077 1.17474 6
      vertex -78.6933 2.32937 6
    endloop
  endfacet
  facet normal 0 0 1
    outer loop
      vertex -78.6933 2.32937 6
      vertex -151.077 1.17474 6
      vertex -78.923 1.17474 6
    endloop
  endfacet
  facet normal 0 0 1
    outer loop
      vertex -151.077 1.17474 6
      vertex -138.318 133.721 6
      vertex -139.152 133.556 6
    endloop
  endfacet
  facet normal 0 0 1
    outer loop
      vertex -151.077 1.17474 6
      vertex -139.152 133.556 6
      vertex -140 133.5 6
    endloop
  endfacet
  facet normal 0 0 1
    outer loop
      vertex -151.077 1.17474 6
      vertex -140 133.5 6
      vertex -140.848 133.556 6
    endloop
  endfacet
  facet normal 0 0 1
    outer loop
      vertex -151.077 1.17474 6
      vertex -140.848 133.556 6
      vertex -141.682 133.721 6
    endloop
  endfacet
  facet normal 0 0 1
    outer loop
      vertex -151.077 1.17474 6
      vertex -141.682 133.721 6
      vertex -142.487 133.995 6
    endloop
  endfacet
  facet normal 0 0 1
    outer loop
      vertex -151.077 1.17474 6
      vertex -142.487 133.995 6
      vertex -143.25 134.371 6
    endloop
  endfacet
  facet normal 0 0 1
    outer loop
      vertex -151.077 1.17474 6
      vertex -143.25 134.371 6
      vertex -143.957 134.843 6
    endloop
  endfacet
  facet normal 0 0 1
    outer loop
      vertex -151.077 1.17474 6
      vertex -143.957 134.843 6
      vertex -144.596 135.404 6
    endloop
  endfacet
  facet normal 0 0 1
    outer loop
      vertex -151.077 1.17474 6
      vertex -144.596 135.404 6
      vertex -145.157 136.043 6
    endloop
  endfacet
  facet normal 0 0 1
    outer loop
      vertex -151.077 1.17474 6
      vertex -145.157 136.043 6
      vertex -145.629 136.75 6
    endloop
  endfacet
  facet normal 0 0 1
    outer loop
      vertex -151.077 1.17474 6
      vertex -145.629 136.75 6
      vertex -146.005 137.513 6
    endloop
  endfacet
  facet normal 0 0 1
    outer loop
      vertex -78.923 1.17474 6
      vertex -151.077 1.17474 6
      vertex -79 0 6
    endloop
  endfacet
  facet normal 0 0 1
    outer loop
      vertex -151.077 1.17474 6
      vertex -146.005 137.513 6
      vertex -146.279 138.318 6
    endloop
  endfacet
  facet normal 0 0 1
    outer loop
      vertex -151.077 1.17474 6
      vertex -146.279 138.318 6
      vertex -146.444 139.152 6
    endloop
  endfacet
  facet normal 0 0 1
    outer loop
      vertex -220 211 6
      vertex -146.444 139.152 6
      vertex -146.5 140 6
    endloop
  endfacet
  facet normal -0.751836 0.65935 0
    outer loop
      vertex -7.14018 20.4789 6
      vertex -6.36396 21.364 14
      vertex -6.36396 21.364 6
    endloop
  endfacet
  facet normal -0.751836 0.65935 0
    outer loop
      vertex -6.36396 21.364 14
      vertex -7.14018 20.4789 6
      vertex -7.14018 20.4789 14
    endloop
  endfacet
  facet normal -0.321434 -0.946932 0
    outer loop
      vertex -3.44415 6.68508 6
      vertex -2.32937 6.30667 14
      vertex -3.44415 6.68508 14
    endloop
  endfacet
  facet normal -0.321434 -0.946932 -0
    outer loop
      vertex -2.32937 6.30667 14
      vertex -3.44415 6.68508 6
      vertex -2.32937 6.30667 6
    endloop
  endfacet
  facet normal -0.75184 -0.659346 0
    outer loop
      vertex -6.36396 8.63604 6
      vertex -7.14018 9.52115 14
      vertex -7.14018 9.52115 6
    endloop
  endfacet
  facet normal -0.75184 -0.659346 0
    outer loop
      vertex -7.14018 9.52115 14
      vertex -6.36396 8.63604 6
      vertex -6.36396 8.63604 14
    endloop
  endfacet
  facet normal -0.659336 0.751848 0
    outer loop
      vertex -5.47885 22.1402 6
      vertex -6.36396 21.364 14
      vertex -5.47885 22.1402 14
    endloop
  endfacet
  facet normal -0.659336 0.751848 0
    outer loop
      vertex -6.36396 21.364 14
      vertex -5.47885 22.1402 6
      vertex -6.36396 21.364 6
    endloop
  endfacet
  facet normal -0.0654061 -0.997859 0
    outer loop
      vertex -1.17474 6.077 6
      vertex 0 6 14
      vertex -1.17474 6.077 14
    endloop
  endfacet
  facet normal -0.0654061 -0.997859 -0
    outer loop
      vertex 0 6 14
      vertex -1.17474 6.077 6
      vertex 0 6 6
    endloop
  endfacet
  facet normal -0.0654061 0.997859 0
    outer loop
      vertex 0 24 6
      vertex -1.17474 23.923 14
      vertex 0 24 14
    endloop
  endfacet
  facet normal -0.0654061 0.997859 0
    outer loop
      vertex -1.17474 23.923 14
      vertex 0 24 6
      vertex -1.17474 23.923 6
    endloop
  endfacet
  facet normal -0.555572 -0.831468 0
    outer loop
      vertex -5.47885 7.85982 6
      vertex -4.5 7.20577 14
      vertex -5.47885 7.85982 14
    endloop
  endfacet
  facet normal -0.555572 -0.831468 -0
    outer loop
      vertex -4.5 7.20577 14
      vertex -5.47885 7.85982 6
      vertex -4.5 7.20577 6
    endloop
  endfacet
  facet normal -0.19509 -0.980785 0
    outer loop
      vertex -2.32937 6.30667 6
      vertex -1.17474 6.077 14
      vertex -2.32937 6.30667 14
    endloop
  endfacet
  facet normal -0.19509 -0.980785 -0
    outer loop
      vertex -1.17474 6.077 14
      vertex -2.32937 6.30667 6
      vertex -1.17474 6.077 6
    endloop
  endfacet
  facet normal -0.44229 -0.896872 0
    outer loop
      vertex -4.5 7.20577 6
      vertex -3.44415 6.68508 14
      vertex -4.5 7.20577 14
    endloop
  endfacet
  facet normal -0.44229 -0.896872 -0
    outer loop
      vertex -3.44415 6.68508 14
      vertex -4.5 7.20577 6
      vertex -3.44415 6.68508 6
    endloop
  endfacet
  facet normal -0.321427 0.946934 0
    outer loop
      vertex -2.32937 23.6933 6
      vertex -3.44415 23.3149 14
      vertex -2.32937 23.6933 14
    endloop
  endfacet
  facet normal -0.321427 0.946934 0
    outer loop
      vertex -3.44415 23.3149 14
      vertex -2.32937 23.6933 6
      vertex -3.44415 23.3149 6
    endloop
  endfacet
  facet normal -0.555543 0.831488 0
    outer loop
      vertex -4.5 22.7942 6
      vertex -5.47885 22.1402 14
      vertex -4.5 22.7942 14
    endloop
  endfacet
  facet normal -0.555543 0.831488 0
    outer loop
      vertex -5.47885 22.1402 14
      vertex -4.5 22.7942 6
      vertex -5.47885 22.1402 6
    endloop
  endfacet
  facet normal -0.980788 -0.195079 0
    outer loop
      vertex -8.69333 12.6706 6
      vertex -8.923 13.8253 14
      vertex -8.923 13.8253 6
    endloop
  endfacet
  facet normal -0.980788 -0.195079 0
    outer loop
      vertex -8.923 13.8253 14
      vertex -8.69333 12.6706 6
      vertex -8.69333 12.6706 14
    endloop
  endfacet
  facet normal -0.997859 0.0654083 0
    outer loop
      vertex -9 15 6
      vertex -8.923 16.1747 14
      vertex -8.923 16.1747 6
    endloop
  endfacet
  facet normal -0.997859 0.0654083 0
    outer loop
      vertex -8.923 16.1747 14
      vertex -9 15 6
      vertex -9 15 14
    endloop
  endfacet
  facet normal -0.831481 0.555553 0
    outer loop
      vertex -7.79423 19.5 6
      vertex -7.14018 20.4789 14
      vertex -7.14018 20.4789 6
    endloop
  endfacet
  facet normal -0.831481 0.555553 0
    outer loop
      vertex -7.14018 20.4789 14
      vertex -7.79423 19.5 6
      vertex -7.79423 19.5 14
    endloop
  endfacet
  facet normal -0.442297 0.896869 0
    outer loop
      vertex -3.44415 23.3149 6
      vertex -4.5 22.7942 14
      vertex -3.44415 23.3149 14
    endloop
  endfacet
  facet normal -0.442297 0.896869 0
    outer loop
      vertex -4.5 22.7942 14
      vertex -3.44415 23.3149 6
      vertex -4.5 22.7942 6
    endloop
  endfacet
  facet normal -0.946934 -0.321429 0
    outer loop
      vertex -8.31492 11.5558 6
      vertex -8.69333 12.6706 14
      vertex -8.69333 12.6706 6
    endloop
  endfacet
  facet normal -0.946934 -0.321429 0
    outer loop
      vertex -8.69333 12.6706 14
      vertex -8.31492 11.5558 6
      vertex -8.31492 11.5558 14
    endloop
  endfacet
  facet normal -0.946925 0.321455 0
    outer loop
      vertex -8.69333 17.3294 6
      vertex -8.31492 18.4441 14
      vertex -8.31492 18.4441 6
    endloop
  endfacet
  facet normal -0.946925 0.321455 0
    outer loop
      vertex -8.31492 18.4441 14
      vertex -8.69333 17.3294 6
      vertex -8.69333 17.3294 14
    endloop
  endfacet
  facet normal -0.831468 -0.555572 0
    outer loop
      vertex -7.14018 9.52115 6
      vertex -7.79423 10.5 14
      vertex -7.79423 10.5 6
    endloop
  endfacet
  facet normal -0.831468 -0.555572 0
    outer loop
      vertex -7.79423 10.5 14
      vertex -7.14018 9.52115 6
      vertex -7.14018 9.52115 14
    endloop
  endfacet
  facet normal -0.896864 -0.442307 0
    outer loop
      vertex -7.79423 10.5 6
      vertex -8.31492 11.5558 14
      vertex -8.31492 11.5558 6
    endloop
  endfacet
  facet normal -0.896864 -0.442307 0
    outer loop
      vertex -8.31492 11.5558 14
      vertex -7.79423 10.5 6
      vertex -7.79423 10.5 14
    endloop
  endfacet
  facet normal -0.659346 -0.75184 0
    outer loop
      vertex -6.36396 8.63604 6
      vertex -5.47885 7.85982 14
      vertex -6.36396 8.63604 14
    endloop
  endfacet
  facet normal -0.659346 -0.75184 -0
    outer loop
      vertex -5.47885 7.85982 14
      vertex -6.36396 8.63604 6
      vertex -5.47885 7.85982 6
    endloop
  endfacet
  facet normal -0.980788 0.195079 0
    outer loop
      vertex -8.923 16.1747 6
      vertex -8.69333 17.3294 14
      vertex -8.69333 17.3294 6
    endloop
  endfacet
  facet normal -0.980788 0.195079 0
    outer loop
      vertex -8.69333 17.3294 14
      vertex -8.923 16.1747 6
      vertex -8.923 16.1747 14
    endloop
  endfacet
  facet normal -0.195115 0.98078 0
    outer loop
      vertex -1.17474 23.923 6
      vertex -2.32937 23.6933 14
      vertex -1.17474 23.923 14
    endloop
  endfacet
  facet normal -0.195115 0.98078 0
    outer loop
      vertex -2.32937 23.6933 14
      vertex -1.17474 23.923 6
      vertex -2.32937 23.6933 6
    endloop
  endfacet
  facet normal -0.997859 -0.0654083 0
    outer loop
      vertex -8.923 13.8253 6
      vertex -9 15 14
      vertex -9 15 6
    endloop
  endfacet
  facet normal -0.997859 -0.0654083 0
    outer loop
      vertex -9 15 14
      vertex -8.923 13.8253 6
      vertex -8.923 13.8253 14
    endloop
  endfacet
  facet normal 0 0 1
    outer loop
      vertex 0 24 14
      vertex -0.293683 17.2308 14
      vertex 0 17.25 14
    endloop
  endfacet
  facet normal -0 0 1
    outer loop
      vertex -1.17474 23.923 14
      vertex -0.293683 17.2308 14
      vertex 0 24 14
    endloop
  endfacet
  facet normal 0 0 1
    outer loop
      vertex -0.293683 17.2308 14
      vertex -1.17474 23.923 14
      vertex -0.582342 17.1733 14
    endloop
  endfacet
  facet normal -0 0 1
    outer loop
      vertex -2.32937 23.6933 14
      vertex -0.582342 17.1733 14
      vertex -1.17474 23.923 14
    endloop
  endfacet
  facet normal 0 0 1
    outer loop
      vertex -0.582342 17.1733 14
      vertex -2.32937 23.6933 14
      vertex -0.861037 17.0787 14
    endloop
  endfacet
  facet normal -0 0 1
    outer loop
      vertex -3.44415 23.3149 14
      vertex -0.861037 17.0787 14
      vertex -2.32937 23.6933 14
    endloop
  endfacet
  facet normal 0 0 1
    outer loop
      vertex -0.861037 17.0787 14
      vertex -3.44415 23.3149 14
      vertex -1.125 16.9486 14
    endloop
  endfacet
  facet normal -0 0 1
    outer loop
      vertex -4.5 22.7942 14
      vertex -1.125 16.9486 14
      vertex -3.44415 23.3149 14
    endloop
  endfacet
  facet normal 0 0 1
    outer loop
      vertex -1.125 16.9486 14
      vertex -4.5 22.7942 14
      vertex -1.36971 16.785 14
    endloop
  endfacet
  facet normal -0 0 1
    outer loop
      vertex -5.47885 22.1402 14
      vertex -1.36971 16.785 14
      vertex -4.5 22.7942 14
    endloop
  endfacet
  facet normal 0 0 1
    outer loop
      vertex -1.36971 16.785 14
      vertex -5.47885 22.1402 14
      vertex -1.59099 16.591 14
    endloop
  endfacet
  facet normal -0 0 1
    outer loop
      vertex -6.36396 21.364 14
      vertex -1.59099 16.591 14
      vertex -5.47885 22.1402 14
    endloop
  endfacet
  facet normal -0 0 1
    outer loop
      vertex -7.14018 20.4789 14
      vertex -1.78504 16.3697 14
      vertex -6.36396 21.364 14
    endloop
  endfacet
  facet normal 0 0 1
    outer loop
      vertex -1.59099 16.591 14
      vertex -6.36396 21.364 14
      vertex -1.78504 16.3697 14
    endloop
  endfacet
  facet normal 0 0 1
    outer loop
      vertex -0.293683 12.7692 14
      vertex 0 6 14
      vertex 0 12.75 14
    endloop
  endfacet
  facet normal 0 0 1
    outer loop
      vertex -1.17474 6.077 14
      vertex -0.293683 12.7692 14
      vertex -0.582342 12.8267 14
    endloop
  endfacet
  facet normal 0 0 1
    outer loop
      vertex -2.32937 6.30667 14
      vertex -0.582342 12.8267 14
      vertex -0.861037 12.9213 14
    endloop
  endfacet
  facet normal 0 0 1
    outer loop
      vertex -3.44415 6.68508 14
      vertex -0.861037 12.9213 14
      vertex -1.125 13.0514 14
    endloop
  endfacet
  facet normal 0 0 1
    outer loop
      vertex -0.293683 12.7692 14
      vertex -1.17474 6.077 14
      vertex 0 6 14
    endloop
  endfacet
  facet normal 0 0 1
    outer loop
      vertex -4.5 7.20577 14
      vertex -1.125 13.0514 14
      vertex -1.36971 13.215 14
    endloop
  endfacet
  facet normal 0 0 1
    outer loop
      vertex -5.47885 7.85982 14
      vertex -1.36971 13.215 14
      vertex -1.59099 13.409 14
    endloop
  endfacet
  facet normal 0 0 1
    outer loop
      vertex -6.36396 8.63604 14
      vertex -1.59099 13.409 14
      vertex -1.78504 13.6303 14
    endloop
  endfacet
  facet normal 0 0 1
    outer loop
      vertex -7.14018 9.52115 14
      vertex -1.78504 13.6303 14
      vertex -1.94856 13.875 14
    endloop
  endfacet
  facet normal 0 0 1
    outer loop
      vertex -7.79423 10.5 14
      vertex -1.94856 13.875 14
      vertex -2.07873 14.139 14
    endloop
  endfacet
  facet normal 0 0 1
    outer loop
      vertex -8.31492 11.5558 14
      vertex -2.07873 14.139 14
      vertex -2.17333 14.4177 14
    endloop
  endfacet
  facet normal 0 0 1
    outer loop
      vertex -8.69333 12.6706 14
      vertex -2.17333 14.4177 14
      vertex -2.23075 14.7063 14
    endloop
  endfacet
  facet normal 0 0 1
    outer loop
      vertex -0.582342 12.8267 14
      vertex -2.32937 6.30667 14
      vertex -1.17474 6.077 14
    endloop
  endfacet
  facet normal 0 0 1
    outer loop
      vertex -8.923 13.8253 14
      vertex -2.23075 14.7063 14
      vertex -2.25 15 14
    endloop
  endfacet
  facet normal 0 0 1
    outer loop
      vertex -1.78504 16.3697 14
      vertex -7.14018 20.4789 14
      vertex -1.94856 16.125 14
    endloop
  endfacet
  facet normal -0 0 1
    outer loop
      vertex -7.79423 19.5 14
      vertex -1.94856 16.125 14
      vertex -7.14018 20.4789 14
    endloop
  endfacet
  facet normal 0 0 1
    outer loop
      vertex -0.861037 12.9213 14
      vertex -3.44415 6.68508 14
      vertex -2.32937 6.30667 14
    endloop
  endfacet
  facet normal 0 0 1
    outer loop
      vertex -1.94856 16.125 14
      vertex -7.79423 19.5 14
      vertex -2.07873 15.861 14
    endloop
  endfacet
  facet normal 0 0 1
    outer loop
      vertex -1.125 13.0514 14
      vertex -4.5 7.20577 14
      vertex -3.44415 6.68508 14
    endloop
  endfacet
  facet normal -0 0 1
    outer loop
      vertex -8.31492 18.4441 14
      vertex -2.07873 15.861 14
      vertex -7.79423 19.5 14
    endloop
  endfacet
  facet normal 0 0 1
    outer loop
      vertex -1.36971 13.215 14
      vertex -5.47885 7.85982 14
      vertex -4.5 7.20577 14
    endloop
  endfacet
  facet normal 0 0 1
    outer loop
      vertex -2.07873 15.861 14
      vertex -8.31492 18.4441 14
      vertex -2.17333 15.5823 14
    endloop
  endfacet
  facet normal 0 0 1
    outer loop
      vertex -1.59099 13.409 14
      vertex -6.36396 8.63604 14
      vertex -5.47885 7.85982 14
    endloop
  endfacet
  facet normal -0 0 1
    outer loop
      vertex -8.69333 17.3294 14
      vertex -2.17333 15.5823 14
      vertex -8.31492 18.4441 14
    endloop
  endfacet
  facet normal 0 0 1
    outer loop
      vertex -1.78504 13.6303 14
      vertex -7.14018 9.52115 14
      vertex -6.36396 8.63604 14
    endloop
  endfacet
  facet normal 0 0 1
    outer loop
      vertex -2.17333 15.5823 14
      vertex -8.69333 17.3294 14
      vertex -2.23075 15.2937 14
    endloop
  endfacet
  facet normal 0 0 1
    outer loop
      vertex -1.94856 13.875 14
      vertex -7.79423 10.5 14
      vertex -7.14018 9.52115 14
    endloop
  endfacet
  facet normal -0 0 1
    outer loop
      vertex -8.923 16.1747 14
      vertex -2.23075 15.2937 14
      vertex -8.69333 17.3294 14
    endloop
  endfacet
  facet normal 0 0 1
    outer loop
      vertex -2.07873 14.139 14
      vertex -8.31492 11.5558 14
      vertex -7.79423 10.5 14
    endloop
  endfacet
  facet normal 0 0 1
    outer loop
      vertex -2.23075 15.2937 14
      vertex -8.923 16.1747 14
      vertex -2.25 15 14
    endloop
  endfacet
  facet normal 0 0 1
    outer loop
      vertex -2.17333 14.4177 14
      vertex -8.69333 12.6706 14
      vertex -8.31492 11.5558 14
    endloop
  endfacet
  facet normal 0 0 1
    outer loop
      vertex -9 15 14
      vertex -2.25 15 14
      vertex -8.923 16.1747 14
    endloop
  endfacet
  facet normal 0 0 1
    outer loop
      vertex -2.23075 14.7063 14
      vertex -8.923 13.8253 14
      vertex -8.69333 12.6706 14
    endloop
  endfacet
  facet normal 0 0 1
    outer loop
      vertex -2.25 15 14
      vertex -9 15 14
      vertex -8.923 13.8253 14
    endloop
  endfacet
  facet normal -0.89688 0.442273 0
    outer loop
      vertex -8.31492 18.4441 6
      vertex -7.79423 19.5 14
      vertex -7.79423 19.5 6
    endloop
  endfacet
  facet normal -0.89688 0.442273 0
    outer loop
      vertex -7.79423 19.5 14
      vertex -8.31492 18.4441 6
      vertex -8.31492 18.4441 14
    endloop
  endfacet
  facet normal -0.751799 0.659392 0
    outer loop
      vertex -7.14018 110.479 6
      vertex -6.36396 111.364 14
      vertex -6.36396 111.364 6
    endloop
  endfacet
  facet normal -0.751799 0.659392 0
    outer loop
      vertex -6.36396 111.364 14
      vertex -7.14018 110.479 6
      vertex -7.14018 110.479 14
    endloop
  endfacet
  facet normal -0.321427 -0.946934 0
    outer loop
      vertex -3.44415 96.6851 6
      vertex -2.32937 96.3067 14
      vertex -3.44415 96.6851 14
    endloop
  endfacet
  facet normal -0.321427 -0.946934 -0
    outer loop
      vertex -2.32937 96.3067 14
      vertex -3.44415 96.6851 6
      vertex -2.32937 96.3067 6
    endloop
  endfacet
  facet normal -0.751836 -0.65935 0
    outer loop
      vertex -6.36396 98.636 6
      vertex -7.14018 99.5211 14
      vertex -7.14018 99.5211 6
    endloop
  endfacet
  facet normal -0.751836 -0.65935 0
    outer loop
      vertex -7.14018 99.5211 14
      vertex -6.36396 98.636 6
      vertex -6.36396 98.636 14
    endloop
  endfacet
  facet normal -0.65924 0.751933 0
    outer loop
      vertex -5.47885 112.14 6
      vertex -6.36396 111.364 14
      vertex -5.47885 112.14 14
    endloop
  endfacet
  facet normal -0.65924 0.751933 0
    outer loop
      vertex -6.36396 111.364 14
      vertex -5.47885 112.14 6
      vertex -6.36396 111.364 6
    endloop
  endfacet
  facet normal -0.555543 0.831488 0
    outer loop
      vertex -4.5 112.794 6
      vertex -5.47885 112.14 14
      vertex -4.5 112.794 14
    endloop
  endfacet
  facet normal -0.555543 0.831488 0
    outer loop
      vertex -5.47885 112.14 14
      vertex -4.5 112.794 6
      vertex -5.47885 112.14 6
    endloop
  endfacet
  facet normal -0.0654061 -0.997859 0
    outer loop
      vertex -1.17474 96.077 6
      vertex 0 96 14
      vertex -1.17474 96.077 14
    endloop
  endfacet
  facet normal -0.0654061 -0.997859 -0
    outer loop
      vertex 0 96 14
      vertex -1.17474 96.077 6
      vertex 0 96 6
    endloop
  endfacet
  facet normal -0.0654061 0.997859 0
    outer loop
      vertex 0 114 6
      vertex -1.17474 113.923 14
      vertex 0 114 14
    endloop
  endfacet
  facet normal -0.0654061 0.997859 0
    outer loop
      vertex -1.17474 113.923 14
      vertex 0 114 6
      vertex -1.17474 113.923 6
    endloop
  endfacet
  facet normal -0.555543 -0.831488 0
    outer loop
      vertex -5.47885 97.8598 6
      vertex -4.5 97.2058 14
      vertex -5.47885 97.8598 14
    endloop
  endfacet
  facet normal -0.555543 -0.831488 -0
    outer loop
      vertex -4.5 97.2058 14
      vertex -5.47885 97.8598 6
      vertex -4.5 97.2058 6
    endloop
  endfacet
  facet normal -0.195115 -0.98078 0
    outer loop
      vertex -2.32937 96.3067 6
      vertex -1.17474 96.077 14
      vertex -2.32937 96.3067 14
    endloop
  endfacet
  facet normal -0.195115 -0.98078 -0
    outer loop
      vertex -1.17474 96.077 14
      vertex -2.32937 96.3067 6
      vertex -1.17474 96.077 6
    endloop
  endfacet
  facet normal -0.442297 -0.896869 0
    outer loop
      vertex -4.5 97.2058 6
      vertex -3.44415 96.6851 14
      vertex -4.5 97.2058 14
    endloop
  endfacet
  facet normal -0.442297 -0.896869 -0
    outer loop
      vertex -3.44415 96.6851 14
      vertex -4.5 97.2058 6
      vertex -3.44415 96.6851 6
    endloop
  endfacet
  facet normal -0.321122 0.947038 0
    outer loop
      vertex -2.32937 113.693 6
      vertex -3.44415 113.315 14
      vertex -2.32937 113.693 14
    endloop
  endfacet
  facet normal -0.321122 0.947038 0
    outer loop
      vertex -3.44415 113.315 14
      vertex -2.32937 113.693 6
      vertex -3.44415 113.315 6
    endloop
  endfacet
  facet normal -0.980765 -0.195193 0
    outer loop
      vertex -8.69333 102.671 6
      vertex -8.923 103.825 14
      vertex -8.923 103.825 6
    endloop
  endfacet
  facet normal -0.980765 -0.195193 0
    outer loop
      vertex -8.923 103.825 14
      vertex -8.69333 102.671 6
      vertex -8.69333 102.671 14
    endloop
  endfacet
  facet normal -0.99786 0.0653917 0
    outer loop
      vertex -9 105 6
      vertex -8.923 106.175 14
      vertex -8.923 106.175 6
    endloop
  endfacet
  facet normal -0.99786 0.0653917 0
    outer loop
      vertex -8.923 106.175 14
      vertex -9 105 6
      vertex -9 105 14
    endloop
  endfacet
  facet normal -0.831508 0.555513 0
    outer loop
      vertex -7.79423 109.5 6
      vertex -7.14018 110.479 14
      vertex -7.14018 110.479 6
    endloop
  endfacet
  facet normal -0.831508 0.555513 0
    outer loop
      vertex -7.14018 110.479 14
      vertex -7.79423 109.5 6
      vertex -7.79423 109.5 14
    endloop
  endfacet
  facet normal -0.442502 0.896767 0
    outer loop
      vertex -3.44415 113.315 6
      vertex -4.5 112.794 14
      vertex -3.44415 113.315 14
    endloop
  endfacet
  facet normal -0.442502 0.896767 0
    outer loop
      vertex -4.5 112.794 14
      vertex -3.44415 113.315 6
      vertex -4.5 112.794 6
    endloop
  endfacet
  facet normal -0.946951 -0.321377 0
    outer loop
      vertex -8.31492 101.556 6
      vertex -8.69333 102.671 14
      vertex -8.69333 102.671 6
    endloop
  endfacet
  facet normal -0.946951 -0.321377 0
    outer loop
      vertex -8.69333 102.671 14
      vertex -8.31492 101.556 6
      vertex -8.31492 101.556 14
    endloop
  endfacet
  facet normal -0.946951 0.321377 0
    outer loop
      vertex -8.69333 107.329 6
      vertex -8.31492 108.444 14
      vertex -8.31492 108.444 6
    endloop
  endfacet
  facet normal -0.946951 0.321377 0
    outer loop
      vertex -8.31492 108.444 14
      vertex -8.69333 107.329 6
      vertex -8.69333 107.329 14
    endloop
  endfacet
  facet normal -0.831481 -0.555553 0
    outer loop
      vertex -7.14018 99.5211 6
      vertex -7.79423 100.5 14
      vertex -7.79423 100.5 6
    endloop
  endfacet
  facet normal -0.831481 -0.555553 0
    outer loop
      vertex -7.79423 100.5 14
      vertex -7.14018 99.5211 6
      vertex -7.14018 99.5211 14
    endloop
  endfacet
  facet normal -0.896897 -0.44224 0
    outer loop
      vertex -7.79423 100.5 6
      vertex -8.31492 101.556 14
      vertex -8.31492 101.556 6
    endloop
  endfacet
  facet normal -0.896897 -0.44224 0
    outer loop
      vertex -8.31492 101.556 14
      vertex -7.79423 100.5 6
      vertex -7.79423 100.5 14
    endloop
  endfacet
  facet normal -0.659336 -0.751848 0
    outer loop
      vertex -6.36396 98.636 6
      vertex -5.47885 97.8598 14
      vertex -6.36396 98.636 14
    endloop
  endfacet
  facet normal -0.659336 -0.751848 -0
    outer loop
      vertex -5.47885 97.8598 14
      vertex -6.36396 98.636 6
      vertex -5.47885 97.8598 6
    endloop
  endfacet
  facet normal -0.980765 0.195193 0
    outer loop
      vertex -8.923 106.175 6
      vertex -8.69333 107.329 14
      vertex -8.69333 107.329 6
    endloop
  endfacet
  facet normal -0.980765 0.195193 0
    outer loop
      vertex -8.69333 107.329 14
      vertex -8.923 106.175 6
      vertex -8.923 106.175 14
    endloop
  endfacet
  facet normal -0.19536 0.980732 0
    outer loop
      vertex -1.17474 113.923 6
      vertex -2.32937 113.693 14
      vertex -1.17474 113.923 14
    endloop
  endfacet
  facet normal -0.19536 0.980732 0
    outer loop
      vertex -2.32937 113.693 14
      vertex -1.17474 113.923 6
      vertex -2.32937 113.693 6
    endloop
  endfacet
  facet normal -0.99786 -0.0653917 0
    outer loop
      vertex -8.923 103.825 6
      vertex -9 105 14
      vertex -9 105 6
    endloop
  endfacet
  facet normal -0.99786 -0.0653917 0
    outer loop
      vertex -9 105 14
      vertex -8.923 103.825 6
      vertex -8.923 103.825 14
    endloop
  endfacet
  facet normal -0 0 1
    outer loop
      vertex -1.17474 113.923 14
      vertex 0 109.136 14
      vertex 0 114 14
    endloop
  endfacet
  facet normal -0 0 1
    outer loop
      vertex -2.32937 113.693 14
      vertex 0 109.136 14
      vertex -1.17474 113.923 14
    endloop
  endfacet
  facet normal -0 0 1
    outer loop
      vertex -3.44415 113.315 14
      vertex 0 109.136 14
      vertex -2.32937 113.693 14
    endloop
  endfacet
  facet normal 0 0 1
    outer loop
      vertex 0 109.136 14
      vertex -3.44415 113.315 14
      vertex -0.156796 108.957 14
    endloop
  endfacet
  facet normal -0 0 1
    outer loop
      vertex -4.5 112.794 14
      vertex -0.156796 108.957 14
      vertex -3.44415 113.315 14
    endloop
  endfacet
  facet normal 0 0 1
    outer loop
      vertex -0.156796 108.957 14
      vertex -4.5 112.794 14
      vertex -0.629165 108.25 14
    endloop
  endfacet
  facet normal -0 0 1
    outer loop
      vertex -5.47885 112.14 14
      vertex -0.629165 108.25 14
      vertex -4.5 112.794 14
    endloop
  endfacet
  facet normal 0 0 1
    outer loop
      vertex -0.629165 108.25 14
      vertex -5.47885 112.14 14
      vertex -1.00522 107.487 14
    endloop
  endfacet
  facet normal -0 0 1
    outer loop
      vertex -6.36396 111.364 14
      vertex -1.00522 107.487 14
      vertex -5.47885 112.14 14
    endloop
  endfacet
  facet normal 0 0 1
    outer loop
      vertex -1.00522 107.487 14
      vertex -1.36971 106.785 14
      vertex -1.20667 106.894 14
    endloop
  endfacet
  facet normal 0 0 1
    outer loop
      vertex -1.00522 107.487 14
      vertex -1.59099 106.591 14
      vertex -1.36971 106.785 14
    endloop
  endfacet
  facet normal 0 0 1
    outer loop
      vertex -1.00522 107.487 14
      vertex -6.36396 111.364 14
      vertex -1.59099 106.591 14
    endloop
  endfacet
  facet normal -0 0 1
    outer loop
      vertex -7.14018 110.479 14
      vertex -1.78504 106.37 14
      vertex -6.36396 111.364 14
    endloop
  endfacet
  facet normal 0 0 1
    outer loop
      vertex -1.59099 106.591 14
      vertex -6.36396 111.364 14
      vertex -1.78504 106.37 14
    endloop
  endfacet
  facet normal 0 0 1
    outer loop
      vertex -3.44415 96.6851 14
      vertex 0 100.864 14
      vertex -0.156796 101.043 14
    endloop
  endfacet
  facet normal 0 0 1
    outer loop
      vertex -4.5 97.2058 14
      vertex -0.156796 101.043 14
      vertex -0.629165 101.75 14
    endloop
  endfacet
  facet normal 0 0 1
    outer loop
      vertex -5.47885 97.8598 14
      vertex -0.629165 101.75 14
      vertex -1.00522 102.513 14
    endloop
  endfacet
  facet normal 0 0 1
    outer loop
      vertex 0 100.864 14
      vertex -1.17474 96.077 14
      vertex 0 96 14
    endloop
  endfacet
  facet normal 0 0 1
    outer loop
      vertex -1.36971 103.215 14
      vertex -1.00522 102.513 14
      vertex -1.20667 103.106 14
    endloop
  endfacet
  facet normal 0 0 1
    outer loop
      vertex -1.59099 103.409 14
      vertex -1.00522 102.513 14
      vertex -1.36971 103.215 14
    endloop
  endfacet
  facet normal 0 0 1
    outer loop
      vertex -6.36396 98.636 14
      vertex -1.00522 102.513 14
      vertex -1.59099 103.409 14
    endloop
  endfacet
  facet normal 0 0 1
    outer loop
      vertex -6.36396 98.636 14
      vertex -1.59099 103.409 14
      vertex -1.78504 103.63 14
    endloop
  endfacet
  facet normal 0 0 1
    outer loop
      vertex -7.14018 99.5211 14
      vertex -1.78504 103.63 14
      vertex -1.94856 103.875 14
    endloop
  endfacet
  facet normal 0 0 1
    outer loop
      vertex -7.79423 100.5 14
      vertex -1.94856 103.875 14
      vertex -2.07873 104.139 14
    endloop
  endfacet
  facet normal 0 0 1
    outer loop
      vertex -8.31492 101.556 14
      vertex -2.07873 104.139 14
      vertex -2.17333 104.418 14
    endloop
  endfacet
  facet normal 0 0 1
    outer loop
      vertex -8.69333 102.671 14
      vertex -2.17333 104.418 14
      vertex -2.23075 104.706 14
    endloop
  endfacet
  facet normal 0 0 1
    outer loop
      vertex 0 100.864 14
      vertex -2.32937 96.3067 14
      vertex -1.17474 96.077 14
    endloop
  endfacet
  facet normal 0 0 1
    outer loop
      vertex -8.923 103.825 14
      vertex -2.23075 104.706 14
      vertex -2.25 105 14
    endloop
  endfacet
  facet normal 0 0 1
    outer loop
      vertex -1.78504 106.37 14
      vertex -7.14018 110.479 14
      vertex -1.94856 106.125 14
    endloop
  endfacet
  facet normal -0 0 1
    outer loop
      vertex -7.79423 109.5 14
      vertex -1.94856 106.125 14
      vertex -7.14018 110.479 14
    endloop
  endfacet
  facet normal 0 0 1
    outer loop
      vertex 0 100.864 14
      vertex -3.44415 96.6851 14
      vertex -2.32937 96.3067 14
    endloop
  endfacet
  facet normal 0 0 1
    outer loop
      vertex -1.94856 106.125 14
      vertex -7.79423 109.5 14
      vertex -2.07873 105.861 14
    endloop
  endfacet
  facet normal 0 0 1
    outer loop
      vertex -0.156796 101.043 14
      vertex -4.5 97.2058 14
      vertex -3.44415 96.6851 14
    endloop
  endfacet
  facet normal -0 0 1
    outer loop
      vertex -8.31492 108.444 14
      vertex -2.07873 105.861 14
      vertex -7.79423 109.5 14
    endloop
  endfacet
  facet normal 0 0 1
    outer loop
      vertex -0.629165 101.75 14
      vertex -5.47885 97.8598 14
      vertex -4.5 97.2058 14
    endloop
  endfacet
  facet normal 0 0 1
    outer loop
      vertex -2.07873 105.861 14
      vertex -8.31492 108.444 14
      vertex -2.17333 105.582 14
    endloop
  endfacet
  facet normal 0 0 1
    outer loop
      vertex -1.00522 102.513 14
      vertex -6.36396 98.636 14
      vertex -5.47885 97.8598 14
    endloop
  endfacet
  facet normal -0 0 1
    outer loop
      vertex -8.69333 107.329 14
      vertex -2.17333 105.582 14
      vertex -8.31492 108.444 14
    endloop
  endfacet
  facet normal 0 0 1
    outer loop
      vertex -1.78504 103.63 14
      vertex -7.14018 99.5211 14
      vertex -6.36396 98.636 14
    endloop
  endfacet
  facet normal 0 0 1
    outer loop
      vertex -2.17333 105.582 14
      vertex -8.69333 107.329 14
      vertex -2.23075 105.294 14
    endloop
  endfacet
  facet normal 0 0 1
    outer loop
      vertex -1.94856 103.875 14
      vertex -7.79423 100.5 14
      vertex -7.14018 99.5211 14
    endloop
  endfacet
  facet normal -0 0 1
    outer loop
      vertex -8.923 106.175 14
      vertex -2.23075 105.294 14
      vertex -8.69333 107.329 14
    endloop
  endfacet
  facet normal 0 0 1
    outer loop
      vertex -2.07873 104.139 14
      vertex -8.31492 101.556 14
      vertex -7.79423 100.5 14
    endloop
  endfacet
  facet normal 0 0 1
    outer loop
      vertex -2.23075 105.294 14
      vertex -8.923 106.175 14
      vertex -2.25 105 14
    endloop
  endfacet
  facet normal 0 0 1
    outer loop
      vertex -2.17333 104.418 14
      vertex -8.69333 102.671 14
      vertex -8.31492 101.556 14
    endloop
  endfacet
  facet normal 0 0 1
    outer loop
      vertex -9 105 14
      vertex -2.25 105 14
      vertex -8.923 106.175 14
    endloop
  endfacet
  facet normal 0 0 1
    outer loop
      vertex -2.23075 104.706 14
      vertex -8.923 103.825 14
      vertex -8.69333 102.671 14
    endloop
  endfacet
  facet normal 0 0 1
    outer loop
      vertex -2.25 105 14
      vertex -9 105 14
      vertex -8.923 103.825 14
    endloop
  endfacet
  facet normal -0.896897 0.44224 0
    outer loop
      vertex -8.31492 108.444 6
      vertex -7.79423 109.5 14
      vertex -7.79423 109.5 6
    endloop
  endfacet
  facet normal -0.896897 0.44224 0
    outer loop
      vertex -7.79423 109.5 14
      vertex -8.31492 108.444 6
      vertex -8.31492 108.444 14
    endloop
  endfacet
  facet normal 0.980732 0.19536 0
    outer loop
      vertex -151.077 1.17474 14
      vertex -151.307 2.32937 6
      vertex -151.307 2.32937 14
    endloop
  endfacet
  facet normal 0.980732 0.19536 0
    outer loop
      vertex -151.307 2.32937 6
      vertex -151.077 1.17474 14
      vertex -151.077 1.17474 6
    endloop
  endfacet
  facet normal 0.997859 0.0654061 0
    outer loop
      vertex -151 0 14
      vertex -151.077 1.17474 6
      vertex -151.077 1.17474 14
    endloop
  endfacet
  facet normal 0.997859 0.0654061 0
    outer loop
      vertex -151.077 1.17474 6
      vertex -151 0 14
      vertex -151 0 6
    endloop
  endfacet
  facet normal 0.947038 0.321122 0
    outer loop
      vertex -151.307 2.32937 14
      vertex -151.685 3.44415 6
      vertex -151.685 3.44415 14
    endloop
  endfacet
  facet normal 0.947038 0.321122 0
    outer loop
      vertex -151.685 3.44415 6
      vertex -151.307 2.32937 14
      vertex -151.307 2.32937 6
    endloop
  endfacet
  facet normal 0.44224 0.896897 -0
    outer loop
      vertex -155.5 7.79423 6
      vertex -156.556 8.31492 14
      vertex -155.5 7.79423 14
    endloop
  endfacet
  facet normal 0.44224 0.896897 0
    outer loop
      vertex -156.556 8.31492 14
      vertex -155.5 7.79423 6
      vertex -156.556 8.31492 6
    endloop
  endfacet
  facet normal 0.555513 0.831508 -0
    outer loop
      vertex -154.521 7.14018 6
      vertex -155.5 7.79423 14
      vertex -154.521 7.14018 14
    endloop
  endfacet
  facet normal 0.555513 0.831508 0
    outer loop
      vertex -155.5 7.79423 14
      vertex -154.521 7.14018 6
      vertex -155.5 7.79423 6
    endloop
  endfacet
  facet normal -0.0653917 0.99786 0
    outer loop
      vertex -160 9 6
      vertex -161.175 8.923 14
      vertex -160 9 14
    endloop
  endfacet
  facet normal -0.0653917 0.99786 0
    outer loop
      vertex -161.175 8.923 14
      vertex -160 9 6
      vertex -161.175 8.923 6
    endloop
  endfacet
  facet normal 0.831488 0.555543 0
    outer loop
      vertex -152.206 4.5 14
      vertex -152.86 5.47885 6
      vertex -152.86 5.47885 14
    endloop
  endfacet
  facet normal 0.831488 0.555543 0
    outer loop
      vertex -152.86 5.47885 6
      vertex -152.206 4.5 14
      vertex -152.206 4.5 6
    endloop
  endfacet
  facet normal 0.896767 0.442502 0
    outer loop
      vertex -151.685 3.44415 14
      vertex -152.206 4.5 6
      vertex -152.206 4.5 14
    endloop
  endfacet
  facet normal 0.896767 0.442502 0
    outer loop
      vertex -152.206 4.5 6
      vertex -151.685 3.44415 14
      vertex -151.685 3.44415 6
    endloop
  endfacet
  facet normal -0.659392 0.751799 0
    outer loop
      vertex -165.479 7.14018 6
      vertex -166.364 6.36396 14
      vertex -165.479 7.14018 14
    endloop
  endfacet
  facet normal -0.659392 0.751799 0
    outer loop
      vertex -166.364 6.36396 14
      vertex -165.479 7.14018 6
      vertex -166.364 6.36396 6
    endloop
  endfacet
  facet normal 0.659392 0.751799 -0
    outer loop
      vertex -153.636 6.36396 6
      vertex -154.521 7.14018 14
      vertex -153.636 6.36396 14
    endloop
  endfacet
  facet normal 0.659392 0.751799 0
    outer loop
      vertex -154.521 7.14018 14
      vertex -153.636 6.36396 6
      vertex -154.521 7.14018 6
    endloop
  endfacet
  facet normal 0.751933 0.65924 0
    outer loop
      vertex -152.86 5.47885 14
      vertex -153.636 6.36396 6
      vertex -153.636 6.36396 14
    endloop
  endfacet
  facet normal 0.751933 0.65924 0
    outer loop
      vertex -153.636 6.36396 6
      vertex -152.86 5.47885 14
      vertex -152.86 5.47885 6
    endloop
  endfacet
  facet normal -0.555513 0.831508 0
    outer loop
      vertex -164.5 7.79423 6
      vertex -165.479 7.14018 14
      vertex -164.5 7.79423 14
    endloop
  endfacet
  facet normal -0.555513 0.831508 0
    outer loop
      vertex -165.479 7.14018 14
      vertex -164.5 7.79423 6
      vertex -165.479 7.14018 6
    endloop
  endfacet
  facet normal -0.997859 0.0654061 0
    outer loop
      vertex -169 0 6
      vertex -168.923 1.17474 14
      vertex -168.923 1.17474 6
    endloop
  endfacet
  facet normal -0.997859 0.0654061 0
    outer loop
      vertex -168.923 1.17474 14
      vertex -169 0 6
      vertex -169 0 14
    endloop
  endfacet
  facet normal -0.44224 0.896897 0
    outer loop
      vertex -163.444 8.31492 6
      vertex -164.5 7.79423 14
      vertex -163.444 8.31492 14
    endloop
  endfacet
  facet normal -0.44224 0.896897 0
    outer loop
      vertex -164.5 7.79423 14
      vertex -163.444 8.31492 6
      vertex -164.5 7.79423 6
    endloop
  endfacet
  facet normal -0.195193 0.980765 0
    outer loop
      vertex -161.175 8.923 6
      vertex -162.329 8.69333 14
      vertex -161.175 8.923 14
    endloop
  endfacet
  facet normal -0.195193 0.980765 0
    outer loop
      vertex -162.329 8.69333 14
      vertex -161.175 8.923 6
      vertex -162.329 8.69333 6
    endloop
  endfacet
  facet normal -0.947038 0.321122 0
    outer loop
      vertex -168.693 2.32937 6
      vertex -168.315 3.44415 14
      vertex -168.315 3.44415 6
    endloop
  endfacet
  facet normal -0.947038 0.321122 0
    outer loop
      vertex -168.315 3.44415 14
      vertex -168.693 2.32937 6
      vertex -168.693 2.32937 14
    endloop
  endfacet
  facet normal -0.980732 0.19536 0
    outer loop
      vertex -168.923 1.17474 6
      vertex -168.693 2.32937 14
      vertex -168.693 2.32937 6
    endloop
  endfacet
  facet normal -0.980732 0.19536 0
    outer loop
      vertex -168.693 2.32937 14
      vertex -168.923 1.17474 6
      vertex -168.923 1.17474 14
    endloop
  endfacet
  facet normal 0.0653917 0.99786 -0
    outer loop
      vertex -158.825 8.923 6
      vertex -160 9 14
      vertex -158.825 8.923 14
    endloop
  endfacet
  facet normal 0.0653917 0.99786 0
    outer loop
      vertex -160 9 14
      vertex -158.825 8.923 6
      vertex -160 9 6
    endloop
  endfacet
  facet normal -0.751933 0.65924 0
    outer loop
      vertex -167.14 5.47885 6
      vertex -166.364 6.36396 14
      vertex -166.364 6.36396 6
    endloop
  endfacet
  facet normal -0.751933 0.65924 0
    outer loop
      vertex -166.364 6.36396 14
      vertex -167.14 5.47885 6
      vertex -167.14 5.47885 14
    endloop
  endfacet
  facet normal -0.321377 0.946951 0
    outer loop
      vertex -162.329 8.69333 6
      vertex -163.444 8.31492 14
      vertex -162.329 8.69333 14
    endloop
  endfacet
  facet normal -0.321377 0.946951 0
    outer loop
      vertex -163.444 8.31492 14
      vertex -162.329 8.69333 6
      vertex -163.444 8.31492 6
    endloop
  endfacet
  facet normal 0.321377 0.946951 -0
    outer loop
      vertex -156.556 8.31492 6
      vertex -157.671 8.69333 14
      vertex -156.556 8.31492 14
    endloop
  endfacet
  facet normal 0.321377 0.946951 0
    outer loop
      vertex -157.671 8.69333 14
      vertex -156.556 8.31492 6
      vertex -157.671 8.69333 6
    endloop
  endfacet
  facet normal 0.195193 0.980765 -0
    outer loop
      vertex -157.671 8.69333 6
      vertex -158.825 8.923 14
      vertex -157.671 8.69333 14
    endloop
  endfacet
  facet normal 0.195193 0.980765 0
    outer loop
      vertex -158.825 8.923 14
      vertex -157.671 8.69333 6
      vertex -158.825 8.923 6
    endloop
  endfacet
  facet normal -0.896767 0.442502 0
    outer loop
      vertex -168.315 3.44415 6
      vertex -167.794 4.5 14
      vertex -167.794 4.5 6
    endloop
  endfacet
  facet normal -0.896767 0.442502 0
    outer loop
      vertex -167.794 4.5 14
      vertex -168.315 3.44415 6
      vertex -168.315 3.44415 14
    endloop
  endfacet
  facet normal -0.831488 0.555543 0
    outer loop
      vertex -167.794 4.5 6
      vertex -167.14 5.47885 14
      vertex -167.14 5.47885 6
    endloop
  endfacet
  facet normal -0.831488 0.555543 0
    outer loop
      vertex -167.14 5.47885 14
      vertex -167.794 4.5 6
      vertex -167.794 4.5 14
    endloop
  endfacet
  facet normal 0 0 1
    outer loop
      vertex -157.769 0.293683 14
      vertex -151.077 1.17474 14
      vertex -151.307 2.32937 14
    endloop
  endfacet
  facet normal 0 0 1
    outer loop
      vertex -157.827 0.582342 14
      vertex -151.307 2.32937 14
      vertex -151.685 3.44415 14
    endloop
  endfacet
  facet normal 0 0 1
    outer loop
      vertex -157.921 0.861037 14
      vertex -151.685 3.44415 14
      vertex -152.206 4.5 14
    endloop
  endfacet
  facet normal 0 0 1
    outer loop
      vertex -158.051 1.125 14
      vertex -152.206 4.5 14
      vertex -152.86 5.47885 14
    endloop
  endfacet
  facet normal 0 0 1
    outer loop
      vertex -158.215 1.36971 14
      vertex -152.86 5.47885 14
      vertex -153.636 6.36396 14
    endloop
  endfacet
  facet normal 0 0 1
    outer loop
      vertex -158.409 1.59099 14
      vertex -153.636 6.36396 14
      vertex -154.521 7.14018 14
    endloop
  endfacet
  facet normal 0 0 1
    outer loop
      vertex -158.63 1.78504 14
      vertex -154.521 7.14018 14
      vertex -155.5 7.79423 14
    endloop
  endfacet
  facet normal 0 0 1
    outer loop
      vertex -158.875 1.94856 14
      vertex -155.5 7.79423 14
      vertex -156.556 8.31492 14
    endloop
  endfacet
  facet normal 0 0 1
    outer loop
      vertex -159.139 2.07873 14
      vertex -156.556 8.31492 14
      vertex -157.671 8.69333 14
    endloop
  endfacet
  facet normal 0 0 1
    outer loop
      vertex -152.86 5.47885 14
      vertex -158.215 1.36971 14
      vertex -158.051 1.125 14
    endloop
  endfacet
  facet normal 0 0 1
    outer loop
      vertex -151 0 14
      vertex -157.769 0.293683 14
      vertex -157.75 0 14
    endloop
  endfacet
  facet normal 0 0 1
    outer loop
      vertex -151.077 1.17474 14
      vertex -157.769 0.293683 14
      vertex -151 0 14
    endloop
  endfacet
  facet normal 0 -0 1
    outer loop
      vertex -157.769 0.293683 14
      vertex -151.307 2.32937 14
      vertex -157.827 0.582342 14
    endloop
  endfacet
  facet normal 0 0 1
    outer loop
      vertex -151.685 3.44415 14
      vertex -157.921 0.861037 14
      vertex -157.827 0.582342 14
    endloop
  endfacet
  facet normal 0 0 1
    outer loop
      vertex -152.206 4.5 14
      vertex -158.051 1.125 14
      vertex -157.921 0.861037 14
    endloop
  endfacet
  facet normal 0 0 1
    outer loop
      vertex -153.636 6.36396 14
      vertex -158.409 1.59099 14
      vertex -158.215 1.36971 14
    endloop
  endfacet
  facet normal 0 0 1
    outer loop
      vertex -154.521 7.14018 14
      vertex -158.63 1.78504 14
      vertex -158.409 1.59099 14
    endloop
  endfacet
  facet normal 0 0 1
    outer loop
      vertex -159.418 2.17333 14
      vertex -157.671 8.69333 14
      vertex -158.825 8.923 14
    endloop
  endfacet
  facet normal 0 0 1
    outer loop
      vertex -155.5 7.79423 14
      vertex -158.875 1.94856 14
      vertex -158.63 1.78504 14
    endloop
  endfacet
  facet normal 0 0 1
    outer loop
      vertex -156.556 8.31492 14
      vertex -159.139 2.07873 14
      vertex -158.875 1.94856 14
    endloop
  endfacet
  facet normal 0 0 1
    outer loop
      vertex -157.671 8.69333 14
      vertex -159.418 2.17333 14
      vertex -159.139 2.07873 14
    endloop
  endfacet
  facet normal 0 0 1
    outer loop
      vertex -158.825 8.923 14
      vertex -159.706 2.23075 14
      vertex -159.418 2.17333 14
    endloop
  endfacet
  facet normal 0 0 1
    outer loop
      vertex -160 9 14
      vertex -159.706 2.23075 14
      vertex -158.825 8.923 14
    endloop
  endfacet
  facet normal 0 0 1
    outer loop
      vertex -160 9 14
      vertex -160 2.25 14
      vertex -159.706 2.23075 14
    endloop
  endfacet
  facet normal 0 0 1
    outer loop
      vertex -160 9 14
      vertex -160.294 2.23075 14
      vertex -160 2.25 14
    endloop
  endfacet
  facet normal -0 0 1
    outer loop
      vertex -161.175 8.923 14
      vertex -160.294 2.23075 14
      vertex -160 9 14
    endloop
  endfacet
  facet normal 0 0 1
    outer loop
      vertex -160.294 2.23075 14
      vertex -161.175 8.923 14
      vertex -160.582 2.17333 14
    endloop
  endfacet
  facet normal -0 0 1
    outer loop
      vertex -162.329 8.69333 14
      vertex -160.582 2.17333 14
      vertex -161.175 8.923 14
    endloop
  endfacet
  facet normal 0 0 1
    outer loop
      vertex -160.582 2.17333 14
      vertex -162.329 8.69333 14
      vertex -160.861 2.07873 14
    endloop
  endfacet
  facet normal -0 0 1
    outer loop
      vertex -163.444 8.31492 14
      vertex -160.861 2.07873 14
      vertex -162.329 8.69333 14
    endloop
  endfacet
  facet normal 0 0 1
    outer loop
      vertex -160.861 2.07873 14
      vertex -163.444 8.31492 14
      vertex -161.125 1.94856 14
    endloop
  endfacet
  facet normal -0 0 1
    outer loop
      vertex -164.5 7.79423 14
      vertex -161.125 1.94856 14
      vertex -163.444 8.31492 14
    endloop
  endfacet
  facet normal 0 0 1
    outer loop
      vertex -161.125 1.94856 14
      vertex -164.5 7.79423 14
      vertex -161.37 1.78504 14
    endloop
  endfacet
  facet normal -0 0 1
    outer loop
      vertex -165.479 7.14018 14
      vertex -161.37 1.78504 14
      vertex -164.5 7.79423 14
    endloop
  endfacet
  facet normal 0 0 1
    outer loop
      vertex -161.37 1.78504 14
      vertex -165.479 7.14018 14
      vertex -161.591 1.59099 14
    endloop
  endfacet
  facet normal -0 0 1
    outer loop
      vertex -166.364 6.36396 14
      vertex -161.591 1.59099 14
      vertex -165.479 7.14018 14
    endloop
  endfacet
  facet normal 0 0 1
    outer loop
      vertex -161.591 1.59099 14
      vertex -166.364 6.36396 14
      vertex -161.785 1.36971 14
    endloop
  endfacet
  facet normal -0 0 1
    outer loop
      vertex -167.14 5.47885 14
      vertex -161.785 1.36971 14
      vertex -166.364 6.36396 14
    endloop
  endfacet
  facet normal 0 0 1
    outer loop
      vertex -161.785 1.36971 14
      vertex -167.14 5.47885 14
      vertex -161.949 1.125 14
    endloop
  endfacet
  facet normal -0 0 1
    outer loop
      vertex -167.794 4.5 14
      vertex -161.949 1.125 14
      vertex -167.14 5.47885 14
    endloop
  endfacet
  facet normal 0 0 1
    outer loop
      vertex -161.949 1.125 14
      vertex -167.794 4.5 14
      vertex -162.079 0.861037 14
    endloop
  endfacet
  facet normal -0 0 1
    outer loop
      vertex -168.315 3.44415 14
      vertex -162.079 0.861037 14
      vertex -167.794 4.5 14
    endloop
  endfacet
  facet normal 0 0 1
    outer loop
      vertex -162.079 0.861037 14
      vertex -168.315 3.44415 14
      vertex -162.173 0.582342 14
    endloop
  endfacet
  facet normal -0 0 1
    outer loop
      vertex -168.693 2.32937 14
      vertex -162.173 0.582342 14
      vertex -168.315 3.44415 14
    endloop
  endfacet
  facet normal 0 0 1
    outer loop
      vertex -162.173 0.582342 14
      vertex -168.693 2.32937 14
      vertex -162.231 0.293683 14
    endloop
  endfacet
  facet normal -0 0 1
    outer loop
      vertex -168.923 1.17474 14
      vertex -162.231 0.293683 14
      vertex -168.693 2.32937 14
    endloop
  endfacet
  facet normal 0 0 1
    outer loop
      vertex -162.231 0.293683 14
      vertex -168.923 1.17474 14
      vertex -162.25 0 14
    endloop
  endfacet
  facet normal 0 0 1
    outer loop
      vertex -162.25 0 14
      vertex -168.923 1.17474 14
      vertex -169 0 14
    endloop
  endfacet
  facet normal 0.98078 0.195115 0
    outer loop
      vertex -61.077 1.17474 14
      vertex -61.3067 2.32937 6
      vertex -61.3067 2.32937 14
    endloop
  endfacet
  facet normal 0.98078 0.195115 0
    outer loop
      vertex -61.3067 2.32937 6
      vertex -61.077 1.17474 14
      vertex -61.077 1.17474 6
    endloop
  endfacet
  facet normal 0.997859 0.0654061 0
    outer loop
      vertex -61 0 14
      vertex -61.077 1.17474 6
      vertex -61.077 1.17474 14
    endloop
  endfacet
  facet normal 0.997859 0.0654061 0
    outer loop
      vertex -61.077 1.17474 6
      vertex -61 0 14
      vertex -61 0 6
    endloop
  endfacet
  facet normal 0.946934 0.321427 0
    outer loop
      vertex -61.3067 2.32937 14
      vertex -61.6851 3.44415 6
      vertex -61.6851 3.44415 14
    endloop
  endfacet
  facet normal 0.946934 0.321427 0
    outer loop
      vertex -61.6851 3.44415 6
      vertex -61.3067 2.32937 14
      vertex -61.3067 2.32937 6
    endloop
  endfacet
  facet normal 0.442307 0.896864 -0
    outer loop
      vertex -65.5 7.79423 6
      vertex -66.5558 8.31492 14
      vertex -65.5 7.79423 14
    endloop
  endfacet
  facet normal 0.442307 0.896864 0
    outer loop
      vertex -66.5558 8.31492 14
      vertex -65.5 7.79423 6
      vertex -66.5558 8.31492 6
    endloop
  endfacet
  facet normal 0.555553 0.831481 -0
    outer loop
      vertex -64.5211 7.14018 6
      vertex -65.5 7.79423 14
      vertex -64.5211 7.14018 14
    endloop
  endfacet
  facet normal 0.555553 0.831481 0
    outer loop
      vertex -65.5 7.79423 14
      vertex -64.5211 7.14018 6
      vertex -65.5 7.79423 6
    endloop
  endfacet
  facet normal 0.831488 0.555543 0
    outer loop
      vertex -62.2058 4.5 14
      vertex -62.8598 5.47885 6
      vertex -62.8598 5.47885 14
    endloop
  endfacet
  facet normal 0.831488 0.555543 0
    outer loop
      vertex -62.8598 5.47885 6
      vertex -62.2058 4.5 14
      vertex -62.2058 4.5 6
    endloop
  endfacet
  facet normal 0.896869 0.442297 0
    outer loop
      vertex -61.6851 3.44415 14
      vertex -62.2058 4.5 6
      vertex -62.2058 4.5 14
    endloop
  endfacet
  facet normal 0.896869 0.442297 0
    outer loop
      vertex -62.2058 4.5 6
      vertex -61.6851 3.44415 14
      vertex -61.6851 3.44415 6
    endloop
  endfacet
  facet normal -0.65935 0.751836 0
    outer loop
      vertex -75.4789 7.14018 6
      vertex -76.364 6.36396 14
      vertex -75.4789 7.14018 14
    endloop
  endfacet
  facet normal -0.65935 0.751836 0
    outer loop
      vertex -76.364 6.36396 14
      vertex -75.4789 7.14018 6
      vertex -76.364 6.36396 6
    endloop
  endfacet
  facet normal 0.65935 0.751836 -0
    outer loop
      vertex -63.636 6.36396 6
      vertex -64.5211 7.14018 14
      vertex -63.636 6.36396 14
    endloop
  endfacet
  facet normal 0.65935 0.751836 0
    outer loop
      vertex -64.5211 7.14018 14
      vertex -63.636 6.36396 6
      vertex -64.5211 7.14018 6
    endloop
  endfacet
  facet normal 0.751848 0.659336 0
    outer loop
      vertex -62.8598 5.47885 14
      vertex -63.636 6.36396 6
      vertex -63.636 6.36396 14
    endloop
  endfacet
  facet normal 0.751848 0.659336 0
    outer loop
      vertex -63.636 6.36396 6
      vertex -62.8598 5.47885 14
      vertex -62.8598 5.47885 6
    endloop
  endfacet
  facet normal -0.555553 0.831481 0
    outer loop
      vertex -74.5 7.79423 6
      vertex -75.4789 7.14018 14
      vertex -74.5 7.79423 14
    endloop
  endfacet
  facet normal -0.555553 0.831481 0
    outer loop
      vertex -75.4789 7.14018 14
      vertex -74.5 7.79423 6
      vertex -75.4789 7.14018 6
    endloop
  endfacet
  facet normal -0.997859 0.0654061 0
    outer loop
      vertex -79 0 6
      vertex -78.923 1.17474 14
      vertex -78.923 1.17474 6
    endloop
  endfacet
  facet normal -0.997859 0.0654061 0
    outer loop
      vertex -78.923 1.17474 14
      vertex -79 0 6
      vertex -79 0 14
    endloop
  endfacet
  facet normal -0.442307 0.896864 0
    outer loop
      vertex -73.4442 8.31492 6
      vertex -74.5 7.79423 14
      vertex -73.4442 8.31492 14
    endloop
  endfacet
  facet normal -0.442307 0.896864 0
    outer loop
      vertex -74.5 7.79423 14
      vertex -73.4442 8.31492 6
      vertex -74.5 7.79423 6
    endloop
  endfacet
  facet normal -0.195079 0.980788 0
    outer loop
      vertex -71.1747 8.923 6
      vertex -72.3294 8.69333 14
      vertex -71.1747 8.923 14
    endloop
  endfacet
  facet normal -0.195079 0.980788 0
    outer loop
      vertex -72.3294 8.69333 14
      vertex -71.1747 8.923 6
      vertex -72.3294 8.69333 6
    endloop
  endfacet
  facet normal -0.946934 0.321427 0
    outer loop
      vertex -78.6933 2.32937 6
      vertex -78.3149 3.44415 14
      vertex -78.3149 3.44415 6
    endloop
  endfacet
  facet normal -0.946934 0.321427 0
    outer loop
      vertex -78.3149 3.44415 14
      vertex -78.6933 2.32937 6
      vertex -78.6933 2.32937 14
    endloop
  endfacet
  facet normal -0.98078 0.195115 0
    outer loop
      vertex -78.923 1.17474 6
      vertex -78.6933 2.32937 14
      vertex -78.6933 2.32937 6
    endloop
  endfacet
  facet normal -0.98078 0.195115 0
    outer loop
      vertex -78.6933 2.32937 14
      vertex -78.923 1.17474 6
      vertex -78.923 1.17474 14
    endloop
  endfacet
  facet normal 0.0654083 0.997859 -0
    outer loop
      vertex -68.8253 8.923 6
      vertex -70 9 14
      vertex -68.8253 8.923 14
    endloop
  endfacet
  facet normal 0.0654083 0.997859 0
    outer loop
      vertex -70 9 14
      vertex -68.8253 8.923 6
      vertex -70 9 6
    endloop
  endfacet
  facet normal -0.0654083 0.997859 0
    outer loop
      vertex -70 9 6
      vertex -71.1747 8.923 14
      vertex -70 9 14
    endloop
  endfacet
  facet normal -0.0654083 0.997859 0
    outer loop
      vertex -71.1747 8.923 14
      vertex -70 9 6
      vertex -71.1747 8.923 6
    endloop
  endfacet
  facet normal -0.751848 0.659336 0
    outer loop
      vertex -77.1402 5.47885 6
      vertex -76.364 6.36396 14
      vertex -76.364 6.36396 6
    endloop
  endfacet
  facet normal -0.751848 0.659336 0
    outer loop
      vertex -76.364 6.36396 14
      vertex -77.1402 5.47885 6
      vertex -77.1402 5.47885 14
    endloop
  endfacet
  facet normal -0.321429 0.946934 0
    outer loop
      vertex -72.3294 8.69333 6
      vertex -73.4442 8.31492 14
      vertex -72.3294 8.69333 14
    endloop
  endfacet
  facet normal -0.321429 0.946934 0
    outer loop
      vertex -73.4442 8.31492 14
      vertex -72.3294 8.69333 6
      vertex -73.4442 8.31492 6
    endloop
  endfacet
  facet normal 0.321429 0.946934 -0
    outer loop
      vertex -66.5558 8.31492 6
      vertex -67.6706 8.69333 14
      vertex -66.5558 8.31492 14
    endloop
  endfacet
  facet normal 0.321429 0.946934 0
    outer loop
      vertex -67.6706 8.69333 14
      vertex -66.5558 8.31492 6
      vertex -67.6706 8.69333 6
    endloop
  endfacet
  facet normal 0.195079 0.980788 -0
    outer loop
      vertex -67.6706 8.69333 6
      vertex -68.8253 8.923 14
      vertex -67.6706 8.69333 14
    endloop
  endfacet
  facet normal 0.195079 0.980788 0
    outer loop
      vertex -68.8253 8.923 14
      vertex -67.6706 8.69333 6
      vertex -68.8253 8.923 6
    endloop
  endfacet
  facet normal -0.896869 0.442297 0
    outer loop
      vertex -78.3149 3.44415 6
      vertex -77.7942 4.5 14
      vertex -77.7942 4.5 6
    endloop
  endfacet
  facet normal -0.896869 0.442297 0
    outer loop
      vertex -77.7942 4.5 14
      vertex -78.3149 3.44415 6
      vertex -78.3149 3.44415 14
    endloop
  endfacet
  facet normal -0.831488 0.555543 0
    outer loop
      vertex -77.7942 4.5 6
      vertex -77.1402 5.47885 14
      vertex -77.1402 5.47885 6
    endloop
  endfacet
  facet normal -0.831488 0.555543 0
    outer loop
      vertex -77.1402 5.47885 14
      vertex -77.7942 4.5 6
      vertex -77.7942 4.5 14
    endloop
  endfacet
  facet normal 0 0 1
    outer loop
      vertex -67.7692 0.293683 14
      vertex -61.077 1.17474 14
      vertex -61.3067 2.32937 14
    endloop
  endfacet
  facet normal 0 0 1
    outer loop
      vertex -67.8267 0.582342 14
      vertex -61.3067 2.32937 14
      vertex -61.6851 3.44415 14
    endloop
  endfacet
  facet normal 0 0 1
    outer loop
      vertex -67.9213 0.861037 14
      vertex -61.6851 3.44415 14
      vertex -62.2058 4.5 14
    endloop
  endfacet
  facet normal 0 0 1
    outer loop
      vertex -68.0514 1.125 14
      vertex -62.2058 4.5 14
      vertex -62.8598 5.47885 14
    endloop
  endfacet
  facet normal 0 0 1
    outer loop
      vertex -68.215 1.36971 14
      vertex -62.8598 5.47885 14
      vertex -63.636 6.36396 14
    endloop
  endfacet
  facet normal 0 0 1
    outer loop
      vertex -68.409 1.59099 14
      vertex -63.636 6.36396 14
      vertex -64.5211 7.14018 14
    endloop
  endfacet
  facet normal 0 0 1
    outer loop
      vertex -68.6303 1.78504 14
      vertex -64.5211 7.14018 14
      vertex -65.5 7.79423 14
    endloop
  endfacet
  facet normal 0 0 1
    outer loop
      vertex -68.875 1.94856 14
      vertex -65.5 7.79423 14
      vertex -66.5558 8.31492 14
    endloop
  endfacet
  facet normal 0 0 1
    outer loop
      vertex -69.139 2.07873 14
      vertex -66.5558 8.31492 14
      vertex -67.6706 8.69333 14
    endloop
  endfacet
  facet normal 0 0 1
    outer loop
      vertex -62.8598 5.47885 14
      vertex -68.215 1.36971 14
      vertex -68.0514 1.125 14
    endloop
  endfacet
  facet normal 0 0 1
    outer loop
      vertex -61 0 14
      vertex -67.7692 0.293683 14
      vertex -67.75 0 14
    endloop
  endfacet
  facet normal 0 0 1
    outer loop
      vertex -61.077 1.17474 14
      vertex -67.7692 0.293683 14
      vertex -61 0 14
    endloop
  endfacet
  facet normal 0 -0 1
    outer loop
      vertex -67.7692 0.293683 14
      vertex -61.3067 2.32937 14
      vertex -67.8267 0.582342 14
    endloop
  endfacet
  facet normal 0 0 1
    outer loop
      vertex -61.6851 3.44415 14
      vertex -67.9213 0.861037 14
      vertex -67.8267 0.582342 14
    endloop
  endfacet
  facet normal 0 0 1
    outer loop
      vertex -62.2058 4.5 14
      vertex -68.0514 1.125 14
      vertex -67.9213 0.861037 14
    endloop
  endfacet
  facet normal 0 0 1
    outer loop
      vertex -63.636 6.36396 14
      vertex -68.409 1.59099 14
      vertex -68.215 1.36971 14
    endloop
  endfacet
  facet normal 0 0 1
    outer loop
      vertex -64.5211 7.14018 14
      vertex -68.6303 1.78504 14
      vertex -68.409 1.59099 14
    endloop
  endfacet
  facet normal 0 0 1
    outer loop
      vertex -69.4177 2.17333 14
      vertex -67.6706 8.69333 14
      vertex -68.8253 8.923 14
    endloop
  endfacet
  facet normal 0 0 1
    outer loop
      vertex -65.5 7.79423 14
      vertex -68.875 1.94856 14
      vertex -68.6303 1.78504 14
    endloop
  endfacet
  facet normal 0 0 1
    outer loop
      vertex -66.5558 8.31492 14
      vertex -69.139 2.07873 14
      vertex -68.875 1.94856 14
    endloop
  endfacet
  facet normal 0 0 1
    outer loop
      vertex -67.6706 8.69333 14
      vertex -69.4177 2.17333 14
      vertex -69.139 2.07873 14
    endloop
  endfacet
  facet normal 0 0 1
    outer loop
      vertex -68.8253 8.923 14
      vertex -69.7063 2.23075 14
      vertex -69.4177 2.17333 14
    endloop
  endfacet
  facet normal 0 0 1
    outer loop
      vertex -70 9 14
      vertex -69.7063 2.23075 14
      vertex -68.8253 8.923 14
    endloop
  endfacet
  facet normal 0 0 1
    outer loop
      vertex -70 9 14
      vertex -70 2.25 14
      vertex -69.7063 2.23075 14
    endloop
  endfacet
  facet normal 0 0 1
    outer loop
      vertex -70 9 14
      vertex -70.2937 2.23075 14
      vertex -70 2.25 14
    endloop
  endfacet
  facet normal -0 0 1
    outer loop
      vertex -71.1747 8.923 14
      vertex -70.2937 2.23075 14
      vertex -70 9 14
    endloop
  endfacet
  facet normal 0 0 1
    outer loop
      vertex -70.2937 2.23075 14
      vertex -71.1747 8.923 14
      vertex -70.5823 2.17333 14
    endloop
  endfacet
  facet normal -0 0 1
    outer loop
      vertex -72.3294 8.69333 14
      vertex -70.5823 2.17333 14
      vertex -71.1747 8.923 14
    endloop
  endfacet
  facet normal 0 0 1
    outer loop
      vertex -70.5823 2.17333 14
      vertex -72.3294 8.69333 14
      vertex -70.861 2.07873 14
    endloop
  endfacet
  facet normal -0 0 1
    outer loop
      vertex -73.4442 8.31492 14
      vertex -70.861 2.07873 14
      vertex -72.3294 8.69333 14
    endloop
  endfacet
  facet normal 0 0 1
    outer loop
      vertex -70.861 2.07873 14
      vertex -73.4442 8.31492 14
      vertex -71.125 1.94856 14
    endloop
  endfacet
  facet normal -0 0 1
    outer loop
      vertex -74.5 7.79423 14
      vertex -71.125 1.94856 14
      vertex -73.4442 8.31492 14
    endloop
  endfacet
  facet normal 0 0 1
    outer loop
      vertex -71.125 1.94856 14
      vertex -74.5 7.79423 14
      vertex -71.3697 1.78504 14
    endloop
  endfacet
  facet normal -0 0 1
    outer loop
      vertex -75.4789 7.14018 14
      vertex -71.3697 1.78504 14
      vertex -74.5 7.79423 14
    endloop
  endfacet
  facet normal 0 0 1
    outer loop
      vertex -71.3697 1.78504 14
      vertex -75.4789 7.14018 14
      vertex -71.591 1.59099 14
    endloop
  endfacet
  facet normal -0 0 1
    outer loop
      vertex -76.364 6.36396 14
      vertex -71.591 1.59099 14
      vertex -75.4789 7.14018 14
    endloop
  endfacet
  facet normal 0 0 1
    outer loop
      vertex -71.591 1.59099 14
      vertex -76.364 6.36396 14
      vertex -71.785 1.36971 14
    endloop
  endfacet
  facet normal -0 0 1
    outer loop
      vertex -77.1402 5.47885 14
      vertex -71.785 1.36971 14
      vertex -76.364 6.36396 14
    endloop
  endfacet
  facet normal 0 0 1
    outer loop
      vertex -71.785 1.36971 14
      vertex -77.1402 5.47885 14
      vertex -71.9486 1.125 14
    endloop
  endfacet
  facet normal -0 0 1
    outer loop
      vertex -77.7942 4.5 14
      vertex -71.9486 1.125 14
      vertex -77.1402 5.47885 14
    endloop
  endfacet
  facet normal 0 0 1
    outer loop
      vertex -71.9486 1.125 14
      vertex -77.7942 4.5 14
      vertex -72.0787 0.861037 14
    endloop
  endfacet
  facet normal -0 0 1
    outer loop
      vertex -78.3149 3.44415 14
      vertex -72.0787 0.861037 14
      vertex -77.7942 4.5 14
    endloop
  endfacet
  facet normal 0 0 1
    outer loop
      vertex -72.0787 0.861037 14
      vertex -78.3149 3.44415 14
      vertex -72.1733 0.582342 14
    endloop
  endfacet
  facet normal -0 0 1
    outer loop
      vertex -78.6933 2.32937 14
      vertex -72.1733 0.582342 14
      vertex -78.3149 3.44415 14
    endloop
  endfacet
  facet normal 0 0 1
    outer loop
      vertex -72.1733 0.582342 14
      vertex -78.6933 2.32937 14
      vertex -72.2308 0.293683 14
    endloop
  endfacet
  facet normal -0 0 1
    outer loop
      vertex -78.923 1.17474 14
      vertex -72.2308 0.293683 14
      vertex -78.6933 2.32937 14
    endloop
  endfacet
  facet normal 0 0 1
    outer loop
      vertex -72.2308 0.293683 14
      vertex -78.923 1.17474 14
      vertex -72.25 0 14
    endloop
  endfacet
  facet normal 0 0 1
    outer loop
      vertex -72.25 0 14
      vertex -78.923 1.17474 14
      vertex -79 0 14
    endloop
  endfacet
  facet normal -0.442401 0.896817 0
    outer loop
      vertex -211.358 223.934 0
      vertex -213 223.124 6
      vertex -211.358 223.934 6
    endloop
  endfacet
  facet normal -0.442401 0.896817 0
    outer loop
      vertex -213 223.124 6
      vertex -211.358 223.934 0
      vertex -213 223.124 0
    endloop
  endfacet
  facet normal -0.0655402 0.99785 0
    outer loop
      vertex -206 225 0
      vertex -207.827 224.88 6
      vertex -206 225 6
    endloop
  endfacet
  facet normal -0.0655402 0.99785 0
    outer loop
      vertex -207.827 224.88 6
      vertex -206 225 0
      vertex -207.827 224.88 0
    endloop
  endfacet
  facet normal 0 1 -0
    outer loop
      vertex -16 225 0
      vertex -206 225 6
      vertex -16 225 6
    endloop
  endfacet
  facet normal 0 1 0
    outer loop
      vertex -206 225 6
      vertex -16 225 0
      vertex -206 225 0
    endloop
  endfacet
  facet normal -1 0 0
    outer loop
      vertex -220 0 0
      vertex -220 211 6
      vertex -220 211 0
    endloop
  endfacet
  facet normal -1 -0 0
    outer loop
      vertex -220 211 6
      vertex -220 0 0
      vertex -220 0 6
    endloop
  endfacet
  facet normal -0.321462 0.946922 0
    outer loop
      vertex -209.623 224.523 0
      vertex -211.358 223.934 6
      vertex -209.623 224.523 6
    endloop
  endfacet
  facet normal -0.321462 0.946922 0
    outer loop
      vertex -211.358 223.934 6
      vertex -209.623 224.523 0
      vertex -211.358 223.934 0
    endloop
  endfacet
  facet normal -0.980811 0.194961 0
    outer loop
      vertex -219.88 212.827 0
      vertex -219.523 214.623 6
      vertex -219.523 214.623 0
    endloop
  endfacet
  facet normal -0.980811 0.194961 0
    outer loop
      vertex -219.523 214.623 6
      vertex -219.88 212.827 0
      vertex -219.88 212.827 6
    endloop
  endfacet
  facet normal -0.896817 0.442401 0
    outer loop
      vertex -218.934 216.358 0
      vertex -218.124 218 6
      vertex -218.124 218 0
    endloop
  endfacet
  facet normal -0.896817 0.442401 0
    outer loop
      vertex -218.124 218 6
      vertex -218.934 216.358 0
      vertex -218.934 216.358 6
    endloop
  endfacet
  facet normal -0.99785 0.0655402 0
    outer loop
      vertex -220 211 0
      vertex -219.88 212.827 6
      vertex -219.88 212.827 0
    endloop
  endfacet
  facet normal -0.99785 0.0655402 0
    outer loop
      vertex -219.88 212.827 6
      vertex -220 211 0
      vertex -220 211 6
    endloop
  endfacet
  facet normal -0.751493 0.659741 0
    outer loop
      vertex -217.107 219.523 0
      vertex -215.899 220.899 6
      vertex -215.899 220.899 0
    endloop
  endfacet
  facet normal -0.751493 0.659741 0
    outer loop
      vertex -215.899 220.899 6
      vertex -217.107 219.523 0
      vertex -217.107 219.523 6
    endloop
  endfacet
  facet normal -0.83163 0.55533 0
    outer loop
      vertex -218.124 218 0
      vertex -217.107 219.523 6
      vertex -217.107 219.523 0
    endloop
  endfacet
  facet normal -0.83163 0.55533 0
    outer loop
      vertex -217.107 219.523 6
      vertex -218.124 218 0
      vertex -218.124 218 6
    endloop
  endfacet
  facet normal -0.659741 0.751493 0
    outer loop
      vertex -214.523 222.107 0
      vertex -215.899 220.899 6
      vertex -214.523 222.107 6
    endloop
  endfacet
  facet normal -0.659741 0.751493 0
    outer loop
      vertex -215.899 220.899 6
      vertex -214.523 222.107 0
      vertex -215.899 220.899 0
    endloop
  endfacet
  facet normal -0.946922 0.321462 0
    outer loop
      vertex -219.523 214.623 0
      vertex -218.934 216.358 6
      vertex -218.934 216.358 0
    endloop
  endfacet
  facet normal -0.946922 0.321462 0
    outer loop
      vertex -218.934 216.358 6
      vertex -219.523 214.623 0
      vertex -219.523 214.623 6
    endloop
  endfacet
  facet normal 0 0 -1
    outer loop
      vertex -157.369 148.761 0
      vertex -167.622 148.761 0
      vertex -157.369 164.778 0
    endloop
  endfacet
  facet normal 0 0 -1
    outer loop
      vertex -146.611 155.622 0
      vertex -146.478 155.846 0
      vertex -145.971 155.719 0
    endloop
  endfacet
  facet normal 0 0 -1
    outer loop
      vertex -146.611 155.622 0
      vertex -146.948 156.003 0
      vertex -146.478 155.846 0
    endloop
  endfacet
  facet normal 0 0 -1
    outer loop
      vertex -147.206 155.489 0
      vertex -146.948 156.003 0
      vertex -146.611 155.622 0
    endloop
  endfacet
  facet normal 0 0 -1
    outer loop
      vertex -147.206 155.489 0
      vertex -147.379 156.189 0
      vertex -146.948 156.003 0
    endloop
  endfacet
  facet normal 0 0 -1
    outer loop
      vertex -147.756 155.318 0
      vertex -147.379 156.189 0
      vertex -147.206 155.489 0
    endloop
  endfacet
  facet normal 0 0 -1
    outer loop
      vertex -147.756 155.318 0
      vertex -147.771 156.405 0
      vertex -147.379 156.189 0
    endloop
  endfacet
  facet normal 0 0 -1
    outer loop
      vertex -148.26 155.11 0
      vertex -147.771 156.405 0
      vertex -147.756 155.318 0
    endloop
  endfacet
  facet normal -0 0 -1
    outer loop
      vertex -147.771 156.405 0
      vertex -148.26 155.11 0
      vertex -148.125 156.651 0
    endloop
  endfacet
  facet normal 0 0 -1
    outer loop
      vertex -148.26 155.11 0
      vertex -148.44 156.926 0
      vertex -148.125 156.651 0
    endloop
  endfacet
  facet normal 0 0 -1
    outer loop
      vertex -148.72 154.864 0
      vertex -148.44 156.926 0
      vertex -148.26 155.11 0
    endloop
  endfacet
  facet normal -0 0 -1
    outer loop
      vertex -148.44 156.926 0
      vertex -148.72 154.864 0
      vertex -148.717 157.231 0
    endloop
  endfacet
  facet normal 0 0 -1
    outer loop
      vertex -149.134 154.581 0
      vertex -148.717 157.231 0
      vertex -148.72 154.864 0
    endloop
  endfacet
  facet normal -0 0 -1
    outer loop
      vertex -148.717 157.231 0
      vertex -149.134 154.581 0
      vertex -148.956 157.561 0
    endloop
  endfacet
  facet normal 0 0 -1
    outer loop
      vertex -149.504 154.261 0
      vertex -148.956 157.561 0
      vertex -149.134 154.581 0
    endloop
  endfacet
  facet normal -0 0 -1
    outer loop
      vertex -148.956 157.561 0
      vertex -149.504 154.261 0
      vertex -149.159 157.912 0
    endloop
  endfacet
  facet normal 0 0 -1
    outer loop
      vertex -149.826 153.906 0
      vertex -149.159 157.912 0
      vertex -149.504 154.261 0
    endloop
  endfacet
  facet normal -0 0 -1
    outer loop
      vertex -149.159 157.912 0
      vertex -149.826 153.906 0
      vertex -149.324 158.283 0
    endloop
  endfacet
  facet normal 0 0 -1
    outer loop
      vertex -150.098 153.52 0
      vertex -149.324 158.283 0
      vertex -149.826 153.906 0
    endloop
  endfacet
  facet normal -0 0 -1
    outer loop
      vertex -149.324 158.283 0
      vertex -150.098 153.52 0
      vertex -149.453 158.676 0
    endloop
  endfacet
  facet normal 0 0 -1
    outer loop
      vertex -150.321 153.103 0
      vertex -149.453 158.676 0
      vertex -150.098 153.52 0
    endloop
  endfacet
  facet normal -0 0 -1
    outer loop
      vertex -149.453 158.676 0
      vertex -150.321 153.103 0
      vertex -149.545 159.089 0
    endloop
  endfacet
  facet normal 0 0 -1
    outer loop
      vertex -133.995 142.487 0
      vertex -133.778 145.669 0
      vertex -133.721 141.682 0
    endloop
  endfacet
  facet normal 0 0 -1
    outer loop
      vertex -134.371 143.25 0
      vertex -133.778 145.669 0
      vertex -133.995 142.487 0
    endloop
  endfacet
  facet normal 0 0 -1
    outer loop
      vertex -134.843 143.957 0
      vertex -133.778 145.669 0
      vertex -134.371 143.25 0
    endloop
  endfacet
  facet normal 0 0 -1
    outer loop
      vertex -135.404 144.596 0
      vertex -133.778 145.669 0
      vertex -134.843 143.957 0
    endloop
  endfacet
  facet normal 0 0 -1
    outer loop
      vertex -136.043 145.157 0
      vertex -133.778 145.669 0
      vertex -135.404 144.596 0
    endloop
  endfacet
  facet normal 0 0 -1
    outer loop
      vertex -136.75 145.629 0
      vertex -133.778 145.669 0
      vertex -136.043 145.157 0
    endloop
  endfacet
  facet normal -0 0 -1
    outer loop
      vertex -133.778 145.669 0
      vertex -136.75 145.629 0
      vertex -136.83 145.669 0
    endloop
  endfacet
  facet normal 0 0 -1
    outer loop
      vertex -2.25 105 0
      vertex -133.556 139.152 0
      vertex -133.5 140 0
    endloop
  endfacet
  facet normal 0 0 -1
    outer loop
      vertex -72.2308 0.293683 0
      vertex -133.721 138.318 0
      vertex -133.556 139.152 0
    endloop
  endfacet
  facet normal 0 0 -1
    outer loop
      vertex -72.2308 0.293683 0
      vertex -133.995 137.513 0
      vertex -133.721 138.318 0
    endloop
  endfacet
  facet normal 0 0 -1
    outer loop
      vertex -72.2308 0.293683 0
      vertex -134.371 136.75 0
      vertex -133.995 137.513 0
    endloop
  endfacet
  facet normal 0 0 -1
    outer loop
      vertex -72.2308 0.293683 0
      vertex -134.843 136.043 0
      vertex -134.371 136.75 0
    endloop
  endfacet
  facet normal 0 0 -1
    outer loop
      vertex -72.2308 0.293683 0
      vertex -135.404 135.404 0
      vertex -134.843 136.043 0
    endloop
  endfacet
  facet normal 0 0 -1
    outer loop
      vertex -72.2308 0.293683 0
      vertex -136.043 134.843 0
      vertex -135.404 135.404 0
    endloop
  endfacet
  facet normal 0 0 -1
    outer loop
      vertex -72.2308 0.293683 0
      vertex -136.75 134.371 0
      vertex -136.043 134.843 0
    endloop
  endfacet
  facet normal 0 0 -1
    outer loop
      vertex -72.2308 0.293683 0
      vertex -137.513 133.995 0
      vertex -136.75 134.371 0
    endloop
  endfacet
  facet normal 0 0 -1
    outer loop
      vertex -72.2308 0.293683 0
      vertex -138.318 133.721 0
      vertex -137.513 133.995 0
    endloop
  endfacet
  facet normal 0 0 -1
    outer loop
      vertex -72.2308 0.293683 0
      vertex -158.63 1.78504 0
      vertex -138.318 133.721 0
    endloop
  endfacet
  facet normal 0 0 -1
    outer loop
      vertex -158.875 1.94856 0
      vertex -138.318 133.721 0
      vertex -158.63 1.78504 0
    endloop
  endfacet
  facet normal 0 0 -1
    outer loop
      vertex -138.318 133.721 0
      vertex -158.875 1.94856 0
      vertex -139.152 133.556 0
    endloop
  endfacet
  facet normal 0 0 -1
    outer loop
      vertex -159.139 2.07873 0
      vertex -139.152 133.556 0
      vertex -158.875 1.94856 0
    endloop
  endfacet
  facet normal 0 0 -1
    outer loop
      vertex -139.152 133.556 0
      vertex -159.139 2.07873 0
      vertex -140 133.5 0
    endloop
  endfacet
  facet normal 0 0 -1
    outer loop
      vertex -159.418 2.17333 0
      vertex -140 133.5 0
      vertex -159.139 2.07873 0
    endloop
  endfacet
  facet normal -0 0 -1
    outer loop
      vertex -140 133.5 0
      vertex -159.418 2.17333 0
      vertex -140.848 133.556 0
    endloop
  endfacet
  facet normal 0 0 -1
    outer loop
      vertex -159.706 2.23075 0
      vertex -140.848 133.556 0
      vertex -159.418 2.17333 0
    endloop
  endfacet
  facet normal -0 0 -1
    outer loop
      vertex -140.848 133.556 0
      vertex -159.706 2.23075 0
      vertex -141.682 133.721 0
    endloop
  endfacet
  facet normal 0 0 -1
    outer loop
      vertex -160 2.25 0
      vertex -141.682 133.721 0
      vertex -159.706 2.23075 0
    endloop
  endfacet
  facet normal 0 0 -1
    outer loop
      vertex -146.005 142.487 0
      vertex -147.525 146.395 0
      vertex -146.812 146.134 0
    endloop
  endfacet
  facet normal 0 0 -1
    outer loop
      vertex -153.368 145.669 0
      vertex -146.5 140 0
      vertex -146.444 139.152 0
    endloop
  endfacet
  facet normal 0 0 -1
    outer loop
      vertex -146.444 140.848 0
      vertex -148.176 146.715 0
      vertex -147.525 146.395 0
    endloop
  endfacet
  facet normal 0 0 -1
    outer loop
      vertex -153.368 145.669 0
      vertex -146.444 139.152 0
      vertex -146.279 138.318 0
    endloop
  endfacet
  facet normal 0 0 -1
    outer loop
      vertex -146.444 140.848 0
      vertex -153.368 145.669 0
      vertex -148.176 146.715 0
    endloop
  endfacet
  facet normal -0 0 -1
    outer loop
      vertex -148.176 146.715 0
      vertex -153.368 145.669 0
      vertex -148.765 147.093 0
    endloop
  endfacet
  facet normal -0 0 -1
    outer loop
      vertex -148.765 147.093 0
      vertex -153.368 145.669 0
      vertex -149.283 147.524 0
    endloop
  endfacet
  facet normal 0 0 -1
    outer loop
      vertex -153.368 145.669 0
      vertex -146.279 138.318 0
      vertex -146.005 137.513 0
    endloop
  endfacet
  facet normal -0 0 -1
    outer loop
      vertex -149.283 147.524 0
      vertex -153.368 145.669 0
      vertex -149.721 148.003 0
    endloop
  endfacet
  facet normal -0 0 -1
    outer loop
      vertex -149.721 148.003 0
      vertex -153.368 145.669 0
      vertex -150.08 148.53 0
    endloop
  endfacet
  facet normal -0 0 -1
    outer loop
      vertex -150.678 150.401 0
      vertex -153.368 145.669 0
      vertex -150.718 151.121 0
    endloop
  endfacet
  facet normal -0 0 -1
    outer loop
      vertex -150.558 149.729 0
      vertex -153.368 145.669 0
      vertex -150.678 150.401 0
    endloop
  endfacet
  facet normal -0 0 -1
    outer loop
      vertex -150.359 149.106 0
      vertex -153.368 145.669 0
      vertex -150.558 149.729 0
    endloop
  endfacet
  facet normal -0 0 -1
    outer loop
      vertex -150.08 148.53 0
      vertex -153.368 145.669 0
      vertex -150.359 149.106 0
    endloop
  endfacet
  facet normal 0 0 -1
    outer loop
      vertex -167.622 145.669 0
      vertex -146.005 137.513 0
      vertex -145.629 136.75 0
    endloop
  endfacet
  facet normal -0 0 -1
    outer loop
      vertex -141.682 133.721 0
      vertex -160 2.25 0
      vertex -142.487 133.995 0
    endloop
  endfacet
  facet normal 0 0 -1
    outer loop
      vertex -157.769 0.293683 0
      vertex -72.25 0 0
      vertex -157.75 0 0
    endloop
  endfacet
  facet normal 0 0 -1
    outer loop
      vertex -72.2308 0.293683 0
      vertex -157.769 0.293683 0
      vertex -157.827 0.582342 0
    endloop
  endfacet
  facet normal 0 0 -1
    outer loop
      vertex -72.2308 0.293683 0
      vertex -157.827 0.582342 0
      vertex -157.921 0.861037 0
    endloop
  endfacet
  facet normal 0 0 -1
    outer loop
      vertex -72.2308 0.293683 0
      vertex -157.921 0.861037 0
      vertex -158.051 1.125 0
    endloop
  endfacet
  facet normal 0 0 -1
    outer loop
      vertex -72.2308 0.293683 0
      vertex -158.051 1.125 0
      vertex -158.215 1.36971 0
    endloop
  endfacet
  facet normal 0 0 -1
    outer loop
      vertex -72.2308 0.293683 0
      vertex -158.215 1.36971 0
      vertex -158.409 1.59099 0
    endloop
  endfacet
  facet normal 0 0 -1
    outer loop
      vertex -72.2308 0.293683 0
      vertex -158.409 1.59099 0
      vertex -158.63 1.78504 0
    endloop
  endfacet
  facet normal 0 0 -1
    outer loop
      vertex -160.294 2.23075 0
      vertex -142.487 133.995 0
      vertex -160 2.25 0
    endloop
  endfacet
  facet normal -0 0 -1
    outer loop
      vertex -142.487 133.995 0
      vertex -160.294 2.23075 0
      vertex -143.25 134.371 0
    endloop
  endfacet
  facet normal 0 0 -1
    outer loop
      vertex -160.582 2.17333 0
      vertex -143.25 134.371 0
      vertex -160.294 2.23075 0
    endloop
  endfacet
  facet normal -0 0 -1
    outer loop
      vertex -143.25 134.371 0
      vertex -160.582 2.17333 0
      vertex -143.957 134.843 0
    endloop
  endfacet
  facet normal 0 0 -1
    outer loop
      vertex -160.861 2.07873 0
      vertex -143.957 134.843 0
      vertex -160.582 2.17333 0
    endloop
  endfacet
  facet normal 0 0 -1
    outer loop
      vertex -167.622 145.669 0
      vertex -143.957 134.843 0
      vertex -160.861 2.07873 0
    endloop
  endfacet
  facet normal 0 0 -1
    outer loop
      vertex -144.596 135.404 0
      vertex -167.622 145.669 0
      vertex -145.157 136.043 0
    endloop
  endfacet
  facet normal 0 0 -1
    outer loop
      vertex -145.157 136.043 0
      vertex -167.622 145.669 0
      vertex -145.629 136.75 0
    endloop
  endfacet
  facet normal 0 0 -1
    outer loop
      vertex -143.957 134.843 0
      vertex -167.622 145.669 0
      vertex -144.596 135.404 0
    endloop
  endfacet
  facet normal 0 0 -1
    outer loop
      vertex -220 0 0
      vertex -160.861 2.07873 0
      vertex -161.125 1.94856 0
    endloop
  endfacet
  facet normal 0 0 -1
    outer loop
      vertex -220 0 0
      vertex -161.125 1.94856 0
      vertex -161.37 1.78504 0
    endloop
  endfacet
  facet normal 0 0 -1
    outer loop
      vertex -220 0 0
      vertex -161.37 1.78504 0
      vertex -161.591 1.59099 0
    endloop
  endfacet
  facet normal 0 0 -1
    outer loop
      vertex -220 0 0
      vertex -161.591 1.59099 0
      vertex -161.785 1.36971 0
    endloop
  endfacet
  facet normal 0 0 -1
    outer loop
      vertex -220 0 0
      vertex -161.785 1.36971 0
      vertex -161.949 1.125 0
    endloop
  endfacet
  facet normal 0 0 -1
    outer loop
      vertex -220 0 0
      vertex -161.949 1.125 0
      vertex -162.079 0.861037 0
    endloop
  endfacet
  facet normal 0 0 -1
    outer loop
      vertex -220 0 0
      vertex -162.079 0.861037 0
      vertex -162.173 0.582342 0
    endloop
  endfacet
  facet normal 0 0 -1
    outer loop
      vertex -220 0 0
      vertex -162.173 0.582342 0
      vertex -162.231 0.293683 0
    endloop
  endfacet
  facet normal 0 0 -1
    outer loop
      vertex -220 0 0
      vertex -162.231 0.293683 0
      vertex -162.25 0 0
    endloop
  endfacet
  facet normal 0 0 -1
    outer loop
      vertex -146.005 137.513 0
      vertex -167.622 145.669 0
      vertex -153.368 145.669 0
    endloop
  endfacet
  facet normal 0 0 -1
    outer loop
      vertex -193.925 193.666 0
      vertex -167.622 148.761 0
      vertex -167.622 145.669 0
    endloop
  endfacet
  facet normal -0 0 -1
    outer loop
      vertex -160.861 2.07873 0
      vertex -220 0 0
      vertex -167.622 145.669 0
    endloop
  endfacet
  facet normal 0 0 -1
    outer loop
      vertex -167.622 148.761 0
      vertex -188.183 196.497 0
      vertex -188.15 197 0
    endloop
  endfacet
  facet normal 0 0 -1
    outer loop
      vertex -167.622 148.761 0
      vertex -188.281 196.004 0
      vertex -188.183 196.497 0
    endloop
  endfacet
  facet normal 0 0 -1
    outer loop
      vertex -167.622 148.761 0
      vertex -188.443 195.527 0
      vertex -188.281 196.004 0
    endloop
  endfacet
  facet normal 0 0 -1
    outer loop
      vertex -167.622 148.761 0
      vertex -188.666 195.075 0
      vertex -188.443 195.527 0
    endloop
  endfacet
  facet normal 0 0 -1
    outer loop
      vertex -167.622 148.761 0
      vertex -188.946 194.656 0
      vertex -188.666 195.075 0
    endloop
  endfacet
  facet normal 0 0 -1
    outer loop
      vertex -167.622 148.761 0
      vertex -189.278 194.278 0
      vertex -188.946 194.656 0
    endloop
  endfacet
  facet normal 0 0 -1
    outer loop
      vertex -167.622 148.761 0
      vertex -189.656 193.946 0
      vertex -189.278 194.278 0
    endloop
  endfacet
  facet normal 0 0 -1
    outer loop
      vertex -167.622 148.761 0
      vertex -190.075 193.666 0
      vertex -189.656 193.946 0
    endloop
  endfacet
  facet normal 0 0 -1
    outer loop
      vertex -167.622 148.761 0
      vertex -190.527 193.443 0
      vertex -190.075 193.666 0
    endloop
  endfacet
  facet normal 0 0 -1
    outer loop
      vertex -167.622 148.761 0
      vertex -191.004 193.281 0
      vertex -190.527 193.443 0
    endloop
  endfacet
  facet normal 0 0 -1
    outer loop
      vertex -167.622 148.761 0
      vertex -191.497 193.183 0
      vertex -191.004 193.281 0
    endloop
  endfacet
  facet normal 0 0 -1
    outer loop
      vertex -167.622 148.761 0
      vertex -192 193.15 0
      vertex -191.497 193.183 0
    endloop
  endfacet
  facet normal 0 0 -1
    outer loop
      vertex -220 211 0
      vertex -167.622 145.669 0
      vertex -220 0 0
    endloop
  endfacet
  facet normal 0 0 -1
    outer loop
      vertex -167.622 148.761 0
      vertex -192.503 193.183 0
      vertex -192 193.15 0
    endloop
  endfacet
  facet normal 0 0 -1
    outer loop
      vertex -167.622 148.761 0
      vertex -192.996 193.281 0
      vertex -192.503 193.183 0
    endloop
  endfacet
  facet normal 0 0 -1
    outer loop
      vertex -167.622 148.761 0
      vertex -193.473 193.443 0
      vertex -192.996 193.281 0
    endloop
  endfacet
  facet normal 0 0 -1
    outer loop
      vertex -167.622 148.761 0
      vertex -193.925 193.666 0
      vertex -193.473 193.443 0
    endloop
  endfacet
  facet normal 0 0 -1
    outer loop
      vertex -167.622 145.669 0
      vertex -194.344 193.946 0
      vertex -193.925 193.666 0
    endloop
  endfacet
  facet normal 0 0 -1
    outer loop
      vertex -167.622 145.669 0
      vertex -194.722 194.278 0
      vertex -194.344 193.946 0
    endloop
  endfacet
  facet normal 0 0 -1
    outer loop
      vertex -167.622 145.669 0
      vertex -220 211 0
      vertex -194.722 194.278 0
    endloop
  endfacet
  facet normal 0 0 -1
    outer loop
      vertex -194.722 194.278 0
      vertex -220 211 0
      vertex -195.054 194.656 0
    endloop
  endfacet
  facet normal 0 0 -1
    outer loop
      vertex -195.054 194.656 0
      vertex -220 211 0
      vertex -195.334 195.075 0
    endloop
  endfacet
  facet normal 0 0 -1
    outer loop
      vertex -195.334 195.075 0
      vertex -220 211 0
      vertex -195.557 195.527 0
    endloop
  endfacet
  facet normal 0 0 -1
    outer loop
      vertex -220 211 0
      vertex -195.85 197 0
      vertex -195.817 196.497 0
    endloop
  endfacet
  facet normal 0 0 -1
    outer loop
      vertex -195.557 195.527 0
      vertex -220 211 0
      vertex -195.719 196.004 0
    endloop
  endfacet
  facet normal 0 0 -1
    outer loop
      vertex -195.85 197 0
      vertex -220 211 0
      vertex -206 225 0
    endloop
  endfacet
  facet normal 0 0 -1
    outer loop
      vertex -206 225 0
      vertex -220 211 0
      vertex -207.827 224.88 0
    endloop
  endfacet
  facet normal 0 0 -1
    outer loop
      vertex -207.827 224.88 0
      vertex -220 211 0
      vertex -209.623 224.523 0
    endloop
  endfacet
  facet normal 0 0 -1
    outer loop
      vertex -209.623 224.523 0
      vertex -220 211 0
      vertex -211.358 223.934 0
    endloop
  endfacet
  facet normal 0 0 -1
    outer loop
      vertex -211.358 223.934 0
      vertex -220 211 0
      vertex -213 223.124 0
    endloop
  endfacet
  facet normal 0 0 -1
    outer loop
      vertex -213 223.124 0
      vertex -220 211 0
      vertex -214.523 222.107 0
    endloop
  endfacet
  facet normal 0 0 -1
    outer loop
      vertex -214.523 222.107 0
      vertex -220 211 0
      vertex -215.899 220.899 0
    endloop
  endfacet
  facet normal 0 0 -1
    outer loop
      vertex -215.899 220.899 0
      vertex -220 211 0
      vertex -217.107 219.523 0
    endloop
  endfacet
  facet normal 0 0 -1
    outer loop
      vertex -217.107 219.523 0
      vertex -220 211 0
      vertex -218.124 218 0
    endloop
  endfacet
  facet normal 0 0 -1
    outer loop
      vertex -218.124 218 0
      vertex -220 211 0
      vertex -218.934 216.358 0
    endloop
  endfacet
  facet normal 0 0 -1
    outer loop
      vertex -218.934 216.358 0
      vertex -220 211 0
      vertex -219.523 214.623 0
    endloop
  endfacet
  facet normal 0 0 -1
    outer loop
      vertex -195.719 196.004 0
      vertex -220 211 0
      vertex -195.817 196.497 0
    endloop
  endfacet
  facet normal 0 0 -1
    outer loop
      vertex -219.523 214.623 0
      vertex -220 211 0
      vertex -219.88 212.827 0
    endloop
  endfacet
  facet normal 0 0 -1
    outer loop
      vertex -143.25 145.629 0
      vertex -143.34 145.669 0
      vertex -143.17 145.669 0
    endloop
  endfacet
  facet normal 0 0 -1
    outer loop
      vertex -143.957 145.157 0
      vertex -143.34 145.669 0
      vertex -143.25 145.629 0
    endloop
  endfacet
  facet normal 0 0 -1
    outer loop
      vertex -143.957 145.157 0
      vertex -144.301 145.698 0
      vertex -143.34 145.669 0
    endloop
  endfacet
  facet normal 0 0 -1
    outer loop
      vertex -144.596 144.596 0
      vertex -144.301 145.698 0
      vertex -143.957 145.157 0
    endloop
  endfacet
  facet normal 0 0 -1
    outer loop
      vertex -145.2 145.785 0
      vertex -144.596 144.596 0
      vertex -145.157 143.957 0
    endloop
  endfacet
  facet normal 0 0 -1
    outer loop
      vertex -144.596 144.596 0
      vertex -145.2 145.785 0
      vertex -144.301 145.698 0
    endloop
  endfacet
  facet normal 0 0 -1
    outer loop
      vertex -146.037 145.93 0
      vertex -145.157 143.957 0
      vertex -145.629 143.25 0
    endloop
  endfacet
  facet normal 0 0 -1
    outer loop
      vertex -146.812 146.134 0
      vertex -145.629 143.25 0
      vertex -146.005 142.487 0
    endloop
  endfacet
  facet normal 0 0 -1
    outer loop
      vertex -145.157 143.957 0
      vertex -146.037 145.93 0
      vertex -145.2 145.785 0
    endloop
  endfacet
  facet normal 0 0 -1
    outer loop
      vertex -147.525 146.395 0
      vertex -146.005 142.487 0
      vertex -146.279 141.682 0
    endloop
  endfacet
  facet normal 0 0 -1
    outer loop
      vertex -147.525 146.395 0
      vertex -146.279 141.682 0
      vertex -146.444 140.848 0
    endloop
  endfacet
  facet normal 0 0 -1
    outer loop
      vertex -145.629 143.25 0
      vertex -146.812 146.134 0
      vertex -146.037 145.93 0
    endloop
  endfacet
  facet normal 0 0 -1
    outer loop
      vertex -153.368 145.669 0
      vertex -146.444 140.848 0
      vertex -146.5 140 0
    endloop
  endfacet
  facet normal 0 0 -1
    outer loop
      vertex 0 0 0
      vertex -0.293683 12.7692 0
      vertex 0 12.75 0
    endloop
  endfacet
  facet normal 0 0 -1
    outer loop
      vertex 0 0 0
      vertex -0.582342 12.8267 0
      vertex -0.293683 12.7692 0
    endloop
  endfacet
  facet normal 0 0 -1
    outer loop
      vertex 0 0 0
      vertex -0.861037 12.9213 0
      vertex -0.582342 12.8267 0
    endloop
  endfacet
  facet normal 0 0 -1
    outer loop
      vertex 0 0 0
      vertex -1.125 13.0514 0
      vertex -0.861037 12.9213 0
    endloop
  endfacet
  facet normal 0 0 -1
    outer loop
      vertex 0 0 0
      vertex -1.36971 13.215 0
      vertex -1.125 13.0514 0
    endloop
  endfacet
  facet normal 0 0 -1
    outer loop
      vertex 0 0 0
      vertex -1.59099 13.409 0
      vertex -1.36971 13.215 0
    endloop
  endfacet
  facet normal 0 0 -1
    outer loop
      vertex 0 0 0
      vertex -1.78504 13.6303 0
      vertex -1.59099 13.409 0
    endloop
  endfacet
  facet normal 0 0 -1
    outer loop
      vertex 0 0 0
      vertex -1.94856 13.875 0
      vertex -1.78504 13.6303 0
    endloop
  endfacet
  facet normal 0 0 -1
    outer loop
      vertex 0 0 0
      vertex -2.07873 14.139 0
      vertex -1.94856 13.875 0
    endloop
  endfacet
  facet normal 0 0 -1
    outer loop
      vertex -27.7019 26.1109 0
      vertex -2.07873 14.139 0
      vertex 0 0 0
    endloop
  endfacet
  facet normal 0 -0 -1
    outer loop
      vertex -27.4232 26.2055 0
      vertex -2.07873 14.139 0
      vertex -27.7019 26.1109 0
    endloop
  endfacet
  facet normal 0 0 -1
    outer loop
      vertex -28.578 30.515 0
      vertex 0 100.864 0
      vertex -28.2843 30.5343 0
    endloop
  endfacet
  facet normal 0 0 -1
    outer loop
      vertex -26.9146 26.4992 0
      vertex -2.25 15 0
      vertex -2.23075 14.7063 0
    endloop
  endfacet
  facet normal 0 0 -1
    outer loop
      vertex -28.8666 30.4576 0
      vertex -0.156796 101.043 0
      vertex -28.578 30.515 0
    endloop
  endfacet
  facet normal -0 0 -1
    outer loop
      vertex -0.156796 101.043 0
      vertex -28.8666 30.4576 0
      vertex -0.629165 101.75 0
    endloop
  endfacet
  facet normal -0 0 -1
    outer loop
      vertex -0.629165 101.75 0
      vertex -28.8666 30.4576 0
      vertex -1.94856 103.875 0
    endloop
  endfacet
  facet normal 0 0 -1
    outer loop
      vertex -29.1453 30.363 0
      vertex -1.94856 103.875 0
      vertex -28.8666 30.4576 0
    endloop
  endfacet
  facet normal -0 0 -1
    outer loop
      vertex -1.94856 103.875 0
      vertex -29.1453 30.363 0
      vertex -2.07873 104.139 0
    endloop
  endfacet
  facet normal 0 0 -1
    outer loop
      vertex -2.25 105 0
      vertex -16.5221 211.034 0
      vertex -16 211 0
    endloop
  endfacet
  facet normal 0 0 -1
    outer loop
      vertex -29.4093 30.2328 0
      vertex -2.07873 104.139 0
      vertex -29.1453 30.363 0
    endloop
  endfacet
  facet normal 0 0 -1
    outer loop
      vertex -2.25 105 0
      vertex -17.0353 211.136 0
      vertex -16.5221 211.034 0
    endloop
  endfacet
  facet normal -0 0 -1
    outer loop
      vertex -2.07873 104.139 0
      vertex -29.4093 30.2328 0
      vertex -2.17333 104.418 0
    endloop
  endfacet
  facet normal 0 0 -1
    outer loop
      vertex -133.556 140.848 0
      vertex -2.25 105 0
      vertex -133.5 140 0
    endloop
  endfacet
  facet normal 0 0 -1
    outer loop
      vertex -2.25 105 0
      vertex -17.5307 211.304 0
      vertex -17.0353 211.136 0
    endloop
  endfacet
  facet normal 0 0 -1
    outer loop
      vertex -2.25 15 0
      vertex -26.1109 28.8666 0
      vertex -26.2055 29.1453 0
    endloop
  endfacet
  facet normal 0 0 -1
    outer loop
      vertex -2.25 15 0
      vertex -26.0535 28.578 0
      vertex -26.1109 28.8666 0
    endloop
  endfacet
  facet normal 0 0 -1
    outer loop
      vertex -2.25 15 0
      vertex -26.0343 28.2843 0
      vertex -26.0535 28.578 0
    endloop
  endfacet
  facet normal 0 0 -1
    outer loop
      vertex -2.07873 14.139 0
      vertex -27.4232 26.2055 0
      vertex -2.17333 14.4177 0
    endloop
  endfacet
  facet normal 0 0 -1
    outer loop
      vertex -2.25 15 0
      vertex -26.0535 27.9906 0
      vertex -26.0343 28.2843 0
    endloop
  endfacet
  facet normal 0 0 -1
    outer loop
      vertex -2.25 15 0
      vertex -26.1109 27.7019 0
      vertex -26.0535 27.9906 0
    endloop
  endfacet
  facet normal 0 0 -1
    outer loop
      vertex -2.25 15 0
      vertex -26.2055 27.4232 0
      vertex -26.1109 27.7019 0
    endloop
  endfacet
  facet normal 0 0 -1
    outer loop
      vertex -2.25 15 0
      vertex -26.3357 27.1593 0
      vertex -26.2055 27.4232 0
    endloop
  endfacet
  facet normal 0 0 -1
    outer loop
      vertex -2.25 15 0
      vertex -26.4992 26.9146 0
      vertex -26.3357 27.1593 0
    endloop
  endfacet
  facet normal 0 0 -1
    outer loop
      vertex -2.25 15 0
      vertex -26.6933 26.6933 0
      vertex -26.4992 26.9146 0
    endloop
  endfacet
  facet normal 0 0 -1
    outer loop
      vertex -2.25 15 0
      vertex -26.9146 26.4992 0
      vertex -26.6933 26.6933 0
    endloop
  endfacet
  facet normal 0 0 -1
    outer loop
      vertex -2.23075 14.7063 0
      vertex -27.1593 26.3357 0
      vertex -26.9146 26.4992 0
    endloop
  endfacet
  facet normal 0 0 -1
    outer loop
      vertex -2.17333 14.4177 0
      vertex -27.1593 26.3357 0
      vertex -2.23075 14.7063 0
    endloop
  endfacet
  facet normal 0 -0 -1
    outer loop
      vertex -27.1593 26.3357 0
      vertex -2.17333 14.4177 0
      vertex -27.4232 26.2055 0
    endloop
  endfacet
  facet normal 0 0 -1
    outer loop
      vertex 0 0 0
      vertex -27.9906 26.0535 0
      vertex -27.7019 26.1109 0
    endloop
  endfacet
  facet normal 0 0 -1
    outer loop
      vertex 0 0 0
      vertex -28.2843 26.0343 0
      vertex -27.9906 26.0535 0
    endloop
  endfacet
  facet normal 0 0 -1
    outer loop
      vertex 0 0 0
      vertex -28.578 26.0535 0
      vertex -28.2843 26.0343 0
    endloop
  endfacet
  facet normal 0 0 -1
    outer loop
      vertex -67.75 0 0
      vertex -28.578 26.0535 0
      vertex 0 0 0
    endloop
  endfacet
  facet normal -0 0 -1
    outer loop
      vertex -28.578 26.0535 0
      vertex -67.75 0 0
      vertex -28.8666 26.1109 0
    endloop
  endfacet
  facet normal -0 0 -1
    outer loop
      vertex -28.8666 26.1109 0
      vertex -67.75 0 0
      vertex -29.1453 26.2055 0
    endloop
  endfacet
  facet normal 0 0 -1
    outer loop
      vertex -67.7692 0.293683 0
      vertex -29.1453 26.2055 0
      vertex -67.75 0 0
    endloop
  endfacet
  facet normal -0 0 -1
    outer loop
      vertex -29.1453 26.2055 0
      vertex -67.7692 0.293683 0
      vertex -29.4093 26.3357 0
    endloop
  endfacet
  facet normal 0 0 -1
    outer loop
      vertex -68.215 1.36971 0
      vertex -30.0693 26.9146 0
      vertex -68.0514 1.125 0
    endloop
  endfacet
  facet normal -0 0 -1
    outer loop
      vertex -29.8753 26.6933 0
      vertex -68.0514 1.125 0
      vertex -30.0693 26.9146 0
    endloop
  endfacet
  facet normal 0 0 -1
    outer loop
      vertex -68.0514 1.125 0
      vertex -29.8753 26.6933 0
      vertex -67.9213 0.861037 0
    endloop
  endfacet
  facet normal -0 0 -1
    outer loop
      vertex -29.654 26.4992 0
      vertex -67.9213 0.861037 0
      vertex -29.8753 26.6933 0
    endloop
  endfacet
  facet normal 0 0 -1
    outer loop
      vertex -67.9213 0.861037 0
      vertex -29.654 26.4992 0
      vertex -67.8267 0.582342 0
    endloop
  endfacet
  facet normal -0 0 -1
    outer loop
      vertex -29.4093 26.3357 0
      vertex -67.8267 0.582342 0
      vertex -29.654 26.4992 0
    endloop
  endfacet
  facet normal 0 0 -1
    outer loop
      vertex -67.8267 0.582342 0
      vertex -29.4093 26.3357 0
      vertex -67.7692 0.293683 0
    endloop
  endfacet
  facet normal 0 0 -1
    outer loop
      vertex -26.6933 29.8753 0
      vertex 0 17.25 0
      vertex -0.293683 17.2308 0
    endloop
  endfacet
  facet normal 0 0 -1
    outer loop
      vertex -26.6933 29.8753 0
      vertex -0.293683 17.2308 0
      vertex -0.582342 17.1733 0
    endloop
  endfacet
  facet normal 0 0 -1
    outer loop
      vertex -26.6933 29.8753 0
      vertex -0.582342 17.1733 0
      vertex -0.861037 17.0787 0
    endloop
  endfacet
  facet normal 0 0 -1
    outer loop
      vertex -26.6933 29.8753 0
      vertex -0.861037 17.0787 0
      vertex -1.125 16.9486 0
    endloop
  endfacet
  facet normal 0 0 -1
    outer loop
      vertex -26.6933 29.8753 0
      vertex -1.125 16.9486 0
      vertex -1.36971 16.785 0
    endloop
  endfacet
  facet normal 0 0 -1
    outer loop
      vertex -26.6933 29.8753 0
      vertex -1.36971 16.785 0
      vertex -1.59099 16.591 0
    endloop
  endfacet
  facet normal 0 0 -1
    outer loop
      vertex 0 17.25 0
      vertex -26.6933 29.8753 0
      vertex 0 100.864 0
    endloop
  endfacet
  facet normal 0 0 -1
    outer loop
      vertex -26.6933 29.8753 0
      vertex -1.59099 16.591 0
      vertex -1.78504 16.3697 0
    endloop
  endfacet
  facet normal 0 0 -1
    outer loop
      vertex -26.9146 30.0693 0
      vertex 0 100.864 0
      vertex -26.6933 29.8753 0
    endloop
  endfacet
  facet normal 0 0 -1
    outer loop
      vertex -1.00522 102.513 0
      vertex -1.36971 103.215 0
      vertex -1.20667 103.106 0
    endloop
  endfacet
  facet normal 0 0 -1
    outer loop
      vertex -26.6933 29.8753 0
      vertex -1.78504 16.3697 0
      vertex -1.94856 16.125 0
    endloop
  endfacet
  facet normal 0 0 -1
    outer loop
      vertex -1.00522 102.513 0
      vertex -1.59099 103.409 0
      vertex -1.36971 103.215 0
    endloop
  endfacet
  facet normal 0 0 -1
    outer loop
      vertex -0.629165 101.75 0
      vertex -1.78504 103.63 0
      vertex -1.00522 102.513 0
    endloop
  endfacet
  facet normal 0 0 -1
    outer loop
      vertex -1.00522 102.513 0
      vertex -1.78504 103.63 0
      vertex -1.59099 103.409 0
    endloop
  endfacet
  facet normal 0 0 -1
    outer loop
      vertex -27.1593 30.2328 0
      vertex 0 100.864 0
      vertex -26.9146 30.0693 0
    endloop
  endfacet
  facet normal 0 0 -1
    outer loop
      vertex -0.629165 101.75 0
      vertex -1.94856 103.875 0
      vertex -1.78504 103.63 0
    endloop
  endfacet
  facet normal 0 0 -1
    outer loop
      vertex -26.6933 29.8753 0
      vertex -1.94856 16.125 0
      vertex -2.07873 15.861 0
    endloop
  endfacet
  facet normal 0 0 -1
    outer loop
      vertex -27.4232 30.363 0
      vertex 0 100.864 0
      vertex -27.1593 30.2328 0
    endloop
  endfacet
  facet normal 0 0 -1
    outer loop
      vertex -26.6933 29.8753 0
      vertex -2.07873 15.861 0
      vertex -2.17333 15.5823 0
    endloop
  endfacet
  facet normal 0 0 -1
    outer loop
      vertex -27.7019 30.4576 0
      vertex 0 100.864 0
      vertex -27.4232 30.363 0
    endloop
  endfacet
  facet normal 0 0 -1
    outer loop
      vertex -26.6933 29.8753 0
      vertex -2.17333 15.5823 0
      vertex -2.23075 15.2937 0
    endloop
  endfacet
  facet normal 0 0 -1
    outer loop
      vertex -27.9906 30.515 0
      vertex 0 100.864 0
      vertex -27.7019 30.4576 0
    endloop
  endfacet
  facet normal 0 0 -1
    outer loop
      vertex -26.6933 29.8753 0
      vertex -2.23075 15.2937 0
      vertex -2.25 15 0
    endloop
  endfacet
  facet normal 0 0 -1
    outer loop
      vertex -28.2843 30.5343 0
      vertex 0 100.864 0
      vertex -27.9906 30.515 0
    endloop
  endfacet
  facet normal 0 0 -1
    outer loop
      vertex -16 211 0
      vertex 0 109.136 0
      vertex -0.156796 108.957 0
    endloop
  endfacet
  facet normal 0 0 -1
    outer loop
      vertex -16 211 0
      vertex -0.156796 108.957 0
      vertex -0.629165 108.25 0
    endloop
  endfacet
  facet normal 0 0 -1
    outer loop
      vertex -1.78504 106.37 0
      vertex -0.629165 108.25 0
      vertex -1.00522 107.487 0
    endloop
  endfacet
  facet normal 0 0 -1
    outer loop
      vertex -1.36971 106.785 0
      vertex -1.00522 107.487 0
      vertex -1.20667 106.894 0
    endloop
  endfacet
  facet normal 0 0 -1
    outer loop
      vertex -1.59099 106.591 0
      vertex -1.00522 107.487 0
      vertex -1.36971 106.785 0
    endloop
  endfacet
  facet normal 0 0 -1
    outer loop
      vertex -1.78504 106.37 0
      vertex -1.00522 107.487 0
      vertex -1.59099 106.591 0
    endloop
  endfacet
  facet normal 0 0 -1
    outer loop
      vertex -1.94856 106.125 0
      vertex -0.629165 108.25 0
      vertex -1.78504 106.37 0
    endloop
  endfacet
  facet normal -0 0 -1
    outer loop
      vertex -0.629165 108.25 0
      vertex -1.94856 106.125 0
      vertex -16 211 0
    endloop
  endfacet
  facet normal 0 0 -1
    outer loop
      vertex -16 211 0
      vertex -1.94856 106.125 0
      vertex -2.07873 105.861 0
    endloop
  endfacet
  facet normal 0 0 -1
    outer loop
      vertex -16 211 0
      vertex -2.07873 105.861 0
      vertex -2.17333 105.582 0
    endloop
  endfacet
  facet normal 0 0 -1
    outer loop
      vertex -16 211 0
      vertex -2.17333 105.582 0
      vertex -2.23075 105.294 0
    endloop
  endfacet
  facet normal 0 0 -1
    outer loop
      vertex -16 211 0
      vertex -2.23075 105.294 0
      vertex -2.25 105 0
    endloop
  endfacet
  facet normal 0 0 -1
    outer loop
      vertex 0 109.136 0
      vertex -16 211 0
      vertex 0 211 0
    endloop
  endfacet
  facet normal 0 0 -1
    outer loop
      vertex -2.25 15 0
      vertex -26.2055 29.1453 0
      vertex -26.3357 29.4093 0
    endloop
  endfacet
  facet normal 0 0 -1
    outer loop
      vertex -2.25 15 0
      vertex -26.3357 29.4093 0
      vertex -26.4992 29.654 0
    endloop
  endfacet
  facet normal 0 0 -1
    outer loop
      vertex -2.25 15 0
      vertex -26.4992 29.654 0
      vertex -26.6933 29.8753 0
    endloop
  endfacet
  facet normal -0 0 -1
    outer loop
      vertex 0 100.864 0
      vertex -28.578 30.515 0
      vertex -0.156796 101.043 0
    endloop
  endfacet
  facet normal 0 0 -1
    outer loop
      vertex -2.25 105 0
      vertex -18 211.536 0
      vertex -17.5307 211.304 0
    endloop
  endfacet
  facet normal 0 0 -1
    outer loop
      vertex -133.778 145.669 0
      vertex -2.25 105 0
      vertex -133.556 140.848 0
    endloop
  endfacet
  facet normal 0 -0 -1
    outer loop
      vertex -18.435 211.827 0
      vertex -2.25 105 0
      vertex -133.778 145.669 0
    endloop
  endfacet
  facet normal 0 0 -1
    outer loop
      vertex -2.25 105 0
      vertex -18.435 211.827 0
      vertex -18 211.536 0
    endloop
  endfacet
  facet normal 0 0 -1
    outer loop
      vertex -133.778 164.778 0
      vertex -18.435 211.827 0
      vertex -133.778 145.669 0
    endloop
  endfacet
  facet normal -0 0 -1
    outer loop
      vertex -18.435 211.827 0
      vertex -133.778 164.778 0
      vertex -18.8284 212.172 0
    endloop
  endfacet
  facet normal -0 0 -1
    outer loop
      vertex -18.8284 212.172 0
      vertex -133.778 164.778 0
      vertex -19.1734 212.565 0
    endloop
  endfacet
  facet normal -0 0 -1
    outer loop
      vertex -19.1734 212.565 0
      vertex -133.778 164.778 0
      vertex -19.4641 213 0
    endloop
  endfacet
  facet normal -0 0 -1
    outer loop
      vertex -19.4641 213 0
      vertex -133.778 164.778 0
      vertex -19.6955 213.469 0
    endloop
  endfacet
  facet normal 0 0 -1
    outer loop
      vertex -29.654 30.0693 0
      vertex -2.17333 104.418 0
      vertex -29.4093 30.2328 0
    endloop
  endfacet
  facet normal -0 0 -1
    outer loop
      vertex -2.17333 104.418 0
      vertex -29.654 30.0693 0
      vertex -2.23075 104.706 0
    endloop
  endfacet
  facet normal 0 0 -1
    outer loop
      vertex -133.556 139.152 0
      vertex -2.23075 104.706 0
      vertex -29.654 30.0693 0
    endloop
  endfacet
  facet normal 0 0 -1
    outer loop
      vertex -133.556 139.152 0
      vertex -2.25 105 0
      vertex -2.23075 104.706 0
    endloop
  endfacet
  facet normal 0 0 -1
    outer loop
      vertex -133.556 139.152 0
      vertex -29.654 30.0693 0
      vertex -29.8753 29.8753 0
    endloop
  endfacet
  facet normal 0 0 -1
    outer loop
      vertex -133.556 139.152 0
      vertex -29.8753 29.8753 0
      vertex -30.0693 29.654 0
    endloop
  endfacet
  facet normal 0 0 -1
    outer loop
      vertex -70.5823 2.17333 0
      vertex -30.0693 29.654 0
      vertex -30.2328 29.4093 0
    endloop
  endfacet
  facet normal 0 0 -1
    outer loop
      vertex -70.2937 2.23075 0
      vertex -30.2328 29.4093 0
      vertex -30.363 29.1453 0
    endloop
  endfacet
  facet normal 0 0 -1
    outer loop
      vertex -70 2.25 0
      vertex -30.363 29.1453 0
      vertex -30.4576 28.8666 0
    endloop
  endfacet
  facet normal 0 0 -1
    outer loop
      vertex -69.7063 2.23075 0
      vertex -30.4576 28.8666 0
      vertex -30.515 28.578 0
    endloop
  endfacet
  facet normal 0 0 -1
    outer loop
      vertex -69.4177 2.17333 0
      vertex -30.515 28.578 0
      vertex -30.5343 28.2843 0
    endloop
  endfacet
  facet normal -0 0 -1
    outer loop
      vertex -30.0693 26.9146 0
      vertex -68.215 1.36971 0
      vertex -30.2328 27.1593 0
    endloop
  endfacet
  facet normal 0 0 -1
    outer loop
      vertex -68.409 1.59099 0
      vertex -30.2328 27.1593 0
      vertex -68.215 1.36971 0
    endloop
  endfacet
  facet normal -0 0 -1
    outer loop
      vertex -30.2328 27.1593 0
      vertex -68.409 1.59099 0
      vertex -30.363 27.4232 0
    endloop
  endfacet
  facet normal 0 0 -1
    outer loop
      vertex -68.6303 1.78504 0
      vertex -30.363 27.4232 0
      vertex -68.409 1.59099 0
    endloop
  endfacet
  facet normal -0 0 -1
    outer loop
      vertex -30.363 27.4232 0
      vertex -68.6303 1.78504 0
      vertex -30.4576 27.7019 0
    endloop
  endfacet
  facet normal 0 0 -1
    outer loop
      vertex -68.875 1.94856 0
      vertex -30.4576 27.7019 0
      vertex -68.6303 1.78504 0
    endloop
  endfacet
  facet normal -0 0 -1
    outer loop
      vertex -30.4576 27.7019 0
      vertex -68.875 1.94856 0
      vertex -30.515 27.9906 0
    endloop
  endfacet
  facet normal 0 0 -1
    outer loop
      vertex -69.139 2.07873 0
      vertex -30.515 27.9906 0
      vertex -68.875 1.94856 0
    endloop
  endfacet
  facet normal -0 0 -1
    outer loop
      vertex -30.515 27.9906 0
      vertex -69.139 2.07873 0
      vertex -30.5343 28.2843 0
    endloop
  endfacet
  facet normal 0 0 -1
    outer loop
      vertex -69.4177 2.17333 0
      vertex -30.5343 28.2843 0
      vertex -69.139 2.07873 0
    endloop
  endfacet
  facet normal -0 0 -1
    outer loop
      vertex -19.6955 213.469 0
      vertex -133.778 164.778 0
      vertex -19.8637 213.965 0
    endloop
  endfacet
  facet normal -0 0 -1
    outer loop
      vertex -19.8637 213.965 0
      vertex -133.778 164.778 0
      vertex -19.9658 214.478 0
    endloop
  endfacet
  facet normal 0 0 -1
    outer loop
      vertex -30.515 28.578 0
      vertex -69.4177 2.17333 0
      vertex -69.7063 2.23075 0
    endloop
  endfacet
  facet normal 0 0 -1
    outer loop
      vertex -30.4576 28.8666 0
      vertex -69.7063 2.23075 0
      vertex -70 2.25 0
    endloop
  endfacet
  facet normal 0 0 -1
    outer loop
      vertex -30.363 29.1453 0
      vertex -70 2.25 0
      vertex -70.2937 2.23075 0
    endloop
  endfacet
  facet normal 0 0 -1
    outer loop
      vertex -30.2328 29.4093 0
      vertex -70.2937 2.23075 0
      vertex -70.5823 2.17333 0
    endloop
  endfacet
  facet normal 0 0 -1
    outer loop
      vertex -133.556 139.152 0
      vertex -30.0693 29.654 0
      vertex -70.5823 2.17333 0
    endloop
  endfacet
  facet normal 0 0 -1
    outer loop
      vertex -133.556 139.152 0
      vertex -70.5823 2.17333 0
      vertex -70.861 2.07873 0
    endloop
  endfacet
  facet normal 0 0 -1
    outer loop
      vertex -133.556 139.152 0
      vertex -70.861 2.07873 0
      vertex -71.125 1.94856 0
    endloop
  endfacet
  facet normal 0 0 -1
    outer loop
      vertex -133.556 139.152 0
      vertex -71.125 1.94856 0
      vertex -71.3697 1.78504 0
    endloop
  endfacet
  facet normal 0 0 -1
    outer loop
      vertex -133.556 139.152 0
      vertex -71.3697 1.78504 0
      vertex -71.591 1.59099 0
    endloop
  endfacet
  facet normal 0 0 -1
    outer loop
      vertex -133.556 139.152 0
      vertex -71.591 1.59099 0
      vertex -71.785 1.36971 0
    endloop
  endfacet
  facet normal 0 0 -1
    outer loop
      vertex -133.556 139.152 0
      vertex -71.785 1.36971 0
      vertex -71.9486 1.125 0
    endloop
  endfacet
  facet normal 0 0 -1
    outer loop
      vertex -133.556 139.152 0
      vertex -71.9486 1.125 0
      vertex -72.0787 0.861037 0
    endloop
  endfacet
  facet normal 0 0 -1
    outer loop
      vertex -133.556 139.152 0
      vertex -72.0787 0.861037 0
      vertex -72.1733 0.582342 0
    endloop
  endfacet
  facet normal 0 0 -1
    outer loop
      vertex -157.769 0.293683 0
      vertex -72.2308 0.293683 0
      vertex -72.25 0 0
    endloop
  endfacet
  facet normal 0 0 -1
    outer loop
      vertex -133.556 139.152 0
      vertex -72.1733 0.582342 0
      vertex -72.2308 0.293683 0
    endloop
  endfacet
  facet normal -0 0 -1
    outer loop
      vertex -19.9658 214.478 0
      vertex -133.778 164.778 0
      vertex -20 215 0
    endloop
  endfacet
  facet normal -0 0 -1
    outer loop
      vertex -20 215 0
      vertex -133.778 164.778 0
      vertex -20 221 0
    endloop
  endfacet
  facet normal -0 0 -1
    outer loop
      vertex -20 221 0
      vertex -133.778 164.778 0
      vertex -19.9658 221.522 0
    endloop
  endfacet
  facet normal -0 0 -1
    outer loop
      vertex -19.9658 221.522 0
      vertex -133.778 164.778 0
      vertex -19.8637 222.035 0
    endloop
  endfacet
  facet normal -0 0 -1
    outer loop
      vertex -19.8637 222.035 0
      vertex -133.778 164.778 0
      vertex -19.6955 222.531 0
    endloop
  endfacet
  facet normal 0 0 -1
    outer loop
      vertex -188.946 199.344 0
      vertex -19.6955 222.531 0
      vertex -133.778 164.778 0
    endloop
  endfacet
  facet normal 0 0 -1
    outer loop
      vertex -189.278 199.722 0
      vertex -19.6955 222.531 0
      vertex -188.946 199.344 0
    endloop
  endfacet
  facet normal 0 0 -1
    outer loop
      vertex -133.778 145.669 0
      vertex -133.556 140.848 0
      vertex -133.721 141.682 0
    endloop
  endfacet
  facet normal -0 0 -1
    outer loop
      vertex -19.6955 222.531 0
      vertex -189.278 199.722 0
      vertex -19.4641 223 0
    endloop
  endfacet
  facet normal 0 0 -1
    outer loop
      vertex -206 225 0
      vertex -19.4641 223 0
      vertex -189.278 199.722 0
    endloop
  endfacet
  facet normal 0 0 -1
    outer loop
      vertex -19.4641 223 0
      vertex -206 225 0
      vertex -19.1734 223.435 0
    endloop
  endfacet
  facet normal 0 0 -1
    outer loop
      vertex -188.443 198.473 0
      vertex -133.778 164.778 0
      vertex -142.526 164.778 0
    endloop
  endfacet
  facet normal 0 0 -1
    outer loop
      vertex -19.1734 223.435 0
      vertex -206 225 0
      vertex -18.8284 223.828 0
    endloop
  endfacet
  facet normal 0 0 -1
    outer loop
      vertex -188.281 197.996 0
      vertex -142.526 164.778 0
      vertex -143.491 164.754 0
    endloop
  endfacet
  facet normal 0 0 -1
    outer loop
      vertex -188.281 197.996 0
      vertex -143.491 164.754 0
      vertex -144.386 164.679 0
    endloop
  endfacet
  facet normal 0 0 -1
    outer loop
      vertex -153.368 164.778 0
      vertex -144.386 164.679 0
      vertex -145.212 164.555 0
    endloop
  endfacet
  facet normal 0 0 -1
    outer loop
      vertex -153.368 164.778 0
      vertex -145.212 164.555 0
      vertex -145.969 164.382 0
    endloop
  endfacet
  facet normal 0 0 -1
    outer loop
      vertex -153.368 164.778 0
      vertex -145.969 164.382 0
      vertex -146.656 164.159 0
    endloop
  endfacet
  facet normal 0 0 -1
    outer loop
      vertex -153.368 164.778 0
      vertex -146.656 164.159 0
      vertex -147.274 163.886 0
    endloop
  endfacet
  facet normal 0 0 -1
    outer loop
      vertex -153.368 164.778 0
      vertex -149.545 159.089 0
      vertex -150.321 153.103 0
    endloop
  endfacet
  facet normal 0 0 -1
    outer loop
      vertex -149.601 159.523 0
      vertex -153.368 164.778 0
      vertex -149.619 159.977 0
    endloop
  endfacet
  facet normal 0 0 -1
    outer loop
      vertex -149.545 159.089 0
      vertex -153.368 164.778 0
      vertex -149.601 159.523 0
    endloop
  endfacet
  facet normal 0 0 -1
    outer loop
      vertex -153.368 164.778 0
      vertex -150.321 153.103 0
      vertex -150.495 152.654 0
    endloop
  endfacet
  facet normal 0 0 -1
    outer loop
      vertex -153.368 164.778 0
      vertex -150.495 152.654 0
      vertex -150.618 152.174 0
    endloop
  endfacet
  facet normal 0 0 -1
    outer loop
      vertex -153.368 145.669 0
      vertex -150.618 152.174 0
      vertex -150.693 151.663 0
    endloop
  endfacet
  facet normal 0 0 -1
    outer loop
      vertex -153.368 145.669 0
      vertex -150.693 151.663 0
      vertex -150.718 151.121 0
    endloop
  endfacet
  facet normal -0 0 -1
    outer loop
      vertex -150.618 152.174 0
      vertex -153.368 145.669 0
      vertex -153.368 164.778 0
    endloop
  endfacet
  facet normal 0 0 -1
    outer loop
      vertex -149.619 159.977 0
      vertex -153.368 164.778 0
      vertex -149.582 160.632 0
    endloop
  endfacet
  facet normal 0 0 -1
    outer loop
      vertex -149.582 160.632 0
      vertex -153.368 164.778 0
      vertex -149.472 161.239 0
    endloop
  endfacet
  facet normal 0 0 -1
    outer loop
      vertex -153.368 164.778 0
      vertex -149.289 161.798 0
      vertex -149.472 161.239 0
    endloop
  endfacet
  facet normal 0 0 -1
    outer loop
      vertex -153.368 164.778 0
      vertex -149.032 162.311 0
      vertex -149.289 161.798 0
    endloop
  endfacet
  facet normal 0 0 -1
    outer loop
      vertex -153.368 164.778 0
      vertex -148.702 162.776 0
      vertex -149.032 162.311 0
    endloop
  endfacet
  facet normal 0 0 -1
    outer loop
      vertex -153.368 164.778 0
      vertex -148.299 163.194 0
      vertex -148.702 162.776 0
    endloop
  endfacet
  facet normal 0 0 -1
    outer loop
      vertex -153.368 164.778 0
      vertex -147.822 163.564 0
      vertex -148.299 163.194 0
    endloop
  endfacet
  facet normal 0 0 -1
    outer loop
      vertex -153.368 164.778 0
      vertex -147.274 163.886 0
      vertex -147.822 163.564 0
    endloop
  endfacet
  facet normal 0 0 -1
    outer loop
      vertex -144.386 164.679 0
      vertex -153.368 164.778 0
      vertex -188.183 197.503 0
    endloop
  endfacet
  facet normal 0 0 -1
    outer loop
      vertex -188.15 197 0
      vertex -153.368 164.778 0
      vertex -157.369 164.778 0
    endloop
  endfacet
  facet normal 0 0 -1
    outer loop
      vertex -188.15 197 0
      vertex -157.369 164.778 0
      vertex -167.622 148.761 0
    endloop
  endfacet
  facet normal 0 0 -1
    outer loop
      vertex -153.368 164.778 0
      vertex -188.15 197 0
      vertex -188.183 197.503 0
    endloop
  endfacet
  facet normal 0 0 -1
    outer loop
      vertex -144.386 164.679 0
      vertex -188.183 197.503 0
      vertex -188.281 197.996 0
    endloop
  endfacet
  facet normal 0 0 -1
    outer loop
      vertex -142.526 164.778 0
      vertex -188.281 197.996 0
      vertex -188.443 198.473 0
    endloop
  endfacet
  facet normal 0 0 -1
    outer loop
      vertex -133.778 164.778 0
      vertex -188.443 198.473 0
      vertex -188.666 198.925 0
    endloop
  endfacet
  facet normal 0 0 -1
    outer loop
      vertex -133.778 164.778 0
      vertex -188.666 198.925 0
      vertex -188.946 199.344 0
    endloop
  endfacet
  facet normal 0 0 -1
    outer loop
      vertex -18.8284 223.828 0
      vertex -206 225 0
      vertex -18.435 224.173 0
    endloop
  endfacet
  facet normal 0 0 -1
    outer loop
      vertex -18.435 224.173 0
      vertex -206 225 0
      vertex -18 224.464 0
    endloop
  endfacet
  facet normal 0 0 -1
    outer loop
      vertex -18 224.464 0
      vertex -206 225 0
      vertex -17.5307 224.696 0
    endloop
  endfacet
  facet normal 0 0 -1
    outer loop
      vertex -17.5307 224.696 0
      vertex -206 225 0
      vertex -17.0353 224.864 0
    endloop
  endfacet
  facet normal 0 0 -1
    outer loop
      vertex -206 225 0
      vertex -189.278 199.722 0
      vertex -189.656 200.054 0
    endloop
  endfacet
  facet normal 0 0 -1
    outer loop
      vertex -206 225 0
      vertex -189.656 200.054 0
      vertex -190.075 200.334 0
    endloop
  endfacet
  facet normal 0 0 -1
    outer loop
      vertex -206 225 0
      vertex -190.075 200.334 0
      vertex -190.527 200.557 0
    endloop
  endfacet
  facet normal 0 0 -1
    outer loop
      vertex -206 225 0
      vertex -190.527 200.557 0
      vertex -191.004 200.719 0
    endloop
  endfacet
  facet normal 0 0 -1
    outer loop
      vertex -206 225 0
      vertex -191.004 200.719 0
      vertex -191.497 200.817 0
    endloop
  endfacet
  facet normal 0 0 -1
    outer loop
      vertex -206 225 0
      vertex -191.497 200.817 0
      vertex -192 200.85 0
    endloop
  endfacet
  facet normal 0 0 -1
    outer loop
      vertex -206 225 0
      vertex -192 200.85 0
      vertex -192.503 200.817 0
    endloop
  endfacet
  facet normal 0 0 -1
    outer loop
      vertex -16.5221 224.966 0
      vertex -206 225 0
      vertex -16 225 0
    endloop
  endfacet
  facet normal 0 0 -1
    outer loop
      vertex -17.0353 224.864 0
      vertex -206 225 0
      vertex -16.5221 224.966 0
    endloop
  endfacet
  facet normal 0 0 -1
    outer loop
      vertex -192.996 200.719 0
      vertex -206 225 0
      vertex -192.503 200.817 0
    endloop
  endfacet
  facet normal 0 0 -1
    outer loop
      vertex -193.473 200.557 0
      vertex -206 225 0
      vertex -192.996 200.719 0
    endloop
  endfacet
  facet normal 0 0 -1
    outer loop
      vertex -193.925 200.334 0
      vertex -206 225 0
      vertex -193.473 200.557 0
    endloop
  endfacet
  facet normal 0 0 -1
    outer loop
      vertex -194.344 200.054 0
      vertex -206 225 0
      vertex -193.925 200.334 0
    endloop
  endfacet
  facet normal 0 0 -1
    outer loop
      vertex -194.722 199.722 0
      vertex -206 225 0
      vertex -194.344 200.054 0
    endloop
  endfacet
  facet normal 0 0 -1
    outer loop
      vertex -195.054 199.344 0
      vertex -206 225 0
      vertex -194.722 199.722 0
    endloop
  endfacet
  facet normal 0 0 -1
    outer loop
      vertex -195.334 198.925 0
      vertex -206 225 0
      vertex -195.054 199.344 0
    endloop
  endfacet
  facet normal 0 0 -1
    outer loop
      vertex -195.557 198.473 0
      vertex -206 225 0
      vertex -195.334 198.925 0
    endloop
  endfacet
  facet normal 0 0 -1
    outer loop
      vertex -195.719 197.996 0
      vertex -206 225 0
      vertex -195.557 198.473 0
    endloop
  endfacet
  facet normal 0 0 -1
    outer loop
      vertex -195.817 197.503 0
      vertex -206 225 0
      vertex -195.719 197.996 0
    endloop
  endfacet
  facet normal 0 0 -1
    outer loop
      vertex -206 225 0
      vertex -195.817 197.503 0
      vertex -195.85 197 0
    endloop
  endfacet
  facet normal 0 0 -1
    outer loop
      vertex -137.779 148.639 0
      vertex -142.851 154.118 0
      vertex -137.779 154.118 0
    endloop
  endfacet
  facet normal 0 0 -1
    outer loop
      vertex -143.001 148.639 0
      vertex -142.851 154.118 0
      vertex -137.779 148.639 0
    endloop
  endfacet
  facet normal 0 0 -1
    outer loop
      vertex -143.53 148.653 0
      vertex -142.851 154.118 0
      vertex -143.001 148.639 0
    endloop
  endfacet
  facet normal 0 0 -1
    outer loop
      vertex -143.53 148.653 0
      vertex -143.873 154.063 0
      vertex -142.851 154.118 0
    endloop
  endfacet
  facet normal 0 0 -1
    outer loop
      vertex -144.016 148.696 0
      vertex -143.873 154.063 0
      vertex -143.53 148.653 0
    endloop
  endfacet
  facet normal 0 0 -1
    outer loop
      vertex -144.461 148.767 0
      vertex -143.873 154.063 0
      vertex -144.016 148.696 0
    endloop
  endfacet
  facet normal 0 0 -1
    outer loop
      vertex -144.461 148.767 0
      vertex -144.738 153.899 0
      vertex -143.873 154.063 0
    endloop
  endfacet
  facet normal 0 0 -1
    outer loop
      vertex -144.863 148.867 0
      vertex -144.738 153.899 0
      vertex -144.461 148.767 0
    endloop
  endfacet
  facet normal 0 0 -1
    outer loop
      vertex -146.685 151.048 0
      vertex -144.863 148.867 0
      vertex -145.222 148.995 0
    endloop
  endfacet
  facet normal 0 0 -1
    outer loop
      vertex -144.863 148.867 0
      vertex -146.685 151.048 0
      vertex -144.738 153.899 0
    endloop
  endfacet
  facet normal 0 0 -1
    outer loop
      vertex -146.631 150.692 0
      vertex -145.222 148.995 0
      vertex -145.54 149.152 0
    endloop
  endfacet
  facet normal 0 0 -1
    outer loop
      vertex -146.54 150.364 0
      vertex -145.54 149.152 0
      vertex -145.815 149.337 0
    endloop
  endfacet
  facet normal 0 0 -1
    outer loop
      vertex -146.703 151.433 0
      vertex -144.738 153.899 0
      vertex -146.685 151.048 0
    endloop
  endfacet
  facet normal 0 0 -1
    outer loop
      vertex -146.54 150.364 0
      vertex -145.815 149.337 0
      vertex -146.05 149.551 0
    endloop
  endfacet
  facet normal 0 0 -1
    outer loop
      vertex -146.54 150.364 0
      vertex -146.05 149.551 0
      vertex -146.25 149.794 0
    endloop
  endfacet
  facet normal 0 0 -1
    outer loop
      vertex -144.738 153.899 0
      vertex -146.703 151.433 0
      vertex -145.445 153.625 0
    endloop
  endfacet
  facet normal 0 0 -1
    outer loop
      vertex -146.54 150.364 0
      vertex -146.25 149.794 0
      vertex -146.413 150.064 0
    endloop
  endfacet
  facet normal 0 0 -1
    outer loop
      vertex -145.54 149.152 0
      vertex -146.54 150.364 0
      vertex -146.631 150.692 0
    endloop
  endfacet
  facet normal 0 -0 -1
    outer loop
      vertex -146.625 152.145 0
      vertex -145.445 153.625 0
      vertex -146.703 151.433 0
    endloop
  endfacet
  facet normal 0 0 -1
    outer loop
      vertex -145.222 148.995 0
      vertex -146.631 150.692 0
      vertex -146.685 151.048 0
    endloop
  endfacet
  facet normal 0 0 -1
    outer loop
      vertex -145.445 153.625 0
      vertex -146.625 152.145 0
      vertex -145.996 153.241 0
    endloop
  endfacet
  facet normal 0 0 -1
    outer loop
      vertex -145.996 153.241 0
      vertex -146.625 152.145 0
      vertex -146.389 152.748 0
    endloop
  endfacet
  facet normal 0 0 -1
    outer loop
      vertex -137.779 157.075 0
      vertex -142.336 161.808 0
      vertex -137.779 161.808 0
    endloop
  endfacet
  facet normal 0 0 -1
    outer loop
      vertex -142.363 157.075 0
      vertex -142.336 161.808 0
      vertex -137.779 157.075 0
    endloop
  endfacet
  facet normal 0 0 -1
    outer loop
      vertex -142.363 157.075 0
      vertex -142.781 161.797 0
      vertex -142.336 161.808 0
    endloop
  endfacet
  facet normal 0 0 -1
    outer loop
      vertex -142.829 157.087 0
      vertex -142.781 161.797 0
      vertex -142.363 157.075 0
    endloop
  endfacet
  facet normal 0 0 -1
    outer loop
      vertex -142.829 157.087 0
      vertex -143.193 161.764 0
      vertex -142.781 161.797 0
    endloop
  endfacet
  facet normal 0 0 -1
    outer loop
      vertex -143.256 157.123 0
      vertex -143.193 161.764 0
      vertex -142.829 157.087 0
    endloop
  endfacet
  facet normal 0 0 -1
    outer loop
      vertex -143.256 157.123 0
      vertex -143.574 161.708 0
      vertex -143.193 161.764 0
    endloop
  endfacet
  facet normal 0 0 -1
    outer loop
      vertex -143.646 157.183 0
      vertex -143.574 161.708 0
      vertex -143.256 157.123 0
    endloop
  endfacet
  facet normal 0 0 -1
    outer loop
      vertex -143.646 157.183 0
      vertex -143.921 161.631 0
      vertex -143.574 161.708 0
    endloop
  endfacet
  facet normal 0 0 -1
    outer loop
      vertex -143.997 157.267 0
      vertex -143.921 161.631 0
      vertex -143.646 157.183 0
    endloop
  endfacet
  facet normal 0 0 -1
    outer loop
      vertex -145.591 159.435 0
      vertex -143.921 161.631 0
      vertex -143.997 157.267 0
    endloop
  endfacet
  facet normal 0 0 -1
    outer loop
      vertex -145.575 159.11 0
      vertex -143.997 157.267 0
      vertex -144.311 157.376 0
    endloop
  endfacet
  facet normal 0 0 -1
    outer loop
      vertex -143.921 161.631 0
      vertex -145.591 159.435 0
      vertex -144.237 161.531 0
    endloop
  endfacet
  facet normal 0 0 -1
    outer loop
      vertex -145.528 158.809 0
      vertex -144.311 157.376 0
      vertex -144.587 157.508 0
    endloop
  endfacet
  facet normal 0 -0 -1
    outer loop
      vertex -145.574 159.788 0
      vertex -144.237 161.531 0
      vertex -145.591 159.435 0
    endloop
  endfacet
  facet normal 0 0 -1
    outer loop
      vertex -145.528 158.809 0
      vertex -144.587 157.508 0
      vertex -144.825 157.665 0
    endloop
  endfacet
  facet normal 0 0 -1
    outer loop
      vertex -144.237 161.531 0
      vertex -145.574 159.788 0
      vertex -144.52 161.41 0
    endloop
  endfacet
  facet normal 0 0 -1
    outer loop
      vertex -145.528 158.809 0
      vertex -144.825 157.665 0
      vertex -145.028 157.845 0
    endloop
  endfacet
  facet normal 0 -0 -1
    outer loop
      vertex -145.524 160.11 0
      vertex -144.52 161.41 0
      vertex -145.574 159.788 0
    endloop
  endfacet
  facet normal 0 0 -1
    outer loop
      vertex -145.528 158.809 0
      vertex -145.028 157.845 0
      vertex -145.2 158.05 0
    endloop
  endfacet
  facet normal 0 -0 -1
    outer loop
      vertex -145.44 160.402 0
      vertex -144.52 161.41 0
      vertex -145.524 160.11 0
    endloop
  endfacet
  facet normal 0 0 -1
    outer loop
      vertex -145.528 158.809 0
      vertex -145.2 158.05 0
      vertex -145.341 158.279 0
    endloop
  endfacet
  facet normal 0 0 -1
    outer loop
      vertex -144.52 161.41 0
      vertex -145.44 160.402 0
      vertex -144.77 161.266 0
    endloop
  endfacet
  facet normal 0 0 -1
    outer loop
      vertex -145.528 158.809 0
      vertex -145.341 158.279 0
      vertex -145.45 158.532 0
    endloop
  endfacet
  facet normal 0 0 -1
    outer loop
      vertex -144.988 161.095 0
      vertex -145.44 160.402 0
      vertex -145.172 160.895 0
    endloop
  endfacet
  facet normal 0 0 -1
    outer loop
      vertex -144.311 157.376 0
      vertex -145.528 158.809 0
      vertex -145.575 159.11 0
    endloop
  endfacet
  facet normal 0 0 -1
    outer loop
      vertex -145.172 160.895 0
      vertex -145.44 160.402 0
      vertex -145.323 160.664 0
    endloop
  endfacet
  facet normal 0 0 -1
    outer loop
      vertex -143.997 157.267 0
      vertex -145.575 159.11 0
      vertex -145.591 159.435 0
    endloop
  endfacet
  facet normal 0 0 -1
    outer loop
      vertex -144.77 161.266 0
      vertex -145.44 160.402 0
      vertex -144.988 161.095 0
    endloop
  endfacet
  facet normal -0.194961 0.980811 0
    outer loop
      vertex -207.827 224.88 0
      vertex -209.623 224.523 6
      vertex -207.827 224.88 6
    endloop
  endfacet
  facet normal -0.194961 0.980811 0
    outer loop
      vertex -209.623 224.523 6
      vertex -207.827 224.88 0
      vertex -209.623 224.523 0
    endloop
  endfacet
  facet normal -0.55533 0.83163 0
    outer loop
      vertex -213 223.124 0
      vertex -214.523 222.107 6
      vertex -213 223.124 6
    endloop
  endfacet
  facet normal -0.55533 0.83163 0
    outer loop
      vertex -214.523 222.107 6
      vertex -213 223.124 0
      vertex -214.523 222.107 0
    endloop
  endfacet
  facet normal -0.442033 0.896999 0
    outer loop
      vertex -136.75 134.371 0
      vertex -137.513 133.995 6
      vertex -136.75 134.371 6
    endloop
  endfacet
  facet normal -0.442033 0.896999 0
    outer loop
      vertex -137.513 133.995 6
      vertex -136.75 134.371 0
      vertex -137.513 133.995 0
    endloop
  endfacet
  facet normal -0.980986 -0.19408 0
    outer loop
      vertex -133.556 140.848 0
      vertex -133.721 141.682 6
      vertex -133.721 141.682 0
    endloop
  endfacet
  facet normal -0.980986 -0.19408 0
    outer loop
      vertex -133.721 141.682 6
      vertex -133.556 140.848 0
      vertex -133.556 140.848 6
    endloop
  endfacet
  facet normal -0.997827 -0.0658942 0
    outer loop
      vertex -133.5 140 0
      vertex -133.556 140.848 6
      vertex -133.556 140.848 0
    endloop
  endfacet
  facet normal -0.997827 -0.0658942 0
    outer loop
      vertex -133.556 140.848 6
      vertex -133.5 140 0
      vertex -133.5 140 6
    endloop
  endfacet
  facet normal -0.997827 0.0658942 0
    outer loop
      vertex -133.556 139.152 0
      vertex -133.5 140 6
      vertex -133.5 140 0
    endloop
  endfacet
  facet normal -0.997827 0.0658942 0
    outer loop
      vertex -133.5 140 6
      vertex -133.556 139.152 0
      vertex -133.556 139.152 6
    endloop
  endfacet
  facet normal -0.659753 -0.751483 0
    outer loop
      vertex -136.043 145.157 0
      vertex -135.404 144.596 6
      vertex -136.043 145.157 6
    endloop
  endfacet
  facet normal -0.659753 -0.751483 -0
    outer loop
      vertex -135.404 144.596 6
      vertex -136.043 145.157 0
      vertex -135.404 144.596 0
    endloop
  endfacet
  facet normal -0.831688 -0.555243 0
    outer loop
      vertex -134.371 143.25 0
      vertex -134.843 143.957 6
      vertex -134.843 143.957 0
    endloop
  endfacet
  facet normal -0.831688 -0.555243 0
    outer loop
      vertex -134.843 143.957 6
      vertex -134.371 143.25 0
      vertex -134.371 143.25 6
    endloop
  endfacet
  facet normal -0.322219 0.946665 0
    outer loop
      vertex -137.513 133.995 0
      vertex -138.318 133.721 6
      vertex -137.513 133.995 6
    endloop
  endfacet
  facet normal -0.322219 0.946665 0
    outer loop
      vertex -138.318 133.721 6
      vertex -137.513 133.995 0
      vertex -138.318 133.721 0
    endloop
  endfacet
  facet normal -0.896999 -0.442033 0
    outer loop
      vertex -133.995 142.487 0
      vertex -134.371 143.25 6
      vertex -134.371 143.25 0
    endloop
  endfacet
  facet normal -0.896999 -0.442033 0
    outer loop
      vertex -134.371 143.25 6
      vertex -133.995 142.487 0
      vertex -133.995 142.487 6
    endloop
  endfacet
  facet normal -0.19408 -0.980986 0
    outer loop
      vertex -139.152 146.444 0.799999
      vertex -138.318 146.279 6
      vertex -139.152 146.444 6
    endloop
  endfacet
  facet normal -0.19408 -0.980986 -0
    outer loop
      vertex -138.318 146.279 6
      vertex -139.152 146.444 0.799999
      vertex -138.318 146.279 0.799999
    endloop
  endfacet
  facet normal -0.946665 0.322219 0
    outer loop
      vertex -133.995 137.513 0
      vertex -133.721 138.318 6
      vertex -133.721 138.318 0
    endloop
  endfacet
  facet normal -0.946665 0.322219 0
    outer loop
      vertex -133.721 138.318 6
      vertex -133.995 137.513 0
      vertex -133.995 137.513 6
    endloop
  endfacet
  facet normal -0.555243 -0.831688 0
    outer loop
      vertex -136.75 145.629 0
      vertex -136.043 145.157 6
      vertex -136.75 145.629 6
    endloop
  endfacet
  facet normal -0.555243 -0.831688 -0
    outer loop
      vertex -136.043 145.157 6
      vertex -136.75 145.629 0
      vertex -136.043 145.157 0
    endloop
  endfacet
  facet normal -0.555243 0.831688 0
    outer loop
      vertex -136.043 134.843 0
      vertex -136.75 134.371 6
      vertex -136.043 134.843 6
    endloop
  endfacet
  facet normal -0.555243 0.831688 0
    outer loop
      vertex -136.75 134.371 6
      vertex -136.043 134.843 0
      vertex -136.75 134.371 0
    endloop
  endfacet
  facet normal -0.0658942 0.997827 0
    outer loop
      vertex -139.152 133.556 0
      vertex -140 133.5 6
      vertex -139.152 133.556 6
    endloop
  endfacet
  facet normal -0.0658942 0.997827 0
    outer loop
      vertex -140 133.5 6
      vertex -139.152 133.556 0
      vertex -140 133.5 0
    endloop
  endfacet
  facet normal -0.322219 -0.946665 0
    outer loop
      vertex -138.318 146.279 0.799999
      vertex -137.513 146.005 6
      vertex -138.318 146.279 6
    endloop
  endfacet
  facet normal -0.322219 -0.946665 -0
    outer loop
      vertex -137.513 146.005 6
      vertex -138.318 146.279 0.799999
      vertex -137.513 146.005 0.799999
    endloop
  endfacet
  facet normal 0.19408 0.980986 -0
    outer loop
      vertex -140.848 133.556 0
      vertex -141.682 133.721 6
      vertex -140.848 133.556 6
    endloop
  endfacet
  facet normal 0.19408 0.980986 0
    outer loop
      vertex -141.682 133.721 6
      vertex -140.848 133.556 0
      vertex -141.682 133.721 0
    endloop
  endfacet
  facet normal -0.751483 0.659753 0
    outer loop
      vertex -135.404 135.404 0
      vertex -134.843 136.043 6
      vertex -134.843 136.043 0
    endloop
  endfacet
  facet normal -0.751483 0.659753 0
    outer loop
      vertex -134.843 136.043 6
      vertex -135.404 135.404 0
      vertex -135.404 135.404 6
    endloop
  endfacet
  facet normal 0.980986 0.19408 0
    outer loop
      vertex -146.279 138.318 6
      vertex -146.444 139.152 0
      vertex -146.444 139.152 6
    endloop
  endfacet
  facet normal 0.980986 0.19408 0
    outer loop
      vertex -146.444 139.152 0
      vertex -146.279 138.318 6
      vertex -146.279 138.318 0
    endloop
  endfacet
  facet normal -0.896999 0.442033 0
    outer loop
      vertex -134.371 136.75 0
      vertex -133.995 137.513 6
      vertex -133.995 137.513 0
    endloop
  endfacet
  facet normal -0.896999 0.442033 0
    outer loop
      vertex -133.995 137.513 6
      vertex -134.371 136.75 0
      vertex -134.371 136.75 6
    endloop
  endfacet
  facet normal 0.659753 -0.751483 0
    outer loop
      vertex -144.596 144.596 0
      vertex -143.957 145.157 6
      vertex -144.596 144.596 6
    endloop
  endfacet
  facet normal 0.659753 -0.751483 0
    outer loop
      vertex -143.957 145.157 6
      vertex -144.596 144.596 0
      vertex -143.957 145.157 0
    endloop
  endfacet
  facet normal 0.751483 -0.659753 0
    outer loop
      vertex -145.157 143.957 6
      vertex -144.596 144.596 0
      vertex -144.596 144.596 6
    endloop
  endfacet
  facet normal 0.751483 -0.659753 0
    outer loop
      vertex -144.596 144.596 0
      vertex -145.157 143.957 6
      vertex -145.157 143.957 0
    endloop
  endfacet
  facet normal 0.751483 0.659753 0
    outer loop
      vertex -144.596 135.404 6
      vertex -145.157 136.043 0
      vertex -145.157 136.043 6
    endloop
  endfacet
  facet normal 0.751483 0.659753 0
    outer loop
      vertex -145.157 136.043 0
      vertex -144.596 135.404 6
      vertex -144.596 135.404 0
    endloop
  endfacet
  facet normal 0.831688 -0.555243 0
    outer loop
      vertex -145.629 143.25 6
      vertex -145.157 143.957 0
      vertex -145.157 143.957 6
    endloop
  endfacet
  facet normal 0.831688 -0.555243 0
    outer loop
      vertex -145.157 143.957 0
      vertex -145.629 143.25 6
      vertex -145.629 143.25 0
    endloop
  endfacet
  facet normal 0.980986 -0.19408 0
    outer loop
      vertex -146.444 140.848 6
      vertex -146.279 141.682 0
      vertex -146.279 141.682 6
    endloop
  endfacet
  facet normal 0.980986 -0.19408 0
    outer loop
      vertex -146.279 141.682 0
      vertex -146.444 140.848 6
      vertex -146.444 140.848 0
    endloop
  endfacet
  facet normal -0.19408 0.980986 0
    outer loop
      vertex -138.318 133.721 0
      vertex -139.152 133.556 6
      vertex -138.318 133.721 6
    endloop
  endfacet
  facet normal -0.19408 0.980986 0
    outer loop
      vertex -139.152 133.556 6
      vertex -138.318 133.721 0
      vertex -139.152 133.556 0
    endloop
  endfacet
  facet normal 0.0658942 0.997827 -0
    outer loop
      vertex -140 133.5 0
      vertex -140.848 133.556 6
      vertex -140 133.5 6
    endloop
  endfacet
  facet normal 0.0658942 0.997827 0
    outer loop
      vertex -140.848 133.556 6
      vertex -140 133.5 0
      vertex -140.848 133.556 0
    endloop
  endfacet
  facet normal 0.442033 -0.896999 -9.94756e-05
    outer loop
      vertex -143.25 145.629 6
      vertex -143.17 145.669 0.799999
      vertex -142.487 146.005 6
    endloop
  endfacet
  facet normal 0.447214 -0.894427 0
    outer loop
      vertex -143.25 145.629 0
      vertex -143.17 145.669 0.799999
      vertex -143.25 145.629 6
    endloop
  endfacet
  facet normal 0.447214 -0.894427 0
    outer loop
      vertex -143.17 145.669 0.799999
      vertex -143.25 145.629 0
      vertex -143.17 145.669 0
    endloop
  endfacet
  facet normal 0.441424 -0.897299 0
    outer loop
      vertex -142.487 146.005 6
      vertex -143.17 145.669 0.799999
      vertex -142.487 146.005 0.799999
    endloop
  endfacet
  facet normal 0.831688 0.555243 0
    outer loop
      vertex -145.157 136.043 6
      vertex -145.629 136.75 0
      vertex -145.629 136.75 6
    endloop
  endfacet
  facet normal 0.831688 0.555243 0
    outer loop
      vertex -145.629 136.75 0
      vertex -145.157 136.043 6
      vertex -145.157 136.043 0
    endloop
  endfacet
  facet normal -0.441424 -0.897299 0
    outer loop
      vertex -136.83 145.669 0.799999
      vertex -137.513 146.005 6
      vertex -137.513 146.005 0.799999
    endloop
  endfacet
  facet normal -0.442033 -0.896999 -9.94756e-05
    outer loop
      vertex -137.513 146.005 6
      vertex -136.83 145.669 0.799999
      vertex -136.75 145.629 6
    endloop
  endfacet
  facet normal -0.447214 -0.894427 0
    outer loop
      vertex -136.75 145.629 0
      vertex -136.83 145.669 0.799999
      vertex -136.83 145.669 0
    endloop
  endfacet
  facet normal -0.447214 -0.894427 0
    outer loop
      vertex -136.83 145.669 0.799999
      vertex -136.75 145.629 0
      vertex -136.75 145.629 6
    endloop
  endfacet
  facet normal 0.896999 0.442033 0
    outer loop
      vertex -145.629 136.75 6
      vertex -146.005 137.513 0
      vertex -146.005 137.513 6
    endloop
  endfacet
  facet normal 0.896999 0.442033 0
    outer loop
      vertex -146.005 137.513 0
      vertex -145.629 136.75 6
      vertex -145.629 136.75 0
    endloop
  endfacet
  facet normal -0.980986 0.19408 0
    outer loop
      vertex -133.721 138.318 0
      vertex -133.556 139.152 6
      vertex -133.556 139.152 0
    endloop
  endfacet
  facet normal -0.980986 0.19408 0
    outer loop
      vertex -133.556 139.152 6
      vertex -133.721 138.318 0
      vertex -133.721 138.318 6
    endloop
  endfacet
  facet normal 0.322219 -0.946665 0
    outer loop
      vertex -142.487 146.005 0.799999
      vertex -141.682 146.279 6
      vertex -142.487 146.005 6
    endloop
  endfacet
  facet normal 0.322219 -0.946665 0
    outer loop
      vertex -141.682 146.279 6
      vertex -142.487 146.005 0.799999
      vertex -141.682 146.279 0.799999
    endloop
  endfacet
  facet normal -0.751483 -0.659753 0
    outer loop
      vertex -134.843 143.957 0
      vertex -135.404 144.596 6
      vertex -135.404 144.596 0
    endloop
  endfacet
  facet normal -0.751483 -0.659753 0
    outer loop
      vertex -135.404 144.596 6
      vertex -134.843 143.957 0
      vertex -134.843 143.957 6
    endloop
  endfacet
  facet normal 0.322219 0.946665 -0
    outer loop
      vertex -141.682 133.721 0
      vertex -142.487 133.995 6
      vertex -141.682 133.721 6
    endloop
  endfacet
  facet normal 0.322219 0.946665 0
    outer loop
      vertex -142.487 133.995 6
      vertex -141.682 133.721 0
      vertex -142.487 133.995 0
    endloop
  endfacet
  facet normal 0.442033 0.896999 -0
    outer loop
      vertex -142.487 133.995 0
      vertex -143.25 134.371 6
      vertex -142.487 133.995 6
    endloop
  endfacet
  facet normal 0.442033 0.896999 0
    outer loop
      vertex -143.25 134.371 6
      vertex -142.487 133.995 0
      vertex -143.25 134.371 0
    endloop
  endfacet
  facet normal 0.946665 -0.322219 0
    outer loop
      vertex -146.279 141.682 6
      vertex -146.005 142.487 0
      vertex -146.005 142.487 6
    endloop
  endfacet
  facet normal 0.946665 -0.322219 0
    outer loop
      vertex -146.005 142.487 0
      vertex -146.279 141.682 6
      vertex -146.279 141.682 0
    endloop
  endfacet
  facet normal 0.997827 0.0658942 0
    outer loop
      vertex -146.444 139.152 6
      vertex -146.5 140 0
      vertex -146.5 140 6
    endloop
  endfacet
  facet normal 0.997827 0.0658942 0
    outer loop
      vertex -146.5 140 0
      vertex -146.444 139.152 6
      vertex -146.444 139.152 0
    endloop
  endfacet
  facet normal -0.0658942 -0.997827 0
    outer loop
      vertex -140 146.5 0.799999
      vertex -139.152 146.444 6
      vertex -140 146.5 6
    endloop
  endfacet
  facet normal -0.0658942 -0.997827 -0
    outer loop
      vertex -139.152 146.444 6
      vertex -140 146.5 0.799999
      vertex -139.152 146.444 0.799999
    endloop
  endfacet
  facet normal 0.19408 -0.980986 0
    outer loop
      vertex -141.682 146.279 0.799999
      vertex -140.848 146.444 6
      vertex -141.682 146.279 6
    endloop
  endfacet
  facet normal 0.19408 -0.980986 0
    outer loop
      vertex -140.848 146.444 6
      vertex -141.682 146.279 0.799999
      vertex -140.848 146.444 0.799999
    endloop
  endfacet
  facet normal -0.946665 -0.322219 0
    outer loop
      vertex -133.721 141.682 0
      vertex -133.995 142.487 6
      vertex -133.995 142.487 0
    endloop
  endfacet
  facet normal -0.946665 -0.322219 0
    outer loop
      vertex -133.995 142.487 6
      vertex -133.721 141.682 0
      vertex -133.721 141.682 6
    endloop
  endfacet
  facet normal -0.831688 0.555243 0
    outer loop
      vertex -134.843 136.043 0
      vertex -134.371 136.75 6
      vertex -134.371 136.75 0
    endloop
  endfacet
  facet normal -0.831688 0.555243 0
    outer loop
      vertex -134.371 136.75 6
      vertex -134.843 136.043 0
      vertex -134.843 136.043 6
    endloop
  endfacet
  facet normal 0.0658942 -0.997827 0
    outer loop
      vertex -140.848 146.444 0.799999
      vertex -140 146.5 6
      vertex -140.848 146.444 6
    endloop
  endfacet
  facet normal 0.0658942 -0.997827 0
    outer loop
      vertex -140 146.5 6
      vertex -140.848 146.444 0.799999
      vertex -140 146.5 0.799999
    endloop
  endfacet
  facet normal 0.946665 0.322219 0
    outer loop
      vertex -146.005 137.513 6
      vertex -146.279 138.318 0
      vertex -146.279 138.318 6
    endloop
  endfacet
  facet normal 0.946665 0.322219 0
    outer loop
      vertex -146.279 138.318 0
      vertex -146.005 137.513 6
      vertex -146.005 137.513 0
    endloop
  endfacet
  facet normal 0.659753 0.751483 -0
    outer loop
      vertex -143.957 134.843 0
      vertex -144.596 135.404 6
      vertex -143.957 134.843 6
    endloop
  endfacet
  facet normal 0.659753 0.751483 0
    outer loop
      vertex -144.596 135.404 6
      vertex -143.957 134.843 0
      vertex -144.596 135.404 0
    endloop
  endfacet
  facet normal 0.997827 -0.0658942 0
    outer loop
      vertex -146.5 140 6
      vertex -146.444 140.848 0
      vertex -146.444 140.848 6
    endloop
  endfacet
  facet normal 0.997827 -0.0658942 0
    outer loop
      vertex -146.444 140.848 0
      vertex -146.5 140 6
      vertex -146.5 140 0
    endloop
  endfacet
  facet normal 0.555243 -0.831688 0
    outer loop
      vertex -143.957 145.157 0
      vertex -143.25 145.629 6
      vertex -143.957 145.157 6
    endloop
  endfacet
  facet normal 0.555243 -0.831688 0
    outer loop
      vertex -143.25 145.629 6
      vertex -143.957 145.157 0
      vertex -143.25 145.629 0
    endloop
  endfacet
  facet normal 0.896999 -0.442033 0
    outer loop
      vertex -146.005 142.487 6
      vertex -145.629 143.25 0
      vertex -145.629 143.25 6
    endloop
  endfacet
  facet normal 0.896999 -0.442033 0
    outer loop
      vertex -145.629 143.25 0
      vertex -146.005 142.487 6
      vertex -146.005 142.487 0
    endloop
  endfacet
  facet normal 0.555243 0.831688 -0
    outer loop
      vertex -143.25 134.371 0
      vertex -143.957 134.843 6
      vertex -143.25 134.371 6
    endloop
  endfacet
  facet normal 0.555243 0.831688 0
    outer loop
      vertex -143.957 134.843 6
      vertex -143.25 134.371 0
      vertex -143.957 134.843 0
    endloop
  endfacet
  facet normal -0.659753 0.751483 0
    outer loop
      vertex -135.404 135.404 0
      vertex -136.043 134.843 6
      vertex -135.404 135.404 6
    endloop
  endfacet
  facet normal -0.659753 0.751483 0
    outer loop
      vertex -136.043 134.843 6
      vertex -135.404 135.404 0
      vertex -136.043 134.843 0
    endloop
  endfacet
  facet normal 0.75222 0.658912 0
    outer loop
      vertex 0 100.864 14
      vertex -0.156796 101.043 0
      vertex -0.156796 101.043 14
    endloop
  endfacet
  facet normal 0.75222 0.658912 0
    outer loop
      vertex -0.156796 101.043 0
      vertex 0 100.864 14
      vertex 0 100.864 0
    endloop
  endfacet
  facet normal 0.75222 -0.658912 0
    outer loop
      vertex -0.156796 108.957 14
      vertex 0 109.136 0
      vertex 0 109.136 14
    endloop
  endfacet
  facet normal 0.75222 -0.658912 0
    outer loop
      vertex 0 109.136 0
      vertex -0.156796 108.957 14
      vertex -0.156796 108.957 0
    endloop
  endfacet
  facet normal 0.896973 0.442085 0
    outer loop
      vertex -0.629165 101.75 14
      vertex -1.00522 102.513 0
      vertex -1.00522 102.513 14
    endloop
  endfacet
  facet normal 0.896973 0.442085 0
    outer loop
      vertex -1.00522 102.513 0
      vertex -0.629165 101.75 14
      vertex -0.629165 101.75 0
    endloop
  endfacet
  facet normal 0.946855 -0.321659 0
    outer loop
      vertex -1.20667 106.894 14
      vertex -1.00522 107.487 0
      vertex -1.00522 107.487 14
    endloop
  endfacet
  facet normal 0.946855 -0.321659 0
    outer loop
      vertex -1.00522 107.487 0
      vertex -1.20667 106.894 14
      vertex -1.20667 106.894 0
    endloop
  endfacet
  facet normal 0.896973 -0.442085 0
    outer loop
      vertex -1.00522 107.487 14
      vertex -0.629165 108.25 0
      vertex -0.629165 108.25 14
    endloop
  endfacet
  facet normal 0.896973 -0.442085 0
    outer loop
      vertex -0.629165 108.25 0
      vertex -1.00522 107.487 14
      vertex -1.00522 107.487 0
    endloop
  endfacet
  facet normal 0.831488 0.555543 0
    outer loop
      vertex -0.156796 101.043 14
      vertex -0.629165 101.75 0
      vertex -0.629165 101.75 14
    endloop
  endfacet
  facet normal 0.831488 0.555543 0
    outer loop
      vertex -0.629165 101.75 0
      vertex -0.156796 101.043 14
      vertex -0.156796 101.043 0
    endloop
  endfacet
  facet normal 0.946855 0.321659 0
    outer loop
      vertex -1.00522 102.513 14
      vertex -1.20667 103.106 0
      vertex -1.20667 103.106 14
    endloop
  endfacet
  facet normal 0.946855 0.321659 0
    outer loop
      vertex -1.20667 103.106 0
      vertex -1.00522 102.513 14
      vertex -1.00522 102.513 0
    endloop
  endfacet
  facet normal 0.831488 -0.555543 0
    outer loop
      vertex -0.629165 108.25 14
      vertex -0.156796 108.957 0
      vertex -0.156796 108.957 14
    endloop
  endfacet
  facet normal 0.831488 -0.555543 0
    outer loop
      vertex -0.156796 108.957 0
      vertex -0.629165 108.25 14
      vertex -0.629165 108.25 0
    endloop
  endfacet
  facet normal -0.980789 -0.19507 0
    outer loop
      vertex -26.0535 28.578 0
      vertex -26.1109 28.8666 6
      vertex -26.1109 28.8666 0
    endloop
  endfacet
  facet normal -0.980789 -0.19507 0
    outer loop
      vertex -26.1109 28.8666 6
      vertex -26.0535 28.578 0
      vertex -26.0535 28.578 6
    endloop
  endfacet
  facet normal -0.99787 -0.0652336 0
    outer loop
      vertex -26.0343 28.2843 0
      vertex -26.0535 28.578 6
      vertex -26.0535 28.578 0
    endloop
  endfacet
  facet normal -0.99787 -0.0652336 0
    outer loop
      vertex -26.0535 28.578 6
      vertex -26.0343 28.2843 0
      vertex -26.0343 28.2843 6
    endloop
  endfacet
  facet normal -0.946936 -0.321421 0
    outer loop
      vertex -26.1109 28.8666 0
      vertex -26.2055 29.1453 6
      vertex -26.2055 29.1453 0
    endloop
  endfacet
  facet normal -0.946936 -0.321421 0
    outer loop
      vertex -26.2055 29.1453 6
      vertex -26.1109 28.8666 0
      vertex -26.1109 28.8666 6
    endloop
  endfacet
  facet normal -0.555562 0.831475 0
    outer loop
      vertex -26.9146 26.4992 0
      vertex -27.1593 26.3357 6
      vertex -26.9146 26.4992 6
    endloop
  endfacet
  facet normal -0.555562 0.831475 0
    outer loop
      vertex -27.1593 26.3357 6
      vertex -26.9146 26.4992 0
      vertex -27.1593 26.3357 0
    endloop
  endfacet
  facet normal 0.0655719 -0.997848 0
    outer loop
      vertex -28.578 30.515 0
      vertex -28.2843 30.5343 6
      vertex -28.578 30.515 6
    endloop
  endfacet
  facet normal 0.0655719 -0.997848 0
    outer loop
      vertex -28.2843 30.5343 6
      vertex -28.578 30.515 0
      vertex -28.2843 30.5343 0
    endloop
  endfacet
  facet normal -0.321421 0.946936 0
    outer loop
      vertex -27.4232 26.2055 0
      vertex -27.7019 26.1109 6
      vertex -27.4232 26.2055 6
    endloop
  endfacet
  facet normal -0.321421 0.946936 0
    outer loop
      vertex -27.7019 26.1109 6
      vertex -27.4232 26.2055 0
      vertex -27.7019 26.1109 0
    endloop
  endfacet
  facet normal -0.831475 -0.555562 0
    outer loop
      vertex -26.3357 29.4093 0
      vertex -26.4992 29.654 6
      vertex -26.4992 29.654 0
    endloop
  endfacet
  facet normal -0.831475 -0.555562 0
    outer loop
      vertex -26.4992 29.654 6
      vertex -26.3357 29.4093 0
      vertex -26.3357 29.4093 6
    endloop
  endfacet
  facet normal -0.89686 -0.442315 0
    outer loop
      vertex -26.2055 29.1453 0
      vertex -26.3357 29.4093 6
      vertex -26.3357 29.4093 0
    endloop
  endfacet
  facet normal -0.89686 -0.442315 0
    outer loop
      vertex -26.3357 29.4093 6
      vertex -26.2055 29.1453 0
      vertex -26.2055 29.1453 6
    endloop
  endfacet
  facet normal -0.831475 0.555562 0
    outer loop
      vertex -26.4992 26.9146 0
      vertex -26.3357 27.1593 6
      vertex -26.3357 27.1593 0
    endloop
  endfacet
  facet normal -0.831475 0.555562 0
    outer loop
      vertex -26.3357 27.1593 6
      vertex -26.4992 26.9146 0
      vertex -26.4992 26.9146 6
    endloop
  endfacet
  facet normal -0.195005 -0.980802 0
    outer loop
      vertex -27.9906 30.515 0
      vertex -27.7019 30.4576 6
      vertex -27.9906 30.515 6
    endloop
  endfacet
  facet normal -0.195005 -0.980802 -0
    outer loop
      vertex -27.7019 30.4576 6
      vertex -27.9906 30.515 0
      vertex -27.7019 30.4576 0
    endloop
  endfacet
  facet normal -0.946936 0.321421 0
    outer loop
      vertex -26.2055 27.4232 0
      vertex -26.1109 27.7019 6
      vertex -26.1109 27.7019 0
    endloop
  endfacet
  facet normal -0.946936 0.321421 0
    outer loop
      vertex -26.1109 27.7019 6
      vertex -26.2055 27.4232 0
      vertex -26.2055 27.4232 6
    endloop
  endfacet
  facet normal 0.555562 -0.831475 0
    outer loop
      vertex -29.654 30.0693 0
      vertex -29.4093 30.2328 6
      vertex -29.654 30.0693 6
    endloop
  endfacet
  facet normal 0.555562 -0.831475 0
    outer loop
      vertex -29.4093 30.2328 6
      vertex -29.654 30.0693 0
      vertex -29.4093 30.2328 0
    endloop
  endfacet
  facet normal 0.19507 -0.980789 0
    outer loop
      vertex -28.8666 30.4576 0
      vertex -28.578 30.515 6
      vertex -28.8666 30.4576 6
    endloop
  endfacet
  facet normal 0.19507 -0.980789 0
    outer loop
      vertex -28.578 30.515 6
      vertex -28.8666 30.4576 0
      vertex -28.578 30.515 0
    endloop
  endfacet
  facet normal -0.195005 0.980802 0
    outer loop
      vertex -27.7019 26.1109 0
      vertex -27.9906 26.0535 6
      vertex -27.7019 26.1109 6
    endloop
  endfacet
  facet normal -0.195005 0.980802 0
    outer loop
      vertex -27.9906 26.0535 6
      vertex -27.7019 26.1109 0
      vertex -27.9906 26.0535 0
    endloop
  endfacet
  facet normal -0.659202 -0.751966 0
    outer loop
      vertex -26.9146 30.0693 0
      vertex -26.6933 29.8753 6
      vertex -26.9146 30.0693 6
    endloop
  endfacet
  facet normal -0.659202 -0.751966 -0
    outer loop
      vertex -26.6933 29.8753 6
      vertex -26.9146 30.0693 0
      vertex -26.6933 29.8753 0
    endloop
  endfacet
  facet normal -0.321421 -0.946936 0
    outer loop
      vertex -27.7019 30.4576 0
      vertex -27.4232 30.363 6
      vertex -27.7019 30.4576 6
    endloop
  endfacet
  facet normal -0.321421 -0.946936 -0
    outer loop
      vertex -27.4232 30.363 6
      vertex -27.7019 30.4576 0
      vertex -27.4232 30.363 0
    endloop
  endfacet
  facet normal 0.321421 -0.946936 0
    outer loop
      vertex -29.1453 30.363 0
      vertex -28.8666 30.4576 6
      vertex -29.1453 30.363 6
    endloop
  endfacet
  facet normal 0.321421 -0.946936 0
    outer loop
      vertex -28.8666 30.4576 6
      vertex -29.1453 30.363 0
      vertex -28.8666 30.4576 0
    endloop
  endfacet
  facet normal 0.659202 -0.751966 0
    outer loop
      vertex -29.8753 29.8753 0
      vertex -29.654 30.0693 6
      vertex -29.8753 29.8753 6
    endloop
  endfacet
  facet normal 0.659202 -0.751966 0
    outer loop
      vertex -29.654 30.0693 6
      vertex -29.8753 29.8753 0
      vertex -29.654 30.0693 0
    endloop
  endfacet
  facet normal -0.751798 -0.659394 0
    outer loop
      vertex -26.4992 29.654 0
      vertex -26.6933 29.8753 6
      vertex -26.6933 29.8753 0
    endloop
  endfacet
  facet normal -0.751798 -0.659394 0
    outer loop
      vertex -26.6933 29.8753 6
      vertex -26.4992 29.654 0
      vertex -26.4992 29.654 6
    endloop
  endfacet
  facet normal 0.980789 -0.19507 0
    outer loop
      vertex -30.515 28.578 6
      vertex -30.4576 28.8666 0
      vertex -30.4576 28.8666 6
    endloop
  endfacet
  facet normal 0.980789 -0.19507 0
    outer loop
      vertex -30.4576 28.8666 0
      vertex -30.515 28.578 6
      vertex -30.515 28.578 0
    endloop
  endfacet
  facet normal -0.751798 0.659394 0
    outer loop
      vertex -26.6933 26.6933 0
      vertex -26.4992 26.9146 6
      vertex -26.4992 26.9146 0
    endloop
  endfacet
  facet normal -0.751798 0.659394 0
    outer loop
      vertex -26.4992 26.9146 6
      vertex -26.6933 26.6933 0
      vertex -26.6933 26.6933 6
    endloop
  endfacet
  facet normal 0.442315 -0.89686 0
    outer loop
      vertex -29.4093 30.2328 0
      vertex -29.1453 30.363 6
      vertex -29.4093 30.2328 6
    endloop
  endfacet
  facet normal 0.442315 -0.89686 0
    outer loop
      vertex -29.1453 30.363 6
      vertex -29.4093 30.2328 0
      vertex -29.1453 30.363 0
    endloop
  endfacet
  facet normal -0.44245 0.896793 0
    outer loop
      vertex -27.1593 26.3357 0
      vertex -27.4232 26.2055 6
      vertex -27.1593 26.3357 6
    endloop
  endfacet
  facet normal -0.44245 0.896793 0
    outer loop
      vertex -27.4232 26.2055 6
      vertex -27.1593 26.3357 0
      vertex -27.4232 26.2055 0
    endloop
  endfacet
  facet normal 0.442315 0.89686 -0
    outer loop
      vertex -29.1453 26.2055 0
      vertex -29.4093 26.3357 6
      vertex -29.1453 26.2055 6
    endloop
  endfacet
  facet normal 0.442315 0.89686 0
    outer loop
      vertex -29.4093 26.3357 6
      vertex -29.1453 26.2055 0
      vertex -29.4093 26.3357 0
    endloop
  endfacet
  facet normal -0.980802 0.195005 0
    outer loop
      vertex -26.1109 27.7019 0
      vertex -26.0535 27.9906 6
      vertex -26.0535 27.9906 0
    endloop
  endfacet
  facet normal -0.980802 0.195005 0
    outer loop
      vertex -26.0535 27.9906 6
      vertex -26.1109 27.7019 0
      vertex -26.1109 27.7019 6
    endloop
  endfacet
  facet normal 0.946936 -0.321421 0
    outer loop
      vertex -30.4576 28.8666 6
      vertex -30.363 29.1453 0
      vertex -30.363 29.1453 6
    endloop
  endfacet
  facet normal 0.946936 -0.321421 0
    outer loop
      vertex -30.363 29.1453 0
      vertex -30.4576 28.8666 6
      vertex -30.4576 28.8666 0
    endloop
  endfacet
  facet normal 0.896793 0.44245 0
    outer loop
      vertex -30.2328 27.1593 6
      vertex -30.363 27.4232 0
      vertex -30.363 27.4232 6
    endloop
  endfacet
  facet normal 0.896793 0.44245 0
    outer loop
      vertex -30.363 27.4232 0
      vertex -30.2328 27.1593 6
      vertex -30.2328 27.1593 0
    endloop
  endfacet
  facet normal -0.99787 0.0652336 0
    outer loop
      vertex -26.0535 27.9906 0
      vertex -26.0343 28.2843 6
      vertex -26.0343 28.2843 0
    endloop
  endfacet
  facet normal -0.99787 0.0652336 0
    outer loop
      vertex -26.0343 28.2843 6
      vertex -26.0535 27.9906 0
      vertex -26.0535 27.9906 6
    endloop
  endfacet
  facet normal 0.946936 0.321421 0
    outer loop
      vertex -30.363 27.4232 6
      vertex -30.4576 27.7019 0
      vertex -30.4576 27.7019 6
    endloop
  endfacet
  facet normal 0.946936 0.321421 0
    outer loop
      vertex -30.4576 27.7019 0
      vertex -30.363 27.4232 6
      vertex -30.363 27.4232 0
    endloop
  endfacet
  facet normal 0.89686 -0.442315 0
    outer loop
      vertex -30.363 29.1453 6
      vertex -30.2328 29.4093 0
      vertex -30.2328 29.4093 6
    endloop
  endfacet
  facet normal 0.89686 -0.442315 0
    outer loop
      vertex -30.2328 29.4093 0
      vertex -30.363 29.1453 6
      vertex -30.363 29.1453 0
    endloop
  endfacet
  facet normal 0.659394 0.751798 -0
    outer loop
      vertex -29.654 26.4992 0
      vertex -29.8753 26.6933 6
      vertex -29.654 26.4992 6
    endloop
  endfacet
  facet normal 0.659394 0.751798 0
    outer loop
      vertex -29.8753 26.6933 6
      vertex -29.654 26.4992 0
      vertex -29.8753 26.6933 0
    endloop
  endfacet
  facet normal 0.751966 0.659202 0
    outer loop
      vertex -29.8753 26.6933 6
      vertex -30.0693 26.9146 0
      vertex -30.0693 26.9146 6
    endloop
  endfacet
  facet normal 0.751966 0.659202 0
    outer loop
      vertex -30.0693 26.9146 0
      vertex -29.8753 26.6933 6
      vertex -29.8753 26.6933 0
    endloop
  endfacet
  facet normal -0.896793 0.44245 0
    outer loop
      vertex -26.3357 27.1593 0
      vertex -26.2055 27.4232 6
      vertex -26.2055 27.4232 0
    endloop
  endfacet
  facet normal -0.896793 0.44245 0
    outer loop
      vertex -26.2055 27.4232 6
      vertex -26.3357 27.1593 0
      vertex -26.3357 27.1593 6
    endloop
  endfacet
  facet normal -0.659394 0.751798 0
    outer loop
      vertex -26.6933 26.6933 0
      vertex -26.9146 26.4992 6
      vertex -26.6933 26.6933 6
    endloop
  endfacet
  facet normal -0.659394 0.751798 0
    outer loop
      vertex -26.9146 26.4992 6
      vertex -26.6933 26.6933 0
      vertex -26.9146 26.4992 0
    endloop
  endfacet
  facet normal -0.555562 -0.831475 0
    outer loop
      vertex -27.1593 30.2328 0
      vertex -26.9146 30.0693 6
      vertex -27.1593 30.2328 6
    endloop
  endfacet
  facet normal -0.555562 -0.831475 -0
    outer loop
      vertex -26.9146 30.0693 6
      vertex -27.1593 30.2328 0
      vertex -26.9146 30.0693 0
    endloop
  endfacet
  facet normal 0.19507 0.980789 -0
    outer loop
      vertex -28.578 26.0535 0
      vertex -28.8666 26.1109 6
      vertex -28.578 26.0535 6
    endloop
  endfacet
  facet normal 0.19507 0.980789 0
    outer loop
      vertex -28.8666 26.1109 6
      vertex -28.578 26.0535 0
      vertex -28.8666 26.1109 0
    endloop
  endfacet
  facet normal -0.44245 -0.896793 0
    outer loop
      vertex -27.4232 30.363 0
      vertex -27.1593 30.2328 6
      vertex -27.4232 30.363 6
    endloop
  endfacet
  facet normal -0.44245 -0.896793 -0
    outer loop
      vertex -27.1593 30.2328 6
      vertex -27.4232 30.363 0
      vertex -27.1593 30.2328 0
    endloop
  endfacet
  facet normal 0.980802 0.195005 0
    outer loop
      vertex -30.4576 27.7019 6
      vertex -30.515 27.9906 0
      vertex -30.515 27.9906 6
    endloop
  endfacet
  facet normal 0.980802 0.195005 0
    outer loop
      vertex -30.515 27.9906 0
      vertex -30.4576 27.7019 6
      vertex -30.4576 27.7019 0
    endloop
  endfacet
  facet normal 0.831475 0.555562 0
    outer loop
      vertex -30.0693 26.9146 6
      vertex -30.2328 27.1593 0
      vertex -30.2328 27.1593 6
    endloop
  endfacet
  facet normal 0.831475 0.555562 0
    outer loop
      vertex -30.2328 27.1593 0
      vertex -30.0693 26.9146 6
      vertex -30.0693 26.9146 0
    endloop
  endfacet
  facet normal 0.321421 0.946936 -0
    outer loop
      vertex -28.8666 26.1109 0
      vertex -29.1453 26.2055 6
      vertex -28.8666 26.1109 6
    endloop
  endfacet
  facet normal 0.321421 0.946936 0
    outer loop
      vertex -29.1453 26.2055 6
      vertex -28.8666 26.1109 0
      vertex -29.1453 26.2055 0
    endloop
  endfacet
  facet normal -0.0652336 0.99787 0
    outer loop
      vertex -27.9906 26.0535 0
      vertex -28.2843 26.0343 6
      vertex -27.9906 26.0535 6
    endloop
  endfacet
  facet normal -0.0652336 0.99787 0
    outer loop
      vertex -28.2843 26.0343 6
      vertex -27.9906 26.0535 0
      vertex -28.2843 26.0343 0
    endloop
  endfacet
  facet normal 0.997848 0.0655719 0
    outer loop
      vertex -30.515 27.9906 6
      vertex -30.5343 28.2843 0
      vertex -30.5343 28.2843 6
    endloop
  endfacet
  facet normal 0.997848 0.0655719 0
    outer loop
      vertex -30.5343 28.2843 0
      vertex -30.515 27.9906 6
      vertex -30.515 27.9906 0
    endloop
  endfacet
  facet normal 0.997848 -0.0655719 0
    outer loop
      vertex -30.5343 28.2843 6
      vertex -30.515 28.578 0
      vertex -30.515 28.578 6
    endloop
  endfacet
  facet normal 0.997848 -0.0655719 0
    outer loop
      vertex -30.515 28.578 0
      vertex -30.5343 28.2843 6
      vertex -30.5343 28.2843 0
    endloop
  endfacet
  facet normal -0.0655719 -0.997848 0
    outer loop
      vertex -28.2843 30.5343 0
      vertex -27.9906 30.515 6
      vertex -28.2843 30.5343 6
    endloop
  endfacet
  facet normal -0.0655719 -0.997848 -0
    outer loop
      vertex -27.9906 30.515 6
      vertex -28.2843 30.5343 0
      vertex -27.9906 30.515 0
    endloop
  endfacet
  facet normal 0.0652336 0.99787 -0
    outer loop
      vertex -28.2843 26.0343 0
      vertex -28.578 26.0535 6
      vertex -28.2843 26.0343 6
    endloop
  endfacet
  facet normal 0.0652336 0.99787 0
    outer loop
      vertex -28.578 26.0535 6
      vertex -28.2843 26.0343 0
      vertex -28.578 26.0535 0
    endloop
  endfacet
  facet normal 0.831475 -0.555562 0
    outer loop
      vertex -30.2328 29.4093 6
      vertex -30.0693 29.654 0
      vertex -30.0693 29.654 6
    endloop
  endfacet
  facet normal 0.831475 -0.555562 0
    outer loop
      vertex -30.0693 29.654 0
      vertex -30.2328 29.4093 6
      vertex -30.2328 29.4093 0
    endloop
  endfacet
  facet normal 0.555562 0.831475 -0
    outer loop
      vertex -29.4093 26.3357 0
      vertex -29.654 26.4992 6
      vertex -29.4093 26.3357 6
    endloop
  endfacet
  facet normal 0.555562 0.831475 0
    outer loop
      vertex -29.654 26.4992 6
      vertex -29.4093 26.3357 0
      vertex -29.654 26.4992 0
    endloop
  endfacet
  facet normal 0.751966 -0.659202 0
    outer loop
      vertex -30.0693 29.654 6
      vertex -29.8753 29.8753 0
      vertex -29.8753 29.8753 6
    endloop
  endfacet
  facet normal 0.751966 -0.659202 0
    outer loop
      vertex -29.8753 29.8753 0
      vertex -30.0693 29.654 6
      vertex -30.0693 29.654 0
    endloop
  endfacet
  facet normal 0.946936 0.321421 0
    outer loop
      vertex -2.07873 14.139 14
      vertex -2.17333 14.4177 0
      vertex -2.17333 14.4177 14
    endloop
  endfacet
  facet normal 0.946936 0.321421 0
    outer loop
      vertex -2.17333 14.4177 0
      vertex -2.07873 14.139 14
      vertex -2.07873 14.139 0
    endloop
  endfacet
  facet normal 0.555782 0.831328 -0
    outer loop
      vertex -1.125 13.0514 0
      vertex -1.36971 13.215 14
      vertex -1.125 13.0514 14
    endloop
  endfacet
  facet normal 0.555782 0.831328 0
    outer loop
      vertex -1.36971 13.215 14
      vertex -1.125 13.0514 0
      vertex -1.36971 13.215 0
    endloop
  endfacet
  facet normal 0.442091 0.89697 -0
    outer loop
      vertex -0.861037 12.9213 0
      vertex -1.125 13.0514 14
      vertex -0.861037 12.9213 14
    endloop
  endfacet
  facet normal 0.442091 0.89697 0
    outer loop
      vertex -1.125 13.0514 14
      vertex -0.861037 12.9213 0
      vertex -1.125 13.0514 0
    endloop
  endfacet
  facet normal 0.555782 -0.831328 0
    outer loop
      vertex -1.36971 16.785 0
      vertex -1.125 16.9486 14
      vertex -1.36971 16.785 14
    endloop
  endfacet
  facet normal 0.555782 -0.831328 0
    outer loop
      vertex -1.125 16.9486 14
      vertex -1.36971 16.785 0
      vertex -1.125 16.9486 0
    endloop
  endfacet
  facet normal 0.751882 -0.659298 0
    outer loop
      vertex -1.78504 16.3697 14
      vertex -1.59099 16.591 0
      vertex -1.59099 16.591 14
    endloop
  endfacet
  facet normal 0.751882 -0.659298 0
    outer loop
      vertex -1.59099 16.591 0
      vertex -1.78504 16.3697 14
      vertex -1.78504 16.3697 0
    endloop
  endfacet
  facet normal 0.0652373 -0.99787 0
    outer loop
      vertex -0.293683 17.2308 0
      vertex 0 17.25 14
      vertex -0.293683 17.2308 14
    endloop
  endfacet
  facet normal 0.0652373 -0.99787 0
    outer loop
      vertex 0 17.25 14
      vertex -0.293683 17.2308 0
      vertex 0 17.25 0
    endloop
  endfacet
  facet normal 0.659236 -0.751936 0
    outer loop
      vertex -1.59099 16.591 0
      vertex -1.36971 16.785 14
      vertex -1.59099 16.591 14
    endloop
  endfacet
  facet normal 0.659236 -0.751936 0
    outer loop
      vertex -1.36971 16.785 14
      vertex -1.59099 16.591 0
      vertex -1.36971 16.785 0
    endloop
  endfacet
  facet normal 0.659236 0.751936 -0
    outer loop
      vertex -1.36971 13.215 0
      vertex -1.59099 13.409 14
      vertex -1.36971 13.215 14
    endloop
  endfacet
  facet normal 0.659236 0.751936 0
    outer loop
      vertex -1.59099 13.409 14
      vertex -1.36971 13.215 0
      vertex -1.59099 13.409 0
    endloop
  endfacet
  facet normal 0.8969 -0.442233 0
    outer loop
      vertex -2.07873 15.861 14
      vertex -1.94856 16.125 0
      vertex -1.94856 16.125 14
    endloop
  endfacet
  facet normal 0.8969 -0.442233 0
    outer loop
      vertex -1.94856 16.125 0
      vertex -2.07873 15.861 14
      vertex -2.07873 15.861 0
    endloop
  endfacet
  facet normal 0.751882 0.659298 0
    outer loop
      vertex -1.59099 13.409 14
      vertex -1.78504 13.6303 0
      vertex -1.78504 13.6303 14
    endloop
  endfacet
  facet normal 0.751882 0.659298 0
    outer loop
      vertex -1.78504 13.6303 0
      vertex -1.59099 13.409 14
      vertex -1.59099 13.409 0
    endloop
  endfacet
  facet normal 0.980776 -0.195136 0
    outer loop
      vertex -2.23075 15.2937 14
      vertex -2.17333 15.5823 0
      vertex -2.17333 15.5823 14
    endloop
  endfacet
  facet normal 0.980776 -0.195136 0
    outer loop
      vertex -2.17333 15.5823 0
      vertex -2.23075 15.2937 14
      vertex -2.23075 15.2937 0
    endloop
  endfacet
  facet normal 0.321427 0.946934 -0
    outer loop
      vertex -0.582342 12.8267 0
      vertex -0.861037 12.9213 14
      vertex -0.582342 12.8267 14
    endloop
  endfacet
  facet normal 0.321427 0.946934 0
    outer loop
      vertex -0.861037 12.9213 14
      vertex -0.582342 12.8267 0
      vertex -0.861037 12.9213 0
    endloop
  endfacet
  facet normal 0.442091 -0.89697 0
    outer loop
      vertex -1.125 16.9486 0
      vertex -0.861037 17.0787 14
      vertex -1.125 16.9486 14
    endloop
  endfacet
  facet normal 0.442091 -0.89697 0
    outer loop
      vertex -0.861037 17.0787 14
      vertex -1.125 16.9486 0
      vertex -0.861037 17.0787 0
    endloop
  endfacet
  facet normal 0.980776 0.195136 0
    outer loop
      vertex -2.17333 14.4177 14
      vertex -2.23075 14.7063 0
      vertex -2.23075 14.7063 14
    endloop
  endfacet
  facet normal 0.980776 0.195136 0
    outer loop
      vertex -2.23075 14.7063 0
      vertex -2.17333 14.4177 14
      vertex -2.17333 14.4177 0
    endloop
  endfacet
  facet normal 0.8969 0.442233 0
    outer loop
      vertex -1.94856 13.875 14
      vertex -2.07873 14.139 0
      vertex -2.07873 14.139 14
    endloop
  endfacet
  facet normal 0.8969 0.442233 0
    outer loop
      vertex -2.07873 14.139 0
      vertex -1.94856 13.875 14
      vertex -1.94856 13.875 0
    endloop
  endfacet
  facet normal 0.831443 0.555609 0
    outer loop
      vertex -1.78504 13.6303 14
      vertex -1.94856 13.875 0
      vertex -1.94856 13.875 14
    endloop
  endfacet
  facet normal 0.831443 0.555609 0
    outer loop
      vertex -1.94856 13.875 0
      vertex -1.78504 13.6303 14
      vertex -1.78504 13.6303 0
    endloop
  endfacet
  facet normal 0.0652373 0.99787 -0
    outer loop
      vertex 0 12.75 0
      vertex -0.293683 12.7692 14
      vertex 0 12.75 14
    endloop
  endfacet
  facet normal 0.0652373 0.99787 0
    outer loop
      vertex -0.293683 12.7692 14
      vertex 0 12.75 0
      vertex -0.293683 12.7692 0
    endloop
  endfacet
  facet normal 0.195359 0.980732 -0
    outer loop
      vertex -0.293683 12.7692 0
      vertex -0.582342 12.8267 14
      vertex -0.293683 12.7692 14
    endloop
  endfacet
  facet normal 0.195359 0.980732 0
    outer loop
      vertex -0.582342 12.8267 14
      vertex -0.293683 12.7692 0
      vertex -0.582342 12.8267 0
    endloop
  endfacet
  facet normal 0.195359 -0.980732 0
    outer loop
      vertex -0.582342 17.1733 0
      vertex -0.293683 17.2308 14
      vertex -0.582342 17.1733 14
    endloop
  endfacet
  facet normal 0.195359 -0.980732 0
    outer loop
      vertex -0.293683 17.2308 14
      vertex -0.582342 17.1733 0
      vertex -0.293683 17.2308 0
    endloop
  endfacet
  facet normal 0.831443 -0.555609 0
    outer loop
      vertex -1.94856 16.125 14
      vertex -1.78504 16.3697 0
      vertex -1.78504 16.3697 14
    endloop
  endfacet
  facet normal 0.831443 -0.555609 0
    outer loop
      vertex -1.78504 16.3697 0
      vertex -1.94856 16.125 14
      vertex -1.94856 16.125 0
    endloop
  endfacet
  facet normal 0.321427 -0.946934 0
    outer loop
      vertex -0.861037 17.0787 0
      vertex -0.582342 17.1733 14
      vertex -0.861037 17.0787 14
    endloop
  endfacet
  facet normal 0.321427 -0.946934 0
    outer loop
      vertex -0.582342 17.1733 14
      vertex -0.861037 17.0787 0
      vertex -0.582342 17.1733 0
    endloop
  endfacet
  facet normal 0.997859 0.0654027 0
    outer loop
      vertex -2.23075 14.7063 14
      vertex -2.25 15 0
      vertex -2.25 15 14
    endloop
  endfacet
  facet normal 0.997859 0.0654027 0
    outer loop
      vertex -2.25 15 0
      vertex -2.23075 14.7063 14
      vertex -2.23075 14.7063 0
    endloop
  endfacet
  facet normal 0.997859 -0.0654027 0
    outer loop
      vertex -2.25 15 14
      vertex -2.23075 15.2937 0
      vertex -2.23075 15.2937 14
    endloop
  endfacet
  facet normal 0.997859 -0.0654027 0
    outer loop
      vertex -2.23075 15.2937 0
      vertex -2.25 15 14
      vertex -2.25 15 0
    endloop
  endfacet
  facet normal 0.946936 -0.321421 0
    outer loop
      vertex -2.17333 15.5823 14
      vertex -2.07873 15.861 0
      vertex -2.07873 15.861 14
    endloop
  endfacet
  facet normal 0.946936 -0.321421 0
    outer loop
      vertex -2.07873 15.861 0
      vertex -2.17333 15.5823 14
      vertex -2.17333 15.5823 0
    endloop
  endfacet
  facet normal 0.947041 0.321112 0
    outer loop
      vertex -2.07873 104.139 14
      vertex -2.17333 104.418 0
      vertex -2.17333 104.418 14
    endloop
  endfacet
  facet normal 0.947041 0.321112 0
    outer loop
      vertex -2.17333 104.418 0
      vertex -2.07873 104.139 14
      vertex -2.07873 104.139 0
    endloop
  endfacet
  facet normal 0.555782 0.831328 -0
    outer loop
      vertex -1.20667 103.106 0
      vertex -1.36971 103.215 14
      vertex -1.20667 103.106 14
    endloop
  endfacet
  facet normal 0.555782 0.831328 0
    outer loop
      vertex -1.36971 103.215 14
      vertex -1.20667 103.106 0
      vertex -1.36971 103.215 0
    endloop
  endfacet
  facet normal 0.555782 -0.831328 0
    outer loop
      vertex -1.36971 106.785 0
      vertex -1.20667 106.894 14
      vertex -1.36971 106.785 14
    endloop
  endfacet
  facet normal 0.555782 -0.831328 0
    outer loop
      vertex -1.20667 106.894 14
      vertex -1.36971 106.785 0
      vertex -1.20667 106.894 0
    endloop
  endfacet
  facet normal 0.751438 -0.659804 0
    outer loop
      vertex -1.78504 106.37 14
      vertex -1.59099 106.591 0
      vertex -1.59099 106.591 14
    endloop
  endfacet
  facet normal 0.751438 -0.659804 0
    outer loop
      vertex -1.59099 106.591 0
      vertex -1.78504 106.37 14
      vertex -1.78504 106.37 0
    endloop
  endfacet
  facet normal 0.659236 -0.751936 0
    outer loop
      vertex -1.59099 106.591 0
      vertex -1.36971 106.785 14
      vertex -1.59099 106.591 14
    endloop
  endfacet
  facet normal 0.659236 -0.751936 0
    outer loop
      vertex -1.36971 106.785 14
      vertex -1.59099 106.591 0
      vertex -1.36971 106.785 0
    endloop
  endfacet
  facet normal 0.659236 0.751936 -0
    outer loop
      vertex -1.36971 103.215 0
      vertex -1.59099 103.409 14
      vertex -1.36971 103.215 14
    endloop
  endfacet
  facet normal 0.659236 0.751936 0
    outer loop
      vertex -1.59099 103.409 14
      vertex -1.36971 103.215 0
      vertex -1.59099 103.409 0
    endloop
  endfacet
  facet normal 0.8969 -0.442233 0
    outer loop
      vertex -2.07873 105.861 14
      vertex -1.94856 106.125 0
      vertex -1.94856 106.125 14
    endloop
  endfacet
  facet normal 0.8969 -0.442233 0
    outer loop
      vertex -1.94856 106.125 0
      vertex -2.07873 105.861 14
      vertex -2.07873 105.861 0
    endloop
  endfacet
  facet normal 0.751438 0.659804 0
    outer loop
      vertex -1.59099 103.409 14
      vertex -1.78504 103.63 0
      vertex -1.78504 103.63 14
    endloop
  endfacet
  facet normal 0.751438 0.659804 0
    outer loop
      vertex -1.78504 103.63 0
      vertex -1.59099 103.409 14
      vertex -1.59099 103.409 0
    endloop
  endfacet
  facet normal 0.980698 -0.195527 0
    outer loop
      vertex -2.23075 105.294 14
      vertex -2.17333 105.582 0
      vertex -2.17333 105.582 14
    endloop
  endfacet
  facet normal 0.980698 -0.195527 0
    outer loop
      vertex -2.17333 105.582 0
      vertex -2.23075 105.294 14
      vertex -2.23075 105.294 0
    endloop
  endfacet
  facet normal 0.980698 0.195527 0
    outer loop
      vertex -2.17333 104.418 14
      vertex -2.23075 104.706 0
      vertex -2.23075 104.706 14
    endloop
  endfacet
  facet normal 0.980698 0.195527 0
    outer loop
      vertex -2.23075 104.706 0
      vertex -2.17333 104.418 14
      vertex -2.17333 104.418 0
    endloop
  endfacet
  facet normal 0.8969 0.442233 0
    outer loop
      vertex -1.94856 103.875 14
      vertex -2.07873 104.139 0
      vertex -2.07873 104.139 14
    endloop
  endfacet
  facet normal 0.8969 0.442233 0
    outer loop
      vertex -2.07873 104.139 0
      vertex -1.94856 103.875 14
      vertex -1.94856 103.875 0
    endloop
  endfacet
  facet normal 0.831758 0.555139 0
    outer loop
      vertex -1.78504 103.63 14
      vertex -1.94856 103.875 0
      vertex -1.94856 103.875 14
    endloop
  endfacet
  facet normal 0.831758 0.555139 0
    outer loop
      vertex -1.94856 103.875 0
      vertex -1.78504 103.63 14
      vertex -1.78504 103.63 0
    endloop
  endfacet
  facet normal 0.831758 -0.555139 0
    outer loop
      vertex -1.94856 106.125 14
      vertex -1.78504 106.37 0
      vertex -1.78504 106.37 14
    endloop
  endfacet
  facet normal 0.831758 -0.555139 0
    outer loop
      vertex -1.78504 106.37 0
      vertex -1.94856 106.125 14
      vertex -1.94856 106.125 0
    endloop
  endfacet
  facet normal 0.997863 0.0653363 0
    outer loop
      vertex -2.23075 104.706 14
      vertex -2.25 105 0
      vertex -2.25 105 14
    endloop
  endfacet
  facet normal 0.997863 0.0653363 0
    outer loop
      vertex -2.25 105 0
      vertex -2.23075 104.706 14
      vertex -2.23075 104.706 0
    endloop
  endfacet
  facet normal 0.997863 -0.0653363 0
    outer loop
      vertex -2.25 105 14
      vertex -2.23075 105.294 0
      vertex -2.23075 105.294 14
    endloop
  endfacet
  facet normal 0.997863 -0.0653363 0
    outer loop
      vertex -2.23075 105.294 0
      vertex -2.25 105 14
      vertex -2.25 105 0
    endloop
  endfacet
  facet normal 0.947041 -0.321112 0
    outer loop
      vertex -2.17333 105.582 14
      vertex -2.07873 105.861 0
      vertex -2.07873 105.861 14
    endloop
  endfacet
  facet normal 0.947041 -0.321112 0
    outer loop
      vertex -2.07873 105.861 0
      vertex -2.17333 105.582 14
      vertex -2.17333 105.582 0
    endloop
  endfacet
  facet normal -0.980405 -0.196992 0
    outer loop
      vertex -157.769 0.293683 0
      vertex -157.827 0.582342 14
      vertex -157.827 0.582342 0
    endloop
  endfacet
  facet normal -0.980405 -0.196992 0
    outer loop
      vertex -157.827 0.582342 14
      vertex -157.769 0.293683 0
      vertex -157.769 0.293683 14
    endloop
  endfacet
  facet normal -0.997914 -0.0645606 0
    outer loop
      vertex -157.75 0 0
      vertex -157.769 0.293683 14
      vertex -157.769 0.293683 0
    endloop
  endfacet
  facet normal -0.997914 -0.0645606 0
    outer loop
      vertex -157.769 0.293683 14
      vertex -157.75 0 0
      vertex -157.75 0 14
    endloop
  endfacet
  facet normal -0.947554 -0.319597 0
    outer loop
      vertex -157.827 0.582342 0
      vertex -157.921 0.861037 14
      vertex -157.921 0.861037 0
    endloop
  endfacet
  facet normal -0.947554 -0.319597 0
    outer loop
      vertex -157.921 0.861037 14
      vertex -157.827 0.582342 0
      vertex -157.827 0.582342 14
    endloop
  endfacet
  facet normal -0.8307 -0.55672 0
    outer loop
      vertex -158.051 1.125 0
      vertex -158.215 1.36971 14
      vertex -158.215 1.36971 0
    endloop
  endfacet
  facet normal -0.8307 -0.55672 0
    outer loop
      vertex -158.215 1.36971 14
      vertex -158.051 1.125 0
      vertex -158.051 1.125 14
    endloop
  endfacet
  facet normal 0.195527 -0.980698 0
    outer loop
      vertex -160.582 2.17333 0
      vertex -160.294 2.23075 14
      vertex -160.582 2.17333 14
    endloop
  endfacet
  facet normal 0.195527 -0.980698 0
    outer loop
      vertex -160.294 2.23075 14
      vertex -160.582 2.17333 0
      vertex -160.294 2.23075 0
    endloop
  endfacet
  facet normal -0.321112 -0.947041 0
    outer loop
      vertex -159.418 2.17333 0
      vertex -159.139 2.07873 14
      vertex -159.418 2.17333 14
    endloop
  endfacet
  facet normal -0.321112 -0.947041 -0
    outer loop
      vertex -159.139 2.07873 14
      vertex -159.418 2.17333 0
      vertex -159.139 2.07873 0
    endloop
  endfacet
  facet normal -0.195527 -0.980698 0
    outer loop
      vertex -159.706 2.23075 0
      vertex -159.418 2.17333 14
      vertex -159.706 2.23075 14
    endloop
  endfacet
  facet normal -0.195527 -0.980698 -0
    outer loop
      vertex -159.418 2.17333 14
      vertex -159.706 2.23075 0
      vertex -159.418 2.17333 0
    endloop
  endfacet
  facet normal 0.442233 -0.8969 0
    outer loop
      vertex -161.125 1.94856 0
      vertex -160.861 2.07873 14
      vertex -161.125 1.94856 14
    endloop
  endfacet
  facet normal 0.442233 -0.8969 0
    outer loop
      vertex -160.861 2.07873 14
      vertex -161.125 1.94856 0
      vertex -160.861 2.07873 0
    endloop
  endfacet
  facet normal -0.897105 -0.441818 0
    outer loop
      vertex -157.921 0.861037 0
      vertex -158.051 1.125 14
      vertex -158.051 1.125 0
    endloop
  endfacet
  facet normal -0.897105 -0.441818 0
    outer loop
      vertex -158.051 1.125 14
      vertex -157.921 0.861037 0
      vertex -157.921 0.861037 14
    endloop
  endfacet
  facet normal 0.897105 -0.441818 0
    outer loop
      vertex -162.079 0.861037 14
      vertex -161.949 1.125 0
      vertex -161.949 1.125 14
    endloop
  endfacet
  facet normal 0.897105 -0.441818 0
    outer loop
      vertex -161.949 1.125 0
      vertex -162.079 0.861037 14
      vertex -162.079 0.861037 0
    endloop
  endfacet
  facet normal -0.751936 -0.659236 0
    outer loop
      vertex -158.215 1.36971 0
      vertex -158.409 1.59099 14
      vertex -158.409 1.59099 0
    endloop
  endfacet
  facet normal -0.751936 -0.659236 0
    outer loop
      vertex -158.409 1.59099 14
      vertex -158.215 1.36971 0
      vertex -158.215 1.36971 14
    endloop
  endfacet
  facet normal 0.751936 -0.659236 0
    outer loop
      vertex -161.785 1.36971 14
      vertex -161.591 1.59099 0
      vertex -161.591 1.59099 14
    endloop
  endfacet
  facet normal 0.751936 -0.659236 0
    outer loop
      vertex -161.591 1.59099 0
      vertex -161.785 1.36971 14
      vertex -161.785 1.36971 0
    endloop
  endfacet
  facet normal 0.321112 -0.947041 0
    outer loop
      vertex -160.861 2.07873 0
      vertex -160.582 2.17333 14
      vertex -160.861 2.07873 14
    endloop
  endfacet
  facet normal 0.321112 -0.947041 0
    outer loop
      vertex -160.582 2.17333 14
      vertex -160.861 2.07873 0
      vertex -160.582 2.17333 0
    endloop
  endfacet
  facet normal -0.442233 -0.8969 0
    outer loop
      vertex -159.139 2.07873 0
      vertex -158.875 1.94856 14
      vertex -159.139 2.07873 14
    endloop
  endfacet
  facet normal -0.442233 -0.8969 -0
    outer loop
      vertex -158.875 1.94856 14
      vertex -159.139 2.07873 0
      vertex -158.875 1.94856 0
    endloop
  endfacet
  facet normal -0.659804 -0.751438 0
    outer loop
      vertex -158.63 1.78504 0
      vertex -158.409 1.59099 14
      vertex -158.63 1.78504 14
    endloop
  endfacet
  facet normal -0.659804 -0.751438 -0
    outer loop
      vertex -158.409 1.59099 14
      vertex -158.63 1.78504 0
      vertex -158.409 1.59099 0
    endloop
  endfacet
  facet normal -0.555139 -0.831758 0
    outer loop
      vertex -158.875 1.94856 0
      vertex -158.63 1.78504 14
      vertex -158.875 1.94856 14
    endloop
  endfacet
  facet normal -0.555139 -0.831758 -0
    outer loop
      vertex -158.63 1.78504 14
      vertex -158.875 1.94856 0
      vertex -158.63 1.78504 0
    endloop
  endfacet
  facet normal 0.555139 -0.831758 0
    outer loop
      vertex -161.37 1.78504 0
      vertex -161.125 1.94856 14
      vertex -161.37 1.78504 14
    endloop
  endfacet
  facet normal 0.555139 -0.831758 0
    outer loop
      vertex -161.125 1.94856 14
      vertex -161.37 1.78504 0
      vertex -161.125 1.94856 0
    endloop
  endfacet
  facet normal 0.947554 -0.319597 0
    outer loop
      vertex -162.173 0.582342 14
      vertex -162.079 0.861037 0
      vertex -162.079 0.861037 14
    endloop
  endfacet
  facet normal 0.947554 -0.319597 0
    outer loop
      vertex -162.079 0.861037 0
      vertex -162.173 0.582342 14
      vertex -162.173 0.582342 0
    endloop
  endfacet
  facet normal -0.0653363 -0.997863 0
    outer loop
      vertex -160 2.25 0
      vertex -159.706 2.23075 14
      vertex -160 2.25 14
    endloop
  endfacet
  facet normal -0.0653363 -0.997863 -0
    outer loop
      vertex -159.706 2.23075 14
      vertex -160 2.25 0
      vertex -159.706 2.23075 0
    endloop
  endfacet
  facet normal 0.659804 -0.751438 0
    outer loop
      vertex -161.591 1.59099 0
      vertex -161.37 1.78504 14
      vertex -161.591 1.59099 14
    endloop
  endfacet
  facet normal 0.659804 -0.751438 0
    outer loop
      vertex -161.37 1.78504 14
      vertex -161.591 1.59099 0
      vertex -161.37 1.78504 0
    endloop
  endfacet
  facet normal 0.980405 -0.196992 0
    outer loop
      vertex -162.231 0.293683 14
      vertex -162.173 0.582342 0
      vertex -162.173 0.582342 14
    endloop
  endfacet
  facet normal 0.980405 -0.196992 0
    outer loop
      vertex -162.173 0.582342 0
      vertex -162.231 0.293683 14
      vertex -162.231 0.293683 0
    endloop
  endfacet
  facet normal 0.997914 -0.0645606 0
    outer loop
      vertex -162.25 0 14
      vertex -162.231 0.293683 0
      vertex -162.231 0.293683 14
    endloop
  endfacet
  facet normal 0.997914 -0.0645606 0
    outer loop
      vertex -162.231 0.293683 0
      vertex -162.25 0 14
      vertex -162.25 0 0
    endloop
  endfacet
  facet normal 0.0653363 -0.997863 0
    outer loop
      vertex -160.294 2.23075 0
      vertex -160 2.25 14
      vertex -160.294 2.23075 14
    endloop
  endfacet
  facet normal 0.0653363 -0.997863 0
    outer loop
      vertex -160 2.25 14
      vertex -160.294 2.23075 0
      vertex -160 2.25 0
    endloop
  endfacet
  facet normal 0.8307 -0.55672 0
    outer loop
      vertex -161.949 1.125 14
      vertex -161.785 1.36971 0
      vertex -161.785 1.36971 14
    endloop
  endfacet
  facet normal 0.8307 -0.55672 0
    outer loop
      vertex -161.785 1.36971 0
      vertex -161.949 1.125 14
      vertex -161.949 1.125 0
    endloop
  endfacet
  facet normal -0.980732 -0.195359 0
    outer loop
      vertex -67.7692 0.293683 0
      vertex -67.8267 0.582342 14
      vertex -67.8267 0.582342 0
    endloop
  endfacet
  facet normal -0.980732 -0.195359 0
    outer loop
      vertex -67.8267 0.582342 14
      vertex -67.7692 0.293683 0
      vertex -67.7692 0.293683 14
    endloop
  endfacet
  facet normal -0.99787 -0.0652373 0
    outer loop
      vertex -67.75 0 0
      vertex -67.7692 0.293683 14
      vertex -67.7692 0.293683 0
    endloop
  endfacet
  facet normal -0.99787 -0.0652373 0
    outer loop
      vertex -67.7692 0.293683 14
      vertex -67.75 0 0
      vertex -67.75 0 14
    endloop
  endfacet
  facet normal -0.946934 -0.321427 0
    outer loop
      vertex -67.8267 0.582342 0
      vertex -67.9213 0.861037 14
      vertex -67.9213 0.861037 0
    endloop
  endfacet
  facet normal -0.946934 -0.321427 0
    outer loop
      vertex -67.9213 0.861037 14
      vertex -67.8267 0.582342 0
      vertex -67.8267 0.582342 14
    endloop
  endfacet
  facet normal -0.831328 -0.555782 0
    outer loop
      vertex -68.0514 1.125 0
      vertex -68.215 1.36971 14
      vertex -68.215 1.36971 0
    endloop
  endfacet
  facet normal -0.831328 -0.555782 0
    outer loop
      vertex -68.215 1.36971 14
      vertex -68.0514 1.125 0
      vertex -68.0514 1.125 14
    endloop
  endfacet
  facet normal 0.195136 -0.980776 0
    outer loop
      vertex -70.5823 2.17333 0
      vertex -70.2937 2.23075 14
      vertex -70.5823 2.17333 14
    endloop
  endfacet
  facet normal 0.195136 -0.980776 0
    outer loop
      vertex -70.2937 2.23075 14
      vertex -70.5823 2.17333 0
      vertex -70.2937 2.23075 0
    endloop
  endfacet
  facet normal -0.321421 -0.946936 0
    outer loop
      vertex -69.4177 2.17333 0
      vertex -69.139 2.07873 14
      vertex -69.4177 2.17333 14
    endloop
  endfacet
  facet normal -0.321421 -0.946936 -0
    outer loop
      vertex -69.139 2.07873 14
      vertex -69.4177 2.17333 0
      vertex -69.139 2.07873 0
    endloop
  endfacet
  facet normal -0.195136 -0.980776 0
    outer loop
      vertex -69.7063 2.23075 0
      vertex -69.4177 2.17333 14
      vertex -69.7063 2.23075 14
    endloop
  endfacet
  facet normal -0.195136 -0.980776 -0
    outer loop
      vertex -69.4177 2.17333 14
      vertex -69.7063 2.23075 0
      vertex -69.4177 2.17333 0
    endloop
  endfacet
  facet normal 0.442233 -0.8969 0
    outer loop
      vertex -71.125 1.94856 0
      vertex -70.861 2.07873 14
      vertex -71.125 1.94856 14
    endloop
  endfacet
  facet normal 0.442233 -0.8969 0
    outer loop
      vertex -70.861 2.07873 14
      vertex -71.125 1.94856 0
      vertex -70.861 2.07873 0
    endloop
  endfacet
  facet normal -0.89697 -0.442091 0
    outer loop
      vertex -67.9213 0.861037 0
      vertex -68.0514 1.125 14
      vertex -68.0514 1.125 0
    endloop
  endfacet
  facet normal -0.89697 -0.442091 0
    outer loop
      vertex -68.0514 1.125 14
      vertex -67.9213 0.861037 0
      vertex -67.9213 0.861037 14
    endloop
  endfacet
  facet normal 0.89697 -0.442091 0
    outer loop
      vertex -72.0787 0.861037 14
      vertex -71.9486 1.125 0
      vertex -71.9486 1.125 14
    endloop
  endfacet
  facet normal 0.89697 -0.442091 0
    outer loop
      vertex -71.9486 1.125 0
      vertex -72.0787 0.861037 14
      vertex -72.0787 0.861037 0
    endloop
  endfacet
  facet normal -0.751936 -0.659236 0
    outer loop
      vertex -68.215 1.36971 0
      vertex -68.409 1.59099 14
      vertex -68.409 1.59099 0
    endloop
  endfacet
  facet normal -0.751936 -0.659236 0
    outer loop
      vertex -68.409 1.59099 14
      vertex -68.215 1.36971 0
      vertex -68.215 1.36971 14
    endloop
  endfacet
  facet normal 0.751936 -0.659236 0
    outer loop
      vertex -71.785 1.36971 14
      vertex -71.591 1.59099 0
      vertex -71.591 1.59099 14
    endloop
  endfacet
  facet normal 0.751936 -0.659236 0
    outer loop
      vertex -71.591 1.59099 0
      vertex -71.785 1.36971 14
      vertex -71.785 1.36971 0
    endloop
  endfacet
  facet normal 0.321421 -0.946936 0
    outer loop
      vertex -70.861 2.07873 0
      vertex -70.5823 2.17333 14
      vertex -70.861 2.07873 14
    endloop
  endfacet
  facet normal 0.321421 -0.946936 0
    outer loop
      vertex -70.5823 2.17333 14
      vertex -70.861 2.07873 0
      vertex -70.5823 2.17333 0
    endloop
  endfacet
  facet normal -0.442233 -0.8969 0
    outer loop
      vertex -69.139 2.07873 0
      vertex -68.875 1.94856 14
      vertex -69.139 2.07873 14
    endloop
  endfacet
  facet normal -0.442233 -0.8969 -0
    outer loop
      vertex -68.875 1.94856 14
      vertex -69.139 2.07873 0
      vertex -68.875 1.94856 0
    endloop
  endfacet
  facet normal -0.659298 -0.751882 0
    outer loop
      vertex -68.6303 1.78504 0
      vertex -68.409 1.59099 14
      vertex -68.6303 1.78504 14
    endloop
  endfacet
  facet normal -0.659298 -0.751882 -0
    outer loop
      vertex -68.409 1.59099 14
      vertex -68.6303 1.78504 0
      vertex -68.409 1.59099 0
    endloop
  endfacet
  facet normal -0.555609 -0.831443 0
    outer loop
      vertex -68.875 1.94856 0
      vertex -68.6303 1.78504 14
      vertex -68.875 1.94856 14
    endloop
  endfacet
  facet normal -0.555609 -0.831443 -0
    outer loop
      vertex -68.6303 1.78504 14
      vertex -68.875 1.94856 0
      vertex -68.6303 1.78504 0
    endloop
  endfacet
  facet normal 0.555609 -0.831443 0
    outer loop
      vertex -71.3697 1.78504 0
      vertex -71.125 1.94856 14
      vertex -71.3697 1.78504 14
    endloop
  endfacet
  facet normal 0.555609 -0.831443 0
    outer loop
      vertex -71.125 1.94856 14
      vertex -71.3697 1.78504 0
      vertex -71.125 1.94856 0
    endloop
  endfacet
  facet normal 0.946934 -0.321427 0
    outer loop
      vertex -72.1733 0.582342 14
      vertex -72.0787 0.861037 0
      vertex -72.0787 0.861037 14
    endloop
  endfacet
  facet normal 0.946934 -0.321427 0
    outer loop
      vertex -72.0787 0.861037 0
      vertex -72.1733 0.582342 14
      vertex -72.1733 0.582342 0
    endloop
  endfacet
  facet normal -0.0654027 -0.997859 0
    outer loop
      vertex -70 2.25 0
      vertex -69.7063 2.23075 14
      vertex -70 2.25 14
    endloop
  endfacet
  facet normal -0.0654027 -0.997859 -0
    outer loop
      vertex -69.7063 2.23075 14
      vertex -70 2.25 0
      vertex -69.7063 2.23075 0
    endloop
  endfacet
  facet normal 0.659298 -0.751882 0
    outer loop
      vertex -71.591 1.59099 0
      vertex -71.3697 1.78504 14
      vertex -71.591 1.59099 14
    endloop
  endfacet
  facet normal 0.659298 -0.751882 0
    outer loop
      vertex -71.3697 1.78504 14
      vertex -71.591 1.59099 0
      vertex -71.3697 1.78504 0
    endloop
  endfacet
  facet normal 0.980732 -0.195359 0
    outer loop
      vertex -72.2308 0.293683 14
      vertex -72.1733 0.582342 0
      vertex -72.1733 0.582342 14
    endloop
  endfacet
  facet normal 0.980732 -0.195359 0
    outer loop
      vertex -72.1733 0.582342 0
      vertex -72.2308 0.293683 14
      vertex -72.2308 0.293683 0
    endloop
  endfacet
  facet normal 0.99787 -0.0652373 0
    outer loop
      vertex -72.25 0 14
      vertex -72.2308 0.293683 0
      vertex -72.2308 0.293683 14
    endloop
  endfacet
  facet normal 0.99787 -0.0652373 0
    outer loop
      vertex -72.2308 0.293683 0
      vertex -72.25 0 14
      vertex -72.25 0 0
    endloop
  endfacet
  facet normal 0.0654027 -0.997859 0
    outer loop
      vertex -70.2937 2.23075 0
      vertex -70 2.25 14
      vertex -70.2937 2.23075 14
    endloop
  endfacet
  facet normal 0.0654027 -0.997859 0
    outer loop
      vertex -70 2.25 14
      vertex -70.2937 2.23075 0
      vertex -70 2.25 0
    endloop
  endfacet
  facet normal 0.831328 -0.555782 0
    outer loop
      vertex -71.9486 1.125 14
      vertex -71.785 1.36971 0
      vertex -71.785 1.36971 14
    endloop
  endfacet
  facet normal 0.831328 -0.555782 0
    outer loop
      vertex -71.785 1.36971 0
      vertex -71.9486 1.125 14
      vertex -71.9486 1.125 0
    endloop
  endfacet
  facet normal -0.98081 -0.194968 0
    outer loop
      vertex -188.183 197.503 0
      vertex -188.281 197.996 5
      vertex -188.281 197.996 0
    endloop
  endfacet
  facet normal -0.98081 -0.194968 0
    outer loop
      vertex -188.281 197.996 5
      vertex -188.183 197.503 0
      vertex -188.183 197.503 5
    endloop
  endfacet
  facet normal -0.997855 -0.0654656 0
    outer loop
      vertex -188.15 197 0
      vertex -188.183 197.503 5
      vertex -188.183 197.503 0
    endloop
  endfacet
  facet normal -0.997855 -0.0654656 0
    outer loop
      vertex -188.183 197.503 5
      vertex -188.15 197 0
      vertex -188.15 197 5
    endloop
  endfacet
  facet normal 0.751344 0.659911 0
    outer loop
      vertex -194.722 194.278 5
      vertex -195.054 194.656 0
      vertex -195.054 194.656 5
    endloop
  endfacet
  facet normal 0.751344 0.659911 0
    outer loop
      vertex -195.054 194.656 0
      vertex -194.722 194.278 5
      vertex -194.722 194.278 0
    endloop
  endfacet
  facet normal 0.896795 0.442446 0
    outer loop
      vertex -195.334 195.075 5
      vertex -195.557 195.527 0
      vertex -195.557 195.527 5
    endloop
  endfacet
  facet normal 0.896795 0.442446 0
    outer loop
      vertex -195.557 195.527 0
      vertex -195.334 195.075 5
      vertex -195.334 195.075 0
    endloop
  endfacet
  facet normal 0 0 -1
    outer loop
      vertex -188.183 196.497 5
      vertex -188.183 197.503 5
      vertex -188.15 197 5
    endloop
  endfacet
  facet normal 0 0 -1
    outer loop
      vertex -188.281 196.004 5
      vertex -188.183 197.503 5
      vertex -188.183 196.497 5
    endloop
  endfacet
  facet normal 0 0 -1
    outer loop
      vertex -188.281 196.004 5
      vertex -188.281 197.996 5
      vertex -188.183 197.503 5
    endloop
  endfacet
  facet normal 0 0 -1
    outer loop
      vertex -188.443 195.527 5
      vertex -188.281 197.996 5
      vertex -188.281 196.004 5
    endloop
  endfacet
  facet normal 0 0 -1
    outer loop
      vertex -188.443 195.527 5
      vertex -188.443 198.473 5
      vertex -188.281 197.996 5
    endloop
  endfacet
  facet normal 0 0 -1
    outer loop
      vertex -188.666 195.075 5
      vertex -188.443 198.473 5
      vertex -188.443 195.527 5
    endloop
  endfacet
  facet normal 0 0 -1
    outer loop
      vertex -188.666 195.075 5
      vertex -188.666 198.925 5
      vertex -188.443 198.473 5
    endloop
  endfacet
  facet normal 0 0 -1
    outer loop
      vertex -188.946 194.656 5
      vertex -188.666 198.925 5
      vertex -188.666 195.075 5
    endloop
  endfacet
  facet normal 0 0 -1
    outer loop
      vertex -188.946 194.656 5
      vertex -188.946 199.344 5
      vertex -188.666 198.925 5
    endloop
  endfacet
  facet normal 0 0 -1
    outer loop
      vertex -189.278 194.278 5
      vertex -188.946 199.344 5
      vertex -188.946 194.656 5
    endloop
  endfacet
  facet normal 0 0 -1
    outer loop
      vertex -189.278 194.278 5
      vertex -189.278 199.722 5
      vertex -188.946 199.344 5
    endloop
  endfacet
  facet normal 0 0 -1
    outer loop
      vertex -189.656 193.946 5
      vertex -189.278 199.722 5
      vertex -189.278 194.278 5
    endloop
  endfacet
  facet normal 0 0 -1
    outer loop
      vertex -189.656 193.946 5
      vertex -189.656 200.054 5
      vertex -189.278 199.722 5
    endloop
  endfacet
  facet normal 0 0 -1
    outer loop
      vertex -190.075 193.666 5
      vertex -189.656 200.054 5
      vertex -189.656 193.946 5
    endloop
  endfacet
  facet normal 0 0 -1
    outer loop
      vertex -190.075 193.666 5
      vertex -190.075 200.334 5
      vertex -189.656 200.054 5
    endloop
  endfacet
  facet normal 0 0 -1
    outer loop
      vertex -190.527 193.443 5
      vertex -190.075 200.334 5
      vertex -190.075 193.666 5
    endloop
  endfacet
  facet normal 0 0 -1
    outer loop
      vertex -190.527 193.443 5
      vertex -190.527 200.557 5
      vertex -190.075 200.334 5
    endloop
  endfacet
  facet normal 0 0 -1
    outer loop
      vertex -191.004 193.281 5
      vertex -190.527 200.557 5
      vertex -190.527 193.443 5
    endloop
  endfacet
  facet normal 0 0 -1
    outer loop
      vertex -191.004 193.281 5
      vertex -191.004 200.719 5
      vertex -190.527 200.557 5
    endloop
  endfacet
  facet normal 0 0 -1
    outer loop
      vertex -191.497 193.183 5
      vertex -191.004 200.719 5
      vertex -191.004 193.281 5
    endloop
  endfacet
  facet normal 0 0 -1
    outer loop
      vertex -191.497 193.183 5
      vertex -191.497 200.817 5
      vertex -191.004 200.719 5
    endloop
  endfacet
  facet normal 0 0 -1
    outer loop
      vertex -192 193.15 5
      vertex -191.497 200.817 5
      vertex -191.497 193.183 5
    endloop
  endfacet
  facet normal 0 0 -1
    outer loop
      vertex -192 193.15 5
      vertex -192 200.85 5
      vertex -191.497 200.817 5
    endloop
  endfacet
  facet normal 0 0 -1
    outer loop
      vertex -192.503 193.183 5
      vertex -192 200.85 5
      vertex -192 193.15 5
    endloop
  endfacet
  facet normal 0 0 -1
    outer loop
      vertex -192.503 193.183 5
      vertex -192.503 200.817 5
      vertex -192 200.85 5
    endloop
  endfacet
  facet normal 0 0 -1
    outer loop
      vertex -192.996 193.281 5
      vertex -192.503 200.817 5
      vertex -192.503 193.183 5
    endloop
  endfacet
  facet normal 0 0 -1
    outer loop
      vertex -192.996 193.281 5
      vertex -192.996 200.719 5
      vertex -192.503 200.817 5
    endloop
  endfacet
  facet normal 0 0 -1
    outer loop
      vertex -193.473 193.443 5
      vertex -192.996 200.719 5
      vertex -192.996 193.281 5
    endloop
  endfacet
  facet normal 0 0 -1
    outer loop
      vertex -193.473 193.443 5
      vertex -193.473 200.557 5
      vertex -192.996 200.719 5
    endloop
  endfacet
  facet normal 0 0 -1
    outer loop
      vertex -193.925 193.666 5
      vertex -193.473 200.557 5
      vertex -193.473 193.443 5
    endloop
  endfacet
  facet normal 0 0 -1
    outer loop
      vertex -193.925 193.666 5
      vertex -193.925 200.334 5
      vertex -193.473 200.557 5
    endloop
  endfacet
  facet normal 0 0 -1
    outer loop
      vertex -194.344 193.946 5
      vertex -193.925 200.334 5
      vertex -193.925 193.666 5
    endloop
  endfacet
  facet normal 0 0 -1
    outer loop
      vertex -194.344 193.946 5
      vertex -194.344 200.054 5
      vertex -193.925 200.334 5
    endloop
  endfacet
  facet normal 0 0 -1
    outer loop
      vertex -194.722 194.278 5
      vertex -194.344 200.054 5
      vertex -194.344 193.946 5
    endloop
  endfacet
  facet normal 0 0 -1
    outer loop
      vertex -194.722 194.278 5
      vertex -194.722 199.722 5
      vertex -194.344 200.054 5
    endloop
  endfacet
  facet normal 0 0 -1
    outer loop
      vertex -195.054 194.656 5
      vertex -194.722 199.722 5
      vertex -194.722 194.278 5
    endloop
  endfacet
  facet normal 0 0 -1
    outer loop
      vertex -195.054 194.656 5
      vertex -195.054 199.344 5
      vertex -194.722 199.722 5
    endloop
  endfacet
  facet normal 0 0 -1
    outer loop
      vertex -195.334 195.075 5
      vertex -195.054 199.344 5
      vertex -195.054 194.656 5
    endloop
  endfacet
  facet normal 0 0 -1
    outer loop
      vertex -195.334 195.075 5
      vertex -195.334 198.925 5
      vertex -195.054 199.344 5
    endloop
  endfacet
  facet normal 0 0 -1
    outer loop
      vertex -195.557 195.527 5
      vertex -195.334 198.925 5
      vertex -195.334 195.075 5
    endloop
  endfacet
  facet normal 0 0 -1
    outer loop
      vertex -195.557 195.527 5
      vertex -195.557 198.473 5
      vertex -195.334 198.925 5
    endloop
  endfacet
  facet normal 0 0 -1
    outer loop
      vertex -195.719 196.004 5
      vertex -195.557 198.473 5
      vertex -195.557 195.527 5
    endloop
  endfacet
  facet normal 0 0 -1
    outer loop
      vertex -195.719 196.004 5
      vertex -195.719 197.996 5
      vertex -195.557 198.473 5
    endloop
  endfacet
  facet normal 0 0 -1
    outer loop
      vertex -195.817 196.497 5
      vertex -195.719 197.996 5
      vertex -195.719 196.004 5
    endloop
  endfacet
  facet normal 0 0 -1
    outer loop
      vertex -195.817 196.497 5
      vertex -195.817 197.503 5
      vertex -195.719 197.996 5
    endloop
  endfacet
  facet normal 0 -0 -1
    outer loop
      vertex -195.817 197.503 5
      vertex -195.817 196.497 5
      vertex -195.85 197 5
    endloop
  endfacet
  facet normal 0.98081 -0.194968 0
    outer loop
      vertex -195.817 197.503 5
      vertex -195.719 197.996 0
      vertex -195.719 197.996 5
    endloop
  endfacet
  facet normal 0.98081 -0.194968 0
    outer loop
      vertex -195.719 197.996 0
      vertex -195.817 197.503 5
      vertex -195.817 197.503 0
    endloop
  endfacet
  facet normal -0.997855 0.0654656 0
    outer loop
      vertex -188.183 196.497 0
      vertex -188.15 197 5
      vertex -188.15 197 0
    endloop
  endfacet
  facet normal -0.997855 0.0654656 0
    outer loop
      vertex -188.15 197 5
      vertex -188.183 196.497 0
      vertex -188.183 196.497 5
    endloop
  endfacet
  facet normal -0.442446 -0.896795 0
    outer loop
      vertex -190.527 200.557 0
      vertex -190.075 200.334 5
      vertex -190.527 200.557 5
    endloop
  endfacet
  facet normal -0.442446 -0.896795 -0
    outer loop
      vertex -190.075 200.334 5
      vertex -190.527 200.557 0
      vertex -190.075 200.334 0
    endloop
  endfacet
  facet normal -0.831439 0.555616 0
    outer loop
      vertex -188.946 194.656 0
      vertex -188.666 195.075 5
      vertex -188.666 195.075 0
    endloop
  endfacet
  facet normal -0.831439 0.555616 0
    outer loop
      vertex -188.666 195.075 5
      vertex -188.946 194.656 0
      vertex -188.946 194.656 5
    endloop
  endfacet
  facet normal 0.194968 0.98081 -0
    outer loop
      vertex -192.503 193.183 0
      vertex -192.996 193.281 5
      vertex -192.503 193.183 5
    endloop
  endfacet
  facet normal 0.194968 0.98081 0
    outer loop
      vertex -192.996 193.281 5
      vertex -192.503 193.183 0
      vertex -192.996 193.281 0
    endloop
  endfacet
  facet normal 0.321582 -0.946882 0
    outer loop
      vertex -193.473 200.557 0
      vertex -192.996 200.719 5
      vertex -193.473 200.557 5
    endloop
  endfacet
  facet normal 0.321582 -0.946882 0
    outer loop
      vertex -192.996 200.719 5
      vertex -193.473 200.557 0
      vertex -192.996 200.719 0
    endloop
  endfacet
  facet normal -0.896795 0.442446 0
    outer loop
      vertex -188.666 195.075 0
      vertex -188.443 195.527 5
      vertex -188.443 195.527 0
    endloop
  endfacet
  facet normal -0.896795 0.442446 0
    outer loop
      vertex -188.443 195.527 5
      vertex -188.666 195.075 0
      vertex -188.666 195.075 5
    endloop
  endfacet
  facet normal 0.555616 -0.831439 0
    outer loop
      vertex -194.344 200.054 0
      vertex -193.925 200.334 5
      vertex -194.344 200.054 5
    endloop
  endfacet
  facet normal 0.555616 -0.831439 0
    outer loop
      vertex -193.925 200.334 5
      vertex -194.344 200.054 0
      vertex -193.925 200.334 0
    endloop
  endfacet
  facet normal 0.0654656 -0.997855 0
    outer loop
      vertex -192.503 200.817 0
      vertex -192 200.85 5
      vertex -192.503 200.817 5
    endloop
  endfacet
  facet normal 0.0654656 -0.997855 0
    outer loop
      vertex -192 200.85 5
      vertex -192.503 200.817 0
      vertex -192 200.85 0
    endloop
  endfacet
  facet normal -0.0654656 0.997855 0
    outer loop
      vertex -191.497 193.183 0
      vertex -192 193.15 5
      vertex -191.497 193.183 5
    endloop
  endfacet
  facet normal -0.0654656 0.997855 0
    outer loop
      vertex -192 193.15 5
      vertex -191.497 193.183 0
      vertex -192 193.15 0
    endloop
  endfacet
  facet normal 0.98081 0.194968 0
    outer loop
      vertex -195.719 196.004 5
      vertex -195.817 196.497 0
      vertex -195.817 196.497 5
    endloop
  endfacet
  facet normal 0.98081 0.194968 0
    outer loop
      vertex -195.817 196.497 0
      vertex -195.719 196.004 5
      vertex -195.719 196.004 0
    endloop
  endfacet
  facet normal -0.321582 -0.946882 0
    outer loop
      vertex -191.004 200.719 0
      vertex -190.527 200.557 5
      vertex -191.004 200.719 5
    endloop
  endfacet
  facet normal -0.321582 -0.946882 -0
    outer loop
      vertex -190.527 200.557 5
      vertex -191.004 200.719 0
      vertex -190.527 200.557 0
    endloop
  endfacet
  facet normal -0.946882 0.321582 0
    outer loop
      vertex -188.443 195.527 0
      vertex -188.281 196.004 5
      vertex -188.281 196.004 0
    endloop
  endfacet
  facet normal -0.946882 0.321582 0
    outer loop
      vertex -188.281 196.004 5
      vertex -188.443 195.527 0
      vertex -188.443 195.527 5
    endloop
  endfacet
  facet normal 0.997855 0.0654656 0
    outer loop
      vertex -195.817 196.497 5
      vertex -195.85 197 0
      vertex -195.85 197 5
    endloop
  endfacet
  facet normal 0.997855 0.0654656 0
    outer loop
      vertex -195.85 197 0
      vertex -195.817 196.497 5
      vertex -195.817 196.497 0
    endloop
  endfacet
  facet normal 0.946882 -0.321582 0
    outer loop
      vertex -195.719 197.996 5
      vertex -195.557 198.473 0
      vertex -195.557 198.473 5
    endloop
  endfacet
  facet normal 0.946882 -0.321582 0
    outer loop
      vertex -195.557 198.473 0
      vertex -195.719 197.996 5
      vertex -195.719 197.996 0
    endloop
  endfacet
  facet normal -0.831439 -0.555616 0
    outer loop
      vertex -188.666 198.925 0
      vertex -188.946 199.344 5
      vertex -188.946 199.344 0
    endloop
  endfacet
  facet normal -0.831439 -0.555616 0
    outer loop
      vertex -188.946 199.344 5
      vertex -188.666 198.925 0
      vertex -188.666 198.925 5
    endloop
  endfacet
  facet normal 0.659911 -0.751344 0
    outer loop
      vertex -194.722 199.722 0
      vertex -194.344 200.054 5
      vertex -194.722 199.722 5
    endloop
  endfacet
  facet normal 0.659911 -0.751344 0
    outer loop
      vertex -194.344 200.054 5
      vertex -194.722 199.722 0
      vertex -194.344 200.054 0
    endloop
  endfacet
  facet normal -0.194968 0.98081 0
    outer loop
      vertex -191.004 193.281 0
      vertex -191.497 193.183 5
      vertex -191.004 193.281 5
    endloop
  endfacet
  facet normal -0.194968 0.98081 0
    outer loop
      vertex -191.497 193.183 5
      vertex -191.004 193.281 0
      vertex -191.497 193.183 0
    endloop
  endfacet
  facet normal -0.659911 0.751344 0
    outer loop
      vertex -189.278 194.278 0
      vertex -189.656 193.946 5
      vertex -189.278 194.278 5
    endloop
  endfacet
  facet normal -0.659911 0.751344 0
    outer loop
      vertex -189.656 193.946 5
      vertex -189.278 194.278 0
      vertex -189.656 193.946 0
    endloop
  endfacet
  facet normal 0.997855 -0.0654656 0
    outer loop
      vertex -195.85 197 5
      vertex -195.817 197.503 0
      vertex -195.817 197.503 5
    endloop
  endfacet
  facet normal 0.997855 -0.0654656 0
    outer loop
      vertex -195.817 197.503 0
      vertex -195.85 197 5
      vertex -195.85 197 0
    endloop
  endfacet
  facet normal -0.659911 -0.751344 0
    outer loop
      vertex -189.656 200.054 0
      vertex -189.278 199.722 5
      vertex -189.656 200.054 5
    endloop
  endfacet
  facet normal -0.659911 -0.751344 -0
    outer loop
      vertex -189.278 199.722 5
      vertex -189.656 200.054 0
      vertex -189.278 199.722 0
    endloop
  endfacet
  facet normal 0.946882 0.321582 0
    outer loop
      vertex -195.557 195.527 5
      vertex -195.719 196.004 0
      vertex -195.719 196.004 5
    endloop
  endfacet
  facet normal 0.946882 0.321582 0
    outer loop
      vertex -195.719 196.004 0
      vertex -195.557 195.527 5
      vertex -195.557 195.527 0
    endloop
  endfacet
  facet normal -0.555616 -0.831439 0
    outer loop
      vertex -190.075 200.334 0
      vertex -189.656 200.054 5
      vertex -190.075 200.334 5
    endloop
  endfacet
  facet normal -0.555616 -0.831439 -0
    outer loop
      vertex -189.656 200.054 5
      vertex -190.075 200.334 0
      vertex -189.656 200.054 0
    endloop
  endfacet
  facet normal 0.0654656 0.997855 -0
    outer loop
      vertex -192 193.15 0
      vertex -192.503 193.183 5
      vertex -192 193.15 5
    endloop
  endfacet
  facet normal 0.0654656 0.997855 0
    outer loop
      vertex -192.503 193.183 5
      vertex -192 193.15 0
      vertex -192.503 193.183 0
    endloop
  endfacet
  facet normal -0.751344 -0.659911 0
    outer loop
      vertex -188.946 199.344 0
      vertex -189.278 199.722 5
      vertex -189.278 199.722 0
    endloop
  endfacet
  facet normal -0.751344 -0.659911 0
    outer loop
      vertex -189.278 199.722 5
      vertex -188.946 199.344 0
      vertex -188.946 199.344 5
    endloop
  endfacet
  facet normal 0.194968 -0.98081 0
    outer loop
      vertex -192.996 200.719 0
      vertex -192.503 200.817 5
      vertex -192.996 200.719 5
    endloop
  endfacet
  facet normal 0.194968 -0.98081 0
    outer loop
      vertex -192.503 200.817 5
      vertex -192.996 200.719 0
      vertex -192.503 200.817 0
    endloop
  endfacet
  facet normal -0.896795 -0.442446 0
    outer loop
      vertex -188.443 198.473 0
      vertex -188.666 198.925 5
      vertex -188.666 198.925 0
    endloop
  endfacet
  facet normal -0.896795 -0.442446 0
    outer loop
      vertex -188.666 198.925 5
      vertex -188.443 198.473 0
      vertex -188.443 198.473 5
    endloop
  endfacet
  facet normal 0.831439 0.555616 0
    outer loop
      vertex -195.054 194.656 5
      vertex -195.334 195.075 0
      vertex -195.334 195.075 5
    endloop
  endfacet
  facet normal 0.831439 0.555616 0
    outer loop
      vertex -195.334 195.075 0
      vertex -195.054 194.656 5
      vertex -195.054 194.656 0
    endloop
  endfacet
  facet normal -0.98081 0.194968 0
    outer loop
      vertex -188.281 196.004 0
      vertex -188.183 196.497 5
      vertex -188.183 196.497 0
    endloop
  endfacet
  facet normal -0.98081 0.194968 0
    outer loop
      vertex -188.183 196.497 5
      vertex -188.281 196.004 0
      vertex -188.281 196.004 5
    endloop
  endfacet
  facet normal 0.442446 0.896795 -0
    outer loop
      vertex -193.473 193.443 0
      vertex -193.925 193.666 5
      vertex -193.473 193.443 5
    endloop
  endfacet
  facet normal 0.442446 0.896795 0
    outer loop
      vertex -193.925 193.666 5
      vertex -193.473 193.443 0
      vertex -193.925 193.666 0
    endloop
  endfacet
  facet normal -0.194968 -0.98081 0
    outer loop
      vertex -191.497 200.817 0
      vertex -191.004 200.719 5
      vertex -191.497 200.817 5
    endloop
  endfacet
  facet normal -0.194968 -0.98081 -0
    outer loop
      vertex -191.004 200.719 5
      vertex -191.497 200.817 0
      vertex -191.004 200.719 0
    endloop
  endfacet
  facet normal -0.555616 0.831439 0
    outer loop
      vertex -189.656 193.946 0
      vertex -190.075 193.666 5
      vertex -189.656 193.946 5
    endloop
  endfacet
  facet normal -0.555616 0.831439 0
    outer loop
      vertex -190.075 193.666 5
      vertex -189.656 193.946 0
      vertex -190.075 193.666 0
    endloop
  endfacet
  facet normal 0.321582 0.946882 -0
    outer loop
      vertex -192.996 193.281 0
      vertex -193.473 193.443 5
      vertex -192.996 193.281 5
    endloop
  endfacet
  facet normal 0.321582 0.946882 0
    outer loop
      vertex -193.473 193.443 5
      vertex -192.996 193.281 0
      vertex -193.473 193.443 0
    endloop
  endfacet
  facet normal 0.831439 -0.555616 0
    outer loop
      vertex -195.334 198.925 5
      vertex -195.054 199.344 0
      vertex -195.054 199.344 5
    endloop
  endfacet
  facet normal 0.831439 -0.555616 0
    outer loop
      vertex -195.054 199.344 0
      vertex -195.334 198.925 5
      vertex -195.334 198.925 0
    endloop
  endfacet
  facet normal -0.0654656 -0.997855 0
    outer loop
      vertex -192 200.85 0
      vertex -191.497 200.817 5
      vertex -192 200.85 5
    endloop
  endfacet
  facet normal -0.0654656 -0.997855 -0
    outer loop
      vertex -191.497 200.817 5
      vertex -192 200.85 0
      vertex -191.497 200.817 0
    endloop
  endfacet
  facet normal -0.946882 -0.321582 0
    outer loop
      vertex -188.281 197.996 0
      vertex -188.443 198.473 5
      vertex -188.443 198.473 0
    endloop
  endfacet
  facet normal -0.946882 -0.321582 0
    outer loop
      vertex -188.443 198.473 5
      vertex -188.281 197.996 0
      vertex -188.281 197.996 5
    endloop
  endfacet
  facet normal 0.442446 -0.896795 0
    outer loop
      vertex -193.925 200.334 0
      vertex -193.473 200.557 5
      vertex -193.925 200.334 5
    endloop
  endfacet
  facet normal 0.442446 -0.896795 0
    outer loop
      vertex -193.473 200.557 5
      vertex -193.925 200.334 0
      vertex -193.473 200.557 0
    endloop
  endfacet
  facet normal 0.659911 0.751344 -0
    outer loop
      vertex -194.344 193.946 0
      vertex -194.722 194.278 5
      vertex -194.344 193.946 5
    endloop
  endfacet
  facet normal 0.659911 0.751344 0
    outer loop
      vertex -194.722 194.278 5
      vertex -194.344 193.946 0
      vertex -194.722 194.278 0
    endloop
  endfacet
  facet normal -0.442446 0.896795 0
    outer loop
      vertex -190.075 193.666 0
      vertex -190.527 193.443 5
      vertex -190.075 193.666 5
    endloop
  endfacet
  facet normal -0.442446 0.896795 0
    outer loop
      vertex -190.527 193.443 5
      vertex -190.075 193.666 0
      vertex -190.527 193.443 0
    endloop
  endfacet
  facet normal -0.321582 0.946882 0
    outer loop
      vertex -190.527 193.443 0
      vertex -191.004 193.281 5
      vertex -190.527 193.443 5
    endloop
  endfacet
  facet normal -0.321582 0.946882 0
    outer loop
      vertex -191.004 193.281 5
      vertex -190.527 193.443 0
      vertex -191.004 193.281 0
    endloop
  endfacet
  facet normal 0.751344 -0.659911 0
    outer loop
      vertex -195.054 199.344 5
      vertex -194.722 199.722 0
      vertex -194.722 199.722 5
    endloop
  endfacet
  facet normal 0.751344 -0.659911 0
    outer loop
      vertex -194.722 199.722 0
      vertex -195.054 199.344 5
      vertex -195.054 199.344 0
    endloop
  endfacet
  facet normal -0.751344 0.659911 0
    outer loop
      vertex -189.278 194.278 0
      vertex -188.946 194.656 5
      vertex -188.946 194.656 0
    endloop
  endfacet
  facet normal -0.751344 0.659911 0
    outer loop
      vertex -188.946 194.656 5
      vertex -189.278 194.278 0
      vertex -189.278 194.278 5
    endloop
  endfacet
  facet normal 0.896795 -0.442446 0
    outer loop
      vertex -195.557 198.473 5
      vertex -195.334 198.925 0
      vertex -195.334 198.925 5
    endloop
  endfacet
  facet normal 0.896795 -0.442446 0
    outer loop
      vertex -195.334 198.925 0
      vertex -195.557 198.473 5
      vertex -195.557 198.473 0
    endloop
  endfacet
  facet normal 0.555616 0.831439 -0
    outer loop
      vertex -193.925 193.666 0
      vertex -194.344 193.946 5
      vertex -193.925 193.666 5
    endloop
  endfacet
  facet normal 0.555616 0.831439 0
    outer loop
      vertex -194.344 193.946 5
      vertex -193.925 193.666 0
      vertex -194.344 193.946 0
    endloop
  endfacet
  facet normal 0.980764 0.195197 0
    outer loop
      vertex -19.8637 213.965 6
      vertex -19.9658 214.478 0
      vertex -19.9658 214.478 6
    endloop
  endfacet
  facet normal 0.980764 0.195197 0
    outer loop
      vertex -19.9658 214.478 0
      vertex -19.8637 213.965 6
      vertex -19.8637 213.965 0
    endloop
  endfacet
  facet normal 0.75151 0.659722 0
    outer loop
      vertex -18.8284 212.172 6
      vertex -19.1734 212.565 0
      vertex -19.1734 212.565 6
    endloop
  endfacet
  facet normal 0.75151 0.659722 0
    outer loop
      vertex -19.1734 212.565 0
      vertex -18.8284 212.172 6
      vertex -18.8284 212.172 0
    endloop
  endfacet
  facet normal 0.997861 0.0653771 0
    outer loop
      vertex -19.9658 214.478 6
      vertex -20 215 0
      vertex -20 215 6
    endloop
  endfacet
  facet normal 0.997861 0.0653771 0
    outer loop
      vertex -20 215 0
      vertex -19.9658 214.478 6
      vertex -19.9658 214.478 0
    endloop
  endfacet
  facet normal 1 -0 0
    outer loop
      vertex -20 215 6
      vertex -20 221 0
      vertex -20 221 6
    endloop
  endfacet
  facet normal 1 0 0
    outer loop
      vertex -20 221 0
      vertex -20 215 6
      vertex -20 215 0
    endloop
  endfacet
  facet normal 0.997861 -0.0653771 0
    outer loop
      vertex -20 221 6
      vertex -19.9658 221.522 0
      vertex -19.9658 221.522 6
    endloop
  endfacet
  facet normal 0.997861 -0.0653771 0
    outer loop
      vertex -19.9658 221.522 0
      vertex -20 221 6
      vertex -20 221 0
    endloop
  endfacet
  facet normal 0.659343 0.751842 -0
    outer loop
      vertex -18.435 211.827 0
      vertex -18.8284 212.172 6
      vertex -18.435 211.827 6
    endloop
  endfacet
  facet normal 0.659343 0.751842 0
    outer loop
      vertex -18.8284 212.172 6
      vertex -18.435 211.827 0
      vertex -18.8284 212.172 0
    endloop
  endfacet
  facet normal 0 1 -0
    outer loop
      vertex 0 211 0
      vertex -16 211 6
      vertex 0 211 6
    endloop
  endfacet
  facet normal 0 1 0
    outer loop
      vertex -16 211 6
      vertex 0 211 0
      vertex -16 211 0
    endloop
  endfacet
  facet normal 0.556022 0.831167 -0
    outer loop
      vertex -18 211.536 0
      vertex -18.435 211.827 6
      vertex -18 211.536 6
    endloop
  endfacet
  facet normal 0.556022 0.831167 0
    outer loop
      vertex -18.435 211.827 6
      vertex -18 211.536 0
      vertex -18.435 211.827 0
    endloop
  endfacet
  facet normal 0.064984 0.997886 -0
    outer loop
      vertex -16 211 0
      vertex -16.5221 211.034 6
      vertex -16 211 6
    endloop
  endfacet
  facet normal 0.064984 0.997886 0
    outer loop
      vertex -16.5221 211.034 6
      vertex -16 211 0
      vertex -16.5221 211.034 0
    endloop
  endfacet
  facet normal 0.659343 -0.751842 0
    outer loop
      vertex -18.8284 223.828 0
      vertex -18.435 224.173 6
      vertex -18.8284 223.828 6
    endloop
  endfacet
  facet normal 0.659343 -0.751842 0
    outer loop
      vertex -18.435 224.173 6
      vertex -18.8284 223.828 0
      vertex -18.435 224.173 0
    endloop
  endfacet
  facet normal 0.896786 -0.442465 0
    outer loop
      vertex -19.6955 222.531 6
      vertex -19.4641 223 0
      vertex -19.4641 223 6
    endloop
  endfacet
  facet normal 0.896786 -0.442465 0
    outer loop
      vertex -19.4641 223 0
      vertex -19.6955 222.531 6
      vertex -19.6955 222.531 0
    endloop
  endfacet
  facet normal 0.896786 0.442465 0
    outer loop
      vertex -19.4641 213 6
      vertex -19.6955 213.469 0
      vertex -19.6955 213.469 6
    endloop
  endfacet
  facet normal 0.896786 0.442465 0
    outer loop
      vertex -19.6955 213.469 0
      vertex -19.4641 213 6
      vertex -19.4641 213 0
    endloop
  endfacet
  facet normal 0.947028 -0.32115 0
    outer loop
      vertex -19.8637 222.035 6
      vertex -19.6955 222.531 0
      vertex -19.6955 222.531 6
    endloop
  endfacet
  facet normal 0.947028 -0.32115 0
    outer loop
      vertex -19.6955 222.531 0
      vertex -19.8637 222.035 6
      vertex -19.8637 222.035 0
    endloop
  endfacet
  facet normal 0.19494 -0.980815 0
    outer loop
      vertex -17.0353 224.864 0
      vertex -16.5221 224.966 6
      vertex -17.0353 224.864 6
    endloop
  endfacet
  facet normal 0.19494 -0.980815 0
    outer loop
      vertex -16.5221 224.966 6
      vertex -17.0353 224.864 0
      vertex -16.5221 224.966 0
    endloop
  endfacet
  facet normal 0.443159 -0.896443 0
    outer loop
      vertex -18 224.464 0
      vertex -17.5307 224.696 6
      vertex -18 224.464 6
    endloop
  endfacet
  facet normal 0.443159 -0.896443 0
    outer loop
      vertex -17.5307 224.696 6
      vertex -18 224.464 0
      vertex -17.5307 224.696 0
    endloop
  endfacet
  facet normal 0.321156 -0.947026 0
    outer loop
      vertex -17.5307 224.696 0
      vertex -17.0353 224.864 6
      vertex -17.5307 224.696 6
    endloop
  endfacet
  facet normal 0.321156 -0.947026 0
    outer loop
      vertex -17.0353 224.864 6
      vertex -17.5307 224.696 0
      vertex -17.0353 224.864 0
    endloop
  endfacet
  facet normal 0.980764 -0.195197 0
    outer loop
      vertex -19.9658 221.522 6
      vertex -19.8637 222.035 0
      vertex -19.8637 222.035 6
    endloop
  endfacet
  facet normal 0.980764 -0.195197 0
    outer loop
      vertex -19.8637 222.035 0
      vertex -19.9658 221.522 6
      vertex -19.9658 221.522 0
    endloop
  endfacet
  facet normal 0.443159 0.896443 -0
    outer loop
      vertex -17.5307 211.304 0
      vertex -18 211.536 6
      vertex -17.5307 211.304 6
    endloop
  endfacet
  facet normal 0.443159 0.896443 0
    outer loop
      vertex -18 211.536 6
      vertex -17.5307 211.304 0
      vertex -18 211.536 0
    endloop
  endfacet
  facet normal 0.831432 -0.555626 0
    outer loop
      vertex -19.4641 223 6
      vertex -19.1734 223.435 0
      vertex -19.1734 223.435 6
    endloop
  endfacet
  facet normal 0.831432 -0.555626 0
    outer loop
      vertex -19.1734 223.435 0
      vertex -19.4641 223 6
      vertex -19.4641 223 0
    endloop
  endfacet
  facet normal 0.064984 -0.997886 0
    outer loop
      vertex -16.5221 224.966 0
      vertex -16 225 6
      vertex -16.5221 224.966 6
    endloop
  endfacet
  facet normal 0.064984 -0.997886 0
    outer loop
      vertex -16 225 6
      vertex -16.5221 224.966 0
      vertex -16 225 0
    endloop
  endfacet
  facet normal 0.556022 -0.831167 0
    outer loop
      vertex -18.435 224.173 0
      vertex -18 224.464 6
      vertex -18.435 224.173 6
    endloop
  endfacet
  facet normal 0.556022 -0.831167 0
    outer loop
      vertex -18 224.464 6
      vertex -18.435 224.173 0
      vertex -18 224.464 0
    endloop
  endfacet
  facet normal 0.75151 -0.659722 0
    outer loop
      vertex -19.1734 223.435 6
      vertex -18.8284 223.828 0
      vertex -18.8284 223.828 6
    endloop
  endfacet
  facet normal 0.75151 -0.659722 0
    outer loop
      vertex -18.8284 223.828 0
      vertex -19.1734 223.435 6
      vertex -19.1734 223.435 0
    endloop
  endfacet
  facet normal 0.831432 0.555626 0
    outer loop
      vertex -19.1734 212.565 6
      vertex -19.4641 213 0
      vertex -19.4641 213 6
    endloop
  endfacet
  facet normal 0.831432 0.555626 0
    outer loop
      vertex -19.4641 213 0
      vertex -19.1734 212.565 6
      vertex -19.1734 212.565 0
    endloop
  endfacet
  facet normal 0.321156 0.947026 -0
    outer loop
      vertex -17.0353 211.136 0
      vertex -17.5307 211.304 6
      vertex -17.0353 211.136 6
    endloop
  endfacet
  facet normal 0.321156 0.947026 0
    outer loop
      vertex -17.5307 211.304 6
      vertex -17.0353 211.136 0
      vertex -17.5307 211.304 0
    endloop
  endfacet
  facet normal 0.19494 0.980815 -0
    outer loop
      vertex -16.5221 211.034 0
      vertex -17.0353 211.136 6
      vertex -16.5221 211.034 6
    endloop
  endfacet
  facet normal 0.19494 0.980815 0
    outer loop
      vertex -17.0353 211.136 6
      vertex -16.5221 211.034 0
      vertex -17.0353 211.136 0
    endloop
  endfacet
  facet normal 0.947028 0.32115 0
    outer loop
      vertex -19.6955 213.469 6
      vertex -19.8637 213.965 0
      vertex -19.8637 213.965 6
    endloop
  endfacet
  facet normal 0.947028 0.32115 0
    outer loop
      vertex -19.8637 213.965 0
      vertex -19.6955 213.469 6
      vertex -19.6955 213.469 0
    endloop
  endfacet
  facet normal 1 0 0
    outer loop
      vertex 0 24 14
      vertex 0 17.25 14
      vertex 0 24 6
    endloop
  endfacet
  facet normal 1 0 0
    outer loop
      vertex 0 96 6
      vertex 0 100.864 14
      vertex 0 96 14
    endloop
  endfacet
  facet normal 1 0 0
    outer loop
      vertex 0 100.864 14
      vertex 0 96 6
      vertex 0 100.864 0
    endloop
  endfacet
  facet normal 1 -0 0
    outer loop
      vertex 0 24 6
      vertex 0 100.864 0
      vertex 0 96 6
    endloop
  endfacet
  facet normal 1 0 0
    outer loop
      vertex 0 24 6
      vertex 0 17.25 0
      vertex 0 100.864 0
    endloop
  endfacet
  facet normal 1 0 0
    outer loop
      vertex 0 17.25 0
      vertex 0 24 6
      vertex 0 17.25 14
    endloop
  endfacet
  facet normal 1 0 0
    outer loop
      vertex 0 6 6
      vertex 0 12.75 14
      vertex 0 6 14
    endloop
  endfacet
  facet normal 1 0 0
    outer loop
      vertex 0 12.75 14
      vertex 0 6 6
      vertex 0 12.75 0
    endloop
  endfacet
  facet normal 1 0 0
    outer loop
      vertex 0 0 0
      vertex 0 6 6
      vertex 0 0 6
    endloop
  endfacet
  facet normal 1 0 0
    outer loop
      vertex 0 6 6
      vertex 0 0 0
      vertex 0 12.75 0
    endloop
  endfacet
  facet normal 1 0 0
    outer loop
      vertex 0 114 14
      vertex 0 109.136 14
      vertex 0 114 6
    endloop
  endfacet
  facet normal 1 -0 0
    outer loop
      vertex 0 114 6
      vertex 0 211 0
      vertex 0 211 6
    endloop
  endfacet
  facet normal 1 0 0
    outer loop
      vertex 0 114 6
      vertex 0 109.136 0
      vertex 0 211 0
    endloop
  endfacet
  facet normal 1 0 0
    outer loop
      vertex 0 109.136 0
      vertex 0 114 6
      vertex 0 109.136 14
    endloop
  endfacet
  facet normal 0 -1 0
    outer loop
      vertex -157.75 0 14
      vertex -151 0 6
      vertex -151 0 14
    endloop
  endfacet
  facet normal 0 -1 -0
    outer loop
      vertex -151 0 6
      vertex -157.75 0 0
      vertex -79 0 6
    endloop
  endfacet
  facet normal 0 -1 0
    outer loop
      vertex -157.75 0 0
      vertex -151 0 6
      vertex -157.75 0 14
    endloop
  endfacet
  facet normal 0 -1 0
    outer loop
      vertex -79 0 6
      vertex -72.25 0 14
      vertex -79 0 14
    endloop
  endfacet
  facet normal 0 -1 0
    outer loop
      vertex -79 0 6
      vertex -72.25 0 0
      vertex -72.25 0 14
    endloop
  endfacet
  facet normal 0 -1 0
    outer loop
      vertex -72.25 0 0
      vertex -79 0 6
      vertex -157.75 0 0
    endloop
  endfacet
  facet normal 0 -1 0
    outer loop
      vertex -220 0 6
      vertex -220 0 0
      vertex -169 0 6
    endloop
  endfacet
  facet normal 0 -1 0
    outer loop
      vertex -169 0 6
      vertex -162.25 0 14
      vertex -169 0 14
    endloop
  endfacet
  facet normal 0 -1 0
    outer loop
      vertex -169 0 6
      vertex -162.25 0 0
      vertex -162.25 0 14
    endloop
  endfacet
  facet normal 0 -1 0
    outer loop
      vertex -162.25 0 0
      vertex -169 0 6
      vertex -220 0 0
    endloop
  endfacet
  facet normal 0 -1 0
    outer loop
      vertex -67.75 0 14
      vertex -61 0 6
      vertex -61 0 14
    endloop
  endfacet
  facet normal 0 -1 0
    outer loop
      vertex -67.75 0 0
      vertex -61 0 6
      vertex -67.75 0 14
    endloop
  endfacet
  facet normal 0 -1 0
    outer loop
      vertex 0 0 0
      vertex -61 0 6
      vertex -67.75 0 0
    endloop
  endfacet
  facet normal 0 -1 0
    outer loop
      vertex -61 0 6
      vertex 0 0 0
      vertex 0 0 6
    endloop
  endfacet
  facet normal 0 0 -1
    outer loop
      vertex -137.779 154.118 0.799999
      vertex -142.363 157.075 0.799999
      vertex -137.779 157.075 0.799999
    endloop
  endfacet
  facet normal 0 0 -1
    outer loop
      vertex -142.851 154.118 0.799999
      vertex -142.363 157.075 0.799999
      vertex -137.779 154.118 0.799999
    endloop
  endfacet
  facet normal -0 0 -1
    outer loop
      vertex -142.363 157.075 0.799999
      vertex -142.851 154.118 0.799999
      vertex -142.829 157.087 0.799999
    endloop
  endfacet
  facet normal 0 0 -1
    outer loop
      vertex -142.851 154.118 0.799999
      vertex -143.256 157.123 0.799999
      vertex -142.829 157.087 0.799999
    endloop
  endfacet
  facet normal 0 0 -1
    outer loop
      vertex -143.873 154.063 0.799999
      vertex -143.256 157.123 0.799999
      vertex -142.851 154.118 0.799999
    endloop
  endfacet
  facet normal -0 0 -1
    outer loop
      vertex -143.256 157.123 0.799999
      vertex -143.873 154.063 0.799999
      vertex -143.646 157.183 0.799999
    endloop
  endfacet
  facet normal 0 0 -1
    outer loop
      vertex -143.873 154.063 0.799999
      vertex -143.997 157.267 0.799999
      vertex -143.646 157.183 0.799999
    endloop
  endfacet
  facet normal 0 0 -1
    outer loop
      vertex -145.971 155.719 0.799999
      vertex -143.997 157.267 0.799999
      vertex -143.873 154.063 0.799999
    endloop
  endfacet
  facet normal -0 0 -1
    outer loop
      vertex -143.997 157.267 0.799999
      vertex -145.971 155.719 0.799999
      vertex -144.311 157.376 0.799999
    endloop
  endfacet
  facet normal 0 0 -1
    outer loop
      vertex -145.971 155.719 0.799999
      vertex -143.873 154.063 0.799999
      vertex -144.738 153.899 0.799999
    endloop
  endfacet
  facet normal -0 0 -1
    outer loop
      vertex -144.311 157.376 0.799999
      vertex -145.971 155.719 0.799999
      vertex -144.587 157.508 0.799999
    endloop
  endfacet
  facet normal -0 0 -1
    outer loop
      vertex -144.587 157.508 0.799999
      vertex -145.971 155.719 0.799999
      vertex -144.825 157.665 0.799999
    endloop
  endfacet
  facet normal -0 0 -1
    outer loop
      vertex -144.825 157.665 0.799999
      vertex -145.971 155.719 0.799999
      vertex -145.028 157.845 0.799999
    endloop
  endfacet
  facet normal 0 0 -1
    outer loop
      vertex -146.478 155.846 0.799999
      vertex -145.028 157.845 0.799999
      vertex -145.971 155.719 0.799999
    endloop
  endfacet
  facet normal 0 0 -1
    outer loop
      vertex -145.971 155.719 0.799999
      vertex -144.738 153.899 0.799999
      vertex -145.445 153.625 0.799999
    endloop
  endfacet
  facet normal -0 0 -1
    outer loop
      vertex -145.028 157.845 0.799999
      vertex -146.478 155.846 0.799999
      vertex -145.2 158.05 0.799999
    endloop
  endfacet
  facet normal 0 0 -1
    outer loop
      vertex -146.948 156.003 0.799999
      vertex -145.2 158.05 0.799999
      vertex -146.478 155.846 0.799999
    endloop
  endfacet
  facet normal -0 0 -1
    outer loop
      vertex -145.2 158.05 0.799999
      vertex -146.948 156.003 0.799999
      vertex -145.341 158.279 0.799999
    endloop
  endfacet
  facet normal 0 0 -1
    outer loop
      vertex -147.379 156.189 0.799999
      vertex -145.341 158.279 0.799999
      vertex -146.948 156.003 0.799999
    endloop
  endfacet
  facet normal 0 0 -1
    outer loop
      vertex -147.771 156.405 0.799999
      vertex -145.341 158.279 0.799999
      vertex -147.379 156.189 0.799999
    endloop
  endfacet
  facet normal -0 0 -1
    outer loop
      vertex -145.341 158.279 0.799999
      vertex -147.771 156.405 0.799999
      vertex -145.45 158.532 0.799999
    endloop
  endfacet
  facet normal 0 0 -1
    outer loop
      vertex -146.611 155.622 0.799999
      vertex -145.445 153.625 0.799999
      vertex -145.996 153.241 0.799999
    endloop
  endfacet
  facet normal 0 0 -1
    outer loop
      vertex -147.756 155.318 0.799999
      vertex -145.996 153.241 0.799999
      vertex -146.389 152.748 0.799999
    endloop
  endfacet
  facet normal 0 0 -1
    outer loop
      vertex -145.445 153.625 0.799999
      vertex -146.611 155.622 0.799999
      vertex -145.971 155.719 0.799999
    endloop
  endfacet
  facet normal 0 0 -1
    outer loop
      vertex -149.134 154.581 0.799999
      vertex -146.389 152.748 0.799999
      vertex -146.625 152.145 0.799999
    endloop
  endfacet
  facet normal 0 0 -1
    outer loop
      vertex -150.495 152.654 0.799999
      vertex -146.625 152.145 0.799999
      vertex -146.703 151.433 0.799999
    endloop
  endfacet
  facet normal 0 0 -1
    outer loop
      vertex -145.996 153.241 0.799999
      vertex -147.206 155.489 0.799999
      vertex -146.611 155.622 0.799999
    endloop
  endfacet
  facet normal 0 0 -1
    outer loop
      vertex -149.721 148.003 0.799999
      vertex -146.413 150.064 0.799999
      vertex -149.283 147.524 0.799999
    endloop
  endfacet
  facet normal 0 0 -1
    outer loop
      vertex -150.08 148.53 0.799999
      vertex -146.413 150.064 0.799999
      vertex -149.721 148.003 0.799999
    endloop
  endfacet
  facet normal -0 0 -1
    outer loop
      vertex -146.413 150.064 0.799999
      vertex -150.08 148.53 0.799999
      vertex -146.54 150.364 0.799999
    endloop
  endfacet
  facet normal 0 0 -1
    outer loop
      vertex -150.359 149.106 0.799999
      vertex -146.54 150.364 0.799999
      vertex -150.08 148.53 0.799999
    endloop
  endfacet
  facet normal 0 0 -1
    outer loop
      vertex -146.685 151.048 0.799999
      vertex -150.718 151.121 0.799999
      vertex -146.703 151.433 0.799999
    endloop
  endfacet
  facet normal 0 0 -1
    outer loop
      vertex -145.996 153.241 0.799999
      vertex -147.756 155.318 0.799999
      vertex -147.206 155.489 0.799999
    endloop
  endfacet
  facet normal 0 -0 -1
    outer loop
      vertex -150.693 151.663 0.799999
      vertex -146.703 151.433 0.799999
      vertex -150.718 151.121 0.799999
    endloop
  endfacet
  facet normal 0 0 -1
    outer loop
      vertex -146.389 152.748 0.799999
      vertex -148.26 155.11 0.799999
      vertex -147.756 155.318 0.799999
    endloop
  endfacet
  facet normal -0 0 -1
    outer loop
      vertex -146.54 150.364 0.799999
      vertex -150.359 149.106 0.799999
      vertex -146.631 150.692 0.799999
    endloop
  endfacet
  facet normal 0 -0 -1
    outer loop
      vertex -150.618 152.174 0.799999
      vertex -146.703 151.433 0.799999
      vertex -150.693 151.663 0.799999
    endloop
  endfacet
  facet normal 0 0 -1
    outer loop
      vertex -150.558 149.729 0.799999
      vertex -146.631 150.692 0.799999
      vertex -150.359 149.106 0.799999
    endloop
  endfacet
  facet normal 0 0 -1
    outer loop
      vertex -146.389 152.748 0.799999
      vertex -148.72 154.864 0.799999
      vertex -148.26 155.11 0.799999
    endloop
  endfacet
  facet normal 0 0 -1
    outer loop
      vertex -150.678 150.401 0.799999
      vertex -146.631 150.692 0.799999
      vertex -150.558 149.729 0.799999
    endloop
  endfacet
  facet normal 0 -0 -1
    outer loop
      vertex -150.495 152.654 0.799999
      vertex -146.703 151.433 0.799999
      vertex -150.618 152.174 0.799999
    endloop
  endfacet
  facet normal 0 0 -1
    outer loop
      vertex -146.389 152.748 0.799999
      vertex -149.134 154.581 0.799999
      vertex -148.72 154.864 0.799999
    endloop
  endfacet
  facet normal -0 0 -1
    outer loop
      vertex -146.631 150.692 0.799999
      vertex -150.678 150.401 0.799999
      vertex -146.685 151.048 0.799999
    endloop
  endfacet
  facet normal 0 0 -1
    outer loop
      vertex -146.625 152.145 0.799999
      vertex -149.504 154.261 0.799999
      vertex -149.134 154.581 0.799999
    endloop
  endfacet
  facet normal 0 0 -1
    outer loop
      vertex -150.718 151.121 0.799999
      vertex -146.685 151.048 0.799999
      vertex -150.678 150.401 0.799999
    endloop
  endfacet
  facet normal 0 0 -1
    outer loop
      vertex -146.625 152.145 0.799999
      vertex -149.826 153.906 0.799999
      vertex -149.504 154.261 0.799999
    endloop
  endfacet
  facet normal 0 0 -1
    outer loop
      vertex -146.625 152.145 0.799999
      vertex -150.098 153.52 0.799999
      vertex -149.826 153.906 0.799999
    endloop
  endfacet
  facet normal 0 0 -1
    outer loop
      vertex -146.625 152.145 0.799999
      vertex -150.495 152.654 0.799999
      vertex -150.321 153.103 0.799999
    endloop
  endfacet
  facet normal 0 0 -1
    outer loop
      vertex -146.625 152.145 0.799999
      vertex -150.321 153.103 0.799999
      vertex -150.098 153.52 0.799999
    endloop
  endfacet
  facet normal 0 0 -1
    outer loop
      vertex -138.318 146.279 0.799999
      vertex -137.779 148.639 0.799999
      vertex -137.513 146.005 0.799999
    endloop
  endfacet
  facet normal 0 0 -1
    outer loop
      vertex -139.152 146.444 0.799999
      vertex -137.779 148.639 0.799999
      vertex -138.318 146.279 0.799999
    endloop
  endfacet
  facet normal 0 0 -1
    outer loop
      vertex -140 146.5 0.799999
      vertex -137.779 148.639 0.799999
      vertex -139.152 146.444 0.799999
    endloop
  endfacet
  facet normal 0 0 -1
    outer loop
      vertex -143.001 148.639 0.799999
      vertex -140 146.5 0.799999
      vertex -140.848 146.444 0.799999
    endloop
  endfacet
  facet normal 0 0 -1
    outer loop
      vertex -143.001 148.639 0.799999
      vertex -140.848 146.444 0.799999
      vertex -141.682 146.279 0.799999
    endloop
  endfacet
  facet normal 0 0 -1
    outer loop
      vertex -143.001 148.639 0.799999
      vertex -141.682 146.279 0.799999
      vertex -142.487 146.005 0.799999
    endloop
  endfacet
  facet normal 0 0 -1
    outer loop
      vertex -140 146.5 0.799999
      vertex -143.001 148.639 0.799999
      vertex -137.779 148.639 0.799999
    endloop
  endfacet
  facet normal 0 0 -1
    outer loop
      vertex -143.34 145.669 0.799999
      vertex -142.487 146.005 0.799999
      vertex -143.17 145.669 0.799999
    endloop
  endfacet
  facet normal 0 0 -1
    outer loop
      vertex -143.53 148.653 0.799999
      vertex -142.487 146.005 0.799999
      vertex -143.34 145.669 0.799999
    endloop
  endfacet
  facet normal 0 0 -1
    outer loop
      vertex -142.487 146.005 0.799999
      vertex -143.53 148.653 0.799999
      vertex -143.001 148.639 0.799999
    endloop
  endfacet
  facet normal 0 0 -1
    outer loop
      vertex -144.301 145.698 0.799999
      vertex -143.53 148.653 0.799999
      vertex -143.34 145.669 0.799999
    endloop
  endfacet
  facet normal -0 0 -1
    outer loop
      vertex -143.53 148.653 0.799999
      vertex -144.301 145.698 0.799999
      vertex -144.016 148.696 0.799999
    endloop
  endfacet
  facet normal 0 0 -1
    outer loop
      vertex -144.301 145.698 0.799999
      vertex -144.461 148.767 0.799999
      vertex -144.016 148.696 0.799999
    endloop
  endfacet
  facet normal 0 0 -1
    outer loop
      vertex -145.2 145.785 0.799999
      vertex -144.461 148.767 0.799999
      vertex -144.301 145.698 0.799999
    endloop
  endfacet
  facet normal -0 0 -1
    outer loop
      vertex -144.461 148.767 0.799999
      vertex -145.2 145.785 0.799999
      vertex -144.863 148.867 0.799999
    endloop
  endfacet
  facet normal 0 0 -1
    outer loop
      vertex -146.037 145.93 0.799999
      vertex -144.863 148.867 0.799999
      vertex -145.2 145.785 0.799999
    endloop
  endfacet
  facet normal -0 0 -1
    outer loop
      vertex -144.863 148.867 0.799999
      vertex -146.037 145.93 0.799999
      vertex -145.222 148.995 0.799999
    endloop
  endfacet
  facet normal 0 0 -1
    outer loop
      vertex -146.812 146.134 0.799999
      vertex -145.222 148.995 0.799999
      vertex -146.037 145.93 0.799999
    endloop
  endfacet
  facet normal -0 0 -1
    outer loop
      vertex -145.222 148.995 0.799999
      vertex -146.812 146.134 0.799999
      vertex -145.54 149.152 0.799999
    endloop
  endfacet
  facet normal 0 0 -1
    outer loop
      vertex -147.525 146.395 0.799999
      vertex -145.54 149.152 0.799999
      vertex -146.812 146.134 0.799999
    endloop
  endfacet
  facet normal -0 0 -1
    outer loop
      vertex -145.54 149.152 0.799999
      vertex -147.525 146.395 0.799999
      vertex -145.815 149.337 0.799999
    endloop
  endfacet
  facet normal 0 0 -1
    outer loop
      vertex -148.176 146.715 0.799999
      vertex -145.815 149.337 0.799999
      vertex -147.525 146.395 0.799999
    endloop
  endfacet
  facet normal -0 0 -1
    outer loop
      vertex -145.815 149.337 0.799999
      vertex -148.176 146.715 0.799999
      vertex -146.05 149.551 0.799999
    endloop
  endfacet
  facet normal 0 0 -1
    outer loop
      vertex -148.765 147.093 0.799999
      vertex -146.05 149.551 0.799999
      vertex -148.176 146.715 0.799999
    endloop
  endfacet
  facet normal -0 0 -1
    outer loop
      vertex -146.05 149.551 0.799999
      vertex -148.765 147.093 0.799999
      vertex -146.25 149.794 0.799999
    endloop
  endfacet
  facet normal -0 0 -1
    outer loop
      vertex -146.25 149.794 0.799999
      vertex -149.283 147.524 0.799999
      vertex -146.413 150.064 0.799999
    endloop
  endfacet
  facet normal 0 0 -1
    outer loop
      vertex -149.283 147.524 0.799999
      vertex -146.25 149.794 0.799999
      vertex -148.765 147.093 0.799999
    endloop
  endfacet
  facet normal 0 0 -1
    outer loop
      vertex -137.779 148.639 0.799999
      vertex -133.778 145.669 0.799999
      vertex -136.83 145.669 0.799999
    endloop
  endfacet
  facet normal 0 0 -1
    outer loop
      vertex -137.779 148.639 0.799999
      vertex -136.83 145.669 0.799999
      vertex -137.513 146.005 0.799999
    endloop
  endfacet
  facet normal 0 0 -1
    outer loop
      vertex -133.778 145.669 0.799999
      vertex -137.779 148.639 0.799999
      vertex -137.779 154.118 0.799999
    endloop
  endfacet
  facet normal 0 0 -1
    outer loop
      vertex -133.778 145.669 0.799999
      vertex -137.779 154.118 0.799999
      vertex -133.778 164.778 0.799999
    endloop
  endfacet
  facet normal 0 0 -1
    outer loop
      vertex -137.779 157.075 0.799999
      vertex -133.778 164.778 0.799999
      vertex -137.779 154.118 0.799999
    endloop
  endfacet
  facet normal 0 0 -1
    outer loop
      vertex -137.779 161.808 0.799999
      vertex -133.778 164.778 0.799999
      vertex -137.779 157.075 0.799999
    endloop
  endfacet
  facet normal 0 0 -1
    outer loop
      vertex -142.526 164.778 0.799999
      vertex -137.779 161.808 0.799999
      vertex -142.336 161.808 0.799999
    endloop
  endfacet
  facet normal 0 0 -1
    outer loop
      vertex -137.779 161.808 0.799999
      vertex -142.526 164.778 0.799999
      vertex -133.778 164.778 0.799999
    endloop
  endfacet
  facet normal 0 0 -1
    outer loop
      vertex -142.781 161.797 0.799999
      vertex -142.526 164.778 0.799999
      vertex -142.336 161.808 0.799999
    endloop
  endfacet
  facet normal 0 0 -1
    outer loop
      vertex -143.491 164.754 0.799999
      vertex -142.781 161.797 0.799999
      vertex -143.193 161.764 0.799999
    endloop
  endfacet
  facet normal 0 0 -1
    outer loop
      vertex -142.781 161.797 0.799999
      vertex -143.491 164.754 0.799999
      vertex -142.526 164.778 0.799999
    endloop
  endfacet
  facet normal 0 0 -1
    outer loop
      vertex -143.574 161.708 0.799999
      vertex -143.491 164.754 0.799999
      vertex -143.193 161.764 0.799999
    endloop
  endfacet
  facet normal 0 0 -1
    outer loop
      vertex -144.386 164.679 0.799999
      vertex -143.574 161.708 0.799999
      vertex -143.921 161.631 0.799999
    endloop
  endfacet
  facet normal 0 0 -1
    outer loop
      vertex -144.386 164.679 0.799999
      vertex -143.921 161.631 0.799999
      vertex -144.237 161.531 0.799999
    endloop
  endfacet
  facet normal 0 0 -1
    outer loop
      vertex -143.574 161.708 0.799999
      vertex -144.386 164.679 0.799999
      vertex -143.491 164.754 0.799999
    endloop
  endfacet
  facet normal 0 0 -1
    outer loop
      vertex -145.212 164.555 0.799999
      vertex -144.237 161.531 0.799999
      vertex -144.52 161.41 0.799999
    endloop
  endfacet
  facet normal 0 0 -1
    outer loop
      vertex -145.969 164.382 0.799999
      vertex -144.52 161.41 0.799999
      vertex -144.77 161.266 0.799999
    endloop
  endfacet
  facet normal 0 0 -1
    outer loop
      vertex -145.969 164.382 0.799999
      vertex -144.77 161.266 0.799999
      vertex -144.988 161.095 0.799999
    endloop
  endfacet
  facet normal 0 0 -1
    outer loop
      vertex -145.969 164.382 0.799999
      vertex -144.988 161.095 0.799999
      vertex -145.172 160.895 0.799999
    endloop
  endfacet
  facet normal 0 0 -1
    outer loop
      vertex -144.237 161.531 0.799999
      vertex -145.212 164.555 0.799999
      vertex -144.386 164.679 0.799999
    endloop
  endfacet
  facet normal 0 0 -1
    outer loop
      vertex -145.969 164.382 0.799999
      vertex -145.172 160.895 0.799999
      vertex -145.323 160.664 0.799999
    endloop
  endfacet
  facet normal 0 0 -1
    outer loop
      vertex -145.969 164.382 0.799999
      vertex -145.323 160.664 0.799999
      vertex -145.44 160.402 0.799999
    endloop
  endfacet
  facet normal 0 0 -1
    outer loop
      vertex -145.969 164.382 0.799999
      vertex -145.44 160.402 0.799999
      vertex -145.524 160.11 0.799999
    endloop
  endfacet
  facet normal 0 0 -1
    outer loop
      vertex -145.969 164.382 0.799999
      vertex -145.524 160.11 0.799999
      vertex -145.574 159.788 0.799999
    endloop
  endfacet
  facet normal 0 0 -1
    outer loop
      vertex -144.52 161.41 0.799999
      vertex -145.969 164.382 0.799999
      vertex -145.212 164.555 0.799999
    endloop
  endfacet
  facet normal 0 0 -1
    outer loop
      vertex -145.969 164.382 0.799999
      vertex -145.574 159.788 0.799999
      vertex -145.591 159.435 0.799999
    endloop
  endfacet
  facet normal 0 0 -1
    outer loop
      vertex -148.125 156.651 0.799999
      vertex -145.45 158.532 0.799999
      vertex -147.771 156.405 0.799999
    endloop
  endfacet
  facet normal 0 0 -1
    outer loop
      vertex -145.591 159.435 0.799999
      vertex -146.656 164.159 0.799999
      vertex -145.969 164.382 0.799999
    endloop
  endfacet
  facet normal 0 0 -1
    outer loop
      vertex -148.44 156.926 0.799999
      vertex -145.45 158.532 0.799999
      vertex -148.125 156.651 0.799999
    endloop
  endfacet
  facet normal 0 0 -1
    outer loop
      vertex -145.591 159.435 0.799999
      vertex -147.274 163.886 0.799999
      vertex -146.656 164.159 0.799999
    endloop
  endfacet
  facet normal -0 0 -1
    outer loop
      vertex -145.45 158.532 0.799999
      vertex -148.44 156.926 0.799999
      vertex -145.528 158.809 0.799999
    endloop
  endfacet
  facet normal 0 0 -1
    outer loop
      vertex -148.717 157.231 0.799999
      vertex -145.528 158.809 0.799999
      vertex -148.44 156.926 0.799999
    endloop
  endfacet
  facet normal 0 -0 -1
    outer loop
      vertex -149.582 160.632 0.799999
      vertex -145.591 159.435 0.799999
      vertex -149.619 159.977 0.799999
    endloop
  endfacet
  facet normal 0 0 -1
    outer loop
      vertex -148.956 157.561 0.799999
      vertex -145.528 158.809 0.799999
      vertex -148.717 157.231 0.799999
    endloop
  endfacet
  facet normal 0 -0 -1
    outer loop
      vertex -149.472 161.239 0.799999
      vertex -145.591 159.435 0.799999
      vertex -149.582 160.632 0.799999
    endloop
  endfacet
  facet normal -0 0 -1
    outer loop
      vertex -145.528 158.809 0.799999
      vertex -148.956 157.561 0.799999
      vertex -145.575 159.11 0.799999
    endloop
  endfacet
  facet normal 0 0 -1
    outer loop
      vertex -145.591 159.435 0.799999
      vertex -147.822 163.564 0.799999
      vertex -147.274 163.886 0.799999
    endloop
  endfacet
  facet normal 0 0 -1
    outer loop
      vertex -149.159 157.912 0.799999
      vertex -145.575 159.11 0.799999
      vertex -148.956 157.561 0.799999
    endloop
  endfacet
  facet normal 0 0 -1
    outer loop
      vertex -149.324 158.283 0.799999
      vertex -145.575 159.11 0.799999
      vertex -149.159 157.912 0.799999
    endloop
  endfacet
  facet normal 0 0 -1
    outer loop
      vertex -145.591 159.435 0.799999
      vertex -148.299 163.194 0.799999
      vertex -147.822 163.564 0.799999
    endloop
  endfacet
  facet normal 0 0 -1
    outer loop
      vertex -149.453 158.676 0.799999
      vertex -145.575 159.11 0.799999
      vertex -149.324 158.283 0.799999
    endloop
  endfacet
  facet normal 0 -0 -1
    outer loop
      vertex -149.289 161.798 0.799999
      vertex -145.591 159.435 0.799999
      vertex -149.472 161.239 0.799999
    endloop
  endfacet
  facet normal -0 0 -1
    outer loop
      vertex -145.575 159.11 0.799999
      vertex -149.453 158.676 0.799999
      vertex -145.591 159.435 0.799999
    endloop
  endfacet
  facet normal 0 0 -1
    outer loop
      vertex -145.591 159.435 0.799999
      vertex -149.453 158.676 0.799999
      vertex -149.545 159.089 0.799999
    endloop
  endfacet
  facet normal -0 0 -1
    outer loop
      vertex -145.591 159.435 0.799999
      vertex -149.545 159.089 0.799999
      vertex -149.601 159.523 0.799999
    endloop
  endfacet
  facet normal 0 0 -1
    outer loop
      vertex -145.591 159.435 0.799999
      vertex -149.032 162.311 0.799999
      vertex -148.702 162.776 0.799999
    endloop
  endfacet
  facet normal 0 0 -1
    outer loop
      vertex -145.591 159.435 0.799999
      vertex -149.289 161.798 0.799999
      vertex -149.032 162.311 0.799999
    endloop
  endfacet
  facet normal 0 0 -1
    outer loop
      vertex -145.591 159.435 0.799999
      vertex -149.601 159.523 0.799999
      vertex -149.619 159.977 0.799999
    endloop
  endfacet
  facet normal 0 0 -1
    outer loop
      vertex -145.591 159.435 0.799999
      vertex -148.702 162.776 0.799999
      vertex -148.299 163.194 0.799999
    endloop
  endfacet
  facet normal 0 0 -1
    outer loop
      vertex -153.368 145.669 0.799999
      vertex -157.369 148.761 0.799999
      vertex -153.368 164.778 0.799999
    endloop
  endfacet
  facet normal 0 0 -1
    outer loop
      vertex -167.622 145.669 0.799999
      vertex -157.369 148.761 0.799999
      vertex -153.368 145.669 0.799999
    endloop
  endfacet
  facet normal -0 0 -1
    outer loop
      vertex -157.369 148.761 0.799999
      vertex -167.622 145.669 0.799999
      vertex -167.622 148.761 0.799999
    endloop
  endfacet
  facet normal -0 0 -1
    outer loop
      vertex -153.368 164.778 0.799999
      vertex -157.369 148.761 0.799999
      vertex -157.369 164.778 0.799999
    endloop
  endfacet
  facet normal 0 -1 0
    outer loop
      vertex -142.526 164.778 0
      vertex -133.778 164.778 0.799999
      vertex -142.526 164.778 0.799999
    endloop
  endfacet
  facet normal 0 -1 -0
    outer loop
      vertex -133.778 164.778 0.799999
      vertex -142.526 164.778 0
      vertex -133.778 164.778 0
    endloop
  endfacet
  facet normal 0.0248628 -0.999691 0
    outer loop
      vertex -143.491 164.754 0
      vertex -142.526 164.778 0.799999
      vertex -143.491 164.754 0.799999
    endloop
  endfacet
  facet normal 0.0248628 -0.999691 0
    outer loop
      vertex -142.526 164.778 0.799999
      vertex -143.491 164.754 0
      vertex -142.526 164.778 0
    endloop
  endfacet
  facet normal 0.0835062 -0.996507 0
    outer loop
      vertex -144.386 164.679 0
      vertex -143.491 164.754 0.799999
      vertex -144.386 164.679 0.799999
    endloop
  endfacet
  facet normal 0.0835062 -0.996507 0
    outer loop
      vertex -143.491 164.754 0.799999
      vertex -144.386 164.679 0
      vertex -143.491 164.754 0
    endloop
  endfacet
  facet normal 0.148458 -0.988919 0
    outer loop
      vertex -145.212 164.555 0
      vertex -144.386 164.679 0.799999
      vertex -145.212 164.555 0.799999
    endloop
  endfacet
  facet normal 0.148458 -0.988919 0
    outer loop
      vertex -144.386 164.679 0.799999
      vertex -145.212 164.555 0
      vertex -144.386 164.679 0
    endloop
  endfacet
  facet normal 0.22279 -0.974866 0
    outer loop
      vertex -145.969 164.382 0
      vertex -145.212 164.555 0.799999
      vertex -145.969 164.382 0.799999
    endloop
  endfacet
  facet normal 0.22279 -0.974866 0
    outer loop
      vertex -145.212 164.555 0.799999
      vertex -145.969 164.382 0
      vertex -145.212 164.555 0
    endloop
  endfacet
  facet normal 0.308742 -0.951146 0
    outer loop
      vertex -146.656 164.159 0
      vertex -145.969 164.382 0.799999
      vertex -146.656 164.159 0.799999
    endloop
  endfacet
  facet normal 0.308742 -0.951146 0
    outer loop
      vertex -145.969 164.382 0.799999
      vertex -146.656 164.159 0
      vertex -145.969 164.382 0
    endloop
  endfacet
  facet normal 0.404077 -0.914725 0
    outer loop
      vertex -147.274 163.886 0
      vertex -146.656 164.159 0.799999
      vertex -147.274 163.886 0.799999
    endloop
  endfacet
  facet normal 0.404077 -0.914725 0
    outer loop
      vertex -146.656 164.159 0.799999
      vertex -147.274 163.886 0
      vertex -146.656 164.159 0
    endloop
  endfacet
  facet normal 0.506608 -0.862177 0
    outer loop
      vertex -147.822 163.564 0
      vertex -147.274 163.886 0.799999
      vertex -147.822 163.564 0.799999
    endloop
  endfacet
  facet normal 0.506608 -0.862177 0
    outer loop
      vertex -147.274 163.886 0.799999
      vertex -147.822 163.564 0
      vertex -147.274 163.886 0
    endloop
  endfacet
  facet normal 0.612908 -0.790154 0
    outer loop
      vertex -148.299 163.194 0
      vertex -147.822 163.564 0.799999
      vertex -148.299 163.194 0.799999
    endloop
  endfacet
  facet normal 0.612908 -0.790154 0
    outer loop
      vertex -147.822 163.564 0.799999
      vertex -148.299 163.194 0
      vertex -147.822 163.564 0
    endloop
  endfacet
  facet normal 0.719906 -0.694072 0
    outer loop
      vertex -148.702 162.776 0.799999
      vertex -148.299 163.194 0
      vertex -148.299 163.194 0.799999
    endloop
  endfacet
  facet normal 0.719906 -0.694072 0
    outer loop
      vertex -148.299 163.194 0
      vertex -148.702 162.776 0.799999
      vertex -148.702 162.776 0
    endloop
  endfacet
  facet normal 0.815507 -0.578747 0
    outer loop
      vertex -149.032 162.311 0.799999
      vertex -148.702 162.776 0
      vertex -148.702 162.776 0.799999
    endloop
  endfacet
  facet normal 0.815507 -0.578747 0
    outer loop
      vertex -148.702 162.776 0
      vertex -149.032 162.311 0.799999
      vertex -149.032 162.311 0
    endloop
  endfacet
  facet normal 0.894078 -0.447911 0
    outer loop
      vertex -149.289 161.798 0.799999
      vertex -149.032 162.311 0
      vertex -149.032 162.311 0.799999
    endloop
  endfacet
  facet normal 0.894078 -0.447911 0
    outer loop
      vertex -149.032 162.311 0
      vertex -149.289 161.798 0.799999
      vertex -149.289 161.798 0
    endloop
  endfacet
  facet normal 0.95037 -0.311123 0
    outer loop
      vertex -149.472 161.239 0.799999
      vertex -149.289 161.798 0
      vertex -149.289 161.798 0.799999
    endloop
  endfacet
  facet normal 0.95037 -0.311123 0
    outer loop
      vertex -149.289 161.798 0
      vertex -149.472 161.239 0.799999
      vertex -149.472 161.239 0
    endloop
  endfacet
  facet normal 0.983973 -0.178315 0
    outer loop
      vertex -149.582 160.632 0.799999
      vertex -149.472 161.239 0
      vertex -149.472 161.239 0.799999
    endloop
  endfacet
  facet normal 0.983973 -0.178315 0
    outer loop
      vertex -149.472 161.239 0
      vertex -149.582 160.632 0.799999
      vertex -149.582 160.632 0
    endloop
  endfacet
  facet normal 0.998408 -0.0563986 0
    outer loop
      vertex -149.619 159.977 0.799999
      vertex -149.582 160.632 0
      vertex -149.582 160.632 0.799999
    endloop
  endfacet
  facet normal 0.998408 -0.0563986 0
    outer loop
      vertex -149.582 160.632 0
      vertex -149.619 159.977 0.799999
      vertex -149.619 159.977 0
    endloop
  endfacet
  facet normal 0.999215 0.0396165 0
    outer loop
      vertex -149.601 159.523 0.799999
      vertex -149.619 159.977 0
      vertex -149.619 159.977 0.799999
    endloop
  endfacet
  facet normal 0.999215 0.0396165 0
    outer loop
      vertex -149.619 159.977 0
      vertex -149.601 159.523 0.799999
      vertex -149.601 159.523 0
    endloop
  endfacet
  facet normal 0.991778 0.127971 0
    outer loop
      vertex -149.545 159.089 0.799999
      vertex -149.601 159.523 0
      vertex -149.601 159.523 0.799999
    endloop
  endfacet
  facet normal 0.991778 0.127971 0
    outer loop
      vertex -149.601 159.523 0
      vertex -149.545 159.089 0.799999
      vertex -149.545 159.089 0
    endloop
  endfacet
  facet normal 0.976076 0.217431 0
    outer loop
      vertex -149.453 158.676 0.799999
      vertex -149.545 159.089 0
      vertex -149.545 159.089 0.799999
    endloop
  endfacet
  facet normal 0.976076 0.217431 0
    outer loop
      vertex -149.545 159.089 0
      vertex -149.453 158.676 0.799999
      vertex -149.453 158.676 0
    endloop
  endfacet
  facet normal 0.950124 0.311873 0
    outer loop
      vertex -149.324 158.283 0.799999
      vertex -149.453 158.676 0
      vertex -149.453 158.676 0.799999
    endloop
  endfacet
  facet normal 0.950124 0.311873 0
    outer loop
      vertex -149.453 158.676 0
      vertex -149.324 158.283 0.799999
      vertex -149.324 158.283 0
    endloop
  endfacet
  facet normal 0.91371 0.406367 0
    outer loop
      vertex -149.159 157.912 0.799999
      vertex -149.324 158.283 0
      vertex -149.324 158.283 0.799999
    endloop
  endfacet
  facet normal 0.91371 0.406367 0
    outer loop
      vertex -149.324 158.283 0
      vertex -149.159 157.912 0.799999
      vertex -149.159 157.912 0
    endloop
  endfacet
  facet normal 0.865651 0.500647 0
    outer loop
      vertex -148.956 157.561 0.799999
      vertex -149.159 157.912 0
      vertex -149.159 157.912 0.799999
    endloop
  endfacet
  facet normal 0.865651 0.500647 0
    outer loop
      vertex -149.159 157.912 0
      vertex -148.956 157.561 0.799999
      vertex -148.956 157.561 0
    endloop
  endfacet
  facet normal 0.809902 0.586565 0
    outer loop
      vertex -148.717 157.231 0.799999
      vertex -148.956 157.561 0
      vertex -148.956 157.561 0.799999
    endloop
  endfacet
  facet normal 0.809902 0.586565 0
    outer loop
      vertex -148.956 157.561 0
      vertex -148.717 157.231 0.799999
      vertex -148.717 157.231 0
    endloop
  endfacet
  facet normal 0.740269 0.67231 0
    outer loop
      vertex -148.44 156.926 0.799999
      vertex -148.717 157.231 0
      vertex -148.717 157.231 0.799999
    endloop
  endfacet
  facet normal 0.740269 0.67231 0
    outer loop
      vertex -148.717 157.231 0
      vertex -148.44 156.926 0.799999
      vertex -148.44 156.926 0
    endloop
  endfacet
  facet normal 0.657658 0.753317 -0
    outer loop
      vertex -148.125 156.651 0
      vertex -148.44 156.926 0.799999
      vertex -148.125 156.651 0.799999
    endloop
  endfacet
  facet normal 0.657658 0.753317 0
    outer loop
      vertex -148.44 156.926 0.799999
      vertex -148.125 156.651 0
      vertex -148.44 156.926 0
    endloop
  endfacet
  facet normal 0.570657 0.821189 -0
    outer loop
      vertex -147.771 156.405 0
      vertex -148.125 156.651 0.799999
      vertex -147.771 156.405 0.799999
    endloop
  endfacet
  facet normal 0.570657 0.821189 0
    outer loop
      vertex -148.125 156.651 0.799999
      vertex -147.771 156.405 0
      vertex -148.125 156.651 0
    endloop
  endfacet
  facet normal 0.482605 0.875838 -0
    outer loop
      vertex -147.379 156.189 0
      vertex -147.771 156.405 0.799999
      vertex -147.379 156.189 0.799999
    endloop
  endfacet
  facet normal 0.482605 0.875838 0
    outer loop
      vertex -147.771 156.405 0.799999
      vertex -147.379 156.189 0
      vertex -147.771 156.405 0
    endloop
  endfacet
  facet normal 0.396232 0.91815 -0
    outer loop
      vertex -146.948 156.003 0
      vertex -147.379 156.189 0.799999
      vertex -146.948 156.003 0.799999
    endloop
  endfacet
  facet normal 0.396232 0.91815 0
    outer loop
      vertex -147.379 156.189 0.799999
      vertex -146.948 156.003 0
      vertex -147.379 156.189 0
    endloop
  endfacet
  facet normal 0.316833 0.948481 -0
    outer loop
      vertex -146.478 155.846 0
      vertex -146.948 156.003 0.799999
      vertex -146.478 155.846 0.799999
    endloop
  endfacet
  facet normal 0.316833 0.948481 0
    outer loop
      vertex -146.948 156.003 0.799999
      vertex -146.478 155.846 0
      vertex -146.948 156.003 0
    endloop
  endfacet
  facet normal 0.242986 0.97003 -0
    outer loop
      vertex -145.971 155.719 0
      vertex -146.478 155.846 0.799999
      vertex -145.971 155.719 0.799999
    endloop
  endfacet
  facet normal 0.242986 0.97003 0
    outer loop
      vertex -146.478 155.846 0.799999
      vertex -145.971 155.719 0
      vertex -146.478 155.846 0
    endloop
  endfacet
  facet normal 0.149851 -0.988709 0
    outer loop
      vertex -146.611 155.622 0
      vertex -145.971 155.719 0.799999
      vertex -146.611 155.622 0.799999
    endloop
  endfacet
  facet normal 0.149851 -0.988709 0
    outer loop
      vertex -145.971 155.719 0.799999
      vertex -146.611 155.622 0
      vertex -145.971 155.719 0
    endloop
  endfacet
  facet normal 0.218146 -0.975916 0
    outer loop
      vertex -147.206 155.489 0
      vertex -146.611 155.622 0.799999
      vertex -147.206 155.489 0.799999
    endloop
  endfacet
  facet normal 0.218146 -0.975916 0
    outer loop
      vertex -146.611 155.622 0.799999
      vertex -147.206 155.489 0
      vertex -146.611 155.622 0
    endloop
  endfacet
  facet normal 0.296891 -0.954911 0
    outer loop
      vertex -147.756 155.318 0
      vertex -147.206 155.489 0.799999
      vertex -147.756 155.318 0.799999
    endloop
  endfacet
  facet normal 0.296891 -0.954911 0
    outer loop
      vertex -147.206 155.489 0.799999
      vertex -147.756 155.318 0
      vertex -147.206 155.489 0
    endloop
  endfacet
  facet normal 0.381488 -0.924374 0
    outer loop
      vertex -148.26 155.11 0
      vertex -147.756 155.318 0.799999
      vertex -148.26 155.11 0.799999
    endloop
  endfacet
  facet normal 0.381488 -0.924374 0
    outer loop
      vertex -147.756 155.318 0.799999
      vertex -148.26 155.11 0
      vertex -147.756 155.318 0
    endloop
  endfacet
  facet normal 0.471583 -0.881822 0
    outer loop
      vertex -148.72 154.864 0
      vertex -148.26 155.11 0.799999
      vertex -148.72 154.864 0.799999
    endloop
  endfacet
  facet normal 0.471583 -0.881822 0
    outer loop
      vertex -148.26 155.11 0.799999
      vertex -148.72 154.864 0
      vertex -148.26 155.11 0
    endloop
  endfacet
  facet normal 0.564326 -0.825552 0
    outer loop
      vertex -149.134 154.581 0
      vertex -148.72 154.864 0.799999
      vertex -149.134 154.581 0.799999
    endloop
  endfacet
  facet normal 0.564326 -0.825552 0
    outer loop
      vertex -148.72 154.864 0.799999
      vertex -149.134 154.581 0
      vertex -148.72 154.864 0
    endloop
  endfacet
  facet normal 0.654152 -0.756363 0
    outer loop
      vertex -149.504 154.261 0
      vertex -149.134 154.581 0.799999
      vertex -149.504 154.261 0.799999
    endloop
  endfacet
  facet normal 0.654152 -0.756363 0
    outer loop
      vertex -149.134 154.581 0.799999
      vertex -149.504 154.261 0
      vertex -149.134 154.581 0
    endloop
  endfacet
  facet normal 0.740695 -0.671842 0
    outer loop
      vertex -149.826 153.906 0.799999
      vertex -149.504 154.261 0
      vertex -149.504 154.261 0.799999
    endloop
  endfacet
  facet normal 0.740695 -0.671842 0
    outer loop
      vertex -149.504 154.261 0
      vertex -149.826 153.906 0.799999
      vertex -149.826 153.906 0
    endloop
  endfacet
  facet normal 0.817437 -0.576018 0
    outer loop
      vertex -150.098 153.52 0.799999
      vertex -149.826 153.906 0
      vertex -149.826 153.906 0.799999
    endloop
  endfacet
  facet normal 0.817437 -0.576018 0
    outer loop
      vertex -149.826 153.906 0
      vertex -150.098 153.52 0.799999
      vertex -150.098 153.52 0
    endloop
  endfacet
  facet normal 0.881826 -0.471576 0
    outer loop
      vertex -150.321 153.103 0.799999
      vertex -150.098 153.52 0
      vertex -150.098 153.52 0.799999
    endloop
  endfacet
  facet normal 0.881826 -0.471576 0
    outer loop
      vertex -150.098 153.52 0
      vertex -150.321 153.103 0.799999
      vertex -150.321 153.103 0
    endloop
  endfacet
  facet normal 0.932433 -0.361344 0
    outer loop
      vertex -150.495 152.654 0.799999
      vertex -150.321 153.103 0
      vertex -150.321 153.103 0.799999
    endloop
  endfacet
  facet normal 0.932433 -0.361344 0
    outer loop
      vertex -150.321 153.103 0
      vertex -150.495 152.654 0.799999
      vertex -150.495 152.654 0
    endloop
  endfacet
  facet normal 0.968701 -0.24823 0
    outer loop
      vertex -150.618 152.174 0.799999
      vertex -150.495 152.654 0
      vertex -150.495 152.654 0.799999
    endloop
  endfacet
  facet normal 0.968701 -0.24823 0
    outer loop
      vertex -150.495 152.654 0
      vertex -150.618 152.174 0.799999
      vertex -150.618 152.174 0
    endloop
  endfacet
  facet normal 0.9894 -0.145215 0
    outer loop
      vertex -150.693 151.663 0.799999
      vertex -150.618 152.174 0
      vertex -150.618 152.174 0.799999
    endloop
  endfacet
  facet normal 0.9894 -0.145215 0
    outer loop
      vertex -150.618 152.174 0
      vertex -150.693 151.663 0.799999
      vertex -150.693 151.663 0
    endloop
  endfacet
  facet normal 0.998938 -0.0460765 0
    outer loop
      vertex -150.718 151.121 0.799999
      vertex -150.693 151.663 0
      vertex -150.693 151.663 0.799999
    endloop
  endfacet
  facet normal 0.998938 -0.0460765 0
    outer loop
      vertex -150.693 151.663 0
      vertex -150.718 151.121 0.799999
      vertex -150.718 151.121 0
    endloop
  endfacet
  facet normal 0.99846 0.05547 0
    outer loop
      vertex -150.678 150.401 0.799999
      vertex -150.718 151.121 0
      vertex -150.718 151.121 0.799999
    endloop
  endfacet
  facet normal 0.99846 0.05547 0
    outer loop
      vertex -150.718 151.121 0
      vertex -150.678 150.401 0.799999
      vertex -150.678 150.401 0
    endloop
  endfacet
  facet normal 0.984428 0.175791 0
    outer loop
      vertex -150.558 149.729 0.799999
      vertex -150.678 150.401 0
      vertex -150.678 150.401 0.799999
    endloop
  endfacet
  facet normal 0.984428 0.175791 0
    outer loop
      vertex -150.678 150.401 0
      vertex -150.558 149.729 0.799999
      vertex -150.558 149.729 0
    endloop
  endfacet
  facet normal 0.952584 0.304276 0
    outer loop
      vertex -150.359 149.106 0.799999
      vertex -150.558 149.729 0
      vertex -150.558 149.729 0.799999
    endloop
  endfacet
  facet normal 0.952584 0.304276 0
    outer loop
      vertex -150.558 149.729 0
      vertex -150.359 149.106 0.799999
      vertex -150.359 149.106 0
    endloop
  endfacet
  facet normal 0.899981 0.435928 0
    outer loop
      vertex -150.08 148.53 0.799999
      vertex -150.359 149.106 0
      vertex -150.359 149.106 0.799999
    endloop
  endfacet
  facet normal 0.899981 0.435928 0
    outer loop
      vertex -150.359 149.106 0
      vertex -150.08 148.53 0.799999
      vertex -150.08 148.53 0
    endloop
  endfacet
  facet normal 0.82646 0.562996 0
    outer loop
      vertex -149.721 148.003 0.799999
      vertex -150.08 148.53 0
      vertex -150.08 148.53 0.799999
    endloop
  endfacet
  facet normal 0.82646 0.562996 0
    outer loop
      vertex -150.08 148.53 0
      vertex -149.721 148.003 0.799999
      vertex -149.721 148.003 0
    endloop
  endfacet
  facet normal 0.737985 0.674817 0
    outer loop
      vertex -149.283 147.524 0.799999
      vertex -149.721 148.003 0
      vertex -149.721 148.003 0.799999
    endloop
  endfacet
  facet normal 0.737985 0.674817 0
    outer loop
      vertex -149.721 148.003 0
      vertex -149.283 147.524 0.799999
      vertex -149.283 147.524 0
    endloop
  endfacet
  facet normal 0.6396 0.768708 -0
    outer loop
      vertex -148.765 147.093 0
      vertex -149.283 147.524 0.799999
      vertex -148.765 147.093 0.799999
    endloop
  endfacet
  facet normal 0.6396 0.768708 0
    outer loop
      vertex -149.283 147.524 0.799999
      vertex -148.765 147.093 0
      vertex -149.283 147.524 0
    endloop
  endfacet
  facet normal 0.540107 0.841596 -0
    outer loop
      vertex -148.176 146.715 0
      vertex -148.765 147.093 0.799999
      vertex -148.176 146.715 0.799999
    endloop
  endfacet
  facet normal 0.540107 0.841596 0
    outer loop
      vertex -148.765 147.093 0.799999
      vertex -148.176 146.715 0
      vertex -148.765 147.093 0
    endloop
  endfacet
  facet normal 0.441138 0.897439 -0
    outer loop
      vertex -147.525 146.395 0
      vertex -148.176 146.715 0.799999
      vertex -147.525 146.395 0.799999
    endloop
  endfacet
  facet normal 0.441138 0.897439 0
    outer loop
      vertex -148.176 146.715 0.799999
      vertex -147.525 146.395 0
      vertex -148.176 146.715 0
    endloop
  endfacet
  facet normal 0.343752 0.939061 -0
    outer loop
      vertex -146.812 146.134 0
      vertex -147.525 146.395 0.799999
      vertex -146.812 146.134 0.799999
    endloop
  endfacet
  facet normal 0.343752 0.939061 0
    outer loop
      vertex -147.525 146.395 0.799999
      vertex -146.812 146.134 0
      vertex -147.525 146.395 0
    endloop
  endfacet
  facet normal 0.254555 0.967058 -0
    outer loop
      vertex -146.037 145.93 0
      vertex -146.812 146.134 0.799999
      vertex -146.037 145.93 0.799999
    endloop
  endfacet
  facet normal 0.254555 0.967058 0
    outer loop
      vertex -146.812 146.134 0.799999
      vertex -146.037 145.93 0
      vertex -146.812 146.134 0
    endloop
  endfacet
  facet normal 0.170695 0.985324 -0
    outer loop
      vertex -145.2 145.785 0
      vertex -146.037 145.93 0.799999
      vertex -145.2 145.785 0.799999
    endloop
  endfacet
  facet normal 0.170695 0.985324 0
    outer loop
      vertex -146.037 145.93 0.799999
      vertex -145.2 145.785 0
      vertex -146.037 145.93 0
    endloop
  endfacet
  facet normal 0.0963242 0.99535 -0
    outer loop
      vertex -144.301 145.698 0
      vertex -145.2 145.785 0.799999
      vertex -144.301 145.698 0.799999
    endloop
  endfacet
  facet normal 0.0963242 0.99535 0
    outer loop
      vertex -145.2 145.785 0.799999
      vertex -144.301 145.698 0
      vertex -145.2 145.785 0
    endloop
  endfacet
  facet normal 0.0301632 0.999545 -0
    outer loop
      vertex -143.34 145.669 0
      vertex -144.301 145.698 0.799999
      vertex -143.34 145.669 0.799999
    endloop
  endfacet
  facet normal 0.0301632 0.999545 0
    outer loop
      vertex -144.301 145.698 0.799999
      vertex -143.34 145.669 0
      vertex -144.301 145.698 0
    endloop
  endfacet
  facet normal 0 1 -0
    outer loop
      vertex -143.17 145.669 0
      vertex -143.34 145.669 0.799999
      vertex -143.17 145.669 0.799999
    endloop
  endfacet
  facet normal 0 1 0
    outer loop
      vertex -143.34 145.669 0.799999
      vertex -143.17 145.669 0
      vertex -143.34 145.669 0
    endloop
  endfacet
  facet normal 0 1 -0
    outer loop
      vertex -133.778 145.669 0
      vertex -136.83 145.669 0.799999
      vertex -133.778 145.669 0.799999
    endloop
  endfacet
  facet normal 0 1 0
    outer loop
      vertex -136.83 145.669 0.799999
      vertex -133.778 145.669 0
      vertex -136.83 145.669 0
    endloop
  endfacet
  facet normal -1 0 0
    outer loop
      vertex -133.778 145.669 0
      vertex -133.778 164.778 0.799999
      vertex -133.778 164.778 0
    endloop
  endfacet
  facet normal -1 -0 0
    outer loop
      vertex -133.778 164.778 0.799999
      vertex -133.778 145.669 0
      vertex -133.778 145.669 0.799999
    endloop
  endfacet
  facet normal -0.0257425 -0.999669 0
    outer loop
      vertex -142.829 157.087 0
      vertex -142.363 157.075 0.799999
      vertex -142.829 157.087 0.799999
    endloop
  endfacet
  facet normal -0.0257425 -0.999669 -0
    outer loop
      vertex -142.363 157.075 0.799999
      vertex -142.829 157.087 0
      vertex -142.363 157.075 0
    endloop
  endfacet
  facet normal -0.0840111 -0.996465 0
    outer loop
      vertex -143.256 157.123 0
      vertex -142.829 157.087 0.799999
      vertex -143.256 157.123 0.799999
    endloop
  endfacet
  facet normal -0.0840111 -0.996465 -0
    outer loop
      vertex -142.829 157.087 0.799999
      vertex -143.256 157.123 0
      vertex -142.829 157.087 0
    endloop
  endfacet
  facet normal -0.152057 -0.988372 0
    outer loop
      vertex -143.646 157.183 0
      vertex -143.256 157.123 0.799999
      vertex -143.646 157.183 0.799999
    endloop
  endfacet
  facet normal -0.152057 -0.988372 -0
    outer loop
      vertex -143.256 157.123 0.799999
      vertex -143.646 157.183 0
      vertex -143.256 157.123 0
    endloop
  endfacet
  facet normal -0.232744 -0.972538 0
    outer loop
      vertex -143.997 157.267 0
      vertex -143.646 157.183 0.799999
      vertex -143.997 157.267 0.799999
    endloop
  endfacet
  facet normal -0.232744 -0.972538 -0
    outer loop
      vertex -143.646 157.183 0.799999
      vertex -143.997 157.267 0
      vertex -143.646 157.183 0
    endloop
  endfacet
  facet normal -0.327937 -0.9447 0
    outer loop
      vertex -144.311 157.376 0
      vertex -143.997 157.267 0.799999
      vertex -144.311 157.376 0.799999
    endloop
  endfacet
  facet normal -0.327937 -0.9447 -0
    outer loop
      vertex -143.997 157.267 0.799999
      vertex -144.311 157.376 0
      vertex -143.997 157.267 0
    endloop
  endfacet
  facet normal -0.431455 -0.902134 0
    outer loop
      vertex -144.587 157.508 0
      vertex -144.311 157.376 0.799999
      vertex -144.587 157.508 0.799999
    endloop
  endfacet
  facet normal -0.431455 -0.902134 -0
    outer loop
      vertex -144.311 157.376 0.799999
      vertex -144.587 157.508 0
      vertex -144.311 157.376 0
    endloop
  endfacet
  facet normal -0.550647 -0.834738 0
    outer loop
      vertex -144.825 157.665 0
      vertex -144.587 157.508 0.799999
      vertex -144.825 157.665 0.799999
    endloop
  endfacet
  facet normal -0.550647 -0.834738 -0
    outer loop
      vertex -144.587 157.508 0.799999
      vertex -144.825 157.665 0
      vertex -144.587 157.508 0
    endloop
  endfacet
  facet normal -0.663448 -0.748222 0
    outer loop
      vertex -145.028 157.845 0
      vertex -144.825 157.665 0.799999
      vertex -145.028 157.845 0.799999
    endloop
  endfacet
  facet normal -0.663448 -0.748222 -0
    outer loop
      vertex -144.825 157.665 0.799999
      vertex -145.028 157.845 0
      vertex -144.825 157.665 0
    endloop
  endfacet
  facet normal -0.766073 -0.642754 0
    outer loop
      vertex -145.028 157.845 0
      vertex -145.2 158.05 0.799999
      vertex -145.2 158.05 0
    endloop
  endfacet
  facet normal -0.766073 -0.642754 0
    outer loop
      vertex -145.2 158.05 0.799999
      vertex -145.028 157.845 0
      vertex -145.028 157.845 0.799999
    endloop
  endfacet
  facet normal -0.851531 -0.524305 0
    outer loop
      vertex -145.2 158.05 0
      vertex -145.341 158.279 0.799999
      vertex -145.341 158.279 0
    endloop
  endfacet
  facet normal -0.851531 -0.524305 0
    outer loop
      vertex -145.341 158.279 0.799999
      vertex -145.2 158.05 0
      vertex -145.2 158.05 0.799999
    endloop
  endfacet
  facet normal -0.918392 -0.395671 0
    outer loop
      vertex -145.341 158.279 0
      vertex -145.45 158.532 0.799999
      vertex -145.45 158.532 0
    endloop
  endfacet
  facet normal -0.918392 -0.395671 0
    outer loop
      vertex -145.45 158.532 0.799999
      vertex -145.341 158.279 0
      vertex -145.341 158.279 0.799999
    endloop
  endfacet
  facet normal -0.962566 -0.271047 0
    outer loop
      vertex -145.45 158.532 0
      vertex -145.528 158.809 0.799999
      vertex -145.528 158.809 0
    endloop
  endfacet
  facet normal -0.962566 -0.271047 0
    outer loop
      vertex -145.528 158.809 0.799999
      vertex -145.45 158.532 0
      vertex -145.45 158.532 0.799999
    endloop
  endfacet
  facet normal -0.988028 -0.154277 0
    outer loop
      vertex -145.528 158.809 0
      vertex -145.575 159.11 0.799999
      vertex -145.575 159.11 0
    endloop
  endfacet
  facet normal -0.988028 -0.154277 0
    outer loop
      vertex -145.575 159.11 0.799999
      vertex -145.528 158.809 0
      vertex -145.528 158.809 0.799999
    endloop
  endfacet
  facet normal -0.99879 -0.0491712 0
    outer loop
      vertex -145.575 159.11 0
      vertex -145.591 159.435 0.799999
      vertex -145.591 159.435 0
    endloop
  endfacet
  facet normal -0.99879 -0.0491712 0
    outer loop
      vertex -145.591 159.435 0.799999
      vertex -145.575 159.11 0
      vertex -145.575 159.11 0.799999
    endloop
  endfacet
  facet normal -0.998842 0.0481029 0
    outer loop
      vertex -145.591 159.435 0
      vertex -145.574 159.788 0.799999
      vertex -145.574 159.788 0
    endloop
  endfacet
  facet normal -0.998842 0.0481029 0
    outer loop
      vertex -145.574 159.788 0.799999
      vertex -145.591 159.435 0
      vertex -145.591 159.435 0.799999
    endloop
  endfacet
  facet normal -0.988158 0.153441 0
    outer loop
      vertex -145.574 159.788 0
      vertex -145.524 160.11 0.799999
      vertex -145.524 160.11 0
    endloop
  endfacet
  facet normal -0.988158 0.153441 0
    outer loop
      vertex -145.524 160.11 0.799999
      vertex -145.574 159.788 0
      vertex -145.574 159.788 0.799999
    endloop
  endfacet
  facet normal -0.961026 0.276459 0
    outer loop
      vertex -145.524 160.11 0
      vertex -145.44 160.402 0.799999
      vertex -145.44 160.402 0
    endloop
  endfacet
  facet normal -0.961026 0.276459 0
    outer loop
      vertex -145.44 160.402 0.799999
      vertex -145.524 160.11 0
      vertex -145.524 160.11 0.799999
    endloop
  endfacet
  facet normal -0.913092 0.407755 0
    outer loop
      vertex -145.44 160.402 0
      vertex -145.323 160.664 0.799999
      vertex -145.323 160.664 0
    endloop
  endfacet
  facet normal -0.913092 0.407755 0
    outer loop
      vertex -145.323 160.664 0.799999
      vertex -145.44 160.402 0
      vertex -145.44 160.402 0.799999
    endloop
  endfacet
  facet normal -0.837033 0.547152 0
    outer loop
      vertex -145.323 160.664 0
      vertex -145.172 160.895 0.799999
      vertex -145.172 160.895 0
    endloop
  endfacet
  facet normal -0.837033 0.547152 0
    outer loop
      vertex -145.172 160.895 0.799999
      vertex -145.323 160.664 0
      vertex -145.323 160.664 0.799999
    endloop
  endfacet
  facet normal -0.735931 0.677057 0
    outer loop
      vertex -145.172 160.895 0
      vertex -144.988 161.095 0.799999
      vertex -144.988 161.095 0
    endloop
  endfacet
  facet normal -0.735931 0.677057 0
    outer loop
      vertex -144.988 161.095 0.799999
      vertex -145.172 160.895 0
      vertex -145.172 160.895 0.799999
    endloop
  endfacet
  facet normal -0.617184 0.786819 0
    outer loop
      vertex -144.77 161.266 0
      vertex -144.988 161.095 0.799999
      vertex -144.77 161.266 0.799999
    endloop
  endfacet
  facet normal -0.617184 0.786819 0
    outer loop
      vertex -144.988 161.095 0.799999
      vertex -144.77 161.266 0
      vertex -144.988 161.095 0
    endloop
  endfacet
  facet normal -0.499122 0.866532 0
    outer loop
      vertex -144.52 161.41 0
      vertex -144.77 161.266 0.799999
      vertex -144.52 161.41 0.799999
    endloop
  endfacet
  facet normal -0.499122 0.866532 0
    outer loop
      vertex -144.77 161.266 0.799999
      vertex -144.52 161.41 0
      vertex -144.77 161.266 0
    endloop
  endfacet
  facet normal -0.393135 0.919481 0
    outer loop
      vertex -144.237 161.531 0
      vertex -144.52 161.41 0.799999
      vertex -144.237 161.531 0.799999
    endloop
  endfacet
  facet normal -0.393135 0.919481 0
    outer loop
      vertex -144.52 161.41 0.799999
      vertex -144.237 161.531 0
      vertex -144.52 161.41 0
    endloop
  endfacet
  facet normal -0.301709 0.9534 0
    outer loop
      vertex -143.921 161.631 0
      vertex -144.237 161.531 0.799999
      vertex -143.921 161.631 0.799999
    endloop
  endfacet
  facet normal -0.301709 0.9534 0
    outer loop
      vertex -144.237 161.531 0.799999
      vertex -143.921 161.631 0
      vertex -144.237 161.531 0
    endloop
  endfacet
  facet normal -0.216633 0.976253 0
    outer loop
      vertex -143.574 161.708 0
      vertex -143.921 161.631 0.799999
      vertex -143.574 161.708 0.799999
    endloop
  endfacet
  facet normal -0.216633 0.976253 0
    outer loop
      vertex -143.921 161.631 0.799999
      vertex -143.574 161.708 0
      vertex -143.921 161.631 0
    endloop
  endfacet
  facet normal -0.145419 0.98937 0
    outer loop
      vertex -143.193 161.764 0
      vertex -143.574 161.708 0.799999
      vertex -143.193 161.764 0.799999
    endloop
  endfacet
  facet normal -0.145419 0.98937 0
    outer loop
      vertex -143.574 161.708 0.799999
      vertex -143.193 161.764 0
      vertex -143.574 161.708 0
    endloop
  endfacet
  facet normal -0.0798414 0.996808 0
    outer loop
      vertex -142.781 161.797 0
      vertex -143.193 161.764 0.799999
      vertex -142.781 161.797 0.799999
    endloop
  endfacet
  facet normal -0.0798414 0.996808 0
    outer loop
      vertex -143.193 161.764 0.799999
      vertex -142.781 161.797 0
      vertex -143.193 161.764 0
    endloop
  endfacet
  facet normal -0.0247116 0.999695 0
    outer loop
      vertex -142.336 161.808 0
      vertex -142.781 161.797 0.799999
      vertex -142.336 161.808 0.799999
    endloop
  endfacet
  facet normal -0.0247116 0.999695 0
    outer loop
      vertex -142.781 161.797 0.799999
      vertex -142.336 161.808 0
      vertex -142.781 161.797 0
    endloop
  endfacet
  facet normal 0 1 -0
    outer loop
      vertex -137.779 161.808 0
      vertex -142.336 161.808 0.799999
      vertex -137.779 161.808 0.799999
    endloop
  endfacet
  facet normal 0 1 0
    outer loop
      vertex -142.336 161.808 0.799999
      vertex -137.779 161.808 0
      vertex -142.336 161.808 0
    endloop
  endfacet
  facet normal 1 -0 0
    outer loop
      vertex -137.779 157.075 0.799999
      vertex -137.779 161.808 0
      vertex -137.779 161.808 0.799999
    endloop
  endfacet
  facet normal 1 0 0
    outer loop
      vertex -137.779 161.808 0
      vertex -137.779 157.075 0.799999
      vertex -137.779 157.075 0
    endloop
  endfacet
  facet normal 0 -1 0
    outer loop
      vertex -142.363 157.075 0
      vertex -137.779 157.075 0.799999
      vertex -142.363 157.075 0.799999
    endloop
  endfacet
  facet normal 0 -1 -0
    outer loop
      vertex -137.779 157.075 0.799999
      vertex -142.363 157.075 0
      vertex -137.779 157.075 0
    endloop
  endfacet
  facet normal -0.0264558 -0.99965 0
    outer loop
      vertex -143.53 148.653 0
      vertex -143.001 148.639 0.799999
      vertex -143.53 148.653 0.799999
    endloop
  endfacet
  facet normal -0.0264558 -0.99965 -0
    outer loop
      vertex -143.001 148.639 0.799999
      vertex -143.53 148.653 0
      vertex -143.001 148.639 0
    endloop
  endfacet
  facet normal -0.0881331 -0.996109 0
    outer loop
      vertex -144.016 148.696 0
      vertex -143.53 148.653 0.799999
      vertex -144.016 148.696 0.799999
    endloop
  endfacet
  facet normal -0.0881331 -0.996109 -0
    outer loop
      vertex -143.53 148.653 0.799999
      vertex -144.016 148.696 0
      vertex -143.53 148.653 0
    endloop
  endfacet
  facet normal -0.157558 -0.98751 0
    outer loop
      vertex -144.461 148.767 0
      vertex -144.016 148.696 0.799999
      vertex -144.461 148.767 0.799999
    endloop
  endfacet
  facet normal -0.157558 -0.98751 -0
    outer loop
      vertex -144.016 148.696 0.799999
      vertex -144.461 148.767 0
      vertex -144.016 148.696 0
    endloop
  endfacet
  facet normal -0.241399 -0.970426 0
    outer loop
      vertex -144.863 148.867 0
      vertex -144.461 148.767 0.799999
      vertex -144.863 148.867 0.799999
    endloop
  endfacet
  facet normal -0.241399 -0.970426 -0
    outer loop
      vertex -144.461 148.767 0.799999
      vertex -144.863 148.867 0
      vertex -144.461 148.767 0
    endloop
  endfacet
  facet normal -0.335838 -0.94192 0
    outer loop
      vertex -145.222 148.995 0
      vertex -144.863 148.867 0.799999
      vertex -145.222 148.995 0.799999
    endloop
  endfacet
  facet normal -0.335838 -0.94192 -0
    outer loop
      vertex -144.863 148.867 0.799999
      vertex -145.222 148.995 0
      vertex -144.863 148.867 0
    endloop
  endfacet
  facet normal -0.442696 -0.896672 0
    outer loop
      vertex -145.54 149.152 0
      vertex -145.222 148.995 0.799999
      vertex -145.54 149.152 0.799999
    endloop
  endfacet
  facet normal -0.442696 -0.896672 -0
    outer loop
      vertex -145.222 148.995 0.799999
      vertex -145.54 149.152 0
      vertex -145.222 148.995 0
    endloop
  endfacet
  facet normal -0.558177 -0.829722 0
    outer loop
      vertex -145.815 149.337 0
      vertex -145.54 149.152 0.799999
      vertex -145.815 149.337 0.799999
    endloop
  endfacet
  facet normal -0.558177 -0.829722 -0
    outer loop
      vertex -145.54 149.152 0.799999
      vertex -145.815 149.337 0
      vertex -145.54 149.152 0
    endloop
  endfacet
  facet normal -0.673299 -0.73937 0
    outer loop
      vertex -146.05 149.551 0
      vertex -145.815 149.337 0.799999
      vertex -146.05 149.551 0.799999
    endloop
  endfacet
  facet normal -0.673299 -0.73937 -0
    outer loop
      vertex -145.815 149.337 0.799999
      vertex -146.05 149.551 0
      vertex -145.815 149.337 0
    endloop
  endfacet
  facet normal -0.772114 -0.635484 0
    outer loop
      vertex -146.05 149.551 0
      vertex -146.25 149.794 0.799999
      vertex -146.25 149.794 0
    endloop
  endfacet
  facet normal -0.772114 -0.635484 0
    outer loop
      vertex -146.25 149.794 0.799999
      vertex -146.05 149.551 0
      vertex -146.05 149.551 0.799999
    endloop
  endfacet
  facet normal -0.856091 -0.516825 0
    outer loop
      vertex -146.25 149.794 0
      vertex -146.413 150.064 0.799999
      vertex -146.413 150.064 0
    endloop
  endfacet
  facet normal -0.856091 -0.516825 0
    outer loop
      vertex -146.413 150.064 0.799999
      vertex -146.25 149.794 0
      vertex -146.25 149.794 0.799999
    endloop
  endfacet
  facet normal -0.920882 -0.38984 0
    outer loop
      vertex -146.413 150.064 0
      vertex -146.54 150.364 0.799999
      vertex -146.54 150.364 0
    endloop
  endfacet
  facet normal -0.920882 -0.38984 0
    outer loop
      vertex -146.54 150.364 0.799999
      vertex -146.413 150.064 0
      vertex -146.413 150.064 0.799999
    endloop
  endfacet
  facet normal -0.963602 -0.267341 0
    outer loop
      vertex -146.54 150.364 0
      vertex -146.631 150.692 0.799999
      vertex -146.631 150.692 0
    endloop
  endfacet
  facet normal -0.963602 -0.267341 0
    outer loop
      vertex -146.631 150.692 0.799999
      vertex -146.54 150.364 0
      vertex -146.54 150.364 0.799999
    endloop
  endfacet
  facet normal -0.988691 -0.14997 0
    outer loop
      vertex -146.631 150.692 0
      vertex -146.685 151.048 0.799999
      vertex -146.685 151.048 0
    endloop
  endfacet
  facet normal -0.988691 -0.14997 0
    outer loop
      vertex -146.685 151.048 0.799999
      vertex -146.631 150.692 0
      vertex -146.631 150.692 0.799999
    endloop
  endfacet
  facet normal -0.998909 -0.0467022 0
    outer loop
      vertex -146.685 151.048 0
      vertex -146.703 151.433 0.799999
      vertex -146.703 151.433 0
    endloop
  endfacet
  facet normal -0.998909 -0.0467022 0
    outer loop
      vertex -146.703 151.433 0.799999
      vertex -146.685 151.048 0
      vertex -146.685 151.048 0.799999
    endloop
  endfacet
  facet normal -0.994053 0.108899 0
    outer loop
      vertex -146.703 151.433 0
      vertex -146.625 152.145 0.799999
      vertex -146.625 152.145 0
    endloop
  endfacet
  facet normal -0.994053 0.108899 0
    outer loop
      vertex -146.625 152.145 0.799999
      vertex -146.703 151.433 0
      vertex -146.703 151.433 0.799999
    endloop
  endfacet
  facet normal -0.93122 0.364458 0
    outer loop
      vertex -146.625 152.145 0
      vertex -146.389 152.748 0.799999
      vertex -146.389 152.748 0
    endloop
  endfacet
  facet normal -0.93122 0.364458 0
    outer loop
      vertex -146.389 152.748 0.799999
      vertex -146.625 152.145 0
      vertex -146.625 152.145 0.799999
    endloop
  endfacet
  facet normal -0.781951 0.62334 0
    outer loop
      vertex -146.389 152.748 0
      vertex -145.996 153.241 0.799999
      vertex -145.996 153.241 0
    endloop
  endfacet
  facet normal -0.781951 0.62334 0
    outer loop
      vertex -145.996 153.241 0.799999
      vertex -146.389 152.748 0
      vertex -146.389 152.748 0.799999
    endloop
  endfacet
  facet normal -0.571762 0.820419 0
    outer loop
      vertex -145.445 153.625 0
      vertex -145.996 153.241 0.799999
      vertex -145.445 153.625 0.799999
    endloop
  endfacet
  facet normal -0.571762 0.820419 0
    outer loop
      vertex -145.996 153.241 0.799999
      vertex -145.445 153.625 0
      vertex -145.996 153.241 0
    endloop
  endfacet
  facet normal -0.361364 0.932425 0
    outer loop
      vertex -144.738 153.899 0
      vertex -145.445 153.625 0.799999
      vertex -144.738 153.899 0.799999
    endloop
  endfacet
  facet normal -0.361364 0.932425 0
    outer loop
      vertex -145.445 153.625 0.799999
      vertex -144.738 153.899 0
      vertex -145.445 153.625 0
    endloop
  endfacet
  facet normal -0.186277 0.982497 0
    outer loop
      vertex -143.873 154.063 0
      vertex -144.738 153.899 0.799999
      vertex -143.873 154.063 0.799999
    endloop
  endfacet
  facet normal -0.186277 0.982497 0
    outer loop
      vertex -144.738 153.899 0.799999
      vertex -143.873 154.063 0
      vertex -144.738 153.899 0
    endloop
  endfacet
  facet normal -0.0537383 0.998555 0
    outer loop
      vertex -142.851 154.118 0
      vertex -143.873 154.063 0.799999
      vertex -142.851 154.118 0.799999
    endloop
  endfacet
  facet normal -0.0537383 0.998555 0
    outer loop
      vertex -143.873 154.063 0.799999
      vertex -142.851 154.118 0
      vertex -143.873 154.063 0
    endloop
  endfacet
  facet normal 0 1 -0
    outer loop
      vertex -137.779 154.118 0
      vertex -142.851 154.118 0.799999
      vertex -137.779 154.118 0.799999
    endloop
  endfacet
  facet normal 0 1 0
    outer loop
      vertex -142.851 154.118 0.799999
      vertex -137.779 154.118 0
      vertex -142.851 154.118 0
    endloop
  endfacet
  facet normal 1 -0 0
    outer loop
      vertex -137.779 148.639 0.799999
      vertex -137.779 154.118 0
      vertex -137.779 154.118 0.799999
    endloop
  endfacet
  facet normal 1 0 0
    outer loop
      vertex -137.779 154.118 0
      vertex -137.779 148.639 0.799999
      vertex -137.779 148.639 0
    endloop
  endfacet
  facet normal 0 -1 0
    outer loop
      vertex -143.001 148.639 0
      vertex -137.779 148.639 0.799999
      vertex -143.001 148.639 0.799999
    endloop
  endfacet
  facet normal 0 -1 -0
    outer loop
      vertex -137.779 148.639 0.799999
      vertex -143.001 148.639 0
      vertex -137.779 148.639 0
    endloop
  endfacet
  facet normal 0 -1 0
    outer loop
      vertex -157.369 164.778 0
      vertex -153.368 164.778 0.799999
      vertex -157.369 164.778 0.799999
    endloop
  endfacet
  facet normal 0 -1 -0
    outer loop
      vertex -153.368 164.778 0.799999
      vertex -157.369 164.778 0
      vertex -153.368 164.778 0
    endloop
  endfacet
  facet normal 1 -0 0
    outer loop
      vertex -157.369 148.761 0.799999
      vertex -157.369 164.778 0
      vertex -157.369 164.778 0.799999
    endloop
  endfacet
  facet normal 1 0 0
    outer loop
      vertex -157.369 164.778 0
      vertex -157.369 148.761 0.799999
      vertex -157.369 148.761 0
    endloop
  endfacet
  facet normal 0 -1 0
    outer loop
      vertex -167.622 148.761 0
      vertex -157.369 148.761 0.799999
      vertex -167.622 148.761 0.799999
    endloop
  endfacet
  facet normal 0 -1 -0
    outer loop
      vertex -157.369 148.761 0.799999
      vertex -167.622 148.761 0
      vertex -157.369 148.761 0
    endloop
  endfacet
  facet normal 1 -0 0
    outer loop
      vertex -167.622 145.669 0.799999
      vertex -167.622 148.761 0
      vertex -167.622 148.761 0.799999
    endloop
  endfacet
  facet normal 1 0 0
    outer loop
      vertex -167.622 148.761 0
      vertex -167.622 145.669 0.799999
      vertex -167.622 145.669 0
    endloop
  endfacet
  facet normal 0 1 -0
    outer loop
      vertex -153.368 145.669 0
      vertex -167.622 145.669 0.799999
      vertex -153.368 145.669 0.799999
    endloop
  endfacet
  facet normal 0 1 0
    outer loop
      vertex -167.622 145.669 0.799999
      vertex -153.368 145.669 0
      vertex -167.622 145.669 0
    endloop
  endfacet
  facet normal -1 0 0
    outer loop
      vertex -153.368 145.669 0
      vertex -153.368 164.778 0.799999
      vertex -153.368 164.778 0
    endloop
  endfacet
  facet normal -1 -0 0
    outer loop
      vertex -153.368 164.778 0.799999
      vertex -153.368 145.669 0
      vertex -153.368 145.669 0.799999
    endloop
  endfacet
endsolid OpenSCAD_Model
