solid OpenSCAD_Model
  facet normal 0 0 1
    outer loop
      vertex 27.4232 30.363 6
      vertex 2.32937 96.3067 6
      vertex 27.1593 30.2328 6
    endloop
  endfacet
  facet normal 0 0 1
    outer loop
      vertex 26.4992 29.654 6
      vertex 8.923 16.1747 6
      vertex 9 15 6
    endloop
  endfacet
  facet normal 0 0 1
    outer loop
      vertex 26.4992 29.654 6
      vertex 8.69333 17.3294 6
      vertex 8.923 16.1747 6
    endloop
  endfacet
  facet normal 0 0 1
    outer loop
      vertex 26.4992 29.654 6
      vertex 8.31492 18.4441 6
      vertex 8.69333 17.3294 6
    endloop
  endfacet
  facet normal -0 0 1
    outer loop
      vertex 1.17474 96.077 6
      vertex 27.1593 30.2328 6
      vertex 2.32937 96.3067 6
    endloop
  endfacet
  facet normal 0 0 1
    outer loop
      vertex 26.4992 29.654 6
      vertex 7.79423 19.5 6
      vertex 8.31492 18.4441 6
    endloop
  endfacet
  facet normal 0 0 1
    outer loop
      vertex 4.5 97.2058 6
      vertex 8.25 99.3708 6
      vertex 7.48744 98.9948 6
    endloop
  endfacet
  facet normal 0 0 1
    outer loop
      vertex 26.4992 29.654 6
      vertex 7.14018 20.4789 6
      vertex 7.79423 19.5 6
    endloop
  endfacet
  facet normal 0 0 1
    outer loop
      vertex 5.47885 97.8598 6
      vertex 7.48744 98.9948 6
      vertex 6.68232 98.7215 6
    endloop
  endfacet
  facet normal 0 0 1
    outer loop
      vertex 6.36396 98.636 6
      vertex 6.68232 98.7215 6
      vertex 6.38745 98.6628 6
    endloop
  endfacet
  facet normal 0 0 1
    outer loop
      vertex 5.47885 97.8598 6
      vertex 6.68232 98.7215 6
      vertex 6.36396 98.636 6
    endloop
  endfacet
  facet normal 0 0 1
    outer loop
      vertex 26.4992 29.654 6
      vertex 6.36396 21.364 6
      vertex 7.14018 20.4789 6
    endloop
  endfacet
  facet normal 0 0 1
    outer loop
      vertex 4.5 97.2058 6
      vertex 7.48744 98.9948 6
      vertex 5.47885 97.8598 6
    endloop
  endfacet
  facet normal 0 0 1
    outer loop
      vertex 26.4992 29.654 6
      vertex 5.47885 22.1402 6
      vertex 6.36396 21.364 6
    endloop
  endfacet
  facet normal 0 0 1
    outer loop
      vertex 27.1593 30.2328 6
      vertex 1.17474 96.077 6
      vertex 26.9146 30.0693 6
    endloop
  endfacet
  facet normal 0 0 1
    outer loop
      vertex 26.4992 29.654 6
      vertex 4.5 22.7942 6
      vertex 5.47885 22.1402 6
    endloop
  endfacet
  facet normal 0 0 1
    outer loop
      vertex 1.17474 23.923 6
      vertex 26.9146 30.0693 6
      vertex 1.17474 96.077 6
    endloop
  endfacet
  facet normal 0 0 1
    outer loop
      vertex 26.4992 29.654 6
      vertex 3.44415 23.3149 6
      vertex 4.5 22.7942 6
    endloop
  endfacet
  facet normal 0 -0 1
    outer loop
      vertex 2.32937 23.6933 6
      vertex 26.9146 30.0693 6
      vertex 1.17474 23.923 6
    endloop
  endfacet
  facet normal 0 0 1
    outer loop
      vertex 26.4992 29.654 6
      vertex 2.32937 23.6933 6
      vertex 3.44415 23.3149 6
    endloop
  endfacet
  facet normal 0 0 1
    outer loop
      vertex 26.9146 30.0693 6
      vertex 2.32937 23.6933 6
      vertex 26.6933 29.8753 6
    endloop
  endfacet
  facet normal 0 0 1
    outer loop
      vertex 26.6933 29.8753 6
      vertex 2.32937 23.6933 6
      vertex 26.4992 29.654 6
    endloop
  endfacet
  facet normal -0 0 1
    outer loop
      vertex 0 96 6
      vertex 1.17474 23.923 6
      vertex 1.17474 96.077 6
    endloop
  endfacet
  facet normal 0 0 1
    outer loop
      vertex 1.17474 23.923 6
      vertex 0 96 6
      vertex 0 24 6
    endloop
  endfacet
  facet normal 0 0 1
    outer loop
      vertex 220 0 6
      vertex 183.444 75.8484 6
      vertex 183.5 75 6
    endloop
  endfacet
  facet normal 0 0 1
    outer loop
      vertex 220 211 6
      vertex 183.279 76.6823 6
      vertex 183.444 75.8484 6
    endloop
  endfacet
  facet normal 0 0 1
    outer loop
      vertex 220 211 6
      vertex 183.005 77.4874 6
      vertex 183.279 76.6823 6
    endloop
  endfacet
  facet normal 0 0 1
    outer loop
      vertex 220 211 6
      vertex 182.629 78.25 6
      vertex 183.005 77.4874 6
    endloop
  endfacet
  facet normal 0 0 1
    outer loop
      vertex 220 211 6
      vertex 182.157 78.9569 6
      vertex 182.629 78.25 6
    endloop
  endfacet
  facet normal 0 0 1
    outer loop
      vertex 220 211 6
      vertex 181.596 79.5962 6
      vertex 182.157 78.9569 6
    endloop
  endfacet
  facet normal 0 0 1
    outer loop
      vertex 220 211 6
      vertex 180.957 80.1568 6
      vertex 181.596 79.5962 6
    endloop
  endfacet
  facet normal 0 0 1
    outer loop
      vertex 220 211 6
      vertex 180.25 80.6292 6
      vertex 180.957 80.1568 6
    endloop
  endfacet
  facet normal 0 0 1
    outer loop
      vertex 220 211 6
      vertex 179.487 81.0052 6
      vertex 180.25 80.6292 6
    endloop
  endfacet
  facet normal 0 0 1
    outer loop
      vertex 220 211 6
      vertex 178.682 81.2785 6
      vertex 179.487 81.0052 6
    endloop
  endfacet
  facet normal 0 0 1
    outer loop
      vertex 220 211 6
      vertex 135.157 108.957 6
      vertex 178.682 81.2785 6
    endloop
  endfacet
  facet normal 0 0 1
    outer loop
      vertex 178.682 81.2785 6
      vertex 135.157 108.957 6
      vertex 177.848 81.4444 6
    endloop
  endfacet
  facet normal -0 -0 1
    outer loop
      vertex 135.629 108.25 6
      vertex 177.848 81.4444 6
      vertex 135.157 108.957 6
    endloop
  endfacet
  facet normal 0 0 1
    outer loop
      vertex 177.848 81.4444 6
      vertex 135.629 108.25 6
      vertex 177 81.5 6
    endloop
  endfacet
  facet normal -0 -0 1
    outer loop
      vertex 136.005 107.487 6
      vertex 177 81.5 6
      vertex 135.629 108.25 6
    endloop
  endfacet
  facet normal 0 0 1
    outer loop
      vertex 177 81.5 6
      vertex 136.005 107.487 6
      vertex 176.152 81.4444 6
    endloop
  endfacet
  facet normal -0 -0 1
    outer loop
      vertex 136.279 106.682 6
      vertex 176.152 81.4444 6
      vertex 136.005 107.487 6
    endloop
  endfacet
  facet normal 0 0 1
    outer loop
      vertex 176.152 81.4444 6
      vertex 136.279 106.682 6
      vertex 175.318 81.2785 6
    endloop
  endfacet
  facet normal 0 0 1
    outer loop
      vertex 175.318 81.2785 6
      vertex 136.444 105.848 6
      vertex 174.513 81.0052 6
    endloop
  endfacet
  facet normal -0 -0 1
    outer loop
      vertex 136.5 105 6
      vertex 174.513 81.0052 6
      vertex 136.444 105.848 6
    endloop
  endfacet
  facet normal 0 0 1
    outer loop
      vertex 174.513 81.0052 6
      vertex 136.5 105 6
      vertex 173.75 80.6292 6
    endloop
  endfacet
  facet normal -0 0 1
    outer loop
      vertex 136.444 104.152 6
      vertex 173.75 80.6292 6
      vertex 136.5 105 6
    endloop
  endfacet
  facet normal 0 0 1
    outer loop
      vertex 171.843 78.9569 6
      vertex 135.629 101.75 6
      vertex 171.371 78.25 6
    endloop
  endfacet
  facet normal -0 0 1
    outer loop
      vertex 135.629 101.75 6
      vertex 171.843 78.9569 6
      vertex 136.005 102.513 6
    endloop
  endfacet
  facet normal 0 0 1
    outer loop
      vertex 173.75 80.6292 6
      vertex 136.444 104.152 6
      vertex 173.043 80.1568 6
    endloop
  endfacet
  facet normal 0 0 1
    outer loop
      vertex 172.404 79.5962 6
      vertex 136.005 102.513 6
      vertex 171.843 78.9569 6
    endloop
  endfacet
  facet normal -0 0 1
    outer loop
      vertex 136.005 102.513 6
      vertex 172.404 79.5962 6
      vertex 136.279 103.318 6
    endloop
  endfacet
  facet normal 0 0 1
    outer loop
      vertex 173.043 80.1568 6
      vertex 136.279 103.318 6
      vertex 172.404 79.5962 6
    endloop
  endfacet
  facet normal -0 0 1
    outer loop
      vertex 136.279 103.318 6
      vertex 173.043 80.1568 6
      vertex 136.444 104.152 6
    endloop
  endfacet
  facet normal -0 -0 1
    outer loop
      vertex 136.444 105.848 6
      vertex 175.318 81.2785 6
      vertex 136.279 106.682 6
    endloop
  endfacet
  facet normal 0 0 1
    outer loop
      vertex 220 211 6
      vertex 134.596 109.596 6
      vertex 135.157 108.957 6
    endloop
  endfacet
  facet normal 0 0 1
    outer loop
      vertex 220 211 6
      vertex 133.957 110.157 6
      vertex 134.596 109.596 6
    endloop
  endfacet
  facet normal 0 0 1
    outer loop
      vertex 220 211 6
      vertex 133.25 110.629 6
      vertex 133.957 110.157 6
    endloop
  endfacet
  facet normal 0 0 1
    outer loop
      vertex 206 225 6
      vertex 132.487 111.005 6
      vertex 133.25 110.629 6
    endloop
  endfacet
  facet normal 0 0 1
    outer loop
      vertex 206 225 6
      vertex 131.682 111.279 6
      vertex 132.487 111.005 6
    endloop
  endfacet
  facet normal 0 0 1
    outer loop
      vertex 206 225 6
      vertex 130.848 111.444 6
      vertex 131.682 111.279 6
    endloop
  endfacet
  facet normal 0 0 1
    outer loop
      vertex 206 225 6
      vertex 130 111.5 6
      vertex 130.848 111.444 6
    endloop
  endfacet
  facet normal 0 0 1
    outer loop
      vertex 206 225 6
      vertex 129.152 111.444 6
      vertex 130 111.5 6
    endloop
  endfacet
  facet normal -0 0 1
    outer loop
      vertex 19.9658 214.478 6
      vertex 129.152 111.444 6
      vertex 206 225 6
    endloop
  endfacet
  facet normal 0 0 1
    outer loop
      vertex 129.152 111.444 6
      vertex 19.9658 214.478 6
      vertex 128.318 111.279 6
    endloop
  endfacet
  facet normal -0 0 1
    outer loop
      vertex 19.8637 213.965 6
      vertex 128.318 111.279 6
      vertex 19.9658 214.478 6
    endloop
  endfacet
  facet normal 0 0 1
    outer loop
      vertex 128.318 111.279 6
      vertex 19.8637 213.965 6
      vertex 127.513 111.005 6
    endloop
  endfacet
  facet normal -0 0 1
    outer loop
      vertex 19.6955 213.469 6
      vertex 127.513 111.005 6
      vertex 19.8637 213.965 6
    endloop
  endfacet
  facet normal 0 0 1
    outer loop
      vertex 127.513 111.005 6
      vertex 19.6955 213.469 6
      vertex 126.75 110.629 6
    endloop
  endfacet
  facet normal 0 0 1
    outer loop
      vertex 220 0 6
      vertex 118.923 1.17474 6
      vertex 119 0 6
    endloop
  endfacet
  facet normal 0 0 1
    outer loop
      vertex 123.556 104.152 6
      vertex 118.693 2.32937 6
      vertex 118.923 1.17474 6
    endloop
  endfacet
  facet normal 0 0 1
    outer loop
      vertex 123.556 104.152 6
      vertex 118.315 3.44415 6
      vertex 118.693 2.32937 6
    endloop
  endfacet
  facet normal 0 0 1
    outer loop
      vertex 123.556 104.152 6
      vertex 117.794 4.5 6
      vertex 118.315 3.44415 6
    endloop
  endfacet
  facet normal 0 0 1
    outer loop
      vertex 123.556 104.152 6
      vertex 117.14 5.47885 6
      vertex 117.794 4.5 6
    endloop
  endfacet
  facet normal 0 0 1
    outer loop
      vertex 123.556 104.152 6
      vertex 116.364 6.36396 6
      vertex 117.14 5.47885 6
    endloop
  endfacet
  facet normal 0 0 1
    outer loop
      vertex 11.5 105 6
      vertex 123.5 105 6
      vertex 123.556 105.848 6
    endloop
  endfacet
  facet normal 0 0 1
    outer loop
      vertex 123.556 104.152 6
      vertex 115.479 7.14018 6
      vertex 116.364 6.36396 6
    endloop
  endfacet
  facet normal 0 0 1
    outer loop
      vertex 123.556 104.152 6
      vertex 114.5 7.79423 6
      vertex 115.479 7.14018 6
    endloop
  endfacet
  facet normal 0 0 1
    outer loop
      vertex 123.556 104.152 6
      vertex 113.444 8.31492 6
      vertex 114.5 7.79423 6
    endloop
  endfacet
  facet normal 0 0 1
    outer loop
      vertex 123.556 104.152 6
      vertex 112.329 8.69333 6
      vertex 113.444 8.31492 6
    endloop
  endfacet
  facet normal 0 0 1
    outer loop
      vertex 123.556 104.152 6
      vertex 111.175 8.923 6
      vertex 112.329 8.69333 6
    endloop
  endfacet
  facet normal 0 0 1
    outer loop
      vertex 123.556 104.152 6
      vertex 110 9 6
      vertex 111.175 8.923 6
    endloop
  endfacet
  facet normal 0 0 1
    outer loop
      vertex 123.556 104.152 6
      vertex 108.825 8.923 6
      vertex 110 9 6
    endloop
  endfacet
  facet normal 0 0 1
    outer loop
      vertex 123.556 104.152 6
      vertex 107.671 8.69333 6
      vertex 108.825 8.923 6
    endloop
  endfacet
  facet normal 0 0 1
    outer loop
      vertex 123.556 104.152 6
      vertex 106.556 8.31492 6
      vertex 107.671 8.69333 6
    endloop
  endfacet
  facet normal 0 0 1
    outer loop
      vertex 123.556 104.152 6
      vertex 30.2328 29.4093 6
      vertex 106.556 8.31492 6
    endloop
  endfacet
  facet normal 0 0 1
    outer loop
      vertex 106.556 8.31492 6
      vertex 30.2328 29.4093 6
      vertex 105.5 7.79423 6
    endloop
  endfacet
  facet normal -0 -0 1
    outer loop
      vertex 30.363 29.1453 6
      vertex 105.5 7.79423 6
      vertex 30.2328 29.4093 6
    endloop
  endfacet
  facet normal 0 0 1
    outer loop
      vertex 11.4444 105.848 6
      vertex 123.556 105.848 6
      vertex 123.721 106.682 6
    endloop
  endfacet
  facet normal 0 0 1
    outer loop
      vertex 105.5 7.79423 6
      vertex 30.363 29.1453 6
      vertex 104.521 7.14018 6
    endloop
  endfacet
  facet normal -0 -0 1
    outer loop
      vertex 30.4576 28.8666 6
      vertex 104.521 7.14018 6
      vertex 30.363 29.1453 6
    endloop
  endfacet
  facet normal 0 0 1
    outer loop
      vertex 104.521 7.14018 6
      vertex 30.4576 28.8666 6
      vertex 103.636 6.36396 6
    endloop
  endfacet
  facet normal -0 -0 1
    outer loop
      vertex 30.515 28.578 6
      vertex 103.636 6.36396 6
      vertex 30.4576 28.8666 6
    endloop
  endfacet
  facet normal -0 0 1
    outer loop
      vertex 30.363 27.4232 6
      vertex 101.685 3.44415 6
      vertex 30.4576 27.7019 6
    endloop
  endfacet
  facet normal -0 0 1
    outer loop
      vertex 30.4576 27.7019 6
      vertex 101.685 3.44415 6
      vertex 30.515 27.9906 6
    endloop
  endfacet
  facet normal 0 0 1
    outer loop
      vertex 103.636 6.36396 6
      vertex 30.515 28.578 6
      vertex 102.86 5.47885 6
    endloop
  endfacet
  facet normal 0 0 1
    outer loop
      vertex 11.2785 106.682 6
      vertex 123.721 106.682 6
      vertex 123.995 107.487 6
    endloop
  endfacet
  facet normal 0 0 1
    outer loop
      vertex 11.0052 107.487 6
      vertex 123.995 107.487 6
      vertex 124.371 108.25 6
    endloop
  endfacet
  facet normal 0 0 1
    outer loop
      vertex 10.6292 108.25 6
      vertex 124.371 108.25 6
      vertex 124.843 108.957 6
    endloop
  endfacet
  facet normal -0 0 1
    outer loop
      vertex 19.4641 213 6
      vertex 126.75 110.629 6
      vertex 19.6955 213.469 6
    endloop
  endfacet
  facet normal 0 0 1
    outer loop
      vertex 102.206 4.5 6
      vertex 30.515 27.9906 6
      vertex 101.685 3.44415 6
    endloop
  endfacet
  facet normal -0 0 1
    outer loop
      vertex 30.515 27.9906 6
      vertex 102.206 4.5 6
      vertex 30.5343 28.2843 6
    endloop
  endfacet
  facet normal 0 0 1
    outer loop
      vertex 102.86 5.47885 6
      vertex 30.5343 28.2843 6
      vertex 102.206 4.5 6
    endloop
  endfacet
  facet normal -0 -0 1
    outer loop
      vertex 30.5343 28.2843 6
      vertex 102.86 5.47885 6
      vertex 30.515 28.578 6
    endloop
  endfacet
  facet normal 0 0 1
    outer loop
      vertex 123.5 105 6
      vertex 11.5 105 6
      vertex 11.4444 104.152 6
    endloop
  endfacet
  facet normal 0 0 1
    outer loop
      vertex 123.556 104.152 6
      vertex 11.4444 104.152 6
      vertex 11.2785 103.318 6
    endloop
  endfacet
  facet normal 0 0 1
    outer loop
      vertex 123.556 104.152 6
      vertex 30.0693 29.654 6
      vertex 30.2328 29.4093 6
    endloop
  endfacet
  facet normal 0 0 1
    outer loop
      vertex 123.556 104.152 6
      vertex 11.2785 103.318 6
      vertex 11.0052 102.513 6
    endloop
  endfacet
  facet normal 0 0 1
    outer loop
      vertex 123.556 104.152 6
      vertex 29.8753 29.8753 6
      vertex 30.0693 29.654 6
    endloop
  endfacet
  facet normal 0 0 1
    outer loop
      vertex 123.556 104.152 6
      vertex 11.0052 102.513 6
      vertex 29.654 30.0693 6
    endloop
  endfacet
  facet normal 0 0 1
    outer loop
      vertex 123.556 104.152 6
      vertex 29.654 30.0693 6
      vertex 29.8753 29.8753 6
    endloop
  endfacet
  facet normal -0 0 1
    outer loop
      vertex 10.6292 101.75 6
      vertex 29.654 30.0693 6
      vertex 11.0052 102.513 6
    endloop
  endfacet
  facet normal 0 0 1
    outer loop
      vertex 29.654 30.0693 6
      vertex 10.6292 101.75 6
      vertex 29.4093 30.2328 6
    endloop
  endfacet
  facet normal 0 0 1
    outer loop
      vertex 29.4093 30.2328 6
      vertex 10.6292 101.75 6
      vertex 29.1453 30.363 6
    endloop
  endfacet
  facet normal -0 0 1
    outer loop
      vertex 10.1568 101.043 6
      vertex 29.1453 30.363 6
      vertex 10.6292 101.75 6
    endloop
  endfacet
  facet normal 0 0 1
    outer loop
      vertex 29.1453 30.363 6
      vertex 10.1568 101.043 6
      vertex 28.8666 30.4576 6
    endloop
  endfacet
  facet normal -0 0 1
    outer loop
      vertex 9.59619 100.404 6
      vertex 28.8666 30.4576 6
      vertex 10.1568 101.043 6
    endloop
  endfacet
  facet normal 0 0 1
    outer loop
      vertex 28.8666 30.4576 6
      vertex 9.59619 100.404 6
      vertex 28.578 30.515 6
    endloop
  endfacet
  facet normal 0 0 1
    outer loop
      vertex 28.578 26.0535 6
      vertex 24.5 7.79423 6
      vertex 25.4789 7.14018 6
    endloop
  endfacet
  facet normal 0 0 1
    outer loop
      vertex 9 15 6
      vertex 26.0343 28.2843 6
      vertex 26.0535 28.578 6
    endloop
  endfacet
  facet normal 0 0 1
    outer loop
      vertex 26.0535 27.9906 6
      vertex 23.4441 8.31492 6
      vertex 24.5 7.79423 6
    endloop
  endfacet
  facet normal 0 0 1
    outer loop
      vertex 26.0535 27.9906 6
      vertex 22.3294 8.69333 6
      vertex 23.4441 8.31492 6
    endloop
  endfacet
  facet normal 0 0 1
    outer loop
      vertex 26.0535 27.9906 6
      vertex 21.1747 8.923 6
      vertex 22.3294 8.69333 6
    endloop
  endfacet
  facet normal 0 0 1
    outer loop
      vertex 9 15 6
      vertex 26.0535 28.578 6
      vertex 26.1109 28.8666 6
    endloop
  endfacet
  facet normal -0 0 1
    outer loop
      vertex 8.95695 99.8432 6
      vertex 28.578 30.515 6
      vertex 9.59619 100.404 6
    endloop
  endfacet
  facet normal 0 0 1
    outer loop
      vertex 123.556 105.848 6
      vertex 11.4444 105.848 6
      vertex 11.5 105 6
    endloop
  endfacet
  facet normal -0 0 1
    outer loop
      vertex 19.1734 212.565 6
      vertex 126.043 110.157 6
      vertex 19.4641 213 6
    endloop
  endfacet
  facet normal 0 0 1
    outer loop
      vertex 126.75 110.629 6
      vertex 19.4641 213 6
      vertex 126.043 110.157 6
    endloop
  endfacet
  facet normal 0 0 1
    outer loop
      vertex 19.9658 214.478 6
      vertex 206 225 6
      vertex 20 215 6
    endloop
  endfacet
  facet normal 0 0 1
    outer loop
      vertex 20 215 6
      vertex 206 225 6
      vertex 20 221 6
    endloop
  endfacet
  facet normal 0 0 1
    outer loop
      vertex 206 225 6
      vertex 19.9658 221.522 6
      vertex 20 221 6
    endloop
  endfacet
  facet normal 0 0 1
    outer loop
      vertex 206 225 6
      vertex 19.8637 222.035 6
      vertex 19.9658 221.522 6
    endloop
  endfacet
  facet normal 0 0 1
    outer loop
      vertex 206 225 6
      vertex 19.6955 222.531 6
      vertex 19.8637 222.035 6
    endloop
  endfacet
  facet normal 0 0 1
    outer loop
      vertex 206 225 6
      vertex 19.4641 223 6
      vertex 19.6955 222.531 6
    endloop
  endfacet
  facet normal 0 0 1
    outer loop
      vertex 206 225 6
      vertex 19.1734 223.435 6
      vertex 19.4641 223 6
    endloop
  endfacet
  facet normal 0 0 1
    outer loop
      vertex 206 225 6
      vertex 18.8284 223.828 6
      vertex 19.1734 223.435 6
    endloop
  endfacet
  facet normal 0 0 1
    outer loop
      vertex 206 225 6
      vertex 18.435 224.173 6
      vertex 18.8284 223.828 6
    endloop
  endfacet
  facet normal 0 0 1
    outer loop
      vertex 206 225 6
      vertex 18 224.464 6
      vertex 18.435 224.173 6
    endloop
  endfacet
  facet normal 0 0 1
    outer loop
      vertex 206 225 6
      vertex 17.5307 224.696 6
      vertex 18 224.464 6
    endloop
  endfacet
  facet normal 0 0 1
    outer loop
      vertex 206 225 6
      vertex 17.0353 224.864 6
      vertex 17.5307 224.696 6
    endloop
  endfacet
  facet normal 0 0 1
    outer loop
      vertex 206 225 6
      vertex 16.5221 224.966 6
      vertex 17.0353 224.864 6
    endloop
  endfacet
  facet normal 0 -0 1
    outer loop
      vertex 16.5221 224.966 6
      vertex 206 225 6
      vertex 16 225 6
    endloop
  endfacet
  facet normal 0 0 1
    outer loop
      vertex 206 225 6
      vertex 220 211 6
      vertex 219.88 212.827 6
    endloop
  endfacet
  facet normal 0 0 1
    outer loop
      vertex 206 225 6
      vertex 219.88 212.827 6
      vertex 219.523 214.623 6
    endloop
  endfacet
  facet normal 0 0 1
    outer loop
      vertex 206 225 6
      vertex 219.523 214.623 6
      vertex 218.934 216.358 6
    endloop
  endfacet
  facet normal 0 0 1
    outer loop
      vertex 206 225 6
      vertex 218.934 216.358 6
      vertex 218.124 218 6
    endloop
  endfacet
  facet normal 0 0 1
    outer loop
      vertex 206 225 6
      vertex 218.124 218 6
      vertex 217.107 219.523 6
    endloop
  endfacet
  facet normal 0 0 1
    outer loop
      vertex 206 225 6
      vertex 217.107 219.523 6
      vertex 215.899 220.899 6
    endloop
  endfacet
  facet normal 0 0 1
    outer loop
      vertex 206 225 6
      vertex 215.899 220.899 6
      vertex 214.523 222.107 6
    endloop
  endfacet
  facet normal 0 0 1
    outer loop
      vertex 206 225 6
      vertex 214.523 222.107 6
      vertex 213 223.124 6
    endloop
  endfacet
  facet normal 0 0 1
    outer loop
      vertex 206 225 6
      vertex 213 223.124 6
      vertex 211.358 223.934 6
    endloop
  endfacet
  facet normal 0 0 1
    outer loop
      vertex 206 225 6
      vertex 211.358 223.934 6
      vertex 209.623 224.523 6
    endloop
  endfacet
  facet normal 0 0 1
    outer loop
      vertex 206 225 6
      vertex 209.623 224.523 6
      vertex 207.827 224.88 6
    endloop
  endfacet
  facet normal 0 0 1
    outer loop
      vertex 133.25 110.629 6
      vertex 220 211 6
      vertex 206 225 6
    endloop
  endfacet
  facet normal -0 0 1
    outer loop
      vertex 183.444 75.8484 6
      vertex 220 0 6
      vertex 220 211 6
    endloop
  endfacet
  facet normal -0 0 1
    outer loop
      vertex 183.444 74.1516 6
      vertex 220 0 6
      vertex 183.5 75 6
    endloop
  endfacet
  facet normal -0 0 1
    outer loop
      vertex 183.279 73.3177 6
      vertex 220 0 6
      vertex 183.444 74.1516 6
    endloop
  endfacet
  facet normal -0 0 1
    outer loop
      vertex 183.005 72.5126 6
      vertex 220 0 6
      vertex 183.279 73.3177 6
    endloop
  endfacet
  facet normal -0 0 1
    outer loop
      vertex 182.629 71.75 6
      vertex 220 0 6
      vertex 183.005 72.5126 6
    endloop
  endfacet
  facet normal -0 0 1
    outer loop
      vertex 182.157 71.0431 6
      vertex 220 0 6
      vertex 182.629 71.75 6
    endloop
  endfacet
  facet normal -0 0 1
    outer loop
      vertex 181.596 70.4038 6
      vertex 220 0 6
      vertex 182.157 71.0431 6
    endloop
  endfacet
  facet normal -0 0 1
    outer loop
      vertex 180.957 69.8432 6
      vertex 220 0 6
      vertex 181.596 70.4038 6
    endloop
  endfacet
  facet normal -0 0 1
    outer loop
      vertex 180.25 69.3708 6
      vertex 220 0 6
      vertex 180.957 69.8432 6
    endloop
  endfacet
  facet normal -0 0 1
    outer loop
      vertex 179.487 68.9948 6
      vertex 220 0 6
      vertex 180.25 69.3708 6
    endloop
  endfacet
  facet normal -0 0 1
    outer loop
      vertex 178.682 68.7215 6
      vertex 220 0 6
      vertex 179.487 68.9948 6
    endloop
  endfacet
  facet normal -0 0 1
    outer loop
      vertex 177.848 68.5556 6
      vertex 220 0 6
      vertex 178.682 68.7215 6
    endloop
  endfacet
  facet normal -0 0 1
    outer loop
      vertex 177 68.5 6
      vertex 220 0 6
      vertex 177.848 68.5556 6
    endloop
  endfacet
  facet normal 0 0 1
    outer loop
      vertex 176.152 68.5556 6
      vertex 220 0 6
      vertex 177 68.5 6
    endloop
  endfacet
  facet normal 0 0 1
    outer loop
      vertex 118.923 1.17474 6
      vertex 176.152 68.5556 6
      vertex 175.318 68.7215 6
    endloop
  endfacet
  facet normal 0 0 1
    outer loop
      vertex 118.923 1.17474 6
      vertex 175.318 68.7215 6
      vertex 174.513 68.9948 6
    endloop
  endfacet
  facet normal 0 0 1
    outer loop
      vertex 118.923 1.17474 6
      vertex 174.513 68.9948 6
      vertex 173.75 69.3708 6
    endloop
  endfacet
  facet normal 0 0 1
    outer loop
      vertex 118.923 1.17474 6
      vertex 173.75 69.3708 6
      vertex 173.043 69.8432 6
    endloop
  endfacet
  facet normal 0 0 1
    outer loop
      vertex 118.923 1.17474 6
      vertex 173.043 69.8432 6
      vertex 172.404 70.4038 6
    endloop
  endfacet
  facet normal 0 0 1
    outer loop
      vertex 118.923 1.17474 6
      vertex 172.404 70.4038 6
      vertex 171.843 71.0431 6
    endloop
  endfacet
  facet normal -0 0 1
    outer loop
      vertex 135.157 101.043 6
      vertex 171.371 78.25 6
      vertex 135.629 101.75 6
    endloop
  endfacet
  facet normal 0 0 1
    outer loop
      vertex 171.371 78.25 6
      vertex 135.157 101.043 6
      vertex 170.995 77.4874 6
    endloop
  endfacet
  facet normal -0 0 1
    outer loop
      vertex 134.596 100.404 6
      vertex 170.995 77.4874 6
      vertex 135.157 101.043 6
    endloop
  endfacet
  facet normal 0 0 1
    outer loop
      vertex 170.995 77.4874 6
      vertex 134.596 100.404 6
      vertex 170.721 76.6823 6
    endloop
  endfacet
  facet normal -0 0 1
    outer loop
      vertex 133.957 99.8432 6
      vertex 170.721 76.6823 6
      vertex 134.596 100.404 6
    endloop
  endfacet
  facet normal 0 0 1
    outer loop
      vertex 170.721 76.6823 6
      vertex 133.957 99.8432 6
      vertex 170.556 75.8484 6
    endloop
  endfacet
  facet normal -0 0 1
    outer loop
      vertex 133.25 99.3708 6
      vertex 170.556 75.8484 6
      vertex 133.957 99.8432 6
    endloop
  endfacet
  facet normal 0 0 1
    outer loop
      vertex 170.556 75.8484 6
      vertex 133.25 99.3708 6
      vertex 170.5 75 6
    endloop
  endfacet
  facet normal -0 0 1
    outer loop
      vertex 132.487 98.9948 6
      vertex 170.5 75 6
      vertex 133.25 99.3708 6
    endloop
  endfacet
  facet normal 0 0 1
    outer loop
      vertex 170.5 75 6
      vertex 132.487 98.9948 6
      vertex 170.556 74.1516 6
    endloop
  endfacet
  facet normal -0 0 1
    outer loop
      vertex 131.682 98.7215 6
      vertex 170.556 74.1516 6
      vertex 132.487 98.9948 6
    endloop
  endfacet
  facet normal 0 0 1
    outer loop
      vertex 170.556 74.1516 6
      vertex 131.682 98.7215 6
      vertex 170.721 73.3177 6
    endloop
  endfacet
  facet normal -0 0 1
    outer loop
      vertex 130.848 98.5556 6
      vertex 170.721 73.3177 6
      vertex 131.682 98.7215 6
    endloop
  endfacet
  facet normal 0 0 1
    outer loop
      vertex 170.721 73.3177 6
      vertex 130.848 98.5556 6
      vertex 170.995 72.5126 6
    endloop
  endfacet
  facet normal -0 0 1
    outer loop
      vertex 130 98.5 6
      vertex 170.995 72.5126 6
      vertex 130.848 98.5556 6
    endloop
  endfacet
  facet normal 0 0 1
    outer loop
      vertex 170.995 72.5126 6
      vertex 130 98.5 6
      vertex 171.371 71.75 6
    endloop
  endfacet
  facet normal 0 0 1
    outer loop
      vertex 118.923 1.17474 6
      vertex 171.371 71.75 6
      vertex 130 98.5 6
    endloop
  endfacet
  facet normal 0 0 1
    outer loop
      vertex 118.923 1.17474 6
      vertex 171.843 71.0431 6
      vertex 171.371 71.75 6
    endloop
  endfacet
  facet normal 0 0 1
    outer loop
      vertex 118.923 1.17474 6
      vertex 130 98.5 6
      vertex 129.152 98.5556 6
    endloop
  endfacet
  facet normal 0 0 1
    outer loop
      vertex 118.923 1.17474 6
      vertex 129.152 98.5556 6
      vertex 128.318 98.7215 6
    endloop
  endfacet
  facet normal 0 0 1
    outer loop
      vertex 118.923 1.17474 6
      vertex 128.318 98.7215 6
      vertex 127.513 98.9948 6
    endloop
  endfacet
  facet normal 0 0 1
    outer loop
      vertex 118.923 1.17474 6
      vertex 127.513 98.9948 6
      vertex 126.75 99.3708 6
    endloop
  endfacet
  facet normal 0 0 1
    outer loop
      vertex 118.923 1.17474 6
      vertex 126.75 99.3708 6
      vertex 126.043 99.8432 6
    endloop
  endfacet
  facet normal 0 0 1
    outer loop
      vertex 118.923 1.17474 6
      vertex 126.043 99.8432 6
      vertex 125.404 100.404 6
    endloop
  endfacet
  facet normal -0 0 1
    outer loop
      vertex 118.923 1.17474 6
      vertex 220 0 6
      vertex 176.152 68.5556 6
    endloop
  endfacet
  facet normal 0 0 1
    outer loop
      vertex 118.923 1.17474 6
      vertex 125.404 100.404 6
      vertex 124.843 101.043 6
    endloop
  endfacet
  facet normal 0 0 1
    outer loop
      vertex 118.923 1.17474 6
      vertex 124.843 101.043 6
      vertex 124.371 101.75 6
    endloop
  endfacet
  facet normal 0 0 1
    outer loop
      vertex 118.923 1.17474 6
      vertex 124.371 101.75 6
      vertex 123.995 102.513 6
    endloop
  endfacet
  facet normal 0 0 1
    outer loop
      vertex 118.923 1.17474 6
      vertex 123.995 102.513 6
      vertex 123.721 103.318 6
    endloop
  endfacet
  facet normal 0 0 1
    outer loop
      vertex 118.923 1.17474 6
      vertex 123.721 103.318 6
      vertex 123.556 104.152 6
    endloop
  endfacet
  facet normal 0 0 1
    outer loop
      vertex 11.4444 104.152 6
      vertex 123.556 104.152 6
      vertex 123.5 105 6
    endloop
  endfacet
  facet normal 0 0 1
    outer loop
      vertex 101.685 3.44415 6
      vertex 30.363 27.4232 6
      vertex 101.307 2.32937 6
    endloop
  endfacet
  facet normal 0 0 1
    outer loop
      vertex 28.6933 2.32937 6
      vertex 101.307 2.32937 6
      vertex 30.363 27.4232 6
    endloop
  endfacet
  facet normal 0 0 1
    outer loop
      vertex 101.307 2.32937 6
      vertex 28.6933 2.32937 6
      vertex 101.077 1.17474 6
    endloop
  endfacet
  facet normal 0 0 1
    outer loop
      vertex 28.6933 2.32937 6
      vertex 30.363 27.4232 6
      vertex 30.2328 27.1593 6
    endloop
  endfacet
  facet normal 0 0 1
    outer loop
      vertex 28.3149 3.44415 6
      vertex 30.2328 27.1593 6
      vertex 30.0693 26.9146 6
    endloop
  endfacet
  facet normal 0 0 1
    outer loop
      vertex 27.7942 4.5 6
      vertex 30.0693 26.9146 6
      vertex 29.8753 26.6933 6
    endloop
  endfacet
  facet normal 0 0 1
    outer loop
      vertex 27.1402 5.47885 6
      vertex 29.8753 26.6933 6
      vertex 29.654 26.4992 6
    endloop
  endfacet
  facet normal 0 0 1
    outer loop
      vertex 27.1402 5.47885 6
      vertex 29.654 26.4992 6
      vertex 29.4093 26.3357 6
    endloop
  endfacet
  facet normal 0 0 1
    outer loop
      vertex 26.364 6.36396 6
      vertex 29.4093 26.3357 6
      vertex 29.1453 26.2055 6
    endloop
  endfacet
  facet normal 0 -0 1
    outer loop
      vertex 28.923 1.17474 6
      vertex 101.077 1.17474 6
      vertex 28.6933 2.32937 6
    endloop
  endfacet
  facet normal 0 0 1
    outer loop
      vertex 101 0 6
      vertex 28.923 1.17474 6
      vertex 29 0 6
    endloop
  endfacet
  facet normal 0 0 1
    outer loop
      vertex 25.4789 7.14018 6
      vertex 29.1453 26.2055 6
      vertex 28.8666 26.1109 6
    endloop
  endfacet
  facet normal 0 0 1
    outer loop
      vertex 101.077 1.17474 6
      vertex 28.923 1.17474 6
      vertex 101 0 6
    endloop
  endfacet
  facet normal 0 0 1
    outer loop
      vertex 25.4789 7.14018 6
      vertex 28.8666 26.1109 6
      vertex 28.578 26.0535 6
    endloop
  endfacet
  facet normal 0 0 1
    outer loop
      vertex 30.2328 27.1593 6
      vertex 28.3149 3.44415 6
      vertex 28.6933 2.32937 6
    endloop
  endfacet
  facet normal 0 0 1
    outer loop
      vertex 24.5 7.79423 6
      vertex 28.578 26.0535 6
      vertex 28.2843 26.0343 6
    endloop
  endfacet
  facet normal 0 0 1
    outer loop
      vertex 24.5 7.79423 6
      vertex 28.2843 26.0343 6
      vertex 27.9906 26.0535 6
    endloop
  endfacet
  facet normal 0 0 1
    outer loop
      vertex 30.0693 26.9146 6
      vertex 27.7942 4.5 6
      vertex 28.3149 3.44415 6
    endloop
  endfacet
  facet normal 0 0 1
    outer loop
      vertex 24.5 7.79423 6
      vertex 27.9906 26.0535 6
      vertex 27.7019 26.1109 6
    endloop
  endfacet
  facet normal 0 0 1
    outer loop
      vertex 24.5 7.79423 6
      vertex 27.7019 26.1109 6
      vertex 27.4232 26.2055 6
    endloop
  endfacet
  facet normal 0 0 1
    outer loop
      vertex 24.5 7.79423 6
      vertex 27.4232 26.2055 6
      vertex 27.1593 26.3357 6
    endloop
  endfacet
  facet normal 0 0 1
    outer loop
      vertex 29.8753 26.6933 6
      vertex 27.1402 5.47885 6
      vertex 27.7942 4.5 6
    endloop
  endfacet
  facet normal 0 0 1
    outer loop
      vertex 24.5 7.79423 6
      vertex 27.1593 26.3357 6
      vertex 26.9146 26.4992 6
    endloop
  endfacet
  facet normal 0 0 1
    outer loop
      vertex 24.5 7.79423 6
      vertex 26.9146 26.4992 6
      vertex 26.6933 26.6933 6
    endloop
  endfacet
  facet normal 0 0 1
    outer loop
      vertex 24.5 7.79423 6
      vertex 26.6933 26.6933 6
      vertex 26.4992 26.9146 6
    endloop
  endfacet
  facet normal 0 0 1
    outer loop
      vertex 29.4093 26.3357 6
      vertex 26.364 6.36396 6
      vertex 27.1402 5.47885 6
    endloop
  endfacet
  facet normal 0 0 1
    outer loop
      vertex 24.5 7.79423 6
      vertex 26.4992 26.9146 6
      vertex 26.3357 27.1593 6
    endloop
  endfacet
  facet normal 0 0 1
    outer loop
      vertex 24.5 7.79423 6
      vertex 26.3357 27.1593 6
      vertex 26.2055 27.4232 6
    endloop
  endfacet
  facet normal 0 0 1
    outer loop
      vertex 24.5 7.79423 6
      vertex 26.2055 27.4232 6
      vertex 26.1109 27.7019 6
    endloop
  endfacet
  facet normal 0 0 1
    outer loop
      vertex 24.5 7.79423 6
      vertex 26.1109 27.7019 6
      vertex 26.0535 27.9906 6
    endloop
  endfacet
  facet normal 0 0 1
    outer loop
      vertex 9 15 6
      vertex 26.0535 27.9906 6
      vertex 26.0343 28.2843 6
    endloop
  endfacet
  facet normal 0 0 1
    outer loop
      vertex 29.1453 26.2055 6
      vertex 25.4789 7.14018 6
      vertex 26.364 6.36396 6
    endloop
  endfacet
  facet normal 0 0 1
    outer loop
      vertex 28.578 30.515 6
      vertex 8.95695 99.8432 6
      vertex 28.2843 30.5343 6
    endloop
  endfacet
  facet normal -0 0 1
    outer loop
      vertex 8.25 99.3708 6
      vertex 28.2843 30.5343 6
      vertex 8.95695 99.8432 6
    endloop
  endfacet
  facet normal 0 0 1
    outer loop
      vertex 27.9906 30.515 6
      vertex 4.5 97.2058 6
      vertex 27.7019 30.4576 6
    endloop
  endfacet
  facet normal 0 0 1
    outer loop
      vertex 28.2843 30.5343 6
      vertex 8.25 99.3708 6
      vertex 27.9906 30.515 6
    endloop
  endfacet
  facet normal 0 0 1
    outer loop
      vertex 126.043 110.157 6
      vertex 19.1734 212.565 6
      vertex 125.404 109.596 6
    endloop
  endfacet
  facet normal -0 0 1
    outer loop
      vertex 18.8284 212.172 6
      vertex 125.404 109.596 6
      vertex 19.1734 212.565 6
    endloop
  endfacet
  facet normal 0 0 1
    outer loop
      vertex 125.404 109.596 6
      vertex 18.8284 212.172 6
      vertex 124.843 108.957 6
    endloop
  endfacet
  facet normal 0 0 1
    outer loop
      vertex 10.1568 108.957 6
      vertex 124.843 108.957 6
      vertex 18.8284 212.172 6
    endloop
  endfacet
  facet normal -0 0 1
    outer loop
      vertex 3.44415 96.6851 6
      vertex 27.7019 30.4576 6
      vertex 4.5 97.2058 6
    endloop
  endfacet
  facet normal 0 0 1
    outer loop
      vertex 10.1568 108.957 6
      vertex 18.8284 212.172 6
      vertex 18.435 211.827 6
    endloop
  endfacet
  facet normal 0 0 1
    outer loop
      vertex 9.59619 109.596 6
      vertex 18.435 211.827 6
      vertex 18 211.536 6
    endloop
  endfacet
  facet normal 0 0 1
    outer loop
      vertex 27.7019 30.4576 6
      vertex 3.44415 96.6851 6
      vertex 27.4232 30.363 6
    endloop
  endfacet
  facet normal 0 0 1
    outer loop
      vertex 8.95695 110.157 6
      vertex 18 211.536 6
      vertex 17.5307 211.304 6
    endloop
  endfacet
  facet normal 0 0 1
    outer loop
      vertex 8.25 110.629 6
      vertex 17.5307 211.304 6
      vertex 17.0353 211.136 6
    endloop
  endfacet
  facet normal -0 0 1
    outer loop
      vertex 2.32937 96.3067 6
      vertex 27.4232 30.363 6
      vertex 3.44415 96.6851 6
    endloop
  endfacet
  facet normal 0 0 1
    outer loop
      vertex 4.5 112.794 6
      vertex 17.0353 211.136 6
      vertex 16.5221 211.034 6
    endloop
  endfacet
  facet normal 0 0 1
    outer loop
      vertex 3.44415 113.315 6
      vertex 16.5221 211.034 6
      vertex 16 211 6
    endloop
  endfacet
  facet normal 0 0 1
    outer loop
      vertex 26.4992 29.654 6
      vertex 9 15 6
      vertex 26.3357 29.4093 6
    endloop
  endfacet
  facet normal 0 0 1
    outer loop
      vertex 26.3357 29.4093 6
      vertex 9 15 6
      vertex 26.2055 29.1453 6
    endloop
  endfacet
  facet normal 0 0 1
    outer loop
      vertex 26.2055 29.1453 6
      vertex 9 15 6
      vertex 26.1109 28.8666 6
    endloop
  endfacet
  facet normal 0 0 1
    outer loop
      vertex 26.0535 27.9906 6
      vertex 9 15 6
      vertex 20 9 6
    endloop
  endfacet
  facet normal 0 0 1
    outer loop
      vertex 26.0535 27.9906 6
      vertex 20 9 6
      vertex 21.1747 8.923 6
    endloop
  endfacet
  facet normal 0 0 1
    outer loop
      vertex 20 9 6
      vertex 9 15 6
      vertex 18.8253 8.923 6
    endloop
  endfacet
  facet normal 0 0 1
    outer loop
      vertex 18.8253 8.923 6
      vertex 9 15 6
      vertex 17.6706 8.69333 6
    endloop
  endfacet
  facet normal -0 0 1
    outer loop
      vertex 4.5 97.2058 6
      vertex 27.9906 30.515 6
      vertex 8.25 99.3708 6
    endloop
  endfacet
  facet normal 0 0 1
    outer loop
      vertex 123.721 106.682 6
      vertex 11.2785 106.682 6
      vertex 11.4444 105.848 6
    endloop
  endfacet
  facet normal 0 0 1
    outer loop
      vertex 123.995 107.487 6
      vertex 11.0052 107.487 6
      vertex 11.2785 106.682 6
    endloop
  endfacet
  facet normal 0 0 1
    outer loop
      vertex 124.371 108.25 6
      vertex 10.6292 108.25 6
      vertex 11.0052 107.487 6
    endloop
  endfacet
  facet normal 0 0 1
    outer loop
      vertex 124.843 108.957 6
      vertex 10.1568 108.957 6
      vertex 10.6292 108.25 6
    endloop
  endfacet
  facet normal 0 0 1
    outer loop
      vertex 18.435 211.827 6
      vertex 9.59619 109.596 6
      vertex 10.1568 108.957 6
    endloop
  endfacet
  facet normal 0 0 1
    outer loop
      vertex 18 211.536 6
      vertex 8.95695 110.157 6
      vertex 9.59619 109.596 6
    endloop
  endfacet
  facet normal 0 0 1
    outer loop
      vertex 17.5307 211.304 6
      vertex 8.25 110.629 6
      vertex 8.95695 110.157 6
    endloop
  endfacet
  facet normal 0 0 1
    outer loop
      vertex 17.0353 211.136 6
      vertex 4.5 112.794 6
      vertex 8.25 110.629 6
    endloop
  endfacet
  facet normal 0 0 1
    outer loop
      vertex 8.25 110.629 6
      vertex 4.5 112.794 6
      vertex 7.48744 111.005 6
    endloop
  endfacet
  facet normal 0 0 1
    outer loop
      vertex 7.48744 111.005 6
      vertex 5.47885 112.14 6
      vertex 6.68232 111.279 6
    endloop
  endfacet
  facet normal 0 0 1
    outer loop
      vertex 6.68232 111.279 6
      vertex 6.36396 111.364 6
      vertex 6.38745 111.337 6
    endloop
  endfacet
  facet normal 0 0 1
    outer loop
      vertex 6.68232 111.279 6
      vertex 5.47885 112.14 6
      vertex 6.36396 111.364 6
    endloop
  endfacet
  facet normal 0 0 1
    outer loop
      vertex 7.48744 111.005 6
      vertex 4.5 112.794 6
      vertex 5.47885 112.14 6
    endloop
  endfacet
  facet normal 0 0 1
    outer loop
      vertex 16.5221 211.034 6
      vertex 3.44415 113.315 6
      vertex 4.5 112.794 6
    endloop
  endfacet
  facet normal 0 0 1
    outer loop
      vertex 16 211 6
      vertex 2.32937 113.693 6
      vertex 3.44415 113.315 6
    endloop
  endfacet
  facet normal 0 0 1
    outer loop
      vertex 16 211 6
      vertex 1.17474 113.923 6
      vertex 2.32937 113.693 6
    endloop
  endfacet
  facet normal -0 0 1
    outer loop
      vertex 0 211 6
      vertex 1.17474 113.923 6
      vertex 16 211 6
    endloop
  endfacet
  facet normal 0 0 1
    outer loop
      vertex 1.17474 113.923 6
      vertex 0 211 6
      vertex 0 114 6
    endloop
  endfacet
  facet normal 0 0 1
    outer loop
      vertex 16.5558 8.31492 6
      vertex 8.923 13.8253 6
      vertex 15.5 7.79423 6
    endloop
  endfacet
  facet normal -0 0 1
    outer loop
      vertex 8.31492 11.5558 6
      vertex 14.5211 7.14018 6
      vertex 8.69333 12.6706 6
    endloop
  endfacet
  facet normal 0 0 1
    outer loop
      vertex 14.5211 7.14018 6
      vertex 8.31492 11.5558 6
      vertex 13.636 6.36396 6
    endloop
  endfacet
  facet normal -0 0 1
    outer loop
      vertex 7.79423 10.5 6
      vertex 13.636 6.36396 6
      vertex 8.31492 11.5558 6
    endloop
  endfacet
  facet normal 0 0 1
    outer loop
      vertex 15.5 7.79423 6
      vertex 8.69333 12.6706 6
      vertex 14.5211 7.14018 6
    endloop
  endfacet
  facet normal 0 0 1
    outer loop
      vertex 13.636 6.36396 6
      vertex 7.79423 10.5 6
      vertex 12.8598 5.47885 6
    endloop
  endfacet
  facet normal -0 0 1
    outer loop
      vertex 8.69333 12.6706 6
      vertex 15.5 7.79423 6
      vertex 8.923 13.8253 6
    endloop
  endfacet
  facet normal -0 0 1
    outer loop
      vertex 8.923 13.8253 6
      vertex 16.5558 8.31492 6
      vertex 9 15 6
    endloop
  endfacet
  facet normal 0 0 1
    outer loop
      vertex 17.6706 8.69333 6
      vertex 9 15 6
      vertex 16.5558 8.31492 6
    endloop
  endfacet
  facet normal -0 0 1
    outer loop
      vertex 7.14018 9.52115 6
      vertex 12.8598 5.47885 6
      vertex 7.79423 10.5 6
    endloop
  endfacet
  facet normal 0 0 1
    outer loop
      vertex 12.8598 5.47885 6
      vertex 7.14018 9.52115 6
      vertex 12.2058 4.5 6
    endloop
  endfacet
  facet normal -0 0 1
    outer loop
      vertex 6.36396 8.63604 6
      vertex 12.2058 4.5 6
      vertex 7.14018 9.52115 6
    endloop
  endfacet
  facet normal 0 0 1
    outer loop
      vertex 12.2058 4.5 6
      vertex 6.36396 8.63604 6
      vertex 11.6851 3.44415 6
    endloop
  endfacet
  facet normal -0 0 1
    outer loop
      vertex 5.47885 7.85982 6
      vertex 11.6851 3.44415 6
      vertex 6.36396 8.63604 6
    endloop
  endfacet
  facet normal 0 0 1
    outer loop
      vertex 11.6851 3.44415 6
      vertex 5.47885 7.85982 6
      vertex 11.3067 2.32937 6
    endloop
  endfacet
  facet normal -0 0 1
    outer loop
      vertex 4.5 7.20577 6
      vertex 11.3067 2.32937 6
      vertex 5.47885 7.85982 6
    endloop
  endfacet
  facet normal 0 0 1
    outer loop
      vertex 11.3067 2.32937 6
      vertex 4.5 7.20577 6
      vertex 11.077 1.17474 6
    endloop
  endfacet
  facet normal -0 0 1
    outer loop
      vertex 3.44415 6.68508 6
      vertex 11.077 1.17474 6
      vertex 4.5 7.20577 6
    endloop
  endfacet
  facet normal 0 0 1
    outer loop
      vertex 0 0 6
      vertex 11.077 1.17474 6
      vertex 3.44415 6.68508 6
    endloop
  endfacet
  facet normal 0 0 1
    outer loop
      vertex 0 0 6
      vertex 3.44415 6.68508 6
      vertex 2.32937 6.30667 6
    endloop
  endfacet
  facet normal 0 0 1
    outer loop
      vertex 0 0 6
      vertex 2.32937 6.30667 6
      vertex 1.17474 6.077 6
    endloop
  endfacet
  facet normal 0 0 1
    outer loop
      vertex 0 0 6
      vertex 1.17474 6.077 6
      vertex 0 6 6
    endloop
  endfacet
  facet normal 0 0 1
    outer loop
      vertex 11.077 1.17474 6
      vertex 0 0 6
      vertex 11 0 6
    endloop
  endfacet
  facet normal 0.321427 0.946934 -0
    outer loop
      vertex 3.44415 23.3149 6
      vertex 2.32937 23.6933 14
      vertex 3.44415 23.3149 14
    endloop
  endfacet
  facet normal 0.321427 0.946934 0
    outer loop
      vertex 2.32937 23.6933 14
      vertex 3.44415 23.3149 6
      vertex 2.32937 23.6933 6
    endloop
  endfacet
  facet normal 0.980788 0.195079 0
    outer loop
      vertex 8.923 16.1747 14
      vertex 8.69333 17.3294 6
      vertex 8.69333 17.3294 14
    endloop
  endfacet
  facet normal 0.980788 0.195079 0
    outer loop
      vertex 8.69333 17.3294 6
      vertex 8.923 16.1747 14
      vertex 8.923 16.1747 6
    endloop
  endfacet
  facet normal 0.997859 0.0654083 0
    outer loop
      vertex 9 15 14
      vertex 8.923 16.1747 6
      vertex 8.923 16.1747 14
    endloop
  endfacet
  facet normal 0.997859 0.0654083 0
    outer loop
      vertex 8.923 16.1747 6
      vertex 9 15 14
      vertex 9 15 6
    endloop
  endfacet
  facet normal 0.946925 0.321455 0
    outer loop
      vertex 8.69333 17.3294 14
      vertex 8.31492 18.4441 6
      vertex 8.31492 18.4441 14
    endloop
  endfacet
  facet normal 0.946925 0.321455 0
    outer loop
      vertex 8.31492 18.4441 6
      vertex 8.69333 17.3294 14
      vertex 8.69333 17.3294 6
    endloop
  endfacet
  facet normal 0.0654061 -0.997859 0
    outer loop
      vertex 0 6 6
      vertex 1.17474 6.077 14
      vertex 0 6 14
    endloop
  endfacet
  facet normal 0.0654061 -0.997859 0
    outer loop
      vertex 1.17474 6.077 14
      vertex 0 6 6
      vertex 1.17474 6.077 6
    endloop
  endfacet
  facet normal 0.89688 0.442273 0
    outer loop
      vertex 8.31492 18.4441 14
      vertex 7.79423 19.5 6
      vertex 7.79423 19.5 14
    endloop
  endfacet
  facet normal 0.89688 0.442273 0
    outer loop
      vertex 7.79423 19.5 6
      vertex 8.31492 18.4441 14
      vertex 8.31492 18.4441 6
    endloop
  endfacet
  facet normal 0.831481 0.555553 0
    outer loop
      vertex 7.79423 19.5 14
      vertex 7.14018 20.4789 6
      vertex 7.14018 20.4789 14
    endloop
  endfacet
  facet normal 0.831481 0.555553 0
    outer loop
      vertex 7.14018 20.4789 6
      vertex 7.79423 19.5 14
      vertex 7.79423 19.5 6
    endloop
  endfacet
  facet normal 0.321434 -0.946932 0
    outer loop
      vertex 2.32937 6.30667 6
      vertex 3.44415 6.68508 14
      vertex 2.32937 6.30667 14
    endloop
  endfacet
  facet normal 0.321434 -0.946932 0
    outer loop
      vertex 3.44415 6.68508 14
      vertex 2.32937 6.30667 6
      vertex 3.44415 6.68508 6
    endloop
  endfacet
  facet normal 0.0654061 0.997859 -0
    outer loop
      vertex 1.17474 23.923 6
      vertex 0 24 14
      vertex 1.17474 23.923 14
    endloop
  endfacet
  facet normal 0.0654061 0.997859 0
    outer loop
      vertex 0 24 14
      vertex 1.17474 23.923 6
      vertex 0 24 6
    endloop
  endfacet
  facet normal 0.751836 0.65935 0
    outer loop
      vertex 7.14018 20.4789 14
      vertex 6.36396 21.364 6
      vertex 6.36396 21.364 14
    endloop
  endfacet
  facet normal 0.751836 0.65935 0
    outer loop
      vertex 6.36396 21.364 6
      vertex 7.14018 20.4789 14
      vertex 7.14018 20.4789 6
    endloop
  endfacet
  facet normal 0.946934 -0.321429 0
    outer loop
      vertex 8.31492 11.5558 14
      vertex 8.69333 12.6706 6
      vertex 8.69333 12.6706 14
    endloop
  endfacet
  facet normal 0.946934 -0.321429 0
    outer loop
      vertex 8.69333 12.6706 6
      vertex 8.31492 11.5558 14
      vertex 8.31492 11.5558 6
    endloop
  endfacet
  facet normal 0.75184 -0.659346 0
    outer loop
      vertex 6.36396 8.63604 14
      vertex 7.14018 9.52115 6
      vertex 7.14018 9.52115 14
    endloop
  endfacet
  facet normal 0.75184 -0.659346 0
    outer loop
      vertex 7.14018 9.52115 6
      vertex 6.36396 8.63604 14
      vertex 6.36396 8.63604 6
    endloop
  endfacet
  facet normal 0.555543 0.831488 -0
    outer loop
      vertex 5.47885 22.1402 6
      vertex 4.5 22.7942 14
      vertex 5.47885 22.1402 14
    endloop
  endfacet
  facet normal 0.555543 0.831488 0
    outer loop
      vertex 4.5 22.7942 14
      vertex 5.47885 22.1402 6
      vertex 4.5 22.7942 6
    endloop
  endfacet
  facet normal 0.44229 -0.896872 0
    outer loop
      vertex 3.44415 6.68508 6
      vertex 4.5 7.20577 14
      vertex 3.44415 6.68508 14
    endloop
  endfacet
  facet normal 0.44229 -0.896872 0
    outer loop
      vertex 4.5 7.20577 14
      vertex 3.44415 6.68508 6
      vertex 4.5 7.20577 6
    endloop
  endfacet
  facet normal 0.659336 0.751848 -0
    outer loop
      vertex 6.36396 21.364 6
      vertex 5.47885 22.1402 14
      vertex 6.36396 21.364 14
    endloop
  endfacet
  facet normal 0.659336 0.751848 0
    outer loop
      vertex 5.47885 22.1402 14
      vertex 6.36396 21.364 6
      vertex 5.47885 22.1402 6
    endloop
  endfacet
  facet normal 0.831468 -0.555572 0
    outer loop
      vertex 7.14018 9.52115 14
      vertex 7.79423 10.5 6
      vertex 7.79423 10.5 14
    endloop
  endfacet
  facet normal 0.831468 -0.555572 0
    outer loop
      vertex 7.79423 10.5 6
      vertex 7.14018 9.52115 14
      vertex 7.14018 9.52115 6
    endloop
  endfacet
  facet normal 0.442297 0.896869 -0
    outer loop
      vertex 4.5 22.7942 6
      vertex 3.44415 23.3149 14
      vertex 4.5 22.7942 14
    endloop
  endfacet
  facet normal 0.442297 0.896869 0
    outer loop
      vertex 3.44415 23.3149 14
      vertex 4.5 22.7942 6
      vertex 3.44415 23.3149 6
    endloop
  endfacet
  facet normal 0.195115 0.98078 -0
    outer loop
      vertex 2.32937 23.6933 6
      vertex 1.17474 23.923 14
      vertex 2.32937 23.6933 14
    endloop
  endfacet
  facet normal 0.195115 0.98078 0
    outer loop
      vertex 1.17474 23.923 14
      vertex 2.32937 23.6933 6
      vertex 1.17474 23.923 6
    endloop
  endfacet
  facet normal 0.19509 -0.980785 0
    outer loop
      vertex 1.17474 6.077 6
      vertex 2.32937 6.30667 14
      vertex 1.17474 6.077 14
    endloop
  endfacet
  facet normal 0.19509 -0.980785 0
    outer loop
      vertex 2.32937 6.30667 14
      vertex 1.17474 6.077 6
      vertex 2.32937 6.30667 6
    endloop
  endfacet
  facet normal 0.980788 -0.195079 0
    outer loop
      vertex 8.69333 12.6706 14
      vertex 8.923 13.8253 6
      vertex 8.923 13.8253 14
    endloop
  endfacet
  facet normal 0.980788 -0.195079 0
    outer loop
      vertex 8.923 13.8253 6
      vertex 8.69333 12.6706 14
      vertex 8.69333 12.6706 6
    endloop
  endfacet
  facet normal 0.555572 -0.831468 0
    outer loop
      vertex 4.5 7.20577 6
      vertex 5.47885 7.85982 14
      vertex 4.5 7.20577 14
    endloop
  endfacet
  facet normal 0.555572 -0.831468 0
    outer loop
      vertex 5.47885 7.85982 14
      vertex 4.5 7.20577 6
      vertex 5.47885 7.85982 6
    endloop
  endfacet
  facet normal 0.896864 -0.442307 0
    outer loop
      vertex 7.79423 10.5 14
      vertex 8.31492 11.5558 6
      vertex 8.31492 11.5558 14
    endloop
  endfacet
  facet normal 0.896864 -0.442307 0
    outer loop
      vertex 8.31492 11.5558 6
      vertex 7.79423 10.5 14
      vertex 7.79423 10.5 6
    endloop
  endfacet
  facet normal 0.659346 -0.75184 0
    outer loop
      vertex 5.47885 7.85982 6
      vertex 6.36396 8.63604 14
      vertex 5.47885 7.85982 14
    endloop
  endfacet
  facet normal 0.659346 -0.75184 0
    outer loop
      vertex 6.36396 8.63604 14
      vertex 5.47885 7.85982 6
      vertex 6.36396 8.63604 6
    endloop
  endfacet
  facet normal 0.997859 -0.0654083 0
    outer loop
      vertex 8.923 13.8253 14
      vertex 9 15 6
      vertex 9 15 14
    endloop
  endfacet
  facet normal 0.997859 -0.0654083 0
    outer loop
      vertex 9 15 6
      vertex 8.923 13.8253 14
      vertex 8.923 13.8253 6
    endloop
  endfacet
  facet normal 0 0 1
    outer loop
      vertex 2.25 15 14
      vertex 9 15 14
      vertex 8.923 16.1747 14
    endloop
  endfacet
  facet normal 0 0 1
    outer loop
      vertex 2.23075 15.2937 14
      vertex 8.923 16.1747 14
      vertex 8.69333 17.3294 14
    endloop
  endfacet
  facet normal 0 0 1
    outer loop
      vertex 9 15 14
      vertex 2.25 15 14
      vertex 8.923 13.8253 14
    endloop
  endfacet
  facet normal 0 0 1
    outer loop
      vertex 2.17333 15.5823 14
      vertex 8.69333 17.3294 14
      vertex 8.31492 18.4441 14
    endloop
  endfacet
  facet normal -0 0 1
    outer loop
      vertex 2.23075 14.7063 14
      vertex 8.923 13.8253 14
      vertex 2.25 15 14
    endloop
  endfacet
  facet normal 0 0 1
    outer loop
      vertex 2.07873 15.861 14
      vertex 8.31492 18.4441 14
      vertex 7.79423 19.5 14
    endloop
  endfacet
  facet normal 0 0 1
    outer loop
      vertex 8.923 13.8253 14
      vertex 2.23075 14.7063 14
      vertex 8.69333 12.6706 14
    endloop
  endfacet
  facet normal 0 0 1
    outer loop
      vertex 1.94856 16.125 14
      vertex 7.79423 19.5 14
      vertex 7.14018 20.4789 14
    endloop
  endfacet
  facet normal -0 0 1
    outer loop
      vertex 2.17333 14.4177 14
      vertex 8.69333 12.6706 14
      vertex 2.23075 14.7063 14
    endloop
  endfacet
  facet normal 0 0 1
    outer loop
      vertex 1.78504 16.3697 14
      vertex 7.14018 20.4789 14
      vertex 6.36396 21.364 14
    endloop
  endfacet
  facet normal 0 0 1
    outer loop
      vertex 8.69333 12.6706 14
      vertex 2.17333 14.4177 14
      vertex 8.31492 11.5558 14
    endloop
  endfacet
  facet normal 0 0 1
    outer loop
      vertex 1.59099 16.591 14
      vertex 6.36396 21.364 14
      vertex 5.47885 22.1402 14
    endloop
  endfacet
  facet normal -0 0 1
    outer loop
      vertex 2.07873 14.139 14
      vertex 8.31492 11.5558 14
      vertex 2.17333 14.4177 14
    endloop
  endfacet
  facet normal 0 0 1
    outer loop
      vertex 1.36971 16.785 14
      vertex 5.47885 22.1402 14
      vertex 4.5 22.7942 14
    endloop
  endfacet
  facet normal 0 0 1
    outer loop
      vertex 8.31492 11.5558 14
      vertex 2.07873 14.139 14
      vertex 7.79423 10.5 14
    endloop
  endfacet
  facet normal 0 0 1
    outer loop
      vertex 1.125 16.9486 14
      vertex 4.5 22.7942 14
      vertex 3.44415 23.3149 14
    endloop
  endfacet
  facet normal -0 0 1
    outer loop
      vertex 1.94856 13.875 14
      vertex 7.79423 10.5 14
      vertex 2.07873 14.139 14
    endloop
  endfacet
  facet normal 0 0 1
    outer loop
      vertex 0.861037 17.0787 14
      vertex 3.44415 23.3149 14
      vertex 2.32937 23.6933 14
    endloop
  endfacet
  facet normal 0 0 1
    outer loop
      vertex 7.79423 10.5 14
      vertex 1.94856 13.875 14
      vertex 7.14018 9.52115 14
    endloop
  endfacet
  facet normal -0 0 1
    outer loop
      vertex 1.78504 13.6303 14
      vertex 7.14018 9.52115 14
      vertex 1.94856 13.875 14
    endloop
  endfacet
  facet normal 0 0 1
    outer loop
      vertex 8.923 16.1747 14
      vertex 2.23075 15.2937 14
      vertex 2.25 15 14
    endloop
  endfacet
  facet normal 0 0 1
    outer loop
      vertex 8.69333 17.3294 14
      vertex 2.17333 15.5823 14
      vertex 2.23075 15.2937 14
    endloop
  endfacet
  facet normal 0 0 1
    outer loop
      vertex 8.31492 18.4441 14
      vertex 2.07873 15.861 14
      vertex 2.17333 15.5823 14
    endloop
  endfacet
  facet normal 0 0 1
    outer loop
      vertex 7.79423 19.5 14
      vertex 1.94856 16.125 14
      vertex 2.07873 15.861 14
    endloop
  endfacet
  facet normal 0 0 1
    outer loop
      vertex 7.14018 20.4789 14
      vertex 1.78504 16.3697 14
      vertex 1.94856 16.125 14
    endloop
  endfacet
  facet normal 0 0 1
    outer loop
      vertex 6.36396 21.364 14
      vertex 1.59099 16.591 14
      vertex 1.78504 16.3697 14
    endloop
  endfacet
  facet normal 0 0 1
    outer loop
      vertex 5.47885 22.1402 14
      vertex 1.36971 16.785 14
      vertex 1.59099 16.591 14
    endloop
  endfacet
  facet normal 0 0 1
    outer loop
      vertex 0.582342 17.1733 14
      vertex 2.32937 23.6933 14
      vertex 1.17474 23.923 14
    endloop
  endfacet
  facet normal 0 0 1
    outer loop
      vertex 4.5 22.7942 14
      vertex 1.125 16.9486 14
      vertex 1.36971 16.785 14
    endloop
  endfacet
  facet normal 0 0 1
    outer loop
      vertex 3.44415 23.3149 14
      vertex 0.861037 17.0787 14
      vertex 1.125 16.9486 14
    endloop
  endfacet
  facet normal 0 0 1
    outer loop
      vertex 2.32937 23.6933 14
      vertex 0.582342 17.1733 14
      vertex 0.861037 17.0787 14
    endloop
  endfacet
  facet normal 0 0 1
    outer loop
      vertex 1.17474 23.923 14
      vertex 0.293683 17.2308 14
      vertex 0.582342 17.1733 14
    endloop
  endfacet
  facet normal 0 0 1
    outer loop
      vertex 0 24 14
      vertex 0.293683 17.2308 14
      vertex 1.17474 23.923 14
    endloop
  endfacet
  facet normal 0 0 1
    outer loop
      vertex 0.293683 17.2308 14
      vertex 0 24 14
      vertex 0 17.25 14
    endloop
  endfacet
  facet normal 0 0 1
    outer loop
      vertex 7.14018 9.52115 14
      vertex 1.78504 13.6303 14
      vertex 6.36396 8.63604 14
    endloop
  endfacet
  facet normal -0 0 1
    outer loop
      vertex 1.59099 13.409 14
      vertex 6.36396 8.63604 14
      vertex 1.78504 13.6303 14
    endloop
  endfacet
  facet normal 0 0 1
    outer loop
      vertex 6.36396 8.63604 14
      vertex 1.59099 13.409 14
      vertex 5.47885 7.85982 14
    endloop
  endfacet
  facet normal -0 0 1
    outer loop
      vertex 1.36971 13.215 14
      vertex 5.47885 7.85982 14
      vertex 1.59099 13.409 14
    endloop
  endfacet
  facet normal 0 0 1
    outer loop
      vertex 5.47885 7.85982 14
      vertex 1.36971 13.215 14
      vertex 4.5 7.20577 14
    endloop
  endfacet
  facet normal -0 0 1
    outer loop
      vertex 1.125 13.0514 14
      vertex 4.5 7.20577 14
      vertex 1.36971 13.215 14
    endloop
  endfacet
  facet normal 0 0 1
    outer loop
      vertex 4.5 7.20577 14
      vertex 1.125 13.0514 14
      vertex 3.44415 6.68508 14
    endloop
  endfacet
  facet normal -0 0 1
    outer loop
      vertex 0.861037 12.9213 14
      vertex 3.44415 6.68508 14
      vertex 1.125 13.0514 14
    endloop
  endfacet
  facet normal 0 0 1
    outer loop
      vertex 3.44415 6.68508 14
      vertex 0.861037 12.9213 14
      vertex 2.32937 6.30667 14
    endloop
  endfacet
  facet normal -0 0 1
    outer loop
      vertex 0.582342 12.8267 14
      vertex 2.32937 6.30667 14
      vertex 0.861037 12.9213 14
    endloop
  endfacet
  facet normal 0 0 1
    outer loop
      vertex 2.32937 6.30667 14
      vertex 0.582342 12.8267 14
      vertex 1.17474 6.077 14
    endloop
  endfacet
  facet normal -0 0 1
    outer loop
      vertex 0.293683 12.7692 14
      vertex 1.17474 6.077 14
      vertex 0.582342 12.8267 14
    endloop
  endfacet
  facet normal -0 0 1
    outer loop
      vertex 0 12.75 14
      vertex 1.17474 6.077 14
      vertex 0.293683 12.7692 14
    endloop
  endfacet
  facet normal 0 0 1
    outer loop
      vertex 1.17474 6.077 14
      vertex 0 12.75 14
      vertex 0 6 14
    endloop
  endfacet
  facet normal 0.321122 0.947038 -0
    outer loop
      vertex 3.44415 113.315 6
      vertex 2.32937 113.693 14
      vertex 3.44415 113.315 14
    endloop
  endfacet
  facet normal 0.321122 0.947038 0
    outer loop
      vertex 2.32937 113.693 14
      vertex 3.44415 113.315 6
      vertex 2.32937 113.693 6
    endloop
  endfacet
  facet normal 0.0654061 -0.997859 0
    outer loop
      vertex 0 96 6
      vertex 1.17474 96.077 14
      vertex 0 96 14
    endloop
  endfacet
  facet normal 0.0654061 -0.997859 0
    outer loop
      vertex 1.17474 96.077 14
      vertex 0 96 6
      vertex 1.17474 96.077 6
    endloop
  endfacet
  facet normal 0.321427 -0.946934 0
    outer loop
      vertex 2.32937 96.3067 6
      vertex 3.44415 96.6851 14
      vertex 2.32937 96.3067 14
    endloop
  endfacet
  facet normal 0.321427 -0.946934 0
    outer loop
      vertex 3.44415 96.6851 14
      vertex 2.32937 96.3067 6
      vertex 3.44415 96.6851 6
    endloop
  endfacet
  facet normal 0.0654061 0.997859 -0
    outer loop
      vertex 1.17474 113.923 6
      vertex 0 114 14
      vertex 1.17474 113.923 14
    endloop
  endfacet
  facet normal 0.0654061 0.997859 0
    outer loop
      vertex 0 114 14
      vertex 1.17474 113.923 6
      vertex 0 114 6
    endloop
  endfacet
  facet normal 0.754443 0.656365 0
    outer loop
      vertex 6.38745 111.337 14
      vertex 6.36396 111.364 6
      vertex 6.36396 111.364 14
    endloop
  endfacet
  facet normal 0.754443 0.656365 0
    outer loop
      vertex 6.36396 111.364 6
      vertex 6.38745 111.337 14
      vertex 6.38745 111.337 6
    endloop
  endfacet
  facet normal 0.75202 -0.65914 0
    outer loop
      vertex 6.36396 98.636 14
      vertex 6.38745 98.6628 6
      vertex 6.38745 98.6628 14
    endloop
  endfacet
  facet normal 0.75202 -0.65914 0
    outer loop
      vertex 6.38745 98.6628 6
      vertex 6.36396 98.636 14
      vertex 6.36396 98.636 6
    endloop
  endfacet
  facet normal 0.555543 0.831488 -0
    outer loop
      vertex 5.47885 112.14 6
      vertex 4.5 112.794 14
      vertex 5.47885 112.14 14
    endloop
  endfacet
  facet normal 0.555543 0.831488 0
    outer loop
      vertex 4.5 112.794 14
      vertex 5.47885 112.14 6
      vertex 4.5 112.794 6
    endloop
  endfacet
  facet normal 0.442297 -0.896869 0
    outer loop
      vertex 3.44415 96.6851 6
      vertex 4.5 97.2058 14
      vertex 3.44415 96.6851 14
    endloop
  endfacet
  facet normal 0.442297 -0.896869 0
    outer loop
      vertex 4.5 97.2058 14
      vertex 3.44415 96.6851 6
      vertex 4.5 97.2058 6
    endloop
  endfacet
  facet normal 0.65924 0.751933 -0
    outer loop
      vertex 6.36396 111.364 6
      vertex 5.47885 112.14 14
      vertex 6.36396 111.364 14
    endloop
  endfacet
  facet normal 0.65924 0.751933 0
    outer loop
      vertex 5.47885 112.14 14
      vertex 6.36396 111.364 6
      vertex 5.47885 112.14 6
    endloop
  endfacet
  facet normal 0.442502 0.896767 -0
    outer loop
      vertex 4.5 112.794 6
      vertex 3.44415 113.315 14
      vertex 4.5 112.794 14
    endloop
  endfacet
  facet normal 0.442502 0.896767 0
    outer loop
      vertex 3.44415 113.315 14
      vertex 4.5 112.794 6
      vertex 3.44415 113.315 6
    endloop
  endfacet
  facet normal 0.19536 0.980732 -0
    outer loop
      vertex 2.32937 113.693 6
      vertex 1.17474 113.923 14
      vertex 2.32937 113.693 14
    endloop
  endfacet
  facet normal 0.19536 0.980732 0
    outer loop
      vertex 1.17474 113.923 14
      vertex 2.32937 113.693 6
      vertex 1.17474 113.923 6
    endloop
  endfacet
  facet normal 0.195115 -0.98078 0
    outer loop
      vertex 1.17474 96.077 6
      vertex 2.32937 96.3067 14
      vertex 1.17474 96.077 14
    endloop
  endfacet
  facet normal 0.195115 -0.98078 0
    outer loop
      vertex 2.32937 96.3067 14
      vertex 1.17474 96.077 6
      vertex 2.32937 96.3067 6
    endloop
  endfacet
  facet normal 0.555543 -0.831488 0
    outer loop
      vertex 4.5 97.2058 6
      vertex 5.47885 97.8598 14
      vertex 4.5 97.2058 14
    endloop
  endfacet
  facet normal 0.555543 -0.831488 0
    outer loop
      vertex 5.47885 97.8598 14
      vertex 4.5 97.2058 6
      vertex 5.47885 97.8598 6
    endloop
  endfacet
  facet normal 0.659336 -0.751848 0
    outer loop
      vertex 5.47885 97.8598 6
      vertex 6.36396 98.636 14
      vertex 5.47885 97.8598 14
    endloop
  endfacet
  facet normal 0.659336 -0.751848 0
    outer loop
      vertex 6.36396 98.636 14
      vertex 5.47885 97.8598 6
      vertex 6.36396 98.636 6
    endloop
  endfacet
  facet normal 0 0 1
    outer loop
      vertex 5.84842 98.5556 14
      vertex 6.36396 98.636 14
      vertex 6.38745 98.6628 14
    endloop
  endfacet
  facet normal -0 0 1
    outer loop
      vertex 5.84842 98.5556 14
      vertex 5.47885 97.8598 14
      vertex 6.36396 98.636 14
    endloop
  endfacet
  facet normal -0 0 1
    outer loop
      vertex 5 98.5 14
      vertex 5.47885 97.8598 14
      vertex 5.84842 98.5556 14
    endloop
  endfacet
  facet normal 0 0 1
    outer loop
      vertex 5 98.5 14
      vertex 4.5 97.2058 14
      vertex 5.47885 97.8598 14
    endloop
  endfacet
  facet normal 0 0 1
    outer loop
      vertex 4.15158 98.5556 14
      vertex 4.5 97.2058 14
      vertex 5 98.5 14
    endloop
  endfacet
  facet normal 0 0 1
    outer loop
      vertex 4.15158 98.5556 14
      vertex 3.44415 96.6851 14
      vertex 4.5 97.2058 14
    endloop
  endfacet
  facet normal 0 0 1
    outer loop
      vertex 3.31768 98.7215 14
      vertex 3.44415 96.6851 14
      vertex 4.15158 98.5556 14
    endloop
  endfacet
  facet normal 0 0 1
    outer loop
      vertex 2.51256 98.9948 14
      vertex 3.44415 96.6851 14
      vertex 3.31768 98.7215 14
    endloop
  endfacet
  facet normal 0 0 1
    outer loop
      vertex 2.51256 98.9948 14
      vertex 2.32937 96.3067 14
      vertex 3.44415 96.6851 14
    endloop
  endfacet
  facet normal 0 0 1
    outer loop
      vertex 1.17474 96.077 14
      vertex 2.51256 98.9948 14
      vertex 1.75 99.3708 14
    endloop
  endfacet
  facet normal 0 0 1
    outer loop
      vertex 2.51256 98.9948 14
      vertex 1.17474 96.077 14
      vertex 2.32937 96.3067 14
    endloop
  endfacet
  facet normal 0 0 1
    outer loop
      vertex 0 96 14
      vertex 1.75 99.3708 14
      vertex 1.04305 99.8432 14
    endloop
  endfacet
  facet normal 0 0 1
    outer loop
      vertex 0 96 14
      vertex 1.04305 99.8432 14
      vertex 0.403806 100.404 14
    endloop
  endfacet
  facet normal 0 0 1
    outer loop
      vertex 0 96 14
      vertex 0.403806 100.404 14
      vertex 0 100.864 14
    endloop
  endfacet
  facet normal 0 0 1
    outer loop
      vertex 1.75 99.3708 14
      vertex 0 96 14
      vertex 1.17474 96.077 14
    endloop
  endfacet
  facet normal 0 0 1
    outer loop
      vertex 6.36396 111.364 14
      vertex 5.84842 111.444 14
      vertex 6.38745 111.337 14
    endloop
  endfacet
  facet normal 0 0 1
    outer loop
      vertex 5.47885 112.14 14
      vertex 5.84842 111.444 14
      vertex 6.36396 111.364 14
    endloop
  endfacet
  facet normal 0 0 1
    outer loop
      vertex 5.47885 112.14 14
      vertex 5 111.5 14
      vertex 5.84842 111.444 14
    endloop
  endfacet
  facet normal 0 0 1
    outer loop
      vertex 4.5 112.794 14
      vertex 5 111.5 14
      vertex 5.47885 112.14 14
    endloop
  endfacet
  facet normal 0 0 1
    outer loop
      vertex 4.5 112.794 14
      vertex 4.15158 111.444 14
      vertex 5 111.5 14
    endloop
  endfacet
  facet normal 0 0 1
    outer loop
      vertex 3.44415 113.315 14
      vertex 4.15158 111.444 14
      vertex 4.5 112.794 14
    endloop
  endfacet
  facet normal 0 0 1
    outer loop
      vertex 3.44415 113.315 14
      vertex 3.31768 111.279 14
      vertex 4.15158 111.444 14
    endloop
  endfacet
  facet normal 0 0 1
    outer loop
      vertex 3.44415 113.315 14
      vertex 2.51256 111.005 14
      vertex 3.31768 111.279 14
    endloop
  endfacet
  facet normal 0 0 1
    outer loop
      vertex 2.32937 113.693 14
      vertex 2.51256 111.005 14
      vertex 3.44415 113.315 14
    endloop
  endfacet
  facet normal 0 0 1
    outer loop
      vertex 1.17474 113.923 14
      vertex 2.51256 111.005 14
      vertex 2.32937 113.693 14
    endloop
  endfacet
  facet normal 0 0 1
    outer loop
      vertex 2.51256 111.005 14
      vertex 1.17474 113.923 14
      vertex 1.75 110.629 14
    endloop
  endfacet
  facet normal 0 0 1
    outer loop
      vertex 0 114 14
      vertex 1.75 110.629 14
      vertex 1.17474 113.923 14
    endloop
  endfacet
  facet normal 0 0 1
    outer loop
      vertex 1.75 110.629 14
      vertex 0 114 14
      vertex 1.04305 110.157 14
    endloop
  endfacet
  facet normal 0 0 1
    outer loop
      vertex 1.04305 110.157 14
      vertex 0 114 14
      vertex 0.403806 109.596 14
    endloop
  endfacet
  facet normal 0 0 1
    outer loop
      vertex 0.403806 109.596 14
      vertex 0 114 14
      vertex 0 109.136 14
    endloop
  endfacet
  facet normal 0.98078 0.195115 0
    outer loop
      vertex 28.923 1.17474 14
      vertex 28.6933 2.32937 6
      vertex 28.6933 2.32937 14
    endloop
  endfacet
  facet normal 0.98078 0.195115 0
    outer loop
      vertex 28.6933 2.32937 6
      vertex 28.923 1.17474 14
      vertex 28.923 1.17474 6
    endloop
  endfacet
  facet normal 0.997859 0.0654061 0
    outer loop
      vertex 29 0 14
      vertex 28.923 1.17474 6
      vertex 28.923 1.17474 14
    endloop
  endfacet
  facet normal 0.997859 0.0654061 0
    outer loop
      vertex 28.923 1.17474 6
      vertex 29 0 14
      vertex 29 0 6
    endloop
  endfacet
  facet normal 0.946934 0.321427 0
    outer loop
      vertex 28.6933 2.32937 14
      vertex 28.3149 3.44415 6
      vertex 28.3149 3.44415 14
    endloop
  endfacet
  facet normal 0.946934 0.321427 0
    outer loop
      vertex 28.3149 3.44415 6
      vertex 28.6933 2.32937 14
      vertex 28.6933 2.32937 6
    endloop
  endfacet
  facet normal -0.195079 0.980788 0
    outer loop
      vertex 18.8253 8.923 6
      vertex 17.6706 8.69333 14
      vertex 18.8253 8.923 14
    endloop
  endfacet
  facet normal -0.195079 0.980788 0
    outer loop
      vertex 17.6706 8.69333 14
      vertex 18.8253 8.923 6
      vertex 17.6706 8.69333 6
    endloop
  endfacet
  facet normal 0.321455 0.946925 -0
    outer loop
      vertex 23.4441 8.31492 6
      vertex 22.3294 8.69333 14
      vertex 23.4441 8.31492 14
    endloop
  endfacet
  facet normal 0.321455 0.946925 0
    outer loop
      vertex 22.3294 8.69333 14
      vertex 23.4441 8.31492 6
      vertex 22.3294 8.69333 6
    endloop
  endfacet
  facet normal 0.831488 0.555543 0
    outer loop
      vertex 27.7942 4.5 14
      vertex 27.1402 5.47885 6
      vertex 27.1402 5.47885 14
    endloop
  endfacet
  facet normal 0.831488 0.555543 0
    outer loop
      vertex 27.1402 5.47885 6
      vertex 27.7942 4.5 14
      vertex 27.7942 4.5 6
    endloop
  endfacet
  facet normal 0.896869 0.442297 0
    outer loop
      vertex 28.3149 3.44415 14
      vertex 27.7942 4.5 6
      vertex 27.7942 4.5 14
    endloop
  endfacet
  facet normal 0.896869 0.442297 0
    outer loop
      vertex 27.7942 4.5 6
      vertex 28.3149 3.44415 14
      vertex 28.3149 3.44415 6
    endloop
  endfacet
  facet normal -0.321429 0.946934 0
    outer loop
      vertex 17.6706 8.69333 6
      vertex 16.5558 8.31492 14
      vertex 17.6706 8.69333 14
    endloop
  endfacet
  facet normal -0.321429 0.946934 0
    outer loop
      vertex 16.5558 8.31492 14
      vertex 17.6706 8.69333 6
      vertex 16.5558 8.31492 6
    endloop
  endfacet
  facet normal -0.98078 0.195115 0
    outer loop
      vertex 11.077 1.17474 6
      vertex 11.3067 2.32937 14
      vertex 11.3067 2.32937 6
    endloop
  endfacet
  facet normal -0.98078 0.195115 0
    outer loop
      vertex 11.3067 2.32937 14
      vertex 11.077 1.17474 6
      vertex 11.077 1.17474 14
    endloop
  endfacet
  facet normal -0.751848 0.659336 0
    outer loop
      vertex 12.8598 5.47885 6
      vertex 13.636 6.36396 14
      vertex 13.636 6.36396 6
    endloop
  endfacet
  facet normal -0.751848 0.659336 0
    outer loop
      vertex 13.636 6.36396 14
      vertex 12.8598 5.47885 6
      vertex 12.8598 5.47885 14
    endloop
  endfacet
  facet normal 0.555553 0.831481 -0
    outer loop
      vertex 25.4789 7.14018 6
      vertex 24.5 7.79423 14
      vertex 25.4789 7.14018 14
    endloop
  endfacet
  facet normal 0.555553 0.831481 0
    outer loop
      vertex 24.5 7.79423 14
      vertex 25.4789 7.14018 6
      vertex 24.5 7.79423 6
    endloop
  endfacet
  facet normal -0.65935 0.751836 0
    outer loop
      vertex 14.5211 7.14018 6
      vertex 13.636 6.36396 14
      vertex 14.5211 7.14018 14
    endloop
  endfacet
  facet normal -0.65935 0.751836 0
    outer loop
      vertex 13.636 6.36396 14
      vertex 14.5211 7.14018 6
      vertex 13.636 6.36396 6
    endloop
  endfacet
  facet normal -0.442307 0.896864 0
    outer loop
      vertex 16.5558 8.31492 6
      vertex 15.5 7.79423 14
      vertex 16.5558 8.31492 14
    endloop
  endfacet
  facet normal -0.442307 0.896864 0
    outer loop
      vertex 15.5 7.79423 14
      vertex 16.5558 8.31492 6
      vertex 15.5 7.79423 6
    endloop
  endfacet
  facet normal 0.751848 0.659336 0
    outer loop
      vertex 27.1402 5.47885 14
      vertex 26.364 6.36396 6
      vertex 26.364 6.36396 14
    endloop
  endfacet
  facet normal 0.751848 0.659336 0
    outer loop
      vertex 26.364 6.36396 6
      vertex 27.1402 5.47885 14
      vertex 27.1402 5.47885 6
    endloop
  endfacet
  facet normal -0.555553 0.831481 0
    outer loop
      vertex 15.5 7.79423 6
      vertex 14.5211 7.14018 14
      vertex 15.5 7.79423 14
    endloop
  endfacet
  facet normal -0.555553 0.831481 0
    outer loop
      vertex 14.5211 7.14018 14
      vertex 15.5 7.79423 6
      vertex 14.5211 7.14018 6
    endloop
  endfacet
  facet normal -0.896869 0.442297 0
    outer loop
      vertex 11.6851 3.44415 6
      vertex 12.2058 4.5 14
      vertex 12.2058 4.5 6
    endloop
  endfacet
  facet normal -0.896869 0.442297 0
    outer loop
      vertex 12.2058 4.5 14
      vertex 11.6851 3.44415 6
      vertex 11.6851 3.44415 14
    endloop
  endfacet
  facet normal 0.442273 0.89688 -0
    outer loop
      vertex 24.5 7.79423 6
      vertex 23.4441 8.31492 14
      vertex 24.5 7.79423 14
    endloop
  endfacet
  facet normal 0.442273 0.89688 0
    outer loop
      vertex 23.4441 8.31492 14
      vertex 24.5 7.79423 6
      vertex 23.4441 8.31492 6
    endloop
  endfacet
  facet normal -0.997859 0.0654061 0
    outer loop
      vertex 11 0 6
      vertex 11.077 1.17474 14
      vertex 11.077 1.17474 6
    endloop
  endfacet
  facet normal -0.997859 0.0654061 0
    outer loop
      vertex 11.077 1.17474 14
      vertex 11 0 6
      vertex 11 0 14
    endloop
  endfacet
  facet normal -0.0654083 0.997859 0
    outer loop
      vertex 20 9 6
      vertex 18.8253 8.923 14
      vertex 20 9 14
    endloop
  endfacet
  facet normal -0.0654083 0.997859 0
    outer loop
      vertex 18.8253 8.923 14
      vertex 20 9 6
      vertex 18.8253 8.923 6
    endloop
  endfacet
  facet normal -0.831488 0.555543 0
    outer loop
      vertex 12.2058 4.5 6
      vertex 12.8598 5.47885 14
      vertex 12.8598 5.47885 6
    endloop
  endfacet
  facet normal -0.831488 0.555543 0
    outer loop
      vertex 12.8598 5.47885 14
      vertex 12.2058 4.5 6
      vertex 12.2058 4.5 14
    endloop
  endfacet
  facet normal 0 0 1
    outer loop
      vertex 22.2308 0.293683 14
      vertex 28.923 1.17474 14
      vertex 28.6933 2.32937 14
    endloop
  endfacet
  facet normal 0 0 1
    outer loop
      vertex 22.1733 0.582342 14
      vertex 28.6933 2.32937 14
      vertex 28.3149 3.44415 14
    endloop
  endfacet
  facet normal 0 0 1
    outer loop
      vertex 22.0787 0.861037 14
      vertex 28.3149 3.44415 14
      vertex 27.7942 4.5 14
    endloop
  endfacet
  facet normal 0 0 1
    outer loop
      vertex 21.9486 1.125 14
      vertex 27.7942 4.5 14
      vertex 27.1402 5.47885 14
    endloop
  endfacet
  facet normal 0 0 1
    outer loop
      vertex 21.785 1.36971 14
      vertex 27.1402 5.47885 14
      vertex 26.364 6.36396 14
    endloop
  endfacet
  facet normal 0 0 1
    outer loop
      vertex 21.591 1.59099 14
      vertex 26.364 6.36396 14
      vertex 25.4789 7.14018 14
    endloop
  endfacet
  facet normal 0 0 1
    outer loop
      vertex 21.3697 1.78504 14
      vertex 25.4789 7.14018 14
      vertex 24.5 7.79423 14
    endloop
  endfacet
  facet normal 0 0 1
    outer loop
      vertex 21.125 1.94856 14
      vertex 24.5 7.79423 14
      vertex 23.4441 8.31492 14
    endloop
  endfacet
  facet normal 0 0 1
    outer loop
      vertex 20.861 2.07873 14
      vertex 23.4441 8.31492 14
      vertex 22.3294 8.69333 14
    endloop
  endfacet
  facet normal 0 0 1
    outer loop
      vertex 27.1402 5.47885 14
      vertex 21.785 1.36971 14
      vertex 21.9486 1.125 14
    endloop
  endfacet
  facet normal 0 0 1
    outer loop
      vertex 29 0 14
      vertex 22.2308 0.293683 14
      vertex 22.25 0 14
    endloop
  endfacet
  facet normal 0 0 1
    outer loop
      vertex 28.923 1.17474 14
      vertex 22.2308 0.293683 14
      vertex 29 0 14
    endloop
  endfacet
  facet normal 0 -0 1
    outer loop
      vertex 22.2308 0.293683 14
      vertex 28.6933 2.32937 14
      vertex 22.1733 0.582342 14
    endloop
  endfacet
  facet normal 0 0 1
    outer loop
      vertex 28.3149 3.44415 14
      vertex 22.0787 0.861037 14
      vertex 22.1733 0.582342 14
    endloop
  endfacet
  facet normal 0 0 1
    outer loop
      vertex 27.7942 4.5 14
      vertex 21.9486 1.125 14
      vertex 22.0787 0.861037 14
    endloop
  endfacet
  facet normal 0 0 1
    outer loop
      vertex 26.364 6.36396 14
      vertex 21.591 1.59099 14
      vertex 21.785 1.36971 14
    endloop
  endfacet
  facet normal 0 0 1
    outer loop
      vertex 25.4789 7.14018 14
      vertex 21.3697 1.78504 14
      vertex 21.591 1.59099 14
    endloop
  endfacet
  facet normal 0 0 1
    outer loop
      vertex 20.5823 2.17333 14
      vertex 22.3294 8.69333 14
      vertex 21.1747 8.923 14
    endloop
  endfacet
  facet normal 0 0 1
    outer loop
      vertex 24.5 7.79423 14
      vertex 21.125 1.94856 14
      vertex 21.3697 1.78504 14
    endloop
  endfacet
  facet normal 0 0 1
    outer loop
      vertex 23.4441 8.31492 14
      vertex 20.861 2.07873 14
      vertex 21.125 1.94856 14
    endloop
  endfacet
  facet normal 0 0 1
    outer loop
      vertex 22.3294 8.69333 14
      vertex 20.5823 2.17333 14
      vertex 20.861 2.07873 14
    endloop
  endfacet
  facet normal 0 0 1
    outer loop
      vertex 21.1747 8.923 14
      vertex 20.2937 2.23075 14
      vertex 20.5823 2.17333 14
    endloop
  endfacet
  facet normal 0 0 1
    outer loop
      vertex 20 9 14
      vertex 20.2937 2.23075 14
      vertex 21.1747 8.923 14
    endloop
  endfacet
  facet normal 0 0 1
    outer loop
      vertex 20 9 14
      vertex 20 2.25 14
      vertex 20.2937 2.23075 14
    endloop
  endfacet
  facet normal 0 0 1
    outer loop
      vertex 20 9 14
      vertex 19.7063 2.23075 14
      vertex 20 2.25 14
    endloop
  endfacet
  facet normal -0 0 1
    outer loop
      vertex 18.8253 8.923 14
      vertex 19.7063 2.23075 14
      vertex 20 9 14
    endloop
  endfacet
  facet normal 0 0 1
    outer loop
      vertex 19.7063 2.23075 14
      vertex 18.8253 8.923 14
      vertex 19.4177 2.17333 14
    endloop
  endfacet
  facet normal -0 0 1
    outer loop
      vertex 17.6706 8.69333 14
      vertex 19.4177 2.17333 14
      vertex 18.8253 8.923 14
    endloop
  endfacet
  facet normal 0 0 1
    outer loop
      vertex 19.4177 2.17333 14
      vertex 17.6706 8.69333 14
      vertex 19.139 2.07873 14
    endloop
  endfacet
  facet normal -0 0 1
    outer loop
      vertex 16.5558 8.31492 14
      vertex 19.139 2.07873 14
      vertex 17.6706 8.69333 14
    endloop
  endfacet
  facet normal 0 0 1
    outer loop
      vertex 19.139 2.07873 14
      vertex 16.5558 8.31492 14
      vertex 18.875 1.94856 14
    endloop
  endfacet
  facet normal -0 0 1
    outer loop
      vertex 15.5 7.79423 14
      vertex 18.875 1.94856 14
      vertex 16.5558 8.31492 14
    endloop
  endfacet
  facet normal 0 0 1
    outer loop
      vertex 18.875 1.94856 14
      vertex 15.5 7.79423 14
      vertex 18.6303 1.78504 14
    endloop
  endfacet
  facet normal -0 0 1
    outer loop
      vertex 14.5211 7.14018 14
      vertex 18.6303 1.78504 14
      vertex 15.5 7.79423 14
    endloop
  endfacet
  facet normal 0 0 1
    outer loop
      vertex 18.6303 1.78504 14
      vertex 14.5211 7.14018 14
      vertex 18.409 1.59099 14
    endloop
  endfacet
  facet normal -0 0 1
    outer loop
      vertex 13.636 6.36396 14
      vertex 18.409 1.59099 14
      vertex 14.5211 7.14018 14
    endloop
  endfacet
  facet normal 0 0 1
    outer loop
      vertex 18.409 1.59099 14
      vertex 13.636 6.36396 14
      vertex 18.215 1.36971 14
    endloop
  endfacet
  facet normal -0 0 1
    outer loop
      vertex 12.8598 5.47885 14
      vertex 18.215 1.36971 14
      vertex 13.636 6.36396 14
    endloop
  endfacet
  facet normal 0 0 1
    outer loop
      vertex 18.215 1.36971 14
      vertex 12.8598 5.47885 14
      vertex 18.0514 1.125 14
    endloop
  endfacet
  facet normal -0 0 1
    outer loop
      vertex 12.2058 4.5 14
      vertex 18.0514 1.125 14
      vertex 12.8598 5.47885 14
    endloop
  endfacet
  facet normal 0 0 1
    outer loop
      vertex 18.0514 1.125 14
      vertex 12.2058 4.5 14
      vertex 17.9213 0.861037 14
    endloop
  endfacet
  facet normal -0 0 1
    outer loop
      vertex 11.6851 3.44415 14
      vertex 17.9213 0.861037 14
      vertex 12.2058 4.5 14
    endloop
  endfacet
  facet normal 0 0 1
    outer loop
      vertex 17.9213 0.861037 14
      vertex 11.6851 3.44415 14
      vertex 17.8267 0.582342 14
    endloop
  endfacet
  facet normal -0 0 1
    outer loop
      vertex 11.3067 2.32937 14
      vertex 17.8267 0.582342 14
      vertex 11.6851 3.44415 14
    endloop
  endfacet
  facet normal 0 0 1
    outer loop
      vertex 17.8267 0.582342 14
      vertex 11.3067 2.32937 14
      vertex 17.7692 0.293683 14
    endloop
  endfacet
  facet normal -0 0 1
    outer loop
      vertex 11.077 1.17474 14
      vertex 17.7692 0.293683 14
      vertex 11.3067 2.32937 14
    endloop
  endfacet
  facet normal 0 0 1
    outer loop
      vertex 17.7692 0.293683 14
      vertex 11.077 1.17474 14
      vertex 17.75 0 14
    endloop
  endfacet
  facet normal 0 0 1
    outer loop
      vertex 17.75 0 14
      vertex 11.077 1.17474 14
      vertex 11 0 14
    endloop
  endfacet
  facet normal 0.65935 0.751836 -0
    outer loop
      vertex 26.364 6.36396 6
      vertex 25.4789 7.14018 14
      vertex 26.364 6.36396 14
    endloop
  endfacet
  facet normal 0.65935 0.751836 0
    outer loop
      vertex 25.4789 7.14018 14
      vertex 26.364 6.36396 6
      vertex 25.4789 7.14018 6
    endloop
  endfacet
  facet normal 0.195079 0.980788 -0
    outer loop
      vertex 22.3294 8.69333 6
      vertex 21.1747 8.923 14
      vertex 22.3294 8.69333 14
    endloop
  endfacet
  facet normal 0.195079 0.980788 0
    outer loop
      vertex 21.1747 8.923 14
      vertex 22.3294 8.69333 6
      vertex 21.1747 8.923 6
    endloop
  endfacet
  facet normal 0.0654083 0.997859 -0
    outer loop
      vertex 21.1747 8.923 6
      vertex 20 9 14
      vertex 21.1747 8.923 14
    endloop
  endfacet
  facet normal 0.0654083 0.997859 0
    outer loop
      vertex 20 9 14
      vertex 21.1747 8.923 6
      vertex 20 9 6
    endloop
  endfacet
  facet normal -0.946934 0.321427 0
    outer loop
      vertex 11.3067 2.32937 6
      vertex 11.6851 3.44415 14
      vertex 11.6851 3.44415 6
    endloop
  endfacet
  facet normal -0.946934 0.321427 0
    outer loop
      vertex 11.6851 3.44415 14
      vertex 11.3067 2.32937 6
      vertex 11.3067 2.32937 14
    endloop
  endfacet
  facet normal 0.980732 0.19536 0
    outer loop
      vertex 118.923 1.17474 14
      vertex 118.693 2.32937 6
      vertex 118.693 2.32937 14
    endloop
  endfacet
  facet normal 0.980732 0.19536 0
    outer loop
      vertex 118.693 2.32937 6
      vertex 118.923 1.17474 14
      vertex 118.923 1.17474 6
    endloop
  endfacet
  facet normal 0.997859 0.0654061 0
    outer loop
      vertex 119 0 14
      vertex 118.923 1.17474 6
      vertex 118.923 1.17474 14
    endloop
  endfacet
  facet normal 0.997859 0.0654061 0
    outer loop
      vertex 118.923 1.17474 6
      vertex 119 0 14
      vertex 119 0 6
    endloop
  endfacet
  facet normal 0.947038 0.321122 0
    outer loop
      vertex 118.693 2.32937 14
      vertex 118.315 3.44415 6
      vertex 118.315 3.44415 14
    endloop
  endfacet
  facet normal 0.947038 0.321122 0
    outer loop
      vertex 118.315 3.44415 6
      vertex 118.693 2.32937 14
      vertex 118.693 2.32937 6
    endloop
  endfacet
  facet normal -0.195193 0.980765 0
    outer loop
      vertex 108.825 8.923 6
      vertex 107.671 8.69333 14
      vertex 108.825 8.923 14
    endloop
  endfacet
  facet normal -0.195193 0.980765 0
    outer loop
      vertex 107.671 8.69333 14
      vertex 108.825 8.923 6
      vertex 107.671 8.69333 6
    endloop
  endfacet
  facet normal 0.321377 0.946951 -0
    outer loop
      vertex 113.444 8.31492 6
      vertex 112.329 8.69333 14
      vertex 113.444 8.31492 14
    endloop
  endfacet
  facet normal 0.321377 0.946951 0
    outer loop
      vertex 112.329 8.69333 14
      vertex 113.444 8.31492 6
      vertex 112.329 8.69333 6
    endloop
  endfacet
  facet normal 0.831488 0.555543 0
    outer loop
      vertex 117.794 4.5 14
      vertex 117.14 5.47885 6
      vertex 117.14 5.47885 14
    endloop
  endfacet
  facet normal 0.831488 0.555543 0
    outer loop
      vertex 117.14 5.47885 6
      vertex 117.794 4.5 14
      vertex 117.794 4.5 6
    endloop
  endfacet
  facet normal 0.896767 0.442502 0
    outer loop
      vertex 118.315 3.44415 14
      vertex 117.794 4.5 6
      vertex 117.794 4.5 14
    endloop
  endfacet
  facet normal 0.896767 0.442502 0
    outer loop
      vertex 117.794 4.5 6
      vertex 118.315 3.44415 14
      vertex 118.315 3.44415 6
    endloop
  endfacet
  facet normal -0.321377 0.946951 0
    outer loop
      vertex 107.671 8.69333 6
      vertex 106.556 8.31492 14
      vertex 107.671 8.69333 14
    endloop
  endfacet
  facet normal -0.321377 0.946951 0
    outer loop
      vertex 106.556 8.31492 14
      vertex 107.671 8.69333 6
      vertex 106.556 8.31492 6
    endloop
  endfacet
  facet normal -0.980732 0.19536 0
    outer loop
      vertex 101.077 1.17474 6
      vertex 101.307 2.32937 14
      vertex 101.307 2.32937 6
    endloop
  endfacet
  facet normal -0.980732 0.19536 0
    outer loop
      vertex 101.307 2.32937 14
      vertex 101.077 1.17474 6
      vertex 101.077 1.17474 14
    endloop
  endfacet
  facet normal -0.751933 0.65924 0
    outer loop
      vertex 102.86 5.47885 6
      vertex 103.636 6.36396 14
      vertex 103.636 6.36396 6
    endloop
  endfacet
  facet normal -0.751933 0.65924 0
    outer loop
      vertex 103.636 6.36396 14
      vertex 102.86 5.47885 6
      vertex 102.86 5.47885 14
    endloop
  endfacet
  facet normal 0.555513 0.831508 -0
    outer loop
      vertex 115.479 7.14018 6
      vertex 114.5 7.79423 14
      vertex 115.479 7.14018 14
    endloop
  endfacet
  facet normal 0.555513 0.831508 0
    outer loop
      vertex 114.5 7.79423 14
      vertex 115.479 7.14018 6
      vertex 114.5 7.79423 6
    endloop
  endfacet
  facet normal 0 0 1
    outer loop
      vertex 112.231 0.293683 14
      vertex 118.923 1.17474 14
      vertex 118.693 2.32937 14
    endloop
  endfacet
  facet normal 0 0 1
    outer loop
      vertex 112.173 0.582342 14
      vertex 118.693 2.32937 14
      vertex 118.315 3.44415 14
    endloop
  endfacet
  facet normal 0 0 1
    outer loop
      vertex 112.079 0.861037 14
      vertex 118.315 3.44415 14
      vertex 117.794 4.5 14
    endloop
  endfacet
  facet normal 0 0 1
    outer loop
      vertex 111.949 1.125 14
      vertex 117.794 4.5 14
      vertex 117.14 5.47885 14
    endloop
  endfacet
  facet normal 0 0 1
    outer loop
      vertex 111.785 1.36971 14
      vertex 117.14 5.47885 14
      vertex 116.364 6.36396 14
    endloop
  endfacet
  facet normal 0 0 1
    outer loop
      vertex 111.591 1.59099 14
      vertex 116.364 6.36396 14
      vertex 115.479 7.14018 14
    endloop
  endfacet
  facet normal 0 0 1
    outer loop
      vertex 111.37 1.78504 14
      vertex 115.479 7.14018 14
      vertex 114.5 7.79423 14
    endloop
  endfacet
  facet normal 0 0 1
    outer loop
      vertex 111.125 1.94856 14
      vertex 114.5 7.79423 14
      vertex 113.444 8.31492 14
    endloop
  endfacet
  facet normal 0 0 1
    outer loop
      vertex 110.861 2.07873 14
      vertex 113.444 8.31492 14
      vertex 112.329 8.69333 14
    endloop
  endfacet
  facet normal 0 0 1
    outer loop
      vertex 117.14 5.47885 14
      vertex 111.785 1.36971 14
      vertex 111.949 1.125 14
    endloop
  endfacet
  facet normal 0 0 1
    outer loop
      vertex 119 0 14
      vertex 112.231 0.293683 14
      vertex 112.25 0 14
    endloop
  endfacet
  facet normal 0 0 1
    outer loop
      vertex 118.923 1.17474 14
      vertex 112.231 0.293683 14
      vertex 119 0 14
    endloop
  endfacet
  facet normal 0 -0 1
    outer loop
      vertex 112.231 0.293683 14
      vertex 118.693 2.32937 14
      vertex 112.173 0.582342 14
    endloop
  endfacet
  facet normal 0 0 1
    outer loop
      vertex 118.315 3.44415 14
      vertex 112.079 0.861037 14
      vertex 112.173 0.582342 14
    endloop
  endfacet
  facet normal 0 0 1
    outer loop
      vertex 117.794 4.5 14
      vertex 111.949 1.125 14
      vertex 112.079 0.861037 14
    endloop
  endfacet
  facet normal 0 0 1
    outer loop
      vertex 116.364 6.36396 14
      vertex 111.591 1.59099 14
      vertex 111.785 1.36971 14
    endloop
  endfacet
  facet normal 0 0 1
    outer loop
      vertex 115.479 7.14018 14
      vertex 111.37 1.78504 14
      vertex 111.591 1.59099 14
    endloop
  endfacet
  facet normal 0 0 1
    outer loop
      vertex 110.582 2.17333 14
      vertex 112.329 8.69333 14
      vertex 111.175 8.923 14
    endloop
  endfacet
  facet normal 0 0 1
    outer loop
      vertex 114.5 7.79423 14
      vertex 111.125 1.94856 14
      vertex 111.37 1.78504 14
    endloop
  endfacet
  facet normal 0 0 1
    outer loop
      vertex 113.444 8.31492 14
      vertex 110.861 2.07873 14
      vertex 111.125 1.94856 14
    endloop
  endfacet
  facet normal 0 0 1
    outer loop
      vertex 112.329 8.69333 14
      vertex 110.582 2.17333 14
      vertex 110.861 2.07873 14
    endloop
  endfacet
  facet normal 0 0 1
    outer loop
      vertex 111.175 8.923 14
      vertex 110.294 2.23075 14
      vertex 110.582 2.17333 14
    endloop
  endfacet
  facet normal 0 0 1
    outer loop
      vertex 110 9 14
      vertex 110.294 2.23075 14
      vertex 111.175 8.923 14
    endloop
  endfacet
  facet normal 0 0 1
    outer loop
      vertex 110 9 14
      vertex 110 2.25 14
      vertex 110.294 2.23075 14
    endloop
  endfacet
  facet normal 0 0 1
    outer loop
      vertex 110 9 14
      vertex 109.706 2.23075 14
      vertex 110 2.25 14
    endloop
  endfacet
  facet normal -0 0 1
    outer loop
      vertex 108.825 8.923 14
      vertex 109.706 2.23075 14
      vertex 110 9 14
    endloop
  endfacet
  facet normal 0 0 1
    outer loop
      vertex 109.706 2.23075 14
      vertex 108.825 8.923 14
      vertex 109.418 2.17333 14
    endloop
  endfacet
  facet normal -0 0 1
    outer loop
      vertex 107.671 8.69333 14
      vertex 109.418 2.17333 14
      vertex 108.825 8.923 14
    endloop
  endfacet
  facet normal 0 0 1
    outer loop
      vertex 109.418 2.17333 14
      vertex 107.671 8.69333 14
      vertex 109.139 2.07873 14
    endloop
  endfacet
  facet normal -0 0 1
    outer loop
      vertex 106.556 8.31492 14
      vertex 109.139 2.07873 14
      vertex 107.671 8.69333 14
    endloop
  endfacet
  facet normal 0 0 1
    outer loop
      vertex 109.139 2.07873 14
      vertex 106.556 8.31492 14
      vertex 108.875 1.94856 14
    endloop
  endfacet
  facet normal -0 0 1
    outer loop
      vertex 105.5 7.79423 14
      vertex 108.875 1.94856 14
      vertex 106.556 8.31492 14
    endloop
  endfacet
  facet normal 0 0 1
    outer loop
      vertex 108.875 1.94856 14
      vertex 105.5 7.79423 14
      vertex 108.63 1.78504 14
    endloop
  endfacet
  facet normal -0 0 1
    outer loop
      vertex 104.521 7.14018 14
      vertex 108.63 1.78504 14
      vertex 105.5 7.79423 14
    endloop
  endfacet
  facet normal 0 0 1
    outer loop
      vertex 108.63 1.78504 14
      vertex 104.521 7.14018 14
      vertex 108.409 1.59099 14
    endloop
  endfacet
  facet normal -0 0 1
    outer loop
      vertex 103.636 6.36396 14
      vertex 108.409 1.59099 14
      vertex 104.521 7.14018 14
    endloop
  endfacet
  facet normal 0 0 1
    outer loop
      vertex 108.409 1.59099 14
      vertex 103.636 6.36396 14
      vertex 108.215 1.36971 14
    endloop
  endfacet
  facet normal -0 0 1
    outer loop
      vertex 102.86 5.47885 14
      vertex 108.215 1.36971 14
      vertex 103.636 6.36396 14
    endloop
  endfacet
  facet normal 0 0 1
    outer loop
      vertex 108.215 1.36971 14
      vertex 102.86 5.47885 14
      vertex 108.051 1.125 14
    endloop
  endfacet
  facet normal -0 0 1
    outer loop
      vertex 102.206 4.5 14
      vertex 108.051 1.125 14
      vertex 102.86 5.47885 14
    endloop
  endfacet
  facet normal 0 0 1
    outer loop
      vertex 108.051 1.125 14
      vertex 102.206 4.5 14
      vertex 107.921 0.861037 14
    endloop
  endfacet
  facet normal -0 0 1
    outer loop
      vertex 101.685 3.44415 14
      vertex 107.921 0.861037 14
      vertex 102.206 4.5 14
    endloop
  endfacet
  facet normal 0 0 1
    outer loop
      vertex 107.921 0.861037 14
      vertex 101.685 3.44415 14
      vertex 107.827 0.582342 14
    endloop
  endfacet
  facet normal -0 0 1
    outer loop
      vertex 101.307 2.32937 14
      vertex 107.827 0.582342 14
      vertex 101.685 3.44415 14
    endloop
  endfacet
  facet normal 0 0 1
    outer loop
      vertex 107.827 0.582342 14
      vertex 101.307 2.32937 14
      vertex 107.769 0.293683 14
    endloop
  endfacet
  facet normal -0 0 1
    outer loop
      vertex 101.077 1.17474 14
      vertex 107.769 0.293683 14
      vertex 101.307 2.32937 14
    endloop
  endfacet
  facet normal 0 0 1
    outer loop
      vertex 107.769 0.293683 14
      vertex 101.077 1.17474 14
      vertex 107.75 0 14
    endloop
  endfacet
  facet normal 0 0 1
    outer loop
      vertex 107.75 0 14
      vertex 101.077 1.17474 14
      vertex 101 0 14
    endloop
  endfacet
  facet normal -0.659392 0.751799 0
    outer loop
      vertex 104.521 7.14018 6
      vertex 103.636 6.36396 14
      vertex 104.521 7.14018 14
    endloop
  endfacet
  facet normal -0.659392 0.751799 0
    outer loop
      vertex 103.636 6.36396 14
      vertex 104.521 7.14018 6
      vertex 103.636 6.36396 6
    endloop
  endfacet
  facet normal -0.44224 0.896897 0
    outer loop
      vertex 106.556 8.31492 6
      vertex 105.5 7.79423 14
      vertex 106.556 8.31492 14
    endloop
  endfacet
  facet normal -0.44224 0.896897 0
    outer loop
      vertex 105.5 7.79423 14
      vertex 106.556 8.31492 6
      vertex 105.5 7.79423 6
    endloop
  endfacet
  facet normal 0.751933 0.65924 0
    outer loop
      vertex 117.14 5.47885 14
      vertex 116.364 6.36396 6
      vertex 116.364 6.36396 14
    endloop
  endfacet
  facet normal 0.751933 0.65924 0
    outer loop
      vertex 116.364 6.36396 6
      vertex 117.14 5.47885 14
      vertex 117.14 5.47885 6
    endloop
  endfacet
  facet normal -0.555513 0.831508 0
    outer loop
      vertex 105.5 7.79423 6
      vertex 104.521 7.14018 14
      vertex 105.5 7.79423 14
    endloop
  endfacet
  facet normal -0.555513 0.831508 0
    outer loop
      vertex 104.521 7.14018 14
      vertex 105.5 7.79423 6
      vertex 104.521 7.14018 6
    endloop
  endfacet
  facet normal -0.896767 0.442502 0
    outer loop
      vertex 101.685 3.44415 6
      vertex 102.206 4.5 14
      vertex 102.206 4.5 6
    endloop
  endfacet
  facet normal -0.896767 0.442502 0
    outer loop
      vertex 102.206 4.5 14
      vertex 101.685 3.44415 6
      vertex 101.685 3.44415 14
    endloop
  endfacet
  facet normal -0.997859 0.0654061 0
    outer loop
      vertex 101 0 6
      vertex 101.077 1.17474 14
      vertex 101.077 1.17474 6
    endloop
  endfacet
  facet normal -0.997859 0.0654061 0
    outer loop
      vertex 101.077 1.17474 14
      vertex 101 0 6
      vertex 101 0 14
    endloop
  endfacet
  facet normal -0.0653917 0.99786 0
    outer loop
      vertex 110 9 6
      vertex 108.825 8.923 14
      vertex 110 9 14
    endloop
  endfacet
  facet normal -0.0653917 0.99786 0
    outer loop
      vertex 108.825 8.923 14
      vertex 110 9 6
      vertex 108.825 8.923 6
    endloop
  endfacet
  facet normal -0.831488 0.555543 0
    outer loop
      vertex 102.206 4.5 6
      vertex 102.86 5.47885 14
      vertex 102.86 5.47885 6
    endloop
  endfacet
  facet normal -0.831488 0.555543 0
    outer loop
      vertex 102.86 5.47885 14
      vertex 102.206 4.5 6
      vertex 102.206 4.5 14
    endloop
  endfacet
  facet normal 0.659392 0.751799 -0
    outer loop
      vertex 116.364 6.36396 6
      vertex 115.479 7.14018 14
      vertex 116.364 6.36396 14
    endloop
  endfacet
  facet normal 0.659392 0.751799 0
    outer loop
      vertex 115.479 7.14018 14
      vertex 116.364 6.36396 6
      vertex 115.479 7.14018 6
    endloop
  endfacet
  facet normal 0.44224 0.896897 -0
    outer loop
      vertex 114.5 7.79423 6
      vertex 113.444 8.31492 14
      vertex 114.5 7.79423 14
    endloop
  endfacet
  facet normal 0.44224 0.896897 0
    outer loop
      vertex 113.444 8.31492 14
      vertex 114.5 7.79423 6
      vertex 113.444 8.31492 6
    endloop
  endfacet
  facet normal 0.195193 0.980765 -0
    outer loop
      vertex 112.329 8.69333 6
      vertex 111.175 8.923 14
      vertex 112.329 8.69333 14
    endloop
  endfacet
  facet normal 0.195193 0.980765 0
    outer loop
      vertex 111.175 8.923 14
      vertex 112.329 8.69333 6
      vertex 111.175 8.923 6
    endloop
  endfacet
  facet normal 0.0653917 0.99786 -0
    outer loop
      vertex 111.175 8.923 6
      vertex 110 9 14
      vertex 111.175 8.923 14
    endloop
  endfacet
  facet normal 0.0653917 0.99786 0
    outer loop
      vertex 110 9 14
      vertex 111.175 8.923 6
      vertex 110 9 6
    endloop
  endfacet
  facet normal -0.947038 0.321122 0
    outer loop
      vertex 101.307 2.32937 6
      vertex 101.685 3.44415 14
      vertex 101.685 3.44415 6
    endloop
  endfacet
  facet normal -0.947038 0.321122 0
    outer loop
      vertex 101.685 3.44415 14
      vertex 101.307 2.32937 6
      vertex 101.307 2.32937 14
    endloop
  endfacet
  facet normal 0.194961 0.980811 -0
    outer loop
      vertex 209.623 224.523 0
      vertex 207.827 224.88 6
      vertex 209.623 224.523 6
    endloop
  endfacet
  facet normal 0.194961 0.980811 0
    outer loop
      vertex 207.827 224.88 6
      vertex 209.623 224.523 0
      vertex 207.827 224.88 0
    endloop
  endfacet
  facet normal 0.980811 0.194961 0
    outer loop
      vertex 219.88 212.827 6
      vertex 219.523 214.623 0
      vertex 219.523 214.623 6
    endloop
  endfacet
  facet normal 0.980811 0.194961 0
    outer loop
      vertex 219.523 214.623 0
      vertex 219.88 212.827 6
      vertex 219.88 212.827 0
    endloop
  endfacet
  facet normal 0.99785 0.0655402 0
    outer loop
      vertex 220 211 6
      vertex 219.88 212.827 0
      vertex 219.88 212.827 6
    endloop
  endfacet
  facet normal 0.99785 0.0655402 0
    outer loop
      vertex 219.88 212.827 0
      vertex 220 211 6
      vertex 220 211 0
    endloop
  endfacet
  facet normal 0.896817 0.442401 0
    outer loop
      vertex 218.934 216.358 6
      vertex 218.124 218 0
      vertex 218.124 218 6
    endloop
  endfacet
  facet normal 0.896817 0.442401 0
    outer loop
      vertex 218.124 218 0
      vertex 218.934 216.358 6
      vertex 218.934 216.358 0
    endloop
  endfacet
  facet normal 0 1 -0
    outer loop
      vertex 206 225 0
      vertex 16 225 6
      vertex 206 225 6
    endloop
  endfacet
  facet normal 0 1 0
    outer loop
      vertex 16 225 6
      vertex 206 225 0
      vertex 16 225 0
    endloop
  endfacet
  facet normal 0.659741 0.751493 -0
    outer loop
      vertex 215.899 220.899 0
      vertex 214.523 222.107 6
      vertex 215.899 220.899 6
    endloop
  endfacet
  facet normal 0.659741 0.751493 0
    outer loop
      vertex 214.523 222.107 6
      vertex 215.899 220.899 0
      vertex 214.523 222.107 0
    endloop
  endfacet
  facet normal 0.321462 0.946922 -0
    outer loop
      vertex 211.358 223.934 0
      vertex 209.623 224.523 6
      vertex 211.358 223.934 6
    endloop
  endfacet
  facet normal 0.321462 0.946922 0
    outer loop
      vertex 209.623 224.523 6
      vertex 211.358 223.934 0
      vertex 209.623 224.523 0
    endloop
  endfacet
  facet normal 0.946922 0.321462 0
    outer loop
      vertex 219.523 214.623 6
      vertex 218.934 216.358 0
      vertex 218.934 216.358 6
    endloop
  endfacet
  facet normal 0.946922 0.321462 0
    outer loop
      vertex 218.934 216.358 0
      vertex 219.523 214.623 6
      vertex 219.523 214.623 0
    endloop
  endfacet
  facet normal 1 -0 0
    outer loop
      vertex 220 0 6
      vertex 220 211 0
      vertex 220 211 6
    endloop
  endfacet
  facet normal 1 0 0
    outer loop
      vertex 220 211 0
      vertex 220 0 6
      vertex 220 0 0
    endloop
  endfacet
  facet normal 0.55533 0.83163 -0
    outer loop
      vertex 214.523 222.107 0
      vertex 213 223.124 6
      vertex 214.523 222.107 6
    endloop
  endfacet
  facet normal 0.55533 0.83163 0
    outer loop
      vertex 213 223.124 6
      vertex 214.523 222.107 0
      vertex 213 223.124 0
    endloop
  endfacet
  facet normal 0.0655402 0.99785 -0
    outer loop
      vertex 207.827 224.88 0
      vertex 206 225 6
      vertex 207.827 224.88 6
    endloop
  endfacet
  facet normal 0.0655402 0.99785 0
    outer loop
      vertex 206 225 6
      vertex 207.827 224.88 0
      vertex 206 225 0
    endloop
  endfacet
  facet normal 0.442401 0.896817 -0
    outer loop
      vertex 213 223.124 0
      vertex 211.358 223.934 6
      vertex 213 223.124 6
    endloop
  endfacet
  facet normal 0.442401 0.896817 0
    outer loop
      vertex 211.358 223.934 6
      vertex 213 223.124 0
      vertex 211.358 223.934 0
    endloop
  endfacet
  facet normal 0.83163 0.55533 0
    outer loop
      vertex 218.124 218 6
      vertex 217.107 219.523 0
      vertex 217.107 219.523 6
    endloop
  endfacet
  facet normal 0.83163 0.55533 0
    outer loop
      vertex 217.107 219.523 0
      vertex 218.124 218 6
      vertex 218.124 218 0
    endloop
  endfacet
  facet normal 0 0 -1
    outer loop
      vertex 132.825 162.86 0
      vertex 19.9658 214.478 0
      vertex 20 215 0
    endloop
  endfacet
  facet normal 0 0 -1
    outer loop
      vertex 11.4444 105.848 0
      vertex 26.1109 28.8666 0
      vertex 11.5 105 0
    endloop
  endfacet
  facet normal 0 0 -1
    outer loop
      vertex 1.78504 16.3697 0
      vertex 26.1109 27.7019 0
      vertex 1.94856 16.125 0
    endloop
  endfacet
  facet normal 0 0 -1
    outer loop
      vertex 26.1109 28.8666 0
      vertex 19.8637 213.965 0
      vertex 19.9658 214.478 0
    endloop
  endfacet
  facet normal 0 0 -1
    outer loop
      vertex 26.1109 28.8666 0
      vertex 11.4444 105.848 0
      vertex 19.8637 213.965 0
    endloop
  endfacet
  facet normal 0 0 -1
    outer loop
      vertex 2.23075 15.2937 0
      vertex 19.7063 2.23075 0
      vertex 19.4177 2.17333 0
    endloop
  endfacet
  facet normal 0 0 -1
    outer loop
      vertex 19.8637 213.965 0
      vertex 11.4444 105.848 0
      vertex 19.6955 213.469 0
    endloop
  endfacet
  facet normal 0 0 -1
    outer loop
      vertex 2.25 15 0
      vertex 19.4177 2.17333 0
      vertex 19.139 2.07873 0
    endloop
  endfacet
  facet normal 0 0 -1
    outer loop
      vertex 2.23075 14.7063 0
      vertex 19.139 2.07873 0
      vertex 18.875 1.94856 0
    endloop
  endfacet
  facet normal 0 0 -1
    outer loop
      vertex 11.2785 106.682 0
      vertex 19.6955 213.469 0
      vertex 11.4444 105.848 0
    endloop
  endfacet
  facet normal 0 0 -1
    outer loop
      vertex 2.17333 14.4177 0
      vertex 18.875 1.94856 0
      vertex 18.6303 1.78504 0
    endloop
  endfacet
  facet normal 0 0 -1
    outer loop
      vertex 19.6955 213.469 0
      vertex 11.2785 106.682 0
      vertex 19.4641 213 0
    endloop
  endfacet
  facet normal 0 0 -1
    outer loop
      vertex 2.07873 14.139 0
      vertex 18.6303 1.78504 0
      vertex 18.409 1.59099 0
    endloop
  endfacet
  facet normal 0 0 -1
    outer loop
      vertex 1.94856 13.875 0
      vertex 18.409 1.59099 0
      vertex 18.215 1.36971 0
    endloop
  endfacet
  facet normal 0 0 -1
    outer loop
      vertex 1.78504 13.6303 0
      vertex 18.215 1.36971 0
      vertex 18.0514 1.125 0
    endloop
  endfacet
  facet normal 0 0 -1
    outer loop
      vertex 11.0052 107.487 0
      vertex 19.4641 213 0
      vertex 11.2785 106.682 0
    endloop
  endfacet
  facet normal 0 0 -1
    outer loop
      vertex 0 0 0
      vertex 18.0514 1.125 0
      vertex 17.9213 0.861037 0
    endloop
  endfacet
  facet normal 0 0 -1
    outer loop
      vertex 0 0 0
      vertex 17.9213 0.861037 0
      vertex 17.8267 0.582342 0
    endloop
  endfacet
  facet normal 0 0 -1
    outer loop
      vertex 0 0 0
      vertex 17.8267 0.582342 0
      vertex 17.7692 0.293683 0
    endloop
  endfacet
  facet normal 0 0 -1
    outer loop
      vertex 0 0 0
      vertex 17.7692 0.293683 0
      vertex 17.75 0 0
    endloop
  endfacet
  facet normal 0 0 -1
    outer loop
      vertex 19.4641 213 0
      vertex 11.0052 107.487 0
      vertex 19.1734 212.565 0
    endloop
  endfacet
  facet normal 0 0 -1
    outer loop
      vertex 10.6292 108.25 0
      vertex 19.1734 212.565 0
      vertex 11.0052 107.487 0
    endloop
  endfacet
  facet normal 0 0 -1
    outer loop
      vertex 19.1734 212.565 0
      vertex 10.6292 108.25 0
      vertex 18.8284 212.172 0
    endloop
  endfacet
  facet normal 0 0 -1
    outer loop
      vertex 10.1568 108.957 0
      vertex 18.8284 212.172 0
      vertex 10.6292 108.25 0
    endloop
  endfacet
  facet normal 0 0 -1
    outer loop
      vertex 18.8284 212.172 0
      vertex 10.1568 108.957 0
      vertex 18.435 211.827 0
    endloop
  endfacet
  facet normal 0 0 -1
    outer loop
      vertex 26.1109 28.8666 0
      vertex 11.4444 104.152 0
      vertex 11.5 105 0
    endloop
  endfacet
  facet normal 0 0 -1
    outer loop
      vertex 26.1109 28.8666 0
      vertex 11.2785 103.318 0
      vertex 11.4444 104.152 0
    endloop
  endfacet
  facet normal 0 0 -1
    outer loop
      vertex 26.1109 28.8666 0
      vertex 11.0052 102.513 0
      vertex 11.2785 103.318 0
    endloop
  endfacet
  facet normal 0 0 -1
    outer loop
      vertex 26.1109 28.8666 0
      vertex 10.6292 101.75 0
      vertex 11.0052 102.513 0
    endloop
  endfacet
  facet normal 0 0 -1
    outer loop
      vertex 26.1109 28.8666 0
      vertex 10.1568 101.043 0
      vertex 10.6292 101.75 0
    endloop
  endfacet
  facet normal 0 0 -1
    outer loop
      vertex 26.1109 28.8666 0
      vertex 9.59619 100.404 0
      vertex 10.1568 101.043 0
    endloop
  endfacet
  facet normal -0 0 -1
    outer loop
      vertex 26.0343 28.2843 0
      vertex 1.36971 16.785 0
      vertex 26.0535 28.578 0
    endloop
  endfacet
  facet normal 0 0 -1
    outer loop
      vertex 26.1109 28.8666 0
      vertex 8.95695 99.8432 0
      vertex 9.59619 100.404 0
    endloop
  endfacet
  facet normal 0 0 -1
    outer loop
      vertex 1.125 16.9486 0
      vertex 26.0535 28.578 0
      vertex 1.36971 16.785 0
    endloop
  endfacet
  facet normal 0 0 -1
    outer loop
      vertex 26.1109 28.8666 0
      vertex 8.25 99.3708 0
      vertex 8.95695 99.8432 0
    endloop
  endfacet
  facet normal -0 0 -1
    outer loop
      vertex 26.0535 28.578 0
      vertex 1.125 16.9486 0
      vertex 26.1109 28.8666 0
    endloop
  endfacet
  facet normal 0 0 -1
    outer loop
      vertex 26.1109 28.8666 0
      vertex 7.48744 98.9948 0
      vertex 8.25 99.3708 0
    endloop
  endfacet
  facet normal 0 0 -1
    outer loop
      vertex 0.861037 17.0787 0
      vertex 26.1109 28.8666 0
      vertex 1.125 16.9486 0
    endloop
  endfacet
  facet normal 0 0 -1
    outer loop
      vertex 26.1109 28.8666 0
      vertex 6.68232 98.7215 0
      vertex 7.48744 98.9948 0
    endloop
  endfacet
  facet normal 0 0 -1
    outer loop
      vertex 0.582342 17.1733 0
      vertex 26.1109 28.8666 0
      vertex 0.861037 17.0787 0
    endloop
  endfacet
  facet normal 0 0 -1
    outer loop
      vertex 19.4177 2.17333 0
      vertex 2.25 15 0
      vertex 2.23075 15.2937 0
    endloop
  endfacet
  facet normal 0 0 -1
    outer loop
      vertex 19.139 2.07873 0
      vertex 2.23075 14.7063 0
      vertex 2.25 15 0
    endloop
  endfacet
  facet normal 0 0 -1
    outer loop
      vertex 18.875 1.94856 0
      vertex 2.17333 14.4177 0
      vertex 2.23075 14.7063 0
    endloop
  endfacet
  facet normal 0 0 -1
    outer loop
      vertex 18.6303 1.78504 0
      vertex 2.07873 14.139 0
      vertex 2.17333 14.4177 0
    endloop
  endfacet
  facet normal 0 0 -1
    outer loop
      vertex 18.409 1.59099 0
      vertex 1.94856 13.875 0
      vertex 2.07873 14.139 0
    endloop
  endfacet
  facet normal 0 0 -1
    outer loop
      vertex 18.215 1.36971 0
      vertex 1.78504 13.6303 0
      vertex 1.94856 13.875 0
    endloop
  endfacet
  facet normal 0 0 -1
    outer loop
      vertex 18.0514 1.125 0
      vertex 1.59099 13.409 0
      vertex 1.78504 13.6303 0
    endloop
  endfacet
  facet normal -0 0 -1
    outer loop
      vertex 18.0514 1.125 0
      vertex 0 0 0
      vertex 1.59099 13.409 0
    endloop
  endfacet
  facet normal 0 0 -1
    outer loop
      vertex 1.59099 13.409 0
      vertex 0 0 0
      vertex 1.36971 13.215 0
    endloop
  endfacet
  facet normal 0 0 -1
    outer loop
      vertex 1.36971 13.215 0
      vertex 0 0 0
      vertex 1.125 13.0514 0
    endloop
  endfacet
  facet normal 0 0 -1
    outer loop
      vertex 1.125 13.0514 0
      vertex 0 0 0
      vertex 0.861037 12.9213 0
    endloop
  endfacet
  facet normal 0 0 -1
    outer loop
      vertex 0.861037 12.9213 0
      vertex 0 0 0
      vertex 0.582342 12.8267 0
    endloop
  endfacet
  facet normal 0 0 -1
    outer loop
      vertex 0.582342 12.8267 0
      vertex 0 0 0
      vertex 0.293683 12.7692 0
    endloop
  endfacet
  facet normal 0 0 -1
    outer loop
      vertex 0.293683 12.7692 0
      vertex 0 0 0
      vertex 0 12.75 0
    endloop
  endfacet
  facet normal 0 0 -1
    outer loop
      vertex 9.59619 109.596 0
      vertex 18.435 211.827 0
      vertex 10.1568 108.957 0
    endloop
  endfacet
  facet normal 0 0 -1
    outer loop
      vertex 18.435 211.827 0
      vertex 9.59619 109.596 0
      vertex 18 211.536 0
    endloop
  endfacet
  facet normal 0 0 -1
    outer loop
      vertex 8.95695 110.157 0
      vertex 18 211.536 0
      vertex 9.59619 109.596 0
    endloop
  endfacet
  facet normal 0 0 -1
    outer loop
      vertex 18 211.536 0
      vertex 8.95695 110.157 0
      vertex 17.5307 211.304 0
    endloop
  endfacet
  facet normal 0 0 -1
    outer loop
      vertex 8.25 110.629 0
      vertex 17.5307 211.304 0
      vertex 8.95695 110.157 0
    endloop
  endfacet
  facet normal 0 0 -1
    outer loop
      vertex 17.5307 211.304 0
      vertex 8.25 110.629 0
      vertex 17.0353 211.136 0
    endloop
  endfacet
  facet normal 0 0 -1
    outer loop
      vertex 7.48744 111.005 0
      vertex 17.0353 211.136 0
      vertex 8.25 110.629 0
    endloop
  endfacet
  facet normal 0 0 -1
    outer loop
      vertex 17.0353 211.136 0
      vertex 7.48744 111.005 0
      vertex 16.5221 211.034 0
    endloop
  endfacet
  facet normal 0 0 -1
    outer loop
      vertex 6.68232 111.279 0
      vertex 16.5221 211.034 0
      vertex 7.48744 111.005 0
    endloop
  endfacet
  facet normal 0 0 -1
    outer loop
      vertex 16.5221 211.034 0
      vertex 6.68232 111.279 0
      vertex 16 211 0
    endloop
  endfacet
  facet normal 0 0 -1
    outer loop
      vertex 5.84842 111.444 0
      vertex 16 211 0
      vertex 6.68232 111.279 0
    endloop
  endfacet
  facet normal 0 0 -1
    outer loop
      vertex 5 111.5 0
      vertex 16 211 0
      vertex 5.84842 111.444 0
    endloop
  endfacet
  facet normal 0 0 -1
    outer loop
      vertex 0 211 0
      vertex 5 111.5 0
      vertex 4.15158 111.444 0
    endloop
  endfacet
  facet normal 0 0 -1
    outer loop
      vertex 0 211 0
      vertex 4.15158 111.444 0
      vertex 3.31768 111.279 0
    endloop
  endfacet
  facet normal 0 0 -1
    outer loop
      vertex 0 211 0
      vertex 3.31768 111.279 0
      vertex 2.51256 111.005 0
    endloop
  endfacet
  facet normal 0 0 -1
    outer loop
      vertex 0 211 0
      vertex 2.51256 111.005 0
      vertex 1.75 110.629 0
    endloop
  endfacet
  facet normal 0 0 -1
    outer loop
      vertex 0 211 0
      vertex 1.75 110.629 0
      vertex 1.04305 110.157 0
    endloop
  endfacet
  facet normal 0 0 -1
    outer loop
      vertex 0 211 0
      vertex 1.04305 110.157 0
      vertex 0.403806 109.596 0
    endloop
  endfacet
  facet normal 0 0 -1
    outer loop
      vertex 0 211 0
      vertex 0.403806 109.596 0
      vertex 0 109.136 0
    endloop
  endfacet
  facet normal 0 0 -1
    outer loop
      vertex 5 111.5 0
      vertex 0 211 0
      vertex 16 211 0
    endloop
  endfacet
  facet normal -0 0 -1
    outer loop
      vertex 26.1109 27.7019 0
      vertex 1.78504 16.3697 0
      vertex 26.0535 27.9906 0
    endloop
  endfacet
  facet normal 0 0 -1
    outer loop
      vertex 1.59099 16.591 0
      vertex 26.0535 27.9906 0
      vertex 1.78504 16.3697 0
    endloop
  endfacet
  facet normal -0 0 -1
    outer loop
      vertex 26.0535 27.9906 0
      vertex 1.59099 16.591 0
      vertex 26.0343 28.2843 0
    endloop
  endfacet
  facet normal 0 0 -1
    outer loop
      vertex 1.36971 16.785 0
      vertex 26.0343 28.2843 0
      vertex 1.59099 16.591 0
    endloop
  endfacet
  facet normal 0 0 -1
    outer loop
      vertex 26.1109 28.8666 0
      vertex 5.84842 98.5556 0
      vertex 6.68232 98.7215 0
    endloop
  endfacet
  facet normal 0 0 -1
    outer loop
      vertex 0.293683 17.2308 0
      vertex 26.1109 28.8666 0
      vertex 0.582342 17.1733 0
    endloop
  endfacet
  facet normal 0 0 -1
    outer loop
      vertex 26.1109 28.8666 0
      vertex 5 98.5 0
      vertex 5.84842 98.5556 0
    endloop
  endfacet
  facet normal 0 0 -1
    outer loop
      vertex 0 17.25 0
      vertex 26.1109 28.8666 0
      vertex 0.293683 17.2308 0
    endloop
  endfacet
  facet normal 0 -0 -1
    outer loop
      vertex 4.15158 98.5556 0
      vertex 26.1109 28.8666 0
      vertex 0 17.25 0
    endloop
  endfacet
  facet normal 0 0 -1
    outer loop
      vertex 26.1109 28.8666 0
      vertex 4.15158 98.5556 0
      vertex 5 98.5 0
    endloop
  endfacet
  facet normal -0 0 -1
    outer loop
      vertex 4.15158 98.5556 0
      vertex 0 17.25 0
      vertex 3.31768 98.7215 0
    endloop
  endfacet
  facet normal -0 0 -1
    outer loop
      vertex 3.31768 98.7215 0
      vertex 0 17.25 0
      vertex 2.51256 98.9948 0
    endloop
  endfacet
  facet normal -0 0 -1
    outer loop
      vertex 2.51256 98.9948 0
      vertex 0 17.25 0
      vertex 1.75 99.3708 0
    endloop
  endfacet
  facet normal -0 0 -1
    outer loop
      vertex 1.75 99.3708 0
      vertex 0 17.25 0
      vertex 1.04305 99.8432 0
    endloop
  endfacet
  facet normal -0 0 -1
    outer loop
      vertex 1.04305 99.8432 0
      vertex 0 17.25 0
      vertex 0.403806 100.404 0
    endloop
  endfacet
  facet normal -0 0 -1
    outer loop
      vertex 0.403806 100.404 0
      vertex 0 17.25 0
      vertex 0 100.864 0
    endloop
  endfacet
  facet normal 0 0 -1
    outer loop
      vertex 108.215 1.36971 0
      vertex 30.515 27.9906 0
      vertex 30.5343 28.2843 0
    endloop
  endfacet
  facet normal 0 0 -1
    outer loop
      vertex 107.769 0.293683 0
      vertex 30.4576 27.7019 0
      vertex 30.515 27.9906 0
    endloop
  endfacet
  facet normal 0 0 -1
    outer loop
      vertex 107.769 0.293683 0
      vertex 30.363 27.4232 0
      vertex 30.4576 27.7019 0
    endloop
  endfacet
  facet normal 0 0 -1
    outer loop
      vertex 107.769 0.293683 0
      vertex 30.2328 27.1593 0
      vertex 30.363 27.4232 0
    endloop
  endfacet
  facet normal 0 0 -1
    outer loop
      vertex 107.769 0.293683 0
      vertex 30.0693 26.9146 0
      vertex 30.2328 27.1593 0
    endloop
  endfacet
  facet normal 0 0 -1
    outer loop
      vertex 22.25 0 0
      vertex 30.0693 26.9146 0
      vertex 107.75 0 0
    endloop
  endfacet
  facet normal 0 0 -1
    outer loop
      vertex 22.2308 0.293683 0
      vertex 30.0693 26.9146 0
      vertex 22.25 0 0
    endloop
  endfacet
  facet normal 0 0 -1
    outer loop
      vertex 30.0693 26.9146 0
      vertex 22.2308 0.293683 0
      vertex 29.8753 26.6933 0
    endloop
  endfacet
  facet normal 0 0 -1
    outer loop
      vertex 22.1733 0.582342 0
      vertex 29.8753 26.6933 0
      vertex 22.2308 0.293683 0
    endloop
  endfacet
  facet normal 0 0 -1
    outer loop
      vertex 22.0787 0.861037 0
      vertex 29.654 26.4992 0
      vertex 22.1733 0.582342 0
    endloop
  endfacet
  facet normal 0 0 -1
    outer loop
      vertex 29.654 26.4992 0
      vertex 22.0787 0.861037 0
      vertex 29.4093 26.3357 0
    endloop
  endfacet
  facet normal 0 0 -1
    outer loop
      vertex 21.9486 1.125 0
      vertex 29.4093 26.3357 0
      vertex 22.0787 0.861037 0
    endloop
  endfacet
  facet normal 0 0 -1
    outer loop
      vertex 29.4093 26.3357 0
      vertex 21.9486 1.125 0
      vertex 29.1453 26.2055 0
    endloop
  endfacet
  facet normal 0 0 -1
    outer loop
      vertex 21.785 1.36971 0
      vertex 29.1453 26.2055 0
      vertex 21.9486 1.125 0
    endloop
  endfacet
  facet normal 0 0 -1
    outer loop
      vertex 20.5823 2.17333 0
      vertex 27.7019 26.1109 0
      vertex 20.861 2.07873 0
    endloop
  endfacet
  facet normal -0 0 -1
    outer loop
      vertex 27.9906 26.0535 0
      vertex 20.861 2.07873 0
      vertex 27.7019 26.1109 0
    endloop
  endfacet
  facet normal 0 0 -1
    outer loop
      vertex 20.861 2.07873 0
      vertex 27.9906 26.0535 0
      vertex 21.125 1.94856 0
    endloop
  endfacet
  facet normal -0 0 -1
    outer loop
      vertex 28.2843 26.0343 0
      vertex 21.125 1.94856 0
      vertex 27.9906 26.0535 0
    endloop
  endfacet
  facet normal 0 0 -1
    outer loop
      vertex 21.125 1.94856 0
      vertex 28.2843 26.0343 0
      vertex 21.3697 1.78504 0
    endloop
  endfacet
  facet normal 0 0 -1
    outer loop
      vertex 28.578 26.0535 0
      vertex 21.3697 1.78504 0
      vertex 28.2843 26.0343 0
    endloop
  endfacet
  facet normal 0 0 -1
    outer loop
      vertex 21.3697 1.78504 0
      vertex 28.578 26.0535 0
      vertex 21.591 1.59099 0
    endloop
  endfacet
  facet normal 0 0 -1
    outer loop
      vertex 28.8666 26.1109 0
      vertex 21.591 1.59099 0
      vertex 28.578 26.0535 0
    endloop
  endfacet
  facet normal 0 0 -1
    outer loop
      vertex 21.591 1.59099 0
      vertex 28.8666 26.1109 0
      vertex 21.785 1.36971 0
    endloop
  endfacet
  facet normal 0 0 -1
    outer loop
      vertex 29.1453 26.2055 0
      vertex 21.785 1.36971 0
      vertex 28.8666 26.1109 0
    endloop
  endfacet
  facet normal 0 0 -1
    outer loop
      vertex 29.8753 26.6933 0
      vertex 22.1733 0.582342 0
      vertex 29.654 26.4992 0
    endloop
  endfacet
  facet normal -0 0 -1
    outer loop
      vertex 131.483 158.52 0
      vertex 130.511 145.669 0
      vertex 131.46 159.082 0
    endloop
  endfacet
  facet normal -0 0 -1
    outer loop
      vertex 131.553 157.98 0
      vertex 130.511 145.669 0
      vertex 131.483 158.52 0
    endloop
  endfacet
  facet normal -0 0 -1
    outer loop
      vertex 131.669 157.462 0
      vertex 130.511 145.669 0
      vertex 131.553 157.98 0
    endloop
  endfacet
  facet normal -0 0 -1
    outer loop
      vertex 131.832 156.967 0
      vertex 130.511 145.669 0
      vertex 131.669 157.462 0
    endloop
  endfacet
  facet normal -0 0 -1
    outer loop
      vertex 132.041 156.495 0
      vertex 130.511 145.669 0
      vertex 131.832 156.967 0
    endloop
  endfacet
  facet normal -0 0 -1
    outer loop
      vertex 132.297 156.045 0
      vertex 130.511 145.669 0
      vertex 132.041 156.495 0
    endloop
  endfacet
  facet normal -0 0 -1
    outer loop
      vertex 132.599 155.617 0
      vertex 130.511 145.669 0
      vertex 132.297 156.045 0
    endloop
  endfacet
  facet normal -0 0 -1
    outer loop
      vertex 132.941 155.221 0
      vertex 130.511 145.669 0
      vertex 132.599 155.617 0
    endloop
  endfacet
  facet normal -0 0 -1
    outer loop
      vertex 133.316 154.865 0
      vertex 130.511 145.669 0
      vertex 132.941 155.221 0
    endloop
  endfacet
  facet normal -0 0 -1
    outer loop
      vertex 133.723 154.55 0
      vertex 130.511 145.669 0
      vertex 133.316 154.865 0
    endloop
  endfacet
  facet normal -0 0 -1
    outer loop
      vertex 134.163 154.276 0
      vertex 130.511 145.669 0
      vertex 133.723 154.55 0
    endloop
  endfacet
  facet normal -0 0 -1
    outer loop
      vertex 134.635 154.043 0
      vertex 130.511 145.669 0
      vertex 134.163 154.276 0
    endloop
  endfacet
  facet normal -0 0 -1
    outer loop
      vertex 135.14 153.85 0
      vertex 130.511 145.669 0
      vertex 134.635 154.043 0
    endloop
  endfacet
  facet normal 0 0 -1
    outer loop
      vertex 130.511 145.669 0
      vertex 135.14 153.85 0
      vertex 135.678 153.698 0
    endloop
  endfacet
  facet normal 0 0 -1
    outer loop
      vertex 154.899 155.622 0
      vertex 155.031 155.846 0
      vertex 155.539 155.719 0
    endloop
  endfacet
  facet normal 0 0 -1
    outer loop
      vertex 154.899 155.622 0
      vertex 154.562 156.003 0
      vertex 155.031 155.846 0
    endloop
  endfacet
  facet normal 0 0 -1
    outer loop
      vertex 154.304 155.489 0
      vertex 154.562 156.003 0
      vertex 154.899 155.622 0
    endloop
  endfacet
  facet normal 0 0 -1
    outer loop
      vertex 154.304 155.489 0
      vertex 154.131 156.189 0
      vertex 154.562 156.003 0
    endloop
  endfacet
  facet normal 0 0 -1
    outer loop
      vertex 153.754 155.318 0
      vertex 154.131 156.189 0
      vertex 154.304 155.489 0
    endloop
  endfacet
  facet normal 0 0 -1
    outer loop
      vertex 153.754 155.318 0
      vertex 153.739 156.405 0
      vertex 154.131 156.189 0
    endloop
  endfacet
  facet normal 0 0 -1
    outer loop
      vertex 153.25 155.11 0
      vertex 153.739 156.405 0
      vertex 153.754 155.318 0
    endloop
  endfacet
  facet normal -0 0 -1
    outer loop
      vertex 153.739 156.405 0
      vertex 153.25 155.11 0
      vertex 153.385 156.651 0
    endloop
  endfacet
  facet normal 0 0 -1
    outer loop
      vertex 153.25 155.11 0
      vertex 153.07 156.926 0
      vertex 153.385 156.651 0
    endloop
  endfacet
  facet normal 0 0 -1
    outer loop
      vertex 152.79 154.864 0
      vertex 153.07 156.926 0
      vertex 153.25 155.11 0
    endloop
  endfacet
  facet normal -0 0 -1
    outer loop
      vertex 153.07 156.926 0
      vertex 152.79 154.864 0
      vertex 152.793 157.231 0
    endloop
  endfacet
  facet normal 0 0 -1
    outer loop
      vertex 152.376 154.581 0
      vertex 152.793 157.231 0
      vertex 152.79 154.864 0
    endloop
  endfacet
  facet normal -0 0 -1
    outer loop
      vertex 152.793 157.231 0
      vertex 152.376 154.581 0
      vertex 152.554 157.561 0
    endloop
  endfacet
  facet normal 0 0 -1
    outer loop
      vertex 152.006 154.261 0
      vertex 152.554 157.561 0
      vertex 152.376 154.581 0
    endloop
  endfacet
  facet normal -0 0 -1
    outer loop
      vertex 152.554 157.561 0
      vertex 152.006 154.261 0
      vertex 152.351 157.912 0
    endloop
  endfacet
  facet normal 0 0 -1
    outer loop
      vertex 151.684 153.906 0
      vertex 152.351 157.912 0
      vertex 152.006 154.261 0
    endloop
  endfacet
  facet normal -0 0 -1
    outer loop
      vertex 152.351 157.912 0
      vertex 151.684 153.906 0
      vertex 152.186 158.283 0
    endloop
  endfacet
  facet normal 0 0 -1
    outer loop
      vertex 151.412 153.52 0
      vertex 152.186 158.283 0
      vertex 151.684 153.906 0
    endloop
  endfacet
  facet normal -0 0 -1
    outer loop
      vertex 152.186 158.283 0
      vertex 151.412 153.52 0
      vertex 152.057 158.676 0
    endloop
  endfacet
  facet normal 0 0 -1
    outer loop
      vertex 151.189 153.103 0
      vertex 152.057 158.676 0
      vertex 151.412 153.52 0
    endloop
  endfacet
  facet normal -0 0 -1
    outer loop
      vertex 152.057 158.676 0
      vertex 151.189 153.103 0
      vertex 151.965 159.089 0
    endloop
  endfacet
  facet normal 0 0 -1
    outer loop
      vertex 183.444 75.8484 0
      vertex 220 211 0
      vertex 220 0 0
    endloop
  endfacet
  facet normal 0 0 -1
    outer loop
      vertex 183.279 76.6823 0
      vertex 220 211 0
      vertex 183.444 75.8484 0
    endloop
  endfacet
  facet normal 0 0 -1
    outer loop
      vertex 182.629 78.25 0
      vertex 220 211 0
      vertex 183.005 77.4874 0
    endloop
  endfacet
  facet normal 0 0 -1
    outer loop
      vertex 182.157 78.9569 0
      vertex 220 211 0
      vertex 182.629 78.25 0
    endloop
  endfacet
  facet normal 0 -0 -1
    outer loop
      vertex 195.054 194.656 0
      vertex 220 211 0
      vertex 194.722 194.278 0
    endloop
  endfacet
  facet normal 0 -0 -1
    outer loop
      vertex 195.557 195.527 0
      vertex 220 211 0
      vertex 195.334 195.075 0
    endloop
  endfacet
  facet normal 0 -0 -1
    outer loop
      vertex 195.817 196.497 0
      vertex 220 211 0
      vertex 195.719 196.004 0
    endloop
  endfacet
  facet normal 0 0 -1
    outer loop
      vertex 195.817 197.503 0
      vertex 220 211 0
      vertex 195.85 197 0
    endloop
  endfacet
  facet normal 0 0 -1
    outer loop
      vertex 195.557 198.473 0
      vertex 220 211 0
      vertex 195.719 197.996 0
    endloop
  endfacet
  facet normal 0 0 -1
    outer loop
      vertex 194.722 199.722 0
      vertex 220 211 0
      vertex 195.054 199.344 0
    endloop
  endfacet
  facet normal -0 0 -1
    outer loop
      vertex 220 211 0
      vertex 194.722 199.722 0
      vertex 219.88 212.827 0
    endloop
  endfacet
  facet normal -0 0 -1
    outer loop
      vertex 219.523 214.623 0
      vertex 194.722 199.722 0
      vertex 218.934 216.358 0
    endloop
  endfacet
  facet normal -0 0 -1
    outer loop
      vertex 218.934 216.358 0
      vertex 194.722 199.722 0
      vertex 218.124 218 0
    endloop
  endfacet
  facet normal -0 0 -1
    outer loop
      vertex 217.107 219.523 0
      vertex 194.722 199.722 0
      vertex 215.899 220.899 0
    endloop
  endfacet
  facet normal -0 0 -1
    outer loop
      vertex 218.124 218 0
      vertex 194.722 199.722 0
      vertex 217.107 219.523 0
    endloop
  endfacet
  facet normal -0 0 -1
    outer loop
      vertex 219.88 212.827 0
      vertex 194.722 199.722 0
      vertex 219.523 214.623 0
    endloop
  endfacet
  facet normal 0 0 -1
    outer loop
      vertex 195.054 199.344 0
      vertex 220 211 0
      vertex 195.334 198.925 0
    endloop
  endfacet
  facet normal 0 0 -1
    outer loop
      vertex 195.334 198.925 0
      vertex 220 211 0
      vertex 195.557 198.473 0
    endloop
  endfacet
  facet normal 0 0 -1
    outer loop
      vertex 195.719 197.996 0
      vertex 220 211 0
      vertex 195.817 197.503 0
    endloop
  endfacet
  facet normal 0 -0 -1
    outer loop
      vertex 195.85 197 0
      vertex 220 211 0
      vertex 195.817 196.497 0
    endloop
  endfacet
  facet normal 0 -0 -1
    outer loop
      vertex 195.719 196.004 0
      vertex 220 211 0
      vertex 195.557 195.527 0
    endloop
  endfacet
  facet normal 0 -0 -1
    outer loop
      vertex 195.334 195.075 0
      vertex 220 211 0
      vertex 195.054 194.656 0
    endloop
  endfacet
  facet normal 0 0 -1
    outer loop
      vertex 220 211 0
      vertex 182.157 78.9569 0
      vertex 194.722 194.278 0
    endloop
  endfacet
  facet normal 0 0 -1
    outer loop
      vertex 167.732 145.669 0
      vertex 194.722 194.278 0
      vertex 182.157 78.9569 0
    endloop
  endfacet
  facet normal 0 0 -1
    outer loop
      vertex 194.722 194.278 0
      vertex 167.732 145.669 0
      vertex 194.344 193.946 0
    endloop
  endfacet
  facet normal 0 0 -1
    outer loop
      vertex 194.344 193.946 0
      vertex 167.732 145.669 0
      vertex 193.925 193.666 0
    endloop
  endfacet
  facet normal 0 0 -1
    outer loop
      vertex 193.925 193.666 0
      vertex 167.732 145.669 0
      vertex 193.473 193.443 0
    endloop
  endfacet
  facet normal 0 0 -1
    outer loop
      vertex 167.732 164.778 0
      vertex 193.473 193.443 0
      vertex 167.732 145.669 0
    endloop
  endfacet
  facet normal 0 0 -1
    outer loop
      vertex 193.473 193.443 0
      vertex 167.732 164.778 0
      vertex 192.996 193.281 0
    endloop
  endfacet
  facet normal 0 0 -1
    outer loop
      vertex 192.996 193.281 0
      vertex 167.732 164.778 0
      vertex 192.503 193.183 0
    endloop
  endfacet
  facet normal -0 0 -1
    outer loop
      vertex 192 193.15 0
      vertex 167.732 164.778 0
      vertex 191.497 193.183 0
    endloop
  endfacet
  facet normal -0 0 -1
    outer loop
      vertex 191.497 193.183 0
      vertex 167.732 164.778 0
      vertex 191.004 193.281 0
    endloop
  endfacet
  facet normal -0 0 -1
    outer loop
      vertex 191.004 193.281 0
      vertex 167.732 164.778 0
      vertex 190.527 193.443 0
    endloop
  endfacet
  facet normal -0 0 -1
    outer loop
      vertex 190.527 193.443 0
      vertex 167.732 164.778 0
      vertex 190.075 193.666 0
    endloop
  endfacet
  facet normal -0 0 -1
    outer loop
      vertex 190.075 193.666 0
      vertex 167.732 164.778 0
      vertex 189.656 193.946 0
    endloop
  endfacet
  facet normal -0 0 -1
    outer loop
      vertex 189.656 193.946 0
      vertex 167.732 164.778 0
      vertex 189.278 194.278 0
    endloop
  endfacet
  facet normal 0 0 -1
    outer loop
      vertex 183.005 77.4874 0
      vertex 220 211 0
      vertex 183.279 76.6823 0
    endloop
  endfacet
  facet normal 0 0 -1
    outer loop
      vertex 183.444 75.8484 0
      vertex 220 0 0
      vertex 183.5 75 0
    endloop
  endfacet
  facet normal 0 0 -1
    outer loop
      vertex 220 0 0
      vertex 183.444 74.1516 0
      vertex 183.5 75 0
    endloop
  endfacet
  facet normal 0 0 -1
    outer loop
      vertex 220 0 0
      vertex 183.279 73.3177 0
      vertex 183.444 74.1516 0
    endloop
  endfacet
  facet normal 0 0 -1
    outer loop
      vertex 220 0 0
      vertex 183.005 72.5126 0
      vertex 183.279 73.3177 0
    endloop
  endfacet
  facet normal 0 0 -1
    outer loop
      vertex 220 0 0
      vertex 182.629 71.75 0
      vertex 183.005 72.5126 0
    endloop
  endfacet
  facet normal 0 0 -1
    outer loop
      vertex 220 0 0
      vertex 182.157 71.0431 0
      vertex 182.629 71.75 0
    endloop
  endfacet
  facet normal 0 0 -1
    outer loop
      vertex 220 0 0
      vertex 181.596 70.4038 0
      vertex 182.157 71.0431 0
    endloop
  endfacet
  facet normal 0 0 -1
    outer loop
      vertex 220 0 0
      vertex 180.957 69.8432 0
      vertex 181.596 70.4038 0
    endloop
  endfacet
  facet normal 0 0 -1
    outer loop
      vertex 220 0 0
      vertex 180.25 69.3708 0
      vertex 180.957 69.8432 0
    endloop
  endfacet
  facet normal 0 0 -1
    outer loop
      vertex 220 0 0
      vertex 179.487 68.9948 0
      vertex 180.25 69.3708 0
    endloop
  endfacet
  facet normal 0 0 -1
    outer loop
      vertex 220 0 0
      vertex 178.682 68.7215 0
      vertex 179.487 68.9948 0
    endloop
  endfacet
  facet normal 0 0 -1
    outer loop
      vertex 220 0 0
      vertex 177.848 68.5556 0
      vertex 178.682 68.7215 0
    endloop
  endfacet
  facet normal 0 0 -1
    outer loop
      vertex 220 0 0
      vertex 177 68.5 0
      vertex 177.848 68.5556 0
    endloop
  endfacet
  facet normal 0 0 -1
    outer loop
      vertex 220 0 0
      vertex 176.152 68.5556 0
      vertex 177 68.5 0
    endloop
  endfacet
  facet normal 0 0 -1
    outer loop
      vertex 112.173 0.582342 0
      vertex 176.152 68.5556 0
      vertex 220 0 0
    endloop
  endfacet
  facet normal -0 0 -1
    outer loop
      vertex 176.152 68.5556 0
      vertex 112.173 0.582342 0
      vertex 175.318 68.7215 0
    endloop
  endfacet
  facet normal 0 0 -1
    outer loop
      vertex 112.079 0.861037 0
      vertex 175.318 68.7215 0
      vertex 112.173 0.582342 0
    endloop
  endfacet
  facet normal -0 0 -1
    outer loop
      vertex 175.318 68.7215 0
      vertex 112.079 0.861037 0
      vertex 174.513 68.9948 0
    endloop
  endfacet
  facet normal 0 0 -1
    outer loop
      vertex 111.949 1.125 0
      vertex 174.513 68.9948 0
      vertex 112.079 0.861037 0
    endloop
  endfacet
  facet normal -0 0 -1
    outer loop
      vertex 174.513 68.9948 0
      vertex 111.949 1.125 0
      vertex 173.75 69.3708 0
    endloop
  endfacet
  facet normal 0 0 -1
    outer loop
      vertex 174.513 81.0052 0
      vertex 158.17 145.669 0
      vertex 167.732 145.669 0
    endloop
  endfacet
  facet normal 0 0 -1
    outer loop
      vertex 132.487 98.9948 0
      vertex 170.5 75 0
      vertex 170.556 74.1516 0
    endloop
  endfacet
  facet normal 0 0 -1
    outer loop
      vertex 170.556 75.8484 0
      vertex 136.444 105.848 0
      vertex 158.17 145.669 0
    endloop
  endfacet
  facet normal 0 0 -1
    outer loop
      vertex 136.279 106.682 0
      vertex 158.17 145.669 0
      vertex 136.444 105.848 0
    endloop
  endfacet
  facet normal 0 0 -1
    outer loop
      vertex 136.005 107.487 0
      vertex 158.17 145.669 0
      vertex 136.279 106.682 0
    endloop
  endfacet
  facet normal 0 0 -1
    outer loop
      vertex 131.682 98.7215 0
      vertex 170.556 74.1516 0
      vertex 170.721 73.3177 0
    endloop
  endfacet
  facet normal 0 0 -1
    outer loop
      vertex 135.629 108.25 0
      vertex 158.17 145.669 0
      vertex 136.005 107.487 0
    endloop
  endfacet
  facet normal -0 0 -1
    outer loop
      vertex 158.17 145.669 0
      vertex 135.629 108.25 0
      vertex 157.209 145.698 0
    endloop
  endfacet
  facet normal 0 0 -1
    outer loop
      vertex 135.157 108.957 0
      vertex 157.209 145.698 0
      vertex 135.629 108.25 0
    endloop
  endfacet
  facet normal -0 0 -1
    outer loop
      vertex 157.209 145.698 0
      vertex 135.157 108.957 0
      vertex 156.31 145.785 0
    endloop
  endfacet
  facet normal 0 -0 -1
    outer loop
      vertex 148.142 145.669 0
      vertex 156.31 145.785 0
      vertex 135.157 108.957 0
    endloop
  endfacet
  facet normal -0 0 -1
    outer loop
      vertex 155.473 145.93 0
      vertex 148.142 145.669 0
      vertex 154.698 146.134 0
    endloop
  endfacet
  facet normal -0 0 -1
    outer loop
      vertex 154.698 146.134 0
      vertex 148.142 145.669 0
      vertex 153.985 146.395 0
    endloop
  endfacet
  facet normal -0 0 -1
    outer loop
      vertex 151.789 148.003 0
      vertex 148.142 145.669 0
      vertex 151.43 148.53 0
    endloop
  endfacet
  facet normal -0 0 -1
    outer loop
      vertex 151.43 148.53 0
      vertex 148.142 145.669 0
      vertex 151.151 149.106 0
    endloop
  endfacet
  facet normal -0 0 -1
    outer loop
      vertex 150.832 150.401 0
      vertex 148.142 145.669 0
      vertex 150.792 151.121 0
    endloop
  endfacet
  facet normal -0 0 -1
    outer loop
      vertex 150.952 149.729 0
      vertex 148.142 145.669 0
      vertex 150.832 150.401 0
    endloop
  endfacet
  facet normal -0 0 -1
    outer loop
      vertex 151.151 149.106 0
      vertex 148.142 145.669 0
      vertex 150.952 149.729 0
    endloop
  endfacet
  facet normal -0 0 -1
    outer loop
      vertex 152.227 147.524 0
      vertex 148.142 145.669 0
      vertex 151.789 148.003 0
    endloop
  endfacet
  facet normal 0 0 -1
    outer loop
      vertex 130.848 98.5556 0
      vertex 170.721 73.3177 0
      vertex 170.995 72.5126 0
    endloop
  endfacet
  facet normal 0 0 -1
    outer loop
      vertex 144.141 145.669 0
      vertex 139.448 152.925 0
      vertex 144.141 152.925 0
    endloop
  endfacet
  facet normal -0 0 -1
    outer loop
      vertex 152.745 147.093 0
      vertex 148.142 145.669 0
      vertex 152.227 147.524 0
    endloop
  endfacet
  facet normal 0 0 -1
    outer loop
      vertex 170.556 75.8484 0
      vertex 136.5 105 0
      vertex 136.444 105.848 0
    endloop
  endfacet
  facet normal 0 0 -1
    outer loop
      vertex 130 98.5 0
      vertex 170.995 72.5126 0
      vertex 171.371 71.75 0
    endloop
  endfacet
  facet normal 0 0 -1
    outer loop
      vertex 110.861 2.07873 0
      vertex 171.371 71.75 0
      vertex 171.843 71.0431 0
    endloop
  endfacet
  facet normal 0 0 -1
    outer loop
      vertex 111.785 1.36971 0
      vertex 173.75 69.3708 0
      vertex 111.949 1.125 0
    endloop
  endfacet
  facet normal 0 0 -1
    outer loop
      vertex 170.556 75.8484 0
      vertex 136.444 104.152 0
      vertex 136.5 105 0
    endloop
  endfacet
  facet normal 0 0 -1
    outer loop
      vertex 170.556 75.8484 0
      vertex 136.279 103.318 0
      vertex 136.444 104.152 0
    endloop
  endfacet
  facet normal 0 0 -1
    outer loop
      vertex 170.556 75.8484 0
      vertex 136.005 102.513 0
      vertex 136.279 103.318 0
    endloop
  endfacet
  facet normal 0 0 -1
    outer loop
      vertex 170.556 75.8484 0
      vertex 135.629 101.75 0
      vertex 136.005 102.513 0
    endloop
  endfacet
  facet normal 0 0 -1
    outer loop
      vertex 170.556 75.8484 0
      vertex 135.157 101.043 0
      vertex 135.629 101.75 0
    endloop
  endfacet
  facet normal 0 0 -1
    outer loop
      vertex 170.556 75.8484 0
      vertex 134.596 100.404 0
      vertex 135.157 101.043 0
    endloop
  endfacet
  facet normal 0 0 -1
    outer loop
      vertex 170.556 75.8484 0
      vertex 133.957 99.8432 0
      vertex 134.596 100.404 0
    endloop
  endfacet
  facet normal 0 0 -1
    outer loop
      vertex 170.556 75.8484 0
      vertex 133.25 99.3708 0
      vertex 133.957 99.8432 0
    endloop
  endfacet
  facet normal 0 0 -1
    outer loop
      vertex 111.37 1.78504 0
      vertex 172.404 70.4038 0
      vertex 111.591 1.59099 0
    endloop
  endfacet
  facet normal 0 0 -1
    outer loop
      vertex 170.5 75 0
      vertex 132.487 98.9948 0
      vertex 133.25 99.3708 0
    endloop
  endfacet
  facet normal -0 0 -1
    outer loop
      vertex 172.404 70.4038 0
      vertex 111.37 1.78504 0
      vertex 171.843 71.0431 0
    endloop
  endfacet
  facet normal 0 0 -1
    outer loop
      vertex 170.556 74.1516 0
      vertex 131.682 98.7215 0
      vertex 132.487 98.9948 0
    endloop
  endfacet
  facet normal 0 0 -1
    outer loop
      vertex 111.125 1.94856 0
      vertex 171.843 71.0431 0
      vertex 111.37 1.78504 0
    endloop
  endfacet
  facet normal 0 0 -1
    outer loop
      vertex 170.721 73.3177 0
      vertex 130.848 98.5556 0
      vertex 131.682 98.7215 0
    endloop
  endfacet
  facet normal 0 0 -1
    outer loop
      vertex 110.861 2.07873 0
      vertex 171.843 71.0431 0
      vertex 111.125 1.94856 0
    endloop
  endfacet
  facet normal 0 0 -1
    outer loop
      vertex 170.995 72.5126 0
      vertex 130 98.5 0
      vertex 130.848 98.5556 0
    endloop
  endfacet
  facet normal -0 0 -1
    outer loop
      vertex 171.371 71.75 0
      vertex 110.861 2.07873 0
      vertex 130 98.5 0
    endloop
  endfacet
  facet normal -0 0 -1
    outer loop
      vertex 130 98.5 0
      vertex 110.861 2.07873 0
      vertex 129.152 98.5556 0
    endloop
  endfacet
  facet normal 0 0 -1
    outer loop
      vertex 110.294 2.23075 0
      vertex 129.152 98.5556 0
      vertex 110.582 2.17333 0
    endloop
  endfacet
  facet normal 0 0 -1
    outer loop
      vertex 110.582 2.17333 0
      vertex 129.152 98.5556 0
      vertex 110.861 2.07873 0
    endloop
  endfacet
  facet normal -0 0 -1
    outer loop
      vertex 173.043 69.8432 0
      vertex 111.591 1.59099 0
      vertex 172.404 70.4038 0
    endloop
  endfacet
  facet normal 0 0 -1
    outer loop
      vertex 111.591 1.59099 0
      vertex 173.043 69.8432 0
      vertex 111.785 1.36971 0
    endloop
  endfacet
  facet normal -0 0 -1
    outer loop
      vertex 173.75 69.3708 0
      vertex 111.785 1.36971 0
      vertex 173.043 69.8432 0
    endloop
  endfacet
  facet normal 0 0 -1
    outer loop
      vertex 112.173 0.582342 0
      vertex 220 0 0
      vertex 112.231 0.293683 0
    endloop
  endfacet
  facet normal 0 0 -1
    outer loop
      vertex 112.231 0.293683 0
      vertex 220 0 0
      vertex 112.25 0 0
    endloop
  endfacet
  facet normal -0 0 -1
    outer loop
      vertex 215.899 220.899 0
      vertex 194.722 199.722 0
      vertex 214.523 222.107 0
    endloop
  endfacet
  facet normal -0 0 -1
    outer loop
      vertex 214.523 222.107 0
      vertex 194.722 199.722 0
      vertex 213 223.124 0
    endloop
  endfacet
  facet normal -0 0 -1
    outer loop
      vertex 213 223.124 0
      vertex 194.722 199.722 0
      vertex 211.358 223.934 0
    endloop
  endfacet
  facet normal -0 0 -1
    outer loop
      vertex 211.358 223.934 0
      vertex 194.722 199.722 0
      vertex 209.623 224.523 0
    endloop
  endfacet
  facet normal -0 0 -1
    outer loop
      vertex 209.623 224.523 0
      vertex 194.722 199.722 0
      vertex 207.827 224.88 0
    endloop
  endfacet
  facet normal -0 0 -1
    outer loop
      vertex 207.827 224.88 0
      vertex 194.722 199.722 0
      vertex 206 225 0
    endloop
  endfacet
  facet normal 0 0 -1
    outer loop
      vertex 194.344 200.054 0
      vertex 206 225 0
      vertex 194.722 199.722 0
    endloop
  endfacet
  facet normal 0 0 -1
    outer loop
      vertex 193.925 200.334 0
      vertex 206 225 0
      vertex 194.344 200.054 0
    endloop
  endfacet
  facet normal 0 0 -1
    outer loop
      vertex 193.473 200.557 0
      vertex 206 225 0
      vertex 193.925 200.334 0
    endloop
  endfacet
  facet normal 0 0 -1
    outer loop
      vertex 192.996 200.719 0
      vertex 206 225 0
      vertex 193.473 200.557 0
    endloop
  endfacet
  facet normal 0 0 -1
    outer loop
      vertex 192.503 200.817 0
      vertex 206 225 0
      vertex 192.996 200.719 0
    endloop
  endfacet
  facet normal 0 0 -1
    outer loop
      vertex 192 200.85 0
      vertex 206 225 0
      vertex 192.503 200.817 0
    endloop
  endfacet
  facet normal 0 0 -1
    outer loop
      vertex 191.497 200.817 0
      vertex 206 225 0
      vertex 192 200.85 0
    endloop
  endfacet
  facet normal 0 0 -1
    outer loop
      vertex 191.004 200.719 0
      vertex 206 225 0
      vertex 191.497 200.817 0
    endloop
  endfacet
  facet normal 0 0 -1
    outer loop
      vertex 190.527 200.557 0
      vertex 206 225 0
      vertex 191.004 200.719 0
    endloop
  endfacet
  facet normal 0 0 -1
    outer loop
      vertex 190.075 200.334 0
      vertex 206 225 0
      vertex 190.527 200.557 0
    endloop
  endfacet
  facet normal 0 0 -1
    outer loop
      vertex 189.656 200.054 0
      vertex 206 225 0
      vertex 190.075 200.334 0
    endloop
  endfacet
  facet normal 0 0 -1
    outer loop
      vertex 189.278 199.722 0
      vertex 206 225 0
      vertex 189.656 200.054 0
    endloop
  endfacet
  facet normal 0 0 -1
    outer loop
      vertex 19.6955 222.531 0
      vertex 189.278 199.722 0
      vertex 188.946 199.344 0
    endloop
  endfacet
  facet normal 0 0 -1
    outer loop
      vertex 135.951 164.508 0
      vertex 188.946 199.344 0
      vertex 188.666 198.925 0
    endloop
  endfacet
  facet normal -0 0 -1
    outer loop
      vertex 189.278 194.278 0
      vertex 167.732 164.778 0
      vertex 188.946 194.656 0
    endloop
  endfacet
  facet normal -0 0 -1
    outer loop
      vertex 188.946 194.656 0
      vertex 167.732 164.778 0
      vertex 188.666 195.075 0
    endloop
  endfacet
  facet normal -0 0 -1
    outer loop
      vertex 188.666 195.075 0
      vertex 167.732 164.778 0
      vertex 188.443 195.527 0
    endloop
  endfacet
  facet normal -0 0 -1
    outer loop
      vertex 188.443 195.527 0
      vertex 167.732 164.778 0
      vertex 188.281 196.004 0
    endloop
  endfacet
  facet normal 0 0 -1
    outer loop
      vertex 192.503 193.183 0
      vertex 167.732 164.778 0
      vertex 192 193.15 0
    endloop
  endfacet
  facet normal 0 0 -1
    outer loop
      vertex 167.732 145.669 0
      vertex 182.157 78.9569 0
      vertex 181.596 79.5962 0
    endloop
  endfacet
  facet normal 0 0 -1
    outer loop
      vertex 167.732 145.669 0
      vertex 181.596 79.5962 0
      vertex 180.957 80.1568 0
    endloop
  endfacet
  facet normal 0 0 -1
    outer loop
      vertex 167.732 145.669 0
      vertex 180.957 80.1568 0
      vertex 180.25 80.6292 0
    endloop
  endfacet
  facet normal 0 0 -1
    outer loop
      vertex 158.984 164.778 0
      vertex 188.281 196.004 0
      vertex 167.732 164.778 0
    endloop
  endfacet
  facet normal 0 0 -1
    outer loop
      vertex 167.732 145.669 0
      vertex 180.25 80.6292 0
      vertex 179.487 81.0052 0
    endloop
  endfacet
  facet normal 0 0 -1
    outer loop
      vertex 167.732 145.669 0
      vertex 179.487 81.0052 0
      vertex 178.682 81.2785 0
    endloop
  endfacet
  facet normal 0 0 -1
    outer loop
      vertex 167.732 145.669 0
      vertex 178.682 81.2785 0
      vertex 177.848 81.4444 0
    endloop
  endfacet
  facet normal 0 0 -1
    outer loop
      vertex 167.732 145.669 0
      vertex 177.848 81.4444 0
      vertex 177 81.5 0
    endloop
  endfacet
  facet normal 0 0 -1
    outer loop
      vertex 167.732 145.669 0
      vertex 177 81.5 0
      vertex 176.152 81.4444 0
    endloop
  endfacet
  facet normal 0 0 -1
    outer loop
      vertex 167.732 145.669 0
      vertex 176.152 81.4444 0
      vertex 175.318 81.2785 0
    endloop
  endfacet
  facet normal 0 0 -1
    outer loop
      vertex 167.732 145.669 0
      vertex 175.318 81.2785 0
      vertex 174.513 81.0052 0
    endloop
  endfacet
  facet normal 0 0 -1
    outer loop
      vertex 158.17 145.669 0
      vertex 174.513 81.0052 0
      vertex 173.75 80.6292 0
    endloop
  endfacet
  facet normal 0 0 -1
    outer loop
      vertex 158.17 145.669 0
      vertex 173.75 80.6292 0
      vertex 173.043 80.1568 0
    endloop
  endfacet
  facet normal 0 0 -1
    outer loop
      vertex 158.17 145.669 0
      vertex 173.043 80.1568 0
      vertex 172.404 79.5962 0
    endloop
  endfacet
  facet normal 0 0 -1
    outer loop
      vertex 158.17 145.669 0
      vertex 172.404 79.5962 0
      vertex 171.843 78.9569 0
    endloop
  endfacet
  facet normal 0 0 -1
    outer loop
      vertex 158.17 145.669 0
      vertex 171.843 78.9569 0
      vertex 171.371 78.25 0
    endloop
  endfacet
  facet normal 0 0 -1
    outer loop
      vertex 158.17 145.669 0
      vertex 171.371 78.25 0
      vertex 170.995 77.4874 0
    endloop
  endfacet
  facet normal 0 0 -1
    outer loop
      vertex 158.17 145.669 0
      vertex 170.995 77.4874 0
      vertex 170.721 76.6823 0
    endloop
  endfacet
  facet normal 0 0 -1
    outer loop
      vertex 158.17 145.669 0
      vertex 170.721 76.6823 0
      vertex 170.556 75.8484 0
    endloop
  endfacet
  facet normal 0 0 -1
    outer loop
      vertex 133.25 99.3708 0
      vertex 170.556 75.8484 0
      vertex 170.5 75 0
    endloop
  endfacet
  facet normal -0 0 -1
    outer loop
      vertex 188.281 196.004 0
      vertex 158.984 164.778 0
      vertex 188.183 196.497 0
    endloop
  endfacet
  facet normal -0 0 -1
    outer loop
      vertex 188.183 196.497 0
      vertex 158.984 164.778 0
      vertex 188.15 197 0
    endloop
  endfacet
  facet normal 0 0 -1
    outer loop
      vertex 158.019 164.754 0
      vertex 188.15 197 0
      vertex 158.984 164.778 0
    endloop
  endfacet
  facet normal 0 0 -1
    outer loop
      vertex 157.124 164.679 0
      vertex 188.15 197 0
      vertex 158.019 164.754 0
    endloop
  endfacet
  facet normal -0 0 -1
    outer loop
      vertex 188.15 197 0
      vertex 157.124 164.679 0
      vertex 188.183 197.503 0
    endloop
  endfacet
  facet normal 0 0 -1
    outer loop
      vertex 148.142 164.778 0
      vertex 188.183 197.503 0
      vertex 157.124 164.679 0
    endloop
  endfacet
  facet normal -0 0 -1
    outer loop
      vertex 188.183 197.503 0
      vertex 148.142 164.778 0
      vertex 188.281 197.996 0
    endloop
  endfacet
  facet normal 0 0 -1
    outer loop
      vertex 138.594 164.778 0
      vertex 188.281 197.996 0
      vertex 148.142 164.778 0
    endloop
  endfacet
  facet normal -0 0 -1
    outer loop
      vertex 188.281 197.996 0
      vertex 138.594 164.778 0
      vertex 188.443 198.473 0
    endloop
  endfacet
  facet normal 0 0 -1
    outer loop
      vertex 148.142 164.778 0
      vertex 157.124 164.679 0
      vertex 156.298 164.555 0
    endloop
  endfacet
  facet normal 0 0 -1
    outer loop
      vertex 148.142 164.778 0
      vertex 156.298 164.555 0
      vertex 155.541 164.382 0
    endloop
  endfacet
  facet normal 0 0 -1
    outer loop
      vertex 148.142 164.778 0
      vertex 155.541 164.382 0
      vertex 154.854 164.159 0
    endloop
  endfacet
  facet normal 0 0 -1
    outer loop
      vertex 148.142 164.778 0
      vertex 154.854 164.159 0
      vertex 154.236 163.886 0
    endloop
  endfacet
  facet normal 0 0 -1
    outer loop
      vertex 148.142 164.778 0
      vertex 154.236 163.886 0
      vertex 153.688 163.564 0
    endloop
  endfacet
  facet normal 0 0 -1
    outer loop
      vertex 148.142 164.778 0
      vertex 153.688 163.564 0
      vertex 153.211 163.194 0
    endloop
  endfacet
  facet normal 0 0 -1
    outer loop
      vertex 148.142 164.778 0
      vertex 153.211 163.194 0
      vertex 152.808 162.776 0
    endloop
  endfacet
  facet normal 0 0 -1
    outer loop
      vertex 148.142 164.778 0
      vertex 151.965 159.089 0
      vertex 151.189 153.103 0
    endloop
  endfacet
  facet normal 0 0 -1
    outer loop
      vertex 151.909 159.523 0
      vertex 148.142 164.778 0
      vertex 151.891 159.977 0
    endloop
  endfacet
  facet normal 0 0 -1
    outer loop
      vertex 151.965 159.089 0
      vertex 148.142 164.778 0
      vertex 151.909 159.523 0
    endloop
  endfacet
  facet normal 0 0 -1
    outer loop
      vertex 148.142 164.778 0
      vertex 151.189 153.103 0
      vertex 151.015 152.654 0
    endloop
  endfacet
  facet normal 0 0 -1
    outer loop
      vertex 148.142 164.778 0
      vertex 151.015 152.654 0
      vertex 150.892 152.174 0
    endloop
  endfacet
  facet normal 0 0 -1
    outer loop
      vertex 148.142 145.669 0
      vertex 150.892 152.174 0
      vertex 150.817 151.663 0
    endloop
  endfacet
  facet normal 0 0 -1
    outer loop
      vertex 148.142 145.669 0
      vertex 150.817 151.663 0
      vertex 150.792 151.121 0
    endloop
  endfacet
  facet normal -0 0 -1
    outer loop
      vertex 150.892 152.174 0
      vertex 148.142 145.669 0
      vertex 148.142 164.778 0
    endloop
  endfacet
  facet normal 0 0 -1
    outer loop
      vertex 151.891 159.977 0
      vertex 148.142 164.778 0
      vertex 151.928 160.632 0
    endloop
  endfacet
  facet normal 0 0 -1
    outer loop
      vertex 151.928 160.632 0
      vertex 148.142 164.778 0
      vertex 152.038 161.239 0
    endloop
  endfacet
  facet normal 0 0 -1
    outer loop
      vertex 148.142 164.778 0
      vertex 152.221 161.798 0
      vertex 152.038 161.239 0
    endloop
  endfacet
  facet normal 0 0 -1
    outer loop
      vertex 148.142 164.778 0
      vertex 152.478 162.311 0
      vertex 152.221 161.798 0
    endloop
  endfacet
  facet normal 0 0 -1
    outer loop
      vertex 148.142 164.778 0
      vertex 152.808 162.776 0
      vertex 152.478 162.311 0
    endloop
  endfacet
  facet normal 0 0 -1
    outer loop
      vertex 137.649 164.748 0
      vertex 188.443 198.473 0
      vertex 138.594 164.778 0
    endloop
  endfacet
  facet normal -0 0 -1
    outer loop
      vertex 188.443 198.473 0
      vertex 137.649 164.748 0
      vertex 188.666 198.925 0
    endloop
  endfacet
  facet normal 0 0 -1
    outer loop
      vertex 136.768 164.658 0
      vertex 188.666 198.925 0
      vertex 137.649 164.748 0
    endloop
  endfacet
  facet normal 0 0 -1
    outer loop
      vertex 135.951 164.508 0
      vertex 188.666 198.925 0
      vertex 136.768 164.658 0
    endloop
  endfacet
  facet normal -0 0 -1
    outer loop
      vertex 188.946 199.344 0
      vertex 135.951 164.508 0
      vertex 19.6955 222.531 0
    endloop
  endfacet
  facet normal 0 0 -1
    outer loop
      vertex 19.6955 222.531 0
      vertex 135.951 164.508 0
      vertex 135.197 164.298 0
    endloop
  endfacet
  facet normal 0 0 -1
    outer loop
      vertex 19.8637 222.035 0
      vertex 135.197 164.298 0
      vertex 134.507 164.028 0
    endloop
  endfacet
  facet normal 0 0 -1
    outer loop
      vertex 19.9658 221.522 0
      vertex 134.507 164.028 0
      vertex 133.881 163.697 0
    endloop
  endfacet
  facet normal 0 0 -1
    outer loop
      vertex 20 221 0
      vertex 133.881 163.697 0
      vertex 133.318 163.307 0
    endloop
  endfacet
  facet normal 0 0 -1
    outer loop
      vertex 19.9658 214.478 0
      vertex 131.46 159.082 0
      vertex 130.511 145.669 0
    endloop
  endfacet
  facet normal 0 0 -1
    outer loop
      vertex 129.152 111.444 0
      vertex 130.511 145.669 0
      vertex 130 111.5 0
    endloop
  endfacet
  facet normal 0 0 -1
    outer loop
      vertex 128.318 111.279 0
      vertex 130.511 145.669 0
      vertex 129.152 111.444 0
    endloop
  endfacet
  facet normal 0 0 -1
    outer loop
      vertex 127.513 111.005 0
      vertex 130.511 145.669 0
      vertex 128.318 111.279 0
    endloop
  endfacet
  facet normal 0 0 -1
    outer loop
      vertex 126.75 110.629 0
      vertex 130.511 145.669 0
      vertex 127.513 111.005 0
    endloop
  endfacet
  facet normal 0 0 -1
    outer loop
      vertex 126.043 110.157 0
      vertex 130.511 145.669 0
      vertex 126.75 110.629 0
    endloop
  endfacet
  facet normal 0 0 -1
    outer loop
      vertex 125.404 109.596 0
      vertex 130.511 145.669 0
      vertex 126.043 110.157 0
    endloop
  endfacet
  facet normal 0 0 -1
    outer loop
      vertex 124.843 108.957 0
      vertex 130.511 145.669 0
      vertex 125.404 109.596 0
    endloop
  endfacet
  facet normal 0 0 -1
    outer loop
      vertex 124.371 108.25 0
      vertex 130.511 145.669 0
      vertex 124.843 108.957 0
    endloop
  endfacet
  facet normal 0 0 -1
    outer loop
      vertex 123.995 107.487 0
      vertex 130.511 145.669 0
      vertex 124.371 108.25 0
    endloop
  endfacet
  facet normal 0 0 -1
    outer loop
      vertex 19.9658 214.478 0
      vertex 130.511 145.669 0
      vertex 123.995 107.487 0
    endloop
  endfacet
  facet normal 0 0 -1
    outer loop
      vertex 19.9658 214.478 0
      vertex 123.995 107.487 0
      vertex 123.721 106.682 0
    endloop
  endfacet
  facet normal 0 0 -1
    outer loop
      vertex 19.9658 214.478 0
      vertex 123.721 106.682 0
      vertex 123.556 105.848 0
    endloop
  endfacet
  facet normal -0 0 -1
    outer loop
      vertex 129.152 98.5556 0
      vertex 110.294 2.23075 0
      vertex 128.318 98.7215 0
    endloop
  endfacet
  facet normal 0 0 -1
    outer loop
      vertex 110 2.25 0
      vertex 128.318 98.7215 0
      vertex 110.294 2.23075 0
    endloop
  endfacet
  facet normal -0 0 -1
    outer loop
      vertex 128.318 98.7215 0
      vertex 110 2.25 0
      vertex 127.513 98.9948 0
    endloop
  endfacet
  facet normal 0 0 -1
    outer loop
      vertex 109.706 2.23075 0
      vertex 127.513 98.9948 0
      vertex 110 2.25 0
    endloop
  endfacet
  facet normal -0 0 -1
    outer loop
      vertex 127.513 98.9948 0
      vertex 109.706 2.23075 0
      vertex 126.75 99.3708 0
    endloop
  endfacet
  facet normal 0 0 -1
    outer loop
      vertex 109.418 2.17333 0
      vertex 126.75 99.3708 0
      vertex 109.706 2.23075 0
    endloop
  endfacet
  facet normal -0 0 -1
    outer loop
      vertex 126.75 99.3708 0
      vertex 109.418 2.17333 0
      vertex 126.043 99.8432 0
    endloop
  endfacet
  facet normal 0 0 -1
    outer loop
      vertex 109.139 2.07873 0
      vertex 126.043 99.8432 0
      vertex 109.418 2.17333 0
    endloop
  endfacet
  facet normal -0 0 -1
    outer loop
      vertex 126.043 99.8432 0
      vertex 109.139 2.07873 0
      vertex 125.404 100.404 0
    endloop
  endfacet
  facet normal 0 0 -1
    outer loop
      vertex 30.2328 29.4093 0
      vertex 125.404 100.404 0
      vertex 109.139 2.07873 0
    endloop
  endfacet
  facet normal -0 0 -1
    outer loop
      vertex 125.404 100.404 0
      vertex 30.2328 29.4093 0
      vertex 124.843 101.043 0
    endloop
  endfacet
  facet normal 0 0 -1
    outer loop
      vertex 30.0693 29.654 0
      vertex 124.843 101.043 0
      vertex 30.2328 29.4093 0
    endloop
  endfacet
  facet normal -0 0 -1
    outer loop
      vertex 124.843 101.043 0
      vertex 30.0693 29.654 0
      vertex 124.371 101.75 0
    endloop
  endfacet
  facet normal 0 0 -1
    outer loop
      vertex 29.8753 29.8753 0
      vertex 124.371 101.75 0
      vertex 30.0693 29.654 0
    endloop
  endfacet
  facet normal -0 0 -1
    outer loop
      vertex 124.371 101.75 0
      vertex 29.8753 29.8753 0
      vertex 123.995 102.513 0
    endloop
  endfacet
  facet normal 0 0 -1
    outer loop
      vertex 29.654 30.0693 0
      vertex 123.995 102.513 0
      vertex 29.8753 29.8753 0
    endloop
  endfacet
  facet normal 0 0 -1
    outer loop
      vertex 30.363 29.1453 0
      vertex 109.139 2.07873 0
      vertex 108.875 1.94856 0
    endloop
  endfacet
  facet normal 0 0 -1
    outer loop
      vertex 30.4576 28.8666 0
      vertex 108.875 1.94856 0
      vertex 108.63 1.78504 0
    endloop
  endfacet
  facet normal 0 0 -1
    outer loop
      vertex 30.515 28.578 0
      vertex 108.63 1.78504 0
      vertex 108.409 1.59099 0
    endloop
  endfacet
  facet normal 0 0 -1
    outer loop
      vertex 30.5343 28.2843 0
      vertex 108.409 1.59099 0
      vertex 108.215 1.36971 0
    endloop
  endfacet
  facet normal 0 0 -1
    outer loop
      vertex 30.515 27.9906 0
      vertex 108.215 1.36971 0
      vertex 108.051 1.125 0
    endloop
  endfacet
  facet normal -0 0 -1
    outer loop
      vertex 123.995 102.513 0
      vertex 29.654 30.0693 0
      vertex 123.721 103.318 0
    endloop
  endfacet
  facet normal 0 0 -1
    outer loop
      vertex 30.515 27.9906 0
      vertex 108.051 1.125 0
      vertex 107.921 0.861037 0
    endloop
  endfacet
  facet normal 0 0 -1
    outer loop
      vertex 30.515 27.9906 0
      vertex 107.921 0.861037 0
      vertex 107.827 0.582342 0
    endloop
  endfacet
  facet normal 0 0 -1
    outer loop
      vertex 30.515 27.9906 0
      vertex 107.827 0.582342 0
      vertex 107.769 0.293683 0
    endloop
  endfacet
  facet normal 0 0 -1
    outer loop
      vertex 30.0693 26.9146 0
      vertex 107.769 0.293683 0
      vertex 107.75 0 0
    endloop
  endfacet
  facet normal 0 0 -1
    outer loop
      vertex 108.409 1.59099 0
      vertex 30.5343 28.2843 0
      vertex 30.515 28.578 0
    endloop
  endfacet
  facet normal 0 0 -1
    outer loop
      vertex 108.63 1.78504 0
      vertex 30.515 28.578 0
      vertex 30.4576 28.8666 0
    endloop
  endfacet
  facet normal 0 0 -1
    outer loop
      vertex 108.875 1.94856 0
      vertex 30.4576 28.8666 0
      vertex 30.363 29.1453 0
    endloop
  endfacet
  facet normal 0 0 -1
    outer loop
      vertex 109.139 2.07873 0
      vertex 30.363 29.1453 0
      vertex 30.2328 29.4093 0
    endloop
  endfacet
  facet normal 0 0 -1
    outer loop
      vertex 29.4093 30.2328 0
      vertex 123.721 103.318 0
      vertex 29.654 30.0693 0
    endloop
  endfacet
  facet normal 0 0 -1
    outer loop
      vertex 29.1453 30.363 0
      vertex 123.721 103.318 0
      vertex 29.4093 30.2328 0
    endloop
  endfacet
  facet normal -0 0 -1
    outer loop
      vertex 123.721 103.318 0
      vertex 29.1453 30.363 0
      vertex 123.556 104.152 0
    endloop
  endfacet
  facet normal 0 0 -1
    outer loop
      vertex 28.8666 30.4576 0
      vertex 123.556 104.152 0
      vertex 29.1453 30.363 0
    endloop
  endfacet
  facet normal -0 0 -1
    outer loop
      vertex 123.556 104.152 0
      vertex 28.8666 30.4576 0
      vertex 123.5 105 0
    endloop
  endfacet
  facet normal 0 0 -1
    outer loop
      vertex 28.578 30.515 0
      vertex 123.5 105 0
      vertex 28.8666 30.4576 0
    endloop
  endfacet
  facet normal -0 0 -1
    outer loop
      vertex 123.5 105 0
      vertex 28.578 30.515 0
      vertex 123.556 105.848 0
    endloop
  endfacet
  facet normal 0 0 -1
    outer loop
      vertex 28.2843 30.5343 0
      vertex 123.556 105.848 0
      vertex 28.578 30.515 0
    endloop
  endfacet
  facet normal 0 0 -1
    outer loop
      vertex 19.9658 214.478 0
      vertex 131.498 159.843 0
      vertex 131.46 159.082 0
    endloop
  endfacet
  facet normal 0 0 -1
    outer loop
      vertex 19.9658 214.478 0
      vertex 131.612 160.551 0
      vertex 131.498 159.843 0
    endloop
  endfacet
  facet normal 0 0 -1
    outer loop
      vertex 19.9658 214.478 0
      vertex 131.801 161.207 0
      vertex 131.612 160.551 0
    endloop
  endfacet
  facet normal 0 0 -1
    outer loop
      vertex 19.9658 214.478 0
      vertex 132.067 161.81 0
      vertex 131.801 161.207 0
    endloop
  endfacet
  facet normal 0 0 -1
    outer loop
      vertex 19.9658 214.478 0
      vertex 123.556 105.848 0
      vertex 28.2843 30.5343 0
    endloop
  endfacet
  facet normal 0 0 -1
    outer loop
      vertex 19.9658 214.478 0
      vertex 28.2843 30.5343 0
      vertex 27.9906 30.515 0
    endloop
  endfacet
  facet normal 0 0 -1
    outer loop
      vertex 19.9658 214.478 0
      vertex 27.9906 30.515 0
      vertex 27.7019 30.4576 0
    endloop
  endfacet
  facet normal 0 0 -1
    outer loop
      vertex 19.9658 214.478 0
      vertex 27.7019 30.4576 0
      vertex 27.4232 30.363 0
    endloop
  endfacet
  facet normal 0 0 -1
    outer loop
      vertex 19.9658 214.478 0
      vertex 27.4232 30.363 0
      vertex 27.1593 30.2328 0
    endloop
  endfacet
  facet normal 0 0 -1
    outer loop
      vertex 19.9658 214.478 0
      vertex 27.1593 30.2328 0
      vertex 26.9146 30.0693 0
    endloop
  endfacet
  facet normal 0 0 -1
    outer loop
      vertex 19.9658 214.478 0
      vertex 26.9146 30.0693 0
      vertex 26.6933 29.8753 0
    endloop
  endfacet
  facet normal 0 0 -1
    outer loop
      vertex 19.9658 214.478 0
      vertex 26.6933 29.8753 0
      vertex 26.4992 29.654 0
    endloop
  endfacet
  facet normal -0 0 -1
    outer loop
      vertex 27.7019 26.1109 0
      vertex 20.5823 2.17333 0
      vertex 27.4232 26.2055 0
    endloop
  endfacet
  facet normal 0 0 -1
    outer loop
      vertex 20.2937 2.23075 0
      vertex 27.4232 26.2055 0
      vertex 20.5823 2.17333 0
    endloop
  endfacet
  facet normal -0 0 -1
    outer loop
      vertex 27.4232 26.2055 0
      vertex 20.2937 2.23075 0
      vertex 27.1593 26.3357 0
    endloop
  endfacet
  facet normal 0 0 -1
    outer loop
      vertex 20 2.25 0
      vertex 27.1593 26.3357 0
      vertex 20.2937 2.23075 0
    endloop
  endfacet
  facet normal -0 0 -1
    outer loop
      vertex 27.1593 26.3357 0
      vertex 20 2.25 0
      vertex 26.9146 26.4992 0
    endloop
  endfacet
  facet normal 0 0 -1
    outer loop
      vertex 19.7063 2.23075 0
      vertex 26.9146 26.4992 0
      vertex 20 2.25 0
    endloop
  endfacet
  facet normal -0 0 -1
    outer loop
      vertex 26.9146 26.4992 0
      vertex 19.7063 2.23075 0
      vertex 26.6933 26.6933 0
    endloop
  endfacet
  facet normal 0 0 -1
    outer loop
      vertex 2.23075 15.2937 0
      vertex 26.6933 26.6933 0
      vertex 19.7063 2.23075 0
    endloop
  endfacet
  facet normal -0 0 -1
    outer loop
      vertex 26.6933 26.6933 0
      vertex 2.23075 15.2937 0
      vertex 26.4992 26.9146 0
    endloop
  endfacet
  facet normal 0 0 -1
    outer loop
      vertex 2.17333 15.5823 0
      vertex 26.4992 26.9146 0
      vertex 2.23075 15.2937 0
    endloop
  endfacet
  facet normal -0 0 -1
    outer loop
      vertex 26.4992 26.9146 0
      vertex 2.17333 15.5823 0
      vertex 26.3357 27.1593 0
    endloop
  endfacet
  facet normal 0 0 -1
    outer loop
      vertex 2.07873 15.861 0
      vertex 26.3357 27.1593 0
      vertex 2.17333 15.5823 0
    endloop
  endfacet
  facet normal -0 0 -1
    outer loop
      vertex 26.3357 27.1593 0
      vertex 2.07873 15.861 0
      vertex 26.2055 27.4232 0
    endloop
  endfacet
  facet normal 0 0 -1
    outer loop
      vertex 1.94856 16.125 0
      vertex 26.2055 27.4232 0
      vertex 2.07873 15.861 0
    endloop
  endfacet
  facet normal -0 0 -1
    outer loop
      vertex 26.2055 27.4232 0
      vertex 1.94856 16.125 0
      vertex 26.1109 27.7019 0
    endloop
  endfacet
  facet normal 0 0 -1
    outer loop
      vertex 19.9658 214.478 0
      vertex 26.2055 29.1453 0
      vertex 26.1109 28.8666 0
    endloop
  endfacet
  facet normal 0 0 -1
    outer loop
      vertex 19.9658 214.478 0
      vertex 26.3357 29.4093 0
      vertex 26.2055 29.1453 0
    endloop
  endfacet
  facet normal 0 0 -1
    outer loop
      vertex 19.9658 214.478 0
      vertex 26.4992 29.654 0
      vertex 26.3357 29.4093 0
    endloop
  endfacet
  facet normal 0 0 -1
    outer loop
      vertex 19.9658 214.478 0
      vertex 132.408 162.361 0
      vertex 132.067 161.81 0
    endloop
  endfacet
  facet normal 0 0 -1
    outer loop
      vertex 19.9658 214.478 0
      vertex 132.825 162.86 0
      vertex 132.408 162.361 0
    endloop
  endfacet
  facet normal 0 0 -1
    outer loop
      vertex 20 215 0
      vertex 133.318 163.307 0
      vertex 132.825 162.86 0
    endloop
  endfacet
  facet normal 0 0 -1
    outer loop
      vertex 20 221 0
      vertex 133.318 163.307 0
      vertex 20 215 0
    endloop
  endfacet
  facet normal 0 0 -1
    outer loop
      vertex 133.881 163.697 0
      vertex 20 221 0
      vertex 19.9658 221.522 0
    endloop
  endfacet
  facet normal 0 0 -1
    outer loop
      vertex 134.507 164.028 0
      vertex 19.9658 221.522 0
      vertex 19.8637 222.035 0
    endloop
  endfacet
  facet normal 0 0 -1
    outer loop
      vertex 135.197 164.298 0
      vertex 19.8637 222.035 0
      vertex 19.6955 222.531 0
    endloop
  endfacet
  facet normal 0 0 -1
    outer loop
      vertex 189.278 199.722 0
      vertex 19.6955 222.531 0
      vertex 206 225 0
    endloop
  endfacet
  facet normal 0 0 -1
    outer loop
      vertex 19.4641 223 0
      vertex 206 225 0
      vertex 19.6955 222.531 0
    endloop
  endfacet
  facet normal 0 0 -1
    outer loop
      vertex 19.1734 223.435 0
      vertex 206 225 0
      vertex 19.4641 223 0
    endloop
  endfacet
  facet normal 0 0 -1
    outer loop
      vertex 18.8284 223.828 0
      vertex 206 225 0
      vertex 19.1734 223.435 0
    endloop
  endfacet
  facet normal 0 0 -1
    outer loop
      vertex 18.435 224.173 0
      vertex 206 225 0
      vertex 18.8284 223.828 0
    endloop
  endfacet
  facet normal 0 0 -1
    outer loop
      vertex 18 224.464 0
      vertex 206 225 0
      vertex 18.435 224.173 0
    endloop
  endfacet
  facet normal 0 0 -1
    outer loop
      vertex 17.5307 224.696 0
      vertex 206 225 0
      vertex 18 224.464 0
    endloop
  endfacet
  facet normal 0 0 -1
    outer loop
      vertex 17.0353 224.864 0
      vertex 206 225 0
      vertex 17.5307 224.696 0
    endloop
  endfacet
  facet normal 0 0 -1
    outer loop
      vertex 16.5221 224.966 0
      vertex 206 225 0
      vertex 17.0353 224.864 0
    endloop
  endfacet
  facet normal -0 0 -1
    outer loop
      vertex 206 225 0
      vertex 16.5221 224.966 0
      vertex 16 225 0
    endloop
  endfacet
  facet normal -0 0 -1
    outer loop
      vertex 156.31 145.785 0
      vertex 148.142 145.669 0
      vertex 155.473 145.93 0
    endloop
  endfacet
  facet normal -0 0 -1
    outer loop
      vertex 153.334 146.715 0
      vertex 148.142 145.669 0
      vertex 152.745 147.093 0
    endloop
  endfacet
  facet normal -0 0 -1
    outer loop
      vertex 153.985 146.395 0
      vertex 148.142 145.669 0
      vertex 153.334 146.715 0
    endloop
  endfacet
  facet normal 0 0 -1
    outer loop
      vertex 134.596 109.596 0
      vertex 148.142 145.669 0
      vertex 135.157 108.957 0
    endloop
  endfacet
  facet normal 0 0 -1
    outer loop
      vertex 133.957 110.157 0
      vertex 148.142 145.669 0
      vertex 134.596 109.596 0
    endloop
  endfacet
  facet normal 0 0 -1
    outer loop
      vertex 144.141 145.669 0
      vertex 135.013 145.669 0
      vertex 139.448 152.925 0
    endloop
  endfacet
  facet normal -0 0 -1
    outer loop
      vertex 148.142 145.669 0
      vertex 133.957 110.157 0
      vertex 144.141 145.669 0
    endloop
  endfacet
  facet normal 0 0 -1
    outer loop
      vertex 133.25 110.629 0
      vertex 144.141 145.669 0
      vertex 133.957 110.157 0
    endloop
  endfacet
  facet normal 0 0 -1
    outer loop
      vertex 132.487 111.005 0
      vertex 144.141 145.669 0
      vertex 133.25 110.629 0
    endloop
  endfacet
  facet normal -0 0 -1
    outer loop
      vertex 144.141 145.669 0
      vertex 132.487 111.005 0
      vertex 135.013 145.669 0
    endloop
  endfacet
  facet normal 0 0 -1
    outer loop
      vertex 131.682 111.279 0
      vertex 135.013 145.669 0
      vertex 132.487 111.005 0
    endloop
  endfacet
  facet normal 0 0 -1
    outer loop
      vertex 130.848 111.444 0
      vertex 135.013 145.669 0
      vertex 131.682 111.279 0
    endloop
  endfacet
  facet normal 0 0 -1
    outer loop
      vertex 130.848 111.444 0
      vertex 130.511 145.669 0
      vertex 135.013 145.669 0
    endloop
  endfacet
  facet normal 0 -0 -1
    outer loop
      vertex 130.511 145.669 0
      vertex 130.848 111.444 0
      vertex 130 111.5 0
    endloop
  endfacet
  facet normal 0 0 -1
    outer loop
      vertex 144.141 156.031 0
      vertex 139.014 161.673 0
      vertex 144.141 161.673 0
    endloop
  endfacet
  facet normal 0 0 -1
    outer loop
      vertex 138.906 156.031 0
      vertex 139.014 161.673 0
      vertex 144.141 156.031 0
    endloop
  endfacet
  facet normal 0 0 -1
    outer loop
      vertex 138.442 156.046 0
      vertex 139.014 161.673 0
      vertex 138.906 156.031 0
    endloop
  endfacet
  facet normal 0 0 -1
    outer loop
      vertex 138.442 156.046 0
      vertex 138.079 161.616 0
      vertex 139.014 161.673 0
    endloop
  endfacet
  facet normal 0 0 -1
    outer loop
      vertex 138.011 156.093 0
      vertex 138.079 161.616 0
      vertex 138.442 156.046 0
    endloop
  endfacet
  facet normal 0 0 -1
    outer loop
      vertex 137.614 156.17 0
      vertex 138.079 161.616 0
      vertex 138.011 156.093 0
    endloop
  endfacet
  facet normal 0 0 -1
    outer loop
      vertex 137.614 156.17 0
      vertex 137.287 161.448 0
      vertex 138.079 161.616 0
    endloop
  endfacet
  facet normal 0 0 -1
    outer loop
      vertex 135.506 158.54 0
      vertex 137.614 156.17 0
      vertex 137.25 156.279 0
    endloop
  endfacet
  facet normal 0 0 -1
    outer loop
      vertex 135.506 158.54 0
      vertex 137.25 156.279 0
      vertex 136.919 156.418 0
    endloop
  endfacet
  facet normal 0 0 -1
    outer loop
      vertex 137.614 156.17 0
      vertex 135.488 158.919 0
      vertex 137.287 161.448 0
    endloop
  endfacet
  facet normal 0 0 -1
    outer loop
      vertex 135.559 158.186 0
      vertex 136.919 156.418 0
      vertex 136.621 156.588 0
    endloop
  endfacet
  facet normal 0 0 -1
    outer loop
      vertex 135.559 158.186 0
      vertex 136.621 156.588 0
      vertex 136.356 156.79 0
    endloop
  endfacet
  facet normal 0 -0 -1
    outer loop
      vertex 135.56 159.65 0
      vertex 137.287 161.448 0
      vertex 135.488 158.919 0
    endloop
  endfacet
  facet normal 0 0 -1
    outer loop
      vertex 135.559 158.186 0
      vertex 136.356 156.79 0
      vertex 136.126 157.019 0
    endloop
  endfacet
  facet normal 0 0 -1
    outer loop
      vertex 135.559 158.186 0
      vertex 136.126 157.019 0
      vertex 135.931 157.274 0
    endloop
  endfacet
  facet normal 0 0 -1
    outer loop
      vertex 137.287 161.448 0
      vertex 135.56 159.65 0
      vertex 136.64 161.167 0
    endloop
  endfacet
  facet normal 0 0 -1
    outer loop
      vertex 135.559 158.186 0
      vertex 135.931 157.274 0
      vertex 135.772 157.553 0
    endloop
  endfacet
  facet normal 0 0 -1
    outer loop
      vertex 135.559 158.186 0
      vertex 135.772 157.553 0
      vertex 135.648 157.857 0
    endloop
  endfacet
  facet normal 0 0 -1
    outer loop
      vertex 136.64 161.167 0
      vertex 135.56 159.65 0
      vertex 136.136 160.774 0
    endloop
  endfacet
  facet normal 0 0 -1
    outer loop
      vertex 136.919 156.418 0
      vertex 135.559 158.186 0
      vertex 135.506 158.54 0
    endloop
  endfacet
  facet normal 0 0 -1
    outer loop
      vertex 137.614 156.17 0
      vertex 135.506 158.54 0
      vertex 135.488 158.919 0
    endloop
  endfacet
  facet normal 0 0 -1
    outer loop
      vertex 136.136 160.774 0
      vertex 135.56 159.65 0
      vertex 135.776 160.268 0
    endloop
  endfacet
  facet normal 0 0 -1
    outer loop
      vertex 163.731 148.639 0
      vertex 158.659 154.118 0
      vertex 163.731 154.118 0
    endloop
  endfacet
  facet normal 0 0 -1
    outer loop
      vertex 158.509 148.639 0
      vertex 158.659 154.118 0
      vertex 163.731 148.639 0
    endloop
  endfacet
  facet normal 0 0 -1
    outer loop
      vertex 157.98 148.653 0
      vertex 158.659 154.118 0
      vertex 158.509 148.639 0
    endloop
  endfacet
  facet normal 0 0 -1
    outer loop
      vertex 157.98 148.653 0
      vertex 157.637 154.063 0
      vertex 158.659 154.118 0
    endloop
  endfacet
  facet normal 0 0 -1
    outer loop
      vertex 157.494 148.696 0
      vertex 157.637 154.063 0
      vertex 157.98 148.653 0
    endloop
  endfacet
  facet normal 0 0 -1
    outer loop
      vertex 157.049 148.767 0
      vertex 157.637 154.063 0
      vertex 157.494 148.696 0
    endloop
  endfacet
  facet normal 0 0 -1
    outer loop
      vertex 157.049 148.767 0
      vertex 156.772 153.899 0
      vertex 157.637 154.063 0
    endloop
  endfacet
  facet normal 0 0 -1
    outer loop
      vertex 156.647 148.867 0
      vertex 156.772 153.899 0
      vertex 157.049 148.767 0
    endloop
  endfacet
  facet normal 0 0 -1
    outer loop
      vertex 154.825 151.048 0
      vertex 156.647 148.867 0
      vertex 156.288 148.995 0
    endloop
  endfacet
  facet normal 0 0 -1
    outer loop
      vertex 156.647 148.867 0
      vertex 154.825 151.048 0
      vertex 156.772 153.899 0
    endloop
  endfacet
  facet normal 0 0 -1
    outer loop
      vertex 154.879 150.692 0
      vertex 156.288 148.995 0
      vertex 155.97 149.152 0
    endloop
  endfacet
  facet normal 0 0 -1
    outer loop
      vertex 154.879 150.692 0
      vertex 155.97 149.152 0
      vertex 155.695 149.337 0
    endloop
  endfacet
  facet normal 0 0 -1
    outer loop
      vertex 154.807 151.433 0
      vertex 156.772 153.899 0
      vertex 154.825 151.048 0
    endloop
  endfacet
  facet normal 0 0 -1
    outer loop
      vertex 154.879 150.692 0
      vertex 155.695 149.337 0
      vertex 155.46 149.551 0
    endloop
  endfacet
  facet normal 0 0 -1
    outer loop
      vertex 154.879 150.692 0
      vertex 155.46 149.551 0
      vertex 155.26 149.794 0
    endloop
  endfacet
  facet normal 0 0 -1
    outer loop
      vertex 156.772 153.899 0
      vertex 154.807 151.433 0
      vertex 156.065 153.625 0
    endloop
  endfacet
  facet normal 0 0 -1
    outer loop
      vertex 154.879 150.692 0
      vertex 155.26 149.794 0
      vertex 155.097 150.064 0
    endloop
  endfacet
  facet normal 0 0 -1
    outer loop
      vertex 154.879 150.692 0
      vertex 155.097 150.064 0
      vertex 154.97 150.364 0
    endloop
  endfacet
  facet normal 0 -0 -1
    outer loop
      vertex 154.885 152.145 0
      vertex 156.065 153.625 0
      vertex 154.807 151.433 0
    endloop
  endfacet
  facet normal 0 0 -1
    outer loop
      vertex 156.288 148.995 0
      vertex 154.879 150.692 0
      vertex 154.825 151.048 0
    endloop
  endfacet
  facet normal 0 0 -1
    outer loop
      vertex 156.065 153.625 0
      vertex 154.885 152.145 0
      vertex 155.514 153.241 0
    endloop
  endfacet
  facet normal 0 0 -1
    outer loop
      vertex 155.514 153.241 0
      vertex 154.885 152.145 0
      vertex 155.121 152.748 0
    endloop
  endfacet
  facet normal 0 0 -1
    outer loop
      vertex 163.731 157.075 0
      vertex 159.174 161.808 0
      vertex 163.731 161.808 0
    endloop
  endfacet
  facet normal 0 0 -1
    outer loop
      vertex 159.147 157.075 0
      vertex 159.174 161.808 0
      vertex 163.731 157.075 0
    endloop
  endfacet
  facet normal 0 0 -1
    outer loop
      vertex 159.147 157.075 0
      vertex 158.729 161.797 0
      vertex 159.174 161.808 0
    endloop
  endfacet
  facet normal 0 0 -1
    outer loop
      vertex 158.681 157.087 0
      vertex 158.729 161.797 0
      vertex 159.147 157.075 0
    endloop
  endfacet
  facet normal 0 0 -1
    outer loop
      vertex 158.681 157.087 0
      vertex 158.317 161.764 0
      vertex 158.729 161.797 0
    endloop
  endfacet
  facet normal 0 0 -1
    outer loop
      vertex 158.254 157.123 0
      vertex 158.317 161.764 0
      vertex 158.681 157.087 0
    endloop
  endfacet
  facet normal 0 0 -1
    outer loop
      vertex 158.254 157.123 0
      vertex 157.936 161.708 0
      vertex 158.317 161.764 0
    endloop
  endfacet
  facet normal 0 0 -1
    outer loop
      vertex 157.864 157.183 0
      vertex 157.936 161.708 0
      vertex 158.254 157.123 0
    endloop
  endfacet
  facet normal 0 0 -1
    outer loop
      vertex 157.864 157.183 0
      vertex 157.589 161.631 0
      vertex 157.936 161.708 0
    endloop
  endfacet
  facet normal 0 0 -1
    outer loop
      vertex 157.513 157.267 0
      vertex 157.589 161.631 0
      vertex 157.864 157.183 0
    endloop
  endfacet
  facet normal 0 0 -1
    outer loop
      vertex 155.919 159.435 0
      vertex 157.589 161.631 0
      vertex 157.513 157.267 0
    endloop
  endfacet
  facet normal 0 0 -1
    outer loop
      vertex 155.935 159.11 0
      vertex 157.513 157.267 0
      vertex 157.199 157.376 0
    endloop
  endfacet
  facet normal 0 0 -1
    outer loop
      vertex 157.589 161.631 0
      vertex 155.919 159.435 0
      vertex 157.273 161.531 0
    endloop
  endfacet
  facet normal 0 0 -1
    outer loop
      vertex 155.982 158.809 0
      vertex 157.199 157.376 0
      vertex 156.923 157.508 0
    endloop
  endfacet
  facet normal 0 -0 -1
    outer loop
      vertex 155.936 159.788 0
      vertex 157.273 161.531 0
      vertex 155.919 159.435 0
    endloop
  endfacet
  facet normal 0 0 -1
    outer loop
      vertex 155.982 158.809 0
      vertex 156.923 157.508 0
      vertex 156.685 157.665 0
    endloop
  endfacet
  facet normal 0 0 -1
    outer loop
      vertex 157.273 161.531 0
      vertex 155.936 159.788 0
      vertex 156.99 161.41 0
    endloop
  endfacet
  facet normal 0 0 -1
    outer loop
      vertex 155.982 158.809 0
      vertex 156.685 157.665 0
      vertex 156.482 157.845 0
    endloop
  endfacet
  facet normal 0 -0 -1
    outer loop
      vertex 155.986 160.11 0
      vertex 156.99 161.41 0
      vertex 155.936 159.788 0
    endloop
  endfacet
  facet normal 0 0 -1
    outer loop
      vertex 155.982 158.809 0
      vertex 156.482 157.845 0
      vertex 156.31 158.05 0
    endloop
  endfacet
  facet normal 0 -0 -1
    outer loop
      vertex 156.07 160.402 0
      vertex 156.99 161.41 0
      vertex 155.986 160.11 0
    endloop
  endfacet
  facet normal 0 0 -1
    outer loop
      vertex 155.982 158.809 0
      vertex 156.31 158.05 0
      vertex 156.169 158.279 0
    endloop
  endfacet
  facet normal 0 0 -1
    outer loop
      vertex 156.99 161.41 0
      vertex 156.07 160.402 0
      vertex 156.74 161.266 0
    endloop
  endfacet
  facet normal 0 0 -1
    outer loop
      vertex 155.982 158.809 0
      vertex 156.169 158.279 0
      vertex 156.06 158.532 0
    endloop
  endfacet
  facet normal 0 0 -1
    outer loop
      vertex 156.522 161.095 0
      vertex 156.07 160.402 0
      vertex 156.338 160.895 0
    endloop
  endfacet
  facet normal 0 0 -1
    outer loop
      vertex 157.199 157.376 0
      vertex 155.982 158.809 0
      vertex 155.935 159.11 0
    endloop
  endfacet
  facet normal 0 0 -1
    outer loop
      vertex 156.338 160.895 0
      vertex 156.07 160.402 0
      vertex 156.187 160.664 0
    endloop
  endfacet
  facet normal 0 0 -1
    outer loop
      vertex 157.513 157.267 0
      vertex 155.935 159.11 0
      vertex 155.919 159.435 0
    endloop
  endfacet
  facet normal 0 0 -1
    outer loop
      vertex 156.74 161.266 0
      vertex 156.07 160.402 0
      vertex 156.522 161.095 0
    endloop
  endfacet
  facet normal 0.751493 0.659741 0
    outer loop
      vertex 217.107 219.523 6
      vertex 215.899 220.899 0
      vertex 215.899 220.899 6
    endloop
  endfacet
  facet normal 0.751493 0.659741 0
    outer loop
      vertex 215.899 220.899 0
      vertex 217.107 219.523 6
      vertex 217.107 219.523 0
    endloop
  endfacet
  facet normal -0.980981 0.194102 0
    outer loop
      vertex 183.279 73.3177 0
      vertex 183.444 74.1516 6
      vertex 183.444 74.1516 0
    endloop
  endfacet
  facet normal -0.980981 0.194102 0
    outer loop
      vertex 183.444 74.1516 6
      vertex 183.279 73.3177 0
      vertex 183.279 73.3177 6
    endloop
  endfacet
  facet normal -0.195098 0.980784 0
    outer loop
      vertex 178.682 68.7215 0
      vertex 177.848 68.5556 6
      vertex 178.682 68.7215 6
    endloop
  endfacet
  facet normal -0.195098 0.980784 0
    outer loop
      vertex 177.848 68.5556 6
      vertex 178.682 68.7215 0
      vertex 177.848 68.5556 0
    endloop
  endfacet
  facet normal -0.980981 -0.194102 0
    outer loop
      vertex 183.444 75.8484 0
      vertex 183.279 76.6823 6
      vertex 183.279 76.6823 0
    endloop
  endfacet
  facet normal -0.980981 -0.194102 0
    outer loop
      vertex 183.279 76.6823 6
      vertex 183.444 75.8484 0
      vertex 183.444 75.8484 6
    endloop
  endfacet
  facet normal -0.997829 -0.0658633 0
    outer loop
      vertex 183.5 75 0
      vertex 183.444 75.8484 6
      vertex 183.444 75.8484 0
    endloop
  endfacet
  facet normal -0.997829 -0.0658633 0
    outer loop
      vertex 183.444 75.8484 6
      vertex 183.5 75 0
      vertex 183.5 75 6
    endloop
  endfacet
  facet normal 0.555568 0.831471 -0
    outer loop
      vertex 173.75 69.3708 0
      vertex 173.043 69.8432 6
      vertex 173.75 69.3708 6
    endloop
  endfacet
  facet normal 0.555568 0.831471 0
    outer loop
      vertex 173.043 69.8432 6
      vertex 173.75 69.3708 0
      vertex 173.043 69.8432 0
    endloop
  endfacet
  facet normal 0.896907 -0.44222 0
    outer loop
      vertex 170.995 77.4874 6
      vertex 171.371 78.25 0
      vertex 171.371 78.25 6
    endloop
  endfacet
  facet normal 0.896907 -0.44222 0
    outer loop
      vertex 171.371 78.25 0
      vertex 170.995 77.4874 6
      vertex 170.995 77.4874 0
    endloop
  endfacet
  facet normal 0.751636 0.659578 0
    outer loop
      vertex 172.404 70.4038 6
      vertex 171.843 71.0431 0
      vertex 171.843 71.0431 6
    endloop
  endfacet
  facet normal 0.751636 0.659578 0
    outer loop
      vertex 171.843 71.0431 0
      vertex 172.404 70.4038 6
      vertex 172.404 70.4038 0
    endloop
  endfacet
  facet normal 0.321481 0.946916 -0
    outer loop
      vertex 175.318 68.7215 0
      vertex 174.513 68.9948 6
      vertex 175.318 68.7215 6
    endloop
  endfacet
  facet normal 0.321481 0.946916 0
    outer loop
      vertex 174.513 68.9948 6
      vertex 175.318 68.7215 0
      vertex 174.513 68.9948 0
    endloop
  endfacet
  facet normal 0.751636 -0.659578 0
    outer loop
      vertex 171.843 78.9569 6
      vertex 172.404 79.5962 0
      vertex 172.404 79.5962 6
    endloop
  endfacet
  facet normal 0.751636 -0.659578 0
    outer loop
      vertex 172.404 79.5962 0
      vertex 171.843 78.9569 6
      vertex 171.843 78.9569 0
    endloop
  endfacet
  facet normal 0.555568 -0.831471 0
    outer loop
      vertex 173.043 80.1568 0
      vertex 173.75 80.6292 6
      vertex 173.043 80.1568 6
    endloop
  endfacet
  facet normal 0.555568 -0.831471 0
    outer loop
      vertex 173.75 80.6292 6
      vertex 173.043 80.1568 0
      vertex 173.75 80.6292 0
    endloop
  endfacet
  facet normal -0.751636 0.659578 0
    outer loop
      vertex 181.596 70.4038 0
      vertex 182.157 71.0431 6
      vertex 182.157 71.0431 0
    endloop
  endfacet
  facet normal -0.751636 0.659578 0
    outer loop
      vertex 182.157 71.0431 6
      vertex 181.596 70.4038 0
      vertex 181.596 70.4038 6
    endloop
  endfacet
  facet normal 0.659487 -0.751716 0
    outer loop
      vertex 172.404 79.5962 0
      vertex 173.043 80.1568 6
      vertex 172.404 79.5962 6
    endloop
  endfacet
  facet normal 0.659487 -0.751716 0
    outer loop
      vertex 173.043 80.1568 6
      vertex 172.404 79.5962 0
      vertex 173.043 80.1568 0
    endloop
  endfacet
  facet normal -0.442033 -0.896999 0
    outer loop
      vertex 179.487 81.0052 0
      vertex 180.25 80.6292 6
      vertex 179.487 81.0052 6
    endloop
  endfacet
  facet normal -0.442033 -0.896999 -0
    outer loop
      vertex 180.25 80.6292 6
      vertex 179.487 81.0052 0
      vertex 180.25 80.6292 0
    endloop
  endfacet
  facet normal -0.946677 0.322183 0
    outer loop
      vertex 183.005 72.5126 0
      vertex 183.279 73.3177 6
      vertex 183.279 73.3177 0
    endloop
  endfacet
  facet normal -0.946677 0.322183 0
    outer loop
      vertex 183.279 73.3177 6
      vertex 183.005 72.5126 0
      vertex 183.005 72.5126 6
    endloop
  endfacet
  facet normal -0.659487 -0.751716 0
    outer loop
      vertex 180.957 80.1568 0
      vertex 181.596 79.5962 6
      vertex 180.957 80.1568 6
    endloop
  endfacet
  facet normal -0.659487 -0.751716 -0
    outer loop
      vertex 181.596 79.5962 6
      vertex 180.957 80.1568 0
      vertex 181.596 79.5962 0
    endloop
  endfacet
  facet normal -0.659487 0.751716 0
    outer loop
      vertex 181.596 70.4038 0
      vertex 180.957 69.8432 6
      vertex 181.596 70.4038 6
    endloop
  endfacet
  facet normal -0.659487 0.751716 0
    outer loop
      vertex 180.957 69.8432 6
      vertex 181.596 70.4038 0
      vertex 180.957 69.8432 0
    endloop
  endfacet
  facet normal -0.0654256 0.997857 0
    outer loop
      vertex 177.848 68.5556 0
      vertex 177 68.5 6
      vertex 177.848 68.5556 6
    endloop
  endfacet
  facet normal -0.0654256 0.997857 0
    outer loop
      vertex 177 68.5 6
      vertex 177.848 68.5556 0
      vertex 177 68.5 0
    endloop
  endfacet
  facet normal -0.831652 0.555297 0
    outer loop
      vertex 182.157 71.0431 0
      vertex 182.629 71.75 6
      vertex 182.629 71.75 0
    endloop
  endfacet
  facet normal -0.831652 0.555297 0
    outer loop
      vertex 182.629 71.75 6
      vertex 182.157 71.0431 0
      vertex 182.157 71.0431 6
    endloop
  endfacet
  facet normal 0.946677 -0.322183 0
    outer loop
      vertex 170.721 76.6823 6
      vertex 170.995 77.4874 0
      vertex 170.995 77.4874 6
    endloop
  endfacet
  facet normal 0.946677 -0.322183 0
    outer loop
      vertex 170.995 77.4874 0
      vertex 170.721 76.6823 6
      vertex 170.721 76.6823 0
    endloop
  endfacet
  facet normal 0.0654256 -0.997857 0
    outer loop
      vertex 176.152 81.4444 0
      vertex 177 81.5 6
      vertex 176.152 81.4444 6
    endloop
  endfacet
  facet normal 0.0654256 -0.997857 0
    outer loop
      vertex 177 81.5 6
      vertex 176.152 81.4444 0
      vertex 177 81.5 0
    endloop
  endfacet
  facet normal 0.980981 0.194102 0
    outer loop
      vertex 170.721 73.3177 6
      vertex 170.556 74.1516 0
      vertex 170.556 74.1516 6
    endloop
  endfacet
  facet normal 0.980981 0.194102 0
    outer loop
      vertex 170.556 74.1516 0
      vertex 170.721 73.3177 6
      vertex 170.721 73.3177 0
    endloop
  endfacet
  facet normal 0.980981 -0.194102 0
    outer loop
      vertex 170.556 75.8484 6
      vertex 170.721 76.6823 0
      vertex 170.721 76.6823 6
    endloop
  endfacet
  facet normal 0.980981 -0.194102 0
    outer loop
      vertex 170.721 76.6823 0
      vertex 170.556 75.8484 6
      vertex 170.556 75.8484 0
    endloop
  endfacet
  facet normal -0.751636 -0.659578 0
    outer loop
      vertex 182.157 78.9569 0
      vertex 181.596 79.5962 6
      vertex 181.596 79.5962 0
    endloop
  endfacet
  facet normal -0.751636 -0.659578 0
    outer loop
      vertex 181.596 79.5962 6
      vertex 182.157 78.9569 0
      vertex 182.157 78.9569 6
    endloop
  endfacet
  facet normal -0.0654256 -0.997857 0
    outer loop
      vertex 177 81.5 0
      vertex 177.848 81.4444 6
      vertex 177 81.5 6
    endloop
  endfacet
  facet normal -0.0654256 -0.997857 -0
    outer loop
      vertex 177.848 81.4444 6
      vertex 177 81.5 0
      vertex 177.848 81.4444 0
    endloop
  endfacet
  facet normal 0.946677 0.322183 0
    outer loop
      vertex 170.995 72.5126 6
      vertex 170.721 73.3177 0
      vertex 170.721 73.3177 6
    endloop
  endfacet
  facet normal 0.946677 0.322183 0
    outer loop
      vertex 170.721 73.3177 0
      vertex 170.995 72.5126 6
      vertex 170.995 72.5126 0
    endloop
  endfacet
  facet normal -0.831652 -0.555297 0
    outer loop
      vertex 182.629 78.25 0
      vertex 182.157 78.9569 6
      vertex 182.157 78.9569 0
    endloop
  endfacet
  facet normal -0.831652 -0.555297 0
    outer loop
      vertex 182.157 78.9569 6
      vertex 182.629 78.25 0
      vertex 182.629 78.25 6
    endloop
  endfacet
  facet normal 0.321481 -0.946916 0
    outer loop
      vertex 174.513 81.0052 0
      vertex 175.318 81.2785 6
      vertex 174.513 81.0052 6
    endloop
  endfacet
  facet normal 0.321481 -0.946916 0
    outer loop
      vertex 175.318 81.2785 6
      vertex 174.513 81.0052 0
      vertex 175.318 81.2785 0
    endloop
  endfacet
  facet normal -0.997829 0.0658633 0
    outer loop
      vertex 183.444 74.1516 0
      vertex 183.5 75 6
      vertex 183.5 75 0
    endloop
  endfacet
  facet normal -0.997829 0.0658633 0
    outer loop
      vertex 183.5 75 6
      vertex 183.444 74.1516 0
      vertex 183.444 74.1516 6
    endloop
  endfacet
  facet normal 0.997829 -0.0658633 0
    outer loop
      vertex 170.5 75 6
      vertex 170.556 75.8484 0
      vertex 170.556 75.8484 6
    endloop
  endfacet
  facet normal 0.997829 -0.0658633 0
    outer loop
      vertex 170.556 75.8484 0
      vertex 170.5 75 6
      vertex 170.5 75 0
    endloop
  endfacet
  facet normal -0.555568 -0.831471 0
    outer loop
      vertex 180.25 80.6292 0
      vertex 180.957 80.1568 6
      vertex 180.25 80.6292 6
    endloop
  endfacet
  facet normal -0.555568 -0.831471 -0
    outer loop
      vertex 180.957 80.1568 6
      vertex 180.25 80.6292 0
      vertex 180.957 80.1568 0
    endloop
  endfacet
  facet normal -0.442033 0.896999 0
    outer loop
      vertex 180.25 69.3708 0
      vertex 179.487 68.9948 6
      vertex 180.25 69.3708 6
    endloop
  endfacet
  facet normal -0.442033 0.896999 0
    outer loop
      vertex 179.487 68.9948 6
      vertex 180.25 69.3708 0
      vertex 179.487 68.9948 0
    endloop
  endfacet
  facet normal -0.896907 0.44222 0
    outer loop
      vertex 182.629 71.75 0
      vertex 183.005 72.5126 6
      vertex 183.005 72.5126 0
    endloop
  endfacet
  facet normal -0.896907 0.44222 0
    outer loop
      vertex 183.005 72.5126 6
      vertex 182.629 71.75 0
      vertex 182.629 71.75 6
    endloop
  endfacet
  facet normal 0.195098 -0.980784 0
    outer loop
      vertex 175.318 81.2785 0
      vertex 176.152 81.4444 6
      vertex 175.318 81.2785 6
    endloop
  endfacet
  facet normal 0.195098 -0.980784 0
    outer loop
      vertex 176.152 81.4444 6
      vertex 175.318 81.2785 0
      vertex 176.152 81.4444 0
    endloop
  endfacet
  facet normal 0.442033 -0.896999 0
    outer loop
      vertex 173.75 80.6292 0
      vertex 174.513 81.0052 6
      vertex 173.75 80.6292 6
    endloop
  endfacet
  facet normal 0.442033 -0.896999 0
    outer loop
      vertex 174.513 81.0052 6
      vertex 173.75 80.6292 0
      vertex 174.513 81.0052 0
    endloop
  endfacet
  facet normal 0.831652 0.555297 0
    outer loop
      vertex 171.843 71.0431 6
      vertex 171.371 71.75 0
      vertex 171.371 71.75 6
    endloop
  endfacet
  facet normal 0.831652 0.555297 0
    outer loop
      vertex 171.371 71.75 0
      vertex 171.843 71.0431 6
      vertex 171.843 71.0431 0
    endloop
  endfacet
  facet normal -0.195098 -0.980784 0
    outer loop
      vertex 177.848 81.4444 0
      vertex 178.682 81.2785 6
      vertex 177.848 81.4444 6
    endloop
  endfacet
  facet normal -0.195098 -0.980784 -0
    outer loop
      vertex 178.682 81.2785 6
      vertex 177.848 81.4444 0
      vertex 178.682 81.2785 0
    endloop
  endfacet
  facet normal -0.555568 0.831471 0
    outer loop
      vertex 180.957 69.8432 0
      vertex 180.25 69.3708 6
      vertex 180.957 69.8432 6
    endloop
  endfacet
  facet normal -0.555568 0.831471 0
    outer loop
      vertex 180.25 69.3708 6
      vertex 180.957 69.8432 0
      vertex 180.25 69.3708 0
    endloop
  endfacet
  facet normal -0.321481 -0.946916 0
    outer loop
      vertex 178.682 81.2785 0
      vertex 179.487 81.0052 6
      vertex 178.682 81.2785 6
    endloop
  endfacet
  facet normal -0.321481 -0.946916 -0
    outer loop
      vertex 179.487 81.0052 6
      vertex 178.682 81.2785 0
      vertex 179.487 81.0052 0
    endloop
  endfacet
  facet normal 0.896907 0.44222 0
    outer loop
      vertex 171.371 71.75 6
      vertex 170.995 72.5126 0
      vertex 170.995 72.5126 6
    endloop
  endfacet
  facet normal 0.896907 0.44222 0
    outer loop
      vertex 170.995 72.5126 0
      vertex 171.371 71.75 6
      vertex 171.371 71.75 0
    endloop
  endfacet
  facet normal 0.997829 0.0658633 0
    outer loop
      vertex 170.556 74.1516 6
      vertex 170.5 75 0
      vertex 170.5 75 6
    endloop
  endfacet
  facet normal 0.997829 0.0658633 0
    outer loop
      vertex 170.5 75 0
      vertex 170.556 74.1516 6
      vertex 170.556 74.1516 0
    endloop
  endfacet
  facet normal -0.896907 -0.44222 0
    outer loop
      vertex 183.005 77.4874 0
      vertex 182.629 78.25 6
      vertex 182.629 78.25 0
    endloop
  endfacet
  facet normal -0.896907 -0.44222 0
    outer loop
      vertex 182.629 78.25 6
      vertex 183.005 77.4874 0
      vertex 183.005 77.4874 6
    endloop
  endfacet
  facet normal 0.195098 0.980784 -0
    outer loop
      vertex 176.152 68.5556 0
      vertex 175.318 68.7215 6
      vertex 176.152 68.5556 6
    endloop
  endfacet
  facet normal 0.195098 0.980784 0
    outer loop
      vertex 175.318 68.7215 6
      vertex 176.152 68.5556 0
      vertex 175.318 68.7215 0
    endloop
  endfacet
  facet normal -0.946677 -0.322183 0
    outer loop
      vertex 183.279 76.6823 0
      vertex 183.005 77.4874 6
      vertex 183.005 77.4874 0
    endloop
  endfacet
  facet normal -0.946677 -0.322183 0
    outer loop
      vertex 183.005 77.4874 6
      vertex 183.279 76.6823 0
      vertex 183.279 76.6823 6
    endloop
  endfacet
  facet normal -0.321481 0.946916 0
    outer loop
      vertex 179.487 68.9948 0
      vertex 178.682 68.7215 6
      vertex 179.487 68.9948 6
    endloop
  endfacet
  facet normal -0.321481 0.946916 0
    outer loop
      vertex 178.682 68.7215 6
      vertex 179.487 68.9948 0
      vertex 178.682 68.7215 0
    endloop
  endfacet
  facet normal 0.659487 0.751716 -0
    outer loop
      vertex 173.043 69.8432 0
      vertex 172.404 70.4038 6
      vertex 173.043 69.8432 6
    endloop
  endfacet
  facet normal 0.659487 0.751716 0
    outer loop
      vertex 172.404 70.4038 6
      vertex 173.043 69.8432 0
      vertex 172.404 70.4038 0
    endloop
  endfacet
  facet normal 0.831652 -0.555297 0
    outer loop
      vertex 171.371 78.25 6
      vertex 171.843 78.9569 0
      vertex 171.843 78.9569 6
    endloop
  endfacet
  facet normal 0.831652 -0.555297 0
    outer loop
      vertex 171.843 78.9569 0
      vertex 171.371 78.25 6
      vertex 171.371 78.25 0
    endloop
  endfacet
  facet normal 0.0654256 0.997857 -0
    outer loop
      vertex 177 68.5 0
      vertex 176.152 68.5556 6
      vertex 177 68.5 6
    endloop
  endfacet
  facet normal 0.0654256 0.997857 0
    outer loop
      vertex 176.152 68.5556 6
      vertex 177 68.5 0
      vertex 176.152 68.5556 0
    endloop
  endfacet
  facet normal 0.442033 0.896999 -0
    outer loop
      vertex 174.513 68.9948 0
      vertex 173.75 69.3708 6
      vertex 174.513 68.9948 6
    endloop
  endfacet
  facet normal 0.442033 0.896999 0
    outer loop
      vertex 173.75 69.3708 6
      vertex 174.513 68.9948 0
      vertex 173.75 69.3708 0
    endloop
  endfacet
  facet normal -0.980784 0.195098 0
    outer loop
      vertex 11.2785 103.318 0
      vertex 11.4444 104.152 6
      vertex 11.4444 104.152 0
    endloop
  endfacet
  facet normal -0.980784 0.195098 0
    outer loop
      vertex 11.4444 104.152 6
      vertex 11.2785 103.318 0
      vertex 11.2785 103.318 6
    endloop
  endfacet
  facet normal -0.19524 0.980756 0
    outer loop
      vertex 6.68232 98.7215 6
      vertex 6.68232 98.7215 0
      vertex 6.38745 98.6628 6
    endloop
  endfacet
  facet normal -0.195056 0.980792 0
    outer loop
      vertex 6.38745 98.6628 6
      vertex 5.84842 98.5556 14
      vertex 6.38745 98.6628 14
    endloop
  endfacet
  facet normal -0.195121 0.980779 6.07611e-06
    outer loop
      vertex 5.84842 98.5556 0
      vertex 6.38745 98.6628 6
      vertex 6.68232 98.7215 0
    endloop
  endfacet
  facet normal -0.195056 0.980792 0
    outer loop
      vertex 6.38745 98.6628 6
      vertex 5.84842 98.5556 0
      vertex 5.84842 98.5556 14
    endloop
  endfacet
  facet normal -0.980784 -0.195098 0
    outer loop
      vertex 11.4444 105.848 0
      vertex 11.2785 106.682 6
      vertex 11.2785 106.682 0
    endloop
  endfacet
  facet normal -0.980784 -0.195098 0
    outer loop
      vertex 11.2785 106.682 6
      vertex 11.4444 105.848 0
      vertex 11.4444 105.848 6
    endloop
  endfacet
  facet normal -0.997857 -0.0654256 0
    outer loop
      vertex 11.5 105 0
      vertex 11.4444 105.848 6
      vertex 11.4444 105.848 0
    endloop
  endfacet
  facet normal -0.997857 -0.0654256 0
    outer loop
      vertex 11.4444 105.848 6
      vertex 11.5 105 0
      vertex 11.5 105 6
    endloop
  endfacet
  facet normal 0.555596 0.831453 -0
    outer loop
      vertex 1.75 99.3708 0
      vertex 1.04305 99.8432 14
      vertex 1.75 99.3708 14
    endloop
  endfacet
  facet normal 0.555596 0.831453 0
    outer loop
      vertex 1.04305 99.8432 14
      vertex 1.75 99.3708 0
      vertex 1.04305 99.8432 0
    endloop
  endfacet
  facet normal 0.751518 0.659712 0
    outer loop
      vertex 0.403806 100.404 14
      vertex 0 100.864 0
      vertex 0 100.864 14
    endloop
  endfacet
  facet normal 0.751518 0.659712 0
    outer loop
      vertex 0 100.864 0
      vertex 0.403806 100.404 14
      vertex 0.403806 100.404 0
    endloop
  endfacet
  facet normal 0.321438 0.946931 -0
    outer loop
      vertex 3.31768 98.7215 0
      vertex 2.51256 98.9948 14
      vertex 3.31768 98.7215 14
    endloop
  endfacet
  facet normal 0.321438 0.946931 0
    outer loop
      vertex 2.51256 98.9948 14
      vertex 3.31768 98.7215 0
      vertex 2.51256 98.9948 0
    endloop
  endfacet
  facet normal 0.55527 -0.83167 0
    outer loop
      vertex 1.04305 110.157 0
      vertex 1.75 110.629 14
      vertex 1.04305 110.157 14
    endloop
  endfacet
  facet normal 0.55527 -0.83167 0
    outer loop
      vertex 1.75 110.629 14
      vertex 1.04305 110.157 0
      vertex 1.75 110.629 0
    endloop
  endfacet
  facet normal -0.75171 0.659493 0
    outer loop
      vertex 9.59619 100.404 0
      vertex 10.1568 101.043 6
      vertex 10.1568 101.043 0
    endloop
  endfacet
  facet normal -0.75171 0.659493 0
    outer loop
      vertex 10.1568 101.043 6
      vertex 9.59619 100.404 0
      vertex 9.59619 100.404 6
    endloop
  endfacet
  facet normal 0.751518 -0.659712 0
    outer loop
      vertex 0 109.136 14
      vertex 0.403806 109.596 0
      vertex 0.403806 109.596 14
    endloop
  endfacet
  facet normal 0.751518 -0.659712 0
    outer loop
      vertex 0.403806 109.596 0
      vertex 0 109.136 14
      vertex 0 109.136 0
    endloop
  endfacet
  facet normal -0.442239 -0.896897 0
    outer loop
      vertex 7.48744 111.005 0
      vertex 8.25 110.629 6
      vertex 7.48744 111.005 6
    endloop
  endfacet
  facet normal -0.442239 -0.896897 -0
    outer loop
      vertex 8.25 110.629 6
      vertex 7.48744 111.005 0
      vertex 8.25 110.629 0
    endloop
  endfacet
  facet normal -0.946916 0.321481 0
    outer loop
      vertex 11.0052 102.513 0
      vertex 11.2785 103.318 6
      vertex 11.2785 103.318 0
    endloop
  endfacet
  facet normal -0.946916 0.321481 0
    outer loop
      vertex 11.2785 103.318 6
      vertex 11.0052 102.513 0
      vertex 11.0052 102.513 6
    endloop
  endfacet
  facet normal -0.659613 -0.751606 0
    outer loop
      vertex 8.95695 110.157 0
      vertex 9.59619 109.596 6
      vertex 8.95695 110.157 6
    endloop
  endfacet
  facet normal -0.659613 -0.751606 -0
    outer loop
      vertex 9.59619 109.596 6
      vertex 8.95695 110.157 0
      vertex 9.59619 109.596 0
    endloop
  endfacet
  facet normal -0.65948 0.751722 0
    outer loop
      vertex 9.59619 100.404 0
      vertex 8.95695 99.8432 6
      vertex 9.59619 100.404 6
    endloop
  endfacet
  facet normal -0.65948 0.751722 0
    outer loop
      vertex 8.95695 99.8432 6
      vertex 9.59619 100.404 0
      vertex 8.95695 99.8432 0
    endloop
  endfacet
  facet normal 0.0658617 -0.997829 0
    outer loop
      vertex 4.15158 111.444 0
      vertex 5 111.5 14
      vertex 4.15158 111.444 14
    endloop
  endfacet
  facet normal 0.0658617 -0.997829 0
    outer loop
      vertex 5 111.5 14
      vertex 4.15158 111.444 0
      vertex 5 111.5 0
    endloop
  endfacet
  facet normal 0.65961 -0.751608 0
    outer loop
      vertex 0.403806 109.596 0
      vertex 1.04305 110.157 14
      vertex 0.403806 109.596 14
    endloop
  endfacet
  facet normal 0.65961 -0.751608 0
    outer loop
      vertex 1.04305 110.157 14
      vertex 0.403806 109.596 0
      vertex 1.04305 110.157 0
    endloop
  endfacet
  facet normal -0.0653933 0.99786 0
    outer loop
      vertex 5.84842 98.5556 0
      vertex 5 98.5 14
      vertex 5.84842 98.5556 14
    endloop
  endfacet
  facet normal -0.0653933 0.99786 0
    outer loop
      vertex 5 98.5 14
      vertex 5.84842 98.5556 0
      vertex 5 98.5 0
    endloop
  endfacet
  facet normal -0.0658617 -0.997829 0
    outer loop
      vertex 5 111.5 0
      vertex 5.84842 111.444 14
      vertex 5 111.5 14
    endloop
  endfacet
  facet normal -0.0658617 -0.997829 -0
    outer loop
      vertex 5.84842 111.444 14
      vertex 5 111.5 0
      vertex 5.84842 111.444 0
    endloop
  endfacet
  facet normal -0.75171 -0.659493 0
    outer loop
      vertex 10.1568 108.957 0
      vertex 9.59619 109.596 6
      vertex 9.59619 109.596 0
    endloop
  endfacet
  facet normal -0.75171 -0.659493 0
    outer loop
      vertex 9.59619 109.596 6
      vertex 10.1568 108.957 0
      vertex 10.1568 108.957 6
    endloop
  endfacet
  facet normal -0.831471 -0.555568 0
    outer loop
      vertex 10.6292 108.25 0
      vertex 10.1568 108.957 6
      vertex 10.1568 108.957 0
    endloop
  endfacet
  facet normal -0.831471 -0.555568 0
    outer loop
      vertex 10.1568 108.957 6
      vertex 10.6292 108.25 0
      vertex 10.6292 108.25 6
    endloop
  endfacet
  facet normal -0.997857 0.0654256 0
    outer loop
      vertex 11.4444 104.152 0
      vertex 11.5 105 6
      vertex 11.5 105 0
    endloop
  endfacet
  facet normal -0.997857 0.0654256 0
    outer loop
      vertex 11.5 105 6
      vertex 11.4444 104.152 0
      vertex 11.4444 104.152 6
    endloop
  endfacet
  facet normal -0.442239 0.896897 0
    outer loop
      vertex 8.25 99.3708 0
      vertex 7.48744 98.9948 6
      vertex 8.25 99.3708 6
    endloop
  endfacet
  facet normal -0.442239 0.896897 0
    outer loop
      vertex 7.48744 98.9948 6
      vertex 8.25 99.3708 0
      vertex 7.48744 98.9948 0
    endloop
  endfacet
  facet normal -0.55527 -0.83167 0
    outer loop
      vertex 8.25 110.629 0
      vertex 8.95695 110.157 6
      vertex 8.25 110.629 6
    endloop
  endfacet
  facet normal -0.55527 -0.83167 -0
    outer loop
      vertex 8.95695 110.157 6
      vertex 8.25 110.629 0
      vertex 8.95695 110.157 0
    endloop
  endfacet
  facet normal -0.896999 0.442033 0
    outer loop
      vertex 10.6292 101.75 0
      vertex 11.0052 102.513 6
      vertex 11.0052 102.513 0
    endloop
  endfacet
  facet normal -0.896999 0.442033 0
    outer loop
      vertex 11.0052 102.513 6
      vertex 10.6292 101.75 0
      vertex 10.6292 101.75 6
    endloop
  endfacet
  facet normal -0.831471 0.555568 0
    outer loop
      vertex 10.1568 101.043 0
      vertex 10.6292 101.75 6
      vertex 10.6292 101.75 0
    endloop
  endfacet
  facet normal -0.831471 0.555568 0
    outer loop
      vertex 10.6292 101.75 6
      vertex 10.1568 101.043 0
      vertex 10.1568 101.043 6
    endloop
  endfacet
  facet normal 0.194102 -0.980981 0
    outer loop
      vertex 3.31768 111.279 0
      vertex 4.15158 111.444 14
      vertex 3.31768 111.279 14
    endloop
  endfacet
  facet normal 0.194102 -0.980981 0
    outer loop
      vertex 4.15158 111.444 14
      vertex 3.31768 111.279 0
      vertex 4.15158 111.444 0
    endloop
  endfacet
  facet normal 0.442239 -0.896897 0
    outer loop
      vertex 1.75 110.629 0
      vertex 2.51256 111.005 14
      vertex 1.75 110.629 14
    endloop
  endfacet
  facet normal 0.442239 -0.896897 0
    outer loop
      vertex 2.51256 111.005 14
      vertex 1.75 110.629 0
      vertex 2.51256 111.005 0
    endloop
  endfacet
  facet normal -0.194706 -0.980862 0
    outer loop
      vertex 5.84842 111.444 14
      vertex 6.38745 111.337 6
      vertex 6.38745 111.337 14
    endloop
  endfacet
  facet normal -0.194706 -0.980862 0
    outer loop
      vertex 5.84842 111.444 0
      vertex 6.38745 111.337 6
      vertex 5.84842 111.444 14
    endloop
  endfacet
  facet normal -0.194102 -0.980981 -5.63387e-05
    outer loop
      vertex 6.68232 111.279 0
      vertex 6.38745 111.337 6
      vertex 5.84842 111.444 0
    endloop
  endfacet
  facet normal -0.192999 -0.981199 0
    outer loop
      vertex 6.38745 111.337 6
      vertex 6.68232 111.279 0
      vertex 6.68232 111.279 6
    endloop
  endfacet
  facet normal -0.555596 0.831453 0
    outer loop
      vertex 8.95695 99.8432 0
      vertex 8.25 99.3708 6
      vertex 8.95695 99.8432 6
    endloop
  endfacet
  facet normal -0.555596 0.831453 0
    outer loop
      vertex 8.25 99.3708 6
      vertex 8.95695 99.8432 0
      vertex 8.25 99.3708 0
    endloop
  endfacet
  facet normal -0.322176 -0.94668 0
    outer loop
      vertex 6.68232 111.279 0
      vertex 7.48744 111.005 6
      vertex 6.68232 111.279 6
    endloop
  endfacet
  facet normal -0.322176 -0.94668 -0
    outer loop
      vertex 7.48744 111.005 6
      vertex 6.68232 111.279 0
      vertex 7.48744 111.005 0
    endloop
  endfacet
  facet normal -0.896999 -0.442033 0
    outer loop
      vertex 11.0052 107.487 0
      vertex 10.6292 108.25 6
      vertex 10.6292 108.25 0
    endloop
  endfacet
  facet normal -0.896999 -0.442033 0
    outer loop
      vertex 10.6292 108.25 6
      vertex 11.0052 107.487 0
      vertex 11.0052 107.487 6
    endloop
  endfacet
  facet normal 0.195121 0.980779 -0
    outer loop
      vertex 4.15158 98.5556 0
      vertex 3.31768 98.7215 14
      vertex 4.15158 98.5556 14
    endloop
  endfacet
  facet normal 0.195121 0.980779 0
    outer loop
      vertex 3.31768 98.7215 14
      vertex 4.15158 98.5556 0
      vertex 3.31768 98.7215 0
    endloop
  endfacet
  facet normal -0.946916 -0.321481 0
    outer loop
      vertex 11.2785 106.682 0
      vertex 11.0052 107.487 6
      vertex 11.0052 107.487 0
    endloop
  endfacet
  facet normal -0.946916 -0.321481 0
    outer loop
      vertex 11.0052 107.487 6
      vertex 11.2785 106.682 0
      vertex 11.2785 106.682 6
    endloop
  endfacet
  facet normal 0.322176 -0.94668 0
    outer loop
      vertex 2.51256 111.005 0
      vertex 3.31768 111.279 14
      vertex 2.51256 111.005 14
    endloop
  endfacet
  facet normal 0.322176 -0.94668 0
    outer loop
      vertex 3.31768 111.279 14
      vertex 2.51256 111.005 0
      vertex 3.31768 111.279 0
    endloop
  endfacet
  facet normal -0.321438 0.946931 0
    outer loop
      vertex 7.48744 98.9948 0
      vertex 6.68232 98.7215 6
      vertex 7.48744 98.9948 6
    endloop
  endfacet
  facet normal -0.321438 0.946931 0
    outer loop
      vertex 6.68232 98.7215 6
      vertex 7.48744 98.9948 0
      vertex 6.68232 98.7215 0
    endloop
  endfacet
  facet normal 0.659477 0.751724 -0
    outer loop
      vertex 1.04305 99.8432 0
      vertex 0.403806 100.404 14
      vertex 1.04305 99.8432 14
    endloop
  endfacet
  facet normal 0.659477 0.751724 0
    outer loop
      vertex 0.403806 100.404 14
      vertex 1.04305 99.8432 0
      vertex 0.403806 100.404 0
    endloop
  endfacet
  facet normal 0.0653933 0.99786 -0
    outer loop
      vertex 5 98.5 0
      vertex 4.15158 98.5556 14
      vertex 5 98.5 14
    endloop
  endfacet
  facet normal 0.0653933 0.99786 0
    outer loop
      vertex 4.15158 98.5556 14
      vertex 5 98.5 0
      vertex 4.15158 98.5556 0
    endloop
  endfacet
  facet normal 0.442239 0.896897 -0
    outer loop
      vertex 2.51256 98.9948 0
      vertex 1.75 99.3708 14
      vertex 2.51256 98.9948 14
    endloop
  endfacet
  facet normal 0.442239 0.896897 0
    outer loop
      vertex 1.75 99.3708 14
      vertex 2.51256 98.9948 0
      vertex 1.75 99.3708 0
    endloop
  endfacet
  facet normal -0.980986 0.19408 0
    outer loop
      vertex 136.279 103.318 0
      vertex 136.444 104.152 6
      vertex 136.444 104.152 0
    endloop
  endfacet
  facet normal -0.980986 0.19408 0
    outer loop
      vertex 136.444 104.152 6
      vertex 136.279 103.318 0
      vertex 136.279 103.318 6
    endloop
  endfacet
  facet normal -0.195098 0.980784 0
    outer loop
      vertex 131.682 98.7215 0
      vertex 130.848 98.5556 6
      vertex 131.682 98.7215 6
    endloop
  endfacet
  facet normal -0.195098 0.980784 0
    outer loop
      vertex 130.848 98.5556 6
      vertex 131.682 98.7215 0
      vertex 130.848 98.5556 0
    endloop
  endfacet
  facet normal -0.980986 -0.19408 0
    outer loop
      vertex 136.444 105.848 0
      vertex 136.279 106.682 6
      vertex 136.279 106.682 0
    endloop
  endfacet
  facet normal -0.980986 -0.19408 0
    outer loop
      vertex 136.279 106.682 6
      vertex 136.444 105.848 0
      vertex 136.444 105.848 6
    endloop
  endfacet
  facet normal -0.997827 -0.0658942 0
    outer loop
      vertex 136.5 105 0
      vertex 136.444 105.848 6
      vertex 136.444 105.848 0
    endloop
  endfacet
  facet normal -0.997827 -0.0658942 0
    outer loop
      vertex 136.444 105.848 6
      vertex 136.5 105 0
      vertex 136.5 105 6
    endloop
  endfacet
  facet normal 0.555568 0.831471 -0
    outer loop
      vertex 126.75 99.3708 0
      vertex 126.043 99.8432 6
      vertex 126.75 99.3708 6
    endloop
  endfacet
  facet normal 0.555568 0.831471 0
    outer loop
      vertex 126.043 99.8432 6
      vertex 126.75 99.3708 0
      vertex 126.043 99.8432 0
    endloop
  endfacet
  facet normal 0.896999 -0.442033 0
    outer loop
      vertex 123.995 107.487 6
      vertex 124.371 108.25 0
      vertex 124.371 108.25 6
    endloop
  endfacet
  facet normal 0.896999 -0.442033 0
    outer loop
      vertex 124.371 108.25 0
      vertex 123.995 107.487 6
      vertex 123.995 107.487 0
    endloop
  endfacet
  facet normal 0.751483 0.659753 0
    outer loop
      vertex 125.404 100.404 6
      vertex 124.843 101.043 0
      vertex 124.843 101.043 6
    endloop
  endfacet
  facet normal 0.751483 0.659753 0
    outer loop
      vertex 124.843 101.043 0
      vertex 125.404 100.404 6
      vertex 125.404 100.404 0
    endloop
  endfacet
  facet normal 0.321481 0.946916 -0
    outer loop
      vertex 128.318 98.7215 0
      vertex 127.513 98.9948 6
      vertex 128.318 98.7215 6
    endloop
  endfacet
  facet normal 0.321481 0.946916 0
    outer loop
      vertex 127.513 98.9948 6
      vertex 128.318 98.7215 0
      vertex 127.513 98.9948 0
    endloop
  endfacet
  facet normal 0.65962 0.7516 -0
    outer loop
      vertex 126.043 99.8432 0
      vertex 125.404 100.404 6
      vertex 126.043 99.8432 6
    endloop
  endfacet
  facet normal 0.65962 0.7516 0
    outer loop
      vertex 125.404 100.404 6
      vertex 126.043 99.8432 0
      vertex 125.404 100.404 0
    endloop
  endfacet
  facet normal 0.751483 -0.659753 0
    outer loop
      vertex 124.843 108.957 6
      vertex 125.404 109.596 0
      vertex 125.404 109.596 6
    endloop
  endfacet
  facet normal 0.751483 -0.659753 0
    outer loop
      vertex 125.404 109.596 0
      vertex 124.843 108.957 6
      vertex 124.843 108.957 0
    endloop
  endfacet
  facet normal 0.555243 -0.831688 0
    outer loop
      vertex 126.043 110.157 0
      vertex 126.75 110.629 6
      vertex 126.043 110.157 6
    endloop
  endfacet
  facet normal 0.555243 -0.831688 0
    outer loop
      vertex 126.75 110.629 6
      vertex 126.043 110.157 0
      vertex 126.75 110.629 0
    endloop
  endfacet
  facet normal -0.751483 0.659753 0
    outer loop
      vertex 134.596 100.404 0
      vertex 135.157 101.043 6
      vertex 135.157 101.043 0
    endloop
  endfacet
  facet normal -0.751483 0.659753 0
    outer loop
      vertex 135.157 101.043 6
      vertex 134.596 100.404 0
      vertex 134.596 100.404 6
    endloop
  endfacet
  facet normal 0.896999 0.442033 0
    outer loop
      vertex 124.371 101.75 6
      vertex 123.995 102.513 0
      vertex 123.995 102.513 6
    endloop
  endfacet
  facet normal 0.896999 0.442033 0
    outer loop
      vertex 123.995 102.513 0
      vertex 124.371 101.75 6
      vertex 124.371 101.75 0
    endloop
  endfacet
  facet normal 0.659753 -0.751483 0
    outer loop
      vertex 125.404 109.596 0
      vertex 126.043 110.157 6
      vertex 125.404 109.596 6
    endloop
  endfacet
  facet normal 0.659753 -0.751483 0
    outer loop
      vertex 126.043 110.157 6
      vertex 125.404 109.596 0
      vertex 126.043 110.157 0
    endloop
  endfacet
  facet normal -0.442033 -0.896999 0
    outer loop
      vertex 132.487 111.005 0
      vertex 133.25 110.629 6
      vertex 132.487 111.005 6
    endloop
  endfacet
  facet normal -0.442033 -0.896999 -0
    outer loop
      vertex 133.25 110.629 6
      vertex 132.487 111.005 0
      vertex 133.25 110.629 0
    endloop
  endfacet
  facet normal -0.946665 0.322219 0
    outer loop
      vertex 136.005 102.513 0
      vertex 136.279 103.318 6
      vertex 136.279 103.318 0
    endloop
  endfacet
  facet normal -0.946665 0.322219 0
    outer loop
      vertex 136.279 103.318 6
      vertex 136.005 102.513 0
      vertex 136.005 102.513 6
    endloop
  endfacet
  facet normal -0.659753 -0.751483 0
    outer loop
      vertex 133.957 110.157 0
      vertex 134.596 109.596 6
      vertex 133.957 110.157 6
    endloop
  endfacet
  facet normal -0.659753 -0.751483 -0
    outer loop
      vertex 134.596 109.596 6
      vertex 133.957 110.157 0
      vertex 134.596 109.596 0
    endloop
  endfacet
  facet normal -0.65962 0.7516 0
    outer loop
      vertex 134.596 100.404 0
      vertex 133.957 99.8432 6
      vertex 134.596 100.404 6
    endloop
  endfacet
  facet normal -0.65962 0.7516 0
    outer loop
      vertex 133.957 99.8432 6
      vertex 134.596 100.404 0
      vertex 133.957 99.8432 0
    endloop
  endfacet
  facet normal -0.0654256 0.997857 0
    outer loop
      vertex 130.848 98.5556 0
      vertex 130 98.5 6
      vertex 130.848 98.5556 6
    endloop
  endfacet
  facet normal -0.0654256 0.997857 0
    outer loop
      vertex 130 98.5 6
      vertex 130.848 98.5556 0
      vertex 130 98.5 0
    endloop
  endfacet
  facet normal -0.831688 0.555243 0
    outer loop
      vertex 135.157 101.043 0
      vertex 135.629 101.75 6
      vertex 135.629 101.75 0
    endloop
  endfacet
  facet normal -0.831688 0.555243 0
    outer loop
      vertex 135.629 101.75 6
      vertex 135.157 101.043 0
      vertex 135.157 101.043 6
    endloop
  endfacet
  facet normal 0.946665 -0.322219 0
    outer loop
      vertex 123.721 106.682 6
      vertex 123.995 107.487 0
      vertex 123.995 107.487 6
    endloop
  endfacet
  facet normal 0.946665 -0.322219 0
    outer loop
      vertex 123.995 107.487 0
      vertex 123.721 106.682 6
      vertex 123.721 106.682 0
    endloop
  endfacet
  facet normal 0.0658942 -0.997827 0
    outer loop
      vertex 129.152 111.444 0
      vertex 130 111.5 6
      vertex 129.152 111.444 6
    endloop
  endfacet
  facet normal 0.0658942 -0.997827 0
    outer loop
      vertex 130 111.5 6
      vertex 129.152 111.444 0
      vertex 130 111.5 0
    endloop
  endfacet
  facet normal 0.980986 0.19408 0
    outer loop
      vertex 123.721 103.318 6
      vertex 123.556 104.152 0
      vertex 123.556 104.152 6
    endloop
  endfacet
  facet normal 0.980986 0.19408 0
    outer loop
      vertex 123.556 104.152 0
      vertex 123.721 103.318 6
      vertex 123.721 103.318 0
    endloop
  endfacet
  facet normal 0.980986 -0.19408 0
    outer loop
      vertex 123.556 105.848 6
      vertex 123.721 106.682 0
      vertex 123.721 106.682 6
    endloop
  endfacet
  facet normal 0.980986 -0.19408 0
    outer loop
      vertex 123.721 106.682 0
      vertex 123.556 105.848 6
      vertex 123.556 105.848 0
    endloop
  endfacet
  facet normal -0.751483 -0.659753 0
    outer loop
      vertex 135.157 108.957 0
      vertex 134.596 109.596 6
      vertex 134.596 109.596 0
    endloop
  endfacet
  facet normal -0.751483 -0.659753 0
    outer loop
      vertex 134.596 109.596 6
      vertex 135.157 108.957 0
      vertex 135.157 108.957 6
    endloop
  endfacet
  facet normal -0.0658942 -0.997827 0
    outer loop
      vertex 130 111.5 0
      vertex 130.848 111.444 6
      vertex 130 111.5 6
    endloop
  endfacet
  facet normal -0.0658942 -0.997827 -0
    outer loop
      vertex 130.848 111.444 6
      vertex 130 111.5 0
      vertex 130.848 111.444 0
    endloop
  endfacet
  facet normal 0.946665 0.322219 0
    outer loop
      vertex 123.995 102.513 6
      vertex 123.721 103.318 0
      vertex 123.721 103.318 6
    endloop
  endfacet
  facet normal 0.946665 0.322219 0
    outer loop
      vertex 123.721 103.318 0
      vertex 123.995 102.513 6
      vertex 123.995 102.513 0
    endloop
  endfacet
  facet normal -0.831688 -0.555243 0
    outer loop
      vertex 135.629 108.25 0
      vertex 135.157 108.957 6
      vertex 135.157 108.957 0
    endloop
  endfacet
  facet normal -0.831688 -0.555243 0
    outer loop
      vertex 135.157 108.957 6
      vertex 135.629 108.25 0
      vertex 135.629 108.25 6
    endloop
  endfacet
  facet normal -0.555243 -0.831688 0
    outer loop
      vertex 133.25 110.629 0
      vertex 133.957 110.157 6
      vertex 133.25 110.629 6
    endloop
  endfacet
  facet normal -0.555243 -0.831688 -0
    outer loop
      vertex 133.957 110.157 6
      vertex 133.25 110.629 0
      vertex 133.957 110.157 0
    endloop
  endfacet
  facet normal 0.322219 -0.946665 0
    outer loop
      vertex 127.513 111.005 0
      vertex 128.318 111.279 6
      vertex 127.513 111.005 6
    endloop
  endfacet
  facet normal 0.322219 -0.946665 0
    outer loop
      vertex 128.318 111.279 6
      vertex 127.513 111.005 0
      vertex 128.318 111.279 0
    endloop
  endfacet
  facet normal -0.997827 0.0658942 0
    outer loop
      vertex 136.444 104.152 0
      vertex 136.5 105 6
      vertex 136.5 105 0
    endloop
  endfacet
  facet normal -0.997827 0.0658942 0
    outer loop
      vertex 136.5 105 6
      vertex 136.444 104.152 0
      vertex 136.444 104.152 6
    endloop
  endfacet
  facet normal 0.997827 -0.0658942 0
    outer loop
      vertex 123.5 105 6
      vertex 123.556 105.848 0
      vertex 123.556 105.848 6
    endloop
  endfacet
  facet normal 0.997827 -0.0658942 0
    outer loop
      vertex 123.556 105.848 0
      vertex 123.5 105 6
      vertex 123.5 105 0
    endloop
  endfacet
  facet normal -0.442033 0.896999 0
    outer loop
      vertex 133.25 99.3708 0
      vertex 132.487 98.9948 6
      vertex 133.25 99.3708 6
    endloop
  endfacet
  facet normal -0.442033 0.896999 0
    outer loop
      vertex 132.487 98.9948 6
      vertex 133.25 99.3708 0
      vertex 132.487 98.9948 0
    endloop
  endfacet
  facet normal -0.896999 0.442033 0
    outer loop
      vertex 135.629 101.75 0
      vertex 136.005 102.513 6
      vertex 136.005 102.513 0
    endloop
  endfacet
  facet normal -0.896999 0.442033 0
    outer loop
      vertex 136.005 102.513 6
      vertex 135.629 101.75 0
      vertex 135.629 101.75 6
    endloop
  endfacet
  facet normal 0.19408 -0.980986 0
    outer loop
      vertex 128.318 111.279 0
      vertex 129.152 111.444 6
      vertex 128.318 111.279 6
    endloop
  endfacet
  facet normal 0.19408 -0.980986 0
    outer loop
      vertex 129.152 111.444 6
      vertex 128.318 111.279 0
      vertex 129.152 111.444 0
    endloop
  endfacet
  facet normal 0.442033 -0.896999 0
    outer loop
      vertex 126.75 110.629 0
      vertex 127.513 111.005 6
      vertex 126.75 110.629 6
    endloop
  endfacet
  facet normal 0.442033 -0.896999 0
    outer loop
      vertex 127.513 111.005 6
      vertex 126.75 110.629 0
      vertex 127.513 111.005 0
    endloop
  endfacet
  facet normal 0.831688 0.555243 0
    outer loop
      vertex 124.843 101.043 6
      vertex 124.371 101.75 0
      vertex 124.371 101.75 6
    endloop
  endfacet
  facet normal 0.831688 0.555243 0
    outer loop
      vertex 124.371 101.75 0
      vertex 124.843 101.043 6
      vertex 124.843 101.043 0
    endloop
  endfacet
  facet normal -0.19408 -0.980986 0
    outer loop
      vertex 130.848 111.444 0
      vertex 131.682 111.279 6
      vertex 130.848 111.444 6
    endloop
  endfacet
  facet normal -0.19408 -0.980986 -0
    outer loop
      vertex 131.682 111.279 6
      vertex 130.848 111.444 0
      vertex 131.682 111.279 0
    endloop
  endfacet
  facet normal -0.555568 0.831471 0
    outer loop
      vertex 133.957 99.8432 0
      vertex 133.25 99.3708 6
      vertex 133.957 99.8432 6
    endloop
  endfacet
  facet normal -0.555568 0.831471 0
    outer loop
      vertex 133.25 99.3708 6
      vertex 133.957 99.8432 0
      vertex 133.25 99.3708 0
    endloop
  endfacet
  facet normal -0.322219 -0.946665 0
    outer loop
      vertex 131.682 111.279 0
      vertex 132.487 111.005 6
      vertex 131.682 111.279 6
    endloop
  endfacet
  facet normal -0.322219 -0.946665 -0
    outer loop
      vertex 132.487 111.005 6
      vertex 131.682 111.279 0
      vertex 132.487 111.005 0
    endloop
  endfacet
  facet normal 0.997827 0.0658942 0
    outer loop
      vertex 123.556 104.152 6
      vertex 123.5 105 0
      vertex 123.5 105 6
    endloop
  endfacet
  facet normal 0.997827 0.0658942 0
    outer loop
      vertex 123.5 105 0
      vertex 123.556 104.152 6
      vertex 123.556 104.152 0
    endloop
  endfacet
  facet normal -0.896999 -0.442033 0
    outer loop
      vertex 136.005 107.487 0
      vertex 135.629 108.25 6
      vertex 135.629 108.25 0
    endloop
  endfacet
  facet normal -0.896999 -0.442033 0
    outer loop
      vertex 135.629 108.25 6
      vertex 136.005 107.487 0
      vertex 136.005 107.487 6
    endloop
  endfacet
  facet normal 0.195098 0.980784 -0
    outer loop
      vertex 129.152 98.5556 0
      vertex 128.318 98.7215 6
      vertex 129.152 98.5556 6
    endloop
  endfacet
  facet normal 0.195098 0.980784 0
    outer loop
      vertex 128.318 98.7215 6
      vertex 129.152 98.5556 0
      vertex 128.318 98.7215 0
    endloop
  endfacet
  facet normal -0.946665 -0.322219 0
    outer loop
      vertex 136.279 106.682 0
      vertex 136.005 107.487 6
      vertex 136.005 107.487 0
    endloop
  endfacet
  facet normal -0.946665 -0.322219 0
    outer loop
      vertex 136.005 107.487 6
      vertex 136.279 106.682 0
      vertex 136.279 106.682 6
    endloop
  endfacet
  facet normal -0.321481 0.946916 0
    outer loop
      vertex 132.487 98.9948 0
      vertex 131.682 98.7215 6
      vertex 132.487 98.9948 6
    endloop
  endfacet
  facet normal -0.321481 0.946916 0
    outer loop
      vertex 131.682 98.7215 6
      vertex 132.487 98.9948 0
      vertex 131.682 98.7215 0
    endloop
  endfacet
  facet normal 0.831688 -0.555243 0
    outer loop
      vertex 124.371 108.25 6
      vertex 124.843 108.957 0
      vertex 124.843 108.957 6
    endloop
  endfacet
  facet normal 0.831688 -0.555243 0
    outer loop
      vertex 124.843 108.957 0
      vertex 124.371 108.25 6
      vertex 124.371 108.25 0
    endloop
  endfacet
  facet normal 0.0654256 0.997857 -0
    outer loop
      vertex 130 98.5 0
      vertex 129.152 98.5556 6
      vertex 130 98.5 6
    endloop
  endfacet
  facet normal 0.0654256 0.997857 0
    outer loop
      vertex 129.152 98.5556 6
      vertex 130 98.5 0
      vertex 129.152 98.5556 0
    endloop
  endfacet
  facet normal 0.442033 0.896999 -0
    outer loop
      vertex 127.513 98.9948 0
      vertex 126.75 99.3708 6
      vertex 127.513 98.9948 6
    endloop
  endfacet
  facet normal 0.442033 0.896999 0
    outer loop
      vertex 126.75 99.3708 6
      vertex 127.513 98.9948 0
      vertex 126.75 99.3708 0
    endloop
  endfacet
  facet normal -0.980789 -0.19507 0
    outer loop
      vertex 30.515 28.578 0
      vertex 30.4576 28.8666 6
      vertex 30.4576 28.8666 0
    endloop
  endfacet
  facet normal -0.980789 -0.19507 0
    outer loop
      vertex 30.4576 28.8666 6
      vertex 30.515 28.578 0
      vertex 30.515 28.578 6
    endloop
  endfacet
  facet normal -0.997848 -0.0655719 0
    outer loop
      vertex 30.5343 28.2843 0
      vertex 30.515 28.578 6
      vertex 30.515 28.578 0
    endloop
  endfacet
  facet normal -0.997848 -0.0655719 0
    outer loop
      vertex 30.515 28.578 6
      vertex 30.5343 28.2843 0
      vertex 30.5343 28.2843 6
    endloop
  endfacet
  facet normal -0.946936 -0.321421 0
    outer loop
      vertex 30.4576 28.8666 0
      vertex 30.363 29.1453 6
      vertex 30.363 29.1453 0
    endloop
  endfacet
  facet normal -0.946936 -0.321421 0
    outer loop
      vertex 30.363 29.1453 6
      vertex 30.4576 28.8666 0
      vertex 30.4576 28.8666 6
    endloop
  endfacet
  facet normal 0.555562 -0.831475 0
    outer loop
      vertex 26.9146 30.0693 0
      vertex 27.1593 30.2328 6
      vertex 26.9146 30.0693 6
    endloop
  endfacet
  facet normal 0.555562 -0.831475 0
    outer loop
      vertex 27.1593 30.2328 6
      vertex 26.9146 30.0693 0
      vertex 27.1593 30.2328 0
    endloop
  endfacet
  facet normal 0.321421 -0.946936 0
    outer loop
      vertex 27.4232 30.363 0
      vertex 27.7019 30.4576 6
      vertex 27.4232 30.363 6
    endloop
  endfacet
  facet normal 0.321421 -0.946936 0
    outer loop
      vertex 27.7019 30.4576 6
      vertex 27.4232 30.363 0
      vertex 27.7019 30.4576 0
    endloop
  endfacet
  facet normal -0.659394 0.751798 0
    outer loop
      vertex 29.8753 26.6933 0
      vertex 29.654 26.4992 6
      vertex 29.8753 26.6933 6
    endloop
  endfacet
  facet normal -0.659394 0.751798 0
    outer loop
      vertex 29.654 26.4992 6
      vertex 29.8753 26.6933 0
      vertex 29.654 26.4992 0
    endloop
  endfacet
  facet normal 0.321421 0.946936 -0
    outer loop
      vertex 27.7019 26.1109 0
      vertex 27.4232 26.2055 6
      vertex 27.7019 26.1109 6
    endloop
  endfacet
  facet normal 0.321421 0.946936 0
    outer loop
      vertex 27.4232 26.2055 6
      vertex 27.7019 26.1109 0
      vertex 27.4232 26.2055 0
    endloop
  endfacet
  facet normal -0.89686 -0.442315 0
    outer loop
      vertex 30.363 29.1453 0
      vertex 30.2328 29.4093 6
      vertex 30.2328 29.4093 0
    endloop
  endfacet
  facet normal -0.89686 -0.442315 0
    outer loop
      vertex 30.2328 29.4093 6
      vertex 30.363 29.1453 0
      vertex 30.363 29.1453 6
    endloop
  endfacet
  facet normal -0.442315 -0.89686 0
    outer loop
      vertex 29.1453 30.363 0
      vertex 29.4093 30.2328 6
      vertex 29.1453 30.363 6
    endloop
  endfacet
  facet normal -0.442315 -0.89686 -0
    outer loop
      vertex 29.4093 30.2328 6
      vertex 29.1453 30.363 0
      vertex 29.4093 30.2328 0
    endloop
  endfacet
  facet normal 0.980802 0.195005 0
    outer loop
      vertex 26.1109 27.7019 6
      vertex 26.0535 27.9906 0
      vertex 26.0535 27.9906 6
    endloop
  endfacet
  facet normal 0.980802 0.195005 0
    outer loop
      vertex 26.0535 27.9906 0
      vertex 26.1109 27.7019 6
      vertex 26.1109 27.7019 0
    endloop
  endfacet
  facet normal 0.751798 -0.659394 0
    outer loop
      vertex 26.4992 29.654 6
      vertex 26.6933 29.8753 0
      vertex 26.6933 29.8753 6
    endloop
  endfacet
  facet normal 0.751798 -0.659394 0
    outer loop
      vertex 26.6933 29.8753 0
      vertex 26.4992 29.654 6
      vertex 26.4992 29.654 0
    endloop
  endfacet
  facet normal 0.44245 0.896793 -0
    outer loop
      vertex 27.4232 26.2055 0
      vertex 27.1593 26.3357 6
      vertex 27.4232 26.2055 6
    endloop
  endfacet
  facet normal 0.44245 0.896793 0
    outer loop
      vertex 27.1593 26.3357 6
      vertex 27.4232 26.2055 0
      vertex 27.1593 26.3357 0
    endloop
  endfacet
  facet normal 0.751798 0.659394 0
    outer loop
      vertex 26.6933 26.6933 6
      vertex 26.4992 26.9146 0
      vertex 26.4992 26.9146 6
    endloop
  endfacet
  facet normal 0.751798 0.659394 0
    outer loop
      vertex 26.4992 26.9146 0
      vertex 26.6933 26.6933 6
      vertex 26.6933 26.6933 0
    endloop
  endfacet
  facet normal -0.321421 0.946936 0
    outer loop
      vertex 29.1453 26.2055 0
      vertex 28.8666 26.1109 6
      vertex 29.1453 26.2055 6
    endloop
  endfacet
  facet normal -0.321421 0.946936 0
    outer loop
      vertex 28.8666 26.1109 6
      vertex 29.1453 26.2055 0
      vertex 28.8666 26.1109 0
    endloop
  endfacet
  facet normal -0.980802 0.195005 0
    outer loop
      vertex 30.4576 27.7019 0
      vertex 30.515 27.9906 6
      vertex 30.515 27.9906 0
    endloop
  endfacet
  facet normal -0.980802 0.195005 0
    outer loop
      vertex 30.515 27.9906 6
      vertex 30.4576 27.7019 0
      vertex 30.4576 27.7019 6
    endloop
  endfacet
  facet normal 0.0655719 -0.997848 0
    outer loop
      vertex 27.9906 30.515 0
      vertex 28.2843 30.5343 6
      vertex 27.9906 30.515 6
    endloop
  endfacet
  facet normal 0.0655719 -0.997848 0
    outer loop
      vertex 28.2843 30.5343 6
      vertex 27.9906 30.515 0
      vertex 28.2843 30.5343 0
    endloop
  endfacet
  facet normal 0.946936 0.321421 0
    outer loop
      vertex 26.2055 27.4232 6
      vertex 26.1109 27.7019 0
      vertex 26.1109 27.7019 6
    endloop
  endfacet
  facet normal 0.946936 0.321421 0
    outer loop
      vertex 26.1109 27.7019 0
      vertex 26.2055 27.4232 6
      vertex 26.2055 27.4232 0
    endloop
  endfacet
  facet normal 0.659394 0.751798 -0
    outer loop
      vertex 26.9146 26.4992 0
      vertex 26.6933 26.6933 6
      vertex 26.9146 26.4992 6
    endloop
  endfacet
  facet normal 0.659394 0.751798 0
    outer loop
      vertex 26.6933 26.6933 6
      vertex 26.9146 26.4992 0
      vertex 26.6933 26.6933 0
    endloop
  endfacet
  facet normal -0.555562 -0.831475 0
    outer loop
      vertex 29.4093 30.2328 0
      vertex 29.654 30.0693 6
      vertex 29.4093 30.2328 6
    endloop
  endfacet
  facet normal -0.555562 -0.831475 -0
    outer loop
      vertex 29.654 30.0693 6
      vertex 29.4093 30.2328 0
      vertex 29.654 30.0693 0
    endloop
  endfacet
  facet normal -0.946936 0.321421 0
    outer loop
      vertex 30.363 27.4232 0
      vertex 30.4576 27.7019 6
      vertex 30.4576 27.7019 0
    endloop
  endfacet
  facet normal -0.946936 0.321421 0
    outer loop
      vertex 30.4576 27.7019 6
      vertex 30.363 27.4232 0
      vertex 30.363 27.4232 6
    endloop
  endfacet
  facet normal -0.442315 0.89686 0
    outer loop
      vertex 29.4093 26.3357 0
      vertex 29.1453 26.2055 6
      vertex 29.4093 26.3357 6
    endloop
  endfacet
  facet normal -0.442315 0.89686 0
    outer loop
      vertex 29.1453 26.2055 6
      vertex 29.4093 26.3357 0
      vertex 29.1453 26.2055 0
    endloop
  endfacet
  facet normal 0.980789 -0.19507 0
    outer loop
      vertex 26.0535 28.578 6
      vertex 26.1109 28.8666 0
      vertex 26.1109 28.8666 6
    endloop
  endfacet
  facet normal 0.980789 -0.19507 0
    outer loop
      vertex 26.1109 28.8666 0
      vertex 26.0535 28.578 6
      vertex 26.0535 28.578 0
    endloop
  endfacet
  facet normal -0.19507 0.980789 0
    outer loop
      vertex 28.8666 26.1109 0
      vertex 28.578 26.0535 6
      vertex 28.8666 26.1109 6
    endloop
  endfacet
  facet normal -0.19507 0.980789 0
    outer loop
      vertex 28.578 26.0535 6
      vertex 28.8666 26.1109 0
      vertex 28.578 26.0535 0
    endloop
  endfacet
  facet normal 0.831475 0.555562 0
    outer loop
      vertex 26.4992 26.9146 6
      vertex 26.3357 27.1593 0
      vertex 26.3357 27.1593 6
    endloop
  endfacet
  facet normal 0.831475 0.555562 0
    outer loop
      vertex 26.3357 27.1593 0
      vertex 26.4992 26.9146 6
      vertex 26.4992 26.9146 0
    endloop
  endfacet
  facet normal 0.946936 -0.321421 0
    outer loop
      vertex 26.1109 28.8666 6
      vertex 26.2055 29.1453 0
      vertex 26.2055 29.1453 6
    endloop
  endfacet
  facet normal 0.946936 -0.321421 0
    outer loop
      vertex 26.2055 29.1453 0
      vertex 26.1109 28.8666 6
      vertex 26.1109 28.8666 0
    endloop
  endfacet
  facet normal 0.0652336 0.99787 -0
    outer loop
      vertex 28.2843 26.0343 0
      vertex 27.9906 26.0535 6
      vertex 28.2843 26.0343 6
    endloop
  endfacet
  facet normal 0.0652336 0.99787 0
    outer loop
      vertex 27.9906 26.0535 6
      vertex 28.2843 26.0343 0
      vertex 27.9906 26.0535 0
    endloop
  endfacet
  facet normal -0.831475 -0.555562 0
    outer loop
      vertex 30.2328 29.4093 0
      vertex 30.0693 29.654 6
      vertex 30.0693 29.654 0
    endloop
  endfacet
  facet normal -0.831475 -0.555562 0
    outer loop
      vertex 30.0693 29.654 6
      vertex 30.2328 29.4093 0
      vertex 30.2328 29.4093 6
    endloop
  endfacet
  facet normal -0.321421 -0.946936 0
    outer loop
      vertex 28.8666 30.4576 0
      vertex 29.1453 30.363 6
      vertex 28.8666 30.4576 6
    endloop
  endfacet
  facet normal -0.321421 -0.946936 -0
    outer loop
      vertex 29.1453 30.363 6
      vertex 28.8666 30.4576 0
      vertex 29.1453 30.363 0
    endloop
  endfacet
  facet normal 0.195005 -0.980802 0
    outer loop
      vertex 27.7019 30.4576 0
      vertex 27.9906 30.515 6
      vertex 27.7019 30.4576 6
    endloop
  endfacet
  facet normal 0.195005 -0.980802 0
    outer loop
      vertex 27.9906 30.515 6
      vertex 27.7019 30.4576 0
      vertex 27.9906 30.515 0
    endloop
  endfacet
  facet normal -0.751966 -0.659202 0
    outer loop
      vertex 30.0693 29.654 0
      vertex 29.8753 29.8753 6
      vertex 29.8753 29.8753 0
    endloop
  endfacet
  facet normal -0.751966 -0.659202 0
    outer loop
      vertex 29.8753 29.8753 6
      vertex 30.0693 29.654 0
      vertex 30.0693 29.654 6
    endloop
  endfacet
  facet normal -0.997848 0.0655719 0
    outer loop
      vertex 30.515 27.9906 0
      vertex 30.5343 28.2843 6
      vertex 30.5343 28.2843 0
    endloop
  endfacet
  facet normal -0.997848 0.0655719 0
    outer loop
      vertex 30.5343 28.2843 6
      vertex 30.515 27.9906 0
      vertex 30.515 27.9906 6
    endloop
  endfacet
  facet normal -0.659202 -0.751966 0
    outer loop
      vertex 29.654 30.0693 0
      vertex 29.8753 29.8753 6
      vertex 29.654 30.0693 6
    endloop
  endfacet
  facet normal -0.659202 -0.751966 -0
    outer loop
      vertex 29.8753 29.8753 6
      vertex 29.654 30.0693 0
      vertex 29.8753 29.8753 0
    endloop
  endfacet
  facet normal 0.195005 0.980802 -0
    outer loop
      vertex 27.9906 26.0535 0
      vertex 27.7019 26.1109 6
      vertex 27.9906 26.0535 6
    endloop
  endfacet
  facet normal 0.195005 0.980802 0
    outer loop
      vertex 27.7019 26.1109 6
      vertex 27.9906 26.0535 0
      vertex 27.7019 26.1109 0
    endloop
  endfacet
  facet normal -0.896793 0.44245 0
    outer loop
      vertex 30.2328 27.1593 0
      vertex 30.363 27.4232 6
      vertex 30.363 27.4232 0
    endloop
  endfacet
  facet normal -0.896793 0.44245 0
    outer loop
      vertex 30.363 27.4232 6
      vertex 30.2328 27.1593 0
      vertex 30.2328 27.1593 6
    endloop
  endfacet
  facet normal -0.555562 0.831475 0
    outer loop
      vertex 29.654 26.4992 0
      vertex 29.4093 26.3357 6
      vertex 29.654 26.4992 6
    endloop
  endfacet
  facet normal -0.555562 0.831475 0
    outer loop
      vertex 29.4093 26.3357 6
      vertex 29.654 26.4992 0
      vertex 29.4093 26.3357 0
    endloop
  endfacet
  facet normal 0.555562 0.831475 -0
    outer loop
      vertex 27.1593 26.3357 0
      vertex 26.9146 26.4992 6
      vertex 27.1593 26.3357 6
    endloop
  endfacet
  facet normal 0.555562 0.831475 0
    outer loop
      vertex 26.9146 26.4992 6
      vertex 27.1593 26.3357 0
      vertex 26.9146 26.4992 0
    endloop
  endfacet
  facet normal 0.44245 -0.896793 0
    outer loop
      vertex 27.1593 30.2328 0
      vertex 27.4232 30.363 6
      vertex 27.1593 30.2328 6
    endloop
  endfacet
  facet normal 0.44245 -0.896793 0
    outer loop
      vertex 27.4232 30.363 6
      vertex 27.1593 30.2328 0
      vertex 27.4232 30.363 0
    endloop
  endfacet
  facet normal 0.831475 -0.555562 0
    outer loop
      vertex 26.3357 29.4093 6
      vertex 26.4992 29.654 0
      vertex 26.4992 29.654 6
    endloop
  endfacet
  facet normal 0.831475 -0.555562 0
    outer loop
      vertex 26.4992 29.654 0
      vertex 26.3357 29.4093 6
      vertex 26.3357 29.4093 0
    endloop
  endfacet
  facet normal 0.89686 -0.442315 0
    outer loop
      vertex 26.2055 29.1453 6
      vertex 26.3357 29.4093 0
      vertex 26.3357 29.4093 6
    endloop
  endfacet
  facet normal 0.89686 -0.442315 0
    outer loop
      vertex 26.3357 29.4093 0
      vertex 26.2055 29.1453 6
      vertex 26.2055 29.1453 0
    endloop
  endfacet
  facet normal 0.896793 0.44245 0
    outer loop
      vertex 26.3357 27.1593 6
      vertex 26.2055 27.4232 0
      vertex 26.2055 27.4232 6
    endloop
  endfacet
  facet normal 0.896793 0.44245 0
    outer loop
      vertex 26.2055 27.4232 0
      vertex 26.3357 27.1593 6
      vertex 26.3357 27.1593 0
    endloop
  endfacet
  facet normal -0.751966 0.659202 0
    outer loop
      vertex 29.8753 26.6933 0
      vertex 30.0693 26.9146 6
      vertex 30.0693 26.9146 0
    endloop
  endfacet
  facet normal -0.751966 0.659202 0
    outer loop
      vertex 30.0693 26.9146 6
      vertex 29.8753 26.6933 0
      vertex 29.8753 26.6933 6
    endloop
  endfacet
  facet normal -0.0652336 0.99787 0
    outer loop
      vertex 28.578 26.0535 0
      vertex 28.2843 26.0343 6
      vertex 28.578 26.0535 6
    endloop
  endfacet
  facet normal -0.0652336 0.99787 0
    outer loop
      vertex 28.2843 26.0343 6
      vertex 28.578 26.0535 0
      vertex 28.2843 26.0343 0
    endloop
  endfacet
  facet normal 0.659202 -0.751966 0
    outer loop
      vertex 26.6933 29.8753 0
      vertex 26.9146 30.0693 6
      vertex 26.6933 29.8753 6
    endloop
  endfacet
  facet normal 0.659202 -0.751966 0
    outer loop
      vertex 26.9146 30.0693 6
      vertex 26.6933 29.8753 0
      vertex 26.9146 30.0693 0
    endloop
  endfacet
  facet normal -0.831475 0.555562 0
    outer loop
      vertex 30.0693 26.9146 0
      vertex 30.2328 27.1593 6
      vertex 30.2328 27.1593 0
    endloop
  endfacet
  facet normal -0.831475 0.555562 0
    outer loop
      vertex 30.2328 27.1593 6
      vertex 30.0693 26.9146 0
      vertex 30.0693 26.9146 6
    endloop
  endfacet
  facet normal -0.0655719 -0.997848 0
    outer loop
      vertex 28.2843 30.5343 0
      vertex 28.578 30.515 6
      vertex 28.2843 30.5343 6
    endloop
  endfacet
  facet normal -0.0655719 -0.997848 -0
    outer loop
      vertex 28.578 30.515 6
      vertex 28.2843 30.5343 0
      vertex 28.578 30.515 0
    endloop
  endfacet
  facet normal -0.19507 -0.980789 0
    outer loop
      vertex 28.578 30.515 0
      vertex 28.8666 30.4576 6
      vertex 28.578 30.515 6
    endloop
  endfacet
  facet normal -0.19507 -0.980789 -0
    outer loop
      vertex 28.8666 30.4576 6
      vertex 28.578 30.515 0
      vertex 28.8666 30.4576 0
    endloop
  endfacet
  facet normal 0.99787 0.0652336 0
    outer loop
      vertex 26.0535 27.9906 6
      vertex 26.0343 28.2843 0
      vertex 26.0343 28.2843 6
    endloop
  endfacet
  facet normal 0.99787 0.0652336 0
    outer loop
      vertex 26.0343 28.2843 0
      vertex 26.0535 27.9906 6
      vertex 26.0535 27.9906 0
    endloop
  endfacet
  facet normal 0.99787 -0.0652336 0
    outer loop
      vertex 26.0343 28.2843 6
      vertex 26.0535 28.578 0
      vertex 26.0535 28.578 6
    endloop
  endfacet
  facet normal 0.99787 -0.0652336 0
    outer loop
      vertex 26.0535 28.578 0
      vertex 26.0343 28.2843 6
      vertex 26.0343 28.2843 0
    endloop
  endfacet
  facet normal -0.980776 -0.195136 0
    outer loop
      vertex 2.23075 15.2937 0
      vertex 2.17333 15.5823 14
      vertex 2.17333 15.5823 0
    endloop
  endfacet
  facet normal -0.980776 -0.195136 0
    outer loop
      vertex 2.17333 15.5823 14
      vertex 2.23075 15.2937 0
      vertex 2.23075 15.2937 14
    endloop
  endfacet
  facet normal -0.997859 -0.0654027 0
    outer loop
      vertex 2.25 15 0
      vertex 2.23075 15.2937 14
      vertex 2.23075 15.2937 0
    endloop
  endfacet
  facet normal -0.997859 -0.0654027 0
    outer loop
      vertex 2.23075 15.2937 14
      vertex 2.25 15 0
      vertex 2.25 15 14
    endloop
  endfacet
  facet normal -0.946936 -0.321421 0
    outer loop
      vertex 2.17333 15.5823 0
      vertex 2.07873 15.861 14
      vertex 2.07873 15.861 0
    endloop
  endfacet
  facet normal -0.946936 -0.321421 0
    outer loop
      vertex 2.07873 15.861 14
      vertex 2.17333 15.5823 0
      vertex 2.17333 15.5823 14
    endloop
  endfacet
  facet normal -0.8969 -0.442233 0
    outer loop
      vertex 2.07873 15.861 0
      vertex 1.94856 16.125 14
      vertex 1.94856 16.125 0
    endloop
  endfacet
  facet normal -0.8969 -0.442233 0
    outer loop
      vertex 1.94856 16.125 14
      vertex 2.07873 15.861 0
      vertex 2.07873 15.861 14
    endloop
  endfacet
  facet normal -0.442091 -0.89697 0
    outer loop
      vertex 0.861037 17.0787 0
      vertex 1.125 16.9486 14
      vertex 0.861037 17.0787 14
    endloop
  endfacet
  facet normal -0.442091 -0.89697 -0
    outer loop
      vertex 1.125 16.9486 14
      vertex 0.861037 17.0787 0
      vertex 1.125 16.9486 0
    endloop
  endfacet
  facet normal -0.0652373 0.99787 0
    outer loop
      vertex 0.293683 12.7692 0
      vertex 0 12.75 14
      vertex 0.293683 12.7692 14
    endloop
  endfacet
  facet normal -0.0652373 0.99787 0
    outer loop
      vertex 0 12.75 14
      vertex 0.293683 12.7692 0
      vertex 0 12.75 0
    endloop
  endfacet
  facet normal -0.321427 0.946934 0
    outer loop
      vertex 0.861037 12.9213 0
      vertex 0.582342 12.8267 14
      vertex 0.861037 12.9213 14
    endloop
  endfacet
  facet normal -0.321427 0.946934 0
    outer loop
      vertex 0.582342 12.8267 14
      vertex 0.861037 12.9213 0
      vertex 0.582342 12.8267 0
    endloop
  endfacet
  facet normal -0.980776 0.195136 0
    outer loop
      vertex 2.17333 14.4177 0
      vertex 2.23075 14.7063 14
      vertex 2.23075 14.7063 0
    endloop
  endfacet
  facet normal -0.980776 0.195136 0
    outer loop
      vertex 2.23075 14.7063 14
      vertex 2.17333 14.4177 0
      vertex 2.17333 14.4177 14
    endloop
  endfacet
  facet normal -0.555782 -0.831328 0
    outer loop
      vertex 1.125 16.9486 0
      vertex 1.36971 16.785 14
      vertex 1.125 16.9486 14
    endloop
  endfacet
  facet normal -0.555782 -0.831328 -0
    outer loop
      vertex 1.36971 16.785 14
      vertex 1.125 16.9486 0
      vertex 1.36971 16.785 0
    endloop
  endfacet
  facet normal -0.946936 0.321421 0
    outer loop
      vertex 2.07873 14.139 0
      vertex 2.17333 14.4177 14
      vertex 2.17333 14.4177 0
    endloop
  endfacet
  facet normal -0.946936 0.321421 0
    outer loop
      vertex 2.17333 14.4177 14
      vertex 2.07873 14.139 0
      vertex 2.07873 14.139 14
    endloop
  endfacet
  facet normal -0.442091 0.89697 0
    outer loop
      vertex 1.125 13.0514 0
      vertex 0.861037 12.9213 14
      vertex 1.125 13.0514 14
    endloop
  endfacet
  facet normal -0.442091 0.89697 0
    outer loop
      vertex 0.861037 12.9213 14
      vertex 1.125 13.0514 0
      vertex 0.861037 12.9213 0
    endloop
  endfacet
  facet normal -0.195359 0.980732 0
    outer loop
      vertex 0.582342 12.8267 0
      vertex 0.293683 12.7692 14
      vertex 0.582342 12.8267 14
    endloop
  endfacet
  facet normal -0.195359 0.980732 0
    outer loop
      vertex 0.293683 12.7692 14
      vertex 0.582342 12.8267 0
      vertex 0.293683 12.7692 0
    endloop
  endfacet
  facet normal -0.751882 0.659298 0
    outer loop
      vertex 1.59099 13.409 0
      vertex 1.78504 13.6303 14
      vertex 1.78504 13.6303 0
    endloop
  endfacet
  facet normal -0.751882 0.659298 0
    outer loop
      vertex 1.78504 13.6303 14
      vertex 1.59099 13.409 0
      vertex 1.59099 13.409 14
    endloop
  endfacet
  facet normal -0.831443 -0.555609 0
    outer loop
      vertex 1.94856 16.125 0
      vertex 1.78504 16.3697 14
      vertex 1.78504 16.3697 0
    endloop
  endfacet
  facet normal -0.831443 -0.555609 0
    outer loop
      vertex 1.78504 16.3697 14
      vertex 1.94856 16.125 0
      vertex 1.94856 16.125 14
    endloop
  endfacet
  facet normal -0.321427 -0.946934 0
    outer loop
      vertex 0.582342 17.1733 0
      vertex 0.861037 17.0787 14
      vertex 0.582342 17.1733 14
    endloop
  endfacet
  facet normal -0.321427 -0.946934 -0
    outer loop
      vertex 0.861037 17.0787 14
      vertex 0.582342 17.1733 0
      vertex 0.861037 17.0787 0
    endloop
  endfacet
  facet normal -0.751882 -0.659298 0
    outer loop
      vertex 1.78504 16.3697 0
      vertex 1.59099 16.591 14
      vertex 1.59099 16.591 0
    endloop
  endfacet
  facet normal -0.751882 -0.659298 0
    outer loop
      vertex 1.59099 16.591 14
      vertex 1.78504 16.3697 0
      vertex 1.78504 16.3697 14
    endloop
  endfacet
  facet normal -0.997859 0.0654027 0
    outer loop
      vertex 2.23075 14.7063 0
      vertex 2.25 15 14
      vertex 2.25 15 0
    endloop
  endfacet
  facet normal -0.997859 0.0654027 0
    outer loop
      vertex 2.25 15 14
      vertex 2.23075 14.7063 0
      vertex 2.23075 14.7063 14
    endloop
  endfacet
  facet normal -0.659236 -0.751936 0
    outer loop
      vertex 1.36971 16.785 0
      vertex 1.59099 16.591 14
      vertex 1.36971 16.785 14
    endloop
  endfacet
  facet normal -0.659236 -0.751936 -0
    outer loop
      vertex 1.59099 16.591 14
      vertex 1.36971 16.785 0
      vertex 1.59099 16.591 0
    endloop
  endfacet
  facet normal -0.8969 0.442233 0
    outer loop
      vertex 1.94856 13.875 0
      vertex 2.07873 14.139 14
      vertex 2.07873 14.139 0
    endloop
  endfacet
  facet normal -0.8969 0.442233 0
    outer loop
      vertex 2.07873 14.139 14
      vertex 1.94856 13.875 0
      vertex 1.94856 13.875 14
    endloop
  endfacet
  facet normal -0.555782 0.831328 0
    outer loop
      vertex 1.36971 13.215 0
      vertex 1.125 13.0514 14
      vertex 1.36971 13.215 14
    endloop
  endfacet
  facet normal -0.555782 0.831328 0
    outer loop
      vertex 1.125 13.0514 14
      vertex 1.36971 13.215 0
      vertex 1.125 13.0514 0
    endloop
  endfacet
  facet normal -0.659236 0.751936 0
    outer loop
      vertex 1.59099 13.409 0
      vertex 1.36971 13.215 14
      vertex 1.59099 13.409 14
    endloop
  endfacet
  facet normal -0.659236 0.751936 0
    outer loop
      vertex 1.36971 13.215 14
      vertex 1.59099 13.409 0
      vertex 1.36971 13.215 0
    endloop
  endfacet
  facet normal -0.831443 0.555609 0
    outer loop
      vertex 1.78504 13.6303 0
      vertex 1.94856 13.875 14
      vertex 1.94856 13.875 0
    endloop
  endfacet
  facet normal -0.831443 0.555609 0
    outer loop
      vertex 1.94856 13.875 14
      vertex 1.78504 13.6303 0
      vertex 1.78504 13.6303 14
    endloop
  endfacet
  facet normal -0.0652373 -0.99787 0
    outer loop
      vertex 0 17.25 0
      vertex 0.293683 17.2308 14
      vertex 0 17.25 14
    endloop
  endfacet
  facet normal -0.0652373 -0.99787 -0
    outer loop
      vertex 0.293683 17.2308 14
      vertex 0 17.25 0
      vertex 0.293683 17.2308 0
    endloop
  endfacet
  facet normal -0.195359 -0.980732 0
    outer loop
      vertex 0.293683 17.2308 0
      vertex 0.582342 17.1733 14
      vertex 0.293683 17.2308 14
    endloop
  endfacet
  facet normal -0.195359 -0.980732 -0
    outer loop
      vertex 0.582342 17.1733 14
      vertex 0.293683 17.2308 0
      vertex 0.582342 17.1733 0
    endloop
  endfacet
  facet normal -0.980732 -0.195359 0
    outer loop
      vertex 22.2308 0.293683 0
      vertex 22.1733 0.582342 14
      vertex 22.1733 0.582342 0
    endloop
  endfacet
  facet normal -0.980732 -0.195359 0
    outer loop
      vertex 22.1733 0.582342 14
      vertex 22.2308 0.293683 0
      vertex 22.2308 0.293683 14
    endloop
  endfacet
  facet normal -0.99787 -0.0652373 0
    outer loop
      vertex 22.25 0 0
      vertex 22.2308 0.293683 14
      vertex 22.2308 0.293683 0
    endloop
  endfacet
  facet normal -0.99787 -0.0652373 0
    outer loop
      vertex 22.2308 0.293683 14
      vertex 22.25 0 0
      vertex 22.25 0 14
    endloop
  endfacet
  facet normal -0.946934 -0.321427 0
    outer loop
      vertex 22.1733 0.582342 0
      vertex 22.0787 0.861037 14
      vertex 22.0787 0.861037 0
    endloop
  endfacet
  facet normal -0.946934 -0.321427 0
    outer loop
      vertex 22.0787 0.861037 14
      vertex 22.1733 0.582342 0
      vertex 22.1733 0.582342 14
    endloop
  endfacet
  facet normal 0.659298 -0.751882 0
    outer loop
      vertex 18.409 1.59099 0
      vertex 18.6303 1.78504 14
      vertex 18.409 1.59099 14
    endloop
  endfacet
  facet normal 0.659298 -0.751882 0
    outer loop
      vertex 18.6303 1.78504 14
      vertex 18.409 1.59099 0
      vertex 18.6303 1.78504 0
    endloop
  endfacet
  facet normal -0.89697 -0.442091 0
    outer loop
      vertex 22.0787 0.861037 0
      vertex 21.9486 1.125 14
      vertex 21.9486 1.125 0
    endloop
  endfacet
  facet normal -0.89697 -0.442091 0
    outer loop
      vertex 21.9486 1.125 14
      vertex 22.0787 0.861037 0
      vertex 22.0787 0.861037 14
    endloop
  endfacet
  facet normal -0.751936 -0.659236 0
    outer loop
      vertex 21.785 1.36971 0
      vertex 21.591 1.59099 14
      vertex 21.591 1.59099 0
    endloop
  endfacet
  facet normal -0.751936 -0.659236 0
    outer loop
      vertex 21.591 1.59099 14
      vertex 21.785 1.36971 0
      vertex 21.785 1.36971 14
    endloop
  endfacet
  facet normal -0.0654027 -0.997859 0
    outer loop
      vertex 20 2.25 0
      vertex 20.2937 2.23075 14
      vertex 20 2.25 14
    endloop
  endfacet
  facet normal -0.0654027 -0.997859 -0
    outer loop
      vertex 20.2937 2.23075 14
      vertex 20 2.25 0
      vertex 20.2937 2.23075 0
    endloop
  endfacet
  facet normal 0.751936 -0.659236 0
    outer loop
      vertex 18.215 1.36971 14
      vertex 18.409 1.59099 0
      vertex 18.409 1.59099 14
    endloop
  endfacet
  facet normal 0.751936 -0.659236 0
    outer loop
      vertex 18.409 1.59099 0
      vertex 18.215 1.36971 14
      vertex 18.215 1.36971 0
    endloop
  endfacet
  facet normal 0.0654027 -0.997859 0
    outer loop
      vertex 19.7063 2.23075 0
      vertex 20 2.25 14
      vertex 19.7063 2.23075 14
    endloop
  endfacet
  facet normal 0.0654027 -0.997859 0
    outer loop
      vertex 20 2.25 14
      vertex 19.7063 2.23075 0
      vertex 20 2.25 0
    endloop
  endfacet
  facet normal -0.555609 -0.831443 0
    outer loop
      vertex 21.125 1.94856 0
      vertex 21.3697 1.78504 14
      vertex 21.125 1.94856 14
    endloop
  endfacet
  facet normal -0.555609 -0.831443 -0
    outer loop
      vertex 21.3697 1.78504 14
      vertex 21.125 1.94856 0
      vertex 21.3697 1.78504 0
    endloop
  endfacet
  facet normal 0.442233 -0.8969 0
    outer loop
      vertex 18.875 1.94856 0
      vertex 19.139 2.07873 14
      vertex 18.875 1.94856 14
    endloop
  endfacet
  facet normal 0.442233 -0.8969 0
    outer loop
      vertex 19.139 2.07873 14
      vertex 18.875 1.94856 0
      vertex 19.139 2.07873 0
    endloop
  endfacet
  facet normal -0.831328 -0.555782 0
    outer loop
      vertex 21.9486 1.125 0
      vertex 21.785 1.36971 14
      vertex 21.785 1.36971 0
    endloop
  endfacet
  facet normal -0.831328 -0.555782 0
    outer loop
      vertex 21.785 1.36971 14
      vertex 21.9486 1.125 0
      vertex 21.9486 1.125 14
    endloop
  endfacet
  facet normal -0.659298 -0.751882 0
    outer loop
      vertex 21.3697 1.78504 0
      vertex 21.591 1.59099 14
      vertex 21.3697 1.78504 14
    endloop
  endfacet
  facet normal -0.659298 -0.751882 -0
    outer loop
      vertex 21.591 1.59099 14
      vertex 21.3697 1.78504 0
      vertex 21.591 1.59099 0
    endloop
  endfacet
  facet normal 0.555609 -0.831443 0
    outer loop
      vertex 18.6303 1.78504 0
      vertex 18.875 1.94856 14
      vertex 18.6303 1.78504 14
    endloop
  endfacet
  facet normal 0.555609 -0.831443 0
    outer loop
      vertex 18.875 1.94856 14
      vertex 18.6303 1.78504 0
      vertex 18.875 1.94856 0
    endloop
  endfacet
  facet normal -0.442233 -0.8969 0
    outer loop
      vertex 20.861 2.07873 0
      vertex 21.125 1.94856 14
      vertex 20.861 2.07873 14
    endloop
  endfacet
  facet normal -0.442233 -0.8969 -0
    outer loop
      vertex 21.125 1.94856 14
      vertex 20.861 2.07873 0
      vertex 21.125 1.94856 0
    endloop
  endfacet
  facet normal -0.321421 -0.946936 0
    outer loop
      vertex 20.5823 2.17333 0
      vertex 20.861 2.07873 14
      vertex 20.5823 2.17333 14
    endloop
  endfacet
  facet normal -0.321421 -0.946936 -0
    outer loop
      vertex 20.861 2.07873 14
      vertex 20.5823 2.17333 0
      vertex 20.861 2.07873 0
    endloop
  endfacet
  facet normal 0.980732 -0.195359 0
    outer loop
      vertex 17.7692 0.293683 14
      vertex 17.8267 0.582342 0
      vertex 17.8267 0.582342 14
    endloop
  endfacet
  facet normal 0.980732 -0.195359 0
    outer loop
      vertex 17.8267 0.582342 0
      vertex 17.7692 0.293683 14
      vertex 17.7692 0.293683 0
    endloop
  endfacet
  facet normal -0.195136 -0.980776 0
    outer loop
      vertex 20.2937 2.23075 0
      vertex 20.5823 2.17333 14
      vertex 20.2937 2.23075 14
    endloop
  endfacet
  facet normal -0.195136 -0.980776 -0
    outer loop
      vertex 20.5823 2.17333 14
      vertex 20.2937 2.23075 0
      vertex 20.5823 2.17333 0
    endloop
  endfacet
  facet normal 0.89697 -0.442091 0
    outer loop
      vertex 17.9213 0.861037 14
      vertex 18.0514 1.125 0
      vertex 18.0514 1.125 14
    endloop
  endfacet
  facet normal 0.89697 -0.442091 0
    outer loop
      vertex 18.0514 1.125 0
      vertex 17.9213 0.861037 14
      vertex 17.9213 0.861037 0
    endloop
  endfacet
  facet normal 0.99787 -0.0652373 0
    outer loop
      vertex 17.75 0 14
      vertex 17.7692 0.293683 0
      vertex 17.7692 0.293683 14
    endloop
  endfacet
  facet normal 0.99787 -0.0652373 0
    outer loop
      vertex 17.7692 0.293683 0
      vertex 17.75 0 14
      vertex 17.75 0 0
    endloop
  endfacet
  facet normal 0.195136 -0.980776 0
    outer loop
      vertex 19.4177 2.17333 0
      vertex 19.7063 2.23075 14
      vertex 19.4177 2.17333 14
    endloop
  endfacet
  facet normal 0.195136 -0.980776 0
    outer loop
      vertex 19.7063 2.23075 14
      vertex 19.4177 2.17333 0
      vertex 19.7063 2.23075 0
    endloop
  endfacet
  facet normal 0.321421 -0.946936 0
    outer loop
      vertex 19.139 2.07873 0
      vertex 19.4177 2.17333 14
      vertex 19.139 2.07873 14
    endloop
  endfacet
  facet normal 0.321421 -0.946936 0
    outer loop
      vertex 19.4177 2.17333 14
      vertex 19.139 2.07873 0
      vertex 19.4177 2.17333 0
    endloop
  endfacet
  facet normal 0.831328 -0.555782 0
    outer loop
      vertex 18.0514 1.125 14
      vertex 18.215 1.36971 0
      vertex 18.215 1.36971 14
    endloop
  endfacet
  facet normal 0.831328 -0.555782 0
    outer loop
      vertex 18.215 1.36971 0
      vertex 18.0514 1.125 14
      vertex 18.0514 1.125 0
    endloop
  endfacet
  facet normal 0.946934 -0.321427 0
    outer loop
      vertex 17.8267 0.582342 14
      vertex 17.9213 0.861037 0
      vertex 17.9213 0.861037 14
    endloop
  endfacet
  facet normal 0.946934 -0.321427 0
    outer loop
      vertex 17.9213 0.861037 0
      vertex 17.8267 0.582342 14
      vertex 17.8267 0.582342 0
    endloop
  endfacet
  facet normal -0.980405 -0.196992 0
    outer loop
      vertex 112.231 0.293683 0
      vertex 112.173 0.582342 14
      vertex 112.173 0.582342 0
    endloop
  endfacet
  facet normal -0.980405 -0.196992 0
    outer loop
      vertex 112.173 0.582342 14
      vertex 112.231 0.293683 0
      vertex 112.231 0.293683 14
    endloop
  endfacet
  facet normal -0.997914 -0.0645606 0
    outer loop
      vertex 112.25 0 0
      vertex 112.231 0.293683 14
      vertex 112.231 0.293683 0
    endloop
  endfacet
  facet normal -0.997914 -0.0645606 0
    outer loop
      vertex 112.231 0.293683 14
      vertex 112.25 0 0
      vertex 112.25 0 14
    endloop
  endfacet
  facet normal -0.947554 -0.319597 0
    outer loop
      vertex 112.173 0.582342 0
      vertex 112.079 0.861037 14
      vertex 112.079 0.861037 0
    endloop
  endfacet
  facet normal -0.947554 -0.319597 0
    outer loop
      vertex 112.079 0.861037 14
      vertex 112.173 0.582342 0
      vertex 112.173 0.582342 14
    endloop
  endfacet
  facet normal 0.659804 -0.751438 0
    outer loop
      vertex 108.409 1.59099 0
      vertex 108.63 1.78504 14
      vertex 108.409 1.59099 14
    endloop
  endfacet
  facet normal 0.659804 -0.751438 0
    outer loop
      vertex 108.63 1.78504 14
      vertex 108.409 1.59099 0
      vertex 108.63 1.78504 0
    endloop
  endfacet
  facet normal -0.897105 -0.441818 0
    outer loop
      vertex 112.079 0.861037 0
      vertex 111.949 1.125 14
      vertex 111.949 1.125 0
    endloop
  endfacet
  facet normal -0.897105 -0.441818 0
    outer loop
      vertex 111.949 1.125 14
      vertex 112.079 0.861037 0
      vertex 112.079 0.861037 14
    endloop
  endfacet
  facet normal -0.751936 -0.659236 0
    outer loop
      vertex 111.785 1.36971 0
      vertex 111.591 1.59099 14
      vertex 111.591 1.59099 0
    endloop
  endfacet
  facet normal -0.751936 -0.659236 0
    outer loop
      vertex 111.591 1.59099 14
      vertex 111.785 1.36971 0
      vertex 111.785 1.36971 14
    endloop
  endfacet
  facet normal -0.0653363 -0.997863 0
    outer loop
      vertex 110 2.25 0
      vertex 110.294 2.23075 14
      vertex 110 2.25 14
    endloop
  endfacet
  facet normal -0.0653363 -0.997863 -0
    outer loop
      vertex 110.294 2.23075 14
      vertex 110 2.25 0
      vertex 110.294 2.23075 0
    endloop
  endfacet
  facet normal 0.751936 -0.659236 0
    outer loop
      vertex 108.215 1.36971 14
      vertex 108.409 1.59099 0
      vertex 108.409 1.59099 14
    endloop
  endfacet
  facet normal 0.751936 -0.659236 0
    outer loop
      vertex 108.409 1.59099 0
      vertex 108.215 1.36971 14
      vertex 108.215 1.36971 0
    endloop
  endfacet
  facet normal 0.0653363 -0.997863 0
    outer loop
      vertex 109.706 2.23075 0
      vertex 110 2.25 14
      vertex 109.706 2.23075 14
    endloop
  endfacet
  facet normal 0.0653363 -0.997863 0
    outer loop
      vertex 110 2.25 14
      vertex 109.706 2.23075 0
      vertex 110 2.25 0
    endloop
  endfacet
  facet normal -0.555139 -0.831758 0
    outer loop
      vertex 111.125 1.94856 0
      vertex 111.37 1.78504 14
      vertex 111.125 1.94856 14
    endloop
  endfacet
  facet normal -0.555139 -0.831758 -0
    outer loop
      vertex 111.37 1.78504 14
      vertex 111.125 1.94856 0
      vertex 111.37 1.78504 0
    endloop
  endfacet
  facet normal 0.442233 -0.8969 0
    outer loop
      vertex 108.875 1.94856 0
      vertex 109.139 2.07873 14
      vertex 108.875 1.94856 14
    endloop
  endfacet
  facet normal 0.442233 -0.8969 0
    outer loop
      vertex 109.139 2.07873 14
      vertex 108.875 1.94856 0
      vertex 109.139 2.07873 0
    endloop
  endfacet
  facet normal -0.8307 -0.55672 0
    outer loop
      vertex 111.949 1.125 0
      vertex 111.785 1.36971 14
      vertex 111.785 1.36971 0
    endloop
  endfacet
  facet normal -0.8307 -0.55672 0
    outer loop
      vertex 111.785 1.36971 14
      vertex 111.949 1.125 0
      vertex 111.949 1.125 14
    endloop
  endfacet
  facet normal -0.659804 -0.751438 0
    outer loop
      vertex 111.37 1.78504 0
      vertex 111.591 1.59099 14
      vertex 111.37 1.78504 14
    endloop
  endfacet
  facet normal -0.659804 -0.751438 -0
    outer loop
      vertex 111.591 1.59099 14
      vertex 111.37 1.78504 0
      vertex 111.591 1.59099 0
    endloop
  endfacet
  facet normal 0.555139 -0.831758 0
    outer loop
      vertex 108.63 1.78504 0
      vertex 108.875 1.94856 14
      vertex 108.63 1.78504 14
    endloop
  endfacet
  facet normal 0.555139 -0.831758 0
    outer loop
      vertex 108.875 1.94856 14
      vertex 108.63 1.78504 0
      vertex 108.875 1.94856 0
    endloop
  endfacet
  facet normal -0.442233 -0.8969 0
    outer loop
      vertex 110.861 2.07873 0
      vertex 111.125 1.94856 14
      vertex 110.861 2.07873 14
    endloop
  endfacet
  facet normal -0.442233 -0.8969 -0
    outer loop
      vertex 111.125 1.94856 14
      vertex 110.861 2.07873 0
      vertex 111.125 1.94856 0
    endloop
  endfacet
  facet normal -0.321112 -0.947041 0
    outer loop
      vertex 110.582 2.17333 0
      vertex 110.861 2.07873 14
      vertex 110.582 2.17333 14
    endloop
  endfacet
  facet normal -0.321112 -0.947041 -0
    outer loop
      vertex 110.861 2.07873 14
      vertex 110.582 2.17333 0
      vertex 110.861 2.07873 0
    endloop
  endfacet
  facet normal 0.980405 -0.196992 0
    outer loop
      vertex 107.769 0.293683 14
      vertex 107.827 0.582342 0
      vertex 107.827 0.582342 14
    endloop
  endfacet
  facet normal 0.980405 -0.196992 0
    outer loop
      vertex 107.827 0.582342 0
      vertex 107.769 0.293683 14
      vertex 107.769 0.293683 0
    endloop
  endfacet
  facet normal -0.195527 -0.980698 0
    outer loop
      vertex 110.294 2.23075 0
      vertex 110.582 2.17333 14
      vertex 110.294 2.23075 14
    endloop
  endfacet
  facet normal -0.195527 -0.980698 -0
    outer loop
      vertex 110.582 2.17333 14
      vertex 110.294 2.23075 0
      vertex 110.582 2.17333 0
    endloop
  endfacet
  facet normal 0.897105 -0.441818 0
    outer loop
      vertex 107.921 0.861037 14
      vertex 108.051 1.125 0
      vertex 108.051 1.125 14
    endloop
  endfacet
  facet normal 0.897105 -0.441818 0
    outer loop
      vertex 108.051 1.125 0
      vertex 107.921 0.861037 14
      vertex 107.921 0.861037 0
    endloop
  endfacet
  facet normal 0.997914 -0.0645606 0
    outer loop
      vertex 107.75 0 14
      vertex 107.769 0.293683 0
      vertex 107.769 0.293683 14
    endloop
  endfacet
  facet normal 0.997914 -0.0645606 0
    outer loop
      vertex 107.769 0.293683 0
      vertex 107.75 0 14
      vertex 107.75 0 0
    endloop
  endfacet
  facet normal 0.195527 -0.980698 0
    outer loop
      vertex 109.418 2.17333 0
      vertex 109.706 2.23075 14
      vertex 109.418 2.17333 14
    endloop
  endfacet
  facet normal 0.195527 -0.980698 0
    outer loop
      vertex 109.706 2.23075 14
      vertex 109.418 2.17333 0
      vertex 109.706 2.23075 0
    endloop
  endfacet
  facet normal 0.321112 -0.947041 0
    outer loop
      vertex 109.139 2.07873 0
      vertex 109.418 2.17333 14
      vertex 109.139 2.07873 14
    endloop
  endfacet
  facet normal 0.321112 -0.947041 0
    outer loop
      vertex 109.418 2.17333 14
      vertex 109.139 2.07873 0
      vertex 109.418 2.17333 0
    endloop
  endfacet
  facet normal 0.8307 -0.55672 0
    outer loop
      vertex 108.051 1.125 14
      vertex 108.215 1.36971 0
      vertex 108.215 1.36971 14
    endloop
  endfacet
  facet normal 0.8307 -0.55672 0
    outer loop
      vertex 108.215 1.36971 0
      vertex 108.051 1.125 14
      vertex 108.051 1.125 0
    endloop
  endfacet
  facet normal 0.947554 -0.319597 0
    outer loop
      vertex 107.827 0.582342 14
      vertex 107.921 0.861037 0
      vertex 107.921 0.861037 14
    endloop
  endfacet
  facet normal 0.947554 -0.319597 0
    outer loop
      vertex 107.921 0.861037 0
      vertex 107.827 0.582342 14
      vertex 107.827 0.582342 0
    endloop
  endfacet
  facet normal -0.98081 -0.194968 0
    outer loop
      vertex 195.817 197.503 0
      vertex 195.719 197.996 5
      vertex 195.719 197.996 0
    endloop
  endfacet
  facet normal -0.98081 -0.194968 0
    outer loop
      vertex 195.719 197.996 5
      vertex 195.817 197.503 0
      vertex 195.817 197.503 5
    endloop
  endfacet
  facet normal -0.997855 -0.0654656 0
    outer loop
      vertex 195.85 197 0
      vertex 195.817 197.503 5
      vertex 195.817 197.503 0
    endloop
  endfacet
  facet normal -0.997855 -0.0654656 0
    outer loop
      vertex 195.817 197.503 5
      vertex 195.85 197 0
      vertex 195.85 197 5
    endloop
  endfacet
  facet normal 0.751344 0.659911 0
    outer loop
      vertex 189.278 194.278 5
      vertex 188.946 194.656 0
      vertex 188.946 194.656 5
    endloop
  endfacet
  facet normal 0.751344 0.659911 0
    outer loop
      vertex 188.946 194.656 0
      vertex 189.278 194.278 5
      vertex 189.278 194.278 0
    endloop
  endfacet
  facet normal 0.896795 0.442446 0
    outer loop
      vertex 188.666 195.075 5
      vertex 188.443 195.527 0
      vertex 188.443 195.527 5
    endloop
  endfacet
  facet normal 0.896795 0.442446 0
    outer loop
      vertex 188.443 195.527 0
      vertex 188.666 195.075 5
      vertex 188.666 195.075 0
    endloop
  endfacet
  facet normal 0 0 -1
    outer loop
      vertex 195.817 196.497 5
      vertex 195.817 197.503 5
      vertex 195.85 197 5
    endloop
  endfacet
  facet normal 0 0 -1
    outer loop
      vertex 195.719 196.004 5
      vertex 195.817 197.503 5
      vertex 195.817 196.497 5
    endloop
  endfacet
  facet normal 0 0 -1
    outer loop
      vertex 195.719 196.004 5
      vertex 195.719 197.996 5
      vertex 195.817 197.503 5
    endloop
  endfacet
  facet normal 0 0 -1
    outer loop
      vertex 195.557 195.527 5
      vertex 195.719 197.996 5
      vertex 195.719 196.004 5
    endloop
  endfacet
  facet normal 0 0 -1
    outer loop
      vertex 195.557 195.527 5
      vertex 195.557 198.473 5
      vertex 195.719 197.996 5
    endloop
  endfacet
  facet normal 0 0 -1
    outer loop
      vertex 195.334 195.075 5
      vertex 195.557 198.473 5
      vertex 195.557 195.527 5
    endloop
  endfacet
  facet normal 0 0 -1
    outer loop
      vertex 195.334 195.075 5
      vertex 195.334 198.925 5
      vertex 195.557 198.473 5
    endloop
  endfacet
  facet normal 0 0 -1
    outer loop
      vertex 195.054 194.656 5
      vertex 195.334 198.925 5
      vertex 195.334 195.075 5
    endloop
  endfacet
  facet normal 0 0 -1
    outer loop
      vertex 195.054 194.656 5
      vertex 195.054 199.344 5
      vertex 195.334 198.925 5
    endloop
  endfacet
  facet normal 0 0 -1
    outer loop
      vertex 194.722 194.278 5
      vertex 195.054 199.344 5
      vertex 195.054 194.656 5
    endloop
  endfacet
  facet normal 0 0 -1
    outer loop
      vertex 194.722 194.278 5
      vertex 194.722 199.722 5
      vertex 195.054 199.344 5
    endloop
  endfacet
  facet normal 0 0 -1
    outer loop
      vertex 194.344 193.946 5
      vertex 194.722 199.722 5
      vertex 194.722 194.278 5
    endloop
  endfacet
  facet normal 0 0 -1
    outer loop
      vertex 194.344 193.946 5
      vertex 194.344 200.054 5
      vertex 194.722 199.722 5
    endloop
  endfacet
  facet normal 0 0 -1
    outer loop
      vertex 193.925 193.666 5
      vertex 194.344 200.054 5
      vertex 194.344 193.946 5
    endloop
  endfacet
  facet normal 0 0 -1
    outer loop
      vertex 193.925 193.666 5
      vertex 193.925 200.334 5
      vertex 194.344 200.054 5
    endloop
  endfacet
  facet normal 0 0 -1
    outer loop
      vertex 193.473 193.443 5
      vertex 193.925 200.334 5
      vertex 193.925 193.666 5
    endloop
  endfacet
  facet normal 0 0 -1
    outer loop
      vertex 193.473 193.443 5
      vertex 193.473 200.557 5
      vertex 193.925 200.334 5
    endloop
  endfacet
  facet normal 0 0 -1
    outer loop
      vertex 192.996 193.281 5
      vertex 193.473 200.557 5
      vertex 193.473 193.443 5
    endloop
  endfacet
  facet normal 0 0 -1
    outer loop
      vertex 192.996 193.281 5
      vertex 192.996 200.719 5
      vertex 193.473 200.557 5
    endloop
  endfacet
  facet normal 0 0 -1
    outer loop
      vertex 192.503 193.183 5
      vertex 192.996 200.719 5
      vertex 192.996 193.281 5
    endloop
  endfacet
  facet normal 0 0 -1
    outer loop
      vertex 192.503 193.183 5
      vertex 192.503 200.817 5
      vertex 192.996 200.719 5
    endloop
  endfacet
  facet normal 0 0 -1
    outer loop
      vertex 192 193.15 5
      vertex 192.503 200.817 5
      vertex 192.503 193.183 5
    endloop
  endfacet
  facet normal 0 0 -1
    outer loop
      vertex 192 193.15 5
      vertex 192 200.85 5
      vertex 192.503 200.817 5
    endloop
  endfacet
  facet normal 0 0 -1
    outer loop
      vertex 191.497 193.183 5
      vertex 192 200.85 5
      vertex 192 193.15 5
    endloop
  endfacet
  facet normal 0 0 -1
    outer loop
      vertex 191.497 193.183 5
      vertex 191.497 200.817 5
      vertex 192 200.85 5
    endloop
  endfacet
  facet normal 0 0 -1
    outer loop
      vertex 191.004 193.281 5
      vertex 191.497 200.817 5
      vertex 191.497 193.183 5
    endloop
  endfacet
  facet normal 0 0 -1
    outer loop
      vertex 191.004 193.281 5
      vertex 191.004 200.719 5
      vertex 191.497 200.817 5
    endloop
  endfacet
  facet normal 0 0 -1
    outer loop
      vertex 190.527 193.443 5
      vertex 191.004 200.719 5
      vertex 191.004 193.281 5
    endloop
  endfacet
  facet normal 0 0 -1
    outer loop
      vertex 190.527 193.443 5
      vertex 190.527 200.557 5
      vertex 191.004 200.719 5
    endloop
  endfacet
  facet normal 0 0 -1
    outer loop
      vertex 190.075 193.666 5
      vertex 190.527 200.557 5
      vertex 190.527 193.443 5
    endloop
  endfacet
  facet normal 0 0 -1
    outer loop
      vertex 190.075 193.666 5
      vertex 190.075 200.334 5
      vertex 190.527 200.557 5
    endloop
  endfacet
  facet normal 0 0 -1
    outer loop
      vertex 189.656 193.946 5
      vertex 190.075 200.334 5
      vertex 190.075 193.666 5
    endloop
  endfacet
  facet normal 0 0 -1
    outer loop
      vertex 189.656 193.946 5
      vertex 189.656 200.054 5
      vertex 190.075 200.334 5
    endloop
  endfacet
  facet normal 0 0 -1
    outer loop
      vertex 189.278 194.278 5
      vertex 189.656 200.054 5
      vertex 189.656 193.946 5
    endloop
  endfacet
  facet normal 0 0 -1
    outer loop
      vertex 189.278 194.278 5
      vertex 189.278 199.722 5
      vertex 189.656 200.054 5
    endloop
  endfacet
  facet normal 0 0 -1
    outer loop
      vertex 188.946 194.656 5
      vertex 189.278 199.722 5
      vertex 189.278 194.278 5
    endloop
  endfacet
  facet normal 0 0 -1
    outer loop
      vertex 188.946 194.656 5
      vertex 188.946 199.344 5
      vertex 189.278 199.722 5
    endloop
  endfacet
  facet normal 0 0 -1
    outer loop
      vertex 188.666 195.075 5
      vertex 188.946 199.344 5
      vertex 188.946 194.656 5
    endloop
  endfacet
  facet normal 0 0 -1
    outer loop
      vertex 188.666 195.075 5
      vertex 188.666 198.925 5
      vertex 188.946 199.344 5
    endloop
  endfacet
  facet normal 0 0 -1
    outer loop
      vertex 188.443 195.527 5
      vertex 188.666 198.925 5
      vertex 188.666 195.075 5
    endloop
  endfacet
  facet normal 0 0 -1
    outer loop
      vertex 188.443 195.527 5
      vertex 188.443 198.473 5
      vertex 188.666 198.925 5
    endloop
  endfacet
  facet normal 0 0 -1
    outer loop
      vertex 188.281 196.004 5
      vertex 188.443 198.473 5
      vertex 188.443 195.527 5
    endloop
  endfacet
  facet normal 0 0 -1
    outer loop
      vertex 188.281 196.004 5
      vertex 188.281 197.996 5
      vertex 188.443 198.473 5
    endloop
  endfacet
  facet normal 0 0 -1
    outer loop
      vertex 188.183 196.497 5
      vertex 188.281 197.996 5
      vertex 188.281 196.004 5
    endloop
  endfacet
  facet normal 0 0 -1
    outer loop
      vertex 188.183 196.497 5
      vertex 188.183 197.503 5
      vertex 188.281 197.996 5
    endloop
  endfacet
  facet normal 0 -0 -1
    outer loop
      vertex 188.183 197.503 5
      vertex 188.183 196.497 5
      vertex 188.15 197 5
    endloop
  endfacet
  facet normal 0.98081 -0.194968 0
    outer loop
      vertex 188.183 197.503 5
      vertex 188.281 197.996 0
      vertex 188.281 197.996 5
    endloop
  endfacet
  facet normal 0.98081 -0.194968 0
    outer loop
      vertex 188.281 197.996 0
      vertex 188.183 197.503 5
      vertex 188.183 197.503 0
    endloop
  endfacet
  facet normal -0.997855 0.0654656 0
    outer loop
      vertex 195.817 196.497 0
      vertex 195.85 197 5
      vertex 195.85 197 0
    endloop
  endfacet
  facet normal -0.997855 0.0654656 0
    outer loop
      vertex 195.85 197 5
      vertex 195.817 196.497 0
      vertex 195.817 196.497 5
    endloop
  endfacet
  facet normal -0.442446 -0.896795 0
    outer loop
      vertex 193.473 200.557 0
      vertex 193.925 200.334 5
      vertex 193.473 200.557 5
    endloop
  endfacet
  facet normal -0.442446 -0.896795 -0
    outer loop
      vertex 193.925 200.334 5
      vertex 193.473 200.557 0
      vertex 193.925 200.334 0
    endloop
  endfacet
  facet normal -0.831439 0.555616 0
    outer loop
      vertex 195.054 194.656 0
      vertex 195.334 195.075 5
      vertex 195.334 195.075 0
    endloop
  endfacet
  facet normal -0.831439 0.555616 0
    outer loop
      vertex 195.334 195.075 5
      vertex 195.054 194.656 0
      vertex 195.054 194.656 5
    endloop
  endfacet
  facet normal 0.194968 0.98081 -0
    outer loop
      vertex 191.497 193.183 0
      vertex 191.004 193.281 5
      vertex 191.497 193.183 5
    endloop
  endfacet
  facet normal 0.194968 0.98081 0
    outer loop
      vertex 191.004 193.281 5
      vertex 191.497 193.183 0
      vertex 191.004 193.281 0
    endloop
  endfacet
  facet normal 0.321582 -0.946882 0
    outer loop
      vertex 190.527 200.557 0
      vertex 191.004 200.719 5
      vertex 190.527 200.557 5
    endloop
  endfacet
  facet normal 0.321582 -0.946882 0
    outer loop
      vertex 191.004 200.719 5
      vertex 190.527 200.557 0
      vertex 191.004 200.719 0
    endloop
  endfacet
  facet normal -0.896795 0.442446 0
    outer loop
      vertex 195.334 195.075 0
      vertex 195.557 195.527 5
      vertex 195.557 195.527 0
    endloop
  endfacet
  facet normal -0.896795 0.442446 0
    outer loop
      vertex 195.557 195.527 5
      vertex 195.334 195.075 0
      vertex 195.334 195.075 5
    endloop
  endfacet
  facet normal 0.555616 -0.831439 0
    outer loop
      vertex 189.656 200.054 0
      vertex 190.075 200.334 5
      vertex 189.656 200.054 5
    endloop
  endfacet
  facet normal 0.555616 -0.831439 0
    outer loop
      vertex 190.075 200.334 5
      vertex 189.656 200.054 0
      vertex 190.075 200.334 0
    endloop
  endfacet
  facet normal -0.0654656 0.997855 0
    outer loop
      vertex 192.503 193.183 0
      vertex 192 193.15 5
      vertex 192.503 193.183 5
    endloop
  endfacet
  facet normal -0.0654656 0.997855 0
    outer loop
      vertex 192 193.15 5
      vertex 192.503 193.183 0
      vertex 192 193.15 0
    endloop
  endfacet
  facet normal 0.98081 0.194968 0
    outer loop
      vertex 188.281 196.004 5
      vertex 188.183 196.497 0
      vertex 188.183 196.497 5
    endloop
  endfacet
  facet normal 0.98081 0.194968 0
    outer loop
      vertex 188.183 196.497 0
      vertex 188.281 196.004 5
      vertex 188.281 196.004 0
    endloop
  endfacet
  facet normal -0.321582 -0.946882 0
    outer loop
      vertex 192.996 200.719 0
      vertex 193.473 200.557 5
      vertex 192.996 200.719 5
    endloop
  endfacet
  facet normal -0.321582 -0.946882 -0
    outer loop
      vertex 193.473 200.557 5
      vertex 192.996 200.719 0
      vertex 193.473 200.557 0
    endloop
  endfacet
  facet normal -0.946882 0.321582 0
    outer loop
      vertex 195.557 195.527 0
      vertex 195.719 196.004 5
      vertex 195.719 196.004 0
    endloop
  endfacet
  facet normal -0.946882 0.321582 0
    outer loop
      vertex 195.719 196.004 5
      vertex 195.557 195.527 0
      vertex 195.557 195.527 5
    endloop
  endfacet
  facet normal 0.997855 0.0654656 0
    outer loop
      vertex 188.183 196.497 5
      vertex 188.15 197 0
      vertex 188.15 197 5
    endloop
  endfacet
  facet normal 0.997855 0.0654656 0
    outer loop
      vertex 188.15 197 0
      vertex 188.183 196.497 5
      vertex 188.183 196.497 0
    endloop
  endfacet
  facet normal 0.946882 -0.321582 0
    outer loop
      vertex 188.281 197.996 5
      vertex 188.443 198.473 0
      vertex 188.443 198.473 5
    endloop
  endfacet
  facet normal 0.946882 -0.321582 0
    outer loop
      vertex 188.443 198.473 0
      vertex 188.281 197.996 5
      vertex 188.281 197.996 0
    endloop
  endfacet
  facet normal -0.831439 -0.555616 0
    outer loop
      vertex 195.334 198.925 0
      vertex 195.054 199.344 5
      vertex 195.054 199.344 0
    endloop
  endfacet
  facet normal -0.831439 -0.555616 0
    outer loop
      vertex 195.054 199.344 5
      vertex 195.334 198.925 0
      vertex 195.334 198.925 5
    endloop
  endfacet
  facet normal 0.659911 -0.751344 0
    outer loop
      vertex 189.278 199.722 0
      vertex 189.656 200.054 5
      vertex 189.278 199.722 5
    endloop
  endfacet
  facet normal 0.659911 -0.751344 0
    outer loop
      vertex 189.656 200.054 5
      vertex 189.278 199.722 0
      vertex 189.656 200.054 0
    endloop
  endfacet
  facet normal -0.194968 0.98081 0
    outer loop
      vertex 192.996 193.281 0
      vertex 192.503 193.183 5
      vertex 192.996 193.281 5
    endloop
  endfacet
  facet normal -0.194968 0.98081 0
    outer loop
      vertex 192.503 193.183 5
      vertex 192.996 193.281 0
      vertex 192.503 193.183 0
    endloop
  endfacet
  facet normal 0.997855 -0.0654656 0
    outer loop
      vertex 188.15 197 5
      vertex 188.183 197.503 0
      vertex 188.183 197.503 5
    endloop
  endfacet
  facet normal 0.997855 -0.0654656 0
    outer loop
      vertex 188.183 197.503 0
      vertex 188.15 197 5
      vertex 188.15 197 0
    endloop
  endfacet
  facet normal -0.659911 -0.751344 0
    outer loop
      vertex 194.344 200.054 0
      vertex 194.722 199.722 5
      vertex 194.344 200.054 5
    endloop
  endfacet
  facet normal -0.659911 -0.751344 -0
    outer loop
      vertex 194.722 199.722 5
      vertex 194.344 200.054 0
      vertex 194.722 199.722 0
    endloop
  endfacet
  facet normal 0.946882 0.321582 0
    outer loop
      vertex 188.443 195.527 5
      vertex 188.281 196.004 0
      vertex 188.281 196.004 5
    endloop
  endfacet
  facet normal 0.946882 0.321582 0
    outer loop
      vertex 188.281 196.004 0
      vertex 188.443 195.527 5
      vertex 188.443 195.527 0
    endloop
  endfacet
  facet normal -0.555616 -0.831439 0
    outer loop
      vertex 193.925 200.334 0
      vertex 194.344 200.054 5
      vertex 193.925 200.334 5
    endloop
  endfacet
  facet normal -0.555616 -0.831439 -0
    outer loop
      vertex 194.344 200.054 5
      vertex 193.925 200.334 0
      vertex 194.344 200.054 0
    endloop
  endfacet
  facet normal 0.0654656 0.997855 -0
    outer loop
      vertex 192 193.15 0
      vertex 191.497 193.183 5
      vertex 192 193.15 5
    endloop
  endfacet
  facet normal 0.0654656 0.997855 0
    outer loop
      vertex 191.497 193.183 5
      vertex 192 193.15 0
      vertex 191.497 193.183 0
    endloop
  endfacet
  facet normal -0.751344 -0.659911 0
    outer loop
      vertex 195.054 199.344 0
      vertex 194.722 199.722 5
      vertex 194.722 199.722 0
    endloop
  endfacet
  facet normal -0.751344 -0.659911 0
    outer loop
      vertex 194.722 199.722 5
      vertex 195.054 199.344 0
      vertex 195.054 199.344 5
    endloop
  endfacet
  facet normal 0.194968 -0.98081 0
    outer loop
      vertex 191.004 200.719 0
      vertex 191.497 200.817 5
      vertex 191.004 200.719 5
    endloop
  endfacet
  facet normal 0.194968 -0.98081 0
    outer loop
      vertex 191.497 200.817 5
      vertex 191.004 200.719 0
      vertex 191.497 200.817 0
    endloop
  endfacet
  facet normal -0.896795 -0.442446 0
    outer loop
      vertex 195.557 198.473 0
      vertex 195.334 198.925 5
      vertex 195.334 198.925 0
    endloop
  endfacet
  facet normal -0.896795 -0.442446 0
    outer loop
      vertex 195.334 198.925 5
      vertex 195.557 198.473 0
      vertex 195.557 198.473 5
    endloop
  endfacet
  facet normal 0.831439 0.555616 0
    outer loop
      vertex 188.946 194.656 5
      vertex 188.666 195.075 0
      vertex 188.666 195.075 5
    endloop
  endfacet
  facet normal 0.831439 0.555616 0
    outer loop
      vertex 188.666 195.075 0
      vertex 188.946 194.656 5
      vertex 188.946 194.656 0
    endloop
  endfacet
  facet normal -0.98081 0.194968 0
    outer loop
      vertex 195.719 196.004 0
      vertex 195.817 196.497 5
      vertex 195.817 196.497 0
    endloop
  endfacet
  facet normal -0.98081 0.194968 0
    outer loop
      vertex 195.817 196.497 5
      vertex 195.719 196.004 0
      vertex 195.719 196.004 5
    endloop
  endfacet
  facet normal 0.442446 0.896795 -0
    outer loop
      vertex 190.527 193.443 0
      vertex 190.075 193.666 5
      vertex 190.527 193.443 5
    endloop
  endfacet
  facet normal 0.442446 0.896795 0
    outer loop
      vertex 190.075 193.666 5
      vertex 190.527 193.443 0
      vertex 190.075 193.666 0
    endloop
  endfacet
  facet normal 0.0654656 -0.997855 0
    outer loop
      vertex 191.497 200.817 0
      vertex 192 200.85 5
      vertex 191.497 200.817 5
    endloop
  endfacet
  facet normal 0.0654656 -0.997855 0
    outer loop
      vertex 192 200.85 5
      vertex 191.497 200.817 0
      vertex 192 200.85 0
    endloop
  endfacet
  facet normal -0.194968 -0.98081 0
    outer loop
      vertex 192.503 200.817 0
      vertex 192.996 200.719 5
      vertex 192.503 200.817 5
    endloop
  endfacet
  facet normal -0.194968 -0.98081 -0
    outer loop
      vertex 192.996 200.719 5
      vertex 192.503 200.817 0
      vertex 192.996 200.719 0
    endloop
  endfacet
  facet normal -0.555616 0.831439 0
    outer loop
      vertex 194.344 193.946 0
      vertex 193.925 193.666 5
      vertex 194.344 193.946 5
    endloop
  endfacet
  facet normal -0.555616 0.831439 0
    outer loop
      vertex 193.925 193.666 5
      vertex 194.344 193.946 0
      vertex 193.925 193.666 0
    endloop
  endfacet
  facet normal 0.321582 0.946882 -0
    outer loop
      vertex 191.004 193.281 0
      vertex 190.527 193.443 5
      vertex 191.004 193.281 5
    endloop
  endfacet
  facet normal 0.321582 0.946882 0
    outer loop
      vertex 190.527 193.443 5
      vertex 191.004 193.281 0
      vertex 190.527 193.443 0
    endloop
  endfacet
  facet normal 0.831439 -0.555616 0
    outer loop
      vertex 188.666 198.925 5
      vertex 188.946 199.344 0
      vertex 188.946 199.344 5
    endloop
  endfacet
  facet normal 0.831439 -0.555616 0
    outer loop
      vertex 188.946 199.344 0
      vertex 188.666 198.925 5
      vertex 188.666 198.925 0
    endloop
  endfacet
  facet normal -0.0654656 -0.997855 0
    outer loop
      vertex 192 200.85 0
      vertex 192.503 200.817 5
      vertex 192 200.85 5
    endloop
  endfacet
  facet normal -0.0654656 -0.997855 -0
    outer loop
      vertex 192.503 200.817 5
      vertex 192 200.85 0
      vertex 192.503 200.817 0
    endloop
  endfacet
  facet normal -0.946882 -0.321582 0
    outer loop
      vertex 195.719 197.996 0
      vertex 195.557 198.473 5
      vertex 195.557 198.473 0
    endloop
  endfacet
  facet normal -0.946882 -0.321582 0
    outer loop
      vertex 195.557 198.473 5
      vertex 195.719 197.996 0
      vertex 195.719 197.996 5
    endloop
  endfacet
  facet normal 0.442446 -0.896795 0
    outer loop
      vertex 190.075 200.334 0
      vertex 190.527 200.557 5
      vertex 190.075 200.334 5
    endloop
  endfacet
  facet normal 0.442446 -0.896795 0
    outer loop
      vertex 190.527 200.557 5
      vertex 190.075 200.334 0
      vertex 190.527 200.557 0
    endloop
  endfacet
  facet normal 0.659911 0.751344 -0
    outer loop
      vertex 189.656 193.946 0
      vertex 189.278 194.278 5
      vertex 189.656 193.946 5
    endloop
  endfacet
  facet normal 0.659911 0.751344 0
    outer loop
      vertex 189.278 194.278 5
      vertex 189.656 193.946 0
      vertex 189.278 194.278 0
    endloop
  endfacet
  facet normal -0.321582 0.946882 0
    outer loop
      vertex 193.473 193.443 0
      vertex 192.996 193.281 5
      vertex 193.473 193.443 5
    endloop
  endfacet
  facet normal -0.321582 0.946882 0
    outer loop
      vertex 192.996 193.281 5
      vertex 193.473 193.443 0
      vertex 192.996 193.281 0
    endloop
  endfacet
  facet normal -0.442446 0.896795 0
    outer loop
      vertex 193.925 193.666 0
      vertex 193.473 193.443 5
      vertex 193.925 193.666 5
    endloop
  endfacet
  facet normal -0.442446 0.896795 0
    outer loop
      vertex 193.473 193.443 5
      vertex 193.925 193.666 0
      vertex 193.473 193.443 0
    endloop
  endfacet
  facet normal 0.751344 -0.659911 0
    outer loop
      vertex 188.946 199.344 5
      vertex 189.278 199.722 0
      vertex 189.278 199.722 5
    endloop
  endfacet
  facet normal 0.751344 -0.659911 0
    outer loop
      vertex 189.278 199.722 0
      vertex 188.946 199.344 5
      vertex 188.946 199.344 0
    endloop
  endfacet
  facet normal -0.751344 0.659911 0
    outer loop
      vertex 194.722 194.278 0
      vertex 195.054 194.656 5
      vertex 195.054 194.656 0
    endloop
  endfacet
  facet normal -0.751344 0.659911 0
    outer loop
      vertex 195.054 194.656 5
      vertex 194.722 194.278 0
      vertex 194.722 194.278 5
    endloop
  endfacet
  facet normal -0.659911 0.751344 0
    outer loop
      vertex 194.722 194.278 0
      vertex 194.344 193.946 5
      vertex 194.722 194.278 5
    endloop
  endfacet
  facet normal -0.659911 0.751344 0
    outer loop
      vertex 194.344 193.946 5
      vertex 194.722 194.278 0
      vertex 194.344 193.946 0
    endloop
  endfacet
  facet normal 0.896795 -0.442446 0
    outer loop
      vertex 188.443 198.473 5
      vertex 188.666 198.925 0
      vertex 188.666 198.925 5
    endloop
  endfacet
  facet normal 0.896795 -0.442446 0
    outer loop
      vertex 188.666 198.925 0
      vertex 188.443 198.473 5
      vertex 188.443 198.473 0
    endloop
  endfacet
  facet normal 0.555616 0.831439 -0
    outer loop
      vertex 190.075 193.666 0
      vertex 189.656 193.946 5
      vertex 190.075 193.666 5
    endloop
  endfacet
  facet normal 0.555616 0.831439 0
    outer loop
      vertex 189.656 193.946 5
      vertex 190.075 193.666 0
      vertex 189.656 193.946 0
    endloop
  endfacet
  facet normal -0.659343 -0.751842 0
    outer loop
      vertex 18.435 224.173 0
      vertex 18.8284 223.828 6
      vertex 18.435 224.173 6
    endloop
  endfacet
  facet normal -0.659343 -0.751842 -0
    outer loop
      vertex 18.8284 223.828 6
      vertex 18.435 224.173 0
      vertex 18.8284 223.828 0
    endloop
  endfacet
  facet normal -0.896786 0.442465 0
    outer loop
      vertex 19.4641 213 0
      vertex 19.6955 213.469 6
      vertex 19.6955 213.469 0
    endloop
  endfacet
  facet normal -0.896786 0.442465 0
    outer loop
      vertex 19.6955 213.469 6
      vertex 19.4641 213 0
      vertex 19.4641 213 6
    endloop
  endfacet
  facet normal -0.997861 -0.0653771 0
    outer loop
      vertex 20 221 0
      vertex 19.9658 221.522 6
      vertex 19.9658 221.522 0
    endloop
  endfacet
  facet normal -0.997861 -0.0653771 0
    outer loop
      vertex 19.9658 221.522 6
      vertex 20 221 0
      vertex 20 221 6
    endloop
  endfacet
  facet normal -0.947028 -0.32115 0
    outer loop
      vertex 19.8637 222.035 0
      vertex 19.6955 222.531 6
      vertex 19.6955 222.531 0
    endloop
  endfacet
  facet normal -0.947028 -0.32115 0
    outer loop
      vertex 19.6955 222.531 6
      vertex 19.8637 222.035 0
      vertex 19.8637 222.035 6
    endloop
  endfacet
  facet normal -0.75151 -0.659722 0
    outer loop
      vertex 19.1734 223.435 0
      vertex 18.8284 223.828 6
      vertex 18.8284 223.828 0
    endloop
  endfacet
  facet normal -0.75151 -0.659722 0
    outer loop
      vertex 18.8284 223.828 6
      vertex 19.1734 223.435 0
      vertex 19.1734 223.435 6
    endloop
  endfacet
  facet normal -0.19494 0.980815 0
    outer loop
      vertex 17.0353 211.136 0
      vertex 16.5221 211.034 6
      vertex 17.0353 211.136 6
    endloop
  endfacet
  facet normal -0.19494 0.980815 0
    outer loop
      vertex 16.5221 211.034 6
      vertex 17.0353 211.136 0
      vertex 16.5221 211.034 0
    endloop
  endfacet
  facet normal -0.980764 -0.195197 0
    outer loop
      vertex 19.9658 221.522 0
      vertex 19.8637 222.035 6
      vertex 19.8637 222.035 0
    endloop
  endfacet
  facet normal -0.980764 -0.195197 0
    outer loop
      vertex 19.8637 222.035 6
      vertex 19.9658 221.522 0
      vertex 19.9658 221.522 6
    endloop
  endfacet
  facet normal -0.064984 -0.997886 0
    outer loop
      vertex 16 225 0
      vertex 16.5221 224.966 6
      vertex 16 225 6
    endloop
  endfacet
  facet normal -0.064984 -0.997886 -0
    outer loop
      vertex 16.5221 224.966 6
      vertex 16 225 0
      vertex 16.5221 224.966 0
    endloop
  endfacet
  facet normal 0 1 -0
    outer loop
      vertex 16 211 0
      vertex 0 211 6
      vertex 16 211 6
    endloop
  endfacet
  facet normal 0 1 0
    outer loop
      vertex 0 211 6
      vertex 16 211 0
      vertex 0 211 0
    endloop
  endfacet
  facet normal -0.556022 -0.831167 0
    outer loop
      vertex 18 224.464 0
      vertex 18.435 224.173 6
      vertex 18 224.464 6
    endloop
  endfacet
  facet normal -0.556022 -0.831167 -0
    outer loop
      vertex 18.435 224.173 6
      vertex 18 224.464 0
      vertex 18.435 224.173 0
    endloop
  endfacet
  facet normal -0.443159 -0.896443 0
    outer loop
      vertex 17.5307 224.696 0
      vertex 18 224.464 6
      vertex 17.5307 224.696 6
    endloop
  endfacet
  facet normal -0.443159 -0.896443 -0
    outer loop
      vertex 18 224.464 6
      vertex 17.5307 224.696 0
      vertex 18 224.464 0
    endloop
  endfacet
  facet normal -0.064984 0.997886 0
    outer loop
      vertex 16.5221 211.034 0
      vertex 16 211 6
      vertex 16.5221 211.034 6
    endloop
  endfacet
  facet normal -0.064984 0.997886 0
    outer loop
      vertex 16 211 6
      vertex 16.5221 211.034 0
      vertex 16 211 0
    endloop
  endfacet
  facet normal -0.19494 -0.980815 0
    outer loop
      vertex 16.5221 224.966 0
      vertex 17.0353 224.864 6
      vertex 16.5221 224.966 6
    endloop
  endfacet
  facet normal -0.19494 -0.980815 -0
    outer loop
      vertex 17.0353 224.864 6
      vertex 16.5221 224.966 0
      vertex 17.0353 224.864 0
    endloop
  endfacet
  facet normal -0.896786 -0.442465 0
    outer loop
      vertex 19.6955 222.531 0
      vertex 19.4641 223 6
      vertex 19.4641 223 0
    endloop
  endfacet
  facet normal -0.896786 -0.442465 0
    outer loop
      vertex 19.4641 223 6
      vertex 19.6955 222.531 0
      vertex 19.6955 222.531 6
    endloop
  endfacet
  facet normal -0.831432 -0.555626 0
    outer loop
      vertex 19.4641 223 0
      vertex 19.1734 223.435 6
      vertex 19.1734 223.435 0
    endloop
  endfacet
  facet normal -0.831432 -0.555626 0
    outer loop
      vertex 19.1734 223.435 6
      vertex 19.4641 223 0
      vertex 19.4641 223 6
    endloop
  endfacet
  facet normal -1 0 0
    outer loop
      vertex 20 215 0
      vertex 20 221 6
      vertex 20 221 0
    endloop
  endfacet
  facet normal -1 -0 0
    outer loop
      vertex 20 221 6
      vertex 20 215 0
      vertex 20 215 6
    endloop
  endfacet
  facet normal -0.831432 0.555626 0
    outer loop
      vertex 19.1734 212.565 0
      vertex 19.4641 213 6
      vertex 19.4641 213 0
    endloop
  endfacet
  facet normal -0.831432 0.555626 0
    outer loop
      vertex 19.4641 213 6
      vertex 19.1734 212.565 0
      vertex 19.1734 212.565 6
    endloop
  endfacet
  facet normal -0.980764 0.195197 0
    outer loop
      vertex 19.8637 213.965 0
      vertex 19.9658 214.478 6
      vertex 19.9658 214.478 0
    endloop
  endfacet
  facet normal -0.980764 0.195197 0
    outer loop
      vertex 19.9658 214.478 6
      vertex 19.8637 213.965 0
      vertex 19.8637 213.965 6
    endloop
  endfacet
  facet normal -0.997861 0.0653771 0
    outer loop
      vertex 19.9658 214.478 0
      vertex 20 215 6
      vertex 20 215 0
    endloop
  endfacet
  facet normal -0.997861 0.0653771 0
    outer loop
      vertex 20 215 6
      vertex 19.9658 214.478 0
      vertex 19.9658 214.478 6
    endloop
  endfacet
  facet normal -0.321156 0.947026 0
    outer loop
      vertex 17.5307 211.304 0
      vertex 17.0353 211.136 6
      vertex 17.5307 211.304 6
    endloop
  endfacet
  facet normal -0.321156 0.947026 0
    outer loop
      vertex 17.0353 211.136 6
      vertex 17.5307 211.304 0
      vertex 17.0353 211.136 0
    endloop
  endfacet
  facet normal -0.556022 0.831167 0
    outer loop
      vertex 18.435 211.827 0
      vertex 18 211.536 6
      vertex 18.435 211.827 6
    endloop
  endfacet
  facet normal -0.556022 0.831167 0
    outer loop
      vertex 18 211.536 6
      vertex 18.435 211.827 0
      vertex 18 211.536 0
    endloop
  endfacet
  facet normal -0.443159 0.896443 0
    outer loop
      vertex 18 211.536 0
      vertex 17.5307 211.304 6
      vertex 18 211.536 6
    endloop
  endfacet
  facet normal -0.443159 0.896443 0
    outer loop
      vertex 17.5307 211.304 6
      vertex 18 211.536 0
      vertex 17.5307 211.304 0
    endloop
  endfacet
  facet normal -0.321156 -0.947026 0
    outer loop
      vertex 17.0353 224.864 0
      vertex 17.5307 224.696 6
      vertex 17.0353 224.864 6
    endloop
  endfacet
  facet normal -0.321156 -0.947026 -0
    outer loop
      vertex 17.5307 224.696 6
      vertex 17.0353 224.864 0
      vertex 17.5307 224.696 0
    endloop
  endfacet
  facet normal -0.75151 0.659722 0
    outer loop
      vertex 18.8284 212.172 0
      vertex 19.1734 212.565 6
      vertex 19.1734 212.565 0
    endloop
  endfacet
  facet normal -0.75151 0.659722 0
    outer loop
      vertex 19.1734 212.565 6
      vertex 18.8284 212.172 0
      vertex 18.8284 212.172 6
    endloop
  endfacet
  facet normal -0.947028 0.32115 0
    outer loop
      vertex 19.6955 213.469 0
      vertex 19.8637 213.965 6
      vertex 19.8637 213.965 0
    endloop
  endfacet
  facet normal -0.947028 0.32115 0
    outer loop
      vertex 19.8637 213.965 6
      vertex 19.6955 213.469 0
      vertex 19.6955 213.469 6
    endloop
  endfacet
  facet normal -0.659343 0.751842 0
    outer loop
      vertex 18.8284 212.172 0
      vertex 18.435 211.827 6
      vertex 18.8284 212.172 6
    endloop
  endfacet
  facet normal -0.659343 0.751842 0
    outer loop
      vertex 18.435 211.827 6
      vertex 18.8284 212.172 0
      vertex 18.435 211.827 0
    endloop
  endfacet
  facet normal -1 0 0
    outer loop
      vertex 0 100.864 0
      vertex 0 96 6
      vertex 0 100.864 14
    endloop
  endfacet
  facet normal -1 0 0
    outer loop
      vertex 0 100.864 0
      vertex 0 24 6
      vertex 0 96 6
    endloop
  endfacet
  facet normal -1 0 0
    outer loop
      vertex 0 17.25 0
      vertex 0 24 6
      vertex 0 100.864 0
    endloop
  endfacet
  facet normal -1 0 0
    outer loop
      vertex 0 17.25 14
      vertex 0 24 6
      vertex 0 17.25 0
    endloop
  endfacet
  facet normal -1 0 0
    outer loop
      vertex 0 24 6
      vertex 0 17.25 14
      vertex 0 24 14
    endloop
  endfacet
  facet normal -1 -0 0
    outer loop
      vertex 0 100.864 14
      vertex 0 96 6
      vertex 0 96 14
    endloop
  endfacet
  facet normal -1 0 0
    outer loop
      vertex 0 12.75 0
      vertex 0 6 6
      vertex 0 12.75 14
    endloop
  endfacet
  facet normal -1 0 0
    outer loop
      vertex 0 0 0
      vertex 0 6 6
      vertex 0 12.75 0
    endloop
  endfacet
  facet normal -1 -0 0
    outer loop
      vertex 0 6 6
      vertex 0 0 0
      vertex 0 0 6
    endloop
  endfacet
  facet normal -1 -0 0
    outer loop
      vertex 0 12.75 14
      vertex 0 6 6
      vertex 0 6 14
    endloop
  endfacet
  facet normal -1 0 0
    outer loop
      vertex 0 211 0
      vertex 0 114 6
      vertex 0 211 6
    endloop
  endfacet
  facet normal -1 0 0
    outer loop
      vertex 0 109.136 0
      vertex 0 114 6
      vertex 0 211 0
    endloop
  endfacet
  facet normal -1 0 0
    outer loop
      vertex 0 109.136 14
      vertex 0 114 6
      vertex 0 109.136 0
    endloop
  endfacet
  facet normal -1 0 0
    outer loop
      vertex 0 114 6
      vertex 0 109.136 14
      vertex 0 114 14
    endloop
  endfacet
  facet normal 0 -1 0
    outer loop
      vertex 0 0 6
      vertex 0 0 0
      vertex 11 0 6
    endloop
  endfacet
  facet normal 0 -1 0
    outer loop
      vertex 11 0 6
      vertex 17.75 0 14
      vertex 11 0 14
    endloop
  endfacet
  facet normal 0 -1 0
    outer loop
      vertex 11 0 6
      vertex 17.75 0 0
      vertex 17.75 0 14
    endloop
  endfacet
  facet normal 0 -1 0
    outer loop
      vertex 17.75 0 0
      vertex 11 0 6
      vertex 0 0 0
    endloop
  endfacet
  facet normal 0 -1 0
    outer loop
      vertex 22.25 0 14
      vertex 29 0 6
      vertex 29 0 14
    endloop
  endfacet
  facet normal 0 -1 -0
    outer loop
      vertex 29 0 6
      vertex 22.25 0 0
      vertex 101 0 6
    endloop
  endfacet
  facet normal 0 -1 0
    outer loop
      vertex 22.25 0 0
      vertex 29 0 6
      vertex 22.25 0 14
    endloop
  endfacet
  facet normal 0 -1 0
    outer loop
      vertex 101 0 6
      vertex 107.75 0 14
      vertex 101 0 14
    endloop
  endfacet
  facet normal 0 -1 0
    outer loop
      vertex 101 0 6
      vertex 107.75 0 0
      vertex 107.75 0 14
    endloop
  endfacet
  facet normal 0 -1 0
    outer loop
      vertex 107.75 0 0
      vertex 101 0 6
      vertex 22.25 0 0
    endloop
  endfacet
  facet normal 0 -1 0
    outer loop
      vertex 112.25 0 14
      vertex 119 0 6
      vertex 119 0 14
    endloop
  endfacet
  facet normal 0 -1 0
    outer loop
      vertex 112.25 0 0
      vertex 119 0 6
      vertex 112.25 0 14
    endloop
  endfacet
  facet normal 0 -1 0
    outer loop
      vertex 220 0 0
      vertex 119 0 6
      vertex 112.25 0 0
    endloop
  endfacet
  facet normal 0 -1 0
    outer loop
      vertex 119 0 6
      vertex 220 0 0
      vertex 220 0 6
    endloop
  endfacet
  facet normal 0 0 -1
    outer loop
      vertex 163.731 154.118 0.799999
      vertex 159.147 157.075 0.799999
      vertex 163.731 157.075 0.799999
    endloop
  endfacet
  facet normal 0 0 -1
    outer loop
      vertex 158.659 154.118 0.799999
      vertex 159.147 157.075 0.799999
      vertex 163.731 154.118 0.799999
    endloop
  endfacet
  facet normal -0 0 -1
    outer loop
      vertex 159.147 157.075 0.799999
      vertex 158.659 154.118 0.799999
      vertex 158.681 157.087 0.799999
    endloop
  endfacet
  facet normal 0 0 -1
    outer loop
      vertex 158.659 154.118 0.799999
      vertex 158.254 157.123 0.799999
      vertex 158.681 157.087 0.799999
    endloop
  endfacet
  facet normal 0 0 -1
    outer loop
      vertex 157.637 154.063 0.799999
      vertex 158.254 157.123 0.799999
      vertex 158.659 154.118 0.799999
    endloop
  endfacet
  facet normal -0 0 -1
    outer loop
      vertex 158.254 157.123 0.799999
      vertex 157.637 154.063 0.799999
      vertex 157.864 157.183 0.799999
    endloop
  endfacet
  facet normal 0 0 -1
    outer loop
      vertex 157.637 154.063 0.799999
      vertex 157.513 157.267 0.799999
      vertex 157.864 157.183 0.799999
    endloop
  endfacet
  facet normal 0 0 -1
    outer loop
      vertex 155.539 155.719 0.799999
      vertex 157.513 157.267 0.799999
      vertex 157.637 154.063 0.799999
    endloop
  endfacet
  facet normal -0 0 -1
    outer loop
      vertex 157.513 157.267 0.799999
      vertex 155.539 155.719 0.799999
      vertex 157.199 157.376 0.799999
    endloop
  endfacet
  facet normal 0 0 -1
    outer loop
      vertex 155.539 155.719 0.799999
      vertex 157.637 154.063 0.799999
      vertex 156.772 153.899 0.799999
    endloop
  endfacet
  facet normal -0 0 -1
    outer loop
      vertex 157.199 157.376 0.799999
      vertex 155.539 155.719 0.799999
      vertex 156.923 157.508 0.799999
    endloop
  endfacet
  facet normal -0 0 -1
    outer loop
      vertex 156.923 157.508 0.799999
      vertex 155.539 155.719 0.799999
      vertex 156.685 157.665 0.799999
    endloop
  endfacet
  facet normal -0 0 -1
    outer loop
      vertex 156.685 157.665 0.799999
      vertex 155.539 155.719 0.799999
      vertex 156.482 157.845 0.799999
    endloop
  endfacet
  facet normal 0 0 -1
    outer loop
      vertex 155.031 155.846 0.799999
      vertex 156.482 157.845 0.799999
      vertex 155.539 155.719 0.799999
    endloop
  endfacet
  facet normal 0 0 -1
    outer loop
      vertex 155.539 155.719 0.799999
      vertex 156.772 153.899 0.799999
      vertex 156.065 153.625 0.799999
    endloop
  endfacet
  facet normal -0 0 -1
    outer loop
      vertex 156.482 157.845 0.799999
      vertex 155.031 155.846 0.799999
      vertex 156.31 158.05 0.799999
    endloop
  endfacet
  facet normal 0 0 -1
    outer loop
      vertex 154.562 156.003 0.799999
      vertex 156.31 158.05 0.799999
      vertex 155.031 155.846 0.799999
    endloop
  endfacet
  facet normal -0 0 -1
    outer loop
      vertex 156.31 158.05 0.799999
      vertex 154.562 156.003 0.799999
      vertex 156.169 158.279 0.799999
    endloop
  endfacet
  facet normal 0 0 -1
    outer loop
      vertex 154.131 156.189 0.799999
      vertex 156.169 158.279 0.799999
      vertex 154.562 156.003 0.799999
    endloop
  endfacet
  facet normal 0 0 -1
    outer loop
      vertex 153.739 156.405 0.799999
      vertex 156.169 158.279 0.799999
      vertex 154.131 156.189 0.799999
    endloop
  endfacet
  facet normal -0 0 -1
    outer loop
      vertex 156.169 158.279 0.799999
      vertex 153.739 156.405 0.799999
      vertex 156.06 158.532 0.799999
    endloop
  endfacet
  facet normal 0 0 -1
    outer loop
      vertex 154.899 155.622 0.799999
      vertex 156.065 153.625 0.799999
      vertex 155.514 153.241 0.799999
    endloop
  endfacet
  facet normal 0 0 -1
    outer loop
      vertex 153.754 155.318 0.799999
      vertex 155.514 153.241 0.799999
      vertex 155.121 152.748 0.799999
    endloop
  endfacet
  facet normal 0 0 -1
    outer loop
      vertex 156.065 153.625 0.799999
      vertex 154.899 155.622 0.799999
      vertex 155.539 155.719 0.799999
    endloop
  endfacet
  facet normal 0 0 -1
    outer loop
      vertex 152.376 154.581 0.799999
      vertex 155.121 152.748 0.799999
      vertex 154.885 152.145 0.799999
    endloop
  endfacet
  facet normal 0 0 -1
    outer loop
      vertex 151.015 152.654 0.799999
      vertex 154.885 152.145 0.799999
      vertex 154.807 151.433 0.799999
    endloop
  endfacet
  facet normal 0 0 -1
    outer loop
      vertex 155.514 153.241 0.799999
      vertex 154.304 155.489 0.799999
      vertex 154.899 155.622 0.799999
    endloop
  endfacet
  facet normal 0 0 -1
    outer loop
      vertex 151.789 148.003 0.799999
      vertex 155.097 150.064 0.799999
      vertex 152.227 147.524 0.799999
    endloop
  endfacet
  facet normal 0 0 -1
    outer loop
      vertex 151.43 148.53 0.799999
      vertex 155.097 150.064 0.799999
      vertex 151.789 148.003 0.799999
    endloop
  endfacet
  facet normal -0 0 -1
    outer loop
      vertex 155.097 150.064 0.799999
      vertex 151.43 148.53 0.799999
      vertex 154.97 150.364 0.799999
    endloop
  endfacet
  facet normal 0 0 -1
    outer loop
      vertex 151.151 149.106 0.799999
      vertex 154.97 150.364 0.799999
      vertex 151.43 148.53 0.799999
    endloop
  endfacet
  facet normal 0 0 -1
    outer loop
      vertex 154.825 151.048 0.799999
      vertex 150.792 151.121 0.799999
      vertex 154.807 151.433 0.799999
    endloop
  endfacet
  facet normal 0 0 -1
    outer loop
      vertex 155.514 153.241 0.799999
      vertex 153.754 155.318 0.799999
      vertex 154.304 155.489 0.799999
    endloop
  endfacet
  facet normal 0 -0 -1
    outer loop
      vertex 150.817 151.663 0.799999
      vertex 154.807 151.433 0.799999
      vertex 150.792 151.121 0.799999
    endloop
  endfacet
  facet normal 0 0 -1
    outer loop
      vertex 155.121 152.748 0.799999
      vertex 153.25 155.11 0.799999
      vertex 153.754 155.318 0.799999
    endloop
  endfacet
  facet normal -0 0 -1
    outer loop
      vertex 154.97 150.364 0.799999
      vertex 151.151 149.106 0.799999
      vertex 154.879 150.692 0.799999
    endloop
  endfacet
  facet normal 0 -0 -1
    outer loop
      vertex 150.892 152.174 0.799999
      vertex 154.807 151.433 0.799999
      vertex 150.817 151.663 0.799999
    endloop
  endfacet
  facet normal 0 0 -1
    outer loop
      vertex 150.952 149.729 0.799999
      vertex 154.879 150.692 0.799999
      vertex 151.151 149.106 0.799999
    endloop
  endfacet
  facet normal 0 0 -1
    outer loop
      vertex 155.121 152.748 0.799999
      vertex 152.79 154.864 0.799999
      vertex 153.25 155.11 0.799999
    endloop
  endfacet
  facet normal 0 0 -1
    outer loop
      vertex 150.832 150.401 0.799999
      vertex 154.879 150.692 0.799999
      vertex 150.952 149.729 0.799999
    endloop
  endfacet
  facet normal 0 -0 -1
    outer loop
      vertex 151.015 152.654 0.799999
      vertex 154.807 151.433 0.799999
      vertex 150.892 152.174 0.799999
    endloop
  endfacet
  facet normal 0 0 -1
    outer loop
      vertex 155.121 152.748 0.799999
      vertex 152.376 154.581 0.799999
      vertex 152.79 154.864 0.799999
    endloop
  endfacet
  facet normal -0 0 -1
    outer loop
      vertex 154.879 150.692 0.799999
      vertex 150.832 150.401 0.799999
      vertex 154.825 151.048 0.799999
    endloop
  endfacet
  facet normal 0 0 -1
    outer loop
      vertex 154.885 152.145 0.799999
      vertex 152.006 154.261 0.799999
      vertex 152.376 154.581 0.799999
    endloop
  endfacet
  facet normal 0 0 -1
    outer loop
      vertex 150.792 151.121 0.799999
      vertex 154.825 151.048 0.799999
      vertex 150.832 150.401 0.799999
    endloop
  endfacet
  facet normal 0 0 -1
    outer loop
      vertex 154.885 152.145 0.799999
      vertex 151.684 153.906 0.799999
      vertex 152.006 154.261 0.799999
    endloop
  endfacet
  facet normal 0 0 -1
    outer loop
      vertex 154.885 152.145 0.799999
      vertex 151.412 153.52 0.799999
      vertex 151.684 153.906 0.799999
    endloop
  endfacet
  facet normal 0 0 -1
    outer loop
      vertex 154.885 152.145 0.799999
      vertex 151.015 152.654 0.799999
      vertex 151.189 153.103 0.799999
    endloop
  endfacet
  facet normal 0 0 -1
    outer loop
      vertex 154.885 152.145 0.799999
      vertex 151.189 153.103 0.799999
      vertex 151.412 153.52 0.799999
    endloop
  endfacet
  facet normal 0 0 -1
    outer loop
      vertex 163.731 154.118 0.799999
      vertex 167.732 145.669 0.799999
      vertex 163.731 148.639 0.799999
    endloop
  endfacet
  facet normal 0 0 -1
    outer loop
      vertex 158.17 145.669 0.799999
      vertex 163.731 148.639 0.799999
      vertex 167.732 145.669 0.799999
    endloop
  endfacet
  facet normal -0 0 -1
    outer loop
      vertex 163.731 148.639 0.799999
      vertex 158.17 145.669 0.799999
      vertex 158.509 148.639 0.799999
    endloop
  endfacet
  facet normal 0 0 -1
    outer loop
      vertex 158.17 145.669 0.799999
      vertex 157.98 148.653 0.799999
      vertex 158.509 148.639 0.799999
    endloop
  endfacet
  facet normal 0 0 -1
    outer loop
      vertex 157.209 145.698 0.799999
      vertex 157.98 148.653 0.799999
      vertex 158.17 145.669 0.799999
    endloop
  endfacet
  facet normal -0 0 -1
    outer loop
      vertex 157.98 148.653 0.799999
      vertex 157.209 145.698 0.799999
      vertex 157.494 148.696 0.799999
    endloop
  endfacet
  facet normal 0 0 -1
    outer loop
      vertex 157.209 145.698 0.799999
      vertex 157.049 148.767 0.799999
      vertex 157.494 148.696 0.799999
    endloop
  endfacet
  facet normal 0 0 -1
    outer loop
      vertex 156.31 145.785 0.799999
      vertex 157.049 148.767 0.799999
      vertex 157.209 145.698 0.799999
    endloop
  endfacet
  facet normal -0 0 -1
    outer loop
      vertex 157.049 148.767 0.799999
      vertex 156.31 145.785 0.799999
      vertex 156.647 148.867 0.799999
    endloop
  endfacet
  facet normal 0 0 -1
    outer loop
      vertex 155.473 145.93 0.799999
      vertex 156.647 148.867 0.799999
      vertex 156.31 145.785 0.799999
    endloop
  endfacet
  facet normal -0 0 -1
    outer loop
      vertex 156.647 148.867 0.799999
      vertex 155.473 145.93 0.799999
      vertex 156.288 148.995 0.799999
    endloop
  endfacet
  facet normal 0 0 -1
    outer loop
      vertex 154.698 146.134 0.799999
      vertex 156.288 148.995 0.799999
      vertex 155.473 145.93 0.799999
    endloop
  endfacet
  facet normal -0 0 -1
    outer loop
      vertex 156.288 148.995 0.799999
      vertex 154.698 146.134 0.799999
      vertex 155.97 149.152 0.799999
    endloop
  endfacet
  facet normal 0 0 -1
    outer loop
      vertex 153.985 146.395 0.799999
      vertex 155.97 149.152 0.799999
      vertex 154.698 146.134 0.799999
    endloop
  endfacet
  facet normal -0 0 -1
    outer loop
      vertex 155.97 149.152 0.799999
      vertex 153.985 146.395 0.799999
      vertex 155.695 149.337 0.799999
    endloop
  endfacet
  facet normal 0 0 -1
    outer loop
      vertex 153.334 146.715 0.799999
      vertex 155.695 149.337 0.799999
      vertex 153.985 146.395 0.799999
    endloop
  endfacet
  facet normal -0 0 -1
    outer loop
      vertex 155.695 149.337 0.799999
      vertex 153.334 146.715 0.799999
      vertex 155.46 149.551 0.799999
    endloop
  endfacet
  facet normal 0 0 -1
    outer loop
      vertex 152.745 147.093 0.799999
      vertex 155.46 149.551 0.799999
      vertex 153.334 146.715 0.799999
    endloop
  endfacet
  facet normal -0 0 -1
    outer loop
      vertex 155.46 149.551 0.799999
      vertex 152.745 147.093 0.799999
      vertex 155.26 149.794 0.799999
    endloop
  endfacet
  facet normal -0 0 -1
    outer loop
      vertex 155.26 149.794 0.799999
      vertex 152.227 147.524 0.799999
      vertex 155.097 150.064 0.799999
    endloop
  endfacet
  facet normal 0 0 -1
    outer loop
      vertex 152.227 147.524 0.799999
      vertex 155.26 149.794 0.799999
      vertex 152.745 147.093 0.799999
    endloop
  endfacet
  facet normal 0 0 -1
    outer loop
      vertex 167.732 145.669 0.799999
      vertex 163.731 154.118 0.799999
      vertex 167.732 164.778 0.799999
    endloop
  endfacet
  facet normal 0 0 -1
    outer loop
      vertex 163.731 157.075 0.799999
      vertex 167.732 164.778 0.799999
      vertex 163.731 154.118 0.799999
    endloop
  endfacet
  facet normal 0 0 -1
    outer loop
      vertex 163.731 161.808 0.799999
      vertex 167.732 164.778 0.799999
      vertex 163.731 157.075 0.799999
    endloop
  endfacet
  facet normal 0 0 -1
    outer loop
      vertex 158.984 164.778 0.799999
      vertex 163.731 161.808 0.799999
      vertex 159.174 161.808 0.799999
    endloop
  endfacet
  facet normal 0 0 -1
    outer loop
      vertex 163.731 161.808 0.799999
      vertex 158.984 164.778 0.799999
      vertex 167.732 164.778 0.799999
    endloop
  endfacet
  facet normal 0 0 -1
    outer loop
      vertex 158.729 161.797 0.799999
      vertex 158.984 164.778 0.799999
      vertex 159.174 161.808 0.799999
    endloop
  endfacet
  facet normal 0 0 -1
    outer loop
      vertex 158.019 164.754 0.799999
      vertex 158.729 161.797 0.799999
      vertex 158.317 161.764 0.799999
    endloop
  endfacet
  facet normal 0 0 -1
    outer loop
      vertex 158.729 161.797 0.799999
      vertex 158.019 164.754 0.799999
      vertex 158.984 164.778 0.799999
    endloop
  endfacet
  facet normal 0 0 -1
    outer loop
      vertex 157.936 161.708 0.799999
      vertex 158.019 164.754 0.799999
      vertex 158.317 161.764 0.799999
    endloop
  endfacet
  facet normal 0 0 -1
    outer loop
      vertex 157.124 164.679 0.799999
      vertex 157.936 161.708 0.799999
      vertex 157.589 161.631 0.799999
    endloop
  endfacet
  facet normal 0 0 -1
    outer loop
      vertex 157.124 164.679 0.799999
      vertex 157.589 161.631 0.799999
      vertex 157.273 161.531 0.799999
    endloop
  endfacet
  facet normal 0 0 -1
    outer loop
      vertex 157.936 161.708 0.799999
      vertex 157.124 164.679 0.799999
      vertex 158.019 164.754 0.799999
    endloop
  endfacet
  facet normal 0 0 -1
    outer loop
      vertex 156.298 164.555 0.799999
      vertex 157.273 161.531 0.799999
      vertex 156.99 161.41 0.799999
    endloop
  endfacet
  facet normal 0 0 -1
    outer loop
      vertex 155.541 164.382 0.799999
      vertex 156.99 161.41 0.799999
      vertex 156.74 161.266 0.799999
    endloop
  endfacet
  facet normal 0 0 -1
    outer loop
      vertex 155.541 164.382 0.799999
      vertex 156.74 161.266 0.799999
      vertex 156.522 161.095 0.799999
    endloop
  endfacet
  facet normal 0 0 -1
    outer loop
      vertex 155.541 164.382 0.799999
      vertex 156.522 161.095 0.799999
      vertex 156.338 160.895 0.799999
    endloop
  endfacet
  facet normal 0 0 -1
    outer loop
      vertex 157.273 161.531 0.799999
      vertex 156.298 164.555 0.799999
      vertex 157.124 164.679 0.799999
    endloop
  endfacet
  facet normal 0 0 -1
    outer loop
      vertex 155.541 164.382 0.799999
      vertex 156.338 160.895 0.799999
      vertex 156.187 160.664 0.799999
    endloop
  endfacet
  facet normal 0 0 -1
    outer loop
      vertex 155.541 164.382 0.799999
      vertex 156.187 160.664 0.799999
      vertex 156.07 160.402 0.799999
    endloop
  endfacet
  facet normal 0 0 -1
    outer loop
      vertex 155.541 164.382 0.799999
      vertex 156.07 160.402 0.799999
      vertex 155.986 160.11 0.799999
    endloop
  endfacet
  facet normal 0 0 -1
    outer loop
      vertex 155.541 164.382 0.799999
      vertex 155.986 160.11 0.799999
      vertex 155.936 159.788 0.799999
    endloop
  endfacet
  facet normal 0 0 -1
    outer loop
      vertex 156.99 161.41 0.799999
      vertex 155.541 164.382 0.799999
      vertex 156.298 164.555 0.799999
    endloop
  endfacet
  facet normal 0 0 -1
    outer loop
      vertex 155.541 164.382 0.799999
      vertex 155.936 159.788 0.799999
      vertex 155.919 159.435 0.799999
    endloop
  endfacet
  facet normal 0 0 -1
    outer loop
      vertex 153.385 156.651 0.799999
      vertex 156.06 158.532 0.799999
      vertex 153.739 156.405 0.799999
    endloop
  endfacet
  facet normal 0 0 -1
    outer loop
      vertex 155.919 159.435 0.799999
      vertex 154.854 164.159 0.799999
      vertex 155.541 164.382 0.799999
    endloop
  endfacet
  facet normal 0 0 -1
    outer loop
      vertex 153.07 156.926 0.799999
      vertex 156.06 158.532 0.799999
      vertex 153.385 156.651 0.799999
    endloop
  endfacet
  facet normal 0 0 -1
    outer loop
      vertex 155.919 159.435 0.799999
      vertex 154.236 163.886 0.799999
      vertex 154.854 164.159 0.799999
    endloop
  endfacet
  facet normal -0 0 -1
    outer loop
      vertex 156.06 158.532 0.799999
      vertex 153.07 156.926 0.799999
      vertex 155.982 158.809 0.799999
    endloop
  endfacet
  facet normal 0 0 -1
    outer loop
      vertex 152.793 157.231 0.799999
      vertex 155.982 158.809 0.799999
      vertex 153.07 156.926 0.799999
    endloop
  endfacet
  facet normal 0 -0 -1
    outer loop
      vertex 151.928 160.632 0.799999
      vertex 155.919 159.435 0.799999
      vertex 151.891 159.977 0.799999
    endloop
  endfacet
  facet normal 0 0 -1
    outer loop
      vertex 152.554 157.561 0.799999
      vertex 155.982 158.809 0.799999
      vertex 152.793 157.231 0.799999
    endloop
  endfacet
  facet normal 0 -0 -1
    outer loop
      vertex 152.038 161.239 0.799999
      vertex 155.919 159.435 0.799999
      vertex 151.928 160.632 0.799999
    endloop
  endfacet
  facet normal -0 0 -1
    outer loop
      vertex 155.982 158.809 0.799999
      vertex 152.554 157.561 0.799999
      vertex 155.935 159.11 0.799999
    endloop
  endfacet
  facet normal 0 0 -1
    outer loop
      vertex 155.919 159.435 0.799999
      vertex 153.688 163.564 0.799999
      vertex 154.236 163.886 0.799999
    endloop
  endfacet
  facet normal 0 0 -1
    outer loop
      vertex 152.351 157.912 0.799999
      vertex 155.935 159.11 0.799999
      vertex 152.554 157.561 0.799999
    endloop
  endfacet
  facet normal 0 0 -1
    outer loop
      vertex 152.186 158.283 0.799999
      vertex 155.935 159.11 0.799999
      vertex 152.351 157.912 0.799999
    endloop
  endfacet
  facet normal 0 0 -1
    outer loop
      vertex 155.919 159.435 0.799999
      vertex 153.211 163.194 0.799999
      vertex 153.688 163.564 0.799999
    endloop
  endfacet
  facet normal 0 0 -1
    outer loop
      vertex 152.057 158.676 0.799999
      vertex 155.935 159.11 0.799999
      vertex 152.186 158.283 0.799999
    endloop
  endfacet
  facet normal 0 -0 -1
    outer loop
      vertex 152.221 161.798 0.799999
      vertex 155.919 159.435 0.799999
      vertex 152.038 161.239 0.799999
    endloop
  endfacet
  facet normal -0 0 -1
    outer loop
      vertex 155.935 159.11 0.799999
      vertex 152.057 158.676 0.799999
      vertex 155.919 159.435 0.799999
    endloop
  endfacet
  facet normal 0 0 -1
    outer loop
      vertex 155.919 159.435 0.799999
      vertex 152.057 158.676 0.799999
      vertex 151.965 159.089 0.799999
    endloop
  endfacet
  facet normal -0 0 -1
    outer loop
      vertex 155.919 159.435 0.799999
      vertex 151.965 159.089 0.799999
      vertex 151.909 159.523 0.799999
    endloop
  endfacet
  facet normal 0 0 -1
    outer loop
      vertex 155.919 159.435 0.799999
      vertex 152.478 162.311 0.799999
      vertex 152.808 162.776 0.799999
    endloop
  endfacet
  facet normal 0 0 -1
    outer loop
      vertex 155.919 159.435 0.799999
      vertex 152.221 161.798 0.799999
      vertex 152.478 162.311 0.799999
    endloop
  endfacet
  facet normal 0 0 -1
    outer loop
      vertex 155.919 159.435 0.799999
      vertex 151.909 159.523 0.799999
      vertex 151.891 159.977 0.799999
    endloop
  endfacet
  facet normal 0 0 -1
    outer loop
      vertex 155.919 159.435 0.799999
      vertex 152.808 162.776 0.799999
      vertex 153.211 163.194 0.799999
    endloop
  endfacet
  facet normal 0 0 -1
    outer loop
      vertex 139.448 152.925 0.799999
      vertex 144.141 156.031 0.799999
      vertex 144.141 152.925 0.799999
    endloop
  endfacet
  facet normal 0 0 -1
    outer loop
      vertex 139.448 152.925 0.799999
      vertex 138.906 156.031 0.799999
      vertex 144.141 156.031 0.799999
    endloop
  endfacet
  facet normal 0 0 -1
    outer loop
      vertex 139.448 152.925 0.799999
      vertex 138.442 156.046 0.799999
      vertex 138.906 156.031 0.799999
    endloop
  endfacet
  facet normal 0 0 -1
    outer loop
      vertex 139.448 152.925 0.799999
      vertex 138.011 156.093 0.799999
      vertex 138.442 156.046 0.799999
    endloop
  endfacet
  facet normal 0 0 -1
    outer loop
      vertex 135.678 153.698 0.799999
      vertex 138.011 156.093 0.799999
      vertex 139.448 152.925 0.799999
    endloop
  endfacet
  facet normal -0 0 -1
    outer loop
      vertex 138.011 156.093 0.799999
      vertex 135.678 153.698 0.799999
      vertex 137.614 156.17 0.799999
    endloop
  endfacet
  facet normal -0 0 -1
    outer loop
      vertex 137.614 156.17 0.799999
      vertex 135.678 153.698 0.799999
      vertex 137.25 156.279 0.799999
    endloop
  endfacet
  facet normal -0 0 -1
    outer loop
      vertex 137.25 156.279 0.799999
      vertex 135.678 153.698 0.799999
      vertex 136.919 156.418 0.799999
    endloop
  endfacet
  facet normal -0 0 -1
    outer loop
      vertex 136.919 156.418 0.799999
      vertex 135.678 153.698 0.799999
      vertex 136.621 156.588 0.799999
    endloop
  endfacet
  facet normal 0 0 -1
    outer loop
      vertex 135.14 153.85 0.799999
      vertex 136.621 156.588 0.799999
      vertex 135.678 153.698 0.799999
    endloop
  endfacet
  facet normal 0 0 -1
    outer loop
      vertex 134.163 154.276 0.799999
      vertex 136.356 156.79 0.799999
      vertex 134.635 154.043 0.799999
    endloop
  endfacet
  facet normal 0 0 -1
    outer loop
      vertex 134.635 154.043 0.799999
      vertex 136.356 156.79 0.799999
      vertex 135.14 153.85 0.799999
    endloop
  endfacet
  facet normal -0 0 -1
    outer loop
      vertex 136.621 156.588 0.799999
      vertex 135.14 153.85 0.799999
      vertex 136.356 156.79 0.799999
    endloop
  endfacet
  facet normal 0 0 -1
    outer loop
      vertex 135.013 145.669 0.799999
      vertex 135.678 153.698 0.799999
      vertex 139.448 152.925 0.799999
    endloop
  endfacet
  facet normal 0 0 -1
    outer loop
      vertex 135.678 153.698 0.799999
      vertex 135.013 145.669 0.799999
      vertex 130.511 145.669 0.799999
    endloop
  endfacet
  facet normal 0 0 -1
    outer loop
      vertex 144.141 152.925 0.799999
      vertex 148.142 145.669 0.799999
      vertex 144.141 145.669 0.799999
    endloop
  endfacet
  facet normal 0 0 -1
    outer loop
      vertex 144.141 156.031 0.799999
      vertex 148.142 145.669 0.799999
      vertex 144.141 152.925 0.799999
    endloop
  endfacet
  facet normal 0 0 -1
    outer loop
      vertex 148.142 145.669 0.799999
      vertex 144.141 156.031 0.799999
      vertex 148.142 164.778 0.799999
    endloop
  endfacet
  facet normal 0 0 -1
    outer loop
      vertex 144.141 161.673 0.799999
      vertex 148.142 164.778 0.799999
      vertex 144.141 156.031 0.799999
    endloop
  endfacet
  facet normal 0 0 -1
    outer loop
      vertex 138.594 164.778 0.799999
      vertex 144.141 161.673 0.799999
      vertex 139.014 161.673 0.799999
    endloop
  endfacet
  facet normal 0 0 -1
    outer loop
      vertex 144.141 161.673 0.799999
      vertex 138.594 164.778 0.799999
      vertex 148.142 164.778 0.799999
    endloop
  endfacet
  facet normal 0 0 -1
    outer loop
      vertex 138.079 161.616 0.799999
      vertex 138.594 164.778 0.799999
      vertex 139.014 161.673 0.799999
    endloop
  endfacet
  facet normal 0 0 -1
    outer loop
      vertex 138.079 161.616 0.799999
      vertex 137.649 164.748 0.799999
      vertex 138.594 164.778 0.799999
    endloop
  endfacet
  facet normal 0 0 -1
    outer loop
      vertex 136.768 164.658 0.799999
      vertex 138.079 161.616 0.799999
      vertex 137.287 161.448 0.799999
    endloop
  endfacet
  facet normal 0 0 -1
    outer loop
      vertex 138.079 161.616 0.799999
      vertex 136.768 164.658 0.799999
      vertex 137.649 164.748 0.799999
    endloop
  endfacet
  facet normal 0 0 -1
    outer loop
      vertex 135.951 164.508 0.799999
      vertex 137.287 161.448 0.799999
      vertex 136.64 161.167 0.799999
    endloop
  endfacet
  facet normal 0 0 -1
    outer loop
      vertex 134.507 164.028 0.799999
      vertex 136.64 161.167 0.799999
      vertex 136.136 160.774 0.799999
    endloop
  endfacet
  facet normal 0 0 -1
    outer loop
      vertex 137.287 161.448 0.799999
      vertex 135.951 164.508 0.799999
      vertex 136.768 164.658 0.799999
    endloop
  endfacet
  facet normal 0 0 -1
    outer loop
      vertex 133.318 163.307 0.799999
      vertex 136.136 160.774 0.799999
      vertex 135.776 160.268 0.799999
    endloop
  endfacet
  facet normal 0 0 -1
    outer loop
      vertex 131.801 161.207 0.799999
      vertex 135.776 160.268 0.799999
      vertex 135.56 159.65 0.799999
    endloop
  endfacet
  facet normal 0 0 -1
    outer loop
      vertex 131.498 159.843 0.799999
      vertex 135.56 159.65 0.799999
      vertex 135.488 158.919 0.799999
    endloop
  endfacet
  facet normal 0 0 -1
    outer loop
      vertex 136.64 161.167 0.799999
      vertex 135.197 164.298 0.799999
      vertex 135.951 164.508 0.799999
    endloop
  endfacet
  facet normal -0 0 -1
    outer loop
      vertex 136.356 156.79 0.799999
      vertex 134.163 154.276 0.799999
      vertex 136.126 157.019 0.799999
    endloop
  endfacet
  facet normal 0 0 -1
    outer loop
      vertex 133.723 154.55 0.799999
      vertex 136.126 157.019 0.799999
      vertex 134.163 154.276 0.799999
    endloop
  endfacet
  facet normal -0 0 -1
    outer loop
      vertex 136.126 157.019 0.799999
      vertex 133.723 154.55 0.799999
      vertex 135.931 157.274 0.799999
    endloop
  endfacet
  facet normal 0 0 -1
    outer loop
      vertex 133.316 154.865 0.799999
      vertex 135.931 157.274 0.799999
      vertex 133.723 154.55 0.799999
    endloop
  endfacet
  facet normal 0 0 -1
    outer loop
      vertex 132.941 155.221 0.799999
      vertex 135.931 157.274 0.799999
      vertex 133.316 154.865 0.799999
    endloop
  endfacet
  facet normal -0 0 -1
    outer loop
      vertex 135.931 157.274 0.799999
      vertex 132.941 155.221 0.799999
      vertex 135.772 157.553 0.799999
    endloop
  endfacet
  facet normal 0 0 -1
    outer loop
      vertex 132.599 155.617 0.799999
      vertex 135.772 157.553 0.799999
      vertex 132.941 155.221 0.799999
    endloop
  endfacet
  facet normal 0 -0 -1
    outer loop
      vertex 131.498 159.843 0.799999
      vertex 135.488 158.919 0.799999
      vertex 131.46 159.082 0.799999
    endloop
  endfacet
  facet normal 0 0 -1
    outer loop
      vertex 132.297 156.045 0.799999
      vertex 135.772 157.553 0.799999
      vertex 132.599 155.617 0.799999
    endloop
  endfacet
  facet normal 0 0 -1
    outer loop
      vertex 136.64 161.167 0.799999
      vertex 134.507 164.028 0.799999
      vertex 135.197 164.298 0.799999
    endloop
  endfacet
  facet normal -0 0 -1
    outer loop
      vertex 135.772 157.553 0.799999
      vertex 132.297 156.045 0.799999
      vertex 135.648 157.857 0.799999
    endloop
  endfacet
  facet normal 0 0 -1
    outer loop
      vertex 135.56 159.65 0.799999
      vertex 131.498 159.843 0.799999
      vertex 131.612 160.551 0.799999
    endloop
  endfacet
  facet normal 0 0 -1
    outer loop
      vertex 132.041 156.495 0.799999
      vertex 135.648 157.857 0.799999
      vertex 132.297 156.045 0.799999
    endloop
  endfacet
  facet normal -0 0 -1
    outer loop
      vertex 135.648 157.857 0.799999
      vertex 132.041 156.495 0.799999
      vertex 135.559 158.186 0.799999
    endloop
  endfacet
  facet normal 0 0 -1
    outer loop
      vertex 136.136 160.774 0.799999
      vertex 133.881 163.697 0.799999
      vertex 134.507 164.028 0.799999
    endloop
  endfacet
  facet normal 0 0 -1
    outer loop
      vertex 131.832 156.967 0.799999
      vertex 135.559 158.186 0.799999
      vertex 132.041 156.495 0.799999
    endloop
  endfacet
  facet normal 0 0 -1
    outer loop
      vertex 135.56 159.65 0.799999
      vertex 131.612 160.551 0.799999
      vertex 131.801 161.207 0.799999
    endloop
  endfacet
  facet normal 0 0 -1
    outer loop
      vertex 131.669 157.462 0.799999
      vertex 135.559 158.186 0.799999
      vertex 131.832 156.967 0.799999
    endloop
  endfacet
  facet normal 0 0 -1
    outer loop
      vertex 136.136 160.774 0.799999
      vertex 133.318 163.307 0.799999
      vertex 133.881 163.697 0.799999
    endloop
  endfacet
  facet normal -0 0 -1
    outer loop
      vertex 135.559 158.186 0.799999
      vertex 131.669 157.462 0.799999
      vertex 135.506 158.54 0.799999
    endloop
  endfacet
  facet normal 0 0 -1
    outer loop
      vertex 131.553 157.98 0.799999
      vertex 135.506 158.54 0.799999
      vertex 131.669 157.462 0.799999
    endloop
  endfacet
  facet normal 0 0 -1
    outer loop
      vertex 135.776 160.268 0.799999
      vertex 132.408 162.361 0.799999
      vertex 132.825 162.86 0.799999
    endloop
  endfacet
  facet normal 0 0 -1
    outer loop
      vertex 131.483 158.52 0.799999
      vertex 135.506 158.54 0.799999
      vertex 131.553 157.98 0.799999
    endloop
  endfacet
  facet normal 0 0 -1
    outer loop
      vertex 135.776 160.268 0.799999
      vertex 132.067 161.81 0.799999
      vertex 132.408 162.361 0.799999
    endloop
  endfacet
  facet normal -0 0 -1
    outer loop
      vertex 135.506 158.54 0.799999
      vertex 131.483 158.52 0.799999
      vertex 135.488 158.919 0.799999
    endloop
  endfacet
  facet normal 0 0 -1
    outer loop
      vertex 135.776 160.268 0.799999
      vertex 131.801 161.207 0.799999
      vertex 132.067 161.81 0.799999
    endloop
  endfacet
  facet normal -0 0 -1
    outer loop
      vertex 135.488 158.919 0.799999
      vertex 131.483 158.52 0.799999
      vertex 131.46 159.082 0.799999
    endloop
  endfacet
  facet normal 0 0 -1
    outer loop
      vertex 135.776 160.268 0.799999
      vertex 132.825 162.86 0.799999
      vertex 133.318 163.307 0.799999
    endloop
  endfacet
  facet normal 0 -1 0
    outer loop
      vertex 158.984 164.778 0
      vertex 167.732 164.778 0.799999
      vertex 158.984 164.778 0.799999
    endloop
  endfacet
  facet normal 0 -1 -0
    outer loop
      vertex 167.732 164.778 0.799999
      vertex 158.984 164.778 0
      vertex 167.732 164.778 0
    endloop
  endfacet
  facet normal 0.0248628 -0.999691 0
    outer loop
      vertex 158.019 164.754 0
      vertex 158.984 164.778 0.799999
      vertex 158.019 164.754 0.799999
    endloop
  endfacet
  facet normal 0.0248628 -0.999691 0
    outer loop
      vertex 158.984 164.778 0.799999
      vertex 158.019 164.754 0
      vertex 158.984 164.778 0
    endloop
  endfacet
  facet normal 0.0835062 -0.996507 0
    outer loop
      vertex 157.124 164.679 0
      vertex 158.019 164.754 0.799999
      vertex 157.124 164.679 0.799999
    endloop
  endfacet
  facet normal 0.0835062 -0.996507 0
    outer loop
      vertex 158.019 164.754 0.799999
      vertex 157.124 164.679 0
      vertex 158.019 164.754 0
    endloop
  endfacet
  facet normal 0.148458 -0.988919 0
    outer loop
      vertex 156.298 164.555 0
      vertex 157.124 164.679 0.799999
      vertex 156.298 164.555 0.799999
    endloop
  endfacet
  facet normal 0.148458 -0.988919 0
    outer loop
      vertex 157.124 164.679 0.799999
      vertex 156.298 164.555 0
      vertex 157.124 164.679 0
    endloop
  endfacet
  facet normal 0.22279 -0.974866 0
    outer loop
      vertex 155.541 164.382 0
      vertex 156.298 164.555 0.799999
      vertex 155.541 164.382 0.799999
    endloop
  endfacet
  facet normal 0.22279 -0.974866 0
    outer loop
      vertex 156.298 164.555 0.799999
      vertex 155.541 164.382 0
      vertex 156.298 164.555 0
    endloop
  endfacet
  facet normal 0.308742 -0.951146 0
    outer loop
      vertex 154.854 164.159 0
      vertex 155.541 164.382 0.799999
      vertex 154.854 164.159 0.799999
    endloop
  endfacet
  facet normal 0.308742 -0.951146 0
    outer loop
      vertex 155.541 164.382 0.799999
      vertex 154.854 164.159 0
      vertex 155.541 164.382 0
    endloop
  endfacet
  facet normal 0.404077 -0.914725 0
    outer loop
      vertex 154.236 163.886 0
      vertex 154.854 164.159 0.799999
      vertex 154.236 163.886 0.799999
    endloop
  endfacet
  facet normal 0.404077 -0.914725 0
    outer loop
      vertex 154.854 164.159 0.799999
      vertex 154.236 163.886 0
      vertex 154.854 164.159 0
    endloop
  endfacet
  facet normal 0.506608 -0.862177 0
    outer loop
      vertex 153.688 163.564 0
      vertex 154.236 163.886 0.799999
      vertex 153.688 163.564 0.799999
    endloop
  endfacet
  facet normal 0.506608 -0.862177 0
    outer loop
      vertex 154.236 163.886 0.799999
      vertex 153.688 163.564 0
      vertex 154.236 163.886 0
    endloop
  endfacet
  facet normal 0.612908 -0.790154 0
    outer loop
      vertex 153.211 163.194 0
      vertex 153.688 163.564 0.799999
      vertex 153.211 163.194 0.799999
    endloop
  endfacet
  facet normal 0.612908 -0.790154 0
    outer loop
      vertex 153.688 163.564 0.799999
      vertex 153.211 163.194 0
      vertex 153.688 163.564 0
    endloop
  endfacet
  facet normal 0.719906 -0.694072 0
    outer loop
      vertex 152.808 162.776 0.799999
      vertex 153.211 163.194 0
      vertex 153.211 163.194 0.799999
    endloop
  endfacet
  facet normal 0.719906 -0.694072 0
    outer loop
      vertex 153.211 163.194 0
      vertex 152.808 162.776 0.799999
      vertex 152.808 162.776 0
    endloop
  endfacet
  facet normal 0.815507 -0.578747 0
    outer loop
      vertex 152.478 162.311 0.799999
      vertex 152.808 162.776 0
      vertex 152.808 162.776 0.799999
    endloop
  endfacet
  facet normal 0.815507 -0.578747 0
    outer loop
      vertex 152.808 162.776 0
      vertex 152.478 162.311 0.799999
      vertex 152.478 162.311 0
    endloop
  endfacet
  facet normal 0.894078 -0.447911 0
    outer loop
      vertex 152.221 161.798 0.799999
      vertex 152.478 162.311 0
      vertex 152.478 162.311 0.799999
    endloop
  endfacet
  facet normal 0.894078 -0.447911 0
    outer loop
      vertex 152.478 162.311 0
      vertex 152.221 161.798 0.799999
      vertex 152.221 161.798 0
    endloop
  endfacet
  facet normal 0.95037 -0.311123 0
    outer loop
      vertex 152.038 161.239 0.799999
      vertex 152.221 161.798 0
      vertex 152.221 161.798 0.799999
    endloop
  endfacet
  facet normal 0.95037 -0.311123 0
    outer loop
      vertex 152.221 161.798 0
      vertex 152.038 161.239 0.799999
      vertex 152.038 161.239 0
    endloop
  endfacet
  facet normal 0.983973 -0.178315 0
    outer loop
      vertex 151.928 160.632 0.799999
      vertex 152.038 161.239 0
      vertex 152.038 161.239 0.799999
    endloop
  endfacet
  facet normal 0.983973 -0.178315 0
    outer loop
      vertex 152.038 161.239 0
      vertex 151.928 160.632 0.799999
      vertex 151.928 160.632 0
    endloop
  endfacet
  facet normal 0.998408 -0.0563986 0
    outer loop
      vertex 151.891 159.977 0.799999
      vertex 151.928 160.632 0
      vertex 151.928 160.632 0.799999
    endloop
  endfacet
  facet normal 0.998408 -0.0563986 0
    outer loop
      vertex 151.928 160.632 0
      vertex 151.891 159.977 0.799999
      vertex 151.891 159.977 0
    endloop
  endfacet
  facet normal 0.999215 0.0396165 0
    outer loop
      vertex 151.909 159.523 0.799999
      vertex 151.891 159.977 0
      vertex 151.891 159.977 0.799999
    endloop
  endfacet
  facet normal 0.999215 0.0396165 0
    outer loop
      vertex 151.891 159.977 0
      vertex 151.909 159.523 0.799999
      vertex 151.909 159.523 0
    endloop
  endfacet
  facet normal 0.991778 0.127971 0
    outer loop
      vertex 151.965 159.089 0.799999
      vertex 151.909 159.523 0
      vertex 151.909 159.523 0.799999
    endloop
  endfacet
  facet normal 0.991778 0.127971 0
    outer loop
      vertex 151.909 159.523 0
      vertex 151.965 159.089 0.799999
      vertex 151.965 159.089 0
    endloop
  endfacet
  facet normal 0.976076 0.217431 0
    outer loop
      vertex 152.057 158.676 0.799999
      vertex 151.965 159.089 0
      vertex 151.965 159.089 0.799999
    endloop
  endfacet
  facet normal 0.976076 0.217431 0
    outer loop
      vertex 151.965 159.089 0
      vertex 152.057 158.676 0.799999
      vertex 152.057 158.676 0
    endloop
  endfacet
  facet normal 0.950124 0.311873 0
    outer loop
      vertex 152.186 158.283 0.799999
      vertex 152.057 158.676 0
      vertex 152.057 158.676 0.799999
    endloop
  endfacet
  facet normal 0.950124 0.311873 0
    outer loop
      vertex 152.057 158.676 0
      vertex 152.186 158.283 0.799999
      vertex 152.186 158.283 0
    endloop
  endfacet
  facet normal 0.91371 0.406367 0
    outer loop
      vertex 152.351 157.912 0.799999
      vertex 152.186 158.283 0
      vertex 152.186 158.283 0.799999
    endloop
  endfacet
  facet normal 0.91371 0.406367 0
    outer loop
      vertex 152.186 158.283 0
      vertex 152.351 157.912 0.799999
      vertex 152.351 157.912 0
    endloop
  endfacet
  facet normal 0.865651 0.500647 0
    outer loop
      vertex 152.554 157.561 0.799999
      vertex 152.351 157.912 0
      vertex 152.351 157.912 0.799999
    endloop
  endfacet
  facet normal 0.865651 0.500647 0
    outer loop
      vertex 152.351 157.912 0
      vertex 152.554 157.561 0.799999
      vertex 152.554 157.561 0
    endloop
  endfacet
  facet normal 0.809902 0.586565 0
    outer loop
      vertex 152.793 157.231 0.799999
      vertex 152.554 157.561 0
      vertex 152.554 157.561 0.799999
    endloop
  endfacet
  facet normal 0.809902 0.586565 0
    outer loop
      vertex 152.554 157.561 0
      vertex 152.793 157.231 0.799999
      vertex 152.793 157.231 0
    endloop
  endfacet
  facet normal 0.740269 0.67231 0
    outer loop
      vertex 153.07 156.926 0.799999
      vertex 152.793 157.231 0
      vertex 152.793 157.231 0.799999
    endloop
  endfacet
  facet normal 0.740269 0.67231 0
    outer loop
      vertex 152.793 157.231 0
      vertex 153.07 156.926 0.799999
      vertex 153.07 156.926 0
    endloop
  endfacet
  facet normal 0.657658 0.753317 -0
    outer loop
      vertex 153.385 156.651 0
      vertex 153.07 156.926 0.799999
      vertex 153.385 156.651 0.799999
    endloop
  endfacet
  facet normal 0.657658 0.753317 0
    outer loop
      vertex 153.07 156.926 0.799999
      vertex 153.385 156.651 0
      vertex 153.07 156.926 0
    endloop
  endfacet
  facet normal 0.570657 0.821189 -0
    outer loop
      vertex 153.739 156.405 0
      vertex 153.385 156.651 0.799999
      vertex 153.739 156.405 0.799999
    endloop
  endfacet
  facet normal 0.570657 0.821189 0
    outer loop
      vertex 153.385 156.651 0.799999
      vertex 153.739 156.405 0
      vertex 153.385 156.651 0
    endloop
  endfacet
  facet normal 0.482605 0.875838 -0
    outer loop
      vertex 154.131 156.189 0
      vertex 153.739 156.405 0.799999
      vertex 154.131 156.189 0.799999
    endloop
  endfacet
  facet normal 0.482605 0.875838 0
    outer loop
      vertex 153.739 156.405 0.799999
      vertex 154.131 156.189 0
      vertex 153.739 156.405 0
    endloop
  endfacet
  facet normal 0.396232 0.91815 -0
    outer loop
      vertex 154.562 156.003 0
      vertex 154.131 156.189 0.799999
      vertex 154.562 156.003 0.799999
    endloop
  endfacet
  facet normal 0.396232 0.91815 0
    outer loop
      vertex 154.131 156.189 0.799999
      vertex 154.562 156.003 0
      vertex 154.131 156.189 0
    endloop
  endfacet
  facet normal 0.317441 0.948278 -0
    outer loop
      vertex 155.031 155.846 0
      vertex 154.562 156.003 0.799999
      vertex 155.031 155.846 0.799999
    endloop
  endfacet
  facet normal 0.317441 0.948278 0
    outer loop
      vertex 154.562 156.003 0.799999
      vertex 155.031 155.846 0
      vertex 154.562 156.003 0
    endloop
  endfacet
  facet normal 0.242536 0.970143 -0
    outer loop
      vertex 155.539 155.719 0
      vertex 155.031 155.846 0.799999
      vertex 155.539 155.719 0.799999
    endloop
  endfacet
  facet normal 0.242536 0.970143 0
    outer loop
      vertex 155.031 155.846 0.799999
      vertex 155.539 155.719 0
      vertex 155.031 155.846 0
    endloop
  endfacet
  facet normal 0.149851 -0.988709 0
    outer loop
      vertex 154.899 155.622 0
      vertex 155.539 155.719 0.799999
      vertex 154.899 155.622 0.799999
    endloop
  endfacet
  facet normal 0.149851 -0.988709 0
    outer loop
      vertex 155.539 155.719 0.799999
      vertex 154.899 155.622 0
      vertex 155.539 155.719 0
    endloop
  endfacet
  facet normal 0.218146 -0.975916 0
    outer loop
      vertex 154.304 155.489 0
      vertex 154.899 155.622 0.799999
      vertex 154.304 155.489 0.799999
    endloop
  endfacet
  facet normal 0.218146 -0.975916 0
    outer loop
      vertex 154.899 155.622 0.799999
      vertex 154.304 155.489 0
      vertex 154.899 155.622 0
    endloop
  endfacet
  facet normal 0.296891 -0.954911 0
    outer loop
      vertex 153.754 155.318 0
      vertex 154.304 155.489 0.799999
      vertex 153.754 155.318 0.799999
    endloop
  endfacet
  facet normal 0.296891 -0.954911 0
    outer loop
      vertex 154.304 155.489 0.799999
      vertex 153.754 155.318 0
      vertex 154.304 155.489 0
    endloop
  endfacet
  facet normal 0.381488 -0.924374 0
    outer loop
      vertex 153.25 155.11 0
      vertex 153.754 155.318 0.799999
      vertex 153.25 155.11 0.799999
    endloop
  endfacet
  facet normal 0.381488 -0.924374 0
    outer loop
      vertex 153.754 155.318 0.799999
      vertex 153.25 155.11 0
      vertex 153.754 155.318 0
    endloop
  endfacet
  facet normal 0.471583 -0.881822 0
    outer loop
      vertex 152.79 154.864 0
      vertex 153.25 155.11 0.799999
      vertex 152.79 154.864 0.799999
    endloop
  endfacet
  facet normal 0.471583 -0.881822 0
    outer loop
      vertex 153.25 155.11 0.799999
      vertex 152.79 154.864 0
      vertex 153.25 155.11 0
    endloop
  endfacet
  facet normal 0.564326 -0.825552 0
    outer loop
      vertex 152.376 154.581 0
      vertex 152.79 154.864 0.799999
      vertex 152.376 154.581 0.799999
    endloop
  endfacet
  facet normal 0.564326 -0.825552 0
    outer loop
      vertex 152.79 154.864 0.799999
      vertex 152.376 154.581 0
      vertex 152.79 154.864 0
    endloop
  endfacet
  facet normal 0.654152 -0.756363 0
    outer loop
      vertex 152.006 154.261 0
      vertex 152.376 154.581 0.799999
      vertex 152.006 154.261 0.799999
    endloop
  endfacet
  facet normal 0.654152 -0.756363 0
    outer loop
      vertex 152.376 154.581 0.799999
      vertex 152.006 154.261 0
      vertex 152.376 154.581 0
    endloop
  endfacet
  facet normal 0.740695 -0.671842 0
    outer loop
      vertex 151.684 153.906 0.799999
      vertex 152.006 154.261 0
      vertex 152.006 154.261 0.799999
    endloop
  endfacet
  facet normal 0.740695 -0.671842 0
    outer loop
      vertex 152.006 154.261 0
      vertex 151.684 153.906 0.799999
      vertex 151.684 153.906 0
    endloop
  endfacet
  facet normal 0.817437 -0.576018 0
    outer loop
      vertex 151.412 153.52 0.799999
      vertex 151.684 153.906 0
      vertex 151.684 153.906 0.799999
    endloop
  endfacet
  facet normal 0.817437 -0.576018 0
    outer loop
      vertex 151.684 153.906 0
      vertex 151.412 153.52 0.799999
      vertex 151.412 153.52 0
    endloop
  endfacet
  facet normal 0.881826 -0.471576 0
    outer loop
      vertex 151.189 153.103 0.799999
      vertex 151.412 153.52 0
      vertex 151.412 153.52 0.799999
    endloop
  endfacet
  facet normal 0.881826 -0.471576 0
    outer loop
      vertex 151.412 153.52 0
      vertex 151.189 153.103 0.799999
      vertex 151.189 153.103 0
    endloop
  endfacet
  facet normal 0.932433 -0.361344 0
    outer loop
      vertex 151.015 152.654 0.799999
      vertex 151.189 153.103 0
      vertex 151.189 153.103 0.799999
    endloop
  endfacet
  facet normal 0.932433 -0.361344 0
    outer loop
      vertex 151.189 153.103 0
      vertex 151.015 152.654 0.799999
      vertex 151.015 152.654 0
    endloop
  endfacet
  facet normal 0.968701 -0.24823 0
    outer loop
      vertex 150.892 152.174 0.799999
      vertex 151.015 152.654 0
      vertex 151.015 152.654 0.799999
    endloop
  endfacet
  facet normal 0.968701 -0.24823 0
    outer loop
      vertex 151.015 152.654 0
      vertex 150.892 152.174 0.799999
      vertex 150.892 152.174 0
    endloop
  endfacet
  facet normal 0.9894 -0.145215 0
    outer loop
      vertex 150.817 151.663 0.799999
      vertex 150.892 152.174 0
      vertex 150.892 152.174 0.799999
    endloop
  endfacet
  facet normal 0.9894 -0.145215 0
    outer loop
      vertex 150.892 152.174 0
      vertex 150.817 151.663 0.799999
      vertex 150.817 151.663 0
    endloop
  endfacet
  facet normal 0.998938 -0.0460765 0
    outer loop
      vertex 150.792 151.121 0.799999
      vertex 150.817 151.663 0
      vertex 150.817 151.663 0.799999
    endloop
  endfacet
  facet normal 0.998938 -0.0460765 0
    outer loop
      vertex 150.817 151.663 0
      vertex 150.792 151.121 0.799999
      vertex 150.792 151.121 0
    endloop
  endfacet
  facet normal 0.99846 0.05547 0
    outer loop
      vertex 150.832 150.401 0.799999
      vertex 150.792 151.121 0
      vertex 150.792 151.121 0.799999
    endloop
  endfacet
  facet normal 0.99846 0.05547 0
    outer loop
      vertex 150.792 151.121 0
      vertex 150.832 150.401 0.799999
      vertex 150.832 150.401 0
    endloop
  endfacet
  facet normal 0.984428 0.175791 0
    outer loop
      vertex 150.952 149.729 0.799999
      vertex 150.832 150.401 0
      vertex 150.832 150.401 0.799999
    endloop
  endfacet
  facet normal 0.984428 0.175791 0
    outer loop
      vertex 150.832 150.401 0
      vertex 150.952 149.729 0.799999
      vertex 150.952 149.729 0
    endloop
  endfacet
  facet normal 0.952584 0.304276 0
    outer loop
      vertex 151.151 149.106 0.799999
      vertex 150.952 149.729 0
      vertex 150.952 149.729 0.799999
    endloop
  endfacet
  facet normal 0.952584 0.304276 0
    outer loop
      vertex 150.952 149.729 0
      vertex 151.151 149.106 0.799999
      vertex 151.151 149.106 0
    endloop
  endfacet
  facet normal 0.899981 0.435928 0
    outer loop
      vertex 151.43 148.53 0.799999
      vertex 151.151 149.106 0
      vertex 151.151 149.106 0.799999
    endloop
  endfacet
  facet normal 0.899981 0.435928 0
    outer loop
      vertex 151.151 149.106 0
      vertex 151.43 148.53 0.799999
      vertex 151.43 148.53 0
    endloop
  endfacet
  facet normal 0.82646 0.562996 0
    outer loop
      vertex 151.789 148.003 0.799999
      vertex 151.43 148.53 0
      vertex 151.43 148.53 0.799999
    endloop
  endfacet
  facet normal 0.82646 0.562996 0
    outer loop
      vertex 151.43 148.53 0
      vertex 151.789 148.003 0.799999
      vertex 151.789 148.003 0
    endloop
  endfacet
  facet normal 0.737985 0.674817 0
    outer loop
      vertex 152.227 147.524 0.799999
      vertex 151.789 148.003 0
      vertex 151.789 148.003 0.799999
    endloop
  endfacet
  facet normal 0.737985 0.674817 0
    outer loop
      vertex 151.789 148.003 0
      vertex 152.227 147.524 0.799999
      vertex 152.227 147.524 0
    endloop
  endfacet
  facet normal 0.6396 0.768708 -0
    outer loop
      vertex 152.745 147.093 0
      vertex 152.227 147.524 0.799999
      vertex 152.745 147.093 0.799999
    endloop
  endfacet
  facet normal 0.6396 0.768708 0
    outer loop
      vertex 152.227 147.524 0.799999
      vertex 152.745 147.093 0
      vertex 152.227 147.524 0
    endloop
  endfacet
  facet normal 0.540107 0.841596 -0
    outer loop
      vertex 153.334 146.715 0
      vertex 152.745 147.093 0.799999
      vertex 153.334 146.715 0.799999
    endloop
  endfacet
  facet normal 0.540107 0.841596 0
    outer loop
      vertex 152.745 147.093 0.799999
      vertex 153.334 146.715 0
      vertex 152.745 147.093 0
    endloop
  endfacet
  facet normal 0.441138 0.897439 -0
    outer loop
      vertex 153.985 146.395 0
      vertex 153.334 146.715 0.799999
      vertex 153.985 146.395 0.799999
    endloop
  endfacet
  facet normal 0.441138 0.897439 0
    outer loop
      vertex 153.334 146.715 0.799999
      vertex 153.985 146.395 0
      vertex 153.334 146.715 0
    endloop
  endfacet
  facet normal 0.343752 0.939061 -0
    outer loop
      vertex 154.698 146.134 0
      vertex 153.985 146.395 0.799999
      vertex 154.698 146.134 0.799999
    endloop
  endfacet
  facet normal 0.343752 0.939061 0
    outer loop
      vertex 153.985 146.395 0.799999
      vertex 154.698 146.134 0
      vertex 153.985 146.395 0
    endloop
  endfacet
  facet normal 0.254555 0.967058 -0
    outer loop
      vertex 155.473 145.93 0
      vertex 154.698 146.134 0.799999
      vertex 155.473 145.93 0.799999
    endloop
  endfacet
  facet normal 0.254555 0.967058 0
    outer loop
      vertex 154.698 146.134 0.799999
      vertex 155.473 145.93 0
      vertex 154.698 146.134 0
    endloop
  endfacet
  facet normal 0.170695 0.985324 -0
    outer loop
      vertex 156.31 145.785 0
      vertex 155.473 145.93 0.799999
      vertex 156.31 145.785 0.799999
    endloop
  endfacet
  facet normal 0.170695 0.985324 0
    outer loop
      vertex 155.473 145.93 0.799999
      vertex 156.31 145.785 0
      vertex 155.473 145.93 0
    endloop
  endfacet
  facet normal 0.0963242 0.99535 -0
    outer loop
      vertex 157.209 145.698 0
      vertex 156.31 145.785 0.799999
      vertex 157.209 145.698 0.799999
    endloop
  endfacet
  facet normal 0.0963242 0.99535 0
    outer loop
      vertex 156.31 145.785 0.799999
      vertex 157.209 145.698 0
      vertex 156.31 145.785 0
    endloop
  endfacet
  facet normal 0.0301632 0.999545 -0
    outer loop
      vertex 158.17 145.669 0
      vertex 157.209 145.698 0.799999
      vertex 158.17 145.669 0.799999
    endloop
  endfacet
  facet normal 0.0301632 0.999545 0
    outer loop
      vertex 157.209 145.698 0.799999
      vertex 158.17 145.669 0
      vertex 157.209 145.698 0
    endloop
  endfacet
  facet normal 0 1 -0
    outer loop
      vertex 167.732 145.669 0
      vertex 158.17 145.669 0.799999
      vertex 167.732 145.669 0.799999
    endloop
  endfacet
  facet normal 0 1 0
    outer loop
      vertex 158.17 145.669 0.799999
      vertex 167.732 145.669 0
      vertex 158.17 145.669 0
    endloop
  endfacet
  facet normal -1 0 0
    outer loop
      vertex 167.732 145.669 0
      vertex 167.732 164.778 0.799999
      vertex 167.732 164.778 0
    endloop
  endfacet
  facet normal -1 -0 0
    outer loop
      vertex 167.732 164.778 0.799999
      vertex 167.732 145.669 0
      vertex 167.732 145.669 0.799999
    endloop
  endfacet
  facet normal -0.0257425 -0.999669 0
    outer loop
      vertex 158.681 157.087 0
      vertex 159.147 157.075 0.799999
      vertex 158.681 157.087 0.799999
    endloop
  endfacet
  facet normal -0.0257425 -0.999669 -0
    outer loop
      vertex 159.147 157.075 0.799999
      vertex 158.681 157.087 0
      vertex 159.147 157.075 0
    endloop
  endfacet
  facet normal -0.0840111 -0.996465 0
    outer loop
      vertex 158.254 157.123 0
      vertex 158.681 157.087 0.799999
      vertex 158.254 157.123 0.799999
    endloop
  endfacet
  facet normal -0.0840111 -0.996465 -0
    outer loop
      vertex 158.681 157.087 0.799999
      vertex 158.254 157.123 0
      vertex 158.681 157.087 0
    endloop
  endfacet
  facet normal -0.152057 -0.988372 0
    outer loop
      vertex 157.864 157.183 0
      vertex 158.254 157.123 0.799999
      vertex 157.864 157.183 0.799999
    endloop
  endfacet
  facet normal -0.152057 -0.988372 -0
    outer loop
      vertex 158.254 157.123 0.799999
      vertex 157.864 157.183 0
      vertex 158.254 157.123 0
    endloop
  endfacet
  facet normal -0.232744 -0.972538 0
    outer loop
      vertex 157.513 157.267 0
      vertex 157.864 157.183 0.799999
      vertex 157.513 157.267 0.799999
    endloop
  endfacet
  facet normal -0.232744 -0.972538 -0
    outer loop
      vertex 157.864 157.183 0.799999
      vertex 157.513 157.267 0
      vertex 157.864 157.183 0
    endloop
  endfacet
  facet normal -0.327937 -0.9447 0
    outer loop
      vertex 157.199 157.376 0
      vertex 157.513 157.267 0.799999
      vertex 157.199 157.376 0.799999
    endloop
  endfacet
  facet normal -0.327937 -0.9447 -0
    outer loop
      vertex 157.513 157.267 0.799999
      vertex 157.199 157.376 0
      vertex 157.513 157.267 0
    endloop
  endfacet
  facet normal -0.431455 -0.902134 0
    outer loop
      vertex 156.923 157.508 0
      vertex 157.199 157.376 0.799999
      vertex 156.923 157.508 0.799999
    endloop
  endfacet
  facet normal -0.431455 -0.902134 -0
    outer loop
      vertex 157.199 157.376 0.799999
      vertex 156.923 157.508 0
      vertex 157.199 157.376 0
    endloop
  endfacet
  facet normal -0.550647 -0.834738 0
    outer loop
      vertex 156.685 157.665 0
      vertex 156.923 157.508 0.799999
      vertex 156.685 157.665 0.799999
    endloop
  endfacet
  facet normal -0.550647 -0.834738 -0
    outer loop
      vertex 156.923 157.508 0.799999
      vertex 156.685 157.665 0
      vertex 156.923 157.508 0
    endloop
  endfacet
  facet normal -0.663448 -0.748222 0
    outer loop
      vertex 156.482 157.845 0
      vertex 156.685 157.665 0.799999
      vertex 156.482 157.845 0.799999
    endloop
  endfacet
  facet normal -0.663448 -0.748222 -0
    outer loop
      vertex 156.685 157.665 0.799999
      vertex 156.482 157.845 0
      vertex 156.685 157.665 0
    endloop
  endfacet
  facet normal -0.766073 -0.642754 0
    outer loop
      vertex 156.482 157.845 0
      vertex 156.31 158.05 0.799999
      vertex 156.31 158.05 0
    endloop
  endfacet
  facet normal -0.766073 -0.642754 0
    outer loop
      vertex 156.31 158.05 0.799999
      vertex 156.482 157.845 0
      vertex 156.482 157.845 0.799999
    endloop
  endfacet
  facet normal -0.851531 -0.524305 0
    outer loop
      vertex 156.31 158.05 0
      vertex 156.169 158.279 0.799999
      vertex 156.169 158.279 0
    endloop
  endfacet
  facet normal -0.851531 -0.524305 0
    outer loop
      vertex 156.169 158.279 0.799999
      vertex 156.31 158.05 0
      vertex 156.31 158.05 0.799999
    endloop
  endfacet
  facet normal -0.918392 -0.395671 0
    outer loop
      vertex 156.169 158.279 0
      vertex 156.06 158.532 0.799999
      vertex 156.06 158.532 0
    endloop
  endfacet
  facet normal -0.918392 -0.395671 0
    outer loop
      vertex 156.06 158.532 0.799999
      vertex 156.169 158.279 0
      vertex 156.169 158.279 0.799999
    endloop
  endfacet
  facet normal -0.962566 -0.271047 0
    outer loop
      vertex 156.06 158.532 0
      vertex 155.982 158.809 0.799999
      vertex 155.982 158.809 0
    endloop
  endfacet
  facet normal -0.962566 -0.271047 0
    outer loop
      vertex 155.982 158.809 0.799999
      vertex 156.06 158.532 0
      vertex 156.06 158.532 0.799999
    endloop
  endfacet
  facet normal -0.988028 -0.154277 0
    outer loop
      vertex 155.982 158.809 0
      vertex 155.935 159.11 0.799999
      vertex 155.935 159.11 0
    endloop
  endfacet
  facet normal -0.988028 -0.154277 0
    outer loop
      vertex 155.935 159.11 0.799999
      vertex 155.982 158.809 0
      vertex 155.982 158.809 0.799999
    endloop
  endfacet
  facet normal -0.99879 -0.0491712 0
    outer loop
      vertex 155.935 159.11 0
      vertex 155.919 159.435 0.799999
      vertex 155.919 159.435 0
    endloop
  endfacet
  facet normal -0.99879 -0.0491712 0
    outer loop
      vertex 155.919 159.435 0.799999
      vertex 155.935 159.11 0
      vertex 155.935 159.11 0.799999
    endloop
  endfacet
  facet normal -0.998842 0.0481029 0
    outer loop
      vertex 155.919 159.435 0
      vertex 155.936 159.788 0.799999
      vertex 155.936 159.788 0
    endloop
  endfacet
  facet normal -0.998842 0.0481029 0
    outer loop
      vertex 155.936 159.788 0.799999
      vertex 155.919 159.435 0
      vertex 155.919 159.435 0.799999
    endloop
  endfacet
  facet normal -0.988158 0.153441 0
    outer loop
      vertex 155.936 159.788 0
      vertex 155.986 160.11 0.799999
      vertex 155.986 160.11 0
    endloop
  endfacet
  facet normal -0.988158 0.153441 0
    outer loop
      vertex 155.986 160.11 0.799999
      vertex 155.936 159.788 0
      vertex 155.936 159.788 0.799999
    endloop
  endfacet
  facet normal -0.961026 0.276459 0
    outer loop
      vertex 155.986 160.11 0
      vertex 156.07 160.402 0.799999
      vertex 156.07 160.402 0
    endloop
  endfacet
  facet normal -0.961026 0.276459 0
    outer loop
      vertex 156.07 160.402 0.799999
      vertex 155.986 160.11 0
      vertex 155.986 160.11 0.799999
    endloop
  endfacet
  facet normal -0.913092 0.407755 0
    outer loop
      vertex 156.07 160.402 0
      vertex 156.187 160.664 0.799999
      vertex 156.187 160.664 0
    endloop
  endfacet
  facet normal -0.913092 0.407755 0
    outer loop
      vertex 156.187 160.664 0.799999
      vertex 156.07 160.402 0
      vertex 156.07 160.402 0.799999
    endloop
  endfacet
  facet normal -0.837033 0.547152 0
    outer loop
      vertex 156.187 160.664 0
      vertex 156.338 160.895 0.799999
      vertex 156.338 160.895 0
    endloop
  endfacet
  facet normal -0.837033 0.547152 0
    outer loop
      vertex 156.338 160.895 0.799999
      vertex 156.187 160.664 0
      vertex 156.187 160.664 0.799999
    endloop
  endfacet
  facet normal -0.735931 0.677057 0
    outer loop
      vertex 156.338 160.895 0
      vertex 156.522 161.095 0.799999
      vertex 156.522 161.095 0
    endloop
  endfacet
  facet normal -0.735931 0.677057 0
    outer loop
      vertex 156.522 161.095 0.799999
      vertex 156.338 160.895 0
      vertex 156.338 160.895 0.799999
    endloop
  endfacet
  facet normal -0.617184 0.786819 0
    outer loop
      vertex 156.74 161.266 0
      vertex 156.522 161.095 0.799999
      vertex 156.74 161.266 0.799999
    endloop
  endfacet
  facet normal -0.617184 0.786819 0
    outer loop
      vertex 156.522 161.095 0.799999
      vertex 156.74 161.266 0
      vertex 156.522 161.095 0
    endloop
  endfacet
  facet normal -0.499122 0.866532 0
    outer loop
      vertex 156.99 161.41 0
      vertex 156.74 161.266 0.799999
      vertex 156.99 161.41 0.799999
    endloop
  endfacet
  facet normal -0.499122 0.866532 0
    outer loop
      vertex 156.74 161.266 0.799999
      vertex 156.99 161.41 0
      vertex 156.74 161.266 0
    endloop
  endfacet
  facet normal -0.393135 0.919481 0
    outer loop
      vertex 157.273 161.531 0
      vertex 156.99 161.41 0.799999
      vertex 157.273 161.531 0.799999
    endloop
  endfacet
  facet normal -0.393135 0.919481 0
    outer loop
      vertex 156.99 161.41 0.799999
      vertex 157.273 161.531 0
      vertex 156.99 161.41 0
    endloop
  endfacet
  facet normal -0.301709 0.9534 0
    outer loop
      vertex 157.589 161.631 0
      vertex 157.273 161.531 0.799999
      vertex 157.589 161.631 0.799999
    endloop
  endfacet
  facet normal -0.301709 0.9534 0
    outer loop
      vertex 157.273 161.531 0.799999
      vertex 157.589 161.631 0
      vertex 157.273 161.531 0
    endloop
  endfacet
  facet normal -0.216633 0.976253 0
    outer loop
      vertex 157.936 161.708 0
      vertex 157.589 161.631 0.799999
      vertex 157.936 161.708 0.799999
    endloop
  endfacet
  facet normal -0.216633 0.976253 0
    outer loop
      vertex 157.589 161.631 0.799999
      vertex 157.936 161.708 0
      vertex 157.589 161.631 0
    endloop
  endfacet
  facet normal -0.145419 0.98937 0
    outer loop
      vertex 158.317 161.764 0
      vertex 157.936 161.708 0.799999
      vertex 158.317 161.764 0.799999
    endloop
  endfacet
  facet normal -0.145419 0.98937 0
    outer loop
      vertex 157.936 161.708 0.799999
      vertex 158.317 161.764 0
      vertex 157.936 161.708 0
    endloop
  endfacet
  facet normal -0.0798414 0.996808 0
    outer loop
      vertex 158.729 161.797 0
      vertex 158.317 161.764 0.799999
      vertex 158.729 161.797 0.799999
    endloop
  endfacet
  facet normal -0.0798414 0.996808 0
    outer loop
      vertex 158.317 161.764 0.799999
      vertex 158.729 161.797 0
      vertex 158.317 161.764 0
    endloop
  endfacet
  facet normal -0.0247116 0.999695 0
    outer loop
      vertex 159.174 161.808 0
      vertex 158.729 161.797 0.799999
      vertex 159.174 161.808 0.799999
    endloop
  endfacet
  facet normal -0.0247116 0.999695 0
    outer loop
      vertex 158.729 161.797 0.799999
      vertex 159.174 161.808 0
      vertex 158.729 161.797 0
    endloop
  endfacet
  facet normal 0 1 -0
    outer loop
      vertex 163.731 161.808 0
      vertex 159.174 161.808 0.799999
      vertex 163.731 161.808 0.799999
    endloop
  endfacet
  facet normal 0 1 0
    outer loop
      vertex 159.174 161.808 0.799999
      vertex 163.731 161.808 0
      vertex 159.174 161.808 0
    endloop
  endfacet
  facet normal 1 -0 0
    outer loop
      vertex 163.731 157.075 0.799999
      vertex 163.731 161.808 0
      vertex 163.731 161.808 0.799999
    endloop
  endfacet
  facet normal 1 0 0
    outer loop
      vertex 163.731 161.808 0
      vertex 163.731 157.075 0.799999
      vertex 163.731 157.075 0
    endloop
  endfacet
  facet normal 0 -1 0
    outer loop
      vertex 159.147 157.075 0
      vertex 163.731 157.075 0.799999
      vertex 159.147 157.075 0.799999
    endloop
  endfacet
  facet normal 0 -1 -0
    outer loop
      vertex 163.731 157.075 0.799999
      vertex 159.147 157.075 0
      vertex 163.731 157.075 0
    endloop
  endfacet
  facet normal -0.0264558 -0.99965 0
    outer loop
      vertex 157.98 148.653 0
      vertex 158.509 148.639 0.799999
      vertex 157.98 148.653 0.799999
    endloop
  endfacet
  facet normal -0.0264558 -0.99965 -0
    outer loop
      vertex 158.509 148.639 0.799999
      vertex 157.98 148.653 0
      vertex 158.509 148.639 0
    endloop
  endfacet
  facet normal -0.0881331 -0.996109 0
    outer loop
      vertex 157.494 148.696 0
      vertex 157.98 148.653 0.799999
      vertex 157.494 148.696 0.799999
    endloop
  endfacet
  facet normal -0.0881331 -0.996109 -0
    outer loop
      vertex 157.98 148.653 0.799999
      vertex 157.494 148.696 0
      vertex 157.98 148.653 0
    endloop
  endfacet
  facet normal -0.157558 -0.98751 0
    outer loop
      vertex 157.049 148.767 0
      vertex 157.494 148.696 0.799999
      vertex 157.049 148.767 0.799999
    endloop
  endfacet
  facet normal -0.157558 -0.98751 -0
    outer loop
      vertex 157.494 148.696 0.799999
      vertex 157.049 148.767 0
      vertex 157.494 148.696 0
    endloop
  endfacet
  facet normal -0.241399 -0.970426 0
    outer loop
      vertex 156.647 148.867 0
      vertex 157.049 148.767 0.799999
      vertex 156.647 148.867 0.799999
    endloop
  endfacet
  facet normal -0.241399 -0.970426 -0
    outer loop
      vertex 157.049 148.767 0.799999
      vertex 156.647 148.867 0
      vertex 157.049 148.767 0
    endloop
  endfacet
  facet normal -0.335838 -0.94192 0
    outer loop
      vertex 156.288 148.995 0
      vertex 156.647 148.867 0.799999
      vertex 156.288 148.995 0.799999
    endloop
  endfacet
  facet normal -0.335838 -0.94192 -0
    outer loop
      vertex 156.647 148.867 0.799999
      vertex 156.288 148.995 0
      vertex 156.647 148.867 0
    endloop
  endfacet
  facet normal -0.442696 -0.896672 0
    outer loop
      vertex 155.97 149.152 0
      vertex 156.288 148.995 0.799999
      vertex 155.97 149.152 0.799999
    endloop
  endfacet
  facet normal -0.442696 -0.896672 -0
    outer loop
      vertex 156.288 148.995 0.799999
      vertex 155.97 149.152 0
      vertex 156.288 148.995 0
    endloop
  endfacet
  facet normal -0.558177 -0.829722 0
    outer loop
      vertex 155.695 149.337 0
      vertex 155.97 149.152 0.799999
      vertex 155.695 149.337 0.799999
    endloop
  endfacet
  facet normal -0.558177 -0.829722 -0
    outer loop
      vertex 155.97 149.152 0.799999
      vertex 155.695 149.337 0
      vertex 155.97 149.152 0
    endloop
  endfacet
  facet normal -0.673299 -0.73937 0
    outer loop
      vertex 155.46 149.551 0
      vertex 155.695 149.337 0.799999
      vertex 155.46 149.551 0.799999
    endloop
  endfacet
  facet normal -0.673299 -0.73937 -0
    outer loop
      vertex 155.695 149.337 0.799999
      vertex 155.46 149.551 0
      vertex 155.695 149.337 0
    endloop
  endfacet
  facet normal -0.772114 -0.635484 0
    outer loop
      vertex 155.46 149.551 0
      vertex 155.26 149.794 0.799999
      vertex 155.26 149.794 0
    endloop
  endfacet
  facet normal -0.772114 -0.635484 0
    outer loop
      vertex 155.26 149.794 0.799999
      vertex 155.46 149.551 0
      vertex 155.46 149.551 0.799999
    endloop
  endfacet
  facet normal -0.856091 -0.516825 0
    outer loop
      vertex 155.26 149.794 0
      vertex 155.097 150.064 0.799999
      vertex 155.097 150.064 0
    endloop
  endfacet
  facet normal -0.856091 -0.516825 0
    outer loop
      vertex 155.097 150.064 0.799999
      vertex 155.26 149.794 0
      vertex 155.26 149.794 0.799999
    endloop
  endfacet
  facet normal -0.920882 -0.38984 0
    outer loop
      vertex 155.097 150.064 0
      vertex 154.97 150.364 0.799999
      vertex 154.97 150.364 0
    endloop
  endfacet
  facet normal -0.920882 -0.38984 0
    outer loop
      vertex 154.97 150.364 0.799999
      vertex 155.097 150.064 0
      vertex 155.097 150.064 0.799999
    endloop
  endfacet
  facet normal -0.963602 -0.267341 0
    outer loop
      vertex 154.97 150.364 0
      vertex 154.879 150.692 0.799999
      vertex 154.879 150.692 0
    endloop
  endfacet
  facet normal -0.963602 -0.267341 0
    outer loop
      vertex 154.879 150.692 0.799999
      vertex 154.97 150.364 0
      vertex 154.97 150.364 0.799999
    endloop
  endfacet
  facet normal -0.988691 -0.14997 0
    outer loop
      vertex 154.879 150.692 0
      vertex 154.825 151.048 0.799999
      vertex 154.825 151.048 0
    endloop
  endfacet
  facet normal -0.988691 -0.14997 0
    outer loop
      vertex 154.825 151.048 0.799999
      vertex 154.879 150.692 0
      vertex 154.879 150.692 0.799999
    endloop
  endfacet
  facet normal -0.998909 -0.0467022 0
    outer loop
      vertex 154.825 151.048 0
      vertex 154.807 151.433 0.799999
      vertex 154.807 151.433 0
    endloop
  endfacet
  facet normal -0.998909 -0.0467022 0
    outer loop
      vertex 154.807 151.433 0.799999
      vertex 154.825 151.048 0
      vertex 154.825 151.048 0.799999
    endloop
  endfacet
  facet normal -0.994053 0.108899 0
    outer loop
      vertex 154.807 151.433 0
      vertex 154.885 152.145 0.799999
      vertex 154.885 152.145 0
    endloop
  endfacet
  facet normal -0.994053 0.108899 0
    outer loop
      vertex 154.885 152.145 0.799999
      vertex 154.807 151.433 0
      vertex 154.807 151.433 0.799999
    endloop
  endfacet
  facet normal -0.93122 0.364458 0
    outer loop
      vertex 154.885 152.145 0
      vertex 155.121 152.748 0.799999
      vertex 155.121 152.748 0
    endloop
  endfacet
  facet normal -0.93122 0.364458 0
    outer loop
      vertex 155.121 152.748 0.799999
      vertex 154.885 152.145 0
      vertex 154.885 152.145 0.799999
    endloop
  endfacet
  facet normal -0.781951 0.62334 0
    outer loop
      vertex 155.121 152.748 0
      vertex 155.514 153.241 0.799999
      vertex 155.514 153.241 0
    endloop
  endfacet
  facet normal -0.781951 0.62334 0
    outer loop
      vertex 155.514 153.241 0.799999
      vertex 155.121 152.748 0
      vertex 155.121 152.748 0.799999
    endloop
  endfacet
  facet normal -0.571762 0.820419 0
    outer loop
      vertex 156.065 153.625 0
      vertex 155.514 153.241 0.799999
      vertex 156.065 153.625 0.799999
    endloop
  endfacet
  facet normal -0.571762 0.820419 0
    outer loop
      vertex 155.514 153.241 0.799999
      vertex 156.065 153.625 0
      vertex 155.514 153.241 0
    endloop
  endfacet
  facet normal -0.361364 0.932425 0
    outer loop
      vertex 156.772 153.899 0
      vertex 156.065 153.625 0.799999
      vertex 156.772 153.899 0.799999
    endloop
  endfacet
  facet normal -0.361364 0.932425 0
    outer loop
      vertex 156.065 153.625 0.799999
      vertex 156.772 153.899 0
      vertex 156.065 153.625 0
    endloop
  endfacet
  facet normal -0.186277 0.982497 0
    outer loop
      vertex 157.637 154.063 0
      vertex 156.772 153.899 0.799999
      vertex 157.637 154.063 0.799999
    endloop
  endfacet
  facet normal -0.186277 0.982497 0
    outer loop
      vertex 156.772 153.899 0.799999
      vertex 157.637 154.063 0
      vertex 156.772 153.899 0
    endloop
  endfacet
  facet normal -0.0537383 0.998555 0
    outer loop
      vertex 158.659 154.118 0
      vertex 157.637 154.063 0.799999
      vertex 158.659 154.118 0.799999
    endloop
  endfacet
  facet normal -0.0537383 0.998555 0
    outer loop
      vertex 157.637 154.063 0.799999
      vertex 158.659 154.118 0
      vertex 157.637 154.063 0
    endloop
  endfacet
  facet normal 0 1 -0
    outer loop
      vertex 163.731 154.118 0
      vertex 158.659 154.118 0.799999
      vertex 163.731 154.118 0.799999
    endloop
  endfacet
  facet normal 0 1 0
    outer loop
      vertex 158.659 154.118 0.799999
      vertex 163.731 154.118 0
      vertex 158.659 154.118 0
    endloop
  endfacet
  facet normal 1 -0 0
    outer loop
      vertex 163.731 148.639 0.799999
      vertex 163.731 154.118 0
      vertex 163.731 154.118 0.799999
    endloop
  endfacet
  facet normal 1 0 0
    outer loop
      vertex 163.731 154.118 0
      vertex 163.731 148.639 0.799999
      vertex 163.731 148.639 0
    endloop
  endfacet
  facet normal 0 -1 0
    outer loop
      vertex 158.509 148.639 0
      vertex 163.731 148.639 0.799999
      vertex 158.509 148.639 0.799999
    endloop
  endfacet
  facet normal 0 -1 -0
    outer loop
      vertex 163.731 148.639 0.799999
      vertex 158.509 148.639 0
      vertex 163.731 148.639 0
    endloop
  endfacet
  facet normal 0 1 -0
    outer loop
      vertex 144.141 152.925 0
      vertex 139.448 152.925 0.799999
      vertex 144.141 152.925 0.799999
    endloop
  endfacet
  facet normal 0 1 0
    outer loop
      vertex 139.448 152.925 0.799999
      vertex 144.141 152.925 0
      vertex 139.448 152.925 0
    endloop
  endfacet
  facet normal 1 -0 0
    outer loop
      vertex 144.141 145.669 0.799999
      vertex 144.141 152.925 0
      vertex 144.141 152.925 0.799999
    endloop
  endfacet
  facet normal 1 0 0
    outer loop
      vertex 144.141 152.925 0
      vertex 144.141 145.669 0.799999
      vertex 144.141 145.669 0
    endloop
  endfacet
  facet normal 0 1 -0
    outer loop
      vertex 148.142 145.669 0
      vertex 144.141 145.669 0.799999
      vertex 148.142 145.669 0.799999
    endloop
  endfacet
  facet normal 0 1 0
    outer loop
      vertex 144.141 145.669 0.799999
      vertex 148.142 145.669 0
      vertex 144.141 145.669 0
    endloop
  endfacet
  facet normal -1 0 0
    outer loop
      vertex 148.142 145.669 0
      vertex 148.142 164.778 0.799999
      vertex 148.142 164.778 0
    endloop
  endfacet
  facet normal -1 -0 0
    outer loop
      vertex 148.142 164.778 0.799999
      vertex 148.142 145.669 0
      vertex 148.142 145.669 0.799999
    endloop
  endfacet
  facet normal 0 -1 0
    outer loop
      vertex 138.594 164.778 0
      vertex 148.142 164.778 0.799999
      vertex 138.594 164.778 0.799999
    endloop
  endfacet
  facet normal 0 -1 -0
    outer loop
      vertex 148.142 164.778 0.799999
      vertex 138.594 164.778 0
      vertex 148.142 164.778 0
    endloop
  endfacet
  facet normal 0.03173 -0.999496 0
    outer loop
      vertex 137.649 164.748 0
      vertex 138.594 164.778 0.799999
      vertex 137.649 164.748 0.799999
    endloop
  endfacet
  facet normal 0.03173 -0.999496 0
    outer loop
      vertex 138.594 164.778 0.799999
      vertex 137.649 164.748 0
      vertex 138.594 164.778 0
    endloop
  endfacet
  facet normal 0.101628 -0.994822 0
    outer loop
      vertex 136.768 164.658 0
      vertex 137.649 164.748 0.799999
      vertex 136.768 164.658 0.799999
    endloop
  endfacet
  facet normal 0.101628 -0.994822 0
    outer loop
      vertex 137.649 164.748 0.799999
      vertex 136.768 164.658 0
      vertex 137.649 164.748 0
    endloop
  endfacet
  facet normal 0.18058 -0.98356 0
    outer loop
      vertex 135.951 164.508 0
      vertex 136.768 164.658 0.799999
      vertex 135.951 164.508 0.799999
    endloop
  endfacet
  facet normal 0.18058 -0.98356 0
    outer loop
      vertex 136.768 164.658 0.799999
      vertex 135.951 164.508 0
      vertex 136.768 164.658 0
    endloop
  endfacet
  facet normal 0.268303 -0.963335 0
    outer loop
      vertex 135.197 164.298 0
      vertex 135.951 164.508 0.799999
      vertex 135.197 164.298 0.799999
    endloop
  endfacet
  facet normal 0.268303 -0.963335 0
    outer loop
      vertex 135.951 164.508 0.799999
      vertex 135.197 164.298 0
      vertex 135.951 164.508 0
    endloop
  endfacet
  facet normal 0.364399 -0.931243 0
    outer loop
      vertex 134.507 164.028 0
      vertex 135.197 164.298 0.799999
      vertex 134.507 164.028 0.799999
    endloop
  endfacet
  facet normal 0.364399 -0.931243 0
    outer loop
      vertex 135.197 164.298 0.799999
      vertex 134.507 164.028 0
      vertex 135.197 164.298 0
    endloop
  endfacet
  facet normal 0.467433 -0.884028 0
    outer loop
      vertex 133.881 163.697 0
      vertex 134.507 164.028 0.799999
      vertex 133.881 163.697 0.799999
    endloop
  endfacet
  facet normal 0.467433 -0.884028 0
    outer loop
      vertex 134.507 164.028 0.799999
      vertex 133.881 163.697 0
      vertex 134.507 164.028 0
    endloop
  endfacet
  facet normal 0.569438 -0.822034 0
    outer loop
      vertex 133.318 163.307 0
      vertex 133.881 163.697 0.799999
      vertex 133.318 163.307 0.799999
    endloop
  endfacet
  facet normal 0.569438 -0.822034 0
    outer loop
      vertex 133.881 163.697 0.799999
      vertex 133.318 163.307 0
      vertex 133.881 163.697 0
    endloop
  endfacet
  facet normal 0.6717 -0.740823 0
    outer loop
      vertex 132.825 162.86 0
      vertex 133.318 163.307 0.799999
      vertex 132.825 162.86 0.799999
    endloop
  endfacet
  facet normal 0.6717 -0.740823 0
    outer loop
      vertex 133.318 163.307 0.799999
      vertex 132.825 162.86 0
      vertex 133.318 163.307 0
    endloop
  endfacet
  facet normal 0.767338 -0.641243 0
    outer loop
      vertex 132.408 162.361 0.799999
      vertex 132.825 162.86 0
      vertex 132.825 162.86 0.799999
    endloop
  endfacet
  facet normal 0.767338 -0.641243 0
    outer loop
      vertex 132.825 162.86 0
      vertex 132.408 162.361 0.799999
      vertex 132.408 162.361 0
    endloop
  endfacet
  facet normal 0.850331 -0.526248 0
    outer loop
      vertex 132.067 161.81 0.799999
      vertex 132.408 162.361 0
      vertex 132.408 162.361 0.799999
    endloop
  endfacet
  facet normal 0.850331 -0.526248 0
    outer loop
      vertex 132.408 162.361 0
      vertex 132.067 161.81 0.799999
      vertex 132.067 161.81 0
    endloop
  endfacet
  facet normal 0.914934 -0.403603 0
    outer loop
      vertex 131.801 161.207 0.799999
      vertex 132.067 161.81 0
      vertex 132.067 161.81 0.799999
    endloop
  endfacet
  facet normal 0.914934 -0.403603 0
    outer loop
      vertex 132.067 161.81 0
      vertex 131.801 161.207 0.799999
      vertex 131.801 161.207 0
    endloop
  endfacet
  facet normal 0.960914 -0.276849 0
    outer loop
      vertex 131.612 160.551 0.799999
      vertex 131.801 161.207 0
      vertex 131.801 161.207 0.799999
    endloop
  endfacet
  facet normal 0.960914 -0.276849 0
    outer loop
      vertex 131.801 161.207 0
      vertex 131.612 160.551 0.799999
      vertex 131.612 160.551 0
    endloop
  endfacet
  facet normal 0.987284 -0.158969 0
    outer loop
      vertex 131.498 159.843 0.799999
      vertex 131.612 160.551 0
      vertex 131.612 160.551 0.799999
    endloop
  endfacet
  facet normal 0.987284 -0.158969 0
    outer loop
      vertex 131.612 160.551 0
      vertex 131.498 159.843 0.799999
      vertex 131.498 159.843 0
    endloop
  endfacet
  facet normal 0.998756 -0.0498722 0
    outer loop
      vertex 131.46 159.082 0.799999
      vertex 131.498 159.843 0
      vertex 131.498 159.843 0.799999
    endloop
  endfacet
  facet normal 0.998756 -0.0498722 0
    outer loop
      vertex 131.498 159.843 0
      vertex 131.46 159.082 0.799999
      vertex 131.46 159.082 0
    endloop
  endfacet
  facet normal 0.999164 0.040891 0
    outer loop
      vertex 131.483 158.52 0.799999
      vertex 131.46 159.082 0
      vertex 131.46 159.082 0.799999
    endloop
  endfacet
  facet normal 0.999164 0.040891 0
    outer loop
      vertex 131.46 159.082 0
      vertex 131.483 158.52 0.799999
      vertex 131.483 158.52 0
    endloop
  endfacet
  facet normal 0.991703 0.128554 0
    outer loop
      vertex 131.553 157.98 0.799999
      vertex 131.483 158.52 0
      vertex 131.483 158.52 0.799999
    endloop
  endfacet
  facet normal 0.991703 0.128554 0
    outer loop
      vertex 131.483 158.52 0
      vertex 131.553 157.98 0.799999
      vertex 131.553 157.98 0
    endloop
  endfacet
  facet normal 0.975831 0.218526 0
    outer loop
      vertex 131.669 157.462 0.799999
      vertex 131.553 157.98 0
      vertex 131.553 157.98 0.799999
    endloop
  endfacet
  facet normal 0.975831 0.218526 0
    outer loop
      vertex 131.553 157.98 0
      vertex 131.669 157.462 0.799999
      vertex 131.669 157.462 0
    endloop
  endfacet
  facet normal 0.949828 0.312772 0
    outer loop
      vertex 131.832 156.967 0.799999
      vertex 131.669 157.462 0
      vertex 131.669 157.462 0.799999
    endloop
  endfacet
  facet normal 0.949828 0.312772 0
    outer loop
      vertex 131.669 157.462 0
      vertex 131.832 156.967 0.799999
      vertex 131.832 156.967 0
    endloop
  endfacet
  facet normal 0.91437 0.40488 0
    outer loop
      vertex 132.041 156.495 0.799999
      vertex 131.832 156.967 0
      vertex 131.832 156.967 0.799999
    endloop
  endfacet
  facet normal 0.91437 0.40488 0
    outer loop
      vertex 131.832 156.967 0
      vertex 132.041 156.495 0.799999
      vertex 132.041 156.495 0
    endloop
  endfacet
  facet normal 0.869192 0.494474 0
    outer loop
      vertex 132.297 156.045 0.799999
      vertex 132.041 156.495 0
      vertex 132.041 156.495 0.799999
    endloop
  endfacet
  facet normal 0.869192 0.494474 0
    outer loop
      vertex 132.041 156.495 0
      vertex 132.297 156.045 0.799999
      vertex 132.297 156.045 0
    endloop
  endfacet
  facet normal 0.817074 0.576533 0
    outer loop
      vertex 132.599 155.617 0.799999
      vertex 132.297 156.045 0
      vertex 132.297 156.045 0.799999
    endloop
  endfacet
  facet normal 0.817074 0.576533 0
    outer loop
      vertex 132.297 156.045 0
      vertex 132.599 155.617 0.799999
      vertex 132.599 155.617 0
    endloop
  endfacet
  facet normal 0.756823 0.65362 0
    outer loop
      vertex 132.941 155.221 0.799999
      vertex 132.599 155.617 0
      vertex 132.599 155.617 0.799999
    endloop
  endfacet
  facet normal 0.756823 0.65362 0
    outer loop
      vertex 132.599 155.617 0
      vertex 132.941 155.221 0.799999
      vertex 132.941 155.221 0
    endloop
  endfacet
  facet normal 0.688495 0.725241 -0
    outer loop
      vertex 133.316 154.865 0
      vertex 132.941 155.221 0.799999
      vertex 133.316 154.865 0.799999
    endloop
  endfacet
  facet normal 0.688495 0.725241 0
    outer loop
      vertex 132.941 155.221 0.799999
      vertex 133.316 154.865 0
      vertex 132.941 155.221 0
    endloop
  endfacet
  facet normal 0.612056 0.790815 -0
    outer loop
      vertex 133.723 154.55 0
      vertex 133.316 154.865 0.799999
      vertex 133.723 154.55 0.799999
    endloop
  endfacet
  facet normal 0.612056 0.790815 0
    outer loop
      vertex 133.316 154.865 0.799999
      vertex 133.723 154.55 0
      vertex 133.316 154.865 0
    endloop
  endfacet
  facet normal 0.528611 0.848864 -0
    outer loop
      vertex 134.163 154.276 0
      vertex 133.723 154.55 0.799999
      vertex 134.163 154.276 0.799999
    endloop
  endfacet
  facet normal 0.528611 0.848864 0
    outer loop
      vertex 133.723 154.55 0.799999
      vertex 134.163 154.276 0
      vertex 133.723 154.55 0
    endloop
  endfacet
  facet normal 0.442648 0.896695 -0
    outer loop
      vertex 134.635 154.043 0
      vertex 134.163 154.276 0.799999
      vertex 134.635 154.043 0.799999
    endloop
  endfacet
  facet normal 0.442648 0.896695 0
    outer loop
      vertex 134.163 154.276 0.799999
      vertex 134.635 154.043 0
      vertex 134.163 154.276 0
    endloop
  endfacet
  facet normal 0.356995 0.934106 -0
    outer loop
      vertex 135.14 153.85 0
      vertex 134.635 154.043 0.799999
      vertex 135.14 153.85 0.799999
    endloop
  endfacet
  facet normal 0.356995 0.934106 0
    outer loop
      vertex 134.635 154.043 0.799999
      vertex 135.14 153.85 0
      vertex 134.635 154.043 0
    endloop
  endfacet
  facet normal 0.271885 0.96233 -0
    outer loop
      vertex 135.678 153.698 0
      vertex 135.14 153.85 0.799999
      vertex 135.678 153.698 0.799999
    endloop
  endfacet
  facet normal 0.271885 0.96233 0
    outer loop
      vertex 135.14 153.85 0.799999
      vertex 135.678 153.698 0
      vertex 135.14 153.85 0
    endloop
  endfacet
  facet normal 0.840916 -0.541165 0
    outer loop
      vertex 130.511 145.669 0.799999
      vertex 135.678 153.698 0
      vertex 135.678 153.698 0.799999
    endloop
  endfacet
  facet normal 0.840916 -0.541165 0
    outer loop
      vertex 135.678 153.698 0
      vertex 130.511 145.669 0.799999
      vertex 130.511 145.669 0
    endloop
  endfacet
  facet normal 0 1 -0
    outer loop
      vertex 135.013 145.669 0
      vertex 130.511 145.669 0.799999
      vertex 135.013 145.669 0.799999
    endloop
  endfacet
  facet normal 0 1 0
    outer loop
      vertex 130.511 145.669 0.799999
      vertex 135.013 145.669 0
      vertex 130.511 145.669 0
    endloop
  endfacet
  facet normal -0.853241 0.521517 0
    outer loop
      vertex 135.013 145.669 0
      vertex 139.448 152.925 0.799999
      vertex 139.448 152.925 0
    endloop
  endfacet
  facet normal -0.853241 0.521517 0
    outer loop
      vertex 139.448 152.925 0.799999
      vertex 135.013 145.669 0
      vertex 135.013 145.669 0.799999
    endloop
  endfacet
  facet normal -0.0323107 -0.999478 0
    outer loop
      vertex 138.442 156.046 0
      vertex 138.906 156.031 0.799999
      vertex 138.442 156.046 0.799999
    endloop
  endfacet
  facet normal -0.0323107 -0.999478 -0
    outer loop
      vertex 138.906 156.031 0.799999
      vertex 138.442 156.046 0
      vertex 138.906 156.031 0
    endloop
  endfacet
  facet normal -0.108406 -0.994107 0
    outer loop
      vertex 138.011 156.093 0
      vertex 138.442 156.046 0.799999
      vertex 138.011 156.093 0.799999
    endloop
  endfacet
  facet normal -0.108406 -0.994107 -0
    outer loop
      vertex 138.442 156.046 0.799999
      vertex 138.011 156.093 0
      vertex 138.442 156.046 0
    endloop
  endfacet
  facet normal -0.190406 -0.981705 0
    outer loop
      vertex 137.614 156.17 0
      vertex 138.011 156.093 0.799999
      vertex 137.614 156.17 0.799999
    endloop
  endfacet
  facet normal -0.190406 -0.981705 -0
    outer loop
      vertex 138.011 156.093 0.799999
      vertex 137.614 156.17 0
      vertex 138.011 156.093 0
    endloop
  endfacet
  facet normal -0.286865 -0.957971 0
    outer loop
      vertex 137.25 156.279 0
      vertex 137.614 156.17 0.799999
      vertex 137.25 156.279 0.799999
    endloop
  endfacet
  facet normal -0.286865 -0.957971 -0
    outer loop
      vertex 137.614 156.17 0.799999
      vertex 137.25 156.279 0
      vertex 137.614 156.17 0
    endloop
  endfacet
  facet normal -0.387185 -0.922002 0
    outer loop
      vertex 136.919 156.418 0
      vertex 137.25 156.279 0.799999
      vertex 136.919 156.418 0.799999
    endloop
  endfacet
  facet normal -0.387185 -0.922002 -0
    outer loop
      vertex 137.25 156.279 0.799999
      vertex 136.919 156.418 0
      vertex 137.25 156.279 0
    endloop
  endfacet
  facet normal -0.495511 -0.868602 0
    outer loop
      vertex 136.621 156.588 0
      vertex 136.919 156.418 0.799999
      vertex 136.621 156.588 0.799999
    endloop
  endfacet
  facet normal -0.495511 -0.868602 -0
    outer loop
      vertex 136.919 156.418 0.799999
      vertex 136.621 156.588 0
      vertex 136.919 156.418 0
    endloop
  endfacet
  facet normal -0.606224 -0.795294 0
    outer loop
      vertex 136.356 156.79 0
      vertex 136.621 156.588 0.799999
      vertex 136.356 156.79 0.799999
    endloop
  endfacet
  facet normal -0.606224 -0.795294 -0
    outer loop
      vertex 136.621 156.588 0.799999
      vertex 136.356 156.79 0
      vertex 136.621 156.588 0
    endloop
  endfacet
  facet normal -0.705565 -0.708646 0
    outer loop
      vertex 136.126 157.019 0
      vertex 136.356 156.79 0.799999
      vertex 136.126 157.019 0.799999
    endloop
  endfacet
  facet normal -0.705565 -0.708646 -0
    outer loop
      vertex 136.356 156.79 0.799999
      vertex 136.126 157.019 0
      vertex 136.356 156.79 0
    endloop
  endfacet
  facet normal -0.794358 -0.60745 0
    outer loop
      vertex 136.126 157.019 0
      vertex 135.931 157.274 0.799999
      vertex 135.931 157.274 0
    endloop
  endfacet
  facet normal -0.794358 -0.60745 0
    outer loop
      vertex 135.931 157.274 0.799999
      vertex 136.126 157.019 0
      vertex 136.126 157.019 0.799999
    endloop
  endfacet
  facet normal -0.868817 -0.495133 0
    outer loop
      vertex 135.931 157.274 0
      vertex 135.772 157.553 0.799999
      vertex 135.772 157.553 0
    endloop
  endfacet
  facet normal -0.868817 -0.495133 0
    outer loop
      vertex 135.772 157.553 0.799999
      vertex 135.931 157.274 0
      vertex 135.931 157.274 0.799999
    endloop
  endfacet
  facet normal -0.925935 -0.377684 0
    outer loop
      vertex 135.772 157.553 0
      vertex 135.648 157.857 0.799999
      vertex 135.648 157.857 0
    endloop
  endfacet
  facet normal -0.925935 -0.377684 0
    outer loop
      vertex 135.648 157.857 0.799999
      vertex 135.772 157.553 0
      vertex 135.772 157.553 0.799999
    endloop
  endfacet
  facet normal -0.965303 -0.261131 0
    outer loop
      vertex 135.648 157.857 0
      vertex 135.559 158.186 0.799999
      vertex 135.559 158.186 0
    endloop
  endfacet
  facet normal -0.965303 -0.261131 0
    outer loop
      vertex 135.559 158.186 0.799999
      vertex 135.648 157.857 0
      vertex 135.648 157.857 0.799999
    endloop
  endfacet
  facet normal -0.988977 -0.148067 0
    outer loop
      vertex 135.559 158.186 0
      vertex 135.506 158.54 0.799999
      vertex 135.506 158.54 0
    endloop
  endfacet
  facet normal -0.988977 -0.148067 0
    outer loop
      vertex 135.506 158.54 0.799999
      vertex 135.559 158.186 0
      vertex 135.559 158.186 0.799999
    endloop
  endfacet
  facet normal -0.998874 -0.0474399 0
    outer loop
      vertex 135.506 158.54 0
      vertex 135.488 158.919 0.799999
      vertex 135.488 158.919 0
    endloop
  endfacet
  facet normal -0.998874 -0.0474399 0
    outer loop
      vertex 135.488 158.919 0.799999
      vertex 135.506 158.54 0
      vertex 135.506 158.54 0.799999
    endloop
  endfacet
  facet normal -0.995184 0.0980209 0
    outer loop
      vertex 135.488 158.919 0
      vertex 135.56 159.65 0.799999
      vertex 135.56 159.65 0
    endloop
  endfacet
  facet normal -0.995184 0.0980209 0
    outer loop
      vertex 135.56 159.65 0.799999
      vertex 135.488 158.919 0
      vertex 135.488 158.919 0.799999
    endloop
  endfacet
  facet normal -0.944001 0.329942 0
    outer loop
      vertex 135.56 159.65 0
      vertex 135.776 160.268 0.799999
      vertex 135.776 160.268 0
    endloop
  endfacet
  facet normal -0.944001 0.329942 0
    outer loop
      vertex 135.776 160.268 0.799999
      vertex 135.56 159.65 0
      vertex 135.56 159.65 0.799999
    endloop
  endfacet
  facet normal -0.81482 0.579714 0
    outer loop
      vertex 135.776 160.268 0
      vertex 136.136 160.774 0.799999
      vertex 136.136 160.774 0
    endloop
  endfacet
  facet normal -0.81482 0.579714 0
    outer loop
      vertex 136.136 160.774 0.799999
      vertex 135.776 160.268 0
      vertex 135.776 160.268 0.799999
    endloop
  endfacet
  facet normal -0.614915 0.788593 0
    outer loop
      vertex 136.64 161.167 0
      vertex 136.136 160.774 0.799999
      vertex 136.64 161.167 0.799999
    endloop
  endfacet
  facet normal -0.614915 0.788593 0
    outer loop
      vertex 136.136 160.774 0.799999
      vertex 136.64 161.167 0
      vertex 136.136 160.774 0
    endloop
  endfacet
  facet normal -0.398363 0.917228 0
    outer loop
      vertex 137.287 161.448 0
      vertex 136.64 161.167 0.799999
      vertex 137.287 161.448 0.799999
    endloop
  endfacet
  facet normal -0.398363 0.917228 0
    outer loop
      vertex 136.64 161.167 0.799999
      vertex 137.287 161.448 0
      vertex 136.64 161.167 0
    endloop
  endfacet
  facet normal -0.207504 0.978234 0
    outer loop
      vertex 138.079 161.616 0
      vertex 137.287 161.448 0.799999
      vertex 138.079 161.616 0.799999
    endloop
  endfacet
  facet normal -0.207504 0.978234 0
    outer loop
      vertex 137.287 161.448 0.799999
      vertex 138.079 161.616 0
      vertex 137.287 161.448 0
    endloop
  endfacet
  facet normal -0.0608496 0.998147 0
    outer loop
      vertex 139.014 161.673 0
      vertex 138.079 161.616 0.799999
      vertex 139.014 161.673 0.799999
    endloop
  endfacet
  facet normal -0.0608496 0.998147 0
    outer loop
      vertex 138.079 161.616 0.799999
      vertex 139.014 161.673 0
      vertex 138.079 161.616 0
    endloop
  endfacet
  facet normal 0 1 -0
    outer loop
      vertex 144.141 161.673 0
      vertex 139.014 161.673 0.799999
      vertex 144.141 161.673 0.799999
    endloop
  endfacet
  facet normal 0 1 0
    outer loop
      vertex 139.014 161.673 0.799999
      vertex 144.141 161.673 0
      vertex 139.014 161.673 0
    endloop
  endfacet
  facet normal 1 -0 0
    outer loop
      vertex 144.141 156.031 0.799999
      vertex 144.141 161.673 0
      vertex 144.141 161.673 0.799999
    endloop
  endfacet
  facet normal 1 0 0
    outer loop
      vertex 144.141 161.673 0
      vertex 144.141 156.031 0.799999
      vertex 144.141 156.031 0
    endloop
  endfacet
  facet normal 0 -1 0
    outer loop
      vertex 138.906 156.031 0
      vertex 144.141 156.031 0.799999
      vertex 138.906 156.031 0.799999
    endloop
  endfacet
  facet normal 0 -1 -0
    outer loop
      vertex 144.141 156.031 0.799999
      vertex 138.906 156.031 0
      vertex 144.141 156.031 0
    endloop
  endfacet
endsolid OpenSCAD_Model
