solid OpenSCAD_Model
  facet normal 0.997858 0.0654142 0
    outer loop
      vertex 3.98034 0.299999 37.2
      vertex 3.96578 0.522104 32.2
      vertex 3.96578 0.522104 37.2
    endloop
  endfacet
  facet normal 0.997858 0.0654142 0
    outer loop
      vertex 3.96578 0.522104 32.2
      vertex 3.98034 0.299999 37.2
      vertex 3.98034 0.299999 32.2
    endloop
  endfacet
  facet normal -0.831471 0.555569 0
    outer loop
      vertex -3.4641 2 32.2
      vertex -3.17341 2.43505 37.2
      vertex -3.17341 2.43505 32.2
    endloop
  endfacet
  facet normal -0.831471 0.555569 0
    outer loop
      vertex -3.17341 2.43505 37.2
      vertex -3.4641 2 32.2
      vertex -3.4641 2 37.2
    endloop
  endfacet
  facet normal 0.195096 0.980784 -0
    outer loop
      vertex 1.03528 3.8637 32.2
      vertex 0.522104 3.96578 37.2
      vertex 1.03528 3.8637 37.2
    endloop
  endfacet
  facet normal 0.195096 0.980784 0
    outer loop
      vertex 0.522104 3.96578 37.2
      vertex 1.03528 3.8637 32.2
      vertex 0.522104 3.96578 32.2
    endloop
  endfacet
  facet normal 0.896871 0.442291 0
    outer loop
      vertex 3.69552 1.53073 37.2
      vertex 3.4641 2 32.2
      vertex 3.4641 2 37.2
    endloop
  endfacet
  facet normal 0.896871 0.442291 0
    outer loop
      vertex 3.4641 2 32.2
      vertex 3.69552 1.53073 37.2
      vertex 3.69552 1.53073 32.2
    endloop
  endfacet
  facet normal 0.831471 0.555569 0
    outer loop
      vertex 3.4641 2 37.2
      vertex 3.17341 2.43505 32.2
      vertex 3.17341 2.43505 37.2
    endloop
  endfacet
  facet normal 0.831471 0.555569 0
    outer loop
      vertex 3.17341 2.43505 32.2
      vertex 3.4641 2 37.2
      vertex 3.4641 2 32.2
    endloop
  endfacet
  facet normal 0.442291 0.896871 -0
    outer loop
      vertex 2 3.4641 32.2
      vertex 1.53073 3.69552 37.2
      vertex 2 3.4641 37.2
    endloop
  endfacet
  facet normal 0.442291 0.896871 0
    outer loop
      vertex 1.53073 3.69552 37.2
      vertex 2 3.4641 32.2
      vertex 1.53073 3.69552 32.2
    endloop
  endfacet
  facet normal 0.65934 -0.751845 0
    outer loop
      vertex 2.43505 -3.17341 32.2
      vertex 2.82843 -2.82843 37.2
      vertex 2.43505 -3.17341 37.2
    endloop
  endfacet
  facet normal 0.65934 -0.751845 0
    outer loop
      vertex 2.82843 -2.82843 37.2
      vertex 2.43505 -3.17341 32.2
      vertex 2.82843 -2.82843 32.2
    endloop
  endfacet
  facet normal -0.195096 0.980784 0
    outer loop
      vertex -0.522104 3.96578 32.2
      vertex -1.03528 3.8637 37.2
      vertex -0.522104 3.96578 37.2
    endloop
  endfacet
  facet normal -0.195096 0.980784 0
    outer loop
      vertex -1.03528 3.8637 37.2
      vertex -0.522104 3.96578 32.2
      vertex -1.03528 3.8637 32.2
    endloop
  endfacet
  facet normal -0.442291 0.896871 0
    outer loop
      vertex -1.53073 3.69552 32.2
      vertex -2 3.4641 37.2
      vertex -1.53073 3.69552 37.2
    endloop
  endfacet
  facet normal -0.442291 0.896871 0
    outer loop
      vertex -2 3.4641 37.2
      vertex -1.53073 3.69552 32.2
      vertex -2 3.4641 32.2
    endloop
  endfacet
  facet normal 0.946932 0.321435 0
    outer loop
      vertex 3.8637 1.03528 37.2
      vertex 3.69552 1.53073 32.2
      vertex 3.69552 1.53073 37.2
    endloop
  endfacet
  facet normal 0.946932 0.321435 0
    outer loop
      vertex 3.69552 1.53073 32.2
      vertex 3.8637 1.03528 37.2
      vertex 3.8637 1.03528 32.2
    endloop
  endfacet
  facet normal -0.442291 -0.896871 0
    outer loop
      vertex -2 -3.4641 32.2
      vertex -1.53073 -3.69552 37.2
      vertex -2 -3.4641 37.2
    endloop
  endfacet
  facet normal -0.442291 -0.896871 -0
    outer loop
      vertex -1.53073 -3.69552 37.2
      vertex -2 -3.4641 32.2
      vertex -1.53073 -3.69552 32.2
    endloop
  endfacet
  facet normal -0.946932 0.321435 0
    outer loop
      vertex -3.8637 1.03528 32.2
      vertex -3.69552 1.53073 37.2
      vertex -3.69552 1.53073 32.2
    endloop
  endfacet
  facet normal -0.946932 0.321435 0
    outer loop
      vertex -3.69552 1.53073 37.2
      vertex -3.8637 1.03528 32.2
      vertex -3.8637 1.03528 37.2
    endloop
  endfacet
  facet normal -0.946932 -0.321435 0
    outer loop
      vertex -3.69552 -1.53073 32.2
      vertex -3.8637 -1.03528 37.2
      vertex -3.8637 -1.03528 32.2
    endloop
  endfacet
  facet normal -0.946932 -0.321435 0
    outer loop
      vertex -3.8637 -1.03528 37.2
      vertex -3.69552 -1.53073 32.2
      vertex -3.69552 -1.53073 37.2
    endloop
  endfacet
  facet normal 0.946932 -0.321435 0
    outer loop
      vertex 3.69552 -1.53073 37.2
      vertex 3.8637 -1.03528 32.2
      vertex 3.8637 -1.03528 37.2
    endloop
  endfacet
  facet normal 0.946932 -0.321435 0
    outer loop
      vertex 3.8637 -1.03528 32.2
      vertex 3.69552 -1.53073 37.2
      vertex 3.69552 -1.53073 32.2
    endloop
  endfacet
  facet normal 0.321435 -0.946932 0
    outer loop
      vertex 1.03528 -3.8637 32.2
      vertex 1.53073 -3.69552 37.2
      vertex 1.03528 -3.8637 37.2
    endloop
  endfacet
  facet normal 0.321435 -0.946932 0
    outer loop
      vertex 1.53073 -3.69552 37.2
      vertex 1.03528 -3.8637 32.2
      vertex 1.53073 -3.69552 32.2
    endloop
  endfacet
  facet normal 0.751845 -0.65934 0
    outer loop
      vertex 2.82843 -2.82843 37.2
      vertex 3.17341 -2.43505 32.2
      vertex 3.17341 -2.43505 37.2
    endloop
  endfacet
  facet normal 0.751845 -0.65934 0
    outer loop
      vertex 3.17341 -2.43505 32.2
      vertex 2.82843 -2.82843 37.2
      vertex 2.82843 -2.82843 32.2
    endloop
  endfacet
  facet normal -0.751845 0.65934 0
    outer loop
      vertex -3.17341 2.43505 32.2
      vertex -2.82843 2.82843 37.2
      vertex -2.82843 2.82843 32.2
    endloop
  endfacet
  facet normal -0.751845 0.65934 0
    outer loop
      vertex -2.82843 2.82843 37.2
      vertex -3.17341 2.43505 32.2
      vertex -3.17341 2.43505 37.2
    endloop
  endfacet
  facet normal -0.65934 0.751845 0
    outer loop
      vertex -2.43505 3.17341 32.2
      vertex -2.82843 2.82843 37.2
      vertex -2.43505 3.17341 37.2
    endloop
  endfacet
  facet normal -0.65934 0.751845 0
    outer loop
      vertex -2.82843 2.82843 37.2
      vertex -2.43505 3.17341 32.2
      vertex -2.82843 2.82843 32.2
    endloop
  endfacet
  facet normal -0 0 1
    outer loop
      vertex -3.98034 0.299999 32.2
      vertex -0.299999 -0.299999 32.2
      vertex -0.299999 0.299999 32.2
    endloop
  endfacet
  facet normal 0 0 1
    outer loop
      vertex -0.299999 -0.299999 32.2
      vertex -3.98034 0.299999 32.2
      vertex -3.98034 -0.299999 32.2
    endloop
  endfacet
  facet normal 0 0 1
    outer loop
      vertex 0.299999 -0.299999 32.2
      vertex -0.299999 -0.299999 32.2
      vertex 0.299999 -3.98034 32.2
    endloop
  endfacet
  facet normal 0 0 1
    outer loop
      vertex -0.299999 -3.98034 32.2
      vertex 0.299999 -3.98034 32.2
      vertex -0.299999 -0.299999 32.2
    endloop
  endfacet
  facet normal 0 0 1
    outer loop
      vertex 0.299999 -3.98034 32.2
      vertex -0.299999 -3.98034 32.2
      vertex 0 -13 32.2
    endloop
  endfacet
  facet normal 0 0 1
    outer loop
      vertex -1.69684 -12.8888 32.2
      vertex -0.299999 -3.98034 32.2
      vertex -0.522104 -3.96578 32.2
    endloop
  endfacet
  facet normal 0 0 1
    outer loop
      vertex -1.69684 -12.8888 32.2
      vertex -0.522104 -3.96578 32.2
      vertex -1.03528 -3.8637 32.2
    endloop
  endfacet
  facet normal 0 0 1
    outer loop
      vertex -3.36465 -12.557 32.2
      vertex -1.03528 -3.8637 32.2
      vertex -1.53073 -3.69552 32.2
    endloop
  endfacet
  facet normal 0 0 1
    outer loop
      vertex -0.299999 -3.98034 32.2
      vertex -1.69684 -12.8888 32.2
      vertex 0 -13 32.2
    endloop
  endfacet
  facet normal 0 0 1
    outer loop
      vertex -4.97488 -12.0104 32.2
      vertex -1.53073 -3.69552 32.2
      vertex -2 -3.4641 32.2
    endloop
  endfacet
  facet normal 0 0 1
    outer loop
      vertex -6.5 -11.2583 32.2
      vertex -2 -3.4641 32.2
      vertex -2.43505 -3.17341 32.2
    endloop
  endfacet
  facet normal 0 0 1
    outer loop
      vertex -7.9139 -10.3136 32.2
      vertex -2.43505 -3.17341 32.2
      vertex -2.82843 -2.82843 32.2
    endloop
  endfacet
  facet normal 0 0 1
    outer loop
      vertex -9.19239 -9.19239 32.2
      vertex -2.82843 -2.82843 32.2
      vertex -3.17341 -2.43505 32.2
    endloop
  endfacet
  facet normal 0 0 1
    outer loop
      vertex -1.03528 -3.8637 32.2
      vertex -3.36465 -12.557 32.2
      vertex -1.69684 -12.8888 32.2
    endloop
  endfacet
  facet normal 0 0 1
    outer loop
      vertex -10.3136 -7.9139 32.2
      vertex -3.17341 -2.43505 32.2
      vertex -3.4641 -2 32.2
    endloop
  endfacet
  facet normal 0 0 1
    outer loop
      vertex -11.2583 -6.5 32.2
      vertex -3.4641 -2 32.2
      vertex -3.69552 -1.53073 32.2
    endloop
  endfacet
  facet normal 0 0 1
    outer loop
      vertex -12.0104 -4.97488 32.2
      vertex -3.69552 -1.53073 32.2
      vertex -3.8637 -1.03528 32.2
    endloop
  endfacet
  facet normal 0 0 1
    outer loop
      vertex -12.557 -3.36465 32.2
      vertex -3.8637 -1.03528 32.2
      vertex -3.96578 -0.522104 32.2
    endloop
  endfacet
  facet normal 0 0 1
    outer loop
      vertex -12.8888 -1.69684 32.2
      vertex -3.96578 -0.522104 32.2
      vertex -3.98034 -0.299999 32.2
    endloop
  endfacet
  facet normal 0 0 1
    outer loop
      vertex -3.4641 2 32.2
      vertex -11.2583 6.5 32.2
      vertex -3.69552 1.53073 32.2
    endloop
  endfacet
  facet normal 0 0 1
    outer loop
      vertex -1.53073 -3.69552 32.2
      vertex -4.97488 -12.0104 32.2
      vertex -3.36465 -12.557 32.2
    endloop
  endfacet
  facet normal -0 0 1
    outer loop
      vertex -12.0104 4.97488 32.2
      vertex -3.69552 1.53073 32.2
      vertex -11.2583 6.5 32.2
    endloop
  endfacet
  facet normal 0 0 1
    outer loop
      vertex -2 -3.4641 32.2
      vertex -6.5 -11.2583 32.2
      vertex -4.97488 -12.0104 32.2
    endloop
  endfacet
  facet normal 0 0 1
    outer loop
      vertex -3.69552 1.53073 32.2
      vertex -12.0104 4.97488 32.2
      vertex -3.8637 1.03528 32.2
    endloop
  endfacet
  facet normal 0 0 1
    outer loop
      vertex -2.43505 -3.17341 32.2
      vertex -7.9139 -10.3136 32.2
      vertex -6.5 -11.2583 32.2
    endloop
  endfacet
  facet normal -0 0 1
    outer loop
      vertex -12.557 3.36465 32.2
      vertex -3.8637 1.03528 32.2
      vertex -12.0104 4.97488 32.2
    endloop
  endfacet
  facet normal 0 0 1
    outer loop
      vertex -2.82843 -2.82843 32.2
      vertex -9.19239 -9.19239 32.2
      vertex -7.9139 -10.3136 32.2
    endloop
  endfacet
  facet normal 0 0 1
    outer loop
      vertex -3.8637 1.03528 32.2
      vertex -12.557 3.36465 32.2
      vertex -3.96578 0.522104 32.2
    endloop
  endfacet
  facet normal 0 0 1
    outer loop
      vertex -3.17341 -2.43505 32.2
      vertex -10.3136 -7.9139 32.2
      vertex -9.19239 -9.19239 32.2
    endloop
  endfacet
  facet normal -0 0 1
    outer loop
      vertex -12.8888 1.69684 32.2
      vertex -3.96578 0.522104 32.2
      vertex -12.557 3.36465 32.2
    endloop
  endfacet
  facet normal 0 0 1
    outer loop
      vertex -3.4641 -2 32.2
      vertex -11.2583 -6.5 32.2
      vertex -10.3136 -7.9139 32.2
    endloop
  endfacet
  facet normal 0 0 1
    outer loop
      vertex -3.96578 0.522104 32.2
      vertex -12.8888 1.69684 32.2
      vertex -3.98034 0.299999 32.2
    endloop
  endfacet
  facet normal 0 0 1
    outer loop
      vertex -3.69552 -1.53073 32.2
      vertex -12.0104 -4.97488 32.2
      vertex -11.2583 -6.5 32.2
    endloop
  endfacet
  facet normal 0 0 1
    outer loop
      vertex -13 0 32.2
      vertex -3.98034 0.299999 32.2
      vertex -12.8888 1.69684 32.2
    endloop
  endfacet
  facet normal 0 0 1
    outer loop
      vertex -3.8637 -1.03528 32.2
      vertex -12.557 -3.36465 32.2
      vertex -12.0104 -4.97488 32.2
    endloop
  endfacet
  facet normal 0 0 1
    outer loop
      vertex -3.98034 0.299999 32.2
      vertex -13 0 32.2
      vertex -3.98034 -0.299999 32.2
    endloop
  endfacet
  facet normal 0 0 1
    outer loop
      vertex -3.96578 -0.522104 32.2
      vertex -12.8888 -1.69684 32.2
      vertex -12.557 -3.36465 32.2
    endloop
  endfacet
  facet normal 0 0 1
    outer loop
      vertex -3.98034 -0.299999 32.2
      vertex -13 0 32.2
      vertex -12.8888 -1.69684 32.2
    endloop
  endfacet
  facet normal -0 0 1
    outer loop
      vertex 0.299999 0.299999 32.2
      vertex 3.98034 -0.299999 32.2
      vertex 3.98034 0.299999 32.2
    endloop
  endfacet
  facet normal 0 0 1
    outer loop
      vertex 3.98034 -0.299999 32.2
      vertex 0.299999 0.299999 32.2
      vertex 0.299999 -0.299999 32.2
    endloop
  endfacet
  facet normal -0 0 1
    outer loop
      vertex 3.98034 0.299999 32.2
      vertex 13 0 32.2
      vertex 12.8888 1.69684 32.2
    endloop
  endfacet
  facet normal 0 0 1
    outer loop
      vertex 3.96578 0.522104 32.2
      vertex 12.8888 1.69684 32.2
      vertex 12.557 3.36465 32.2
    endloop
  endfacet
  facet normal 0 0 1
    outer loop
      vertex 3.98034 -0.299999 32.2
      vertex 13 0 32.2
      vertex 3.98034 0.299999 32.2
    endloop
  endfacet
  facet normal 0 0 1
    outer loop
      vertex 3.8637 1.03528 32.2
      vertex 12.557 3.36465 32.2
      vertex 12.0104 4.97488 32.2
    endloop
  endfacet
  facet normal 0 0 1
    outer loop
      vertex 13 0 32.2
      vertex 3.98034 -0.299999 32.2
      vertex 12.8888 -1.69684 32.2
    endloop
  endfacet
  facet normal 0 0 1
    outer loop
      vertex 3.69552 1.53073 32.2
      vertex 12.0104 4.97488 32.2
      vertex 11.2583 6.5 32.2
    endloop
  endfacet
  facet normal -0 0 1
    outer loop
      vertex 3.96578 -0.522104 32.2
      vertex 12.8888 -1.69684 32.2
      vertex 3.98034 -0.299999 32.2
    endloop
  endfacet
  facet normal 0 0 1
    outer loop
      vertex 3.4641 2 32.2
      vertex 11.2583 6.5 32.2
      vertex 10.3136 7.9139 32.2
    endloop
  endfacet
  facet normal 0 0 1
    outer loop
      vertex 12.8888 -1.69684 32.2
      vertex 3.96578 -0.522104 32.2
      vertex 12.557 -3.36465 32.2
    endloop
  endfacet
  facet normal 0 0 1
    outer loop
      vertex 3.17341 2.43505 32.2
      vertex 10.3136 7.9139 32.2
      vertex 9.19239 9.19239 32.2
    endloop
  endfacet
  facet normal -0 0 1
    outer loop
      vertex 3.8637 -1.03528 32.2
      vertex 12.557 -3.36465 32.2
      vertex 3.96578 -0.522104 32.2
    endloop
  endfacet
  facet normal 0 0 1
    outer loop
      vertex 2.82843 2.82843 32.2
      vertex 9.19239 9.19239 32.2
      vertex 7.9139 10.3136 32.2
    endloop
  endfacet
  facet normal 0 0 1
    outer loop
      vertex 12.557 -3.36465 32.2
      vertex 3.8637 -1.03528 32.2
      vertex 12.0104 -4.97488 32.2
    endloop
  endfacet
  facet normal 0 0 1
    outer loop
      vertex 2.43505 3.17341 32.2
      vertex 7.9139 10.3136 32.2
      vertex 6.5 11.2583 32.2
    endloop
  endfacet
  facet normal -0 0 1
    outer loop
      vertex 3.69552 -1.53073 32.2
      vertex 12.0104 -4.97488 32.2
      vertex 3.8637 -1.03528 32.2
    endloop
  endfacet
  facet normal 0 0 1
    outer loop
      vertex 2 3.4641 32.2
      vertex 6.5 11.2583 32.2
      vertex 4.97488 12.0104 32.2
    endloop
  endfacet
  facet normal 0 0 1
    outer loop
      vertex 12.0104 -4.97488 32.2
      vertex 3.69552 -1.53073 32.2
      vertex 11.2583 -6.5 32.2
    endloop
  endfacet
  facet normal -0 0 1
    outer loop
      vertex 3.4641 -2 32.2
      vertex 11.2583 -6.5 32.2
      vertex 3.69552 -1.53073 32.2
    endloop
  endfacet
  facet normal 0 0 1
    outer loop
      vertex 12.8888 1.69684 32.2
      vertex 3.96578 0.522104 32.2
      vertex 3.98034 0.299999 32.2
    endloop
  endfacet
  facet normal 0 0 1
    outer loop
      vertex 12.557 3.36465 32.2
      vertex 3.8637 1.03528 32.2
      vertex 3.96578 0.522104 32.2
    endloop
  endfacet
  facet normal 0 0 1
    outer loop
      vertex 12.0104 4.97488 32.2
      vertex 3.69552 1.53073 32.2
      vertex 3.8637 1.03528 32.2
    endloop
  endfacet
  facet normal 0 0 1
    outer loop
      vertex 11.2583 6.5 32.2
      vertex 3.4641 2 32.2
      vertex 3.69552 1.53073 32.2
    endloop
  endfacet
  facet normal 0 0 1
    outer loop
      vertex 1.53073 3.69552 32.2
      vertex 4.97488 12.0104 32.2
      vertex 3.36465 12.557 32.2
    endloop
  endfacet
  facet normal 0 0 1
    outer loop
      vertex 10.3136 7.9139 32.2
      vertex 3.17341 2.43505 32.2
      vertex 3.4641 2 32.2
    endloop
  endfacet
  facet normal 0 0 1
    outer loop
      vertex 9.19239 9.19239 32.2
      vertex 2.82843 2.82843 32.2
      vertex 3.17341 2.43505 32.2
    endloop
  endfacet
  facet normal 0 0 1
    outer loop
      vertex 7.9139 10.3136 32.2
      vertex 2.43505 3.17341 32.2
      vertex 2.82843 2.82843 32.2
    endloop
  endfacet
  facet normal 0 0 1
    outer loop
      vertex 6.5 11.2583 32.2
      vertex 2 3.4641 32.2
      vertex 2.43505 3.17341 32.2
    endloop
  endfacet
  facet normal 0 0 1
    outer loop
      vertex 1.03528 3.8637 32.2
      vertex 3.36465 12.557 32.2
      vertex 1.69684 12.8888 32.2
    endloop
  endfacet
  facet normal 0 0 1
    outer loop
      vertex 4.97488 12.0104 32.2
      vertex 1.53073 3.69552 32.2
      vertex 2 3.4641 32.2
    endloop
  endfacet
  facet normal 0 0 1
    outer loop
      vertex 3.36465 12.557 32.2
      vertex 1.03528 3.8637 32.2
      vertex 1.53073 3.69552 32.2
    endloop
  endfacet
  facet normal 0 0 1
    outer loop
      vertex 1.69684 12.8888 32.2
      vertex 0.522104 3.96578 32.2
      vertex 1.03528 3.8637 32.2
    endloop
  endfacet
  facet normal 0 0 1
    outer loop
      vertex 1.69684 12.8888 32.2
      vertex 0.299999 3.98034 32.2
      vertex 0.522104 3.96578 32.2
    endloop
  endfacet
  facet normal -0 0 1
    outer loop
      vertex -0.299999 3.98034 32.2
      vertex 0.299999 0.299999 32.2
      vertex 0.299999 3.98034 32.2
    endloop
  endfacet
  facet normal 0 0 1
    outer loop
      vertex -0.299999 0.299999 32.2
      vertex 0.299999 0.299999 32.2
      vertex -0.299999 3.98034 32.2
    endloop
  endfacet
  facet normal 0 0 1
    outer loop
      vertex -0.299999 3.98034 32.2
      vertex 0.299999 3.98034 32.2
      vertex 0 13 32.2
    endloop
  endfacet
  facet normal 0 0 1
    outer loop
      vertex 0 13 32.2
      vertex 0.299999 3.98034 32.2
      vertex 1.69684 12.8888 32.2
    endloop
  endfacet
  facet normal 0 0 1
    outer loop
      vertex 11.2583 -6.5 32.2
      vertex 3.4641 -2 32.2
      vertex 10.3136 -7.9139 32.2
    endloop
  endfacet
  facet normal -0 0 1
    outer loop
      vertex 3.17341 -2.43505 32.2
      vertex 10.3136 -7.9139 32.2
      vertex 3.4641 -2 32.2
    endloop
  endfacet
  facet normal 0 0 1
    outer loop
      vertex 10.3136 -7.9139 32.2
      vertex 3.17341 -2.43505 32.2
      vertex 9.19239 -9.19239 32.2
    endloop
  endfacet
  facet normal -0 0 1
    outer loop
      vertex 2.82843 -2.82843 32.2
      vertex 9.19239 -9.19239 32.2
      vertex 3.17341 -2.43505 32.2
    endloop
  endfacet
  facet normal 0 0 1
    outer loop
      vertex 9.19239 -9.19239 32.2
      vertex 2.82843 -2.82843 32.2
      vertex 7.9139 -10.3136 32.2
    endloop
  endfacet
  facet normal -0 0 1
    outer loop
      vertex 2.43505 -3.17341 32.2
      vertex 7.9139 -10.3136 32.2
      vertex 2.82843 -2.82843 32.2
    endloop
  endfacet
  facet normal 0 0 1
    outer loop
      vertex 7.9139 -10.3136 32.2
      vertex 2.43505 -3.17341 32.2
      vertex 6.5 -11.2583 32.2
    endloop
  endfacet
  facet normal -0 0 1
    outer loop
      vertex 2 -3.4641 32.2
      vertex 6.5 -11.2583 32.2
      vertex 2.43505 -3.17341 32.2
    endloop
  endfacet
  facet normal 0 0 1
    outer loop
      vertex 6.5 -11.2583 32.2
      vertex 2 -3.4641 32.2
      vertex 4.97488 -12.0104 32.2
    endloop
  endfacet
  facet normal -0 0 1
    outer loop
      vertex 1.53073 -3.69552 32.2
      vertex 4.97488 -12.0104 32.2
      vertex 2 -3.4641 32.2
    endloop
  endfacet
  facet normal 0 0 1
    outer loop
      vertex 4.97488 -12.0104 32.2
      vertex 1.53073 -3.69552 32.2
      vertex 3.36465 -12.557 32.2
    endloop
  endfacet
  facet normal -0 0 1
    outer loop
      vertex 1.03528 -3.8637 32.2
      vertex 3.36465 -12.557 32.2
      vertex 1.53073 -3.69552 32.2
    endloop
  endfacet
  facet normal 0 0 1
    outer loop
      vertex 3.36465 -12.557 32.2
      vertex 1.03528 -3.8637 32.2
      vertex 1.69684 -12.8888 32.2
    endloop
  endfacet
  facet normal -0 0 1
    outer loop
      vertex 0.522104 -3.96578 32.2
      vertex 1.69684 -12.8888 32.2
      vertex 1.03528 -3.8637 32.2
    endloop
  endfacet
  facet normal -0 0 1
    outer loop
      vertex 0.299999 -3.98034 32.2
      vertex 1.69684 -12.8888 32.2
      vertex 0.522104 -3.96578 32.2
    endloop
  endfacet
  facet normal 0 0 1
    outer loop
      vertex 0.299999 -3.98034 32.2
      vertex 0 -13 32.2
      vertex 1.69684 -12.8888 32.2
    endloop
  endfacet
  facet normal 0 0 1
    outer loop
      vertex 0.299999 0.299999 32.2
      vertex -0.299999 0.299999 32.2
      vertex 0.299999 -0.299999 32.2
    endloop
  endfacet
  facet normal 0 0 1
    outer loop
      vertex -0.299999 -0.299999 32.2
      vertex 0.299999 -0.299999 32.2
      vertex -0.299999 0.299999 32.2
    endloop
  endfacet
  facet normal -0 0 1
    outer loop
      vertex -1.69684 12.8888 32.2
      vertex -0.299999 3.98034 32.2
      vertex 0 13 32.2
    endloop
  endfacet
  facet normal 0 0 1
    outer loop
      vertex -0.299999 3.98034 32.2
      vertex -1.69684 12.8888 32.2
      vertex -0.522104 3.96578 32.2
    endloop
  endfacet
  facet normal 0 0 1
    outer loop
      vertex -0.522104 3.96578 32.2
      vertex -1.69684 12.8888 32.2
      vertex -1.03528 3.8637 32.2
    endloop
  endfacet
  facet normal -0 0 1
    outer loop
      vertex -3.36465 12.557 32.2
      vertex -1.03528 3.8637 32.2
      vertex -1.69684 12.8888 32.2
    endloop
  endfacet
  facet normal 0 0 1
    outer loop
      vertex -1.03528 3.8637 32.2
      vertex -3.36465 12.557 32.2
      vertex -1.53073 3.69552 32.2
    endloop
  endfacet
  facet normal -0 0 1
    outer loop
      vertex -4.97488 12.0104 32.2
      vertex -1.53073 3.69552 32.2
      vertex -3.36465 12.557 32.2
    endloop
  endfacet
  facet normal 0 0 1
    outer loop
      vertex -1.53073 3.69552 32.2
      vertex -4.97488 12.0104 32.2
      vertex -2 3.4641 32.2
    endloop
  endfacet
  facet normal -0 0 1
    outer loop
      vertex -6.5 11.2583 32.2
      vertex -2 3.4641 32.2
      vertex -4.97488 12.0104 32.2
    endloop
  endfacet
  facet normal 0 0 1
    outer loop
      vertex -2 3.4641 32.2
      vertex -6.5 11.2583 32.2
      vertex -2.43505 3.17341 32.2
    endloop
  endfacet
  facet normal -0 0 1
    outer loop
      vertex -7.9139 10.3136 32.2
      vertex -2.43505 3.17341 32.2
      vertex -6.5 11.2583 32.2
    endloop
  endfacet
  facet normal 0 0 1
    outer loop
      vertex -2.43505 3.17341 32.2
      vertex -7.9139 10.3136 32.2
      vertex -2.82843 2.82843 32.2
    endloop
  endfacet
  facet normal -0 0 1
    outer loop
      vertex -9.19239 9.19239 32.2
      vertex -2.82843 2.82843 32.2
      vertex -7.9139 10.3136 32.2
    endloop
  endfacet
  facet normal 0 0 1
    outer loop
      vertex -2.82843 2.82843 32.2
      vertex -9.19239 9.19239 32.2
      vertex -3.17341 2.43505 32.2
    endloop
  endfacet
  facet normal -0 0 1
    outer loop
      vertex -10.3136 7.9139 32.2
      vertex -3.17341 2.43505 32.2
      vertex -9.19239 9.19239 32.2
    endloop
  endfacet
  facet normal -0 0 1
    outer loop
      vertex -11.2583 6.5 32.2
      vertex -3.4641 2 32.2
      vertex -10.3136 7.9139 32.2
    endloop
  endfacet
  facet normal 0 0 1
    outer loop
      vertex -3.17341 2.43505 32.2
      vertex -10.3136 7.9139 32.2
      vertex -3.4641 2 32.2
    endloop
  endfacet
  facet normal -0.555569 -0.831471 0
    outer loop
      vertex -2.43505 -3.17341 32.2
      vertex -2 -3.4641 37.2
      vertex -2.43505 -3.17341 37.2
    endloop
  endfacet
  facet normal -0.555569 -0.831471 -0
    outer loop
      vertex -2 -3.4641 37.2
      vertex -2.43505 -3.17341 32.2
      vertex -2 -3.4641 32.2
    endloop
  endfacet
  facet normal 0.980784 0.195096 0
    outer loop
      vertex 3.96578 0.522104 37.2
      vertex 3.8637 1.03528 32.2
      vertex 3.8637 1.03528 37.2
    endloop
  endfacet
  facet normal 0.980784 0.195096 0
    outer loop
      vertex 3.8637 1.03528 32.2
      vertex 3.96578 0.522104 37.2
      vertex 3.96578 0.522104 32.2
    endloop
  endfacet
  facet normal -0.997858 -0.0654142 0
    outer loop
      vertex -3.96578 -0.522104 32.2
      vertex -3.98034 -0.299999 37.2
      vertex -3.98034 -0.299999 32.2
    endloop
  endfacet
  facet normal -0.997858 -0.0654142 0
    outer loop
      vertex -3.98034 -0.299999 37.2
      vertex -3.96578 -0.522104 32.2
      vertex -3.96578 -0.522104 37.2
    endloop
  endfacet
  facet normal -0.0654142 0.997858 0
    outer loop
      vertex -0.299999 3.98034 32.2
      vertex -0.522104 3.96578 37.2
      vertex -0.299999 3.98034 37.2
    endloop
  endfacet
  facet normal -0.0654142 0.997858 0
    outer loop
      vertex -0.522104 3.96578 37.2
      vertex -0.299999 3.98034 32.2
      vertex -0.522104 3.96578 32.2
    endloop
  endfacet
  facet normal 0.555569 -0.831471 0
    outer loop
      vertex 2 -3.4641 32.2
      vertex 2.43505 -3.17341 37.2
      vertex 2 -3.4641 37.2
    endloop
  endfacet
  facet normal 0.555569 -0.831471 0
    outer loop
      vertex 2.43505 -3.17341 37.2
      vertex 2 -3.4641 32.2
      vertex 2.43505 -3.17341 32.2
    endloop
  endfacet
  facet normal -0.0654142 -0.997858 0
    outer loop
      vertex -0.522104 -3.96578 32.2
      vertex -0.299999 -3.98034 37.2
      vertex -0.522104 -3.96578 37.2
    endloop
  endfacet
  facet normal -0.0654142 -0.997858 -0
    outer loop
      vertex -0.299999 -3.98034 37.2
      vertex -0.522104 -3.96578 32.2
      vertex -0.299999 -3.98034 32.2
    endloop
  endfacet
  facet normal -0.831471 -0.555569 0
    outer loop
      vertex -3.17341 -2.43505 32.2
      vertex -3.4641 -2 37.2
      vertex -3.4641 -2 32.2
    endloop
  endfacet
  facet normal -0.831471 -0.555569 0
    outer loop
      vertex -3.4641 -2 37.2
      vertex -3.17341 -2.43505 32.2
      vertex -3.17341 -2.43505 37.2
    endloop
  endfacet
  facet normal 0.65934 0.751845 -0
    outer loop
      vertex 2.82843 2.82843 32.2
      vertex 2.43505 3.17341 37.2
      vertex 2.82843 2.82843 37.2
    endloop
  endfacet
  facet normal 0.65934 0.751845 0
    outer loop
      vertex 2.43505 3.17341 37.2
      vertex 2.82843 2.82843 32.2
      vertex 2.43505 3.17341 32.2
    endloop
  endfacet
  facet normal 0.555569 0.831471 -0
    outer loop
      vertex 2.43505 3.17341 32.2
      vertex 2 3.4641 37.2
      vertex 2.43505 3.17341 37.2
    endloop
  endfacet
  facet normal 0.555569 0.831471 0
    outer loop
      vertex 2 3.4641 37.2
      vertex 2.43505 3.17341 32.2
      vertex 2 3.4641 32.2
    endloop
  endfacet
  facet normal -0.321435 0.946932 0
    outer loop
      vertex -1.03528 3.8637 32.2
      vertex -1.53073 3.69552 37.2
      vertex -1.03528 3.8637 37.2
    endloop
  endfacet
  facet normal -0.321435 0.946932 0
    outer loop
      vertex -1.53073 3.69552 37.2
      vertex -1.03528 3.8637 32.2
      vertex -1.53073 3.69552 32.2
    endloop
  endfacet
  facet normal -0.980784 0.195096 0
    outer loop
      vertex -3.96578 0.522104 32.2
      vertex -3.8637 1.03528 37.2
      vertex -3.8637 1.03528 32.2
    endloop
  endfacet
  facet normal -0.980784 0.195096 0
    outer loop
      vertex -3.8637 1.03528 37.2
      vertex -3.96578 0.522104 32.2
      vertex -3.96578 0.522104 37.2
    endloop
  endfacet
  facet normal 0.0654142 -0.997858 0
    outer loop
      vertex 0.299999 -3.98034 32.2
      vertex 0.522104 -3.96578 37.2
      vertex 0.299999 -3.98034 37.2
    endloop
  endfacet
  facet normal 0.0654142 -0.997858 0
    outer loop
      vertex 0.522104 -3.96578 37.2
      vertex 0.299999 -3.98034 32.2
      vertex 0.522104 -3.96578 32.2
    endloop
  endfacet
  facet normal -0.751845 -0.65934 0
    outer loop
      vertex -2.82843 -2.82843 32.2
      vertex -3.17341 -2.43505 37.2
      vertex -3.17341 -2.43505 32.2
    endloop
  endfacet
  facet normal -0.751845 -0.65934 0
    outer loop
      vertex -3.17341 -2.43505 37.2
      vertex -2.82843 -2.82843 32.2
      vertex -2.82843 -2.82843 37.2
    endloop
  endfacet
  facet normal -0.555569 0.831471 0
    outer loop
      vertex -2 3.4641 32.2
      vertex -2.43505 3.17341 37.2
      vertex -2 3.4641 37.2
    endloop
  endfacet
  facet normal -0.555569 0.831471 0
    outer loop
      vertex -2.43505 3.17341 37.2
      vertex -2 3.4641 32.2
      vertex -2.43505 3.17341 32.2
    endloop
  endfacet
  facet normal -0.997858 0.0654142 0
    outer loop
      vertex -3.98034 0.299999 32.2
      vertex -3.96578 0.522104 37.2
      vertex -3.96578 0.522104 32.2
    endloop
  endfacet
  facet normal -0.997858 0.0654142 0
    outer loop
      vertex -3.96578 0.522104 37.2
      vertex -3.98034 0.299999 32.2
      vertex -3.98034 0.299999 37.2
    endloop
  endfacet
  facet normal -0.980784 -0.195096 0
    outer loop
      vertex -3.8637 -1.03528 32.2
      vertex -3.96578 -0.522104 37.2
      vertex -3.96578 -0.522104 32.2
    endloop
  endfacet
  facet normal -0.980784 -0.195096 0
    outer loop
      vertex -3.96578 -0.522104 37.2
      vertex -3.8637 -1.03528 32.2
      vertex -3.8637 -1.03528 37.2
    endloop
  endfacet
  facet normal 0.896871 -0.442291 0
    outer loop
      vertex 3.4641 -2 37.2
      vertex 3.69552 -1.53073 32.2
      vertex 3.69552 -1.53073 37.2
    endloop
  endfacet
  facet normal 0.896871 -0.442291 0
    outer loop
      vertex 3.69552 -1.53073 32.2
      vertex 3.4641 -2 37.2
      vertex 3.4641 -2 32.2
    endloop
  endfacet
  facet normal 0.831471 -0.555569 0
    outer loop
      vertex 3.17341 -2.43505 37.2
      vertex 3.4641 -2 32.2
      vertex 3.4641 -2 37.2
    endloop
  endfacet
  facet normal 0.831471 -0.555569 0
    outer loop
      vertex 3.4641 -2 32.2
      vertex 3.17341 -2.43505 37.2
      vertex 3.17341 -2.43505 32.2
    endloop
  endfacet
  facet normal 0.195096 -0.980784 0
    outer loop
      vertex 0.522104 -3.96578 32.2
      vertex 1.03528 -3.8637 37.2
      vertex 0.522104 -3.96578 37.2
    endloop
  endfacet
  facet normal 0.195096 -0.980784 0
    outer loop
      vertex 1.03528 -3.8637 37.2
      vertex 0.522104 -3.96578 32.2
      vertex 1.03528 -3.8637 32.2
    endloop
  endfacet
  facet normal 0.0654142 0.997858 -0
    outer loop
      vertex 0.522104 3.96578 32.2
      vertex 0.299999 3.98034 37.2
      vertex 0.522104 3.96578 37.2
    endloop
  endfacet
  facet normal 0.0654142 0.997858 0
    outer loop
      vertex 0.299999 3.98034 37.2
      vertex 0.522104 3.96578 32.2
      vertex 0.299999 3.98034 32.2
    endloop
  endfacet
  facet normal -0.195096 -0.980784 0
    outer loop
      vertex -1.03528 -3.8637 32.2
      vertex -0.522104 -3.96578 37.2
      vertex -1.03528 -3.8637 37.2
    endloop
  endfacet
  facet normal -0.195096 -0.980784 -0
    outer loop
      vertex -0.522104 -3.96578 37.2
      vertex -1.03528 -3.8637 32.2
      vertex -0.522104 -3.96578 32.2
    endloop
  endfacet
  facet normal 0.751845 0.65934 0
    outer loop
      vertex 3.17341 2.43505 37.2
      vertex 2.82843 2.82843 32.2
      vertex 2.82843 2.82843 37.2
    endloop
  endfacet
  facet normal 0.751845 0.65934 0
    outer loop
      vertex 2.82843 2.82843 32.2
      vertex 3.17341 2.43505 37.2
      vertex 3.17341 2.43505 32.2
    endloop
  endfacet
  facet normal 0.321435 0.946932 -0
    outer loop
      vertex 1.53073 3.69552 32.2
      vertex 1.03528 3.8637 37.2
      vertex 1.53073 3.69552 37.2
    endloop
  endfacet
  facet normal 0.321435 0.946932 0
    outer loop
      vertex 1.03528 3.8637 37.2
      vertex 1.53073 3.69552 32.2
      vertex 1.03528 3.8637 32.2
    endloop
  endfacet
  facet normal 0.997858 -0.0654142 0
    outer loop
      vertex 3.96578 -0.522104 37.2
      vertex 3.98034 -0.299999 32.2
      vertex 3.98034 -0.299999 37.2
    endloop
  endfacet
  facet normal 0.997858 -0.0654142 0
    outer loop
      vertex 3.98034 -0.299999 32.2
      vertex 3.96578 -0.522104 37.2
      vertex 3.96578 -0.522104 32.2
    endloop
  endfacet
  facet normal 0.980784 -0.195096 0
    outer loop
      vertex 3.8637 -1.03528 37.2
      vertex 3.96578 -0.522104 32.2
      vertex 3.96578 -0.522104 37.2
    endloop
  endfacet
  facet normal 0.980784 -0.195096 0
    outer loop
      vertex 3.96578 -0.522104 32.2
      vertex 3.8637 -1.03528 37.2
      vertex 3.8637 -1.03528 32.2
    endloop
  endfacet
  facet normal -0.65934 -0.751845 0
    outer loop
      vertex -2.82843 -2.82843 32.2
      vertex -2.43505 -3.17341 37.2
      vertex -2.82843 -2.82843 37.2
    endloop
  endfacet
  facet normal -0.65934 -0.751845 -0
    outer loop
      vertex -2.43505 -3.17341 37.2
      vertex -2.82843 -2.82843 32.2
      vertex -2.43505 -3.17341 32.2
    endloop
  endfacet
  facet normal 0.442291 -0.896871 0
    outer loop
      vertex 1.53073 -3.69552 32.2
      vertex 2 -3.4641 37.2
      vertex 1.53073 -3.69552 37.2
    endloop
  endfacet
  facet normal 0.442291 -0.896871 0
    outer loop
      vertex 2 -3.4641 37.2
      vertex 1.53073 -3.69552 32.2
      vertex 2 -3.4641 32.2
    endloop
  endfacet
  facet normal 0 0 1
    outer loop
      vertex 0.299999 0.299999 37.2
      vertex 3.96578 0.522104 37.2
      vertex 3.8637 1.03528 37.2
    endloop
  endfacet
  facet normal 0 0 1
    outer loop
      vertex 0.299999 0.299999 37.2
      vertex 3.8637 1.03528 37.2
      vertex 3.69552 1.53073 37.2
    endloop
  endfacet
  facet normal 0 0 1
    outer loop
      vertex 0.299999 0.299999 37.2
      vertex 3.69552 1.53073 37.2
      vertex 3.4641 2 37.2
    endloop
  endfacet
  facet normal 0 0 1
    outer loop
      vertex 0.299999 0.299999 37.2
      vertex 3.4641 2 37.2
      vertex 3.17341 2.43505 37.2
    endloop
  endfacet
  facet normal 0 0 1
    outer loop
      vertex 0.299999 0.299999 37.2
      vertex 3.17341 2.43505 37.2
      vertex 2.82843 2.82843 37.2
    endloop
  endfacet
  facet normal 0 0 1
    outer loop
      vertex 0.299999 0.299999 37.2
      vertex 2.82843 2.82843 37.2
      vertex 2.43505 3.17341 37.2
    endloop
  endfacet
  facet normal 0 0 1
    outer loop
      vertex 0.299999 0.299999 37.2
      vertex 2.43505 3.17341 37.2
      vertex 2 3.4641 37.2
    endloop
  endfacet
  facet normal 0 0 1
    outer loop
      vertex 0.299999 0.299999 37.2
      vertex 2 3.4641 37.2
      vertex 1.53073 3.69552 37.2
    endloop
  endfacet
  facet normal 0 0 1
    outer loop
      vertex 0.299999 0.299999 37.2
      vertex 1.53073 3.69552 37.2
      vertex 1.03528 3.8637 37.2
    endloop
  endfacet
  facet normal 0 0 1
    outer loop
      vertex 0.299999 0.299999 37.2
      vertex 1.03528 3.8637 37.2
      vertex 0.522104 3.96578 37.2
    endloop
  endfacet
  facet normal 0 0 1
    outer loop
      vertex 0.299999 0.299999 37.2
      vertex 0.522104 3.96578 37.2
      vertex 0.299999 3.98034 37.2
    endloop
  endfacet
  facet normal 0 0 1
    outer loop
      vertex 3.96578 0.522104 37.2
      vertex 0.299999 0.299999 37.2
      vertex 3.98034 0.299999 37.2
    endloop
  endfacet
  facet normal -0 0 1
    outer loop
      vertex -0.522104 3.96578 37.2
      vertex -0.299999 0.299999 37.2
      vertex -0.299999 3.98034 37.2
    endloop
  endfacet
  facet normal -0 0 1
    outer loop
      vertex -1.03528 3.8637 37.2
      vertex -0.299999 0.299999 37.2
      vertex -0.522104 3.96578 37.2
    endloop
  endfacet
  facet normal -0 0 1
    outer loop
      vertex -1.53073 3.69552 37.2
      vertex -0.299999 0.299999 37.2
      vertex -1.03528 3.8637 37.2
    endloop
  endfacet
  facet normal -0 0 1
    outer loop
      vertex -2 3.4641 37.2
      vertex -0.299999 0.299999 37.2
      vertex -1.53073 3.69552 37.2
    endloop
  endfacet
  facet normal -0 0 1
    outer loop
      vertex -2.43505 3.17341 37.2
      vertex -0.299999 0.299999 37.2
      vertex -2 3.4641 37.2
    endloop
  endfacet
  facet normal -0 0 1
    outer loop
      vertex -2.82843 2.82843 37.2
      vertex -0.299999 0.299999 37.2
      vertex -2.43505 3.17341 37.2
    endloop
  endfacet
  facet normal -0 0 1
    outer loop
      vertex -3.17341 2.43505 37.2
      vertex -0.299999 0.299999 37.2
      vertex -2.82843 2.82843 37.2
    endloop
  endfacet
  facet normal -0 0 1
    outer loop
      vertex -3.4641 2 37.2
      vertex -0.299999 0.299999 37.2
      vertex -3.17341 2.43505 37.2
    endloop
  endfacet
  facet normal -0 0 1
    outer loop
      vertex -3.69552 1.53073 37.2
      vertex -0.299999 0.299999 37.2
      vertex -3.4641 2 37.2
    endloop
  endfacet
  facet normal -0 0 1
    outer loop
      vertex -3.8637 1.03528 37.2
      vertex -0.299999 0.299999 37.2
      vertex -3.69552 1.53073 37.2
    endloop
  endfacet
  facet normal -0 0 1
    outer loop
      vertex -3.96578 0.522104 37.2
      vertex -0.299999 0.299999 37.2
      vertex -3.8637 1.03528 37.2
    endloop
  endfacet
  facet normal 0 0 1
    outer loop
      vertex -0.299999 0.299999 37.2
      vertex -3.96578 0.522104 37.2
      vertex -3.98034 0.299999 37.2
    endloop
  endfacet
  facet normal -0 0 1
    outer loop
      vertex 0.299999 -0.299999 37.2
      vertex 3.96578 -0.522104 37.2
      vertex 3.98034 -0.299999 37.2
    endloop
  endfacet
  facet normal 0 0 1
    outer loop
      vertex 3.96578 -0.522104 37.2
      vertex 0.299999 -0.299999 37.2
      vertex 3.8637 -1.03528 37.2
    endloop
  endfacet
  facet normal 0 0 1
    outer loop
      vertex 3.8637 -1.03528 37.2
      vertex 0.299999 -0.299999 37.2
      vertex 3.69552 -1.53073 37.2
    endloop
  endfacet
  facet normal 0 0 1
    outer loop
      vertex 3.69552 -1.53073 37.2
      vertex 0.299999 -0.299999 37.2
      vertex 3.4641 -2 37.2
    endloop
  endfacet
  facet normal 0 0 1
    outer loop
      vertex 3.4641 -2 37.2
      vertex 0.299999 -0.299999 37.2
      vertex 3.17341 -2.43505 37.2
    endloop
  endfacet
  facet normal 0 0 1
    outer loop
      vertex 3.17341 -2.43505 37.2
      vertex 0.299999 -0.299999 37.2
      vertex 2.82843 -2.82843 37.2
    endloop
  endfacet
  facet normal 0 0 1
    outer loop
      vertex 2.82843 -2.82843 37.2
      vertex 0.299999 -0.299999 37.2
      vertex 2.43505 -3.17341 37.2
    endloop
  endfacet
  facet normal 0 0 1
    outer loop
      vertex 2.43505 -3.17341 37.2
      vertex 0.299999 -0.299999 37.2
      vertex 2 -3.4641 37.2
    endloop
  endfacet
  facet normal 0 0 1
    outer loop
      vertex 2 -3.4641 37.2
      vertex 0.299999 -0.299999 37.2
      vertex 1.53073 -3.69552 37.2
    endloop
  endfacet
  facet normal 0 0 1
    outer loop
      vertex 1.53073 -3.69552 37.2
      vertex 0.299999 -0.299999 37.2
      vertex 1.03528 -3.8637 37.2
    endloop
  endfacet
  facet normal 0 0 1
    outer loop
      vertex 1.03528 -3.8637 37.2
      vertex 0.299999 -0.299999 37.2
      vertex 0.522104 -3.96578 37.2
    endloop
  endfacet
  facet normal 0 0 1
    outer loop
      vertex 0.522104 -3.96578 37.2
      vertex 0.299999 -0.299999 37.2
      vertex 0.299999 -3.98034 37.2
    endloop
  endfacet
  facet normal 0 0 1
    outer loop
      vertex -0.299999 -0.299999 37.2
      vertex -0.522104 -3.96578 37.2
      vertex -0.299999 -3.98034 37.2
    endloop
  endfacet
  facet normal 0 0 1
    outer loop
      vertex -0.299999 -0.299999 37.2
      vertex -1.03528 -3.8637 37.2
      vertex -0.522104 -3.96578 37.2
    endloop
  endfacet
  facet normal 0 0 1
    outer loop
      vertex -0.299999 -0.299999 37.2
      vertex -1.53073 -3.69552 37.2
      vertex -1.03528 -3.8637 37.2
    endloop
  endfacet
  facet normal 0 0 1
    outer loop
      vertex -0.299999 -0.299999 37.2
      vertex -2 -3.4641 37.2
      vertex -1.53073 -3.69552 37.2
    endloop
  endfacet
  facet normal 0 0 1
    outer loop
      vertex -0.299999 -0.299999 37.2
      vertex -2.43505 -3.17341 37.2
      vertex -2 -3.4641 37.2
    endloop
  endfacet
  facet normal 0 0 1
    outer loop
      vertex -0.299999 -0.299999 37.2
      vertex -2.82843 -2.82843 37.2
      vertex -2.43505 -3.17341 37.2
    endloop
  endfacet
  facet normal 0 0 1
    outer loop
      vertex -0.299999 -0.299999 37.2
      vertex -3.17341 -2.43505 37.2
      vertex -2.82843 -2.82843 37.2
    endloop
  endfacet
  facet normal 0 0 1
    outer loop
      vertex -0.299999 -0.299999 37.2
      vertex -3.4641 -2 37.2
      vertex -3.17341 -2.43505 37.2
    endloop
  endfacet
  facet normal 0 0 1
    outer loop
      vertex -0.299999 -0.299999 37.2
      vertex -3.69552 -1.53073 37.2
      vertex -3.4641 -2 37.2
    endloop
  endfacet
  facet normal 0 0 1
    outer loop
      vertex -0.299999 -0.299999 37.2
      vertex -3.8637 -1.03528 37.2
      vertex -3.69552 -1.53073 37.2
    endloop
  endfacet
  facet normal 0 0 1
    outer loop
      vertex -0.299999 -0.299999 37.2
      vertex -3.96578 -0.522104 37.2
      vertex -3.8637 -1.03528 37.2
    endloop
  endfacet
  facet normal 0 -0 1
    outer loop
      vertex -3.96578 -0.522104 37.2
      vertex -0.299999 -0.299999 37.2
      vertex -3.98034 -0.299999 37.2
    endloop
  endfacet
  facet normal -0.321435 -0.946932 0
    outer loop
      vertex -1.53073 -3.69552 32.2
      vertex -1.03528 -3.8637 37.2
      vertex -1.53073 -3.69552 37.2
    endloop
  endfacet
  facet normal -0.321435 -0.946932 -0
    outer loop
      vertex -1.03528 -3.8637 37.2
      vertex -1.53073 -3.69552 32.2
      vertex -1.03528 -3.8637 32.2
    endloop
  endfacet
  facet normal -0.896871 -0.442291 0
    outer loop
      vertex -3.4641 -2 32.2
      vertex -3.69552 -1.53073 37.2
      vertex -3.69552 -1.53073 32.2
    endloop
  endfacet
  facet normal -0.896871 -0.442291 0
    outer loop
      vertex -3.69552 -1.53073 37.2
      vertex -3.4641 -2 32.2
      vertex -3.4641 -2 37.2
    endloop
  endfacet
  facet normal -0.896871 0.442291 0
    outer loop
      vertex -3.69552 1.53073 32.2
      vertex -3.4641 2 37.2
      vertex -3.4641 2 32.2
    endloop
  endfacet
  facet normal -0.896871 0.442291 0
    outer loop
      vertex -3.4641 2 37.2
      vertex -3.69552 1.53073 32.2
      vertex -3.69552 1.53073 37.2
    endloop
  endfacet
  facet normal -1 0 0
    outer loop
      vertex 0.299999 0.299999 32.2
      vertex 0.299999 3.98034 37.2
      vertex 0.299999 3.98034 32.2
    endloop
  endfacet
  facet normal -1 -0 0
    outer loop
      vertex 0.299999 3.98034 37.2
      vertex 0.299999 0.299999 32.2
      vertex 0.299999 0.299999 37.2
    endloop
  endfacet
  facet normal -1 0 0
    outer loop
      vertex 0.299999 -3.98034 32.2
      vertex 0.299999 -0.299999 37.2
      vertex 0.299999 -0.299999 32.2
    endloop
  endfacet
  facet normal -1 -0 0
    outer loop
      vertex 0.299999 -0.299999 37.2
      vertex 0.299999 -3.98034 32.2
      vertex 0.299999 -3.98034 37.2
    endloop
  endfacet
  facet normal 1 -0 0
    outer loop
      vertex -0.299999 0.299999 37.2
      vertex -0.299999 3.98034 32.2
      vertex -0.299999 3.98034 37.2
    endloop
  endfacet
  facet normal 1 0 0
    outer loop
      vertex -0.299999 3.98034 32.2
      vertex -0.299999 0.299999 37.2
      vertex -0.299999 0.299999 32.2
    endloop
  endfacet
  facet normal 1 -0 0
    outer loop
      vertex -0.299999 -3.98034 37.2
      vertex -0.299999 -0.299999 32.2
      vertex -0.299999 -0.299999 37.2
    endloop
  endfacet
  facet normal 1 0 0
    outer loop
      vertex -0.299999 -0.299999 32.2
      vertex -0.299999 -3.98034 37.2
      vertex -0.299999 -3.98034 32.2
    endloop
  endfacet
  facet normal 0 -1 0
    outer loop
      vertex -3.98034 0.299999 32.2
      vertex -0.299999 0.299999 37.2
      vertex -3.98034 0.299999 37.2
    endloop
  endfacet
  facet normal 0 -1 -0
    outer loop
      vertex -0.299999 0.299999 37.2
      vertex -3.98034 0.299999 32.2
      vertex -0.299999 0.299999 32.2
    endloop
  endfacet
  facet normal 0 -1 0
    outer loop
      vertex 0.299999 0.299999 32.2
      vertex 3.98034 0.299999 37.2
      vertex 0.299999 0.299999 37.2
    endloop
  endfacet
  facet normal 0 -1 -0
    outer loop
      vertex 3.98034 0.299999 37.2
      vertex 0.299999 0.299999 32.2
      vertex 3.98034 0.299999 32.2
    endloop
  endfacet
  facet normal 0 1 -0
    outer loop
      vertex -0.299999 -0.299999 32.2
      vertex -3.98034 -0.299999 37.2
      vertex -0.299999 -0.299999 37.2
    endloop
  endfacet
  facet normal 0 1 0
    outer loop
      vertex -3.98034 -0.299999 37.2
      vertex -0.299999 -0.299999 32.2
      vertex -3.98034 -0.299999 32.2
    endloop
  endfacet
  facet normal 0 1 -0
    outer loop
      vertex 3.98034 -0.299999 32.2
      vertex 0.299999 -0.299999 37.2
      vertex 3.98034 -0.299999 37.2
    endloop
  endfacet
  facet normal 0 1 0
    outer loop
      vertex 0.299999 -0.299999 37.2
      vertex 3.98034 -0.299999 32.2
      vertex 0.299999 -0.299999 32.2
    endloop
  endfacet
  facet normal 0.578083 -0.506969 0.639377
    outer loop
      vertex 8.72689 -6.69637 6
      vertex 7.77817 -7.77817 6
      vertex 12.6937 -9.74018 0
    endloop
  endfacet
  facet normal -0.689597 -0.340083 0.639374
    outer loop
      vertex -10.1627 -4.20952 6
      vertex -14.7821 -6.12293 0
      vertex -13.8564 -8 0
    endloop
  endfacet
  facet normal 0.767249 0.0502846 0.639375
    outer loop
      vertex 16 0 0
      vertex 10.9059 1.43579 6
      vertex 11 0 6
    endloop
  endfacet
  facet normal 0.76725 0.0502947 0.639373
    outer loop
      vertex 15.8631 2.08842 0
      vertex 10.9059 1.43579 6
      vertex 16 0 0
    endloop
  endfacet
  facet normal 0.340083 -0.689597 0.639374
    outer loop
      vertex 8 -13.8564 0
      vertex 4.20952 -10.1627 6
      vertex 6.12293 -14.7821 0
    endloop
  endfacet
  facet normal 0.506969 0.578083 0.639377
    outer loop
      vertex 9.74018 12.6937 0
      vertex 6.69637 8.72689 6
      vertex 7.77817 7.77817 6
    endloop
  endfacet
  facet normal 0.689597 -0.340083 0.639374
    outer loop
      vertex 14.7821 -6.12293 0
      vertex 10.1627 -4.20952 6
      vertex 13.8564 -8 0
    endloop
  endfacet
  facet normal 0.754123 0.150003 0.639373
    outer loop
      vertex 15.4548 4.1411 0
      vertex 10.9059 1.43579 6
      vertex 15.8631 2.08842 0
    endloop
  endfacet
  facet normal 0.578083 0.506969 0.639377
    outer loop
      vertex 12.6937 9.74018 0
      vertex 7.77817 7.77817 6
      vertex 8.72689 6.69637 6
    endloop
  endfacet
  facet normal 0.0502947 -0.76725 0.639373
    outer loop
      vertex 1.43579 -10.9059 6
      vertex 0 -16 0
      vertex 2.08842 -15.8631 0
    endloop
  endfacet
  facet normal -0.0502947 0.76725 0.639373
    outer loop
      vertex 0 16 0
      vertex -2.08842 15.8631 0
      vertex -1.43579 10.9059 6
    endloop
  endfacet
  facet normal 0.639322 -0.427162 0.639374
    outer loop
      vertex 13.8564 -8 0
      vertex 9.52628 -5.5 6
      vertex 12.6937 -9.74018 0
    endloop
  endfacet
  facet normal 0.728092 0.247149 0.639374
    outer loop
      vertex 14.7821 6.12293 0
      vertex 10.1627 4.20952 6
      vertex 10.6252 2.84701 6
    endloop
  endfacet
  facet normal 0.50698 0.578075 0.639375
    outer loop
      vertex 9.74018 12.6937 0
      vertex 7.77817 7.77817 6
      vertex 11.3137 11.3137 0
    endloop
  endfacet
  facet normal 0.639322 0.427162 0.639374
    outer loop
      vertex 12.6937 9.74018 0
      vertex 9.52628 5.5 6
      vertex 13.8564 8 0
    endloop
  endfacet
  facet normal -0.427175 0.639311 0.639377
    outer loop
      vertex -5.5 9.52628 6
      vertex -9.74018 12.6937 0
      vertex -6.69637 8.72689 6
    endloop
  endfacet
  facet normal 0.247149 0.728092 0.639374
    outer loop
      vertex 6.12293 14.7821 0
      vertex 2.84701 10.6252 6
      vertex 4.20952 10.1627 6
    endloop
  endfacet
  facet normal -0.150003 0.754123 0.639373
    outer loop
      vertex -2.08842 15.8631 0
      vertex -4.1411 15.4548 0
      vertex -1.43579 10.9059 6
    endloop
  endfacet
  facet normal 0 0 -1
    outer loop
      vertex 15.8631 -2.08842 0
      vertex 15.8631 2.08842 0
      vertex 16 0 0
    endloop
  endfacet
  facet normal 0 0 -1
    outer loop
      vertex 15.4548 -4.1411 0
      vertex 15.8631 2.08842 0
      vertex 15.8631 -2.08842 0
    endloop
  endfacet
  facet normal 0 0 -1
    outer loop
      vertex 15.4548 -4.1411 0
      vertex 15.4548 4.1411 0
      vertex 15.8631 2.08842 0
    endloop
  endfacet
  facet normal 0 0 -1
    outer loop
      vertex 14.7821 -6.12293 0
      vertex 15.4548 4.1411 0
      vertex 15.4548 -4.1411 0
    endloop
  endfacet
  facet normal 0 0 -1
    outer loop
      vertex 14.7821 -6.12293 0
      vertex 14.7821 6.12293 0
      vertex 15.4548 4.1411 0
    endloop
  endfacet
  facet normal 0 0 -1
    outer loop
      vertex 13.8564 -8 0
      vertex 14.7821 6.12293 0
      vertex 14.7821 -6.12293 0
    endloop
  endfacet
  facet normal 0 0 -1
    outer loop
      vertex 13.8564 -8 0
      vertex 13.8564 8 0
      vertex 14.7821 6.12293 0
    endloop
  endfacet
  facet normal 0 0 -1
    outer loop
      vertex 12.6937 -9.74018 0
      vertex 13.8564 8 0
      vertex 13.8564 -8 0
    endloop
  endfacet
  facet normal 0 0 -1
    outer loop
      vertex 12.6937 -9.74018 0
      vertex 12.6937 9.74018 0
      vertex 13.8564 8 0
    endloop
  endfacet
  facet normal 0 0 -1
    outer loop
      vertex 11.3137 -11.3137 0
      vertex 12.6937 9.74018 0
      vertex 12.6937 -9.74018 0
    endloop
  endfacet
  facet normal 0 0 -1
    outer loop
      vertex 11.3137 -11.3137 0
      vertex 11.3137 11.3137 0
      vertex 12.6937 9.74018 0
    endloop
  endfacet
  facet normal 0 0 -1
    outer loop
      vertex 9.74018 -12.6937 0
      vertex 11.3137 11.3137 0
      vertex 11.3137 -11.3137 0
    endloop
  endfacet
  facet normal 0 0 -1
    outer loop
      vertex 9.74018 -12.6937 0
      vertex 9.74018 12.6937 0
      vertex 11.3137 11.3137 0
    endloop
  endfacet
  facet normal 0 0 -1
    outer loop
      vertex 8 -13.8564 0
      vertex 9.74018 12.6937 0
      vertex 9.74018 -12.6937 0
    endloop
  endfacet
  facet normal 0 0 -1
    outer loop
      vertex 8 -13.8564 0
      vertex 8 13.8564 0
      vertex 9.74018 12.6937 0
    endloop
  endfacet
  facet normal 0 0 -1
    outer loop
      vertex 6.12293 -14.7821 0
      vertex 8 13.8564 0
      vertex 8 -13.8564 0
    endloop
  endfacet
  facet normal 0 0 -1
    outer loop
      vertex 6.12293 -14.7821 0
      vertex 6.12293 14.7821 0
      vertex 8 13.8564 0
    endloop
  endfacet
  facet normal 0 0 -1
    outer loop
      vertex 4.1411 -15.4548 0
      vertex 6.12293 14.7821 0
      vertex 6.12293 -14.7821 0
    endloop
  endfacet
  facet normal 0 0 -1
    outer loop
      vertex 4.1411 -15.4548 0
      vertex 4.1411 15.4548 0
      vertex 6.12293 14.7821 0
    endloop
  endfacet
  facet normal 0 0 -1
    outer loop
      vertex 2.08842 -15.8631 0
      vertex 4.1411 15.4548 0
      vertex 4.1411 -15.4548 0
    endloop
  endfacet
  facet normal 0 0 -1
    outer loop
      vertex 2.08842 -15.8631 0
      vertex 2.08842 15.8631 0
      vertex 4.1411 15.4548 0
    endloop
  endfacet
  facet normal 0 0 -1
    outer loop
      vertex 0 -16 0
      vertex 2.08842 15.8631 0
      vertex 2.08842 -15.8631 0
    endloop
  endfacet
  facet normal 0 0 -1
    outer loop
      vertex 0 -16 0
      vertex 0 16 0
      vertex 2.08842 15.8631 0
    endloop
  endfacet
  facet normal 0 0 -1
    outer loop
      vertex -2.08842 -15.8631 0
      vertex 0 16 0
      vertex 0 -16 0
    endloop
  endfacet
  facet normal 0 0 -1
    outer loop
      vertex -2.08842 -15.8631 0
      vertex -2.08842 15.8631 0
      vertex 0 16 0
    endloop
  endfacet
  facet normal 0 0 -1
    outer loop
      vertex -4.1411 -15.4548 0
      vertex -2.08842 15.8631 0
      vertex -2.08842 -15.8631 0
    endloop
  endfacet
  facet normal 0 0 -1
    outer loop
      vertex -4.1411 -15.4548 0
      vertex -4.1411 15.4548 0
      vertex -2.08842 15.8631 0
    endloop
  endfacet
  facet normal 0 0 -1
    outer loop
      vertex -6.12293 -14.7821 0
      vertex -4.1411 15.4548 0
      vertex -4.1411 -15.4548 0
    endloop
  endfacet
  facet normal 0 0 -1
    outer loop
      vertex -6.12293 -14.7821 0
      vertex -6.12293 14.7821 0
      vertex -4.1411 15.4548 0
    endloop
  endfacet
  facet normal 0 0 -1
    outer loop
      vertex -8 -13.8564 0
      vertex -6.12293 14.7821 0
      vertex -6.12293 -14.7821 0
    endloop
  endfacet
  facet normal 0 0 -1
    outer loop
      vertex -8 -13.8564 0
      vertex -8 13.8564 0
      vertex -6.12293 14.7821 0
    endloop
  endfacet
  facet normal 0 0 -1
    outer loop
      vertex -9.74018 -12.6937 0
      vertex -8 13.8564 0
      vertex -8 -13.8564 0
    endloop
  endfacet
  facet normal 0 0 -1
    outer loop
      vertex -9.74018 -12.6937 0
      vertex -9.74018 12.6937 0
      vertex -8 13.8564 0
    endloop
  endfacet
  facet normal 0 0 -1
    outer loop
      vertex -11.3137 -11.3137 0
      vertex -9.74018 12.6937 0
      vertex -9.74018 -12.6937 0
    endloop
  endfacet
  facet normal 0 0 -1
    outer loop
      vertex -11.3137 -11.3137 0
      vertex -11.3137 11.3137 0
      vertex -9.74018 12.6937 0
    endloop
  endfacet
  facet normal 0 0 -1
    outer loop
      vertex -12.6937 -9.74018 0
      vertex -11.3137 11.3137 0
      vertex -11.3137 -11.3137 0
    endloop
  endfacet
  facet normal 0 0 -1
    outer loop
      vertex -12.6937 -9.74018 0
      vertex -12.6937 9.74018 0
      vertex -11.3137 11.3137 0
    endloop
  endfacet
  facet normal 0 0 -1
    outer loop
      vertex -13.8564 -8 0
      vertex -12.6937 9.74018 0
      vertex -12.6937 -9.74018 0
    endloop
  endfacet
  facet normal 0 0 -1
    outer loop
      vertex -13.8564 -8 0
      vertex -13.8564 8 0
      vertex -12.6937 9.74018 0
    endloop
  endfacet
  facet normal 0 0 -1
    outer loop
      vertex -14.7821 -6.12293 0
      vertex -13.8564 8 0
      vertex -13.8564 -8 0
    endloop
  endfacet
  facet normal 0 0 -1
    outer loop
      vertex -14.7821 -6.12293 0
      vertex -14.7821 6.12293 0
      vertex -13.8564 8 0
    endloop
  endfacet
  facet normal 0 0 -1
    outer loop
      vertex -15.4548 -4.1411 0
      vertex -14.7821 6.12293 0
      vertex -14.7821 -6.12293 0
    endloop
  endfacet
  facet normal 0 0 -1
    outer loop
      vertex -15.4548 -4.1411 0
      vertex -15.4548 4.1411 0
      vertex -14.7821 6.12293 0
    endloop
  endfacet
  facet normal 0 0 -1
    outer loop
      vertex -15.8631 -2.08842 0
      vertex -15.4548 4.1411 0
      vertex -15.4548 -4.1411 0
    endloop
  endfacet
  facet normal 0 0 -1
    outer loop
      vertex -15.8631 -2.08842 0
      vertex -15.8631 2.08842 0
      vertex -15.4548 4.1411 0
    endloop
  endfacet
  facet normal 0 -0 -1
    outer loop
      vertex -15.8631 2.08842 0
      vertex -15.8631 -2.08842 0
      vertex -16 0 0
    endloop
  endfacet
  facet normal -0.639311 0.427175 0.639377
    outer loop
      vertex -8.72689 6.69637 6
      vertex -12.6937 9.74018 0
      vertex -9.52628 5.5 6
    endloop
  endfacet
  facet normal 0.15 -0.754124 0.639372
    outer loop
      vertex 2.84701 -10.6252 6
      vertex 1.43579 -10.9059 6
      vertex 4.1411 -15.4548 0
    endloop
  endfacet
  facet normal -0.506969 0.578083 0.639377
    outer loop
      vertex -6.69637 8.72689 6
      vertex -9.74018 12.6937 0
      vertex -7.77817 7.77817 6
    endloop
  endfacet
  facet normal 0.76725 -0.0502947 0.639373
    outer loop
      vertex 16 0 0
      vertex 10.9059 -1.43579 6
      vertex 15.8631 -2.08842 0
    endloop
  endfacet
  facet normal -0.427162 -0.639322 0.639374
    outer loop
      vertex -5.5 -9.52628 6
      vertex -9.74018 -12.6937 0
      vertex -8 -13.8564 0
    endloop
  endfacet
  facet normal -0.76725 -0.0502947 0.639373
    outer loop
      vertex -10.9059 -1.43579 6
      vertex -16 0 0
      vertex -15.8631 -2.08842 0
    endloop
  endfacet
  facet normal 0.689596 -0.340085 0.639374
    outer loop
      vertex 10.1627 -4.20952 6
      vertex 9.52628 -5.5 6
      vertex 13.8564 -8 0
    endloop
  endfacet
  facet normal -0.767249 0.0502846 0.639375
    outer loop
      vertex -10.9059 1.43579 6
      vertex -16 0 0
      vertex -11 0 6
    endloop
  endfacet
  facet normal 0.0502846 -0.767249 0.639375
    outer loop
      vertex 0 -11 6
      vertex 0 -16 0
      vertex 1.43579 -10.9059 6
    endloop
  endfacet
  facet normal 0.427162 -0.639322 0.639374
    outer loop
      vertex 9.74018 -12.6937 0
      vertex 5.5 -9.52628 6
      vertex 8 -13.8564 0
    endloop
  endfacet
  facet normal 0.578075 -0.50698 0.639375
    outer loop
      vertex 12.6937 -9.74018 0
      vertex 7.77817 -7.77817 6
      vertex 11.3137 -11.3137 0
    endloop
  endfacet
  facet normal 0.728096 -0.24714 0.639373
    outer loop
      vertex 15.4548 -4.1411 0
      vertex 10.6252 -2.84701 6
      vertex 14.7821 -6.12293 0
    endloop
  endfacet
  facet normal -0.0502846 0.767249 0.639375
    outer loop
      vertex 0 16 0
      vertex -1.43579 10.9059 6
      vertex 0 11 6
    endloop
  endfacet
  facet normal 0.0502947 0.76725 0.639373
    outer loop
      vertex 2.08842 15.8631 0
      vertex 0 16 0
      vertex 1.43579 10.9059 6
    endloop
  endfacet
  facet normal -0.506969 -0.578083 0.639377
    outer loop
      vertex -7.77817 -7.77817 6
      vertex -9.74018 -12.6937 0
      vertex -6.69637 -8.72689 6
    endloop
  endfacet
  facet normal -0.340083 -0.689597 0.639374
    outer loop
      vertex -4.20952 -10.1627 6
      vertex -8 -13.8564 0
      vertex -6.12293 -14.7821 0
    endloop
  endfacet
  facet normal 0.754124 0.15 0.639372
    outer loop
      vertex 15.4548 4.1411 0
      vertex 10.6252 2.84701 6
      vertex 10.9059 1.43579 6
    endloop
  endfacet
  facet normal 0.150003 -0.754123 0.639373
    outer loop
      vertex 4.1411 -15.4548 0
      vertex 1.43579 -10.9059 6
      vertex 2.08842 -15.8631 0
    endloop
  endfacet
  facet normal -0.578075 0.50698 0.639375
    outer loop
      vertex -11.3137 11.3137 0
      vertex -12.6937 9.74018 0
      vertex -7.77817 7.77817 6
    endloop
  endfacet
  facet normal -0.578083 -0.506969 0.639377
    outer loop
      vertex -8.72689 -6.69637 6
      vertex -12.6937 -9.74018 0
      vertex -7.77817 -7.77817 6
    endloop
  endfacet
  facet normal 0.427162 0.639322 0.639374
    outer loop
      vertex 8 13.8564 0
      vertex 5.5 9.52628 6
      vertex 9.74018 12.6937 0
    endloop
  endfacet
  facet normal -0.689596 0.340085 0.639374
    outer loop
      vertex -9.52628 5.5 6
      vertex -13.8564 8 0
      vertex -10.1627 4.20952 6
    endloop
  endfacet
  facet normal 0.767249 -0.0502846 0.639375
    outer loop
      vertex 11 0 6
      vertex 10.9059 -1.43579 6
      vertex 16 0 0
    endloop
  endfacet
  facet normal 0.24714 -0.728096 0.639373
    outer loop
      vertex 6.12293 -14.7821 0
      vertex 2.84701 -10.6252 6
      vertex 4.1411 -15.4548 0
    endloop
  endfacet
  facet normal -0.427162 0.639322 0.639374
    outer loop
      vertex -8 13.8564 0
      vertex -9.74018 12.6937 0
      vertex -5.5 9.52628 6
    endloop
  endfacet
  facet normal 0.427175 0.639311 0.639377
    outer loop
      vertex 9.74018 12.6937 0
      vertex 5.5 9.52628 6
      vertex 6.69637 8.72689 6
    endloop
  endfacet
  facet normal 0.340083 0.689597 0.639374
    outer loop
      vertex 6.12293 14.7821 0
      vertex 4.20952 10.1627 6
      vertex 8 13.8564 0
    endloop
  endfacet
  facet normal -0.15 0.754124 0.639372
    outer loop
      vertex -1.43579 10.9059 6
      vertex -4.1411 15.4548 0
      vertex -2.84701 10.6252 6
    endloop
  endfacet
  facet normal 0.578075 0.50698 0.639375
    outer loop
      vertex 11.3137 11.3137 0
      vertex 7.77817 7.77817 6
      vertex 12.6937 9.74018 0
    endloop
  endfacet
  facet normal -0.578083 0.506969 0.639377
    outer loop
      vertex -7.77817 7.77817 6
      vertex -12.6937 9.74018 0
      vertex -8.72689 6.69637 6
    endloop
  endfacet
  facet normal -0.754124 -0.15 0.639372
    outer loop
      vertex -10.9059 -1.43579 6
      vertex -15.4548 -4.1411 0
      vertex -10.6252 -2.84701 6
    endloop
  endfacet
  facet normal -0.728096 -0.24714 0.639373
    outer loop
      vertex -10.6252 -2.84701 6
      vertex -15.4548 -4.1411 0
      vertex -14.7821 -6.12293 0
    endloop
  endfacet
  facet normal -0.427175 -0.639311 0.639377
    outer loop
      vertex -6.69637 -8.72689 6
      vertex -9.74018 -12.6937 0
      vertex -5.5 -9.52628 6
    endloop
  endfacet
  facet normal -0.754123 -0.150003 0.639373
    outer loop
      vertex -10.9059 -1.43579 6
      vertex -15.8631 -2.08842 0
      vertex -15.4548 -4.1411 0
    endloop
  endfacet
  facet normal -0.0502846 -0.767249 0.639375
    outer loop
      vertex 0 -11 6
      vertex -1.43579 -10.9059 6
      vertex 0 -16 0
    endloop
  endfacet
  facet normal 0.247149 -0.728092 0.639374
    outer loop
      vertex 4.20952 -10.1627 6
      vertex 2.84701 -10.6252 6
      vertex 6.12293 -14.7821 0
    endloop
  endfacet
  facet normal -0.728096 0.24714 0.639373
    outer loop
      vertex -14.7821 6.12293 0
      vertex -15.4548 4.1411 0
      vertex -10.6252 2.84701 6
    endloop
  endfacet
  facet normal 0.754123 -0.150003 0.639373
    outer loop
      vertex 15.8631 -2.08842 0
      vertex 10.9059 -1.43579 6
      vertex 15.4548 -4.1411 0
    endloop
  endfacet
  facet normal 0.50698 -0.578075 0.639375
    outer loop
      vertex 11.3137 -11.3137 0
      vertex 7.77817 -7.77817 6
      vertex 9.74018 -12.6937 0
    endloop
  endfacet
  facet normal -0.689597 0.340083 0.639374
    outer loop
      vertex -13.8564 8 0
      vertex -14.7821 6.12293 0
      vertex -10.1627 4.20952 6
    endloop
  endfacet
  facet normal -0.340085 -0.689596 0.639374
    outer loop
      vertex -5.5 -9.52628 6
      vertex -8 -13.8564 0
      vertex -4.20952 -10.1627 6
    endloop
  endfacet
  facet normal 0.340085 -0.689596 0.639374
    outer loop
      vertex 5.5 -9.52628 6
      vertex 4.20952 -10.1627 6
      vertex 8 -13.8564 0
    endloop
  endfacet
  facet normal -0.340085 0.689596 0.639374
    outer loop
      vertex -4.20952 10.1627 6
      vertex -8 13.8564 0
      vertex -5.5 9.52628 6
    endloop
  endfacet
  facet normal 0.24714 0.728096 0.639373
    outer loop
      vertex 4.1411 15.4548 0
      vertex 2.84701 10.6252 6
      vertex 6.12293 14.7821 0
    endloop
  endfacet
  facet normal 0.15 0.754124 0.639372
    outer loop
      vertex 4.1411 15.4548 0
      vertex 1.43579 10.9059 6
      vertex 2.84701 10.6252 6
    endloop
  endfacet
  facet normal -0.50698 -0.578075 0.639375
    outer loop
      vertex -7.77817 -7.77817 6
      vertex -11.3137 -11.3137 0
      vertex -9.74018 -12.6937 0
    endloop
  endfacet
  facet normal -0.689596 -0.340085 0.639374
    outer loop
      vertex -10.1627 -4.20952 6
      vertex -13.8564 -8 0
      vertex -9.52628 -5.5 6
    endloop
  endfacet
  facet normal 0.340085 0.689596 0.639374
    outer loop
      vertex 8 13.8564 0
      vertex 4.20952 10.1627 6
      vertex 5.5 9.52628 6
    endloop
  endfacet
  facet normal -0.639322 -0.427162 0.639374
    outer loop
      vertex -9.52628 -5.5 6
      vertex -13.8564 -8 0
      vertex -12.6937 -9.74018 0
    endloop
  endfacet
  facet normal 0.639311 -0.427175 0.639377
    outer loop
      vertex 9.52628 -5.5 6
      vertex 8.72689 -6.69637 6
      vertex 12.6937 -9.74018 0
    endloop
  endfacet
  facet normal -0.754123 0.150003 0.639373
    outer loop
      vertex -15.4548 4.1411 0
      vertex -15.8631 2.08842 0
      vertex -10.9059 1.43579 6
    endloop
  endfacet
  facet normal -0.767249 -0.0502846 0.639375
    outer loop
      vertex -11 0 6
      vertex -16 0 0
      vertex -10.9059 -1.43579 6
    endloop
  endfacet
  facet normal 0.689597 0.340083 0.639374
    outer loop
      vertex 13.8564 8 0
      vertex 10.1627 4.20952 6
      vertex 14.7821 6.12293 0
    endloop
  endfacet
  facet normal -0.340083 0.689597 0.639374
    outer loop
      vertex -6.12293 14.7821 0
      vertex -8 13.8564 0
      vertex -4.20952 10.1627 6
    endloop
  endfacet
  facet normal -0.50698 0.578075 0.639375
    outer loop
      vertex -9.74018 12.6937 0
      vertex -11.3137 11.3137 0
      vertex -7.77817 7.77817 6
    endloop
  endfacet
  facet normal 0.506969 -0.578083 0.639377
    outer loop
      vertex 7.77817 -7.77817 6
      vertex 6.69637 -8.72689 6
      vertex 9.74018 -12.6937 0
    endloop
  endfacet
  facet normal 0.427175 -0.639311 0.639377
    outer loop
      vertex 6.69637 -8.72689 6
      vertex 5.5 -9.52628 6
      vertex 9.74018 -12.6937 0
    endloop
  endfacet
  facet normal -0.639322 0.427162 0.639374
    outer loop
      vertex -12.6937 9.74018 0
      vertex -13.8564 8 0
      vertex -9.52628 5.5 6
    endloop
  endfacet
  facet normal 0.639311 0.427175 0.639377
    outer loop
      vertex 12.6937 9.74018 0
      vertex 8.72689 6.69637 6
      vertex 9.52628 5.5 6
    endloop
  endfacet
  facet normal -0.728092 -0.247149 0.639374
    outer loop
      vertex -10.6252 -2.84701 6
      vertex -14.7821 -6.12293 0
      vertex -10.1627 -4.20952 6
    endloop
  endfacet
  facet normal -0.15 -0.754124 0.639372
    outer loop
      vertex -2.84701 -10.6252 6
      vertex -4.1411 -15.4548 0
      vertex -1.43579 -10.9059 6
    endloop
  endfacet
  facet normal -0.578075 -0.50698 0.639375
    outer loop
      vertex -7.77817 -7.77817 6
      vertex -12.6937 -9.74018 0
      vertex -11.3137 -11.3137 0
    endloop
  endfacet
  facet normal 0.728092 -0.247149 0.639374
    outer loop
      vertex 10.6252 -2.84701 6
      vertex 10.1627 -4.20952 6
      vertex 14.7821 -6.12293 0
    endloop
  endfacet
  facet normal -0.247149 0.728092 0.639374
    outer loop
      vertex -2.84701 10.6252 6
      vertex -6.12293 14.7821 0
      vertex -4.20952 10.1627 6
    endloop
  endfacet
  facet normal -0.76725 0.0502947 0.639373
    outer loop
      vertex -15.8631 2.08842 0
      vertex -16 0 0
      vertex -10.9059 1.43579 6
    endloop
  endfacet
  facet normal -0.150003 -0.754123 0.639373
    outer loop
      vertex -1.43579 -10.9059 6
      vertex -4.1411 -15.4548 0
      vertex -2.08842 -15.8631 0
    endloop
  endfacet
  facet normal -0.0502947 -0.76725 0.639373
    outer loop
      vertex -1.43579 -10.9059 6
      vertex -2.08842 -15.8631 0
      vertex 0 -16 0
    endloop
  endfacet
  facet normal 0.0502846 0.767249 0.639375
    outer loop
      vertex 0 16 0
      vertex 0 11 6
      vertex 1.43579 10.9059 6
    endloop
  endfacet
  facet normal 0.754124 -0.15 0.639372
    outer loop
      vertex 10.9059 -1.43579 6
      vertex 10.6252 -2.84701 6
      vertex 15.4548 -4.1411 0
    endloop
  endfacet
  facet normal -0.728092 0.247149 0.639374
    outer loop
      vertex -10.1627 4.20952 6
      vertex -14.7821 6.12293 0
      vertex -10.6252 2.84701 6
    endloop
  endfacet
  facet normal 0.150003 0.754123 0.639373
    outer loop
      vertex 2.08842 15.8631 0
      vertex 1.43579 10.9059 6
      vertex 4.1411 15.4548 0
    endloop
  endfacet
  facet normal 0.728096 0.24714 0.639373
    outer loop
      vertex 14.7821 6.12293 0
      vertex 10.6252 2.84701 6
      vertex 15.4548 4.1411 0
    endloop
  endfacet
  facet normal 0.689596 0.340085 0.639374
    outer loop
      vertex 13.8564 8 0
      vertex 9.52628 5.5 6
      vertex 10.1627 4.20952 6
    endloop
  endfacet
  facet normal -0.24714 0.728096 0.639373
    outer loop
      vertex -4.1411 15.4548 0
      vertex -6.12293 14.7821 0
      vertex -2.84701 10.6252 6
    endloop
  endfacet
  facet normal -0.754124 0.15 0.639372
    outer loop
      vertex -10.6252 2.84701 6
      vertex -15.4548 4.1411 0
      vertex -10.9059 1.43579 6
    endloop
  endfacet
  facet normal -0.639311 -0.427175 0.639377
    outer loop
      vertex -9.52628 -5.5 6
      vertex -12.6937 -9.74018 0
      vertex -8.72689 -6.69637 6
    endloop
  endfacet
  facet normal -0.247149 -0.728092 0.639374
    outer loop
      vertex -4.20952 -10.1627 6
      vertex -6.12293 -14.7821 0
      vertex -2.84701 -10.6252 6
    endloop
  endfacet
  facet normal -0.24714 -0.728096 0.639373
    outer loop
      vertex -2.84701 -10.6252 6
      vertex -6.12293 -14.7821 0
      vertex -4.1411 -15.4548 0
    endloop
  endfacet
  facet normal 0.980786 -0.195084 0
    outer loop
      vertex 10.6252 -2.84701 30
      vertex 10.9059 -1.43579 6
      vertex 10.9059 -1.43579 30
    endloop
  endfacet
  facet normal 0.980786 -0.195084 0
    outer loop
      vertex 10.9059 -1.43579 6
      vertex 10.6252 -2.84701 30
      vertex 10.6252 -2.84701 6
    endloop
  endfacet
  facet normal 0.555571 -0.831469 0
    outer loop
      vertex 5.5 -9.52628 6
      vertex 6.69637 -8.72689 30
      vertex 5.5 -9.52628 30
    endloop
  endfacet
  facet normal 0.555571 -0.831469 0
    outer loop
      vertex 6.69637 -8.72689 30
      vertex 5.5 -9.52628 6
      vertex 6.69637 -8.72689 6
    endloop
  endfacet
  facet normal 0.980786 0.195084 0
    outer loop
      vertex 10.9059 1.43579 30
      vertex 10.6252 2.84701 6
      vertex 10.6252 2.84701 30
    endloop
  endfacet
  facet normal 0.980786 0.195084 0
    outer loop
      vertex 10.6252 2.84701 6
      vertex 10.9059 1.43579 30
      vertex 10.9059 1.43579 6
    endloop
  endfacet
  facet normal 0.997859 0.0653985 0
    outer loop
      vertex 11 0 30
      vertex 10.9059 1.43579 6
      vertex 10.9059 1.43579 30
    endloop
  endfacet
  facet normal 0.997859 0.0653985 0
    outer loop
      vertex 10.9059 1.43579 6
      vertex 11 0 30
      vertex 11 0 6
    endloop
  endfacet
  facet normal -0.195084 0.980786 0
    outer loop
      vertex -1.43579 10.9059 6
      vertex -2.84701 10.6252 30
      vertex -1.43579 10.9059 30
    endloop
  endfacet
  facet normal -0.195084 0.980786 0
    outer loop
      vertex -2.84701 10.6252 30
      vertex -1.43579 10.9059 6
      vertex -2.84701 10.6252 6
    endloop
  endfacet
  facet normal 0.442303 -0.896866 0
    outer loop
      vertex 4.20952 -10.1627 6
      vertex 5.5 -9.52628 30
      vertex 4.20952 -10.1627 30
    endloop
  endfacet
  facet normal 0.442303 -0.896866 0
    outer loop
      vertex 5.5 -9.52628 30
      vertex 4.20952 -10.1627 6
      vertex 5.5 -9.52628 6
    endloop
  endfacet
  facet normal 0 0 -1
    outer loop
      vertex 11 0 30
      vertex 13 0 30
      vertex 12.8888 -1.69684 30
    endloop
  endfacet
  facet normal 0 0 -1
    outer loop
      vertex 10.9059 -1.43579 30
      vertex 12.8888 -1.69684 30
      vertex 12.557 -3.36465 30
    endloop
  endfacet
  facet normal 0 0 -1
    outer loop
      vertex 13 0 30
      vertex 11 0 30
      vertex 12.8888 1.69684 30
    endloop
  endfacet
  facet normal 0 0 -1
    outer loop
      vertex 10.6252 -2.84701 30
      vertex 12.557 -3.36465 30
      vertex 12.0104 -4.97488 30
    endloop
  endfacet
  facet normal 0 0 -1
    outer loop
      vertex 10.9059 1.43579 30
      vertex 12.8888 1.69684 30
      vertex 11 0 30
    endloop
  endfacet
  facet normal 0 0 -1
    outer loop
      vertex 10.1627 -4.20952 30
      vertex 12.0104 -4.97488 30
      vertex 11.2583 -6.5 30
    endloop
  endfacet
  facet normal -0 0 -1
    outer loop
      vertex 12.8888 1.69684 30
      vertex 10.9059 1.43579 30
      vertex 12.557 3.36465 30
    endloop
  endfacet
  facet normal 0 0 -1
    outer loop
      vertex 10.6252 2.84701 30
      vertex 12.557 3.36465 30
      vertex 10.9059 1.43579 30
    endloop
  endfacet
  facet normal 0 0 -1
    outer loop
      vertex 12.8888 -1.69684 30
      vertex 10.9059 -1.43579 30
      vertex 11 0 30
    endloop
  endfacet
  facet normal 0 0 -1
    outer loop
      vertex 12.557 -3.36465 30
      vertex 10.6252 -2.84701 30
      vertex 10.9059 -1.43579 30
    endloop
  endfacet
  facet normal 0 0 -1
    outer loop
      vertex 9.52628 -5.5 30
      vertex 11.2583 -6.5 30
      vertex 10.3136 -7.9139 30
    endloop
  endfacet
  facet normal 0 0 -1
    outer loop
      vertex 12.0104 -4.97488 30
      vertex 10.1627 -4.20952 30
      vertex 10.6252 -2.84701 30
    endloop
  endfacet
  facet normal 0 0 -1
    outer loop
      vertex 11.2583 -6.5 30
      vertex 9.52628 -5.5 30
      vertex 10.1627 -4.20952 30
    endloop
  endfacet
  facet normal 0 0 -1
    outer loop
      vertex 8.72689 -6.69637 30
      vertex 10.3136 -7.9139 30
      vertex 9.19239 -9.19239 30
    endloop
  endfacet
  facet normal 0 0 -1
    outer loop
      vertex 10.3136 -7.9139 30
      vertex 8.72689 -6.69637 30
      vertex 9.52628 -5.5 30
    endloop
  endfacet
  facet normal 0 0 -1
    outer loop
      vertex 7.77817 -7.77817 30
      vertex 9.19239 -9.19239 30
      vertex 7.9139 -10.3136 30
    endloop
  endfacet
  facet normal 0 0 -1
    outer loop
      vertex 9.19239 -9.19239 30
      vertex 7.77817 -7.77817 30
      vertex 8.72689 -6.69637 30
    endloop
  endfacet
  facet normal 0 0 -1
    outer loop
      vertex 7.9139 -10.3136 30
      vertex 6.69637 -8.72689 30
      vertex 7.77817 -7.77817 30
    endloop
  endfacet
  facet normal 0 0 -1
    outer loop
      vertex 6.5 -11.2583 30
      vertex 6.69637 -8.72689 30
      vertex 7.9139 -10.3136 30
    endloop
  endfacet
  facet normal 0 0 -1
    outer loop
      vertex 6.5 -11.2583 30
      vertex 5.5 -9.52628 30
      vertex 6.69637 -8.72689 30
    endloop
  endfacet
  facet normal 0 0 -1
    outer loop
      vertex 4.97488 -12.0104 30
      vertex 5.5 -9.52628 30
      vertex 6.5 -11.2583 30
    endloop
  endfacet
  facet normal 0 0 -1
    outer loop
      vertex 4.97488 -12.0104 30
      vertex 4.20952 -10.1627 30
      vertex 5.5 -9.52628 30
    endloop
  endfacet
  facet normal 0 0 -1
    outer loop
      vertex 3.36465 -12.557 30
      vertex 4.20952 -10.1627 30
      vertex 4.97488 -12.0104 30
    endloop
  endfacet
  facet normal 0 0 -1
    outer loop
      vertex 3.36465 -12.557 30
      vertex 2.84701 -10.6252 30
      vertex 4.20952 -10.1627 30
    endloop
  endfacet
  facet normal 0 0 -1
    outer loop
      vertex 1.69684 -12.8888 30
      vertex 2.84701 -10.6252 30
      vertex 3.36465 -12.557 30
    endloop
  endfacet
  facet normal 0 0 -1
    outer loop
      vertex 1.69684 -12.8888 30
      vertex 1.43579 -10.9059 30
      vertex 2.84701 -10.6252 30
    endloop
  endfacet
  facet normal 0 0 -1
    outer loop
      vertex 0 -13 30
      vertex 1.43579 -10.9059 30
      vertex 1.69684 -12.8888 30
    endloop
  endfacet
  facet normal 0 0 -1
    outer loop
      vertex 0 -13 30
      vertex 0 -11 30
      vertex 1.43579 -10.9059 30
    endloop
  endfacet
  facet normal 0 0 -1
    outer loop
      vertex 0 -13 30
      vertex -1.43579 -10.9059 30
      vertex 0 -11 30
    endloop
  endfacet
  facet normal 0 0 -1
    outer loop
      vertex -1.69684 -12.8888 30
      vertex -1.43579 -10.9059 30
      vertex 0 -13 30
    endloop
  endfacet
  facet normal 0 0 -1
    outer loop
      vertex -1.69684 -12.8888 30
      vertex -2.84701 -10.6252 30
      vertex -1.43579 -10.9059 30
    endloop
  endfacet
  facet normal 0 0 -1
    outer loop
      vertex -3.36465 -12.557 30
      vertex -2.84701 -10.6252 30
      vertex -1.69684 -12.8888 30
    endloop
  endfacet
  facet normal 0 0 -1
    outer loop
      vertex -3.36465 -12.557 30
      vertex -4.20952 -10.1627 30
      vertex -2.84701 -10.6252 30
    endloop
  endfacet
  facet normal 0 0 -1
    outer loop
      vertex -4.97488 -12.0104 30
      vertex -4.20952 -10.1627 30
      vertex -3.36465 -12.557 30
    endloop
  endfacet
  facet normal 0 0 -1
    outer loop
      vertex -4.97488 -12.0104 30
      vertex -5.5 -9.52628 30
      vertex -4.20952 -10.1627 30
    endloop
  endfacet
  facet normal 0 0 -1
    outer loop
      vertex -6.5 -11.2583 30
      vertex -5.5 -9.52628 30
      vertex -4.97488 -12.0104 30
    endloop
  endfacet
  facet normal 0 0 -1
    outer loop
      vertex -6.5 -11.2583 30
      vertex -6.69637 -8.72689 30
      vertex -5.5 -9.52628 30
    endloop
  endfacet
  facet normal 0 0 -1
    outer loop
      vertex -7.9139 -10.3136 30
      vertex -6.69637 -8.72689 30
      vertex -6.5 -11.2583 30
    endloop
  endfacet
  facet normal -0 0 -1
    outer loop
      vertex -6.69637 -8.72689 30
      vertex -7.9139 -10.3136 30
      vertex -7.77817 -7.77817 30
    endloop
  endfacet
  facet normal 0 0 -1
    outer loop
      vertex -9.19239 -9.19239 30
      vertex -7.77817 -7.77817 30
      vertex -7.9139 -10.3136 30
    endloop
  endfacet
  facet normal -0 0 -1
    outer loop
      vertex -7.77817 -7.77817 30
      vertex -9.19239 -9.19239 30
      vertex -8.72689 -6.69637 30
    endloop
  endfacet
  facet normal 0 0 -1
    outer loop
      vertex -10.3136 -7.9139 30
      vertex -8.72689 -6.69637 30
      vertex -9.19239 -9.19239 30
    endloop
  endfacet
  facet normal -0 0 -1
    outer loop
      vertex -8.72689 -6.69637 30
      vertex -10.3136 -7.9139 30
      vertex -9.52628 -5.5 30
    endloop
  endfacet
  facet normal 0 0 -1
    outer loop
      vertex -11.2583 -6.5 30
      vertex -9.52628 -5.5 30
      vertex -10.3136 -7.9139 30
    endloop
  endfacet
  facet normal -0 0 -1
    outer loop
      vertex -9.52628 -5.5 30
      vertex -11.2583 -6.5 30
      vertex -10.1627 -4.20952 30
    endloop
  endfacet
  facet normal 0 0 -1
    outer loop
      vertex -12.0104 -4.97488 30
      vertex -10.1627 -4.20952 30
      vertex -11.2583 -6.5 30
    endloop
  endfacet
  facet normal 0 0 -1
    outer loop
      vertex -12.557 -3.36465 30
      vertex -10.6252 -2.84701 30
      vertex -12.0104 -4.97488 30
    endloop
  endfacet
  facet normal -0 0 -1
    outer loop
      vertex -10.1627 -4.20952 30
      vertex -12.0104 -4.97488 30
      vertex -10.6252 -2.84701 30
    endloop
  endfacet
  facet normal -0 0 -1
    outer loop
      vertex 12.557 3.36465 30
      vertex 10.6252 2.84701 30
      vertex 12.0104 4.97488 30
    endloop
  endfacet
  facet normal 0 0 -1
    outer loop
      vertex 10.1627 4.20952 30
      vertex 12.0104 4.97488 30
      vertex 10.6252 2.84701 30
    endloop
  endfacet
  facet normal -0 0 -1
    outer loop
      vertex 12.0104 4.97488 30
      vertex 10.1627 4.20952 30
      vertex 11.2583 6.5 30
    endloop
  endfacet
  facet normal 0 0 -1
    outer loop
      vertex 9.52628 5.5 30
      vertex 11.2583 6.5 30
      vertex 10.1627 4.20952 30
    endloop
  endfacet
  facet normal -0 0 -1
    outer loop
      vertex 11.2583 6.5 30
      vertex 9.52628 5.5 30
      vertex 10.3136 7.9139 30
    endloop
  endfacet
  facet normal 0 0 -1
    outer loop
      vertex 8.72689 6.69637 30
      vertex 10.3136 7.9139 30
      vertex 9.52628 5.5 30
    endloop
  endfacet
  facet normal -0 0 -1
    outer loop
      vertex 10.3136 7.9139 30
      vertex 8.72689 6.69637 30
      vertex 9.19239 9.19239 30
    endloop
  endfacet
  facet normal 0 0 -1
    outer loop
      vertex 7.77817 7.77817 30
      vertex 9.19239 9.19239 30
      vertex 8.72689 6.69637 30
    endloop
  endfacet
  facet normal -0 0 -1
    outer loop
      vertex 9.19239 9.19239 30
      vertex 7.77817 7.77817 30
      vertex 7.9139 10.3136 30
    endloop
  endfacet
  facet normal 0 0 -1
    outer loop
      vertex 6.69637 8.72689 30
      vertex 7.9139 10.3136 30
      vertex 7.77817 7.77817 30
    endloop
  endfacet
  facet normal 0 0 -1
    outer loop
      vertex 6.69637 8.72689 30
      vertex 6.5 11.2583 30
      vertex 7.9139 10.3136 30
    endloop
  endfacet
  facet normal 0 0 -1
    outer loop
      vertex 5.5 9.52628 30
      vertex 6.5 11.2583 30
      vertex 6.69637 8.72689 30
    endloop
  endfacet
  facet normal 0 0 -1
    outer loop
      vertex 5.5 9.52628 30
      vertex 4.97488 12.0104 30
      vertex 6.5 11.2583 30
    endloop
  endfacet
  facet normal 0 0 -1
    outer loop
      vertex 4.20952 10.1627 30
      vertex 4.97488 12.0104 30
      vertex 5.5 9.52628 30
    endloop
  endfacet
  facet normal 0 0 -1
    outer loop
      vertex 4.20952 10.1627 30
      vertex 3.36465 12.557 30
      vertex 4.97488 12.0104 30
    endloop
  endfacet
  facet normal 0 0 -1
    outer loop
      vertex 2.84701 10.6252 30
      vertex 3.36465 12.557 30
      vertex 4.20952 10.1627 30
    endloop
  endfacet
  facet normal 0 0 -1
    outer loop
      vertex 2.84701 10.6252 30
      vertex 1.69684 12.8888 30
      vertex 3.36465 12.557 30
    endloop
  endfacet
  facet normal 0 0 -1
    outer loop
      vertex 1.43579 10.9059 30
      vertex 1.69684 12.8888 30
      vertex 2.84701 10.6252 30
    endloop
  endfacet
  facet normal 0 0 -1
    outer loop
      vertex 0 11 30
      vertex 1.69684 12.8888 30
      vertex 1.43579 10.9059 30
    endloop
  endfacet
  facet normal 0 0 -1
    outer loop
      vertex 0 11 30
      vertex 0 13 30
      vertex 1.69684 12.8888 30
    endloop
  endfacet
  facet normal 0 0 -1
    outer loop
      vertex -1.43579 10.9059 30
      vertex 0 13 30
      vertex 0 11 30
    endloop
  endfacet
  facet normal 0 0 -1
    outer loop
      vertex -1.43579 10.9059 30
      vertex -1.69684 12.8888 30
      vertex 0 13 30
    endloop
  endfacet
  facet normal 0 0 -1
    outer loop
      vertex -2.84701 10.6252 30
      vertex -1.69684 12.8888 30
      vertex -1.43579 10.9059 30
    endloop
  endfacet
  facet normal 0 0 -1
    outer loop
      vertex -2.84701 10.6252 30
      vertex -3.36465 12.557 30
      vertex -1.69684 12.8888 30
    endloop
  endfacet
  facet normal 0 0 -1
    outer loop
      vertex -4.20952 10.1627 30
      vertex -3.36465 12.557 30
      vertex -2.84701 10.6252 30
    endloop
  endfacet
  facet normal 0 0 -1
    outer loop
      vertex -4.20952 10.1627 30
      vertex -4.97488 12.0104 30
      vertex -3.36465 12.557 30
    endloop
  endfacet
  facet normal 0 0 -1
    outer loop
      vertex -5.5 9.52628 30
      vertex -4.97488 12.0104 30
      vertex -4.20952 10.1627 30
    endloop
  endfacet
  facet normal 0 0 -1
    outer loop
      vertex -5.5 9.52628 30
      vertex -6.5 11.2583 30
      vertex -4.97488 12.0104 30
    endloop
  endfacet
  facet normal 0 0 -1
    outer loop
      vertex -6.69637 8.72689 30
      vertex -6.5 11.2583 30
      vertex -5.5 9.52628 30
    endloop
  endfacet
  facet normal 0 0 -1
    outer loop
      vertex -7.9139 10.3136 30
      vertex -6.69637 8.72689 30
      vertex -7.77817 7.77817 30
    endloop
  endfacet
  facet normal 0 0 -1
    outer loop
      vertex -6.69637 8.72689 30
      vertex -7.9139 10.3136 30
      vertex -6.5 11.2583 30
    endloop
  endfacet
  facet normal 0 0 -1
    outer loop
      vertex -9.19239 9.19239 30
      vertex -7.77817 7.77817 30
      vertex -8.72689 6.69637 30
    endloop
  endfacet
  facet normal 0 0 -1
    outer loop
      vertex -7.77817 7.77817 30
      vertex -9.19239 9.19239 30
      vertex -7.9139 10.3136 30
    endloop
  endfacet
  facet normal 0 0 -1
    outer loop
      vertex -10.3136 7.9139 30
      vertex -8.72689 6.69637 30
      vertex -9.52628 5.5 30
    endloop
  endfacet
  facet normal 0 0 -1
    outer loop
      vertex -11.2583 6.5 30
      vertex -9.52628 5.5 30
      vertex -10.1627 4.20952 30
    endloop
  endfacet
  facet normal 0 0 -1
    outer loop
      vertex -8.72689 6.69637 30
      vertex -10.3136 7.9139 30
      vertex -9.19239 9.19239 30
    endloop
  endfacet
  facet normal 0 0 -1
    outer loop
      vertex -12.0104 4.97488 30
      vertex -10.1627 4.20952 30
      vertex -10.6252 2.84701 30
    endloop
  endfacet
  facet normal 0 0 -1
    outer loop
      vertex -12.557 3.36465 30
      vertex -10.6252 2.84701 30
      vertex -10.9059 1.43579 30
    endloop
  endfacet
  facet normal 0 0 -1
    outer loop
      vertex -9.52628 5.5 30
      vertex -11.2583 6.5 30
      vertex -10.3136 7.9139 30
    endloop
  endfacet
  facet normal 0 0 -1
    outer loop
      vertex -12.8888 1.69684 30
      vertex -10.9059 1.43579 30
      vertex -11 0 30
    endloop
  endfacet
  facet normal -0 0 -1
    outer loop
      vertex -10.6252 -2.84701 30
      vertex -12.557 -3.36465 30
      vertex -10.9059 -1.43579 30
    endloop
  endfacet
  facet normal 0 0 -1
    outer loop
      vertex -12.8888 -1.69684 30
      vertex -10.9059 -1.43579 30
      vertex -12.557 -3.36465 30
    endloop
  endfacet
  facet normal 0 0 -1
    outer loop
      vertex -10.1627 4.20952 30
      vertex -12.0104 4.97488 30
      vertex -11.2583 6.5 30
    endloop
  endfacet
  facet normal -0 0 -1
    outer loop
      vertex -10.9059 -1.43579 30
      vertex -12.8888 -1.69684 30
      vertex -11 0 30
    endloop
  endfacet
  facet normal 0 0 -1
    outer loop
      vertex -10.6252 2.84701 30
      vertex -12.557 3.36465 30
      vertex -12.0104 4.97488 30
    endloop
  endfacet
  facet normal 0 0 -1
    outer loop
      vertex -13 0 30
      vertex -11 0 30
      vertex -12.8888 -1.69684 30
    endloop
  endfacet
  facet normal 0 0 -1
    outer loop
      vertex -10.9059 1.43579 30
      vertex -12.8888 1.69684 30
      vertex -12.557 3.36465 30
    endloop
  endfacet
  facet normal 0 0 -1
    outer loop
      vertex -11 0 30
      vertex -13 0 30
      vertex -12.8888 1.69684 30
    endloop
  endfacet
  facet normal -0.831469 0.555571 0
    outer loop
      vertex -9.52628 5.5 6
      vertex -8.72689 6.69637 30
      vertex -8.72689 6.69637 6
    endloop
  endfacet
  facet normal -0.831469 0.555571 0
    outer loop
      vertex -8.72689 6.69637 30
      vertex -9.52628 5.5 6
      vertex -9.52628 5.5 30
    endloop
  endfacet
  facet normal -0.442303 0.896866 0
    outer loop
      vertex -4.20952 10.1627 6
      vertex -5.5 9.52628 30
      vertex -4.20952 10.1627 30
    endloop
  endfacet
  facet normal -0.442303 0.896866 0
    outer loop
      vertex -5.5 9.52628 30
      vertex -4.20952 10.1627 6
      vertex -5.5 9.52628 6
    endloop
  endfacet
  facet normal -0.555571 0.831469 0
    outer loop
      vertex -5.5 9.52628 6
      vertex -6.69637 8.72689 30
      vertex -5.5 9.52628 30
    endloop
  endfacet
  facet normal -0.555571 0.831469 0
    outer loop
      vertex -6.69637 8.72689 30
      vertex -5.5 9.52628 6
      vertex -6.69637 8.72689 6
    endloop
  endfacet
  facet normal -0.946932 -0.321433 0
    outer loop
      vertex -10.1627 -4.20952 6
      vertex -10.6252 -2.84701 30
      vertex -10.6252 -2.84701 6
    endloop
  endfacet
  facet normal -0.946932 -0.321433 0
    outer loop
      vertex -10.6252 -2.84701 30
      vertex -10.1627 -4.20952 6
      vertex -10.1627 -4.20952 30
    endloop
  endfacet
  facet normal 0.321433 -0.946932 0
    outer loop
      vertex 2.84701 -10.6252 6
      vertex 4.20952 -10.1627 30
      vertex 2.84701 -10.6252 30
    endloop
  endfacet
  facet normal 0.321433 -0.946932 0
    outer loop
      vertex 4.20952 -10.1627 30
      vertex 2.84701 -10.6252 6
      vertex 4.20952 -10.1627 6
    endloop
  endfacet
  facet normal -0.321433 0.946932 0
    outer loop
      vertex -2.84701 10.6252 6
      vertex -4.20952 10.1627 30
      vertex -2.84701 10.6252 30
    endloop
  endfacet
  facet normal -0.321433 0.946932 0
    outer loop
      vertex -4.20952 10.1627 30
      vertex -2.84701 10.6252 6
      vertex -4.20952 10.1627 6
    endloop
  endfacet
  facet normal 0.946932 0.321433 0
    outer loop
      vertex 10.6252 2.84701 30
      vertex 10.1627 4.20952 6
      vertex 10.1627 4.20952 30
    endloop
  endfacet
  facet normal 0.946932 0.321433 0
    outer loop
      vertex 10.1627 4.20952 6
      vertex 10.6252 2.84701 30
      vertex 10.6252 2.84701 6
    endloop
  endfacet
  facet normal -0.442303 -0.896866 0
    outer loop
      vertex -5.5 -9.52628 6
      vertex -4.20952 -10.1627 30
      vertex -5.5 -9.52628 30
    endloop
  endfacet
  facet normal -0.442303 -0.896866 -0
    outer loop
      vertex -4.20952 -10.1627 30
      vertex -5.5 -9.52628 6
      vertex -4.20952 -10.1627 6
    endloop
  endfacet
  facet normal -0.997859 0.0653985 0
    outer loop
      vertex -11 0 6
      vertex -10.9059 1.43579 30
      vertex -10.9059 1.43579 6
    endloop
  endfacet
  facet normal -0.997859 0.0653985 0
    outer loop
      vertex -10.9059 1.43579 30
      vertex -11 0 6
      vertex -11 0 30
    endloop
  endfacet
  facet normal -0.946932 0.321433 0
    outer loop
      vertex -10.6252 2.84701 6
      vertex -10.1627 4.20952 30
      vertex -10.1627 4.20952 6
    endloop
  endfacet
  facet normal -0.946932 0.321433 0
    outer loop
      vertex -10.1627 4.20952 30
      vertex -10.6252 2.84701 6
      vertex -10.6252 2.84701 30
    endloop
  endfacet
  facet normal 0.0653985 -0.997859 0
    outer loop
      vertex 0 -11 6
      vertex 1.43579 -10.9059 30
      vertex 0 -11 30
    endloop
  endfacet
  facet normal 0.0653985 -0.997859 0
    outer loop
      vertex 1.43579 -10.9059 30
      vertex 0 -11 6
      vertex 1.43579 -10.9059 6
    endloop
  endfacet
  facet normal 0.659349 -0.751837 0
    outer loop
      vertex 6.69637 -8.72689 6
      vertex 7.77817 -7.77817 30
      vertex 6.69637 -8.72689 30
    endloop
  endfacet
  facet normal 0.659349 -0.751837 0
    outer loop
      vertex 7.77817 -7.77817 30
      vertex 6.69637 -8.72689 6
      vertex 7.77817 -7.77817 6
    endloop
  endfacet
  facet normal 0.831469 0.555571 0
    outer loop
      vertex 9.52628 5.5 30
      vertex 8.72689 6.69637 6
      vertex 8.72689 6.69637 30
    endloop
  endfacet
  facet normal 0.831469 0.555571 0
    outer loop
      vertex 8.72689 6.69637 6
      vertex 9.52628 5.5 30
      vertex 9.52628 5.5 6
    endloop
  endfacet
  facet normal 0.659349 0.751837 -0
    outer loop
      vertex 7.77817 7.77817 6
      vertex 6.69637 8.72689 30
      vertex 7.77817 7.77817 30
    endloop
  endfacet
  facet normal 0.659349 0.751837 0
    outer loop
      vertex 6.69637 8.72689 30
      vertex 7.77817 7.77817 6
      vertex 6.69637 8.72689 6
    endloop
  endfacet
  facet normal 0.997859 -0.0653985 0
    outer loop
      vertex 10.9059 -1.43579 30
      vertex 11 0 6
      vertex 11 0 30
    endloop
  endfacet
  facet normal 0.997859 -0.0653985 0
    outer loop
      vertex 11 0 6
      vertex 10.9059 -1.43579 30
      vertex 10.9059 -1.43579 6
    endloop
  endfacet
  facet normal 0.442303 0.896866 -0
    outer loop
      vertex 5.5 9.52628 6
      vertex 4.20952 10.1627 30
      vertex 5.5 9.52628 30
    endloop
  endfacet
  facet normal 0.442303 0.896866 0
    outer loop
      vertex 4.20952 10.1627 30
      vertex 5.5 9.52628 6
      vertex 4.20952 10.1627 6
    endloop
  endfacet
  facet normal 0.751837 0.659349 0
    outer loop
      vertex 8.72689 6.69637 30
      vertex 7.77817 7.77817 6
      vertex 7.77817 7.77817 30
    endloop
  endfacet
  facet normal 0.751837 0.659349 0
    outer loop
      vertex 7.77817 7.77817 6
      vertex 8.72689 6.69637 30
      vertex 8.72689 6.69637 6
    endloop
  endfacet
  facet normal 0.751837 -0.659349 0
    outer loop
      vertex 7.77817 -7.77817 30
      vertex 8.72689 -6.69637 6
      vertex 8.72689 -6.69637 30
    endloop
  endfacet
  facet normal 0.751837 -0.659349 0
    outer loop
      vertex 8.72689 -6.69637 6
      vertex 7.77817 -7.77817 30
      vertex 7.77817 -7.77817 6
    endloop
  endfacet
  facet normal -0.0653985 -0.997859 0
    outer loop
      vertex -1.43579 -10.9059 6
      vertex 0 -11 30
      vertex -1.43579 -10.9059 30
    endloop
  endfacet
  facet normal -0.0653985 -0.997859 -0
    outer loop
      vertex 0 -11 30
      vertex -1.43579 -10.9059 6
      vertex 0 -11 6
    endloop
  endfacet
  facet normal -0.0653985 0.997859 0
    outer loop
      vertex 0 11 6
      vertex -1.43579 10.9059 30
      vertex 0 11 30
    endloop
  endfacet
  facet normal -0.0653985 0.997859 0
    outer loop
      vertex -1.43579 10.9059 30
      vertex 0 11 6
      vertex -1.43579 10.9059 6
    endloop
  endfacet
  facet normal -0.831469 -0.555571 0
    outer loop
      vertex -8.72689 -6.69637 6
      vertex -9.52628 -5.5 30
      vertex -9.52628 -5.5 6
    endloop
  endfacet
  facet normal -0.831469 -0.555571 0
    outer loop
      vertex -9.52628 -5.5 30
      vertex -8.72689 -6.69637 6
      vertex -8.72689 -6.69637 30
    endloop
  endfacet
  facet normal 0.195084 0.980786 -0
    outer loop
      vertex 2.84701 10.6252 6
      vertex 1.43579 10.9059 30
      vertex 2.84701 10.6252 30
    endloop
  endfacet
  facet normal 0.195084 0.980786 0
    outer loop
      vertex 1.43579 10.9059 30
      vertex 2.84701 10.6252 6
      vertex 1.43579 10.9059 6
    endloop
  endfacet
  facet normal 0.195084 -0.980786 0
    outer loop
      vertex 1.43579 -10.9059 6
      vertex 2.84701 -10.6252 30
      vertex 1.43579 -10.9059 30
    endloop
  endfacet
  facet normal 0.195084 -0.980786 0
    outer loop
      vertex 2.84701 -10.6252 30
      vertex 1.43579 -10.9059 6
      vertex 2.84701 -10.6252 6
    endloop
  endfacet
  facet normal 0.946932 -0.321433 0
    outer loop
      vertex 10.1627 -4.20952 30
      vertex 10.6252 -2.84701 6
      vertex 10.6252 -2.84701 30
    endloop
  endfacet
  facet normal 0.946932 -0.321433 0
    outer loop
      vertex 10.6252 -2.84701 6
      vertex 10.1627 -4.20952 30
      vertex 10.1627 -4.20952 6
    endloop
  endfacet
  facet normal -0.751837 0.659349 0
    outer loop
      vertex -8.72689 6.69637 6
      vertex -7.77817 7.77817 30
      vertex -7.77817 7.77817 6
    endloop
  endfacet
  facet normal -0.751837 0.659349 0
    outer loop
      vertex -7.77817 7.77817 30
      vertex -8.72689 6.69637 6
      vertex -8.72689 6.69637 30
    endloop
  endfacet
  facet normal 0.896866 -0.442303 0
    outer loop
      vertex 9.52628 -5.5 30
      vertex 10.1627 -4.20952 6
      vertex 10.1627 -4.20952 30
    endloop
  endfacet
  facet normal 0.896866 -0.442303 0
    outer loop
      vertex 10.1627 -4.20952 6
      vertex 9.52628 -5.5 30
      vertex 9.52628 -5.5 6
    endloop
  endfacet
  facet normal -0.896866 -0.442303 0
    outer loop
      vertex -9.52628 -5.5 6
      vertex -10.1627 -4.20952 30
      vertex -10.1627 -4.20952 6
    endloop
  endfacet
  facet normal -0.896866 -0.442303 0
    outer loop
      vertex -10.1627 -4.20952 30
      vertex -9.52628 -5.5 6
      vertex -9.52628 -5.5 30
    endloop
  endfacet
  facet normal 0.555571 0.831469 -0
    outer loop
      vertex 6.69637 8.72689 6
      vertex 5.5 9.52628 30
      vertex 6.69637 8.72689 30
    endloop
  endfacet
  facet normal 0.555571 0.831469 0
    outer loop
      vertex 5.5 9.52628 30
      vertex 6.69637 8.72689 6
      vertex 5.5 9.52628 6
    endloop
  endfacet
  facet normal 0.831469 -0.555571 0
    outer loop
      vertex 8.72689 -6.69637 30
      vertex 9.52628 -5.5 6
      vertex 9.52628 -5.5 30
    endloop
  endfacet
  facet normal 0.831469 -0.555571 0
    outer loop
      vertex 9.52628 -5.5 6
      vertex 8.72689 -6.69637 30
      vertex 8.72689 -6.69637 6
    endloop
  endfacet
  facet normal 0.0653985 0.997859 -0
    outer loop
      vertex 1.43579 10.9059 6
      vertex 0 11 30
      vertex 1.43579 10.9059 30
    endloop
  endfacet
  facet normal 0.0653985 0.997859 0
    outer loop
      vertex 0 11 30
      vertex 1.43579 10.9059 6
      vertex 0 11 6
    endloop
  endfacet
  facet normal -0.751837 -0.659349 0
    outer loop
      vertex -7.77817 -7.77817 6
      vertex -8.72689 -6.69637 30
      vertex -8.72689 -6.69637 6
    endloop
  endfacet
  facet normal -0.751837 -0.659349 0
    outer loop
      vertex -8.72689 -6.69637 30
      vertex -7.77817 -7.77817 6
      vertex -7.77817 -7.77817 30
    endloop
  endfacet
  facet normal -0.659349 0.751837 0
    outer loop
      vertex -6.69637 8.72689 6
      vertex -7.77817 7.77817 30
      vertex -6.69637 8.72689 30
    endloop
  endfacet
  facet normal -0.659349 0.751837 0
    outer loop
      vertex -7.77817 7.77817 30
      vertex -6.69637 8.72689 6
      vertex -7.77817 7.77817 6
    endloop
  endfacet
  facet normal 0.896866 0.442303 0
    outer loop
      vertex 10.1627 4.20952 30
      vertex 9.52628 5.5 6
      vertex 9.52628 5.5 30
    endloop
  endfacet
  facet normal 0.896866 0.442303 0
    outer loop
      vertex 9.52628 5.5 6
      vertex 10.1627 4.20952 30
      vertex 10.1627 4.20952 6
    endloop
  endfacet
  facet normal 0.321433 0.946932 -0
    outer loop
      vertex 4.20952 10.1627 6
      vertex 2.84701 10.6252 30
      vertex 4.20952 10.1627 30
    endloop
  endfacet
  facet normal 0.321433 0.946932 0
    outer loop
      vertex 2.84701 10.6252 30
      vertex 4.20952 10.1627 6
      vertex 2.84701 10.6252 6
    endloop
  endfacet
  facet normal -0.980786 -0.195084 0
    outer loop
      vertex -10.6252 -2.84701 6
      vertex -10.9059 -1.43579 30
      vertex -10.9059 -1.43579 6
    endloop
  endfacet
  facet normal -0.980786 -0.195084 0
    outer loop
      vertex -10.9059 -1.43579 30
      vertex -10.6252 -2.84701 6
      vertex -10.6252 -2.84701 30
    endloop
  endfacet
  facet normal -0.980786 0.195084 0
    outer loop
      vertex -10.9059 1.43579 6
      vertex -10.6252 2.84701 30
      vertex -10.6252 2.84701 6
    endloop
  endfacet
  facet normal -0.980786 0.195084 0
    outer loop
      vertex -10.6252 2.84701 30
      vertex -10.9059 1.43579 6
      vertex -10.9059 1.43579 30
    endloop
  endfacet
  facet normal -0.659349 -0.751837 0
    outer loop
      vertex -7.77817 -7.77817 6
      vertex -6.69637 -8.72689 30
      vertex -7.77817 -7.77817 30
    endloop
  endfacet
  facet normal -0.659349 -0.751837 -0
    outer loop
      vertex -6.69637 -8.72689 30
      vertex -7.77817 -7.77817 6
      vertex -6.69637 -8.72689 6
    endloop
  endfacet
  facet normal -0.896866 0.442303 0
    outer loop
      vertex -10.1627 4.20952 6
      vertex -9.52628 5.5 30
      vertex -9.52628 5.5 6
    endloop
  endfacet
  facet normal -0.896866 0.442303 0
    outer loop
      vertex -9.52628 5.5 30
      vertex -10.1627 4.20952 6
      vertex -10.1627 4.20952 30
    endloop
  endfacet
  facet normal -0.321433 -0.946932 0
    outer loop
      vertex -4.20952 -10.1627 6
      vertex -2.84701 -10.6252 30
      vertex -4.20952 -10.1627 30
    endloop
  endfacet
  facet normal -0.321433 -0.946932 -0
    outer loop
      vertex -2.84701 -10.6252 30
      vertex -4.20952 -10.1627 6
      vertex -2.84701 -10.6252 6
    endloop
  endfacet
  facet normal -0.997859 -0.0653985 0
    outer loop
      vertex -10.9059 -1.43579 6
      vertex -11 0 30
      vertex -11 0 6
    endloop
  endfacet
  facet normal -0.997859 -0.0653985 0
    outer loop
      vertex -11 0 30
      vertex -10.9059 -1.43579 6
      vertex -10.9059 -1.43579 30
    endloop
  endfacet
  facet normal -0.195084 -0.980786 0
    outer loop
      vertex -2.84701 -10.6252 6
      vertex -1.43579 -10.9059 30
      vertex -2.84701 -10.6252 30
    endloop
  endfacet
  facet normal -0.195084 -0.980786 -0
    outer loop
      vertex -1.43579 -10.9059 30
      vertex -2.84701 -10.6252 6
      vertex -1.43579 -10.9059 6
    endloop
  endfacet
  facet normal -0.555571 -0.831469 0
    outer loop
      vertex -6.69637 -8.72689 6
      vertex -5.5 -9.52628 30
      vertex -6.69637 -8.72689 30
    endloop
  endfacet
  facet normal -0.555571 -0.831469 -0
    outer loop
      vertex -5.5 -9.52628 30
      vertex -6.69637 -8.72689 6
      vertex -5.5 -9.52628 6
    endloop
  endfacet
  facet normal 0.980779 0.19512 0
    outer loop
      vertex 12.8888 1.69684 32.2
      vertex 12.557 3.36465 30
      vertex 12.557 3.36465 32.2
    endloop
  endfacet
  facet normal 0.980779 0.19512 0
    outer loop
      vertex 12.557 3.36465 30
      vertex 12.8888 1.69684 32.2
      vertex 12.8888 1.69684 30
    endloop
  endfacet
  facet normal 0.99786 0.0653933 0
    outer loop
      vertex 13 0 32.2
      vertex 12.8888 1.69684 30
      vertex 12.8888 1.69684 32.2
    endloop
  endfacet
  facet normal 0.99786 0.0653933 0
    outer loop
      vertex 12.8888 1.69684 30
      vertex 13 0 32.2
      vertex 13 0 30
    endloop
  endfacet
  facet normal 0.32144 0.94693 -0
    outer loop
      vertex 4.97488 12.0104 30
      vertex 3.36465 12.557 32.2
      vertex 4.97488 12.0104 32.2
    endloop
  endfacet
  facet normal 0.32144 0.94693 0
    outer loop
      vertex 3.36465 12.557 32.2
      vertex 4.97488 12.0104 30
      vertex 3.36465 12.557 30
    endloop
  endfacet
  facet normal 0.555555 -0.83148 0
    outer loop
      vertex 6.5 -11.2583 30
      vertex 7.9139 -10.3136 32.2
      vertex 6.5 -11.2583 32.2
    endloop
  endfacet
  facet normal 0.555555 -0.83148 0
    outer loop
      vertex 7.9139 -10.3136 32.2
      vertex 6.5 -11.2583 30
      vertex 7.9139 -10.3136 30
    endloop
  endfacet
  facet normal 0.659347 0.751839 -0
    outer loop
      vertex 9.19239 9.19239 30
      vertex 7.9139 10.3136 32.2
      vertex 9.19239 9.19239 32.2
    endloop
  endfacet
  facet normal 0.659347 0.751839 0
    outer loop
      vertex 7.9139 10.3136 32.2
      vertex 9.19239 9.19239 30
      vertex 7.9139 10.3136 30
    endloop
  endfacet
  facet normal -0.19512 -0.980779 0
    outer loop
      vertex -3.36465 -12.557 30
      vertex -1.69684 -12.8888 32.2
      vertex -3.36465 -12.557 32.2
    endloop
  endfacet
  facet normal -0.19512 -0.980779 -0
    outer loop
      vertex -1.69684 -12.8888 32.2
      vertex -3.36465 -12.557 30
      vertex -1.69684 -12.8888 30
    endloop
  endfacet
  facet normal 0.751839 -0.659347 0
    outer loop
      vertex 9.19239 -9.19239 32.2
      vertex 10.3136 -7.9139 30
      vertex 10.3136 -7.9139 32.2
    endloop
  endfacet
  facet normal 0.751839 -0.659347 0
    outer loop
      vertex 10.3136 -7.9139 30
      vertex 9.19239 -9.19239 32.2
      vertex 9.19239 -9.19239 30
    endloop
  endfacet
  facet normal -0.94693 0.32144 0
    outer loop
      vertex -12.557 3.36465 30
      vertex -12.0104 4.97488 32.2
      vertex -12.0104 4.97488 30
    endloop
  endfacet
  facet normal -0.94693 0.32144 0
    outer loop
      vertex -12.0104 4.97488 32.2
      vertex -12.557 3.36465 30
      vertex -12.557 3.36465 32.2
    endloop
  endfacet
  facet normal 0.0653933 0.99786 -0
    outer loop
      vertex 1.69684 12.8888 30
      vertex 0 13 32.2
      vertex 1.69684 12.8888 32.2
    endloop
  endfacet
  facet normal 0.0653933 0.99786 0
    outer loop
      vertex 0 13 32.2
      vertex 1.69684 12.8888 30
      vertex 0 13 30
    endloop
  endfacet
  facet normal -0.32144 0.94693 0
    outer loop
      vertex -3.36465 12.557 30
      vertex -4.97488 12.0104 32.2
      vertex -3.36465 12.557 32.2
    endloop
  endfacet
  facet normal -0.32144 0.94693 0
    outer loop
      vertex -4.97488 12.0104 32.2
      vertex -3.36465 12.557 30
      vertex -4.97488 12.0104 30
    endloop
  endfacet
  facet normal -0.99786 -0.0653933 0
    outer loop
      vertex -12.8888 -1.69684 30
      vertex -13 0 32.2
      vertex -13 0 30
    endloop
  endfacet
  facet normal -0.99786 -0.0653933 0
    outer loop
      vertex -13 0 32.2
      vertex -12.8888 -1.69684 30
      vertex -12.8888 -1.69684 32.2
    endloop
  endfacet
  facet normal -0.0653933 -0.99786 0
    outer loop
      vertex -1.69684 -12.8888 30
      vertex 0 -13 32.2
      vertex -1.69684 -12.8888 32.2
    endloop
  endfacet
  facet normal -0.0653933 -0.99786 -0
    outer loop
      vertex 0 -13 32.2
      vertex -1.69684 -12.8888 30
      vertex 0 -13 30
    endloop
  endfacet
  facet normal 0.99786 -0.0653933 0
    outer loop
      vertex 12.8888 -1.69684 32.2
      vertex 13 0 30
      vertex 13 0 32.2
    endloop
  endfacet
  facet normal 0.99786 -0.0653933 0
    outer loop
      vertex 13 0 30
      vertex 12.8888 -1.69684 32.2
      vertex 12.8888 -1.69684 30
    endloop
  endfacet
  facet normal 0.751839 0.659347 0
    outer loop
      vertex 10.3136 7.9139 32.2
      vertex 9.19239 9.19239 30
      vertex 9.19239 9.19239 32.2
    endloop
  endfacet
  facet normal 0.751839 0.659347 0
    outer loop
      vertex 9.19239 9.19239 30
      vertex 10.3136 7.9139 32.2
      vertex 10.3136 7.9139 30
    endloop
  endfacet
  facet normal -0.94693 -0.32144 0
    outer loop
      vertex -12.0104 -4.97488 30
      vertex -12.557 -3.36465 32.2
      vertex -12.557 -3.36465 30
    endloop
  endfacet
  facet normal -0.94693 -0.32144 0
    outer loop
      vertex -12.557 -3.36465 32.2
      vertex -12.0104 -4.97488 30
      vertex -12.0104 -4.97488 32.2
    endloop
  endfacet
  facet normal -0.980779 -0.19512 0
    outer loop
      vertex -12.557 -3.36465 30
      vertex -12.8888 -1.69684 32.2
      vertex -12.8888 -1.69684 30
    endloop
  endfacet
  facet normal -0.980779 -0.19512 0
    outer loop
      vertex -12.8888 -1.69684 32.2
      vertex -12.557 -3.36465 30
      vertex -12.557 -3.36465 32.2
    endloop
  endfacet
  facet normal 0.19512 0.980779 -0
    outer loop
      vertex 3.36465 12.557 30
      vertex 1.69684 12.8888 32.2
      vertex 3.36465 12.557 32.2
    endloop
  endfacet
  facet normal 0.19512 0.980779 0
    outer loop
      vertex 1.69684 12.8888 32.2
      vertex 3.36465 12.557 30
      vertex 1.69684 12.8888 30
    endloop
  endfacet
  facet normal -0.751839 -0.659347 0
    outer loop
      vertex -9.19239 -9.19239 30
      vertex -10.3136 -7.9139 32.2
      vertex -10.3136 -7.9139 30
    endloop
  endfacet
  facet normal -0.751839 -0.659347 0
    outer loop
      vertex -10.3136 -7.9139 32.2
      vertex -9.19239 -9.19239 30
      vertex -9.19239 -9.19239 32.2
    endloop
  endfacet
  facet normal -0.659347 0.751839 0
    outer loop
      vertex -7.9139 10.3136 30
      vertex -9.19239 9.19239 32.2
      vertex -7.9139 10.3136 32.2
    endloop
  endfacet
  facet normal -0.659347 0.751839 0
    outer loop
      vertex -9.19239 9.19239 32.2
      vertex -7.9139 10.3136 30
      vertex -9.19239 9.19239 30
    endloop
  endfacet
  facet normal -0.896874 0.442286 0
    outer loop
      vertex -12.0104 4.97488 30
      vertex -11.2583 6.5 32.2
      vertex -11.2583 6.5 30
    endloop
  endfacet
  facet normal -0.896874 0.442286 0
    outer loop
      vertex -11.2583 6.5 32.2
      vertex -12.0104 4.97488 30
      vertex -12.0104 4.97488 32.2
    endloop
  endfacet
  facet normal 0.83148 -0.555555 0
    outer loop
      vertex 10.3136 -7.9139 32.2
      vertex 11.2583 -6.5 30
      vertex 11.2583 -6.5 32.2
    endloop
  endfacet
  facet normal 0.83148 -0.555555 0
    outer loop
      vertex 11.2583 -6.5 30
      vertex 10.3136 -7.9139 32.2
      vertex 10.3136 -7.9139 30
    endloop
  endfacet
  facet normal 0.83148 0.555555 0
    outer loop
      vertex 11.2583 6.5 32.2
      vertex 10.3136 7.9139 30
      vertex 10.3136 7.9139 32.2
    endloop
  endfacet
  facet normal 0.83148 0.555555 0
    outer loop
      vertex 10.3136 7.9139 30
      vertex 11.2583 6.5 32.2
      vertex 11.2583 6.5 30
    endloop
  endfacet
  facet normal -0.751839 0.659347 0
    outer loop
      vertex -10.3136 7.9139 30
      vertex -9.19239 9.19239 32.2
      vertex -9.19239 9.19239 30
    endloop
  endfacet
  facet normal -0.751839 0.659347 0
    outer loop
      vertex -9.19239 9.19239 32.2
      vertex -10.3136 7.9139 30
      vertex -10.3136 7.9139 32.2
    endloop
  endfacet
  facet normal 0.659347 -0.751839 0
    outer loop
      vertex 7.9139 -10.3136 30
      vertex 9.19239 -9.19239 32.2
      vertex 7.9139 -10.3136 32.2
    endloop
  endfacet
  facet normal 0.659347 -0.751839 0
    outer loop
      vertex 9.19239 -9.19239 32.2
      vertex 7.9139 -10.3136 30
      vertex 9.19239 -9.19239 30
    endloop
  endfacet
  facet normal -0.83148 -0.555555 0
    outer loop
      vertex -10.3136 -7.9139 30
      vertex -11.2583 -6.5 32.2
      vertex -11.2583 -6.5 30
    endloop
  endfacet
  facet normal -0.83148 -0.555555 0
    outer loop
      vertex -11.2583 -6.5 32.2
      vertex -10.3136 -7.9139 30
      vertex -10.3136 -7.9139 32.2
    endloop
  endfacet
  facet normal -0.19512 0.980779 0
    outer loop
      vertex -1.69684 12.8888 30
      vertex -3.36465 12.557 32.2
      vertex -1.69684 12.8888 32.2
    endloop
  endfacet
  facet normal -0.19512 0.980779 0
    outer loop
      vertex -3.36465 12.557 32.2
      vertex -1.69684 12.8888 30
      vertex -3.36465 12.557 30
    endloop
  endfacet
  facet normal 0.94693 -0.32144 0
    outer loop
      vertex 12.0104 -4.97488 32.2
      vertex 12.557 -3.36465 30
      vertex 12.557 -3.36465 32.2
    endloop
  endfacet
  facet normal 0.94693 -0.32144 0
    outer loop
      vertex 12.557 -3.36465 30
      vertex 12.0104 -4.97488 32.2
      vertex 12.0104 -4.97488 30
    endloop
  endfacet
  facet normal 0.442286 0.896874 -0
    outer loop
      vertex 6.5 11.2583 30
      vertex 4.97488 12.0104 32.2
      vertex 6.5 11.2583 32.2
    endloop
  endfacet
  facet normal 0.442286 0.896874 0
    outer loop
      vertex 4.97488 12.0104 32.2
      vertex 6.5 11.2583 30
      vertex 4.97488 12.0104 30
    endloop
  endfacet
  facet normal -0.0653933 0.99786 0
    outer loop
      vertex 0 13 30
      vertex -1.69684 12.8888 32.2
      vertex 0 13 32.2
    endloop
  endfacet
  facet normal -0.0653933 0.99786 0
    outer loop
      vertex -1.69684 12.8888 32.2
      vertex 0 13 30
      vertex -1.69684 12.8888 30
    endloop
  endfacet
  facet normal 0.0653933 -0.99786 0
    outer loop
      vertex 0 -13 30
      vertex 1.69684 -12.8888 32.2
      vertex 0 -13 32.2
    endloop
  endfacet
  facet normal 0.0653933 -0.99786 0
    outer loop
      vertex 1.69684 -12.8888 32.2
      vertex 0 -13 30
      vertex 1.69684 -12.8888 30
    endloop
  endfacet
  facet normal 0.555555 0.83148 -0
    outer loop
      vertex 7.9139 10.3136 30
      vertex 6.5 11.2583 32.2
      vertex 7.9139 10.3136 32.2
    endloop
  endfacet
  facet normal 0.555555 0.83148 0
    outer loop
      vertex 6.5 11.2583 32.2
      vertex 7.9139 10.3136 30
      vertex 6.5 11.2583 30
    endloop
  endfacet
  facet normal -0.896874 -0.442286 0
    outer loop
      vertex -11.2583 -6.5 30
      vertex -12.0104 -4.97488 32.2
      vertex -12.0104 -4.97488 30
    endloop
  endfacet
  facet normal -0.896874 -0.442286 0
    outer loop
      vertex -12.0104 -4.97488 32.2
      vertex -11.2583 -6.5 30
      vertex -11.2583 -6.5 32.2
    endloop
  endfacet
  facet normal -0.659347 -0.751839 0
    outer loop
      vertex -9.19239 -9.19239 30
      vertex -7.9139 -10.3136 32.2
      vertex -9.19239 -9.19239 32.2
    endloop
  endfacet
  facet normal -0.659347 -0.751839 -0
    outer loop
      vertex -7.9139 -10.3136 32.2
      vertex -9.19239 -9.19239 30
      vertex -7.9139 -10.3136 30
    endloop
  endfacet
  facet normal -0.980779 0.19512 0
    outer loop
      vertex -12.8888 1.69684 30
      vertex -12.557 3.36465 32.2
      vertex -12.557 3.36465 30
    endloop
  endfacet
  facet normal -0.980779 0.19512 0
    outer loop
      vertex -12.557 3.36465 32.2
      vertex -12.8888 1.69684 30
      vertex -12.8888 1.69684 32.2
    endloop
  endfacet
  facet normal 0.896874 0.442286 0
    outer loop
      vertex 12.0104 4.97488 32.2
      vertex 11.2583 6.5 30
      vertex 11.2583 6.5 32.2
    endloop
  endfacet
  facet normal 0.896874 0.442286 0
    outer loop
      vertex 11.2583 6.5 30
      vertex 12.0104 4.97488 32.2
      vertex 12.0104 4.97488 30
    endloop
  endfacet
  facet normal 0.19512 -0.980779 0
    outer loop
      vertex 1.69684 -12.8888 30
      vertex 3.36465 -12.557 32.2
      vertex 1.69684 -12.8888 32.2
    endloop
  endfacet
  facet normal 0.19512 -0.980779 0
    outer loop
      vertex 3.36465 -12.557 32.2
      vertex 1.69684 -12.8888 30
      vertex 3.36465 -12.557 30
    endloop
  endfacet
  facet normal 0.896874 -0.442286 0
    outer loop
      vertex 11.2583 -6.5 32.2
      vertex 12.0104 -4.97488 30
      vertex 12.0104 -4.97488 32.2
    endloop
  endfacet
  facet normal 0.896874 -0.442286 0
    outer loop
      vertex 12.0104 -4.97488 30
      vertex 11.2583 -6.5 32.2
      vertex 11.2583 -6.5 30
    endloop
  endfacet
  facet normal 0.980779 -0.19512 0
    outer loop
      vertex 12.557 -3.36465 32.2
      vertex 12.8888 -1.69684 30
      vertex 12.8888 -1.69684 32.2
    endloop
  endfacet
  facet normal 0.980779 -0.19512 0
    outer loop
      vertex 12.8888 -1.69684 30
      vertex 12.557 -3.36465 32.2
      vertex 12.557 -3.36465 30
    endloop
  endfacet
  facet normal -0.555555 0.83148 0
    outer loop
      vertex -6.5 11.2583 30
      vertex -7.9139 10.3136 32.2
      vertex -6.5 11.2583 32.2
    endloop
  endfacet
  facet normal -0.555555 0.83148 0
    outer loop
      vertex -7.9139 10.3136 32.2
      vertex -6.5 11.2583 30
      vertex -7.9139 10.3136 30
    endloop
  endfacet
  facet normal 0.94693 0.32144 0
    outer loop
      vertex 12.557 3.36465 32.2
      vertex 12.0104 4.97488 30
      vertex 12.0104 4.97488 32.2
    endloop
  endfacet
  facet normal 0.94693 0.32144 0
    outer loop
      vertex 12.0104 4.97488 30
      vertex 12.557 3.36465 32.2
      vertex 12.557 3.36465 30
    endloop
  endfacet
  facet normal 0.32144 -0.94693 0
    outer loop
      vertex 3.36465 -12.557 30
      vertex 4.97488 -12.0104 32.2
      vertex 3.36465 -12.557 32.2
    endloop
  endfacet
  facet normal 0.32144 -0.94693 0
    outer loop
      vertex 4.97488 -12.0104 32.2
      vertex 3.36465 -12.557 30
      vertex 4.97488 -12.0104 30
    endloop
  endfacet
  facet normal 0.442286 -0.896874 0
    outer loop
      vertex 4.97488 -12.0104 30
      vertex 6.5 -11.2583 32.2
      vertex 4.97488 -12.0104 32.2
    endloop
  endfacet
  facet normal 0.442286 -0.896874 0
    outer loop
      vertex 6.5 -11.2583 32.2
      vertex 4.97488 -12.0104 30
      vertex 6.5 -11.2583 30
    endloop
  endfacet
  facet normal -0.99786 0.0653933 0
    outer loop
      vertex -13 0 30
      vertex -12.8888 1.69684 32.2
      vertex -12.8888 1.69684 30
    endloop
  endfacet
  facet normal -0.99786 0.0653933 0
    outer loop
      vertex -12.8888 1.69684 32.2
      vertex -13 0 30
      vertex -13 0 32.2
    endloop
  endfacet
  facet normal -0.32144 -0.94693 0
    outer loop
      vertex -4.97488 -12.0104 30
      vertex -3.36465 -12.557 32.2
      vertex -4.97488 -12.0104 32.2
    endloop
  endfacet
  facet normal -0.32144 -0.94693 -0
    outer loop
      vertex -3.36465 -12.557 32.2
      vertex -4.97488 -12.0104 30
      vertex -3.36465 -12.557 30
    endloop
  endfacet
  facet normal -0.442286 0.896874 0
    outer loop
      vertex -4.97488 12.0104 30
      vertex -6.5 11.2583 32.2
      vertex -4.97488 12.0104 32.2
    endloop
  endfacet
  facet normal -0.442286 0.896874 0
    outer loop
      vertex -6.5 11.2583 32.2
      vertex -4.97488 12.0104 30
      vertex -6.5 11.2583 30
    endloop
  endfacet
  facet normal -0.83148 0.555555 0
    outer loop
      vertex -11.2583 6.5 30
      vertex -10.3136 7.9139 32.2
      vertex -10.3136 7.9139 30
    endloop
  endfacet
  facet normal -0.83148 0.555555 0
    outer loop
      vertex -10.3136 7.9139 32.2
      vertex -11.2583 6.5 30
      vertex -11.2583 6.5 32.2
    endloop
  endfacet
  facet normal -0.442286 -0.896874 0
    outer loop
      vertex -6.5 -11.2583 30
      vertex -4.97488 -12.0104 32.2
      vertex -6.5 -11.2583 32.2
    endloop
  endfacet
  facet normal -0.442286 -0.896874 -0
    outer loop
      vertex -4.97488 -12.0104 32.2
      vertex -6.5 -11.2583 30
      vertex -4.97488 -12.0104 30
    endloop
  endfacet
  facet normal -0.555555 -0.83148 0
    outer loop
      vertex -7.9139 -10.3136 30
      vertex -6.5 -11.2583 32.2
      vertex -7.9139 -10.3136 32.2
    endloop
  endfacet
  facet normal -0.555555 -0.83148 -0
    outer loop
      vertex -6.5 -11.2583 32.2
      vertex -7.9139 -10.3136 30
      vertex -6.5 -11.2583 30
    endloop
  endfacet
endsolid OpenSCAD_Model
